ISO-10303-21;
HEADER;
FILE_DESCRIPTION(('FreeCAD Model'),'2;1');
FILE_NAME('Open CASCADE Shape Model','2025-03-30T20:09:28',('Author'),(
    ''),'Open CASCADE STEP processor 7.8','FreeCAD','Unknown');
FILE_SCHEMA(('AUTOMOTIVE_DESIGN { 1 0 10303 214 1 1 1 1 }'));
ENDSEC;
DATA;
#1 = APPLICATION_PROTOCOL_DEFINITION('international standard',
  'automotive_design',2000,#2);
#2 = APPLICATION_CONTEXT(
  'core data for automotive mechanical design processes');
#3 = SHAPE_DEFINITION_REPRESENTATION(#4,#10);
#4 = PRODUCT_DEFINITION_SHAPE('','',#5);
#5 = PRODUCT_DEFINITION('design','',#6,#9);
#6 = PRODUCT_DEFINITION_FORMATION('','',#7);
#7 = PRODUCT('4820P','4820P','',(#8));
#8 = PRODUCT_CONTEXT('',#2,'mechanical');
#9 = PRODUCT_DEFINITION_CONTEXT('part definition',#2,'design');
#10 = ADVANCED_BREP_SHAPE_REPRESENTATION('',(#11,#15),#8749);
#11 = AXIS2_PLACEMENT_3D('',#12,#13,#14);
#12 = CARTESIAN_POINT('',(0.,0.,0.));
#13 = DIRECTION('',(0.,0.,1.));
#14 = DIRECTION('',(1.,0.,-0.));
#15 = MANIFOLD_SOLID_BREP('',#16);
#16 = CLOSED_SHELL('',(#17,#93,#125,#149,#174,#538,#637,#745,#777,#801,
    #826,#850,#874,#898,#923,#947,#972,#989,#1014,#1122,#1134,#1156,
    #1173,#1514,#1531,#1548,#1565,#1582,#1599,#1616,#1633,#1650,#1662,
    #1761,#1860,#1892,#1916,#1941,#1965,#1989,#2013,#2038,#2062,#2087,
    #2104,#2129,#2228,#2240,#2262,#2274,#2291,#2308,#2325,#2342,#2359,
    #2376,#2393,#2410,#2422,#2521,#2620,#2652,#2676,#2701,#2725,#2749,
    #2773,#2798,#2822,#2847,#2864,#2889,#2988,#3000,#3022,#3034,#3051,
    #3068,#3085,#3102,#3119,#3136,#3153,#3170,#3182,#3281,#3380,#3412,
    #3436,#3461,#3485,#3509,#3533,#3558,#3582,#3607,#3624,#3649,#3748,
    #3760,#3782,#3794,#3811,#3828,#3845,#3862,#3879,#3896,#3913,#3930,
    #3942,#4041,#4140,#4172,#4196,#4221,#4245,#4269,#4293,#4318,#4342,
    #4367,#4384,#4409,#4508,#4520,#4542,#4554,#4571,#4588,#4605,#4622,
    #4639,#4656,#4673,#4690,#4702,#4801,#4900,#4932,#4956,#4981,#5005,
    #5029,#5053,#5078,#5102,#5127,#5144,#5169,#5268,#5280,#5302,#5314,
    #5331,#5348,#5365,#5382,#5399,#5416,#5433,#5450,#5462,#5561,#5660,
    #5692,#5716,#5741,#5765,#5789,#5813,#5838,#5862,#5887,#5904,#5929,
    #6028,#6040,#6062,#6074,#6091,#6108,#6125,#6142,#6159,#6176,#6193,
    #6210,#6222,#6321,#6420,#6452,#6476,#6501,#6525,#6549,#6573,#6598,
    #6622,#6647,#6664,#6689,#6788,#6800,#6822,#6834,#6851,#6868,#6885,
    #6902,#6919,#6936,#6953,#6970,#6982,#7081,#7180,#7212,#7236,#7261,
    #7285,#7309,#7333,#7358,#7382,#7407,#7424,#7449,#7548,#7560,#7582,
    #7594,#7611,#7628,#7645,#7662,#7679,#7696,#7713,#7730,#7742,#7841,
    #7940,#7972,#7996,#8021,#8045,#8069,#8093,#8118,#8142,#8167,#8184,
    #8209,#8308,#8320,#8342,#8354,#8371,#8388,#8405,#8422,#8439,#8456,
    #8473,#8490,#8502,#8535,#8552,#8577,#8601,#8625,#8650,#8675,#8697,
    #8709,#8727,#8738));
#17 = ADVANCED_FACE('',(#18),#88,.F.);
#18 = FACE_BOUND('',#19,.F.);
#19 = EDGE_LOOP('',(#20,#31,#39,#48,#56,#65,#73,#82));
#20 = ORIENTED_EDGE('',*,*,#21,.F.);
#21 = EDGE_CURVE('',#22,#24,#26,.T.);
#22 = VERTEX_POINT('',#23);
#23 = CARTESIAN_POINT('',(-2.795,0.,-6.76));
#24 = VERTEX_POINT('',#25);
#25 = CARTESIAN_POINT('',(-2.695,0.,-6.86));
#26 = CIRCLE('',#27,0.1);
#27 = AXIS2_PLACEMENT_3D('',#28,#29,#30);
#28 = CARTESIAN_POINT('',(-2.695,0.,-6.76));
#29 = DIRECTION('',(0.,-1.,0.));
#30 = DIRECTION('',(-1.,0.,0.));
#31 = ORIENTED_EDGE('',*,*,#32,.T.);
#32 = EDGE_CURVE('',#22,#33,#35,.T.);
#33 = VERTEX_POINT('',#34);
#34 = CARTESIAN_POINT('',(-2.795,0.,6.76));
#35 = LINE('',#36,#37);
#36 = CARTESIAN_POINT('',(-2.795,0.,-6.76));
#37 = VECTOR('',#38,1.);
#38 = DIRECTION('',(0.,0.,1.));
#39 = ORIENTED_EDGE('',*,*,#40,.F.);
#40 = EDGE_CURVE('',#41,#33,#43,.T.);
#41 = VERTEX_POINT('',#42);
#42 = CARTESIAN_POINT('',(-2.695,0.,6.86));
#43 = CIRCLE('',#44,0.1);
#44 = AXIS2_PLACEMENT_3D('',#45,#46,#47);
#45 = CARTESIAN_POINT('',(-2.695,0.,6.76));
#46 = DIRECTION('',(0.,-1.,0.));
#47 = DIRECTION('',(0.,0.,1.));
#48 = ORIENTED_EDGE('',*,*,#49,.T.);
#49 = EDGE_CURVE('',#41,#50,#52,.T.);
#50 = VERTEX_POINT('',#51);
#51 = CARTESIAN_POINT('',(2.695,0.,6.86));
#52 = LINE('',#53,#54);
#53 = CARTESIAN_POINT('',(-2.695,0.,6.86));
#54 = VECTOR('',#55,1.);
#55 = DIRECTION('',(1.,0.,0.));
#56 = ORIENTED_EDGE('',*,*,#57,.F.);
#57 = EDGE_CURVE('',#58,#50,#60,.T.);
#58 = VERTEX_POINT('',#59);
#59 = CARTESIAN_POINT('',(2.795,0.,6.76));
#60 = CIRCLE('',#61,0.1);
#61 = AXIS2_PLACEMENT_3D('',#62,#63,#64);
#62 = CARTESIAN_POINT('',(2.695,0.,6.76));
#63 = DIRECTION('',(0.,-1.,0.));
#64 = DIRECTION('',(1.,0.,0.));
#65 = ORIENTED_EDGE('',*,*,#66,.T.);
#66 = EDGE_CURVE('',#58,#67,#69,.T.);
#67 = VERTEX_POINT('',#68);
#68 = CARTESIAN_POINT('',(2.795,0.,-6.76));
#69 = LINE('',#70,#71);
#70 = CARTESIAN_POINT('',(2.795,0.,6.76));
#71 = VECTOR('',#72,1.);
#72 = DIRECTION('',(0.,0.,-1.));
#73 = ORIENTED_EDGE('',*,*,#74,.F.);
#74 = EDGE_CURVE('',#75,#67,#77,.T.);
#75 = VERTEX_POINT('',#76);
#76 = CARTESIAN_POINT('',(2.695,0.,-6.86));
#77 = CIRCLE('',#78,0.1);
#78 = AXIS2_PLACEMENT_3D('',#79,#80,#81);
#79 = CARTESIAN_POINT('',(2.695,0.,-6.76));
#80 = DIRECTION('',(0.,-1.,0.));
#81 = DIRECTION('',(0.,0.,-1.));
#82 = ORIENTED_EDGE('',*,*,#83,.T.);
#83 = EDGE_CURVE('',#75,#24,#84,.T.);
#84 = LINE('',#85,#86);
#85 = CARTESIAN_POINT('',(2.695,0.,-6.86));
#86 = VECTOR('',#87,1.);
#87 = DIRECTION('',(-1.,0.,0.));
#88 = PLANE('',#89);
#89 = AXIS2_PLACEMENT_3D('',#90,#91,#92);
#90 = CARTESIAN_POINT('',(0.,0.,0.));
#91 = DIRECTION('',(0.,1.,0.));
#92 = DIRECTION('',(1.,0.,0.));
#93 = ADVANCED_FACE('',(#94),#120,.T.);
#94 = FACE_BOUND('',#95,.T.);
#95 = EDGE_LOOP('',(#96,#104,#113,#119));
#96 = ORIENTED_EDGE('',*,*,#97,.F.);
#97 = EDGE_CURVE('',#98,#22,#100,.T.);
#98 = VERTEX_POINT('',#99);
#99 = CARTESIAN_POINT('',(-2.795,1.93,-6.76));
#100 = LINE('',#101,#102);
#101 = CARTESIAN_POINT('',(-2.795,1.93,-6.76));
#102 = VECTOR('',#103,1.);
#103 = DIRECTION('',(0.,-1.,0.));
#104 = ORIENTED_EDGE('',*,*,#105,.F.);
#105 = EDGE_CURVE('',#106,#98,#108,.T.);
#106 = VERTEX_POINT('',#107);
#107 = CARTESIAN_POINT('',(-2.695,1.93,-6.86));
#108 = CIRCLE('',#109,0.1);
#109 = AXIS2_PLACEMENT_3D('',#110,#111,#112);
#110 = CARTESIAN_POINT('',(-2.695,1.93,-6.76));
#111 = DIRECTION('',(0.,1.,0.));
#112 = DIRECTION('',(0.,0.,-1.));
#113 = ORIENTED_EDGE('',*,*,#114,.T.);
#114 = EDGE_CURVE('',#106,#24,#115,.T.);
#115 = LINE('',#116,#117);
#116 = CARTESIAN_POINT('',(-2.695,1.93,-6.86));
#117 = VECTOR('',#118,1.);
#118 = DIRECTION('',(0.,-1.,0.));
#119 = ORIENTED_EDGE('',*,*,#21,.F.);
#120 = CYLINDRICAL_SURFACE('',#121,0.1);
#121 = AXIS2_PLACEMENT_3D('',#122,#123,#124);
#122 = CARTESIAN_POINT('',(-2.695,4.894807326276,-6.76));
#123 = DIRECTION('',(0.,-1.,0.));
#124 = DIRECTION('',(-1.,0.,0.));
#125 = ADVANCED_FACE('',(#126),#144,.T.);
#126 = FACE_BOUND('',#127,.F.);
#127 = EDGE_LOOP('',(#128,#129,#130,#138));
#128 = ORIENTED_EDGE('',*,*,#114,.T.);
#129 = ORIENTED_EDGE('',*,*,#83,.F.);
#130 = ORIENTED_EDGE('',*,*,#131,.F.);
#131 = EDGE_CURVE('',#132,#75,#134,.T.);
#132 = VERTEX_POINT('',#133);
#133 = CARTESIAN_POINT('',(2.695,1.93,-6.86));
#134 = LINE('',#135,#136);
#135 = CARTESIAN_POINT('',(2.695,1.93,-6.86));
#136 = VECTOR('',#137,1.);
#137 = DIRECTION('',(0.,-1.,0.));
#138 = ORIENTED_EDGE('',*,*,#139,.T.);
#139 = EDGE_CURVE('',#132,#106,#140,.T.);
#140 = LINE('',#141,#142);
#141 = CARTESIAN_POINT('',(2.695,1.93,-6.86));
#142 = VECTOR('',#143,1.);
#143 = DIRECTION('',(-1.,0.,0.));
#144 = PLANE('',#145);
#145 = AXIS2_PLACEMENT_3D('',#146,#147,#148);
#146 = CARTESIAN_POINT('',(2.795,0.,-6.86));
#147 = DIRECTION('',(0.,0.,-1.));
#148 = DIRECTION('',(-1.,0.,0.));
#149 = ADVANCED_FACE('',(#150),#169,.T.);
#150 = FACE_BOUND('',#151,.T.);
#151 = EDGE_LOOP('',(#152,#153,#162,#168));
#152 = ORIENTED_EDGE('',*,*,#131,.F.);
#153 = ORIENTED_EDGE('',*,*,#154,.F.);
#154 = EDGE_CURVE('',#155,#132,#157,.T.);
#155 = VERTEX_POINT('',#156);
#156 = CARTESIAN_POINT('',(2.795,1.93,-6.76));
#157 = CIRCLE('',#158,0.1);
#158 = AXIS2_PLACEMENT_3D('',#159,#160,#161);
#159 = CARTESIAN_POINT('',(2.695,1.93,-6.76));
#160 = DIRECTION('',(-0.,1.,0.));
#161 = DIRECTION('',(1.,0.,0.));
#162 = ORIENTED_EDGE('',*,*,#163,.T.);
#163 = EDGE_CURVE('',#155,#67,#164,.T.);
#164 = LINE('',#165,#166);
#165 = CARTESIAN_POINT('',(2.795,1.93,-6.76));
#166 = VECTOR('',#167,1.);
#167 = DIRECTION('',(0.,-1.,0.));
#168 = ORIENTED_EDGE('',*,*,#74,.F.);
#169 = CYLINDRICAL_SURFACE('',#170,0.1);
#170 = AXIS2_PLACEMENT_3D('',#171,#172,#173);
#171 = CARTESIAN_POINT('',(2.695,4.894807326276,-6.76));
#172 = DIRECTION('',(0.,-1.,0.));
#173 = DIRECTION('',(0.,0.,-1.));
#174 = ADVANCED_FACE('',(#175,#193,#227,#261,#295,#329,#363,#397,#431,
    #465,#499),#533,.T.);
#175 = FACE_BOUND('',#176,.F.);
#176 = EDGE_LOOP('',(#177,#178,#179,#187));
#177 = ORIENTED_EDGE('',*,*,#163,.T.);
#178 = ORIENTED_EDGE('',*,*,#66,.F.);
#179 = ORIENTED_EDGE('',*,*,#180,.F.);
#180 = EDGE_CURVE('',#181,#58,#183,.T.);
#181 = VERTEX_POINT('',#182);
#182 = CARTESIAN_POINT('',(2.795,1.93,6.76));
#183 = LINE('',#184,#185);
#184 = CARTESIAN_POINT('',(2.795,1.93,6.76));
#185 = VECTOR('',#186,1.);
#186 = DIRECTION('',(0.,-1.,0.));
#187 = ORIENTED_EDGE('',*,*,#188,.T.);
#188 = EDGE_CURVE('',#181,#155,#189,.T.);
#189 = LINE('',#190,#191);
#190 = CARTESIAN_POINT('',(2.795,1.93,6.76));
#191 = VECTOR('',#192,1.);
#192 = DIRECTION('',(0.,0.,-1.));
#193 = FACE_BOUND('',#194,.F.);
#194 = EDGE_LOOP('',(#195,#205,#213,#221));
#195 = ORIENTED_EDGE('',*,*,#196,.T.);
#196 = EDGE_CURVE('',#197,#199,#201,.T.);
#197 = VERTEX_POINT('',#198);
#198 = CARTESIAN_POINT('',(2.795,0.352588704438,4.229));
#199 = VERTEX_POINT('',#200);
#200 = CARTESIAN_POINT('',(2.795,0.657588704438,4.229));
#201 = LINE('',#202,#203);
#202 = CARTESIAN_POINT('',(2.795,0.352588704438,4.229));
#203 = VECTOR('',#204,1.);
#204 = DIRECTION('',(0.,1.,0.));
#205 = ORIENTED_EDGE('',*,*,#206,.T.);
#206 = EDGE_CURVE('',#199,#207,#209,.T.);
#207 = VERTEX_POINT('',#208);
#208 = CARTESIAN_POINT('',(2.795,0.657588704438,4.661));
#209 = LINE('',#210,#211);
#210 = CARTESIAN_POINT('',(2.795,0.657588704438,4.229));
#211 = VECTOR('',#212,1.);
#212 = DIRECTION('',(0.,0.,1.));
#213 = ORIENTED_EDGE('',*,*,#214,.F.);
#214 = EDGE_CURVE('',#215,#207,#217,.T.);
#215 = VERTEX_POINT('',#216);
#216 = CARTESIAN_POINT('',(2.795,0.352588704438,4.661));
#217 = LINE('',#218,#219);
#218 = CARTESIAN_POINT('',(2.795,0.352588704438,4.661));
#219 = VECTOR('',#220,1.);
#220 = DIRECTION('',(0.,1.,0.));
#221 = ORIENTED_EDGE('',*,*,#222,.F.);
#222 = EDGE_CURVE('',#197,#215,#223,.T.);
#223 = LINE('',#224,#225);
#224 = CARTESIAN_POINT('',(2.795,0.352588704438,4.229));
#225 = VECTOR('',#226,1.);
#226 = DIRECTION('',(0.,0.,1.));
#227 = FACE_BOUND('',#228,.F.);
#228 = EDGE_LOOP('',(#229,#239,#247,#255));
#229 = ORIENTED_EDGE('',*,*,#230,.T.);
#230 = EDGE_CURVE('',#231,#233,#235,.T.);
#231 = VERTEX_POINT('',#232);
#232 = CARTESIAN_POINT('',(2.795,0.352588704438,2.959));
#233 = VERTEX_POINT('',#234);
#234 = CARTESIAN_POINT('',(2.795,0.657588704438,2.959));
#235 = LINE('',#236,#237);
#236 = CARTESIAN_POINT('',(2.795,0.352588704438,2.959));
#237 = VECTOR('',#238,1.);
#238 = DIRECTION('',(0.,1.,0.));
#239 = ORIENTED_EDGE('',*,*,#240,.T.);
#240 = EDGE_CURVE('',#233,#241,#243,.T.);
#241 = VERTEX_POINT('',#242);
#242 = CARTESIAN_POINT('',(2.795,0.657588704438,3.391));
#243 = LINE('',#244,#245);
#244 = CARTESIAN_POINT('',(2.795,0.657588704438,2.959));
#245 = VECTOR('',#246,1.);
#246 = DIRECTION('',(0.,0.,1.));
#247 = ORIENTED_EDGE('',*,*,#248,.F.);
#248 = EDGE_CURVE('',#249,#241,#251,.T.);
#249 = VERTEX_POINT('',#250);
#250 = CARTESIAN_POINT('',(2.795,0.352588704438,3.391));
#251 = LINE('',#252,#253);
#252 = CARTESIAN_POINT('',(2.795,0.352588704438,3.391));
#253 = VECTOR('',#254,1.);
#254 = DIRECTION('',(0.,1.,0.));
#255 = ORIENTED_EDGE('',*,*,#256,.F.);
#256 = EDGE_CURVE('',#231,#249,#257,.T.);
#257 = LINE('',#258,#259);
#258 = CARTESIAN_POINT('',(2.795,0.352588704438,2.959));
#259 = VECTOR('',#260,1.);
#260 = DIRECTION('',(0.,0.,1.));
#261 = FACE_BOUND('',#262,.F.);
#262 = EDGE_LOOP('',(#263,#273,#281,#289));
#263 = ORIENTED_EDGE('',*,*,#264,.T.);
#264 = EDGE_CURVE('',#265,#267,#269,.T.);
#265 = VERTEX_POINT('',#266);
#266 = CARTESIAN_POINT('',(2.795,0.352588704438,1.689));
#267 = VERTEX_POINT('',#268);
#268 = CARTESIAN_POINT('',(2.795,0.657588704438,1.689));
#269 = LINE('',#270,#271);
#270 = CARTESIAN_POINT('',(2.795,0.352588704438,1.689));
#271 = VECTOR('',#272,1.);
#272 = DIRECTION('',(0.,1.,0.));
#273 = ORIENTED_EDGE('',*,*,#274,.T.);
#274 = EDGE_CURVE('',#267,#275,#277,.T.);
#275 = VERTEX_POINT('',#276);
#276 = CARTESIAN_POINT('',(2.795,0.657588704438,2.121));
#277 = LINE('',#278,#279);
#278 = CARTESIAN_POINT('',(2.795,0.657588704438,1.689));
#279 = VECTOR('',#280,1.);
#280 = DIRECTION('',(0.,0.,1.));
#281 = ORIENTED_EDGE('',*,*,#282,.F.);
#282 = EDGE_CURVE('',#283,#275,#285,.T.);
#283 = VERTEX_POINT('',#284);
#284 = CARTESIAN_POINT('',(2.795,0.352588704438,2.121));
#285 = LINE('',#286,#287);
#286 = CARTESIAN_POINT('',(2.795,0.352588704438,2.121));
#287 = VECTOR('',#288,1.);
#288 = DIRECTION('',(0.,1.,0.));
#289 = ORIENTED_EDGE('',*,*,#290,.F.);
#290 = EDGE_CURVE('',#265,#283,#291,.T.);
#291 = LINE('',#292,#293);
#292 = CARTESIAN_POINT('',(2.795,0.352588704438,1.689));
#293 = VECTOR('',#294,1.);
#294 = DIRECTION('',(0.,0.,1.));
#295 = FACE_BOUND('',#296,.F.);
#296 = EDGE_LOOP('',(#297,#307,#315,#323));
#297 = ORIENTED_EDGE('',*,*,#298,.T.);
#298 = EDGE_CURVE('',#299,#301,#303,.T.);
#299 = VERTEX_POINT('',#300);
#300 = CARTESIAN_POINT('',(2.795,0.352588704438,0.419));
#301 = VERTEX_POINT('',#302);
#302 = CARTESIAN_POINT('',(2.795,0.657588704438,0.419));
#303 = LINE('',#304,#305);
#304 = CARTESIAN_POINT('',(2.795,0.352588704438,0.419));
#305 = VECTOR('',#306,1.);
#306 = DIRECTION('',(0.,1.,0.));
#307 = ORIENTED_EDGE('',*,*,#308,.T.);
#308 = EDGE_CURVE('',#301,#309,#311,.T.);
#309 = VERTEX_POINT('',#310);
#310 = CARTESIAN_POINT('',(2.795,0.657588704438,0.851));
#311 = LINE('',#312,#313);
#312 = CARTESIAN_POINT('',(2.795,0.657588704438,0.419));
#313 = VECTOR('',#314,1.);
#314 = DIRECTION('',(0.,0.,1.));
#315 = ORIENTED_EDGE('',*,*,#316,.F.);
#316 = EDGE_CURVE('',#317,#309,#319,.T.);
#317 = VERTEX_POINT('',#318);
#318 = CARTESIAN_POINT('',(2.795,0.352588704438,0.851));
#319 = LINE('',#320,#321);
#320 = CARTESIAN_POINT('',(2.795,0.352588704438,0.851));
#321 = VECTOR('',#322,1.);
#322 = DIRECTION('',(0.,1.,0.));
#323 = ORIENTED_EDGE('',*,*,#324,.F.);
#324 = EDGE_CURVE('',#299,#317,#325,.T.);
#325 = LINE('',#326,#327);
#326 = CARTESIAN_POINT('',(2.795,0.352588704438,0.419));
#327 = VECTOR('',#328,1.);
#328 = DIRECTION('',(0.,0.,1.));
#329 = FACE_BOUND('',#330,.F.);
#330 = EDGE_LOOP('',(#331,#341,#349,#357));
#331 = ORIENTED_EDGE('',*,*,#332,.T.);
#332 = EDGE_CURVE('',#333,#335,#337,.T.);
#333 = VERTEX_POINT('',#334);
#334 = CARTESIAN_POINT('',(2.795,0.352588704438,-0.851));
#335 = VERTEX_POINT('',#336);
#336 = CARTESIAN_POINT('',(2.795,0.657588704438,-0.851));
#337 = LINE('',#338,#339);
#338 = CARTESIAN_POINT('',(2.795,0.352588704438,-0.851));
#339 = VECTOR('',#340,1.);
#340 = DIRECTION('',(0.,1.,0.));
#341 = ORIENTED_EDGE('',*,*,#342,.T.);
#342 = EDGE_CURVE('',#335,#343,#345,.T.);
#343 = VERTEX_POINT('',#344);
#344 = CARTESIAN_POINT('',(2.795,0.657588704438,-0.419));
#345 = LINE('',#346,#347);
#346 = CARTESIAN_POINT('',(2.795,0.657588704438,-0.851));
#347 = VECTOR('',#348,1.);
#348 = DIRECTION('',(0.,0.,1.));
#349 = ORIENTED_EDGE('',*,*,#350,.F.);
#350 = EDGE_CURVE('',#351,#343,#353,.T.);
#351 = VERTEX_POINT('',#352);
#352 = CARTESIAN_POINT('',(2.795,0.352588704438,-0.419));
#353 = LINE('',#354,#355);
#354 = CARTESIAN_POINT('',(2.795,0.352588704438,-0.419));
#355 = VECTOR('',#356,1.);
#356 = DIRECTION('',(0.,1.,0.));
#357 = ORIENTED_EDGE('',*,*,#358,.F.);
#358 = EDGE_CURVE('',#333,#351,#359,.T.);
#359 = LINE('',#360,#361);
#360 = CARTESIAN_POINT('',(2.795,0.352588704438,-0.851));
#361 = VECTOR('',#362,1.);
#362 = DIRECTION('',(0.,0.,1.));
#363 = FACE_BOUND('',#364,.F.);
#364 = EDGE_LOOP('',(#365,#375,#383,#391));
#365 = ORIENTED_EDGE('',*,*,#366,.T.);
#366 = EDGE_CURVE('',#367,#369,#371,.T.);
#367 = VERTEX_POINT('',#368);
#368 = CARTESIAN_POINT('',(2.795,0.352588704438,-2.121));
#369 = VERTEX_POINT('',#370);
#370 = CARTESIAN_POINT('',(2.795,0.657588704438,-2.121));
#371 = LINE('',#372,#373);
#372 = CARTESIAN_POINT('',(2.795,0.352588704438,-2.121));
#373 = VECTOR('',#374,1.);
#374 = DIRECTION('',(0.,1.,0.));
#375 = ORIENTED_EDGE('',*,*,#376,.T.);
#376 = EDGE_CURVE('',#369,#377,#379,.T.);
#377 = VERTEX_POINT('',#378);
#378 = CARTESIAN_POINT('',(2.795,0.657588704438,-1.689));
#379 = LINE('',#380,#381);
#380 = CARTESIAN_POINT('',(2.795,0.657588704438,-2.121));
#381 = VECTOR('',#382,1.);
#382 = DIRECTION('',(0.,0.,1.));
#383 = ORIENTED_EDGE('',*,*,#384,.F.);
#384 = EDGE_CURVE('',#385,#377,#387,.T.);
#385 = VERTEX_POINT('',#386);
#386 = CARTESIAN_POINT('',(2.795,0.352588704438,-1.689));
#387 = LINE('',#388,#389);
#388 = CARTESIAN_POINT('',(2.795,0.352588704438,-1.689));
#389 = VECTOR('',#390,1.);
#390 = DIRECTION('',(0.,1.,0.));
#391 = ORIENTED_EDGE('',*,*,#392,.F.);
#392 = EDGE_CURVE('',#367,#385,#393,.T.);
#393 = LINE('',#394,#395);
#394 = CARTESIAN_POINT('',(2.795,0.352588704438,-2.121));
#395 = VECTOR('',#396,1.);
#396 = DIRECTION('',(0.,0.,1.));
#397 = FACE_BOUND('',#398,.F.);
#398 = EDGE_LOOP('',(#399,#409,#417,#425));
#399 = ORIENTED_EDGE('',*,*,#400,.T.);
#400 = EDGE_CURVE('',#401,#403,#405,.T.);
#401 = VERTEX_POINT('',#402);
#402 = CARTESIAN_POINT('',(2.795,0.352588704438,-3.391));
#403 = VERTEX_POINT('',#404);
#404 = CARTESIAN_POINT('',(2.795,0.657588704438,-3.391));
#405 = LINE('',#406,#407);
#406 = CARTESIAN_POINT('',(2.795,0.352588704438,-3.391));
#407 = VECTOR('',#408,1.);
#408 = DIRECTION('',(0.,1.,0.));
#409 = ORIENTED_EDGE('',*,*,#410,.T.);
#410 = EDGE_CURVE('',#403,#411,#413,.T.);
#411 = VERTEX_POINT('',#412);
#412 = CARTESIAN_POINT('',(2.795,0.657588704438,-2.959));
#413 = LINE('',#414,#415);
#414 = CARTESIAN_POINT('',(2.795,0.657588704438,-3.391));
#415 = VECTOR('',#416,1.);
#416 = DIRECTION('',(0.,0.,1.));
#417 = ORIENTED_EDGE('',*,*,#418,.F.);
#418 = EDGE_CURVE('',#419,#411,#421,.T.);
#419 = VERTEX_POINT('',#420);
#420 = CARTESIAN_POINT('',(2.795,0.352588704438,-2.959));
#421 = LINE('',#422,#423);
#422 = CARTESIAN_POINT('',(2.795,0.352588704438,-2.959));
#423 = VECTOR('',#424,1.);
#424 = DIRECTION('',(0.,1.,0.));
#425 = ORIENTED_EDGE('',*,*,#426,.F.);
#426 = EDGE_CURVE('',#401,#419,#427,.T.);
#427 = LINE('',#428,#429);
#428 = CARTESIAN_POINT('',(2.795,0.352588704438,-3.391));
#429 = VECTOR('',#430,1.);
#430 = DIRECTION('',(0.,0.,1.));
#431 = FACE_BOUND('',#432,.F.);
#432 = EDGE_LOOP('',(#433,#443,#451,#459));
#433 = ORIENTED_EDGE('',*,*,#434,.T.);
#434 = EDGE_CURVE('',#435,#437,#439,.T.);
#435 = VERTEX_POINT('',#436);
#436 = CARTESIAN_POINT('',(2.795,0.352588704438,-4.661));
#437 = VERTEX_POINT('',#438);
#438 = CARTESIAN_POINT('',(2.795,0.657588704438,-4.661));
#439 = LINE('',#440,#441);
#440 = CARTESIAN_POINT('',(2.795,0.352588704438,-4.661));
#441 = VECTOR('',#442,1.);
#442 = DIRECTION('',(0.,1.,0.));
#443 = ORIENTED_EDGE('',*,*,#444,.T.);
#444 = EDGE_CURVE('',#437,#445,#447,.T.);
#445 = VERTEX_POINT('',#446);
#446 = CARTESIAN_POINT('',(2.795,0.657588704438,-4.229));
#447 = LINE('',#448,#449);
#448 = CARTESIAN_POINT('',(2.795,0.657588704438,-4.661));
#449 = VECTOR('',#450,1.);
#450 = DIRECTION('',(0.,0.,1.));
#451 = ORIENTED_EDGE('',*,*,#452,.F.);
#452 = EDGE_CURVE('',#453,#445,#455,.T.);
#453 = VERTEX_POINT('',#454);
#454 = CARTESIAN_POINT('',(2.795,0.352588704438,-4.229));
#455 = LINE('',#456,#457);
#456 = CARTESIAN_POINT('',(2.795,0.352588704438,-4.229));
#457 = VECTOR('',#458,1.);
#458 = DIRECTION('',(0.,1.,0.));
#459 = ORIENTED_EDGE('',*,*,#460,.F.);
#460 = EDGE_CURVE('',#435,#453,#461,.T.);
#461 = LINE('',#462,#463);
#462 = CARTESIAN_POINT('',(2.795,0.352588704438,-4.661));
#463 = VECTOR('',#464,1.);
#464 = DIRECTION('',(0.,0.,1.));
#465 = FACE_BOUND('',#466,.F.);
#466 = EDGE_LOOP('',(#467,#477,#485,#493));
#467 = ORIENTED_EDGE('',*,*,#468,.T.);
#468 = EDGE_CURVE('',#469,#471,#473,.T.);
#469 = VERTEX_POINT('',#470);
#470 = CARTESIAN_POINT('',(2.795,0.352588704438,-5.931));
#471 = VERTEX_POINT('',#472);
#472 = CARTESIAN_POINT('',(2.795,0.657588704438,-5.931));
#473 = LINE('',#474,#475);
#474 = CARTESIAN_POINT('',(2.795,0.352588704438,-5.931));
#475 = VECTOR('',#476,1.);
#476 = DIRECTION('',(0.,1.,0.));
#477 = ORIENTED_EDGE('',*,*,#478,.T.);
#478 = EDGE_CURVE('',#471,#479,#481,.T.);
#479 = VERTEX_POINT('',#480);
#480 = CARTESIAN_POINT('',(2.795,0.657588704438,-5.499));
#481 = LINE('',#482,#483);
#482 = CARTESIAN_POINT('',(2.795,0.657588704438,-5.931));
#483 = VECTOR('',#484,1.);
#484 = DIRECTION('',(0.,0.,1.));
#485 = ORIENTED_EDGE('',*,*,#486,.F.);
#486 = EDGE_CURVE('',#487,#479,#489,.T.);
#487 = VERTEX_POINT('',#488);
#488 = CARTESIAN_POINT('',(2.795,0.352588704438,-5.499));
#489 = LINE('',#490,#491);
#490 = CARTESIAN_POINT('',(2.795,0.352588704438,-5.499));
#491 = VECTOR('',#492,1.);
#492 = DIRECTION('',(0.,1.,0.));
#493 = ORIENTED_EDGE('',*,*,#494,.F.);
#494 = EDGE_CURVE('',#469,#487,#495,.T.);
#495 = LINE('',#496,#497);
#496 = CARTESIAN_POINT('',(2.795,0.352588704438,-5.931));
#497 = VECTOR('',#498,1.);
#498 = DIRECTION('',(0.,0.,1.));
#499 = FACE_BOUND('',#500,.F.);
#500 = EDGE_LOOP('',(#501,#511,#519,#527));
#501 = ORIENTED_EDGE('',*,*,#502,.T.);
#502 = EDGE_CURVE('',#503,#505,#507,.T.);
#503 = VERTEX_POINT('',#504);
#504 = CARTESIAN_POINT('',(2.795,0.352588704438,5.499));
#505 = VERTEX_POINT('',#506);
#506 = CARTESIAN_POINT('',(2.795,0.657588704438,5.499));
#507 = LINE('',#508,#509);
#508 = CARTESIAN_POINT('',(2.795,0.352588704438,5.499));
#509 = VECTOR('',#510,1.);
#510 = DIRECTION('',(0.,1.,0.));
#511 = ORIENTED_EDGE('',*,*,#512,.T.);
#512 = EDGE_CURVE('',#505,#513,#515,.T.);
#513 = VERTEX_POINT('',#514);
#514 = CARTESIAN_POINT('',(2.795,0.657588704438,5.931));
#515 = LINE('',#516,#517);
#516 = CARTESIAN_POINT('',(2.795,0.657588704438,5.499));
#517 = VECTOR('',#518,1.);
#518 = DIRECTION('',(0.,0.,1.));
#519 = ORIENTED_EDGE('',*,*,#520,.F.);
#520 = EDGE_CURVE('',#521,#513,#523,.T.);
#521 = VERTEX_POINT('',#522);
#522 = CARTESIAN_POINT('',(2.795,0.352588704438,5.931));
#523 = LINE('',#524,#525);
#524 = CARTESIAN_POINT('',(2.795,0.352588704438,5.931));
#525 = VECTOR('',#526,1.);
#526 = DIRECTION('',(0.,1.,0.));
#527 = ORIENTED_EDGE('',*,*,#528,.F.);
#528 = EDGE_CURVE('',#503,#521,#529,.T.);
#529 = LINE('',#530,#531);
#530 = CARTESIAN_POINT('',(2.795,0.352588704438,5.499));
#531 = VECTOR('',#532,1.);
#532 = DIRECTION('',(0.,0.,1.));
#533 = PLANE('',#534);
#534 = AXIS2_PLACEMENT_3D('',#535,#536,#537);
#535 = CARTESIAN_POINT('',(2.795,0.,6.86));
#536 = DIRECTION('',(1.,0.,0.));
#537 = DIRECTION('',(0.,0.,-1.));
#538 = ADVANCED_FACE('',(#539),#632,.F.);
#539 = FACE_BOUND('',#540,.F.);
#540 = EDGE_LOOP('',(#541,#552,#558,#559,#567,#576,#584,#593,#601,#609,
    #617,#626));
#541 = ORIENTED_EDGE('',*,*,#542,.F.);
#542 = EDGE_CURVE('',#543,#545,#547,.T.);
#543 = VERTEX_POINT('',#544);
#544 = CARTESIAN_POINT('',(3.03508593543,0.657588704438,5.499));
#545 = VERTEX_POINT('',#546);
#546 = CARTESIAN_POINT('',(3.318505151212,0.455942901734,5.499));
#547 = CIRCLE('',#548,0.3);
#548 = AXIS2_PLACEMENT_3D('',#549,#550,#551);
#549 = CARTESIAN_POINT('',(3.03508593543,0.357588704438,5.499));
#550 = DIRECTION('',(0.,0.,-1.));
#551 = DIRECTION('',(0.,1.,0.));
#552 = ORIENTED_EDGE('',*,*,#553,.T.);
#553 = EDGE_CURVE('',#543,#505,#554,.T.);
#554 = LINE('',#555,#556);
#555 = CARTESIAN_POINT('',(3.03508593543,0.657588704438,5.499));
#556 = VECTOR('',#557,1.);
#557 = DIRECTION('',(-1.,0.,0.));
#558 = ORIENTED_EDGE('',*,*,#502,.F.);
#559 = ORIENTED_EDGE('',*,*,#560,.T.);
#560 = EDGE_CURVE('',#503,#561,#563,.T.);
#561 = VERTEX_POINT('',#562);
#562 = CARTESIAN_POINT('',(2.81808593543,0.352588704438,5.499));
#563 = LINE('',#564,#565);
#564 = CARTESIAN_POINT('',(2.795,0.352588704438,5.499));
#565 = VECTOR('',#566,1.);
#566 = DIRECTION('',(1.,0.,0.));
#567 = ORIENTED_EDGE('',*,*,#568,.F.);
#568 = EDGE_CURVE('',#569,#561,#571,.T.);
#569 = VERTEX_POINT('',#570);
#570 = CARTESIAN_POINT('',(3.101505151212,0.150942901735,5.499));
#571 = CIRCLE('',#572,0.3);
#572 = AXIS2_PLACEMENT_3D('',#573,#574,#575);
#573 = CARTESIAN_POINT('',(2.81808593543,5.258870443803E-02,5.499));
#574 = DIRECTION('',(0.,0.,1.));
#575 = DIRECTION('',(0.944730719271,0.327847324322,-0.));
#576 = ORIENTED_EDGE('',*,*,#577,.T.);
#577 = EDGE_CURVE('',#569,#578,#580,.T.);
#578 = VERTEX_POINT('',#579);
#579 = CARTESIAN_POINT('',(3.133481231443,5.880005646736E-02,5.499));
#580 = LINE('',#581,#582);
#581 = CARTESIAN_POINT('',(3.101505151212,0.150942901735,5.499));
#582 = VECTOR('',#583,1.);
#583 = DIRECTION('',(0.327847324322,-0.944730719271,-3.642559266981E-14)
  );
#584 = ORIENTED_EDGE('',*,*,#585,.F.);
#585 = EDGE_CURVE('',#586,#578,#588,.T.);
#586 = VERTEX_POINT('',#587);
#587 = CARTESIAN_POINT('',(3.398467786893,-0.142278939174,5.499));
#588 = CIRCLE('',#589,0.3);
#589 = AXIS2_PLACEMENT_3D('',#590,#591,#592);
#590 = CARTESIAN_POINT('',(3.416900447224,0.157154253764,5.499));
#591 = DIRECTION('',(0.,0.,-1.));
#592 = DIRECTION('',(-6.144220110442E-02,-0.998110643127,-0.));
#593 = ORIENTED_EDGE('',*,*,#594,.T.);
#594 = EDGE_CURVE('',#586,#595,#597,.T.);
#595 = VERTEX_POINT('',#596);
#596 = CARTESIAN_POINT('',(3.81,-0.167612247834,5.499));
#597 = LINE('',#598,#599);
#598 = CARTESIAN_POINT('',(3.398467786893,-0.142278939174,5.499));
#599 = VECTOR('',#600,1.);
#600 = DIRECTION('',(0.998110643127,-6.144220110442E-02,0.));
#601 = ORIENTED_EDGE('',*,*,#602,.T.);
#602 = EDGE_CURVE('',#595,#603,#605,.T.);
#603 = VERTEX_POINT('',#604);
#604 = CARTESIAN_POINT('',(3.81,0.137387752166,5.499));
#605 = LINE('',#606,#607);
#606 = CARTESIAN_POINT('',(3.81,-0.167612247834,5.499));
#607 = VECTOR('',#608,1.);
#608 = DIRECTION('',(0.,1.,0.));
#609 = ORIENTED_EDGE('',*,*,#610,.T.);
#610 = EDGE_CURVE('',#603,#611,#613,.T.);
#611 = VERTEX_POINT('',#612);
#612 = CARTESIAN_POINT('',(3.620204636074,0.149071271423,5.499));
#613 = LINE('',#614,#615);
#614 = CARTESIAN_POINT('',(3.81,0.137387752166,5.499));
#615 = VECTOR('',#616,1.);
#616 = DIRECTION('',(-0.998110643127,6.144220110442E-02,
    1.401246556331E-14));
#617 = ORIENTED_EDGE('',*,*,#618,.F.);
#618 = EDGE_CURVE('',#619,#611,#621,.T.);
#619 = VERTEX_POINT('',#620);
#620 = CARTESIAN_POINT('',(3.355218080624,0.350150267064,5.499));
#621 = CIRCLE('',#622,0.3);
#622 = AXIS2_PLACEMENT_3D('',#623,#624,#625);
#623 = CARTESIAN_POINT('',(3.638637296405,0.448504464361,5.499));
#624 = DIRECTION('',(0.,0.,1.));
#625 = DIRECTION('',(-0.944730719271,-0.327847324322,0.));
#626 = ORIENTED_EDGE('',*,*,#627,.T.);
#627 = EDGE_CURVE('',#619,#545,#628,.T.);
#628 = LINE('',#629,#630);
#629 = CARTESIAN_POINT('',(3.355218080624,0.350150267064,5.499));
#630 = VECTOR('',#631,1.);
#631 = DIRECTION('',(-0.327847324322,0.944730719271,-2.379436261987E-14)
  );
#632 = PLANE('',#633);
#633 = AXIS2_PLACEMENT_3D('',#634,#635,#636);
#634 = CARTESIAN_POINT('',(0.,0.,5.499));
#635 = DIRECTION('',(0.,0.,1.));
#636 = DIRECTION('',(1.,0.,-0.));
#637 = ADVANCED_FACE('',(#638),#740,.F.);
#638 = FACE_BOUND('',#639,.F.);
#639 = EDGE_LOOP('',(#640,#651,#659,#668,#676,#684,#692,#701,#709,#718,
    #726,#734));
#640 = ORIENTED_EDGE('',*,*,#641,.F.);
#641 = EDGE_CURVE('',#642,#644,#646,.T.);
#642 = VERTEX_POINT('',#643);
#643 = CARTESIAN_POINT('',(-3.318505151212,0.455942901734,5.499));
#644 = VERTEX_POINT('',#645);
#645 = CARTESIAN_POINT('',(-3.03508593543,0.657588704438,5.499));
#646 = CIRCLE('',#647,0.3);
#647 = AXIS2_PLACEMENT_3D('',#648,#649,#650);
#648 = CARTESIAN_POINT('',(-3.03508593543,0.357588704438,5.499));
#649 = DIRECTION('',(0.,0.,-1.));
#650 = DIRECTION('',(-0.944730719271,0.327847324322,0.));
#651 = ORIENTED_EDGE('',*,*,#652,.T.);
#652 = EDGE_CURVE('',#642,#653,#655,.T.);
#653 = VERTEX_POINT('',#654);
#654 = CARTESIAN_POINT('',(-3.355218080624,0.350150267064,5.499));
#655 = LINE('',#656,#657);
#656 = CARTESIAN_POINT('',(-3.318505151212,0.455942901734,5.499));
#657 = VECTOR('',#658,1.);
#658 = DIRECTION('',(-0.327847324322,-0.944730719271,6.345163365299E-14)
  );
#659 = ORIENTED_EDGE('',*,*,#660,.F.);
#660 = EDGE_CURVE('',#661,#653,#663,.T.);
#661 = VERTEX_POINT('',#662);
#662 = CARTESIAN_POINT('',(-3.620204636074,0.149071271423,5.499));
#663 = CIRCLE('',#664,0.3);
#664 = AXIS2_PLACEMENT_3D('',#665,#666,#667);
#665 = CARTESIAN_POINT('',(-3.638637296405,0.448504464361,5.499));
#666 = DIRECTION('',(0.,0.,1.));
#667 = DIRECTION('',(6.144220110442E-02,-0.998110643127,0.));
#668 = ORIENTED_EDGE('',*,*,#669,.T.);
#669 = EDGE_CURVE('',#661,#670,#672,.T.);
#670 = VERTEX_POINT('',#671);
#671 = CARTESIAN_POINT('',(-3.81,0.137387752166,5.499));
#672 = LINE('',#673,#674);
#673 = CARTESIAN_POINT('',(-3.620204636074,0.149071271423,5.499));
#674 = VECTOR('',#675,1.);
#675 = DIRECTION('',(-0.998110643127,-6.144220110442E-02,
    -2.335410927219E-14));
#676 = ORIENTED_EDGE('',*,*,#677,.T.);
#677 = EDGE_CURVE('',#670,#678,#680,.T.);
#678 = VERTEX_POINT('',#679);
#679 = CARTESIAN_POINT('',(-3.81,-0.167612247834,5.499));
#680 = LINE('',#681,#682);
#681 = CARTESIAN_POINT('',(-3.81,0.137387752166,5.499));
#682 = VECTOR('',#683,1.);
#683 = DIRECTION('',(0.,-1.,0.));
#684 = ORIENTED_EDGE('',*,*,#685,.T.);
#685 = EDGE_CURVE('',#678,#686,#688,.T.);
#686 = VERTEX_POINT('',#687);
#687 = CARTESIAN_POINT('',(-3.398467786893,-0.142278939174,5.499));
#688 = LINE('',#689,#690);
#689 = CARTESIAN_POINT('',(-3.81,-0.167612247834,5.499));
#690 = VECTOR('',#691,1.);
#691 = DIRECTION('',(0.998110643127,6.144220110442E-02,0.));
#692 = ORIENTED_EDGE('',*,*,#693,.F.);
#693 = EDGE_CURVE('',#694,#686,#696,.T.);
#694 = VERTEX_POINT('',#695);
#695 = CARTESIAN_POINT('',(-3.133481231443,5.880005646736E-02,5.499));
#696 = CIRCLE('',#697,0.3);
#697 = AXIS2_PLACEMENT_3D('',#698,#699,#700);
#698 = CARTESIAN_POINT('',(-3.416900447224,0.157154253764,5.499));
#699 = DIRECTION('',(0.,0.,-1.));
#700 = DIRECTION('',(0.944730719271,-0.327847324322,0.));
#701 = ORIENTED_EDGE('',*,*,#702,.T.);
#702 = EDGE_CURVE('',#694,#703,#705,.T.);
#703 = VERTEX_POINT('',#704);
#704 = CARTESIAN_POINT('',(-3.101505151212,0.150942901735,5.499));
#705 = LINE('',#706,#707);
#706 = CARTESIAN_POINT('',(-3.133481231443,5.880005646736E-02,5.499));
#707 = VECTOR('',#708,1.);
#708 = DIRECTION('',(0.327847324322,0.944730719271,2.731919450236E-14));
#709 = ORIENTED_EDGE('',*,*,#710,.F.);
#710 = EDGE_CURVE('',#711,#703,#713,.T.);
#711 = VERTEX_POINT('',#712);
#712 = CARTESIAN_POINT('',(-2.81808593543,0.352588704438,5.499));
#713 = CIRCLE('',#714,0.3);
#714 = AXIS2_PLACEMENT_3D('',#715,#716,#717);
#715 = CARTESIAN_POINT('',(-2.81808593543,5.258870443803E-02,5.499));
#716 = DIRECTION('',(0.,-0.,1.));
#717 = DIRECTION('',(0.,1.,0.));
#718 = ORIENTED_EDGE('',*,*,#719,.T.);
#719 = EDGE_CURVE('',#711,#720,#722,.T.);
#720 = VERTEX_POINT('',#721);
#721 = CARTESIAN_POINT('',(-2.795,0.352588704438,5.499));
#722 = LINE('',#723,#724);
#723 = CARTESIAN_POINT('',(-2.81808593543,0.352588704438,5.499));
#724 = VECTOR('',#725,1.);
#725 = DIRECTION('',(1.,0.,0.));
#726 = ORIENTED_EDGE('',*,*,#727,.T.);
#727 = EDGE_CURVE('',#720,#728,#730,.T.);
#728 = VERTEX_POINT('',#729);
#729 = CARTESIAN_POINT('',(-2.795,0.657588704438,5.499));
#730 = LINE('',#731,#732);
#731 = CARTESIAN_POINT('',(-2.795,0.352588704438,5.499));
#732 = VECTOR('',#733,1.);
#733 = DIRECTION('',(0.,1.,0.));
#734 = ORIENTED_EDGE('',*,*,#735,.T.);
#735 = EDGE_CURVE('',#728,#644,#736,.T.);
#736 = LINE('',#737,#738);
#737 = CARTESIAN_POINT('',(-2.795,0.657588704438,5.499));
#738 = VECTOR('',#739,1.);
#739 = DIRECTION('',(-1.,0.,-1.109825635693E-14));
#740 = PLANE('',#741);
#741 = AXIS2_PLACEMENT_3D('',#742,#743,#744);
#742 = CARTESIAN_POINT('',(0.,0.,5.499));
#743 = DIRECTION('',(0.,0.,1.));
#744 = DIRECTION('',(1.,0.,-0.));
#745 = ADVANCED_FACE('',(#746),#772,.T.);
#746 = FACE_BOUND('',#747,.T.);
#747 = EDGE_LOOP('',(#748,#756,#765,#771));
#748 = ORIENTED_EDGE('',*,*,#749,.F.);
#749 = EDGE_CURVE('',#750,#543,#752,.T.);
#750 = VERTEX_POINT('',#751);
#751 = CARTESIAN_POINT('',(3.03508593543,0.657588704438,5.931));
#752 = LINE('',#753,#754);
#753 = CARTESIAN_POINT('',(3.03508593543,0.657588704438,5.931));
#754 = VECTOR('',#755,1.);
#755 = DIRECTION('',(0.,0.,-1.));
#756 = ORIENTED_EDGE('',*,*,#757,.F.);
#757 = EDGE_CURVE('',#758,#750,#760,.T.);
#758 = VERTEX_POINT('',#759);
#759 = CARTESIAN_POINT('',(3.318505151212,0.455942901734,5.931));
#760 = CIRCLE('',#761,0.3);
#761 = AXIS2_PLACEMENT_3D('',#762,#763,#764);
#762 = CARTESIAN_POINT('',(3.03508593543,0.357588704438,5.931));
#763 = DIRECTION('',(0.,0.,1.));
#764 = DIRECTION('',(0.944730719271,0.327847324322,-0.));
#765 = ORIENTED_EDGE('',*,*,#766,.T.);
#766 = EDGE_CURVE('',#758,#545,#767,.T.);
#767 = LINE('',#768,#769);
#768 = CARTESIAN_POINT('',(3.318505151212,0.455942901734,5.931));
#769 = VECTOR('',#770,1.);
#770 = DIRECTION('',(0.,0.,-1.));
#771 = ORIENTED_EDGE('',*,*,#542,.F.);
#772 = CYLINDRICAL_SURFACE('',#773,0.3);
#773 = AXIS2_PLACEMENT_3D('',#774,#775,#776);
#774 = CARTESIAN_POINT('',(3.03508593543,0.357588704438,24.745392));
#775 = DIRECTION('',(0.,0.,-1.));
#776 = DIRECTION('',(0.,1.,0.));
#777 = ADVANCED_FACE('',(#778),#796,.T.);
#778 = FACE_BOUND('',#779,.F.);
#779 = EDGE_LOOP('',(#780,#781,#782,#790));
#780 = ORIENTED_EDGE('',*,*,#766,.T.);
#781 = ORIENTED_EDGE('',*,*,#627,.F.);
#782 = ORIENTED_EDGE('',*,*,#783,.T.);
#783 = EDGE_CURVE('',#619,#784,#786,.T.);
#784 = VERTEX_POINT('',#785);
#785 = CARTESIAN_POINT('',(3.355218080624,0.350150267064,5.931));
#786 = LINE('',#787,#788);
#787 = CARTESIAN_POINT('',(3.355218080624,0.350150267064,5.499));
#788 = VECTOR('',#789,1.);
#789 = DIRECTION('',(0.,0.,1.));
#790 = ORIENTED_EDGE('',*,*,#791,.T.);
#791 = EDGE_CURVE('',#784,#758,#792,.T.);
#792 = LINE('',#793,#794);
#793 = CARTESIAN_POINT('',(3.355218080624,0.350150267064,5.931));
#794 = VECTOR('',#795,1.);
#795 = DIRECTION('',(-0.327847324322,0.944730719271,-2.379436261987E-14)
  );
#796 = PLANE('',#797);
#797 = AXIS2_PLACEMENT_3D('',#798,#799,#800);
#798 = CARTESIAN_POINT('',(3.42073684918,0.161350210597,5.499));
#799 = DIRECTION('',(0.944730719271,0.327847324322,0.));
#800 = DIRECTION('',(-0.327847324322,0.944730719271,0.));
#801 = ADVANCED_FACE('',(#802),#821,.F.);
#802 = FACE_BOUND('',#803,.F.);
#803 = EDGE_LOOP('',(#804,#805,#806,#814));
#804 = ORIENTED_EDGE('',*,*,#783,.F.);
#805 = ORIENTED_EDGE('',*,*,#618,.T.);
#806 = ORIENTED_EDGE('',*,*,#807,.T.);
#807 = EDGE_CURVE('',#611,#808,#810,.T.);
#808 = VERTEX_POINT('',#809);
#809 = CARTESIAN_POINT('',(3.620204636074,0.149071271423,5.931));
#810 = LINE('',#811,#812);
#811 = CARTESIAN_POINT('',(3.620204636074,0.149071271423,5.499));
#812 = VECTOR('',#813,1.);
#813 = DIRECTION('',(0.,0.,1.));
#814 = ORIENTED_EDGE('',*,*,#815,.T.);
#815 = EDGE_CURVE('',#808,#784,#816,.T.);
#816 = CIRCLE('',#817,0.3);
#817 = AXIS2_PLACEMENT_3D('',#818,#819,#820);
#818 = CARTESIAN_POINT('',(3.638637296405,0.448504464361,5.931));
#819 = DIRECTION('',(0.,0.,-1.));
#820 = DIRECTION('',(-6.144220110442E-02,-0.998110643127,-0.));
#821 = CYLINDRICAL_SURFACE('',#822,0.3);
#822 = AXIS2_PLACEMENT_3D('',#823,#824,#825);
#823 = CARTESIAN_POINT('',(3.638637296405,0.448504464361,-24.00930492552
    ));
#824 = DIRECTION('',(0.,0.,1.));
#825 = DIRECTION('',(-0.944730719271,-0.327847324322,0.));
#826 = ADVANCED_FACE('',(#827),#845,.T.);
#827 = FACE_BOUND('',#828,.F.);
#828 = EDGE_LOOP('',(#829,#830,#831,#839));
#829 = ORIENTED_EDGE('',*,*,#807,.F.);
#830 = ORIENTED_EDGE('',*,*,#610,.F.);
#831 = ORIENTED_EDGE('',*,*,#832,.T.);
#832 = EDGE_CURVE('',#603,#833,#835,.T.);
#833 = VERTEX_POINT('',#834);
#834 = CARTESIAN_POINT('',(3.81,0.137387752166,5.931));
#835 = LINE('',#836,#837);
#836 = CARTESIAN_POINT('',(3.81,0.137387752166,5.499));
#837 = VECTOR('',#838,1.);
#838 = DIRECTION('',(0.,0.,1.));
#839 = ORIENTED_EDGE('',*,*,#840,.T.);
#840 = EDGE_CURVE('',#833,#808,#841,.T.);
#841 = LINE('',#842,#843);
#842 = CARTESIAN_POINT('',(3.81,0.137387752166,5.931));
#843 = VECTOR('',#844,1.);
#844 = DIRECTION('',(-0.998110643127,6.144220110442E-02,
    1.401246556331E-14));
#845 = PLANE('',#846);
#846 = AXIS2_PLACEMENT_3D('',#847,#848,#849);
#847 = CARTESIAN_POINT('',(3.81,0.137387752166,5.499));
#848 = DIRECTION('',(6.144220110442E-02,0.998110643127,0.));
#849 = DIRECTION('',(-0.998110643127,6.144220110442E-02,0.));
#850 = ADVANCED_FACE('',(#851),#869,.T.);
#851 = FACE_BOUND('',#852,.F.);
#852 = EDGE_LOOP('',(#853,#854,#862,#868));
#853 = ORIENTED_EDGE('',*,*,#602,.F.);
#854 = ORIENTED_EDGE('',*,*,#855,.T.);
#855 = EDGE_CURVE('',#595,#856,#858,.T.);
#856 = VERTEX_POINT('',#857);
#857 = CARTESIAN_POINT('',(3.81,-0.167612247834,5.931));
#858 = LINE('',#859,#860);
#859 = CARTESIAN_POINT('',(3.81,-0.167612247834,5.499));
#860 = VECTOR('',#861,1.);
#861 = DIRECTION('',(0.,0.,1.));
#862 = ORIENTED_EDGE('',*,*,#863,.T.);
#863 = EDGE_CURVE('',#856,#833,#864,.T.);
#864 = LINE('',#865,#866);
#865 = CARTESIAN_POINT('',(3.81,-0.167612247834,5.931));
#866 = VECTOR('',#867,1.);
#867 = DIRECTION('',(0.,1.,0.));
#868 = ORIENTED_EDGE('',*,*,#832,.F.);
#869 = PLANE('',#870);
#870 = AXIS2_PLACEMENT_3D('',#871,#872,#873);
#871 = CARTESIAN_POINT('',(3.81,-0.167612247834,5.499));
#872 = DIRECTION('',(1.,0.,0.));
#873 = DIRECTION('',(-0.,1.,0.));
#874 = ADVANCED_FACE('',(#875),#893,.T.);
#875 = FACE_BOUND('',#876,.F.);
#876 = EDGE_LOOP('',(#877,#885,#891,#892));
#877 = ORIENTED_EDGE('',*,*,#878,.F.);
#878 = EDGE_CURVE('',#879,#586,#881,.T.);
#879 = VERTEX_POINT('',#880);
#880 = CARTESIAN_POINT('',(3.398467786893,-0.142278939174,5.931));
#881 = LINE('',#882,#883);
#882 = CARTESIAN_POINT('',(3.398467786893,-0.142278939174,5.931));
#883 = VECTOR('',#884,1.);
#884 = DIRECTION('',(0.,0.,-1.));
#885 = ORIENTED_EDGE('',*,*,#886,.T.);
#886 = EDGE_CURVE('',#879,#856,#887,.T.);
#887 = LINE('',#888,#889);
#888 = CARTESIAN_POINT('',(3.398467786893,-0.142278939174,5.931));
#889 = VECTOR('',#890,1.);
#890 = DIRECTION('',(0.998110643127,-6.144220110442E-02,0.));
#891 = ORIENTED_EDGE('',*,*,#855,.F.);
#892 = ORIENTED_EDGE('',*,*,#594,.F.);
#893 = PLANE('',#894);
#894 = AXIS2_PLACEMENT_3D('',#895,#896,#897);
#895 = CARTESIAN_POINT('',(3.199,-0.13,5.499));
#896 = DIRECTION('',(-6.144220110442E-02,-0.998110643127,0.));
#897 = DIRECTION('',(0.998110643127,-6.144220110442E-02,0.));
#898 = ADVANCED_FACE('',(#899),#918,.T.);
#899 = FACE_BOUND('',#900,.T.);
#900 = EDGE_LOOP('',(#901,#902,#911,#917));
#901 = ORIENTED_EDGE('',*,*,#878,.F.);
#902 = ORIENTED_EDGE('',*,*,#903,.F.);
#903 = EDGE_CURVE('',#904,#879,#906,.T.);
#904 = VERTEX_POINT('',#905);
#905 = CARTESIAN_POINT('',(3.133481231443,5.880005646736E-02,5.931));
#906 = CIRCLE('',#907,0.3);
#907 = AXIS2_PLACEMENT_3D('',#908,#909,#910);
#908 = CARTESIAN_POINT('',(3.416900447224,0.157154253764,5.931));
#909 = DIRECTION('',(0.,0.,1.));
#910 = DIRECTION('',(-0.944730719271,-0.327847324322,0.));
#911 = ORIENTED_EDGE('',*,*,#912,.T.);
#912 = EDGE_CURVE('',#904,#578,#913,.T.);
#913 = LINE('',#914,#915);
#914 = CARTESIAN_POINT('',(3.133481231443,5.880005646736E-02,5.931));
#915 = VECTOR('',#916,1.);
#916 = DIRECTION('',(0.,0.,-1.));
#917 = ORIENTED_EDGE('',*,*,#585,.F.);
#918 = CYLINDRICAL_SURFACE('',#919,0.3);
#919 = AXIS2_PLACEMENT_3D('',#920,#921,#922);
#920 = CARTESIAN_POINT('',(3.416900447224,0.157154253764,24.745392));
#921 = DIRECTION('',(0.,0.,-1.));
#922 = DIRECTION('',(-6.144220110442E-02,-0.998110643127,-0.));
#923 = ADVANCED_FACE('',(#924),#942,.T.);
#924 = FACE_BOUND('',#925,.F.);
#925 = EDGE_LOOP('',(#926,#927,#928,#936));
#926 = ORIENTED_EDGE('',*,*,#912,.T.);
#927 = ORIENTED_EDGE('',*,*,#577,.F.);
#928 = ORIENTED_EDGE('',*,*,#929,.T.);
#929 = EDGE_CURVE('',#569,#930,#932,.T.);
#930 = VERTEX_POINT('',#931);
#931 = CARTESIAN_POINT('',(3.101505151212,0.150942901735,5.931));
#932 = LINE('',#933,#934);
#933 = CARTESIAN_POINT('',(3.101505151212,0.150942901735,5.499));
#934 = VECTOR('',#935,1.);
#935 = DIRECTION('',(0.,0.,1.));
#936 = ORIENTED_EDGE('',*,*,#937,.T.);
#937 = EDGE_CURVE('',#930,#904,#938,.T.);
#938 = LINE('',#939,#940);
#939 = CARTESIAN_POINT('',(3.101505151212,0.150942901735,5.931));
#940 = VECTOR('',#941,1.);
#941 = DIRECTION('',(0.327847324322,-0.944730719271,-4.553199083726E-14)
  );
#942 = PLANE('',#943);
#943 = AXIS2_PLACEMENT_3D('',#944,#945,#946);
#944 = CARTESIAN_POINT('',(3.031528558381,0.352588704438,5.499));
#945 = DIRECTION('',(-0.944730719271,-0.327847324322,0.));
#946 = DIRECTION('',(0.327847324322,-0.944730719271,0.));
#947 = ADVANCED_FACE('',(#948),#967,.F.);
#948 = FACE_BOUND('',#949,.F.);
#949 = EDGE_LOOP('',(#950,#951,#952,#960));
#950 = ORIENTED_EDGE('',*,*,#929,.F.);
#951 = ORIENTED_EDGE('',*,*,#568,.T.);
#952 = ORIENTED_EDGE('',*,*,#953,.T.);
#953 = EDGE_CURVE('',#561,#954,#956,.T.);
#954 = VERTEX_POINT('',#955);
#955 = CARTESIAN_POINT('',(2.81808593543,0.352588704438,5.931));
#956 = LINE('',#957,#958);
#957 = CARTESIAN_POINT('',(2.81808593543,0.352588704438,5.499));
#958 = VECTOR('',#959,1.);
#959 = DIRECTION('',(0.,0.,1.));
#960 = ORIENTED_EDGE('',*,*,#961,.T.);
#961 = EDGE_CURVE('',#954,#930,#962,.T.);
#962 = CIRCLE('',#963,0.3);
#963 = AXIS2_PLACEMENT_3D('',#964,#965,#966);
#964 = CARTESIAN_POINT('',(2.81808593543,5.258870443803E-02,5.931));
#965 = DIRECTION('',(0.,0.,-1.));
#966 = DIRECTION('',(0.,1.,0.));
#967 = CYLINDRICAL_SURFACE('',#968,0.3);
#968 = AXIS2_PLACEMENT_3D('',#969,#970,#971);
#969 = CARTESIAN_POINT('',(2.81808593543,5.258870443803E-02,
    -23.61998709267));
#970 = DIRECTION('',(0.,0.,1.));
#971 = DIRECTION('',(0.944730719271,0.327847324322,-0.));
#972 = ADVANCED_FACE('',(#973),#984,.T.);
#973 = FACE_BOUND('',#974,.F.);
#974 = EDGE_LOOP('',(#975,#976,#977,#978));
#975 = ORIENTED_EDGE('',*,*,#953,.F.);
#976 = ORIENTED_EDGE('',*,*,#560,.F.);
#977 = ORIENTED_EDGE('',*,*,#528,.T.);
#978 = ORIENTED_EDGE('',*,*,#979,.T.);
#979 = EDGE_CURVE('',#521,#954,#980,.T.);
#980 = LINE('',#981,#982);
#981 = CARTESIAN_POINT('',(2.795,0.352588704438,5.931));
#982 = VECTOR('',#983,1.);
#983 = DIRECTION('',(1.,0.,7.694541313903E-14));
#984 = PLANE('',#985);
#985 = AXIS2_PLACEMENT_3D('',#986,#987,#988);
#986 = CARTESIAN_POINT('',(2.025528558381,0.352588704438,5.499));
#987 = DIRECTION('',(0.,-1.,0.));
#988 = DIRECTION('',(1.,0.,0.));
#989 = ADVANCED_FACE('',(#990),#1009,.T.);
#990 = FACE_BOUND('',#991,.F.);
#991 = EDGE_LOOP('',(#992,#993,#994,#995,#996,#997,#998,#999,#1000,#1001
    ,#1002,#1003));
#992 = ORIENTED_EDGE('',*,*,#757,.F.);
#993 = ORIENTED_EDGE('',*,*,#791,.F.);
#994 = ORIENTED_EDGE('',*,*,#815,.F.);
#995 = ORIENTED_EDGE('',*,*,#840,.F.);
#996 = ORIENTED_EDGE('',*,*,#863,.F.);
#997 = ORIENTED_EDGE('',*,*,#886,.F.);
#998 = ORIENTED_EDGE('',*,*,#903,.F.);
#999 = ORIENTED_EDGE('',*,*,#937,.F.);
#1000 = ORIENTED_EDGE('',*,*,#961,.F.);
#1001 = ORIENTED_EDGE('',*,*,#979,.F.);
#1002 = ORIENTED_EDGE('',*,*,#520,.T.);
#1003 = ORIENTED_EDGE('',*,*,#1004,.F.);
#1004 = EDGE_CURVE('',#750,#513,#1005,.T.);
#1005 = LINE('',#1006,#1007);
#1006 = CARTESIAN_POINT('',(3.03508593543,0.657588704438,5.931));
#1007 = VECTOR('',#1008,1.);
#1008 = DIRECTION('',(-1.,0.,0.));
#1009 = PLANE('',#1010);
#1010 = AXIS2_PLACEMENT_3D('',#1011,#1012,#1013);
#1011 = CARTESIAN_POINT('',(0.,0.,5.931));
#1012 = DIRECTION('',(0.,0.,1.));
#1013 = DIRECTION('',(1.,0.,-0.));
#1014 = ADVANCED_FACE('',(#1015),#1117,.T.);
#1015 = FACE_BOUND('',#1016,.F.);
#1016 = EDGE_LOOP('',(#1017,#1028,#1036,#1044,#1052,#1061,#1069,#1078,
    #1086,#1094,#1102,#1111));
#1017 = ORIENTED_EDGE('',*,*,#1018,.F.);
#1018 = EDGE_CURVE('',#1019,#1021,#1023,.T.);
#1019 = VERTEX_POINT('',#1020);
#1020 = CARTESIAN_POINT('',(-3.03508593543,0.657588704438,5.931));
#1021 = VERTEX_POINT('',#1022);
#1022 = CARTESIAN_POINT('',(-3.318505151212,0.455942901734,5.931));
#1023 = CIRCLE('',#1024,0.3);
#1024 = AXIS2_PLACEMENT_3D('',#1025,#1026,#1027);
#1025 = CARTESIAN_POINT('',(-3.03508593543,0.357588704438,5.931));
#1026 = DIRECTION('',(0.,-0.,1.));
#1027 = DIRECTION('',(0.,1.,0.));
#1028 = ORIENTED_EDGE('',*,*,#1029,.F.);
#1029 = EDGE_CURVE('',#1030,#1019,#1032,.T.);
#1030 = VERTEX_POINT('',#1031);
#1031 = CARTESIAN_POINT('',(-2.795,0.657588704438,5.931));
#1032 = LINE('',#1033,#1034);
#1033 = CARTESIAN_POINT('',(-2.795,0.657588704438,5.931));
#1034 = VECTOR('',#1035,1.);
#1035 = DIRECTION('',(-1.,0.,0.));
#1036 = ORIENTED_EDGE('',*,*,#1037,.F.);
#1037 = EDGE_CURVE('',#1038,#1030,#1040,.T.);
#1038 = VERTEX_POINT('',#1039);
#1039 = CARTESIAN_POINT('',(-2.795,0.352588704438,5.931));
#1040 = LINE('',#1041,#1042);
#1041 = CARTESIAN_POINT('',(-2.795,0.352588704438,5.931));
#1042 = VECTOR('',#1043,1.);
#1043 = DIRECTION('',(0.,1.,0.));
#1044 = ORIENTED_EDGE('',*,*,#1045,.F.);
#1045 = EDGE_CURVE('',#1046,#1038,#1048,.T.);
#1046 = VERTEX_POINT('',#1047);
#1047 = CARTESIAN_POINT('',(-2.81808593543,0.352588704438,5.931));
#1048 = LINE('',#1049,#1050);
#1049 = CARTESIAN_POINT('',(-2.81808593543,0.352588704438,5.931));
#1050 = VECTOR('',#1051,1.);
#1051 = DIRECTION('',(1.,0.,0.));
#1052 = ORIENTED_EDGE('',*,*,#1053,.F.);
#1053 = EDGE_CURVE('',#1054,#1046,#1056,.T.);
#1054 = VERTEX_POINT('',#1055);
#1055 = CARTESIAN_POINT('',(-3.101505151212,0.150942901735,5.931));
#1056 = CIRCLE('',#1057,0.3);
#1057 = AXIS2_PLACEMENT_3D('',#1058,#1059,#1060);
#1058 = CARTESIAN_POINT('',(-2.81808593543,5.258870443803E-02,5.931));
#1059 = DIRECTION('',(0.,0.,-1.));
#1060 = DIRECTION('',(-0.944730719271,0.327847324322,0.));
#1061 = ORIENTED_EDGE('',*,*,#1062,.F.);
#1062 = EDGE_CURVE('',#1063,#1054,#1065,.T.);
#1063 = VERTEX_POINT('',#1064);
#1064 = CARTESIAN_POINT('',(-3.133481231443,5.880005646736E-02,5.931));
#1065 = LINE('',#1066,#1067);
#1066 = CARTESIAN_POINT('',(-3.133481231443,5.880005646736E-02,5.931));
#1067 = VECTOR('',#1068,1.);
#1068 = DIRECTION('',(0.327847324322,0.944730719271,1.82127963349E-14));
#1069 = ORIENTED_EDGE('',*,*,#1070,.F.);
#1070 = EDGE_CURVE('',#1071,#1063,#1073,.T.);
#1071 = VERTEX_POINT('',#1072);
#1072 = CARTESIAN_POINT('',(-3.398467786893,-0.142278939174,5.931));
#1073 = CIRCLE('',#1074,0.3);
#1074 = AXIS2_PLACEMENT_3D('',#1075,#1076,#1077);
#1075 = CARTESIAN_POINT('',(-3.416900447224,0.157154253764,5.931));
#1076 = DIRECTION('',(0.,0.,1.));
#1077 = DIRECTION('',(6.144220110442E-02,-0.998110643127,0.));
#1078 = ORIENTED_EDGE('',*,*,#1079,.F.);
#1079 = EDGE_CURVE('',#1080,#1071,#1082,.T.);
#1080 = VERTEX_POINT('',#1081);
#1081 = CARTESIAN_POINT('',(-3.81,-0.167612247834,5.931));
#1082 = LINE('',#1083,#1084);
#1083 = CARTESIAN_POINT('',(-3.81,-0.167612247834,5.931));
#1084 = VECTOR('',#1085,1.);
#1085 = DIRECTION('',(0.998110643127,6.144220110442E-02,0.));
#1086 = ORIENTED_EDGE('',*,*,#1087,.F.);
#1087 = EDGE_CURVE('',#1088,#1080,#1090,.T.);
#1088 = VERTEX_POINT('',#1089);
#1089 = CARTESIAN_POINT('',(-3.81,0.137387752166,5.931));
#1090 = LINE('',#1091,#1092);
#1091 = CARTESIAN_POINT('',(-3.81,0.137387752166,5.931));
#1092 = VECTOR('',#1093,1.);
#1093 = DIRECTION('',(0.,-1.,0.));
#1094 = ORIENTED_EDGE('',*,*,#1095,.F.);
#1095 = EDGE_CURVE('',#1096,#1088,#1098,.T.);
#1096 = VERTEX_POINT('',#1097);
#1097 = CARTESIAN_POINT('',(-3.620204636074,0.149071271423,5.931));
#1098 = LINE('',#1099,#1100);
#1099 = CARTESIAN_POINT('',(-3.620204636074,0.149071271423,5.931));
#1100 = VECTOR('',#1101,1.);
#1101 = DIRECTION('',(-0.998110643127,-6.144220110442E-02,
    -2.802493112663E-14));
#1102 = ORIENTED_EDGE('',*,*,#1103,.F.);
#1103 = EDGE_CURVE('',#1104,#1096,#1106,.T.);
#1104 = VERTEX_POINT('',#1105);
#1105 = CARTESIAN_POINT('',(-3.355218080624,0.350150267064,5.931));
#1106 = CIRCLE('',#1107,0.3);
#1107 = AXIS2_PLACEMENT_3D('',#1108,#1109,#1110);
#1108 = CARTESIAN_POINT('',(-3.638637296405,0.448504464361,5.931));
#1109 = DIRECTION('',(0.,0.,-1.));
#1110 = DIRECTION('',(0.944730719271,-0.327847324322,0.));
#1111 = ORIENTED_EDGE('',*,*,#1112,.F.);
#1112 = EDGE_CURVE('',#1021,#1104,#1113,.T.);
#1113 = LINE('',#1114,#1115);
#1114 = CARTESIAN_POINT('',(-3.318505151212,0.455942901734,5.931));
#1115 = VECTOR('',#1116,1.);
#1116 = DIRECTION('',(-0.327847324322,-0.944730719271,6.345163365299E-14
    ));
#1117 = PLANE('',#1118);
#1118 = AXIS2_PLACEMENT_3D('',#1119,#1120,#1121);
#1119 = CARTESIAN_POINT('',(0.,0.,5.931));
#1120 = DIRECTION('',(0.,0.,1.));
#1121 = DIRECTION('',(1.,0.,-0.));
#1122 = ADVANCED_FACE('',(#1123),#1129,.T.);
#1123 = FACE_BOUND('',#1124,.F.);
#1124 = EDGE_LOOP('',(#1125,#1126,#1127,#1128));
#1125 = ORIENTED_EDGE('',*,*,#749,.F.);
#1126 = ORIENTED_EDGE('',*,*,#1004,.T.);
#1127 = ORIENTED_EDGE('',*,*,#512,.F.);
#1128 = ORIENTED_EDGE('',*,*,#553,.F.);
#1129 = PLANE('',#1130);
#1130 = AXIS2_PLACEMENT_3D('',#1131,#1132,#1133);
#1131 = CARTESIAN_POINT('',(3.248528558381,0.657588704438,5.499));
#1132 = DIRECTION('',(0.,1.,0.));
#1133 = DIRECTION('',(-1.,0.,0.));
#1134 = ADVANCED_FACE('',(#1135),#1151,.T.);
#1135 = FACE_BOUND('',#1136,.T.);
#1136 = EDGE_LOOP('',(#1137,#1143,#1144,#1150));
#1137 = ORIENTED_EDGE('',*,*,#1138,.F.);
#1138 = EDGE_CURVE('',#1021,#642,#1139,.T.);
#1139 = LINE('',#1140,#1141);
#1140 = CARTESIAN_POINT('',(-3.318505151212,0.455942901734,5.931));
#1141 = VECTOR('',#1142,1.);
#1142 = DIRECTION('',(0.,0.,-1.));
#1143 = ORIENTED_EDGE('',*,*,#1018,.F.);
#1144 = ORIENTED_EDGE('',*,*,#1145,.T.);
#1145 = EDGE_CURVE('',#1019,#644,#1146,.T.);
#1146 = LINE('',#1147,#1148);
#1147 = CARTESIAN_POINT('',(-3.03508593543,0.657588704438,5.931));
#1148 = VECTOR('',#1149,1.);
#1149 = DIRECTION('',(0.,0.,-1.));
#1150 = ORIENTED_EDGE('',*,*,#641,.F.);
#1151 = CYLINDRICAL_SURFACE('',#1152,0.3);
#1152 = AXIS2_PLACEMENT_3D('',#1153,#1154,#1155);
#1153 = CARTESIAN_POINT('',(-3.03508593543,0.357588704438,24.745392));
#1154 = DIRECTION('',(0.,0.,-1.));
#1155 = DIRECTION('',(-0.944730719271,0.327847324322,0.));
#1156 = ADVANCED_FACE('',(#1157),#1168,.T.);
#1157 = FACE_BOUND('',#1158,.F.);
#1158 = EDGE_LOOP('',(#1159,#1160,#1161,#1167));
#1159 = ORIENTED_EDGE('',*,*,#1145,.T.);
#1160 = ORIENTED_EDGE('',*,*,#735,.F.);
#1161 = ORIENTED_EDGE('',*,*,#1162,.T.);
#1162 = EDGE_CURVE('',#728,#1030,#1163,.T.);
#1163 = LINE('',#1164,#1165);
#1164 = CARTESIAN_POINT('',(-2.795,0.657588704438,5.499));
#1165 = VECTOR('',#1166,1.);
#1166 = DIRECTION('',(0.,0.,1.));
#1167 = ORIENTED_EDGE('',*,*,#1029,.T.);
#1168 = PLANE('',#1169);
#1169 = AXIS2_PLACEMENT_3D('',#1170,#1171,#1172);
#1170 = CARTESIAN_POINT('',(-2.025528558381,0.657588704438,5.499));
#1171 = DIRECTION('',(0.,1.,0.));
#1172 = DIRECTION('',(-1.,0.,0.));
#1173 = ADVANCED_FACE('',(#1174,#1192,#1226,#1260,#1294,#1328,#1362,
    #1396,#1430,#1464,#1498),#1509,.T.);
#1174 = FACE_BOUND('',#1175,.F.);
#1175 = EDGE_LOOP('',(#1176,#1184,#1190,#1191));
#1176 = ORIENTED_EDGE('',*,*,#1177,.T.);
#1177 = EDGE_CURVE('',#98,#1178,#1180,.T.);
#1178 = VERTEX_POINT('',#1179);
#1179 = CARTESIAN_POINT('',(-2.795,1.93,6.76));
#1180 = LINE('',#1181,#1182);
#1181 = CARTESIAN_POINT('',(-2.795,1.93,-6.76));
#1182 = VECTOR('',#1183,1.);
#1183 = DIRECTION('',(0.,0.,1.));
#1184 = ORIENTED_EDGE('',*,*,#1185,.T.);
#1185 = EDGE_CURVE('',#1178,#33,#1186,.T.);
#1186 = LINE('',#1187,#1188);
#1187 = CARTESIAN_POINT('',(-2.795,1.93,6.76));
#1188 = VECTOR('',#1189,1.);
#1189 = DIRECTION('',(0.,-1.,0.));
#1190 = ORIENTED_EDGE('',*,*,#32,.F.);
#1191 = ORIENTED_EDGE('',*,*,#97,.F.);
#1192 = FACE_BOUND('',#1193,.F.);
#1193 = EDGE_LOOP('',(#1194,#1204,#1212,#1220));
#1194 = ORIENTED_EDGE('',*,*,#1195,.F.);
#1195 = EDGE_CURVE('',#1196,#1198,#1200,.T.);
#1196 = VERTEX_POINT('',#1197);
#1197 = CARTESIAN_POINT('',(-2.795,0.352588704438,4.229));
#1198 = VERTEX_POINT('',#1199);
#1199 = CARTESIAN_POINT('',(-2.795,0.657588704438,4.229));
#1200 = LINE('',#1201,#1202);
#1201 = CARTESIAN_POINT('',(-2.795,0.352588704438,4.229));
#1202 = VECTOR('',#1203,1.);
#1203 = DIRECTION('',(0.,1.,0.));
#1204 = ORIENTED_EDGE('',*,*,#1205,.T.);
#1205 = EDGE_CURVE('',#1196,#1206,#1208,.T.);
#1206 = VERTEX_POINT('',#1207);
#1207 = CARTESIAN_POINT('',(-2.795,0.352588704438,4.661));
#1208 = LINE('',#1209,#1210);
#1209 = CARTESIAN_POINT('',(-2.795,0.352588704438,4.229));
#1210 = VECTOR('',#1211,1.);
#1211 = DIRECTION('',(0.,0.,1.));
#1212 = ORIENTED_EDGE('',*,*,#1213,.T.);
#1213 = EDGE_CURVE('',#1206,#1214,#1216,.T.);
#1214 = VERTEX_POINT('',#1215);
#1215 = CARTESIAN_POINT('',(-2.795,0.657588704438,4.661));
#1216 = LINE('',#1217,#1218);
#1217 = CARTESIAN_POINT('',(-2.795,0.352588704438,4.661));
#1218 = VECTOR('',#1219,1.);
#1219 = DIRECTION('',(0.,1.,0.));
#1220 = ORIENTED_EDGE('',*,*,#1221,.F.);
#1221 = EDGE_CURVE('',#1198,#1214,#1222,.T.);
#1222 = LINE('',#1223,#1224);
#1223 = CARTESIAN_POINT('',(-2.795,0.657588704438,4.229));
#1224 = VECTOR('',#1225,1.);
#1225 = DIRECTION('',(0.,0.,1.));
#1226 = FACE_BOUND('',#1227,.F.);
#1227 = EDGE_LOOP('',(#1228,#1238,#1246,#1254));
#1228 = ORIENTED_EDGE('',*,*,#1229,.F.);
#1229 = EDGE_CURVE('',#1230,#1232,#1234,.T.);
#1230 = VERTEX_POINT('',#1231);
#1231 = CARTESIAN_POINT('',(-2.795,0.352588704438,2.959));
#1232 = VERTEX_POINT('',#1233);
#1233 = CARTESIAN_POINT('',(-2.795,0.657588704438,2.959));
#1234 = LINE('',#1235,#1236);
#1235 = CARTESIAN_POINT('',(-2.795,0.352588704438,2.959));
#1236 = VECTOR('',#1237,1.);
#1237 = DIRECTION('',(0.,1.,0.));
#1238 = ORIENTED_EDGE('',*,*,#1239,.T.);
#1239 = EDGE_CURVE('',#1230,#1240,#1242,.T.);
#1240 = VERTEX_POINT('',#1241);
#1241 = CARTESIAN_POINT('',(-2.795,0.352588704438,3.391));
#1242 = LINE('',#1243,#1244);
#1243 = CARTESIAN_POINT('',(-2.795,0.352588704438,2.959));
#1244 = VECTOR('',#1245,1.);
#1245 = DIRECTION('',(0.,0.,1.));
#1246 = ORIENTED_EDGE('',*,*,#1247,.T.);
#1247 = EDGE_CURVE('',#1240,#1248,#1250,.T.);
#1248 = VERTEX_POINT('',#1249);
#1249 = CARTESIAN_POINT('',(-2.795,0.657588704438,3.391));
#1250 = LINE('',#1251,#1252);
#1251 = CARTESIAN_POINT('',(-2.795,0.352588704438,3.391));
#1252 = VECTOR('',#1253,1.);
#1253 = DIRECTION('',(0.,1.,0.));
#1254 = ORIENTED_EDGE('',*,*,#1255,.F.);
#1255 = EDGE_CURVE('',#1232,#1248,#1256,.T.);
#1256 = LINE('',#1257,#1258);
#1257 = CARTESIAN_POINT('',(-2.795,0.657588704438,2.959));
#1258 = VECTOR('',#1259,1.);
#1259 = DIRECTION('',(0.,0.,1.));
#1260 = FACE_BOUND('',#1261,.F.);
#1261 = EDGE_LOOP('',(#1262,#1272,#1280,#1288));
#1262 = ORIENTED_EDGE('',*,*,#1263,.F.);
#1263 = EDGE_CURVE('',#1264,#1266,#1268,.T.);
#1264 = VERTEX_POINT('',#1265);
#1265 = CARTESIAN_POINT('',(-2.795,0.352588704438,1.689));
#1266 = VERTEX_POINT('',#1267);
#1267 = CARTESIAN_POINT('',(-2.795,0.657588704438,1.689));
#1268 = LINE('',#1269,#1270);
#1269 = CARTESIAN_POINT('',(-2.795,0.352588704438,1.689));
#1270 = VECTOR('',#1271,1.);
#1271 = DIRECTION('',(0.,1.,0.));
#1272 = ORIENTED_EDGE('',*,*,#1273,.T.);
#1273 = EDGE_CURVE('',#1264,#1274,#1276,.T.);
#1274 = VERTEX_POINT('',#1275);
#1275 = CARTESIAN_POINT('',(-2.795,0.352588704438,2.121));
#1276 = LINE('',#1277,#1278);
#1277 = CARTESIAN_POINT('',(-2.795,0.352588704438,1.689));
#1278 = VECTOR('',#1279,1.);
#1279 = DIRECTION('',(0.,0.,1.));
#1280 = ORIENTED_EDGE('',*,*,#1281,.T.);
#1281 = EDGE_CURVE('',#1274,#1282,#1284,.T.);
#1282 = VERTEX_POINT('',#1283);
#1283 = CARTESIAN_POINT('',(-2.795,0.657588704438,2.121));
#1284 = LINE('',#1285,#1286);
#1285 = CARTESIAN_POINT('',(-2.795,0.352588704438,2.121));
#1286 = VECTOR('',#1287,1.);
#1287 = DIRECTION('',(0.,1.,0.));
#1288 = ORIENTED_EDGE('',*,*,#1289,.F.);
#1289 = EDGE_CURVE('',#1266,#1282,#1290,.T.);
#1290 = LINE('',#1291,#1292);
#1291 = CARTESIAN_POINT('',(-2.795,0.657588704438,1.689));
#1292 = VECTOR('',#1293,1.);
#1293 = DIRECTION('',(0.,0.,1.));
#1294 = FACE_BOUND('',#1295,.F.);
#1295 = EDGE_LOOP('',(#1296,#1306,#1314,#1322));
#1296 = ORIENTED_EDGE('',*,*,#1297,.F.);
#1297 = EDGE_CURVE('',#1298,#1300,#1302,.T.);
#1298 = VERTEX_POINT('',#1299);
#1299 = CARTESIAN_POINT('',(-2.795,0.352588704438,0.419));
#1300 = VERTEX_POINT('',#1301);
#1301 = CARTESIAN_POINT('',(-2.795,0.657588704438,0.419));
#1302 = LINE('',#1303,#1304);
#1303 = CARTESIAN_POINT('',(-2.795,0.352588704438,0.419));
#1304 = VECTOR('',#1305,1.);
#1305 = DIRECTION('',(0.,1.,0.));
#1306 = ORIENTED_EDGE('',*,*,#1307,.T.);
#1307 = EDGE_CURVE('',#1298,#1308,#1310,.T.);
#1308 = VERTEX_POINT('',#1309);
#1309 = CARTESIAN_POINT('',(-2.795,0.352588704438,0.851));
#1310 = LINE('',#1311,#1312);
#1311 = CARTESIAN_POINT('',(-2.795,0.352588704438,0.419));
#1312 = VECTOR('',#1313,1.);
#1313 = DIRECTION('',(0.,0.,1.));
#1314 = ORIENTED_EDGE('',*,*,#1315,.T.);
#1315 = EDGE_CURVE('',#1308,#1316,#1318,.T.);
#1316 = VERTEX_POINT('',#1317);
#1317 = CARTESIAN_POINT('',(-2.795,0.657588704438,0.851));
#1318 = LINE('',#1319,#1320);
#1319 = CARTESIAN_POINT('',(-2.795,0.352588704438,0.851));
#1320 = VECTOR('',#1321,1.);
#1321 = DIRECTION('',(0.,1.,0.));
#1322 = ORIENTED_EDGE('',*,*,#1323,.F.);
#1323 = EDGE_CURVE('',#1300,#1316,#1324,.T.);
#1324 = LINE('',#1325,#1326);
#1325 = CARTESIAN_POINT('',(-2.795,0.657588704438,0.419));
#1326 = VECTOR('',#1327,1.);
#1327 = DIRECTION('',(0.,0.,1.));
#1328 = FACE_BOUND('',#1329,.F.);
#1329 = EDGE_LOOP('',(#1330,#1340,#1348,#1356));
#1330 = ORIENTED_EDGE('',*,*,#1331,.F.);
#1331 = EDGE_CURVE('',#1332,#1334,#1336,.T.);
#1332 = VERTEX_POINT('',#1333);
#1333 = CARTESIAN_POINT('',(-2.795,0.352588704438,-0.851));
#1334 = VERTEX_POINT('',#1335);
#1335 = CARTESIAN_POINT('',(-2.795,0.657588704438,-0.851));
#1336 = LINE('',#1337,#1338);
#1337 = CARTESIAN_POINT('',(-2.795,0.352588704438,-0.851));
#1338 = VECTOR('',#1339,1.);
#1339 = DIRECTION('',(0.,1.,0.));
#1340 = ORIENTED_EDGE('',*,*,#1341,.T.);
#1341 = EDGE_CURVE('',#1332,#1342,#1344,.T.);
#1342 = VERTEX_POINT('',#1343);
#1343 = CARTESIAN_POINT('',(-2.795,0.352588704438,-0.419));
#1344 = LINE('',#1345,#1346);
#1345 = CARTESIAN_POINT('',(-2.795,0.352588704438,-0.851));
#1346 = VECTOR('',#1347,1.);
#1347 = DIRECTION('',(0.,0.,1.));
#1348 = ORIENTED_EDGE('',*,*,#1349,.T.);
#1349 = EDGE_CURVE('',#1342,#1350,#1352,.T.);
#1350 = VERTEX_POINT('',#1351);
#1351 = CARTESIAN_POINT('',(-2.795,0.657588704438,-0.419));
#1352 = LINE('',#1353,#1354);
#1353 = CARTESIAN_POINT('',(-2.795,0.352588704438,-0.419));
#1354 = VECTOR('',#1355,1.);
#1355 = DIRECTION('',(0.,1.,0.));
#1356 = ORIENTED_EDGE('',*,*,#1357,.F.);
#1357 = EDGE_CURVE('',#1334,#1350,#1358,.T.);
#1358 = LINE('',#1359,#1360);
#1359 = CARTESIAN_POINT('',(-2.795,0.657588704438,-0.851));
#1360 = VECTOR('',#1361,1.);
#1361 = DIRECTION('',(0.,0.,1.));
#1362 = FACE_BOUND('',#1363,.F.);
#1363 = EDGE_LOOP('',(#1364,#1374,#1382,#1390));
#1364 = ORIENTED_EDGE('',*,*,#1365,.F.);
#1365 = EDGE_CURVE('',#1366,#1368,#1370,.T.);
#1366 = VERTEX_POINT('',#1367);
#1367 = CARTESIAN_POINT('',(-2.795,0.352588704438,-2.121));
#1368 = VERTEX_POINT('',#1369);
#1369 = CARTESIAN_POINT('',(-2.795,0.657588704438,-2.121));
#1370 = LINE('',#1371,#1372);
#1371 = CARTESIAN_POINT('',(-2.795,0.352588704438,-2.121));
#1372 = VECTOR('',#1373,1.);
#1373 = DIRECTION('',(0.,1.,0.));
#1374 = ORIENTED_EDGE('',*,*,#1375,.T.);
#1375 = EDGE_CURVE('',#1366,#1376,#1378,.T.);
#1376 = VERTEX_POINT('',#1377);
#1377 = CARTESIAN_POINT('',(-2.795,0.352588704438,-1.689));
#1378 = LINE('',#1379,#1380);
#1379 = CARTESIAN_POINT('',(-2.795,0.352588704438,-2.121));
#1380 = VECTOR('',#1381,1.);
#1381 = DIRECTION('',(0.,0.,1.));
#1382 = ORIENTED_EDGE('',*,*,#1383,.T.);
#1383 = EDGE_CURVE('',#1376,#1384,#1386,.T.);
#1384 = VERTEX_POINT('',#1385);
#1385 = CARTESIAN_POINT('',(-2.795,0.657588704438,-1.689));
#1386 = LINE('',#1387,#1388);
#1387 = CARTESIAN_POINT('',(-2.795,0.352588704438,-1.689));
#1388 = VECTOR('',#1389,1.);
#1389 = DIRECTION('',(0.,1.,0.));
#1390 = ORIENTED_EDGE('',*,*,#1391,.F.);
#1391 = EDGE_CURVE('',#1368,#1384,#1392,.T.);
#1392 = LINE('',#1393,#1394);
#1393 = CARTESIAN_POINT('',(-2.795,0.657588704438,-2.121));
#1394 = VECTOR('',#1395,1.);
#1395 = DIRECTION('',(0.,0.,1.));
#1396 = FACE_BOUND('',#1397,.F.);
#1397 = EDGE_LOOP('',(#1398,#1408,#1416,#1424));
#1398 = ORIENTED_EDGE('',*,*,#1399,.F.);
#1399 = EDGE_CURVE('',#1400,#1402,#1404,.T.);
#1400 = VERTEX_POINT('',#1401);
#1401 = CARTESIAN_POINT('',(-2.795,0.352588704438,-3.391));
#1402 = VERTEX_POINT('',#1403);
#1403 = CARTESIAN_POINT('',(-2.795,0.657588704438,-3.391));
#1404 = LINE('',#1405,#1406);
#1405 = CARTESIAN_POINT('',(-2.795,0.352588704438,-3.391));
#1406 = VECTOR('',#1407,1.);
#1407 = DIRECTION('',(0.,1.,0.));
#1408 = ORIENTED_EDGE('',*,*,#1409,.T.);
#1409 = EDGE_CURVE('',#1400,#1410,#1412,.T.);
#1410 = VERTEX_POINT('',#1411);
#1411 = CARTESIAN_POINT('',(-2.795,0.352588704438,-2.959));
#1412 = LINE('',#1413,#1414);
#1413 = CARTESIAN_POINT('',(-2.795,0.352588704438,-3.391));
#1414 = VECTOR('',#1415,1.);
#1415 = DIRECTION('',(0.,0.,1.));
#1416 = ORIENTED_EDGE('',*,*,#1417,.T.);
#1417 = EDGE_CURVE('',#1410,#1418,#1420,.T.);
#1418 = VERTEX_POINT('',#1419);
#1419 = CARTESIAN_POINT('',(-2.795,0.657588704438,-2.959));
#1420 = LINE('',#1421,#1422);
#1421 = CARTESIAN_POINT('',(-2.795,0.352588704438,-2.959));
#1422 = VECTOR('',#1423,1.);
#1423 = DIRECTION('',(0.,1.,0.));
#1424 = ORIENTED_EDGE('',*,*,#1425,.F.);
#1425 = EDGE_CURVE('',#1402,#1418,#1426,.T.);
#1426 = LINE('',#1427,#1428);
#1427 = CARTESIAN_POINT('',(-2.795,0.657588704438,-3.391));
#1428 = VECTOR('',#1429,1.);
#1429 = DIRECTION('',(0.,0.,1.));
#1430 = FACE_BOUND('',#1431,.F.);
#1431 = EDGE_LOOP('',(#1432,#1442,#1450,#1458));
#1432 = ORIENTED_EDGE('',*,*,#1433,.F.);
#1433 = EDGE_CURVE('',#1434,#1436,#1438,.T.);
#1434 = VERTEX_POINT('',#1435);
#1435 = CARTESIAN_POINT('',(-2.795,0.352588704438,-4.661));
#1436 = VERTEX_POINT('',#1437);
#1437 = CARTESIAN_POINT('',(-2.795,0.657588704438,-4.661));
#1438 = LINE('',#1439,#1440);
#1439 = CARTESIAN_POINT('',(-2.795,0.352588704438,-4.661));
#1440 = VECTOR('',#1441,1.);
#1441 = DIRECTION('',(0.,1.,0.));
#1442 = ORIENTED_EDGE('',*,*,#1443,.T.);
#1443 = EDGE_CURVE('',#1434,#1444,#1446,.T.);
#1444 = VERTEX_POINT('',#1445);
#1445 = CARTESIAN_POINT('',(-2.795,0.352588704438,-4.229));
#1446 = LINE('',#1447,#1448);
#1447 = CARTESIAN_POINT('',(-2.795,0.352588704438,-4.661));
#1448 = VECTOR('',#1449,1.);
#1449 = DIRECTION('',(0.,0.,1.));
#1450 = ORIENTED_EDGE('',*,*,#1451,.T.);
#1451 = EDGE_CURVE('',#1444,#1452,#1454,.T.);
#1452 = VERTEX_POINT('',#1453);
#1453 = CARTESIAN_POINT('',(-2.795,0.657588704438,-4.229));
#1454 = LINE('',#1455,#1456);
#1455 = CARTESIAN_POINT('',(-2.795,0.352588704438,-4.229));
#1456 = VECTOR('',#1457,1.);
#1457 = DIRECTION('',(0.,1.,0.));
#1458 = ORIENTED_EDGE('',*,*,#1459,.F.);
#1459 = EDGE_CURVE('',#1436,#1452,#1460,.T.);
#1460 = LINE('',#1461,#1462);
#1461 = CARTESIAN_POINT('',(-2.795,0.657588704438,-4.661));
#1462 = VECTOR('',#1463,1.);
#1463 = DIRECTION('',(0.,0.,1.));
#1464 = FACE_BOUND('',#1465,.F.);
#1465 = EDGE_LOOP('',(#1466,#1476,#1484,#1492));
#1466 = ORIENTED_EDGE('',*,*,#1467,.F.);
#1467 = EDGE_CURVE('',#1468,#1470,#1472,.T.);
#1468 = VERTEX_POINT('',#1469);
#1469 = CARTESIAN_POINT('',(-2.795,0.352588704438,-5.931));
#1470 = VERTEX_POINT('',#1471);
#1471 = CARTESIAN_POINT('',(-2.795,0.657588704438,-5.931));
#1472 = LINE('',#1473,#1474);
#1473 = CARTESIAN_POINT('',(-2.795,0.352588704438,-5.931));
#1474 = VECTOR('',#1475,1.);
#1475 = DIRECTION('',(0.,1.,0.));
#1476 = ORIENTED_EDGE('',*,*,#1477,.T.);
#1477 = EDGE_CURVE('',#1468,#1478,#1480,.T.);
#1478 = VERTEX_POINT('',#1479);
#1479 = CARTESIAN_POINT('',(-2.795,0.352588704438,-5.499));
#1480 = LINE('',#1481,#1482);
#1481 = CARTESIAN_POINT('',(-2.795,0.352588704438,-5.931));
#1482 = VECTOR('',#1483,1.);
#1483 = DIRECTION('',(0.,0.,1.));
#1484 = ORIENTED_EDGE('',*,*,#1485,.T.);
#1485 = EDGE_CURVE('',#1478,#1486,#1488,.T.);
#1486 = VERTEX_POINT('',#1487);
#1487 = CARTESIAN_POINT('',(-2.795,0.657588704438,-5.499));
#1488 = LINE('',#1489,#1490);
#1489 = CARTESIAN_POINT('',(-2.795,0.352588704438,-5.499));
#1490 = VECTOR('',#1491,1.);
#1491 = DIRECTION('',(0.,1.,0.));
#1492 = ORIENTED_EDGE('',*,*,#1493,.F.);
#1493 = EDGE_CURVE('',#1470,#1486,#1494,.T.);
#1494 = LINE('',#1495,#1496);
#1495 = CARTESIAN_POINT('',(-2.795,0.657588704438,-5.931));
#1496 = VECTOR('',#1497,1.);
#1497 = DIRECTION('',(0.,0.,1.));
#1498 = FACE_BOUND('',#1499,.F.);
#1499 = EDGE_LOOP('',(#1500,#1501,#1507,#1508));
#1500 = ORIENTED_EDGE('',*,*,#727,.F.);
#1501 = ORIENTED_EDGE('',*,*,#1502,.T.);
#1502 = EDGE_CURVE('',#720,#1038,#1503,.T.);
#1503 = LINE('',#1504,#1505);
#1504 = CARTESIAN_POINT('',(-2.795,0.352588704438,5.499));
#1505 = VECTOR('',#1506,1.);
#1506 = DIRECTION('',(0.,0.,1.));
#1507 = ORIENTED_EDGE('',*,*,#1037,.T.);
#1508 = ORIENTED_EDGE('',*,*,#1162,.F.);
#1509 = PLANE('',#1510);
#1510 = AXIS2_PLACEMENT_3D('',#1511,#1512,#1513);
#1511 = CARTESIAN_POINT('',(-2.795,0.,-6.86));
#1512 = DIRECTION('',(-1.,0.,0.));
#1513 = DIRECTION('',(0.,0.,1.));
#1514 = ADVANCED_FACE('',(#1515),#1526,.T.);
#1515 = FACE_BOUND('',#1516,.F.);
#1516 = EDGE_LOOP('',(#1517,#1523,#1524,#1525));
#1517 = ORIENTED_EDGE('',*,*,#1518,.T.);
#1518 = EDGE_CURVE('',#711,#1046,#1519,.T.);
#1519 = LINE('',#1520,#1521);
#1520 = CARTESIAN_POINT('',(-2.81808593543,0.352588704438,5.499));
#1521 = VECTOR('',#1522,1.);
#1522 = DIRECTION('',(0.,0.,1.));
#1523 = ORIENTED_EDGE('',*,*,#1045,.T.);
#1524 = ORIENTED_EDGE('',*,*,#1502,.F.);
#1525 = ORIENTED_EDGE('',*,*,#719,.F.);
#1526 = PLANE('',#1527);
#1527 = AXIS2_PLACEMENT_3D('',#1528,#1529,#1530);
#1528 = CARTESIAN_POINT('',(-3.031528558381,0.352588704438,5.499));
#1529 = DIRECTION('',(0.,-1.,0.));
#1530 = DIRECTION('',(1.,0.,0.));
#1531 = ADVANCED_FACE('',(#1532),#1543,.F.);
#1532 = FACE_BOUND('',#1533,.F.);
#1533 = EDGE_LOOP('',(#1534,#1535,#1536,#1542));
#1534 = ORIENTED_EDGE('',*,*,#1518,.F.);
#1535 = ORIENTED_EDGE('',*,*,#710,.T.);
#1536 = ORIENTED_EDGE('',*,*,#1537,.T.);
#1537 = EDGE_CURVE('',#703,#1054,#1538,.T.);
#1538 = LINE('',#1539,#1540);
#1539 = CARTESIAN_POINT('',(-3.101505151212,0.150942901735,5.499));
#1540 = VECTOR('',#1541,1.);
#1541 = DIRECTION('',(0.,0.,1.));
#1542 = ORIENTED_EDGE('',*,*,#1053,.T.);
#1543 = CYLINDRICAL_SURFACE('',#1544,0.3);
#1544 = AXIS2_PLACEMENT_3D('',#1545,#1546,#1547);
#1545 = CARTESIAN_POINT('',(-2.81808593543,5.258870443803E-02,
    -20.2310747102));
#1546 = DIRECTION('',(0.,0.,1.));
#1547 = DIRECTION('',(0.,1.,0.));
#1548 = ADVANCED_FACE('',(#1549),#1560,.T.);
#1549 = FACE_BOUND('',#1550,.F.);
#1550 = EDGE_LOOP('',(#1551,#1557,#1558,#1559));
#1551 = ORIENTED_EDGE('',*,*,#1552,.F.);
#1552 = EDGE_CURVE('',#1063,#694,#1553,.T.);
#1553 = LINE('',#1554,#1555);
#1554 = CARTESIAN_POINT('',(-3.133481231443,5.880005646736E-02,5.931));
#1555 = VECTOR('',#1556,1.);
#1556 = DIRECTION('',(0.,0.,-1.));
#1557 = ORIENTED_EDGE('',*,*,#1062,.T.);
#1558 = ORIENTED_EDGE('',*,*,#1537,.F.);
#1559 = ORIENTED_EDGE('',*,*,#702,.F.);
#1560 = PLANE('',#1561);
#1561 = AXIS2_PLACEMENT_3D('',#1562,#1563,#1564);
#1562 = CARTESIAN_POINT('',(-3.199,-0.13,5.499));
#1563 = DIRECTION('',(0.944730719271,-0.327847324322,0.));
#1564 = DIRECTION('',(0.327847324322,0.944730719271,0.));
#1565 = ADVANCED_FACE('',(#1566),#1577,.T.);
#1566 = FACE_BOUND('',#1567,.T.);
#1567 = EDGE_LOOP('',(#1568,#1569,#1570,#1576));
#1568 = ORIENTED_EDGE('',*,*,#1552,.F.);
#1569 = ORIENTED_EDGE('',*,*,#1070,.F.);
#1570 = ORIENTED_EDGE('',*,*,#1571,.T.);
#1571 = EDGE_CURVE('',#1071,#686,#1572,.T.);
#1572 = LINE('',#1573,#1574);
#1573 = CARTESIAN_POINT('',(-3.398467786893,-0.142278939174,5.931));
#1574 = VECTOR('',#1575,1.);
#1575 = DIRECTION('',(0.,0.,-1.));
#1576 = ORIENTED_EDGE('',*,*,#693,.F.);
#1577 = CYLINDRICAL_SURFACE('',#1578,0.3);
#1578 = AXIS2_PLACEMENT_3D('',#1579,#1580,#1581);
#1579 = CARTESIAN_POINT('',(-3.416900447224,0.157154253764,24.745392));
#1580 = DIRECTION('',(0.,0.,-1.));
#1581 = DIRECTION('',(0.944730719271,-0.327847324322,0.));
#1582 = ADVANCED_FACE('',(#1583),#1594,.T.);
#1583 = FACE_BOUND('',#1584,.F.);
#1584 = EDGE_LOOP('',(#1585,#1586,#1587,#1593));
#1585 = ORIENTED_EDGE('',*,*,#1571,.T.);
#1586 = ORIENTED_EDGE('',*,*,#685,.F.);
#1587 = ORIENTED_EDGE('',*,*,#1588,.T.);
#1588 = EDGE_CURVE('',#678,#1080,#1589,.T.);
#1589 = LINE('',#1590,#1591);
#1590 = CARTESIAN_POINT('',(-3.81,-0.167612247834,5.499));
#1591 = VECTOR('',#1592,1.);
#1592 = DIRECTION('',(0.,0.,1.));
#1593 = ORIENTED_EDGE('',*,*,#1079,.T.);
#1594 = PLANE('',#1595);
#1595 = AXIS2_PLACEMENT_3D('',#1596,#1597,#1598);
#1596 = CARTESIAN_POINT('',(-3.81,-0.167612247834,5.499));
#1597 = DIRECTION('',(6.144220110442E-02,-0.998110643127,0.));
#1598 = DIRECTION('',(0.998110643127,6.144220110442E-02,0.));
#1599 = ADVANCED_FACE('',(#1600),#1611,.T.);
#1600 = FACE_BOUND('',#1601,.F.);
#1601 = EDGE_LOOP('',(#1602,#1603,#1609,#1610));
#1602 = ORIENTED_EDGE('',*,*,#677,.F.);
#1603 = ORIENTED_EDGE('',*,*,#1604,.T.);
#1604 = EDGE_CURVE('',#670,#1088,#1605,.T.);
#1605 = LINE('',#1606,#1607);
#1606 = CARTESIAN_POINT('',(-3.81,0.137387752166,5.499));
#1607 = VECTOR('',#1608,1.);
#1608 = DIRECTION('',(0.,0.,1.));
#1609 = ORIENTED_EDGE('',*,*,#1087,.T.);
#1610 = ORIENTED_EDGE('',*,*,#1588,.F.);
#1611 = PLANE('',#1612);
#1612 = AXIS2_PLACEMENT_3D('',#1613,#1614,#1615);
#1613 = CARTESIAN_POINT('',(-3.81,0.137387752166,5.499));
#1614 = DIRECTION('',(-1.,0.,0.));
#1615 = DIRECTION('',(0.,-1.,0.));
#1616 = ADVANCED_FACE('',(#1617),#1628,.T.);
#1617 = FACE_BOUND('',#1618,.F.);
#1618 = EDGE_LOOP('',(#1619,#1625,#1626,#1627));
#1619 = ORIENTED_EDGE('',*,*,#1620,.T.);
#1620 = EDGE_CURVE('',#661,#1096,#1621,.T.);
#1621 = LINE('',#1622,#1623);
#1622 = CARTESIAN_POINT('',(-3.620204636074,0.149071271423,5.499));
#1623 = VECTOR('',#1624,1.);
#1624 = DIRECTION('',(0.,0.,1.));
#1625 = ORIENTED_EDGE('',*,*,#1095,.T.);
#1626 = ORIENTED_EDGE('',*,*,#1604,.F.);
#1627 = ORIENTED_EDGE('',*,*,#669,.F.);
#1628 = PLANE('',#1629);
#1629 = AXIS2_PLACEMENT_3D('',#1630,#1631,#1632);
#1630 = CARTESIAN_POINT('',(-3.42073684918,0.161350210597,5.499));
#1631 = DIRECTION('',(-6.144220110442E-02,0.998110643127,0.));
#1632 = DIRECTION('',(-0.998110643127,-6.144220110442E-02,0.));
#1633 = ADVANCED_FACE('',(#1634),#1645,.F.);
#1634 = FACE_BOUND('',#1635,.F.);
#1635 = EDGE_LOOP('',(#1636,#1637,#1638,#1644));
#1636 = ORIENTED_EDGE('',*,*,#1620,.F.);
#1637 = ORIENTED_EDGE('',*,*,#660,.T.);
#1638 = ORIENTED_EDGE('',*,*,#1639,.T.);
#1639 = EDGE_CURVE('',#653,#1104,#1640,.T.);
#1640 = LINE('',#1641,#1642);
#1641 = CARTESIAN_POINT('',(-3.355218080624,0.350150267064,5.499));
#1642 = VECTOR('',#1643,1.);
#1643 = DIRECTION('',(0.,0.,1.));
#1644 = ORIENTED_EDGE('',*,*,#1103,.T.);
#1645 = CYLINDRICAL_SURFACE('',#1646,0.3);
#1646 = AXIS2_PLACEMENT_3D('',#1647,#1648,#1649);
#1647 = CARTESIAN_POINT('',(-3.638637296405,0.448504464361,
    -20.1702332831));
#1648 = DIRECTION('',(0.,0.,1.));
#1649 = DIRECTION('',(6.144220110442E-02,-0.998110643127,0.));
#1650 = ADVANCED_FACE('',(#1651),#1657,.T.);
#1651 = FACE_BOUND('',#1652,.F.);
#1652 = EDGE_LOOP('',(#1653,#1654,#1655,#1656));
#1653 = ORIENTED_EDGE('',*,*,#1138,.F.);
#1654 = ORIENTED_EDGE('',*,*,#1112,.T.);
#1655 = ORIENTED_EDGE('',*,*,#1639,.F.);
#1656 = ORIENTED_EDGE('',*,*,#652,.F.);
#1657 = PLANE('',#1658);
#1658 = AXIS2_PLACEMENT_3D('',#1659,#1660,#1661);
#1659 = CARTESIAN_POINT('',(-3.248528558381,0.657588704438,5.499));
#1660 = DIRECTION('',(-0.944730719271,0.327847324322,0.));
#1661 = DIRECTION('',(-0.327847324322,-0.944730719271,0.));
#1662 = ADVANCED_FACE('',(#1663),#1756,.F.);
#1663 = FACE_BOUND('',#1664,.F.);
#1664 = EDGE_LOOP('',(#1665,#1676,#1682,#1683,#1691,#1700,#1708,#1717,
    #1725,#1733,#1741,#1750));
#1665 = ORIENTED_EDGE('',*,*,#1666,.F.);
#1666 = EDGE_CURVE('',#1667,#1669,#1671,.T.);
#1667 = VERTEX_POINT('',#1668);
#1668 = CARTESIAN_POINT('',(3.03508593543,0.657588704438,4.229));
#1669 = VERTEX_POINT('',#1670);
#1670 = CARTESIAN_POINT('',(3.318505151212,0.455942901734,4.229));
#1671 = CIRCLE('',#1672,0.3);
#1672 = AXIS2_PLACEMENT_3D('',#1673,#1674,#1675);
#1673 = CARTESIAN_POINT('',(3.03508593543,0.357588704438,4.229));
#1674 = DIRECTION('',(0.,0.,-1.));
#1675 = DIRECTION('',(0.,1.,0.));
#1676 = ORIENTED_EDGE('',*,*,#1677,.T.);
#1677 = EDGE_CURVE('',#1667,#199,#1678,.T.);
#1678 = LINE('',#1679,#1680);
#1679 = CARTESIAN_POINT('',(3.03508593543,0.657588704438,4.229));
#1680 = VECTOR('',#1681,1.);
#1681 = DIRECTION('',(-1.,0.,0.));
#1682 = ORIENTED_EDGE('',*,*,#196,.F.);
#1683 = ORIENTED_EDGE('',*,*,#1684,.T.);
#1684 = EDGE_CURVE('',#197,#1685,#1687,.T.);
#1685 = VERTEX_POINT('',#1686);
#1686 = CARTESIAN_POINT('',(2.81808593543,0.352588704438,4.229));
#1687 = LINE('',#1688,#1689);
#1688 = CARTESIAN_POINT('',(2.795,0.352588704438,4.229));
#1689 = VECTOR('',#1690,1.);
#1690 = DIRECTION('',(1.,0.,7.694541313903E-14));
#1691 = ORIENTED_EDGE('',*,*,#1692,.F.);
#1692 = EDGE_CURVE('',#1693,#1685,#1695,.T.);
#1693 = VERTEX_POINT('',#1694);
#1694 = CARTESIAN_POINT('',(3.101505151212,0.150942901735,4.229));
#1695 = CIRCLE('',#1696,0.3);
#1696 = AXIS2_PLACEMENT_3D('',#1697,#1698,#1699);
#1697 = CARTESIAN_POINT('',(2.81808593543,5.258870443803E-02,4.229));
#1698 = DIRECTION('',(0.,0.,1.));
#1699 = DIRECTION('',(0.944730719271,0.327847324322,-0.));
#1700 = ORIENTED_EDGE('',*,*,#1701,.T.);
#1701 = EDGE_CURVE('',#1693,#1702,#1704,.T.);
#1702 = VERTEX_POINT('',#1703);
#1703 = CARTESIAN_POINT('',(3.133481231443,5.880005646736E-02,4.229));
#1704 = LINE('',#1705,#1706);
#1705 = CARTESIAN_POINT('',(3.101505151212,0.150942901735,4.229));
#1706 = VECTOR('',#1707,1.);
#1707 = DIRECTION('',(0.327847324322,-0.944730719271,-3.642559266981E-14
    ));
#1708 = ORIENTED_EDGE('',*,*,#1709,.F.);
#1709 = EDGE_CURVE('',#1710,#1702,#1712,.T.);
#1710 = VERTEX_POINT('',#1711);
#1711 = CARTESIAN_POINT('',(3.398467786893,-0.142278939174,4.229));
#1712 = CIRCLE('',#1713,0.3);
#1713 = AXIS2_PLACEMENT_3D('',#1714,#1715,#1716);
#1714 = CARTESIAN_POINT('',(3.416900447224,0.157154253764,4.229));
#1715 = DIRECTION('',(0.,0.,-1.));
#1716 = DIRECTION('',(-6.144220110442E-02,-0.998110643127,-0.));
#1717 = ORIENTED_EDGE('',*,*,#1718,.T.);
#1718 = EDGE_CURVE('',#1710,#1719,#1721,.T.);
#1719 = VERTEX_POINT('',#1720);
#1720 = CARTESIAN_POINT('',(3.81,-0.167612247834,4.229));
#1721 = LINE('',#1722,#1723);
#1722 = CARTESIAN_POINT('',(3.398467786893,-0.142278939174,4.229));
#1723 = VECTOR('',#1724,1.);
#1724 = DIRECTION('',(0.998110643127,-6.144220110442E-02,0.));
#1725 = ORIENTED_EDGE('',*,*,#1726,.T.);
#1726 = EDGE_CURVE('',#1719,#1727,#1729,.T.);
#1727 = VERTEX_POINT('',#1728);
#1728 = CARTESIAN_POINT('',(3.81,0.137387752166,4.229));
#1729 = LINE('',#1730,#1731);
#1730 = CARTESIAN_POINT('',(3.81,-0.167612247834,4.229));
#1731 = VECTOR('',#1732,1.);
#1732 = DIRECTION('',(0.,1.,0.));
#1733 = ORIENTED_EDGE('',*,*,#1734,.T.);
#1734 = EDGE_CURVE('',#1727,#1735,#1737,.T.);
#1735 = VERTEX_POINT('',#1736);
#1736 = CARTESIAN_POINT('',(3.620204636074,0.149071271423,4.229));
#1737 = LINE('',#1738,#1739);
#1738 = CARTESIAN_POINT('',(3.81,0.137387752166,4.229));
#1739 = VECTOR('',#1740,1.);
#1740 = DIRECTION('',(-0.998110643127,6.144220110442E-02,
    1.401246556331E-14));
#1741 = ORIENTED_EDGE('',*,*,#1742,.F.);
#1742 = EDGE_CURVE('',#1743,#1735,#1745,.T.);
#1743 = VERTEX_POINT('',#1744);
#1744 = CARTESIAN_POINT('',(3.355218080624,0.350150267064,4.229));
#1745 = CIRCLE('',#1746,0.3);
#1746 = AXIS2_PLACEMENT_3D('',#1747,#1748,#1749);
#1747 = CARTESIAN_POINT('',(3.638637296405,0.448504464361,4.229));
#1748 = DIRECTION('',(0.,0.,1.));
#1749 = DIRECTION('',(-0.944730719271,-0.327847324322,0.));
#1750 = ORIENTED_EDGE('',*,*,#1751,.T.);
#1751 = EDGE_CURVE('',#1743,#1669,#1752,.T.);
#1752 = LINE('',#1753,#1754);
#1753 = CARTESIAN_POINT('',(3.355218080624,0.350150267064,4.229));
#1754 = VECTOR('',#1755,1.);
#1755 = DIRECTION('',(-0.327847324322,0.944730719271,-2.379436261987E-14
    ));
#1756 = PLANE('',#1757);
#1757 = AXIS2_PLACEMENT_3D('',#1758,#1759,#1760);
#1758 = CARTESIAN_POINT('',(0.,0.,4.229));
#1759 = DIRECTION('',(0.,0.,1.));
#1760 = DIRECTION('',(1.,0.,-0.));
#1761 = ADVANCED_FACE('',(#1762),#1855,.F.);
#1762 = FACE_BOUND('',#1763,.F.);
#1763 = EDGE_LOOP('',(#1764,#1775,#1783,#1792,#1800,#1808,#1816,#1825,
    #1833,#1842,#1848,#1849));
#1764 = ORIENTED_EDGE('',*,*,#1765,.F.);
#1765 = EDGE_CURVE('',#1766,#1768,#1770,.T.);
#1766 = VERTEX_POINT('',#1767);
#1767 = CARTESIAN_POINT('',(-3.318505151212,0.455942901734,4.229));
#1768 = VERTEX_POINT('',#1769);
#1769 = CARTESIAN_POINT('',(-3.03508593543,0.657588704438,4.229));
#1770 = CIRCLE('',#1771,0.3);
#1771 = AXIS2_PLACEMENT_3D('',#1772,#1773,#1774);
#1772 = CARTESIAN_POINT('',(-3.03508593543,0.357588704438,4.229));
#1773 = DIRECTION('',(0.,0.,-1.));
#1774 = DIRECTION('',(-0.944730719271,0.327847324322,0.));
#1775 = ORIENTED_EDGE('',*,*,#1776,.T.);
#1776 = EDGE_CURVE('',#1766,#1777,#1779,.T.);
#1777 = VERTEX_POINT('',#1778);
#1778 = CARTESIAN_POINT('',(-3.355218080624,0.350150267064,4.229));
#1779 = LINE('',#1780,#1781);
#1780 = CARTESIAN_POINT('',(-3.318505151212,0.455942901734,4.229));
#1781 = VECTOR('',#1782,1.);
#1782 = DIRECTION('',(-0.327847324322,-0.944730719271,4.758872523974E-14
    ));
#1783 = ORIENTED_EDGE('',*,*,#1784,.F.);
#1784 = EDGE_CURVE('',#1785,#1777,#1787,.T.);
#1785 = VERTEX_POINT('',#1786);
#1786 = CARTESIAN_POINT('',(-3.620204636074,0.149071271423,4.229));
#1787 = CIRCLE('',#1788,0.3);
#1788 = AXIS2_PLACEMENT_3D('',#1789,#1790,#1791);
#1789 = CARTESIAN_POINT('',(-3.638637296405,0.448504464361,4.229));
#1790 = DIRECTION('',(0.,0.,1.));
#1791 = DIRECTION('',(6.144220110442E-02,-0.998110643127,0.));
#1792 = ORIENTED_EDGE('',*,*,#1793,.T.);
#1793 = EDGE_CURVE('',#1785,#1794,#1796,.T.);
#1794 = VERTEX_POINT('',#1795);
#1795 = CARTESIAN_POINT('',(-3.81,0.137387752166,4.229));
#1796 = LINE('',#1797,#1798);
#1797 = CARTESIAN_POINT('',(-3.620204636074,0.149071271423,4.229));
#1798 = VECTOR('',#1799,1.);
#1799 = DIRECTION('',(-0.998110643127,-6.144220110442E-02,
    -1.868328741775E-14));
#1800 = ORIENTED_EDGE('',*,*,#1801,.T.);
#1801 = EDGE_CURVE('',#1794,#1802,#1804,.T.);
#1802 = VERTEX_POINT('',#1803);
#1803 = CARTESIAN_POINT('',(-3.81,-0.167612247834,4.229));
#1804 = LINE('',#1805,#1806);
#1805 = CARTESIAN_POINT('',(-3.81,0.137387752166,4.229));
#1806 = VECTOR('',#1807,1.);
#1807 = DIRECTION('',(0.,-1.,0.));
#1808 = ORIENTED_EDGE('',*,*,#1809,.T.);
#1809 = EDGE_CURVE('',#1802,#1810,#1812,.T.);
#1810 = VERTEX_POINT('',#1811);
#1811 = CARTESIAN_POINT('',(-3.398467786893,-0.142278939174,4.229));
#1812 = LINE('',#1813,#1814);
#1813 = CARTESIAN_POINT('',(-3.81,-0.167612247834,4.229));
#1814 = VECTOR('',#1815,1.);
#1815 = DIRECTION('',(0.998110643127,6.144220110442E-02,0.));
#1816 = ORIENTED_EDGE('',*,*,#1817,.F.);
#1817 = EDGE_CURVE('',#1818,#1810,#1820,.T.);
#1818 = VERTEX_POINT('',#1819);
#1819 = CARTESIAN_POINT('',(-3.133481231443,5.880005646736E-02,4.229));
#1820 = CIRCLE('',#1821,0.3);
#1821 = AXIS2_PLACEMENT_3D('',#1822,#1823,#1824);
#1822 = CARTESIAN_POINT('',(-3.416900447224,0.157154253764,4.229));
#1823 = DIRECTION('',(0.,0.,-1.));
#1824 = DIRECTION('',(0.944730719271,-0.327847324322,0.));
#1825 = ORIENTED_EDGE('',*,*,#1826,.T.);
#1826 = EDGE_CURVE('',#1818,#1827,#1829,.T.);
#1827 = VERTEX_POINT('',#1828);
#1828 = CARTESIAN_POINT('',(-3.101505151212,0.150942901735,4.229));
#1829 = LINE('',#1830,#1831);
#1830 = CARTESIAN_POINT('',(-3.133481231443,5.880005646736E-02,4.229));
#1831 = VECTOR('',#1832,1.);
#1832 = DIRECTION('',(0.327847324322,0.944730719271,1.82127963349E-14));
#1833 = ORIENTED_EDGE('',*,*,#1834,.F.);
#1834 = EDGE_CURVE('',#1835,#1827,#1837,.T.);
#1835 = VERTEX_POINT('',#1836);
#1836 = CARTESIAN_POINT('',(-2.81808593543,0.352588704438,4.229));
#1837 = CIRCLE('',#1838,0.3);
#1838 = AXIS2_PLACEMENT_3D('',#1839,#1840,#1841);
#1839 = CARTESIAN_POINT('',(-2.81808593543,5.258870443803E-02,4.229));
#1840 = DIRECTION('',(0.,-0.,1.));
#1841 = DIRECTION('',(0.,1.,0.));
#1842 = ORIENTED_EDGE('',*,*,#1843,.T.);
#1843 = EDGE_CURVE('',#1835,#1196,#1844,.T.);
#1844 = LINE('',#1845,#1846);
#1845 = CARTESIAN_POINT('',(-2.81808593543,0.352588704438,4.229));
#1846 = VECTOR('',#1847,1.);
#1847 = DIRECTION('',(1.,0.,0.));
#1848 = ORIENTED_EDGE('',*,*,#1195,.T.);
#1849 = ORIENTED_EDGE('',*,*,#1850,.T.);
#1850 = EDGE_CURVE('',#1198,#1768,#1851,.T.);
#1851 = LINE('',#1852,#1853);
#1852 = CARTESIAN_POINT('',(-2.795,0.657588704438,4.229));
#1853 = VECTOR('',#1854,1.);
#1854 = DIRECTION('',(-1.,0.,0.));
#1855 = PLANE('',#1856);
#1856 = AXIS2_PLACEMENT_3D('',#1857,#1858,#1859);
#1857 = CARTESIAN_POINT('',(0.,0.,4.229));
#1858 = DIRECTION('',(0.,0.,1.));
#1859 = DIRECTION('',(1.,0.,-0.));
#1860 = ADVANCED_FACE('',(#1861),#1887,.T.);
#1861 = FACE_BOUND('',#1862,.T.);
#1862 = EDGE_LOOP('',(#1863,#1871,#1880,#1886));
#1863 = ORIENTED_EDGE('',*,*,#1864,.F.);
#1864 = EDGE_CURVE('',#1865,#1667,#1867,.T.);
#1865 = VERTEX_POINT('',#1866);
#1866 = CARTESIAN_POINT('',(3.03508593543,0.657588704438,4.661));
#1867 = LINE('',#1868,#1869);
#1868 = CARTESIAN_POINT('',(3.03508593543,0.657588704438,4.661));
#1869 = VECTOR('',#1870,1.);
#1870 = DIRECTION('',(0.,0.,-1.));
#1871 = ORIENTED_EDGE('',*,*,#1872,.F.);
#1872 = EDGE_CURVE('',#1873,#1865,#1875,.T.);
#1873 = VERTEX_POINT('',#1874);
#1874 = CARTESIAN_POINT('',(3.318505151212,0.455942901734,4.661));
#1875 = CIRCLE('',#1876,0.3);
#1876 = AXIS2_PLACEMENT_3D('',#1877,#1878,#1879);
#1877 = CARTESIAN_POINT('',(3.03508593543,0.357588704438,4.661));
#1878 = DIRECTION('',(0.,0.,1.));
#1879 = DIRECTION('',(0.944730719271,0.327847324322,-0.));
#1880 = ORIENTED_EDGE('',*,*,#1881,.T.);
#1881 = EDGE_CURVE('',#1873,#1669,#1882,.T.);
#1882 = LINE('',#1883,#1884);
#1883 = CARTESIAN_POINT('',(3.318505151212,0.455942901734,4.661));
#1884 = VECTOR('',#1885,1.);
#1885 = DIRECTION('',(0.,0.,-1.));
#1886 = ORIENTED_EDGE('',*,*,#1666,.F.);
#1887 = CYLINDRICAL_SURFACE('',#1888,0.3);
#1888 = AXIS2_PLACEMENT_3D('',#1889,#1890,#1891);
#1889 = CARTESIAN_POINT('',(3.03508593543,0.357588704438,24.745392));
#1890 = DIRECTION('',(0.,0.,-1.));
#1891 = DIRECTION('',(0.,1.,0.));
#1892 = ADVANCED_FACE('',(#1893),#1911,.T.);
#1893 = FACE_BOUND('',#1894,.F.);
#1894 = EDGE_LOOP('',(#1895,#1896,#1897,#1905));
#1895 = ORIENTED_EDGE('',*,*,#1881,.T.);
#1896 = ORIENTED_EDGE('',*,*,#1751,.F.);
#1897 = ORIENTED_EDGE('',*,*,#1898,.T.);
#1898 = EDGE_CURVE('',#1743,#1899,#1901,.T.);
#1899 = VERTEX_POINT('',#1900);
#1900 = CARTESIAN_POINT('',(3.355218080624,0.350150267064,4.661));
#1901 = LINE('',#1902,#1903);
#1902 = CARTESIAN_POINT('',(3.355218080624,0.350150267064,4.229));
#1903 = VECTOR('',#1904,1.);
#1904 = DIRECTION('',(0.,0.,1.));
#1905 = ORIENTED_EDGE('',*,*,#1906,.T.);
#1906 = EDGE_CURVE('',#1899,#1873,#1907,.T.);
#1907 = LINE('',#1908,#1909);
#1908 = CARTESIAN_POINT('',(3.355218080624,0.350150267064,4.661));
#1909 = VECTOR('',#1910,1.);
#1910 = DIRECTION('',(-0.327847324322,0.944730719271,0.));
#1911 = PLANE('',#1912);
#1912 = AXIS2_PLACEMENT_3D('',#1913,#1914,#1915);
#1913 = CARTESIAN_POINT('',(3.42073684918,0.161350210597,4.229));
#1914 = DIRECTION('',(0.944730719271,0.327847324322,0.));
#1915 = DIRECTION('',(-0.327847324322,0.944730719271,0.));
#1916 = ADVANCED_FACE('',(#1917),#1936,.F.);
#1917 = FACE_BOUND('',#1918,.F.);
#1918 = EDGE_LOOP('',(#1919,#1920,#1921,#1929));
#1919 = ORIENTED_EDGE('',*,*,#1898,.F.);
#1920 = ORIENTED_EDGE('',*,*,#1742,.T.);
#1921 = ORIENTED_EDGE('',*,*,#1922,.T.);
#1922 = EDGE_CURVE('',#1735,#1923,#1925,.T.);
#1923 = VERTEX_POINT('',#1924);
#1924 = CARTESIAN_POINT('',(3.620204636074,0.149071271423,4.661));
#1925 = LINE('',#1926,#1927);
#1926 = CARTESIAN_POINT('',(3.620204636074,0.149071271423,4.229));
#1927 = VECTOR('',#1928,1.);
#1928 = DIRECTION('',(0.,0.,1.));
#1929 = ORIENTED_EDGE('',*,*,#1930,.T.);
#1930 = EDGE_CURVE('',#1923,#1899,#1931,.T.);
#1931 = CIRCLE('',#1932,0.3);
#1932 = AXIS2_PLACEMENT_3D('',#1933,#1934,#1935);
#1933 = CARTESIAN_POINT('',(3.638637296405,0.448504464361,4.661));
#1934 = DIRECTION('',(0.,0.,-1.));
#1935 = DIRECTION('',(-6.144220110442E-02,-0.998110643127,-0.));
#1936 = CYLINDRICAL_SURFACE('',#1937,0.3);
#1937 = AXIS2_PLACEMENT_3D('',#1938,#1939,#1940);
#1938 = CARTESIAN_POINT('',(3.638637296405,0.448504464361,
    -23.09578605152));
#1939 = DIRECTION('',(0.,0.,1.));
#1940 = DIRECTION('',(-0.944730719271,-0.327847324322,0.));
#1941 = ADVANCED_FACE('',(#1942),#1960,.T.);
#1942 = FACE_BOUND('',#1943,.F.);
#1943 = EDGE_LOOP('',(#1944,#1945,#1946,#1954));
#1944 = ORIENTED_EDGE('',*,*,#1922,.F.);
#1945 = ORIENTED_EDGE('',*,*,#1734,.F.);
#1946 = ORIENTED_EDGE('',*,*,#1947,.T.);
#1947 = EDGE_CURVE('',#1727,#1948,#1950,.T.);
#1948 = VERTEX_POINT('',#1949);
#1949 = CARTESIAN_POINT('',(3.81,0.137387752166,4.661));
#1950 = LINE('',#1951,#1952);
#1951 = CARTESIAN_POINT('',(3.81,0.137387752166,4.229));
#1952 = VECTOR('',#1953,1.);
#1953 = DIRECTION('',(0.,0.,1.));
#1954 = ORIENTED_EDGE('',*,*,#1955,.T.);
#1955 = EDGE_CURVE('',#1948,#1923,#1956,.T.);
#1956 = LINE('',#1957,#1958);
#1957 = CARTESIAN_POINT('',(3.81,0.137387752166,4.661));
#1958 = VECTOR('',#1959,1.);
#1959 = DIRECTION('',(-0.998110643127,6.144220110442E-02,0.));
#1960 = PLANE('',#1961);
#1961 = AXIS2_PLACEMENT_3D('',#1962,#1963,#1964);
#1962 = CARTESIAN_POINT('',(3.81,0.137387752166,4.229));
#1963 = DIRECTION('',(6.144220110442E-02,0.998110643127,0.));
#1964 = DIRECTION('',(-0.998110643127,6.144220110442E-02,0.));
#1965 = ADVANCED_FACE('',(#1966),#1984,.T.);
#1966 = FACE_BOUND('',#1967,.F.);
#1967 = EDGE_LOOP('',(#1968,#1969,#1977,#1983));
#1968 = ORIENTED_EDGE('',*,*,#1726,.F.);
#1969 = ORIENTED_EDGE('',*,*,#1970,.T.);
#1970 = EDGE_CURVE('',#1719,#1971,#1973,.T.);
#1971 = VERTEX_POINT('',#1972);
#1972 = CARTESIAN_POINT('',(3.81,-0.167612247834,4.661));
#1973 = LINE('',#1974,#1975);
#1974 = CARTESIAN_POINT('',(3.81,-0.167612247834,4.229));
#1975 = VECTOR('',#1976,1.);
#1976 = DIRECTION('',(0.,0.,1.));
#1977 = ORIENTED_EDGE('',*,*,#1978,.T.);
#1978 = EDGE_CURVE('',#1971,#1948,#1979,.T.);
#1979 = LINE('',#1980,#1981);
#1980 = CARTESIAN_POINT('',(3.81,-0.167612247834,4.661));
#1981 = VECTOR('',#1982,1.);
#1982 = DIRECTION('',(0.,1.,0.));
#1983 = ORIENTED_EDGE('',*,*,#1947,.F.);
#1984 = PLANE('',#1985);
#1985 = AXIS2_PLACEMENT_3D('',#1986,#1987,#1988);
#1986 = CARTESIAN_POINT('',(3.81,-0.167612247834,4.229));
#1987 = DIRECTION('',(1.,0.,0.));
#1988 = DIRECTION('',(-0.,1.,0.));
#1989 = ADVANCED_FACE('',(#1990),#2008,.T.);
#1990 = FACE_BOUND('',#1991,.F.);
#1991 = EDGE_LOOP('',(#1992,#2000,#2006,#2007));
#1992 = ORIENTED_EDGE('',*,*,#1993,.F.);
#1993 = EDGE_CURVE('',#1994,#1710,#1996,.T.);
#1994 = VERTEX_POINT('',#1995);
#1995 = CARTESIAN_POINT('',(3.398467786893,-0.142278939174,4.661));
#1996 = LINE('',#1997,#1998);
#1997 = CARTESIAN_POINT('',(3.398467786893,-0.142278939174,4.661));
#1998 = VECTOR('',#1999,1.);
#1999 = DIRECTION('',(0.,0.,-1.));
#2000 = ORIENTED_EDGE('',*,*,#2001,.T.);
#2001 = EDGE_CURVE('',#1994,#1971,#2002,.T.);
#2002 = LINE('',#2003,#2004);
#2003 = CARTESIAN_POINT('',(3.398467786893,-0.142278939174,4.661));
#2004 = VECTOR('',#2005,1.);
#2005 = DIRECTION('',(0.998110643127,-6.144220110442E-02,0.));
#2006 = ORIENTED_EDGE('',*,*,#1970,.F.);
#2007 = ORIENTED_EDGE('',*,*,#1718,.F.);
#2008 = PLANE('',#2009);
#2009 = AXIS2_PLACEMENT_3D('',#2010,#2011,#2012);
#2010 = CARTESIAN_POINT('',(3.199,-0.13,4.229));
#2011 = DIRECTION('',(-6.144220110442E-02,-0.998110643127,0.));
#2012 = DIRECTION('',(0.998110643127,-6.144220110442E-02,0.));
#2013 = ADVANCED_FACE('',(#2014),#2033,.T.);
#2014 = FACE_BOUND('',#2015,.T.);
#2015 = EDGE_LOOP('',(#2016,#2017,#2026,#2032));
#2016 = ORIENTED_EDGE('',*,*,#1993,.F.);
#2017 = ORIENTED_EDGE('',*,*,#2018,.F.);
#2018 = EDGE_CURVE('',#2019,#1994,#2021,.T.);
#2019 = VERTEX_POINT('',#2020);
#2020 = CARTESIAN_POINT('',(3.133481231443,5.880005646736E-02,4.661));
#2021 = CIRCLE('',#2022,0.3);
#2022 = AXIS2_PLACEMENT_3D('',#2023,#2024,#2025);
#2023 = CARTESIAN_POINT('',(3.416900447224,0.157154253764,4.661));
#2024 = DIRECTION('',(0.,0.,1.));
#2025 = DIRECTION('',(-0.944730719271,-0.327847324322,0.));
#2026 = ORIENTED_EDGE('',*,*,#2027,.T.);
#2027 = EDGE_CURVE('',#2019,#1702,#2028,.T.);
#2028 = LINE('',#2029,#2030);
#2029 = CARTESIAN_POINT('',(3.133481231443,5.880005646736E-02,4.661));
#2030 = VECTOR('',#2031,1.);
#2031 = DIRECTION('',(0.,0.,-1.));
#2032 = ORIENTED_EDGE('',*,*,#1709,.F.);
#2033 = CYLINDRICAL_SURFACE('',#2034,0.3);
#2034 = AXIS2_PLACEMENT_3D('',#2035,#2036,#2037);
#2035 = CARTESIAN_POINT('',(3.416900447224,0.157154253764,24.745392));
#2036 = DIRECTION('',(0.,0.,-1.));
#2037 = DIRECTION('',(-6.144220110442E-02,-0.998110643127,-0.));
#2038 = ADVANCED_FACE('',(#2039),#2057,.T.);
#2039 = FACE_BOUND('',#2040,.F.);
#2040 = EDGE_LOOP('',(#2041,#2042,#2043,#2051));
#2041 = ORIENTED_EDGE('',*,*,#2027,.T.);
#2042 = ORIENTED_EDGE('',*,*,#1701,.F.);
#2043 = ORIENTED_EDGE('',*,*,#2044,.T.);
#2044 = EDGE_CURVE('',#1693,#2045,#2047,.T.);
#2045 = VERTEX_POINT('',#2046);
#2046 = CARTESIAN_POINT('',(3.101505151212,0.150942901735,4.661));
#2047 = LINE('',#2048,#2049);
#2048 = CARTESIAN_POINT('',(3.101505151212,0.150942901735,4.229));
#2049 = VECTOR('',#2050,1.);
#2050 = DIRECTION('',(0.,0.,1.));
#2051 = ORIENTED_EDGE('',*,*,#2052,.T.);
#2052 = EDGE_CURVE('',#2045,#2019,#2053,.T.);
#2053 = LINE('',#2054,#2055);
#2054 = CARTESIAN_POINT('',(3.101505151212,0.150942901735,4.661));
#2055 = VECTOR('',#2056,1.);
#2056 = DIRECTION('',(0.327847324322,-0.944730719271,-4.553199083726E-14
    ));
#2057 = PLANE('',#2058);
#2058 = AXIS2_PLACEMENT_3D('',#2059,#2060,#2061);
#2059 = CARTESIAN_POINT('',(3.031528558381,0.352588704438,4.229));
#2060 = DIRECTION('',(-0.944730719271,-0.327847324322,0.));
#2061 = DIRECTION('',(0.327847324322,-0.944730719271,0.));
#2062 = ADVANCED_FACE('',(#2063),#2082,.F.);
#2063 = FACE_BOUND('',#2064,.F.);
#2064 = EDGE_LOOP('',(#2065,#2066,#2067,#2075));
#2065 = ORIENTED_EDGE('',*,*,#2044,.F.);
#2066 = ORIENTED_EDGE('',*,*,#1692,.T.);
#2067 = ORIENTED_EDGE('',*,*,#2068,.T.);
#2068 = EDGE_CURVE('',#1685,#2069,#2071,.T.);
#2069 = VERTEX_POINT('',#2070);
#2070 = CARTESIAN_POINT('',(2.81808593543,0.352588704438,4.661));
#2071 = LINE('',#2072,#2073);
#2072 = CARTESIAN_POINT('',(2.81808593543,0.352588704438,4.229));
#2073 = VECTOR('',#2074,1.);
#2074 = DIRECTION('',(0.,0.,1.));
#2075 = ORIENTED_EDGE('',*,*,#2076,.T.);
#2076 = EDGE_CURVE('',#2069,#2045,#2077,.T.);
#2077 = CIRCLE('',#2078,0.3);
#2078 = AXIS2_PLACEMENT_3D('',#2079,#2080,#2081);
#2079 = CARTESIAN_POINT('',(2.81808593543,5.258870443803E-02,4.661));
#2080 = DIRECTION('',(0.,0.,-1.));
#2081 = DIRECTION('',(0.,1.,0.));
#2082 = CYLINDRICAL_SURFACE('',#2083,0.3);
#2083 = AXIS2_PLACEMENT_3D('',#2084,#2085,#2086);
#2084 = CARTESIAN_POINT('',(2.81808593543,5.258870443803E-02,
    -22.67252015517));
#2085 = DIRECTION('',(0.,0.,1.));
#2086 = DIRECTION('',(0.944730719271,0.327847324322,-0.));
#2087 = ADVANCED_FACE('',(#2088),#2099,.T.);
#2088 = FACE_BOUND('',#2089,.F.);
#2089 = EDGE_LOOP('',(#2090,#2091,#2092,#2093));
#2090 = ORIENTED_EDGE('',*,*,#2068,.F.);
#2091 = ORIENTED_EDGE('',*,*,#1684,.F.);
#2092 = ORIENTED_EDGE('',*,*,#222,.T.);
#2093 = ORIENTED_EDGE('',*,*,#2094,.T.);
#2094 = EDGE_CURVE('',#215,#2069,#2095,.T.);
#2095 = LINE('',#2096,#2097);
#2096 = CARTESIAN_POINT('',(2.795,0.352588704438,4.661));
#2097 = VECTOR('',#2098,1.);
#2098 = DIRECTION('',(1.,0.,3.847270656951E-14));
#2099 = PLANE('',#2100);
#2100 = AXIS2_PLACEMENT_3D('',#2101,#2102,#2103);
#2101 = CARTESIAN_POINT('',(2.025528558381,0.352588704438,4.229));
#2102 = DIRECTION('',(0.,-1.,0.));
#2103 = DIRECTION('',(1.,0.,0.));
#2104 = ADVANCED_FACE('',(#2105),#2124,.T.);
#2105 = FACE_BOUND('',#2106,.F.);
#2106 = EDGE_LOOP('',(#2107,#2108,#2109,#2110,#2111,#2112,#2113,#2114,
    #2115,#2116,#2117,#2118));
#2107 = ORIENTED_EDGE('',*,*,#1872,.F.);
#2108 = ORIENTED_EDGE('',*,*,#1906,.F.);
#2109 = ORIENTED_EDGE('',*,*,#1930,.F.);
#2110 = ORIENTED_EDGE('',*,*,#1955,.F.);
#2111 = ORIENTED_EDGE('',*,*,#1978,.F.);
#2112 = ORIENTED_EDGE('',*,*,#2001,.F.);
#2113 = ORIENTED_EDGE('',*,*,#2018,.F.);
#2114 = ORIENTED_EDGE('',*,*,#2052,.F.);
#2115 = ORIENTED_EDGE('',*,*,#2076,.F.);
#2116 = ORIENTED_EDGE('',*,*,#2094,.F.);
#2117 = ORIENTED_EDGE('',*,*,#214,.T.);
#2118 = ORIENTED_EDGE('',*,*,#2119,.F.);
#2119 = EDGE_CURVE('',#1865,#207,#2120,.T.);
#2120 = LINE('',#2121,#2122);
#2121 = CARTESIAN_POINT('',(3.03508593543,0.657588704438,4.661));
#2122 = VECTOR('',#2123,1.);
#2123 = DIRECTION('',(-1.,0.,0.));
#2124 = PLANE('',#2125);
#2125 = AXIS2_PLACEMENT_3D('',#2126,#2127,#2128);
#2126 = CARTESIAN_POINT('',(0.,0.,4.661));
#2127 = DIRECTION('',(0.,0.,1.));
#2128 = DIRECTION('',(1.,0.,-0.));
#2129 = ADVANCED_FACE('',(#2130),#2223,.T.);
#2130 = FACE_BOUND('',#2131,.F.);
#2131 = EDGE_LOOP('',(#2132,#2143,#2149,#2150,#2158,#2167,#2175,#2184,
    #2192,#2200,#2208,#2217));
#2132 = ORIENTED_EDGE('',*,*,#2133,.F.);
#2133 = EDGE_CURVE('',#2134,#2136,#2138,.T.);
#2134 = VERTEX_POINT('',#2135);
#2135 = CARTESIAN_POINT('',(-3.03508593543,0.657588704438,4.661));
#2136 = VERTEX_POINT('',#2137);
#2137 = CARTESIAN_POINT('',(-3.318505151212,0.455942901734,4.661));
#2138 = CIRCLE('',#2139,0.3);
#2139 = AXIS2_PLACEMENT_3D('',#2140,#2141,#2142);
#2140 = CARTESIAN_POINT('',(-3.03508593543,0.357588704438,4.661));
#2141 = DIRECTION('',(0.,-0.,1.));
#2142 = DIRECTION('',(0.,1.,0.));
#2143 = ORIENTED_EDGE('',*,*,#2144,.F.);
#2144 = EDGE_CURVE('',#1214,#2134,#2145,.T.);
#2145 = LINE('',#2146,#2147);
#2146 = CARTESIAN_POINT('',(-2.795,0.657588704438,4.661));
#2147 = VECTOR('',#2148,1.);
#2148 = DIRECTION('',(-1.,0.,-1.109825635693E-14));
#2149 = ORIENTED_EDGE('',*,*,#1213,.F.);
#2150 = ORIENTED_EDGE('',*,*,#2151,.F.);
#2151 = EDGE_CURVE('',#2152,#1206,#2154,.T.);
#2152 = VERTEX_POINT('',#2153);
#2153 = CARTESIAN_POINT('',(-2.81808593543,0.352588704438,4.661));
#2154 = LINE('',#2155,#2156);
#2155 = CARTESIAN_POINT('',(-2.81808593543,0.352588704438,4.661));
#2156 = VECTOR('',#2157,1.);
#2157 = DIRECTION('',(1.,0.,0.));
#2158 = ORIENTED_EDGE('',*,*,#2159,.F.);
#2159 = EDGE_CURVE('',#2160,#2152,#2162,.T.);
#2160 = VERTEX_POINT('',#2161);
#2161 = CARTESIAN_POINT('',(-3.101505151212,0.150942901735,4.661));
#2162 = CIRCLE('',#2163,0.3);
#2163 = AXIS2_PLACEMENT_3D('',#2164,#2165,#2166);
#2164 = CARTESIAN_POINT('',(-2.81808593543,5.258870443803E-02,4.661));
#2165 = DIRECTION('',(0.,0.,-1.));
#2166 = DIRECTION('',(-0.944730719271,0.327847324322,0.));
#2167 = ORIENTED_EDGE('',*,*,#2168,.F.);
#2168 = EDGE_CURVE('',#2169,#2160,#2171,.T.);
#2169 = VERTEX_POINT('',#2170);
#2170 = CARTESIAN_POINT('',(-3.133481231443,5.880005646736E-02,4.661));
#2171 = LINE('',#2172,#2173);
#2172 = CARTESIAN_POINT('',(-3.133481231443,5.880005646736E-02,4.661));
#2173 = VECTOR('',#2174,1.);
#2174 = DIRECTION('',(0.327847324322,0.944730719271,2.731919450236E-14)
  );
#2175 = ORIENTED_EDGE('',*,*,#2176,.F.);
#2176 = EDGE_CURVE('',#2177,#2169,#2179,.T.);
#2177 = VERTEX_POINT('',#2178);
#2178 = CARTESIAN_POINT('',(-3.398467786893,-0.142278939174,4.661));
#2179 = CIRCLE('',#2180,0.3);
#2180 = AXIS2_PLACEMENT_3D('',#2181,#2182,#2183);
#2181 = CARTESIAN_POINT('',(-3.416900447224,0.157154253764,4.661));
#2182 = DIRECTION('',(0.,0.,1.));
#2183 = DIRECTION('',(6.144220110442E-02,-0.998110643127,0.));
#2184 = ORIENTED_EDGE('',*,*,#2185,.F.);
#2185 = EDGE_CURVE('',#2186,#2177,#2188,.T.);
#2186 = VERTEX_POINT('',#2187);
#2187 = CARTESIAN_POINT('',(-3.81,-0.167612247834,4.661));
#2188 = LINE('',#2189,#2190);
#2189 = CARTESIAN_POINT('',(-3.81,-0.167612247834,4.661));
#2190 = VECTOR('',#2191,1.);
#2191 = DIRECTION('',(0.998110643127,6.144220110442E-02,0.));
#2192 = ORIENTED_EDGE('',*,*,#2193,.F.);
#2193 = EDGE_CURVE('',#2194,#2186,#2196,.T.);
#2194 = VERTEX_POINT('',#2195);
#2195 = CARTESIAN_POINT('',(-3.81,0.137387752166,4.661));
#2196 = LINE('',#2197,#2198);
#2197 = CARTESIAN_POINT('',(-3.81,0.137387752166,4.661));
#2198 = VECTOR('',#2199,1.);
#2199 = DIRECTION('',(0.,-1.,0.));
#2200 = ORIENTED_EDGE('',*,*,#2201,.F.);
#2201 = EDGE_CURVE('',#2202,#2194,#2204,.T.);
#2202 = VERTEX_POINT('',#2203);
#2203 = CARTESIAN_POINT('',(-3.620204636074,0.149071271423,4.661));
#2204 = LINE('',#2205,#2206);
#2205 = CARTESIAN_POINT('',(-3.620204636074,0.149071271423,4.661));
#2206 = VECTOR('',#2207,1.);
#2207 = DIRECTION('',(-0.998110643127,-6.144220110442E-02,
    -1.401246556331E-14));
#2208 = ORIENTED_EDGE('',*,*,#2209,.F.);
#2209 = EDGE_CURVE('',#2210,#2202,#2212,.T.);
#2210 = VERTEX_POINT('',#2211);
#2211 = CARTESIAN_POINT('',(-3.355218080624,0.350150267064,4.661));
#2212 = CIRCLE('',#2213,0.3);
#2213 = AXIS2_PLACEMENT_3D('',#2214,#2215,#2216);
#2214 = CARTESIAN_POINT('',(-3.638637296405,0.448504464361,4.661));
#2215 = DIRECTION('',(0.,0.,-1.));
#2216 = DIRECTION('',(0.944730719271,-0.327847324322,0.));
#2217 = ORIENTED_EDGE('',*,*,#2218,.F.);
#2218 = EDGE_CURVE('',#2136,#2210,#2219,.T.);
#2219 = LINE('',#2220,#2221);
#2220 = CARTESIAN_POINT('',(-3.318505151212,0.455942901734,4.661));
#2221 = VECTOR('',#2222,1.);
#2222 = DIRECTION('',(-0.327847324322,-0.944730719271,4.758872523974E-14
    ));
#2223 = PLANE('',#2224);
#2224 = AXIS2_PLACEMENT_3D('',#2225,#2226,#2227);
#2225 = CARTESIAN_POINT('',(0.,0.,4.661));
#2226 = DIRECTION('',(0.,0.,1.));
#2227 = DIRECTION('',(1.,0.,-0.));
#2228 = ADVANCED_FACE('',(#2229),#2235,.T.);
#2229 = FACE_BOUND('',#2230,.F.);
#2230 = EDGE_LOOP('',(#2231,#2232,#2233,#2234));
#2231 = ORIENTED_EDGE('',*,*,#1864,.F.);
#2232 = ORIENTED_EDGE('',*,*,#2119,.T.);
#2233 = ORIENTED_EDGE('',*,*,#206,.F.);
#2234 = ORIENTED_EDGE('',*,*,#1677,.F.);
#2235 = PLANE('',#2236);
#2236 = AXIS2_PLACEMENT_3D('',#2237,#2238,#2239);
#2237 = CARTESIAN_POINT('',(3.248528558381,0.657588704438,4.229));
#2238 = DIRECTION('',(0.,1.,0.));
#2239 = DIRECTION('',(-1.,0.,0.));
#2240 = ADVANCED_FACE('',(#2241),#2257,.T.);
#2241 = FACE_BOUND('',#2242,.T.);
#2242 = EDGE_LOOP('',(#2243,#2249,#2250,#2256));
#2243 = ORIENTED_EDGE('',*,*,#2244,.F.);
#2244 = EDGE_CURVE('',#2136,#1766,#2245,.T.);
#2245 = LINE('',#2246,#2247);
#2246 = CARTESIAN_POINT('',(-3.318505151212,0.455942901734,4.661));
#2247 = VECTOR('',#2248,1.);
#2248 = DIRECTION('',(0.,0.,-1.));
#2249 = ORIENTED_EDGE('',*,*,#2133,.F.);
#2250 = ORIENTED_EDGE('',*,*,#2251,.T.);
#2251 = EDGE_CURVE('',#2134,#1768,#2252,.T.);
#2252 = LINE('',#2253,#2254);
#2253 = CARTESIAN_POINT('',(-3.03508593543,0.657588704438,4.661));
#2254 = VECTOR('',#2255,1.);
#2255 = DIRECTION('',(0.,0.,-1.));
#2256 = ORIENTED_EDGE('',*,*,#1765,.F.);
#2257 = CYLINDRICAL_SURFACE('',#2258,0.3);
#2258 = AXIS2_PLACEMENT_3D('',#2259,#2260,#2261);
#2259 = CARTESIAN_POINT('',(-3.03508593543,0.357588704438,24.745392));
#2260 = DIRECTION('',(0.,0.,-1.));
#2261 = DIRECTION('',(-0.944730719271,0.327847324322,0.));
#2262 = ADVANCED_FACE('',(#2263),#2269,.T.);
#2263 = FACE_BOUND('',#2264,.F.);
#2264 = EDGE_LOOP('',(#2265,#2266,#2267,#2268));
#2265 = ORIENTED_EDGE('',*,*,#2251,.T.);
#2266 = ORIENTED_EDGE('',*,*,#1850,.F.);
#2267 = ORIENTED_EDGE('',*,*,#1221,.T.);
#2268 = ORIENTED_EDGE('',*,*,#2144,.T.);
#2269 = PLANE('',#2270);
#2270 = AXIS2_PLACEMENT_3D('',#2271,#2272,#2273);
#2271 = CARTESIAN_POINT('',(-2.025528558381,0.657588704438,4.229));
#2272 = DIRECTION('',(0.,1.,0.));
#2273 = DIRECTION('',(-1.,0.,0.));
#2274 = ADVANCED_FACE('',(#2275),#2286,.T.);
#2275 = FACE_BOUND('',#2276,.F.);
#2276 = EDGE_LOOP('',(#2277,#2278,#2279,#2285));
#2277 = ORIENTED_EDGE('',*,*,#2244,.F.);
#2278 = ORIENTED_EDGE('',*,*,#2218,.T.);
#2279 = ORIENTED_EDGE('',*,*,#2280,.F.);
#2280 = EDGE_CURVE('',#1777,#2210,#2281,.T.);
#2281 = LINE('',#2282,#2283);
#2282 = CARTESIAN_POINT('',(-3.355218080624,0.350150267064,4.229));
#2283 = VECTOR('',#2284,1.);
#2284 = DIRECTION('',(0.,0.,1.));
#2285 = ORIENTED_EDGE('',*,*,#1776,.F.);
#2286 = PLANE('',#2287);
#2287 = AXIS2_PLACEMENT_3D('',#2288,#2289,#2290);
#2288 = CARTESIAN_POINT('',(-3.248528558381,0.657588704438,4.229));
#2289 = DIRECTION('',(-0.944730719271,0.327847324322,0.));
#2290 = DIRECTION('',(-0.327847324322,-0.944730719271,0.));
#2291 = ADVANCED_FACE('',(#2292),#2303,.F.);
#2292 = FACE_BOUND('',#2293,.F.);
#2293 = EDGE_LOOP('',(#2294,#2300,#2301,#2302));
#2294 = ORIENTED_EDGE('',*,*,#2295,.F.);
#2295 = EDGE_CURVE('',#1785,#2202,#2296,.T.);
#2296 = LINE('',#2297,#2298);
#2297 = CARTESIAN_POINT('',(-3.620204636074,0.149071271423,4.229));
#2298 = VECTOR('',#2299,1.);
#2299 = DIRECTION('',(0.,0.,1.));
#2300 = ORIENTED_EDGE('',*,*,#1784,.T.);
#2301 = ORIENTED_EDGE('',*,*,#2280,.T.);
#2302 = ORIENTED_EDGE('',*,*,#2209,.T.);
#2303 = CYLINDRICAL_SURFACE('',#2304,0.3);
#2304 = AXIS2_PLACEMENT_3D('',#2305,#2306,#2307);
#2305 = CARTESIAN_POINT('',(-3.638637296405,0.448504464361,
    -18.8968704797));
#2306 = DIRECTION('',(0.,0.,1.));
#2307 = DIRECTION('',(6.144220110442E-02,-0.998110643127,0.));
#2308 = ADVANCED_FACE('',(#2309),#2320,.T.);
#2309 = FACE_BOUND('',#2310,.F.);
#2310 = EDGE_LOOP('',(#2311,#2312,#2313,#2319));
#2311 = ORIENTED_EDGE('',*,*,#2295,.T.);
#2312 = ORIENTED_EDGE('',*,*,#2201,.T.);
#2313 = ORIENTED_EDGE('',*,*,#2314,.F.);
#2314 = EDGE_CURVE('',#1794,#2194,#2315,.T.);
#2315 = LINE('',#2316,#2317);
#2316 = CARTESIAN_POINT('',(-3.81,0.137387752166,4.229));
#2317 = VECTOR('',#2318,1.);
#2318 = DIRECTION('',(0.,0.,1.));
#2319 = ORIENTED_EDGE('',*,*,#1793,.F.);
#2320 = PLANE('',#2321);
#2321 = AXIS2_PLACEMENT_3D('',#2322,#2323,#2324);
#2322 = CARTESIAN_POINT('',(-3.42073684918,0.161350210597,4.229));
#2323 = DIRECTION('',(-6.144220110442E-02,0.998110643127,0.));
#2324 = DIRECTION('',(-0.998110643127,-6.144220110442E-02,0.));
#2325 = ADVANCED_FACE('',(#2326),#2337,.T.);
#2326 = FACE_BOUND('',#2327,.F.);
#2327 = EDGE_LOOP('',(#2328,#2329,#2330,#2331));
#2328 = ORIENTED_EDGE('',*,*,#1801,.F.);
#2329 = ORIENTED_EDGE('',*,*,#2314,.T.);
#2330 = ORIENTED_EDGE('',*,*,#2193,.T.);
#2331 = ORIENTED_EDGE('',*,*,#2332,.F.);
#2332 = EDGE_CURVE('',#1802,#2186,#2333,.T.);
#2333 = LINE('',#2334,#2335);
#2334 = CARTESIAN_POINT('',(-3.81,-0.167612247834,4.229));
#2335 = VECTOR('',#2336,1.);
#2336 = DIRECTION('',(0.,0.,1.));
#2337 = PLANE('',#2338);
#2338 = AXIS2_PLACEMENT_3D('',#2339,#2340,#2341);
#2339 = CARTESIAN_POINT('',(-3.81,0.137387752166,4.229));
#2340 = DIRECTION('',(-1.,0.,0.));
#2341 = DIRECTION('',(0.,-1.,0.));
#2342 = ADVANCED_FACE('',(#2343),#2354,.T.);
#2343 = FACE_BOUND('',#2344,.F.);
#2344 = EDGE_LOOP('',(#2345,#2351,#2352,#2353));
#2345 = ORIENTED_EDGE('',*,*,#2346,.T.);
#2346 = EDGE_CURVE('',#2177,#1810,#2347,.T.);
#2347 = LINE('',#2348,#2349);
#2348 = CARTESIAN_POINT('',(-3.398467786893,-0.142278939174,4.661));
#2349 = VECTOR('',#2350,1.);
#2350 = DIRECTION('',(0.,0.,-1.));
#2351 = ORIENTED_EDGE('',*,*,#1809,.F.);
#2352 = ORIENTED_EDGE('',*,*,#2332,.T.);
#2353 = ORIENTED_EDGE('',*,*,#2185,.T.);
#2354 = PLANE('',#2355);
#2355 = AXIS2_PLACEMENT_3D('',#2356,#2357,#2358);
#2356 = CARTESIAN_POINT('',(-3.81,-0.167612247834,4.229));
#2357 = DIRECTION('',(6.144220110442E-02,-0.998110643127,0.));
#2358 = DIRECTION('',(0.998110643127,6.144220110442E-02,0.));
#2359 = ADVANCED_FACE('',(#2360),#2371,.T.);
#2360 = FACE_BOUND('',#2361,.T.);
#2361 = EDGE_LOOP('',(#2362,#2368,#2369,#2370));
#2362 = ORIENTED_EDGE('',*,*,#2363,.F.);
#2363 = EDGE_CURVE('',#2169,#1818,#2364,.T.);
#2364 = LINE('',#2365,#2366);
#2365 = CARTESIAN_POINT('',(-3.133481231443,5.880005646736E-02,4.661));
#2366 = VECTOR('',#2367,1.);
#2367 = DIRECTION('',(0.,0.,-1.));
#2368 = ORIENTED_EDGE('',*,*,#2176,.F.);
#2369 = ORIENTED_EDGE('',*,*,#2346,.T.);
#2370 = ORIENTED_EDGE('',*,*,#1817,.F.);
#2371 = CYLINDRICAL_SURFACE('',#2372,0.3);
#2372 = AXIS2_PLACEMENT_3D('',#2373,#2374,#2375);
#2373 = CARTESIAN_POINT('',(-3.416900447224,0.157154253764,24.745392));
#2374 = DIRECTION('',(0.,0.,-1.));
#2375 = DIRECTION('',(0.944730719271,-0.327847324322,0.));
#2376 = ADVANCED_FACE('',(#2377),#2388,.T.);
#2377 = FACE_BOUND('',#2378,.F.);
#2378 = EDGE_LOOP('',(#2379,#2380,#2381,#2387));
#2379 = ORIENTED_EDGE('',*,*,#2363,.F.);
#2380 = ORIENTED_EDGE('',*,*,#2168,.T.);
#2381 = ORIENTED_EDGE('',*,*,#2382,.F.);
#2382 = EDGE_CURVE('',#1827,#2160,#2383,.T.);
#2383 = LINE('',#2384,#2385);
#2384 = CARTESIAN_POINT('',(-3.101505151212,0.150942901735,4.229));
#2385 = VECTOR('',#2386,1.);
#2386 = DIRECTION('',(0.,0.,1.));
#2387 = ORIENTED_EDGE('',*,*,#1826,.F.);
#2388 = PLANE('',#2389);
#2389 = AXIS2_PLACEMENT_3D('',#2390,#2391,#2392);
#2390 = CARTESIAN_POINT('',(-3.199,-0.13,4.229));
#2391 = DIRECTION('',(0.944730719271,-0.327847324322,0.));
#2392 = DIRECTION('',(0.327847324322,0.944730719271,0.));
#2393 = ADVANCED_FACE('',(#2394),#2405,.F.);
#2394 = FACE_BOUND('',#2395,.F.);
#2395 = EDGE_LOOP('',(#2396,#2402,#2403,#2404));
#2396 = ORIENTED_EDGE('',*,*,#2397,.F.);
#2397 = EDGE_CURVE('',#1835,#2152,#2398,.T.);
#2398 = LINE('',#2399,#2400);
#2399 = CARTESIAN_POINT('',(-2.81808593543,0.352588704438,4.229));
#2400 = VECTOR('',#2401,1.);
#2401 = DIRECTION('',(0.,0.,1.));
#2402 = ORIENTED_EDGE('',*,*,#1834,.T.);
#2403 = ORIENTED_EDGE('',*,*,#2382,.T.);
#2404 = ORIENTED_EDGE('',*,*,#2159,.T.);
#2405 = CYLINDRICAL_SURFACE('',#2406,0.3);
#2406 = AXIS2_PLACEMENT_3D('',#2407,#2408,#2409);
#2407 = CARTESIAN_POINT('',(-2.81808593543,5.258870443803E-02,
    -18.96166700167));
#2408 = DIRECTION('',(0.,0.,1.));
#2409 = DIRECTION('',(0.,1.,0.));
#2410 = ADVANCED_FACE('',(#2411),#2417,.T.);
#2411 = FACE_BOUND('',#2412,.F.);
#2412 = EDGE_LOOP('',(#2413,#2414,#2415,#2416));
#2413 = ORIENTED_EDGE('',*,*,#2397,.T.);
#2414 = ORIENTED_EDGE('',*,*,#2151,.T.);
#2415 = ORIENTED_EDGE('',*,*,#1205,.F.);
#2416 = ORIENTED_EDGE('',*,*,#1843,.F.);
#2417 = PLANE('',#2418);
#2418 = AXIS2_PLACEMENT_3D('',#2419,#2420,#2421);
#2419 = CARTESIAN_POINT('',(-3.031528558381,0.352588704438,4.229));
#2420 = DIRECTION('',(0.,-1.,0.));
#2421 = DIRECTION('',(1.,0.,0.));
#2422 = ADVANCED_FACE('',(#2423),#2516,.F.);
#2423 = FACE_BOUND('',#2424,.F.);
#2424 = EDGE_LOOP('',(#2425,#2436,#2442,#2443,#2451,#2460,#2468,#2477,
    #2485,#2493,#2501,#2510));
#2425 = ORIENTED_EDGE('',*,*,#2426,.F.);
#2426 = EDGE_CURVE('',#2427,#2429,#2431,.T.);
#2427 = VERTEX_POINT('',#2428);
#2428 = CARTESIAN_POINT('',(3.03508593543,0.657588704438,2.959));
#2429 = VERTEX_POINT('',#2430);
#2430 = CARTESIAN_POINT('',(3.318505151212,0.455942901734,2.959));
#2431 = CIRCLE('',#2432,0.3);
#2432 = AXIS2_PLACEMENT_3D('',#2433,#2434,#2435);
#2433 = CARTESIAN_POINT('',(3.03508593543,0.357588704438,2.959));
#2434 = DIRECTION('',(0.,0.,-1.));
#2435 = DIRECTION('',(0.,1.,0.));
#2436 = ORIENTED_EDGE('',*,*,#2437,.T.);
#2437 = EDGE_CURVE('',#2427,#233,#2438,.T.);
#2438 = LINE('',#2439,#2440);
#2439 = CARTESIAN_POINT('',(3.03508593543,0.657588704438,2.959));
#2440 = VECTOR('',#2441,1.);
#2441 = DIRECTION('',(-1.,0.,0.));
#2442 = ORIENTED_EDGE('',*,*,#230,.F.);
#2443 = ORIENTED_EDGE('',*,*,#2444,.T.);
#2444 = EDGE_CURVE('',#231,#2445,#2447,.T.);
#2445 = VERTEX_POINT('',#2446);
#2446 = CARTESIAN_POINT('',(2.81808593543,0.352588704438,2.959));
#2447 = LINE('',#2448,#2449);
#2448 = CARTESIAN_POINT('',(2.795,0.352588704438,2.959));
#2449 = VECTOR('',#2450,1.);
#2450 = DIRECTION('',(1.,0.,3.847270656951E-14));
#2451 = ORIENTED_EDGE('',*,*,#2452,.F.);
#2452 = EDGE_CURVE('',#2453,#2445,#2455,.T.);
#2453 = VERTEX_POINT('',#2454);
#2454 = CARTESIAN_POINT('',(3.101505151212,0.150942901735,2.959));
#2455 = CIRCLE('',#2456,0.3);
#2456 = AXIS2_PLACEMENT_3D('',#2457,#2458,#2459);
#2457 = CARTESIAN_POINT('',(2.81808593543,5.258870443803E-02,2.959));
#2458 = DIRECTION('',(0.,0.,1.));
#2459 = DIRECTION('',(0.944730719271,0.327847324322,-0.));
#2460 = ORIENTED_EDGE('',*,*,#2461,.T.);
#2461 = EDGE_CURVE('',#2453,#2462,#2464,.T.);
#2462 = VERTEX_POINT('',#2463);
#2463 = CARTESIAN_POINT('',(3.133481231443,5.880005646736E-02,2.959));
#2464 = LINE('',#2465,#2466);
#2465 = CARTESIAN_POINT('',(3.101505151212,0.150942901735,2.959));
#2466 = VECTOR('',#2467,1.);
#2467 = DIRECTION('',(0.327847324322,-0.944730719271,-4.553199083726E-14
    ));
#2468 = ORIENTED_EDGE('',*,*,#2469,.F.);
#2469 = EDGE_CURVE('',#2470,#2462,#2472,.T.);
#2470 = VERTEX_POINT('',#2471);
#2471 = CARTESIAN_POINT('',(3.398467786893,-0.142278939174,2.959));
#2472 = CIRCLE('',#2473,0.3);
#2473 = AXIS2_PLACEMENT_3D('',#2474,#2475,#2476);
#2474 = CARTESIAN_POINT('',(3.416900447224,0.157154253764,2.959));
#2475 = DIRECTION('',(0.,0.,-1.));
#2476 = DIRECTION('',(-6.144220110442E-02,-0.998110643127,-0.));
#2477 = ORIENTED_EDGE('',*,*,#2478,.T.);
#2478 = EDGE_CURVE('',#2470,#2479,#2481,.T.);
#2479 = VERTEX_POINT('',#2480);
#2480 = CARTESIAN_POINT('',(3.81,-0.167612247834,2.959));
#2481 = LINE('',#2482,#2483);
#2482 = CARTESIAN_POINT('',(3.398467786893,-0.142278939174,2.959));
#2483 = VECTOR('',#2484,1.);
#2484 = DIRECTION('',(0.998110643127,-6.144220110442E-02,0.));
#2485 = ORIENTED_EDGE('',*,*,#2486,.T.);
#2486 = EDGE_CURVE('',#2479,#2487,#2489,.T.);
#2487 = VERTEX_POINT('',#2488);
#2488 = CARTESIAN_POINT('',(3.81,0.137387752166,2.959));
#2489 = LINE('',#2490,#2491);
#2490 = CARTESIAN_POINT('',(3.81,-0.167612247834,2.959));
#2491 = VECTOR('',#2492,1.);
#2492 = DIRECTION('',(0.,1.,0.));
#2493 = ORIENTED_EDGE('',*,*,#2494,.T.);
#2494 = EDGE_CURVE('',#2487,#2495,#2497,.T.);
#2495 = VERTEX_POINT('',#2496);
#2496 = CARTESIAN_POINT('',(3.620204636074,0.149071271423,2.959));
#2497 = LINE('',#2498,#2499);
#2498 = CARTESIAN_POINT('',(3.81,0.137387752166,2.959));
#2499 = VECTOR('',#2500,1.);
#2500 = DIRECTION('',(-0.998110643127,6.144220110442E-02,0.));
#2501 = ORIENTED_EDGE('',*,*,#2502,.F.);
#2502 = EDGE_CURVE('',#2503,#2495,#2505,.T.);
#2503 = VERTEX_POINT('',#2504);
#2504 = CARTESIAN_POINT('',(3.355218080624,0.350150267064,2.959));
#2505 = CIRCLE('',#2506,0.3);
#2506 = AXIS2_PLACEMENT_3D('',#2507,#2508,#2509);
#2507 = CARTESIAN_POINT('',(3.638637296405,0.448504464361,2.959));
#2508 = DIRECTION('',(0.,0.,1.));
#2509 = DIRECTION('',(-0.944730719271,-0.327847324322,0.));
#2510 = ORIENTED_EDGE('',*,*,#2511,.T.);
#2511 = EDGE_CURVE('',#2503,#2429,#2512,.T.);
#2512 = LINE('',#2513,#2514);
#2513 = CARTESIAN_POINT('',(3.355218080624,0.350150267064,2.959));
#2514 = VECTOR('',#2515,1.);
#2515 = DIRECTION('',(-0.327847324322,0.944730719271,0.));
#2516 = PLANE('',#2517);
#2517 = AXIS2_PLACEMENT_3D('',#2518,#2519,#2520);
#2518 = CARTESIAN_POINT('',(0.,0.,2.959));
#2519 = DIRECTION('',(0.,0.,1.));
#2520 = DIRECTION('',(1.,0.,-0.));
#2521 = ADVANCED_FACE('',(#2522),#2615,.F.);
#2522 = FACE_BOUND('',#2523,.F.);
#2523 = EDGE_LOOP('',(#2524,#2535,#2543,#2552,#2560,#2568,#2576,#2585,
    #2593,#2602,#2608,#2609));
#2524 = ORIENTED_EDGE('',*,*,#2525,.F.);
#2525 = EDGE_CURVE('',#2526,#2528,#2530,.T.);
#2526 = VERTEX_POINT('',#2527);
#2527 = CARTESIAN_POINT('',(-3.318505151212,0.455942901734,2.959));
#2528 = VERTEX_POINT('',#2529);
#2529 = CARTESIAN_POINT('',(-3.03508593543,0.657588704438,2.959));
#2530 = CIRCLE('',#2531,0.3);
#2531 = AXIS2_PLACEMENT_3D('',#2532,#2533,#2534);
#2532 = CARTESIAN_POINT('',(-3.03508593543,0.357588704438,2.959));
#2533 = DIRECTION('',(0.,0.,-1.));
#2534 = DIRECTION('',(-0.944730719271,0.327847324322,0.));
#2535 = ORIENTED_EDGE('',*,*,#2536,.T.);
#2536 = EDGE_CURVE('',#2526,#2537,#2539,.T.);
#2537 = VERTEX_POINT('',#2538);
#2538 = CARTESIAN_POINT('',(-3.355218080624,0.350150267064,2.959));
#2539 = LINE('',#2540,#2541);
#2540 = CARTESIAN_POINT('',(-3.318505151212,0.455942901734,2.959));
#2541 = VECTOR('',#2542,1.);
#2542 = DIRECTION('',(-0.327847324322,-0.944730719271,4.362299813643E-14
    ));
#2543 = ORIENTED_EDGE('',*,*,#2544,.F.);
#2544 = EDGE_CURVE('',#2545,#2537,#2547,.T.);
#2545 = VERTEX_POINT('',#2546);
#2546 = CARTESIAN_POINT('',(-3.620204636074,0.149071271423,2.959));
#2547 = CIRCLE('',#2548,0.3);
#2548 = AXIS2_PLACEMENT_3D('',#2549,#2550,#2551);
#2549 = CARTESIAN_POINT('',(-3.638637296405,0.448504464361,2.959));
#2550 = DIRECTION('',(0.,0.,1.));
#2551 = DIRECTION('',(6.144220110442E-02,-0.998110643127,0.));
#2552 = ORIENTED_EDGE('',*,*,#2553,.T.);
#2553 = EDGE_CURVE('',#2545,#2554,#2556,.T.);
#2554 = VERTEX_POINT('',#2555);
#2555 = CARTESIAN_POINT('',(-3.81,0.137387752166,2.959));
#2556 = LINE('',#2557,#2558);
#2557 = CARTESIAN_POINT('',(-3.620204636074,0.149071271423,2.959));
#2558 = VECTOR('',#2559,1.);
#2559 = DIRECTION('',(-0.998110643127,-6.144220110442E-02,
    -1.16770546361E-14));
#2560 = ORIENTED_EDGE('',*,*,#2561,.T.);
#2561 = EDGE_CURVE('',#2554,#2562,#2564,.T.);
#2562 = VERTEX_POINT('',#2563);
#2563 = CARTESIAN_POINT('',(-3.81,-0.167612247834,2.959));
#2564 = LINE('',#2565,#2566);
#2565 = CARTESIAN_POINT('',(-3.81,0.137387752166,2.959));
#2566 = VECTOR('',#2567,1.);
#2567 = DIRECTION('',(0.,-1.,0.));
#2568 = ORIENTED_EDGE('',*,*,#2569,.T.);
#2569 = EDGE_CURVE('',#2562,#2570,#2572,.T.);
#2570 = VERTEX_POINT('',#2571);
#2571 = CARTESIAN_POINT('',(-3.398467786893,-0.142278939174,2.959));
#2572 = LINE('',#2573,#2574);
#2573 = CARTESIAN_POINT('',(-3.81,-0.167612247834,2.959));
#2574 = VECTOR('',#2575,1.);
#2575 = DIRECTION('',(0.998110643127,6.144220110442E-02,0.));
#2576 = ORIENTED_EDGE('',*,*,#2577,.F.);
#2577 = EDGE_CURVE('',#2578,#2570,#2580,.T.);
#2578 = VERTEX_POINT('',#2579);
#2579 = CARTESIAN_POINT('',(-3.133481231443,5.880005646736E-02,2.959));
#2580 = CIRCLE('',#2581,0.3);
#2581 = AXIS2_PLACEMENT_3D('',#2582,#2583,#2584);
#2582 = CARTESIAN_POINT('',(-3.416900447224,0.157154253764,2.959));
#2583 = DIRECTION('',(0.,0.,-1.));
#2584 = DIRECTION('',(0.944730719271,-0.327847324322,0.));
#2585 = ORIENTED_EDGE('',*,*,#2586,.T.);
#2586 = EDGE_CURVE('',#2578,#2587,#2589,.T.);
#2587 = VERTEX_POINT('',#2588);
#2588 = CARTESIAN_POINT('',(-3.101505151212,0.150942901735,2.959));
#2589 = LINE('',#2590,#2591);
#2590 = CARTESIAN_POINT('',(-3.133481231443,5.880005646736E-02,2.959));
#2591 = VECTOR('',#2592,1.);
#2592 = DIRECTION('',(0.327847324322,0.944730719271,1.365959725118E-14)
  );
#2593 = ORIENTED_EDGE('',*,*,#2594,.F.);
#2594 = EDGE_CURVE('',#2595,#2587,#2597,.T.);
#2595 = VERTEX_POINT('',#2596);
#2596 = CARTESIAN_POINT('',(-2.81808593543,0.352588704438,2.959));
#2597 = CIRCLE('',#2598,0.3);
#2598 = AXIS2_PLACEMENT_3D('',#2599,#2600,#2601);
#2599 = CARTESIAN_POINT('',(-2.81808593543,5.258870443803E-02,2.959));
#2600 = DIRECTION('',(0.,-0.,1.));
#2601 = DIRECTION('',(0.,1.,0.));
#2602 = ORIENTED_EDGE('',*,*,#2603,.T.);
#2603 = EDGE_CURVE('',#2595,#1230,#2604,.T.);
#2604 = LINE('',#2605,#2606);
#2605 = CARTESIAN_POINT('',(-2.81808593543,0.352588704438,2.959));
#2606 = VECTOR('',#2607,1.);
#2607 = DIRECTION('',(1.,0.,0.));
#2608 = ORIENTED_EDGE('',*,*,#1229,.T.);
#2609 = ORIENTED_EDGE('',*,*,#2610,.T.);
#2610 = EDGE_CURVE('',#1232,#2528,#2611,.T.);
#2611 = LINE('',#2612,#2613);
#2612 = CARTESIAN_POINT('',(-2.795,0.657588704438,2.959));
#2613 = VECTOR('',#2614,1.);
#2614 = DIRECTION('',(-1.,0.,-1.109825635693E-14));
#2615 = PLANE('',#2616);
#2616 = AXIS2_PLACEMENT_3D('',#2617,#2618,#2619);
#2617 = CARTESIAN_POINT('',(0.,0.,2.959));
#2618 = DIRECTION('',(0.,0.,1.));
#2619 = DIRECTION('',(1.,0.,-0.));
#2620 = ADVANCED_FACE('',(#2621),#2647,.T.);
#2621 = FACE_BOUND('',#2622,.T.);
#2622 = EDGE_LOOP('',(#2623,#2631,#2640,#2646));
#2623 = ORIENTED_EDGE('',*,*,#2624,.F.);
#2624 = EDGE_CURVE('',#2625,#2427,#2627,.T.);
#2625 = VERTEX_POINT('',#2626);
#2626 = CARTESIAN_POINT('',(3.03508593543,0.657588704438,3.391));
#2627 = LINE('',#2628,#2629);
#2628 = CARTESIAN_POINT('',(3.03508593543,0.657588704438,3.391));
#2629 = VECTOR('',#2630,1.);
#2630 = DIRECTION('',(0.,0.,-1.));
#2631 = ORIENTED_EDGE('',*,*,#2632,.F.);
#2632 = EDGE_CURVE('',#2633,#2625,#2635,.T.);
#2633 = VERTEX_POINT('',#2634);
#2634 = CARTESIAN_POINT('',(3.318505151212,0.455942901734,3.391));
#2635 = CIRCLE('',#2636,0.3);
#2636 = AXIS2_PLACEMENT_3D('',#2637,#2638,#2639);
#2637 = CARTESIAN_POINT('',(3.03508593543,0.357588704438,3.391));
#2638 = DIRECTION('',(0.,0.,1.));
#2639 = DIRECTION('',(0.944730719271,0.327847324322,-0.));
#2640 = ORIENTED_EDGE('',*,*,#2641,.T.);
#2641 = EDGE_CURVE('',#2633,#2429,#2642,.T.);
#2642 = LINE('',#2643,#2644);
#2643 = CARTESIAN_POINT('',(3.318505151212,0.455942901734,3.391));
#2644 = VECTOR('',#2645,1.);
#2645 = DIRECTION('',(0.,0.,-1.));
#2646 = ORIENTED_EDGE('',*,*,#2426,.F.);
#2647 = CYLINDRICAL_SURFACE('',#2648,0.3);
#2648 = AXIS2_PLACEMENT_3D('',#2649,#2650,#2651);
#2649 = CARTESIAN_POINT('',(3.03508593543,0.357588704438,24.745392));
#2650 = DIRECTION('',(0.,0.,-1.));
#2651 = DIRECTION('',(0.,1.,0.));
#2652 = ADVANCED_FACE('',(#2653),#2671,.T.);
#2653 = FACE_BOUND('',#2654,.F.);
#2654 = EDGE_LOOP('',(#2655,#2656,#2657,#2665));
#2655 = ORIENTED_EDGE('',*,*,#2641,.T.);
#2656 = ORIENTED_EDGE('',*,*,#2511,.F.);
#2657 = ORIENTED_EDGE('',*,*,#2658,.T.);
#2658 = EDGE_CURVE('',#2503,#2659,#2661,.T.);
#2659 = VERTEX_POINT('',#2660);
#2660 = CARTESIAN_POINT('',(3.355218080624,0.350150267064,3.391));
#2661 = LINE('',#2662,#2663);
#2662 = CARTESIAN_POINT('',(3.355218080624,0.350150267064,2.959));
#2663 = VECTOR('',#2664,1.);
#2664 = DIRECTION('',(0.,0.,1.));
#2665 = ORIENTED_EDGE('',*,*,#2666,.T.);
#2666 = EDGE_CURVE('',#2659,#2633,#2667,.T.);
#2667 = LINE('',#2668,#2669);
#2668 = CARTESIAN_POINT('',(3.355218080624,0.350150267064,3.391));
#2669 = VECTOR('',#2670,1.);
#2670 = DIRECTION('',(-0.327847324322,0.944730719271,-1.189718130994E-14
    ));
#2671 = PLANE('',#2672);
#2672 = AXIS2_PLACEMENT_3D('',#2673,#2674,#2675);
#2673 = CARTESIAN_POINT('',(3.42073684918,0.161350210597,2.959));
#2674 = DIRECTION('',(0.944730719271,0.327847324322,0.));
#2675 = DIRECTION('',(-0.327847324322,0.944730719271,0.));
#2676 = ADVANCED_FACE('',(#2677),#2696,.F.);
#2677 = FACE_BOUND('',#2678,.F.);
#2678 = EDGE_LOOP('',(#2679,#2680,#2681,#2689));
#2679 = ORIENTED_EDGE('',*,*,#2658,.F.);
#2680 = ORIENTED_EDGE('',*,*,#2502,.T.);
#2681 = ORIENTED_EDGE('',*,*,#2682,.T.);
#2682 = EDGE_CURVE('',#2495,#2683,#2685,.T.);
#2683 = VERTEX_POINT('',#2684);
#2684 = CARTESIAN_POINT('',(3.620204636074,0.149071271423,3.391));
#2685 = LINE('',#2686,#2687);
#2686 = CARTESIAN_POINT('',(3.620204636074,0.149071271423,2.959));
#2687 = VECTOR('',#2688,1.);
#2688 = DIRECTION('',(0.,0.,1.));
#2689 = ORIENTED_EDGE('',*,*,#2690,.T.);
#2690 = EDGE_CURVE('',#2683,#2659,#2691,.T.);
#2691 = CIRCLE('',#2692,0.3);
#2692 = AXIS2_PLACEMENT_3D('',#2693,#2694,#2695);
#2693 = CARTESIAN_POINT('',(3.638637296405,0.448504464361,3.391));
#2694 = DIRECTION('',(0.,0.,-1.));
#2695 = DIRECTION('',(-6.144220110442E-02,-0.998110643127,-0.));
#2696 = CYLINDRICAL_SURFACE('',#2697,0.3);
#2697 = AXIS2_PLACEMENT_3D('',#2698,#2699,#2700);
#2698 = CARTESIAN_POINT('',(3.638637296405,0.448504464361,
    -22.25031218058));
#2699 = DIRECTION('',(0.,0.,1.));
#2700 = DIRECTION('',(-0.944730719271,-0.327847324322,0.));
#2701 = ADVANCED_FACE('',(#2702),#2720,.T.);
#2702 = FACE_BOUND('',#2703,.F.);
#2703 = EDGE_LOOP('',(#2704,#2705,#2706,#2714));
#2704 = ORIENTED_EDGE('',*,*,#2682,.F.);
#2705 = ORIENTED_EDGE('',*,*,#2494,.F.);
#2706 = ORIENTED_EDGE('',*,*,#2707,.T.);
#2707 = EDGE_CURVE('',#2487,#2708,#2710,.T.);
#2708 = VERTEX_POINT('',#2709);
#2709 = CARTESIAN_POINT('',(3.81,0.137387752166,3.391));
#2710 = LINE('',#2711,#2712);
#2711 = CARTESIAN_POINT('',(3.81,0.137387752166,2.959));
#2712 = VECTOR('',#2713,1.);
#2713 = DIRECTION('',(0.,0.,1.));
#2714 = ORIENTED_EDGE('',*,*,#2715,.T.);
#2715 = EDGE_CURVE('',#2708,#2683,#2716,.T.);
#2716 = LINE('',#2717,#2718);
#2717 = CARTESIAN_POINT('',(3.81,0.137387752166,3.391));
#2718 = VECTOR('',#2719,1.);
#2719 = DIRECTION('',(-0.998110643127,6.144220110442E-02,
    1.401246556331E-14));
#2720 = PLANE('',#2721);
#2721 = AXIS2_PLACEMENT_3D('',#2722,#2723,#2724);
#2722 = CARTESIAN_POINT('',(3.81,0.137387752166,2.959));
#2723 = DIRECTION('',(6.144220110442E-02,0.998110643127,0.));
#2724 = DIRECTION('',(-0.998110643127,6.144220110442E-02,0.));
#2725 = ADVANCED_FACE('',(#2726),#2744,.T.);
#2726 = FACE_BOUND('',#2727,.F.);
#2727 = EDGE_LOOP('',(#2728,#2729,#2737,#2743));
#2728 = ORIENTED_EDGE('',*,*,#2486,.F.);
#2729 = ORIENTED_EDGE('',*,*,#2730,.T.);
#2730 = EDGE_CURVE('',#2479,#2731,#2733,.T.);
#2731 = VERTEX_POINT('',#2732);
#2732 = CARTESIAN_POINT('',(3.81,-0.167612247834,3.391));
#2733 = LINE('',#2734,#2735);
#2734 = CARTESIAN_POINT('',(3.81,-0.167612247834,2.959));
#2735 = VECTOR('',#2736,1.);
#2736 = DIRECTION('',(0.,0.,1.));
#2737 = ORIENTED_EDGE('',*,*,#2738,.T.);
#2738 = EDGE_CURVE('',#2731,#2708,#2739,.T.);
#2739 = LINE('',#2740,#2741);
#2740 = CARTESIAN_POINT('',(3.81,-0.167612247834,3.391));
#2741 = VECTOR('',#2742,1.);
#2742 = DIRECTION('',(0.,1.,0.));
#2743 = ORIENTED_EDGE('',*,*,#2707,.F.);
#2744 = PLANE('',#2745);
#2745 = AXIS2_PLACEMENT_3D('',#2746,#2747,#2748);
#2746 = CARTESIAN_POINT('',(3.81,-0.167612247834,2.959));
#2747 = DIRECTION('',(1.,0.,0.));
#2748 = DIRECTION('',(-0.,1.,0.));
#2749 = ADVANCED_FACE('',(#2750),#2768,.T.);
#2750 = FACE_BOUND('',#2751,.F.);
#2751 = EDGE_LOOP('',(#2752,#2760,#2766,#2767));
#2752 = ORIENTED_EDGE('',*,*,#2753,.F.);
#2753 = EDGE_CURVE('',#2754,#2470,#2756,.T.);
#2754 = VERTEX_POINT('',#2755);
#2755 = CARTESIAN_POINT('',(3.398467786893,-0.142278939174,3.391));
#2756 = LINE('',#2757,#2758);
#2757 = CARTESIAN_POINT('',(3.398467786893,-0.142278939174,3.391));
#2758 = VECTOR('',#2759,1.);
#2759 = DIRECTION('',(0.,0.,-1.));
#2760 = ORIENTED_EDGE('',*,*,#2761,.T.);
#2761 = EDGE_CURVE('',#2754,#2731,#2762,.T.);
#2762 = LINE('',#2763,#2764);
#2763 = CARTESIAN_POINT('',(3.398467786893,-0.142278939174,3.391));
#2764 = VECTOR('',#2765,1.);
#2765 = DIRECTION('',(0.998110643127,-6.144220110442E-02,0.));
#2766 = ORIENTED_EDGE('',*,*,#2730,.F.);
#2767 = ORIENTED_EDGE('',*,*,#2478,.F.);
#2768 = PLANE('',#2769);
#2769 = AXIS2_PLACEMENT_3D('',#2770,#2771,#2772);
#2770 = CARTESIAN_POINT('',(3.199,-0.13,2.959));
#2771 = DIRECTION('',(-6.144220110442E-02,-0.998110643127,0.));
#2772 = DIRECTION('',(0.998110643127,-6.144220110442E-02,0.));
#2773 = ADVANCED_FACE('',(#2774),#2793,.T.);
#2774 = FACE_BOUND('',#2775,.T.);
#2775 = EDGE_LOOP('',(#2776,#2777,#2786,#2792));
#2776 = ORIENTED_EDGE('',*,*,#2753,.F.);
#2777 = ORIENTED_EDGE('',*,*,#2778,.F.);
#2778 = EDGE_CURVE('',#2779,#2754,#2781,.T.);
#2779 = VERTEX_POINT('',#2780);
#2780 = CARTESIAN_POINT('',(3.133481231443,5.880005646736E-02,3.391));
#2781 = CIRCLE('',#2782,0.3);
#2782 = AXIS2_PLACEMENT_3D('',#2783,#2784,#2785);
#2783 = CARTESIAN_POINT('',(3.416900447224,0.157154253764,3.391));
#2784 = DIRECTION('',(0.,0.,1.));
#2785 = DIRECTION('',(-0.944730719271,-0.327847324322,0.));
#2786 = ORIENTED_EDGE('',*,*,#2787,.T.);
#2787 = EDGE_CURVE('',#2779,#2462,#2788,.T.);
#2788 = LINE('',#2789,#2790);
#2789 = CARTESIAN_POINT('',(3.133481231443,5.880005646736E-02,3.391));
#2790 = VECTOR('',#2791,1.);
#2791 = DIRECTION('',(0.,0.,-1.));
#2792 = ORIENTED_EDGE('',*,*,#2469,.F.);
#2793 = CYLINDRICAL_SURFACE('',#2794,0.3);
#2794 = AXIS2_PLACEMENT_3D('',#2795,#2796,#2797);
#2795 = CARTESIAN_POINT('',(3.416900447224,0.157154253764,24.745392));
#2796 = DIRECTION('',(0.,0.,-1.));
#2797 = DIRECTION('',(-6.144220110442E-02,-0.998110643127,-0.));
#2798 = ADVANCED_FACE('',(#2799),#2817,.T.);
#2799 = FACE_BOUND('',#2800,.F.);
#2800 = EDGE_LOOP('',(#2801,#2802,#2803,#2811));
#2801 = ORIENTED_EDGE('',*,*,#2787,.T.);
#2802 = ORIENTED_EDGE('',*,*,#2461,.F.);
#2803 = ORIENTED_EDGE('',*,*,#2804,.T.);
#2804 = EDGE_CURVE('',#2453,#2805,#2807,.T.);
#2805 = VERTEX_POINT('',#2806);
#2806 = CARTESIAN_POINT('',(3.101505151212,0.150942901735,3.391));
#2807 = LINE('',#2808,#2809);
#2808 = CARTESIAN_POINT('',(3.101505151212,0.150942901735,2.959));
#2809 = VECTOR('',#2810,1.);
#2810 = DIRECTION('',(0.,0.,1.));
#2811 = ORIENTED_EDGE('',*,*,#2812,.T.);
#2812 = EDGE_CURVE('',#2805,#2779,#2813,.T.);
#2813 = LINE('',#2814,#2815);
#2814 = CARTESIAN_POINT('',(3.101505151212,0.150942901735,3.391));
#2815 = VECTOR('',#2816,1.);
#2816 = DIRECTION('',(0.327847324322,-0.944730719271,-5.008518992098E-14
    ));
#2817 = PLANE('',#2818);
#2818 = AXIS2_PLACEMENT_3D('',#2819,#2820,#2821);
#2819 = CARTESIAN_POINT('',(3.031528558381,0.352588704438,2.959));
#2820 = DIRECTION('',(-0.944730719271,-0.327847324322,0.));
#2821 = DIRECTION('',(0.327847324322,-0.944730719271,0.));
#2822 = ADVANCED_FACE('',(#2823),#2842,.F.);
#2823 = FACE_BOUND('',#2824,.F.);
#2824 = EDGE_LOOP('',(#2825,#2826,#2827,#2835));
#2825 = ORIENTED_EDGE('',*,*,#2804,.F.);
#2826 = ORIENTED_EDGE('',*,*,#2452,.T.);
#2827 = ORIENTED_EDGE('',*,*,#2828,.T.);
#2828 = EDGE_CURVE('',#2445,#2829,#2831,.T.);
#2829 = VERTEX_POINT('',#2830);
#2830 = CARTESIAN_POINT('',(2.81808593543,0.352588704438,3.391));
#2831 = LINE('',#2832,#2833);
#2832 = CARTESIAN_POINT('',(2.81808593543,0.352588704438,2.959));
#2833 = VECTOR('',#2834,1.);
#2834 = DIRECTION('',(0.,0.,1.));
#2835 = ORIENTED_EDGE('',*,*,#2836,.T.);
#2836 = EDGE_CURVE('',#2829,#2805,#2837,.T.);
#2837 = CIRCLE('',#2838,0.3);
#2838 = AXIS2_PLACEMENT_3D('',#2839,#2840,#2841);
#2839 = CARTESIAN_POINT('',(2.81808593543,5.258870443803E-02,3.391));
#2840 = DIRECTION('',(0.,0.,-1.));
#2841 = DIRECTION('',(0.,1.,0.));
#2842 = CYLINDRICAL_SURFACE('',#2843,0.3);
#2843 = AXIS2_PLACEMENT_3D('',#2844,#2845,#2846);
#2844 = CARTESIAN_POINT('',(2.81808593543,5.258870443803E-02,
    -21.78859115622));
#2845 = DIRECTION('',(0.,0.,1.));
#2846 = DIRECTION('',(0.944730719271,0.327847324322,-0.));
#2847 = ADVANCED_FACE('',(#2848),#2859,.T.);
#2848 = FACE_BOUND('',#2849,.F.);
#2849 = EDGE_LOOP('',(#2850,#2851,#2852,#2853));
#2850 = ORIENTED_EDGE('',*,*,#2828,.F.);
#2851 = ORIENTED_EDGE('',*,*,#2444,.F.);
#2852 = ORIENTED_EDGE('',*,*,#256,.T.);
#2853 = ORIENTED_EDGE('',*,*,#2854,.T.);
#2854 = EDGE_CURVE('',#249,#2829,#2855,.T.);
#2855 = LINE('',#2856,#2857);
#2856 = CARTESIAN_POINT('',(2.795,0.352588704438,3.391));
#2857 = VECTOR('',#2858,1.);
#2858 = DIRECTION('',(1.,0.,1.154181197085E-13));
#2859 = PLANE('',#2860);
#2860 = AXIS2_PLACEMENT_3D('',#2861,#2862,#2863);
#2861 = CARTESIAN_POINT('',(2.025528558381,0.352588704438,2.959));
#2862 = DIRECTION('',(0.,-1.,0.));
#2863 = DIRECTION('',(1.,0.,0.));
#2864 = ADVANCED_FACE('',(#2865),#2884,.T.);
#2865 = FACE_BOUND('',#2866,.F.);
#2866 = EDGE_LOOP('',(#2867,#2868,#2869,#2870,#2871,#2872,#2873,#2874,
    #2875,#2876,#2877,#2878));
#2867 = ORIENTED_EDGE('',*,*,#2632,.F.);
#2868 = ORIENTED_EDGE('',*,*,#2666,.F.);
#2869 = ORIENTED_EDGE('',*,*,#2690,.F.);
#2870 = ORIENTED_EDGE('',*,*,#2715,.F.);
#2871 = ORIENTED_EDGE('',*,*,#2738,.F.);
#2872 = ORIENTED_EDGE('',*,*,#2761,.F.);
#2873 = ORIENTED_EDGE('',*,*,#2778,.F.);
#2874 = ORIENTED_EDGE('',*,*,#2812,.F.);
#2875 = ORIENTED_EDGE('',*,*,#2836,.F.);
#2876 = ORIENTED_EDGE('',*,*,#2854,.F.);
#2877 = ORIENTED_EDGE('',*,*,#248,.T.);
#2878 = ORIENTED_EDGE('',*,*,#2879,.F.);
#2879 = EDGE_CURVE('',#2625,#241,#2880,.T.);
#2880 = LINE('',#2881,#2882);
#2881 = CARTESIAN_POINT('',(3.03508593543,0.657588704438,3.391));
#2882 = VECTOR('',#2883,1.);
#2883 = DIRECTION('',(-1.,0.,0.));
#2884 = PLANE('',#2885);
#2885 = AXIS2_PLACEMENT_3D('',#2886,#2887,#2888);
#2886 = CARTESIAN_POINT('',(0.,0.,3.391));
#2887 = DIRECTION('',(0.,0.,1.));
#2888 = DIRECTION('',(1.,0.,-0.));
#2889 = ADVANCED_FACE('',(#2890),#2983,.T.);
#2890 = FACE_BOUND('',#2891,.F.);
#2891 = EDGE_LOOP('',(#2892,#2903,#2909,#2910,#2918,#2927,#2935,#2944,
    #2952,#2960,#2968,#2977));
#2892 = ORIENTED_EDGE('',*,*,#2893,.F.);
#2893 = EDGE_CURVE('',#2894,#2896,#2898,.T.);
#2894 = VERTEX_POINT('',#2895);
#2895 = CARTESIAN_POINT('',(-3.03508593543,0.657588704438,3.391));
#2896 = VERTEX_POINT('',#2897);
#2897 = CARTESIAN_POINT('',(-3.318505151212,0.455942901734,3.391));
#2898 = CIRCLE('',#2899,0.3);
#2899 = AXIS2_PLACEMENT_3D('',#2900,#2901,#2902);
#2900 = CARTESIAN_POINT('',(-3.03508593543,0.357588704438,3.391));
#2901 = DIRECTION('',(0.,-0.,1.));
#2902 = DIRECTION('',(0.,1.,0.));
#2903 = ORIENTED_EDGE('',*,*,#2904,.F.);
#2904 = EDGE_CURVE('',#1248,#2894,#2905,.T.);
#2905 = LINE('',#2906,#2907);
#2906 = CARTESIAN_POINT('',(-2.795,0.657588704438,3.391));
#2907 = VECTOR('',#2908,1.);
#2908 = DIRECTION('',(-1.,0.,0.));
#2909 = ORIENTED_EDGE('',*,*,#1247,.F.);
#2910 = ORIENTED_EDGE('',*,*,#2911,.F.);
#2911 = EDGE_CURVE('',#2912,#1240,#2914,.T.);
#2912 = VERTEX_POINT('',#2913);
#2913 = CARTESIAN_POINT('',(-2.81808593543,0.352588704438,3.391));
#2914 = LINE('',#2915,#2916);
#2915 = CARTESIAN_POINT('',(-2.81808593543,0.352588704438,3.391));
#2916 = VECTOR('',#2917,1.);
#2917 = DIRECTION('',(1.,0.,5.770905985427E-14));
#2918 = ORIENTED_EDGE('',*,*,#2919,.F.);
#2919 = EDGE_CURVE('',#2920,#2912,#2922,.T.);
#2920 = VERTEX_POINT('',#2921);
#2921 = CARTESIAN_POINT('',(-3.101505151212,0.150942901735,3.391));
#2922 = CIRCLE('',#2923,0.3);
#2923 = AXIS2_PLACEMENT_3D('',#2924,#2925,#2926);
#2924 = CARTESIAN_POINT('',(-2.81808593543,5.258870443803E-02,3.391));
#2925 = DIRECTION('',(0.,0.,-1.));
#2926 = DIRECTION('',(-0.944730719271,0.327847324322,0.));
#2927 = ORIENTED_EDGE('',*,*,#2928,.F.);
#2928 = EDGE_CURVE('',#2929,#2920,#2931,.T.);
#2929 = VERTEX_POINT('',#2930);
#2930 = CARTESIAN_POINT('',(-3.133481231443,5.880005646736E-02,3.391));
#2931 = LINE('',#2932,#2933);
#2932 = CARTESIAN_POINT('',(-3.133481231443,5.880005646736E-02,3.391));
#2933 = VECTOR('',#2934,1.);
#2934 = DIRECTION('',(0.327847324322,0.944730719271,0.));
#2935 = ORIENTED_EDGE('',*,*,#2936,.F.);
#2936 = EDGE_CURVE('',#2937,#2929,#2939,.T.);
#2937 = VERTEX_POINT('',#2938);
#2938 = CARTESIAN_POINT('',(-3.398467786893,-0.142278939174,3.391));
#2939 = CIRCLE('',#2940,0.3);
#2940 = AXIS2_PLACEMENT_3D('',#2941,#2942,#2943);
#2941 = CARTESIAN_POINT('',(-3.416900447224,0.157154253764,3.391));
#2942 = DIRECTION('',(0.,0.,1.));
#2943 = DIRECTION('',(6.144220110442E-02,-0.998110643127,0.));
#2944 = ORIENTED_EDGE('',*,*,#2945,.F.);
#2945 = EDGE_CURVE('',#2946,#2937,#2948,.T.);
#2946 = VERTEX_POINT('',#2947);
#2947 = CARTESIAN_POINT('',(-3.81,-0.167612247834,3.391));
#2948 = LINE('',#2949,#2950);
#2949 = CARTESIAN_POINT('',(-3.81,-0.167612247834,3.391));
#2950 = VECTOR('',#2951,1.);
#2951 = DIRECTION('',(0.998110643127,6.144220110442E-02,0.));
#2952 = ORIENTED_EDGE('',*,*,#2953,.F.);
#2953 = EDGE_CURVE('',#2954,#2946,#2956,.T.);
#2954 = VERTEX_POINT('',#2955);
#2955 = CARTESIAN_POINT('',(-3.81,0.137387752166,3.391));
#2956 = LINE('',#2957,#2958);
#2957 = CARTESIAN_POINT('',(-3.81,0.137387752166,3.391));
#2958 = VECTOR('',#2959,1.);
#2959 = DIRECTION('',(0.,-1.,0.));
#2960 = ORIENTED_EDGE('',*,*,#2961,.F.);
#2961 = EDGE_CURVE('',#2962,#2954,#2964,.T.);
#2962 = VERTEX_POINT('',#2963);
#2963 = CARTESIAN_POINT('',(-3.620204636074,0.149071271423,3.391));
#2964 = LINE('',#2965,#2966);
#2965 = CARTESIAN_POINT('',(-3.620204636074,0.149071271423,3.391));
#2966 = VECTOR('',#2967,1.);
#2967 = DIRECTION('',(-0.998110643127,-6.144220110442E-02,
    -1.868328741775E-14));
#2968 = ORIENTED_EDGE('',*,*,#2969,.F.);
#2969 = EDGE_CURVE('',#2970,#2962,#2972,.T.);
#2970 = VERTEX_POINT('',#2971);
#2971 = CARTESIAN_POINT('',(-3.355218080624,0.350150267064,3.391));
#2972 = CIRCLE('',#2973,0.3);
#2973 = AXIS2_PLACEMENT_3D('',#2974,#2975,#2976);
#2974 = CARTESIAN_POINT('',(-3.638637296405,0.448504464361,3.391));
#2975 = DIRECTION('',(0.,0.,-1.));
#2976 = DIRECTION('',(0.944730719271,-0.327847324322,0.));
#2977 = ORIENTED_EDGE('',*,*,#2978,.F.);
#2978 = EDGE_CURVE('',#2896,#2970,#2979,.T.);
#2979 = LINE('',#2980,#2981);
#2980 = CARTESIAN_POINT('',(-3.318505151212,0.455942901734,3.391));
#2981 = VECTOR('',#2982,1.);
#2982 = DIRECTION('',(-0.327847324322,-0.944730719271,3.965727103312E-14
    ));
#2983 = PLANE('',#2984);
#2984 = AXIS2_PLACEMENT_3D('',#2985,#2986,#2987);
#2985 = CARTESIAN_POINT('',(0.,0.,3.391));
#2986 = DIRECTION('',(0.,0.,1.));
#2987 = DIRECTION('',(1.,0.,-0.));
#2988 = ADVANCED_FACE('',(#2989),#2995,.T.);
#2989 = FACE_BOUND('',#2990,.F.);
#2990 = EDGE_LOOP('',(#2991,#2992,#2993,#2994));
#2991 = ORIENTED_EDGE('',*,*,#2624,.F.);
#2992 = ORIENTED_EDGE('',*,*,#2879,.T.);
#2993 = ORIENTED_EDGE('',*,*,#240,.F.);
#2994 = ORIENTED_EDGE('',*,*,#2437,.F.);
#2995 = PLANE('',#2996);
#2996 = AXIS2_PLACEMENT_3D('',#2997,#2998,#2999);
#2997 = CARTESIAN_POINT('',(3.248528558381,0.657588704438,2.959));
#2998 = DIRECTION('',(0.,1.,0.));
#2999 = DIRECTION('',(-1.,0.,0.));
#3000 = ADVANCED_FACE('',(#3001),#3017,.T.);
#3001 = FACE_BOUND('',#3002,.T.);
#3002 = EDGE_LOOP('',(#3003,#3009,#3010,#3016));
#3003 = ORIENTED_EDGE('',*,*,#3004,.F.);
#3004 = EDGE_CURVE('',#2896,#2526,#3005,.T.);
#3005 = LINE('',#3006,#3007);
#3006 = CARTESIAN_POINT('',(-3.318505151212,0.455942901734,3.391));
#3007 = VECTOR('',#3008,1.);
#3008 = DIRECTION('',(0.,0.,-1.));
#3009 = ORIENTED_EDGE('',*,*,#2893,.F.);
#3010 = ORIENTED_EDGE('',*,*,#3011,.T.);
#3011 = EDGE_CURVE('',#2894,#2528,#3012,.T.);
#3012 = LINE('',#3013,#3014);
#3013 = CARTESIAN_POINT('',(-3.03508593543,0.657588704438,3.391));
#3014 = VECTOR('',#3015,1.);
#3015 = DIRECTION('',(0.,0.,-1.));
#3016 = ORIENTED_EDGE('',*,*,#2525,.F.);
#3017 = CYLINDRICAL_SURFACE('',#3018,0.3);
#3018 = AXIS2_PLACEMENT_3D('',#3019,#3020,#3021);
#3019 = CARTESIAN_POINT('',(-3.03508593543,0.357588704438,24.06246785626
    ));
#3020 = DIRECTION('',(0.,0.,-1.));
#3021 = DIRECTION('',(-0.944730719271,0.327847324322,0.));
#3022 = ADVANCED_FACE('',(#3023),#3029,.T.);
#3023 = FACE_BOUND('',#3024,.F.);
#3024 = EDGE_LOOP('',(#3025,#3026,#3027,#3028));
#3025 = ORIENTED_EDGE('',*,*,#3011,.T.);
#3026 = ORIENTED_EDGE('',*,*,#2610,.F.);
#3027 = ORIENTED_EDGE('',*,*,#1255,.T.);
#3028 = ORIENTED_EDGE('',*,*,#2904,.T.);
#3029 = PLANE('',#3030);
#3030 = AXIS2_PLACEMENT_3D('',#3031,#3032,#3033);
#3031 = CARTESIAN_POINT('',(-2.025528558381,0.657588704438,2.959));
#3032 = DIRECTION('',(0.,1.,0.));
#3033 = DIRECTION('',(-1.,0.,0.));
#3034 = ADVANCED_FACE('',(#3035),#3046,.T.);
#3035 = FACE_BOUND('',#3036,.F.);
#3036 = EDGE_LOOP('',(#3037,#3038,#3039,#3045));
#3037 = ORIENTED_EDGE('',*,*,#3004,.F.);
#3038 = ORIENTED_EDGE('',*,*,#2978,.T.);
#3039 = ORIENTED_EDGE('',*,*,#3040,.F.);
#3040 = EDGE_CURVE('',#2537,#2970,#3041,.T.);
#3041 = LINE('',#3042,#3043);
#3042 = CARTESIAN_POINT('',(-3.355218080624,0.350150267064,2.959));
#3043 = VECTOR('',#3044,1.);
#3044 = DIRECTION('',(0.,0.,1.));
#3045 = ORIENTED_EDGE('',*,*,#2536,.F.);
#3046 = PLANE('',#3047);
#3047 = AXIS2_PLACEMENT_3D('',#3048,#3049,#3050);
#3048 = CARTESIAN_POINT('',(-3.248528558381,0.657588704438,2.959));
#3049 = DIRECTION('',(-0.944730719271,0.327847324322,0.));
#3050 = DIRECTION('',(-0.327847324322,-0.944730719271,0.));
#3051 = ADVANCED_FACE('',(#3052),#3063,.F.);
#3052 = FACE_BOUND('',#3053,.F.);
#3053 = EDGE_LOOP('',(#3054,#3060,#3061,#3062));
#3054 = ORIENTED_EDGE('',*,*,#3055,.F.);
#3055 = EDGE_CURVE('',#2545,#2962,#3056,.T.);
#3056 = LINE('',#3057,#3058);
#3057 = CARTESIAN_POINT('',(-3.620204636074,0.149071271423,2.959));
#3058 = VECTOR('',#3059,1.);
#3059 = DIRECTION('',(0.,0.,1.));
#3060 = ORIENTED_EDGE('',*,*,#2544,.T.);
#3061 = ORIENTED_EDGE('',*,*,#3040,.T.);
#3062 = ORIENTED_EDGE('',*,*,#2969,.T.);
#3063 = CYLINDRICAL_SURFACE('',#3064,0.3);
#3064 = AXIS2_PLACEMENT_3D('',#3065,#3066,#3067);
#3065 = CARTESIAN_POINT('',(-3.638637296405,0.448504464361,
    -17.62406189191));
#3066 = DIRECTION('',(0.,0.,1.));
#3067 = DIRECTION('',(6.144220110442E-02,-0.998110643127,0.));
#3068 = ADVANCED_FACE('',(#3069),#3080,.T.);
#3069 = FACE_BOUND('',#3070,.F.);
#3070 = EDGE_LOOP('',(#3071,#3072,#3073,#3079));
#3071 = ORIENTED_EDGE('',*,*,#3055,.T.);
#3072 = ORIENTED_EDGE('',*,*,#2961,.T.);
#3073 = ORIENTED_EDGE('',*,*,#3074,.F.);
#3074 = EDGE_CURVE('',#2554,#2954,#3075,.T.);
#3075 = LINE('',#3076,#3077);
#3076 = CARTESIAN_POINT('',(-3.81,0.137387752166,2.959));
#3077 = VECTOR('',#3078,1.);
#3078 = DIRECTION('',(0.,0.,1.));
#3079 = ORIENTED_EDGE('',*,*,#2553,.F.);
#3080 = PLANE('',#3081);
#3081 = AXIS2_PLACEMENT_3D('',#3082,#3083,#3084);
#3082 = CARTESIAN_POINT('',(-3.42073684918,0.161350210597,2.959));
#3083 = DIRECTION('',(-6.144220110442E-02,0.998110643127,0.));
#3084 = DIRECTION('',(-0.998110643127,-6.144220110442E-02,0.));
#3085 = ADVANCED_FACE('',(#3086),#3097,.T.);
#3086 = FACE_BOUND('',#3087,.F.);
#3087 = EDGE_LOOP('',(#3088,#3089,#3090,#3091));
#3088 = ORIENTED_EDGE('',*,*,#2561,.F.);
#3089 = ORIENTED_EDGE('',*,*,#3074,.T.);
#3090 = ORIENTED_EDGE('',*,*,#2953,.T.);
#3091 = ORIENTED_EDGE('',*,*,#3092,.F.);
#3092 = EDGE_CURVE('',#2562,#2946,#3093,.T.);
#3093 = LINE('',#3094,#3095);
#3094 = CARTESIAN_POINT('',(-3.81,-0.167612247834,2.959));
#3095 = VECTOR('',#3096,1.);
#3096 = DIRECTION('',(0.,0.,1.));
#3097 = PLANE('',#3098);
#3098 = AXIS2_PLACEMENT_3D('',#3099,#3100,#3101);
#3099 = CARTESIAN_POINT('',(-3.81,0.137387752166,2.959));
#3100 = DIRECTION('',(-1.,0.,0.));
#3101 = DIRECTION('',(0.,-1.,0.));
#3102 = ADVANCED_FACE('',(#3103),#3114,.T.);
#3103 = FACE_BOUND('',#3104,.F.);
#3104 = EDGE_LOOP('',(#3105,#3111,#3112,#3113));
#3105 = ORIENTED_EDGE('',*,*,#3106,.T.);
#3106 = EDGE_CURVE('',#2937,#2570,#3107,.T.);
#3107 = LINE('',#3108,#3109);
#3108 = CARTESIAN_POINT('',(-3.398467786893,-0.142278939174,3.391));
#3109 = VECTOR('',#3110,1.);
#3110 = DIRECTION('',(0.,0.,-1.));
#3111 = ORIENTED_EDGE('',*,*,#2569,.F.);
#3112 = ORIENTED_EDGE('',*,*,#3092,.T.);
#3113 = ORIENTED_EDGE('',*,*,#2945,.T.);
#3114 = PLANE('',#3115);
#3115 = AXIS2_PLACEMENT_3D('',#3116,#3117,#3118);
#3116 = CARTESIAN_POINT('',(-3.81,-0.167612247834,2.959));
#3117 = DIRECTION('',(6.144220110442E-02,-0.998110643127,0.));
#3118 = DIRECTION('',(0.998110643127,6.144220110442E-02,0.));
#3119 = ADVANCED_FACE('',(#3120),#3131,.T.);
#3120 = FACE_BOUND('',#3121,.T.);
#3121 = EDGE_LOOP('',(#3122,#3128,#3129,#3130));
#3122 = ORIENTED_EDGE('',*,*,#3123,.F.);
#3123 = EDGE_CURVE('',#2929,#2578,#3124,.T.);
#3124 = LINE('',#3125,#3126);
#3125 = CARTESIAN_POINT('',(-3.133481231443,5.880005646736E-02,3.391));
#3126 = VECTOR('',#3127,1.);
#3127 = DIRECTION('',(0.,0.,-1.));
#3128 = ORIENTED_EDGE('',*,*,#2936,.F.);
#3129 = ORIENTED_EDGE('',*,*,#3106,.T.);
#3130 = ORIENTED_EDGE('',*,*,#2577,.F.);
#3131 = CYLINDRICAL_SURFACE('',#3132,0.3);
#3132 = AXIS2_PLACEMENT_3D('',#3133,#3134,#3135);
#3133 = CARTESIAN_POINT('',(-3.416900447224,0.157154253764,
    23.98554859694));
#3134 = DIRECTION('',(0.,0.,-1.));
#3135 = DIRECTION('',(0.944730719271,-0.327847324322,0.));
#3136 = ADVANCED_FACE('',(#3137),#3148,.T.);
#3137 = FACE_BOUND('',#3138,.F.);
#3138 = EDGE_LOOP('',(#3139,#3140,#3141,#3147));
#3139 = ORIENTED_EDGE('',*,*,#3123,.F.);
#3140 = ORIENTED_EDGE('',*,*,#2928,.T.);
#3141 = ORIENTED_EDGE('',*,*,#3142,.F.);
#3142 = EDGE_CURVE('',#2587,#2920,#3143,.T.);
#3143 = LINE('',#3144,#3145);
#3144 = CARTESIAN_POINT('',(-3.101505151212,0.150942901735,2.959));
#3145 = VECTOR('',#3146,1.);
#3146 = DIRECTION('',(0.,0.,1.));
#3147 = ORIENTED_EDGE('',*,*,#2586,.F.);
#3148 = PLANE('',#3149);
#3149 = AXIS2_PLACEMENT_3D('',#3150,#3151,#3152);
#3150 = CARTESIAN_POINT('',(-3.199,-0.13,2.959));
#3151 = DIRECTION('',(0.944730719271,-0.327847324322,0.));
#3152 = DIRECTION('',(0.327847324322,0.944730719271,0.));
#3153 = ADVANCED_FACE('',(#3154),#3165,.F.);
#3154 = FACE_BOUND('',#3155,.F.);
#3155 = EDGE_LOOP('',(#3156,#3162,#3163,#3164));
#3156 = ORIENTED_EDGE('',*,*,#3157,.F.);
#3157 = EDGE_CURVE('',#2595,#2912,#3158,.T.);
#3158 = LINE('',#3159,#3160);
#3159 = CARTESIAN_POINT('',(-2.81808593543,0.352588704438,2.959));
#3160 = VECTOR('',#3161,1.);
#3161 = DIRECTION('',(0.,0.,1.));
#3162 = ORIENTED_EDGE('',*,*,#2594,.T.);
#3163 = ORIENTED_EDGE('',*,*,#3142,.T.);
#3164 = ORIENTED_EDGE('',*,*,#2919,.T.);
#3165 = CYLINDRICAL_SURFACE('',#3166,0.3);
#3166 = AXIS2_PLACEMENT_3D('',#3167,#3168,#3169);
#3167 = CARTESIAN_POINT('',(-2.81808593543,5.258870443803E-02,
    -17.69411757097));
#3168 = DIRECTION('',(0.,0.,1.));
#3169 = DIRECTION('',(0.,1.,0.));
#3170 = ADVANCED_FACE('',(#3171),#3177,.T.);
#3171 = FACE_BOUND('',#3172,.F.);
#3172 = EDGE_LOOP('',(#3173,#3174,#3175,#3176));
#3173 = ORIENTED_EDGE('',*,*,#3157,.T.);
#3174 = ORIENTED_EDGE('',*,*,#2911,.T.);
#3175 = ORIENTED_EDGE('',*,*,#1239,.F.);
#3176 = ORIENTED_EDGE('',*,*,#2603,.F.);
#3177 = PLANE('',#3178);
#3178 = AXIS2_PLACEMENT_3D('',#3179,#3180,#3181);
#3179 = CARTESIAN_POINT('',(-3.031528558381,0.352588704438,2.959));
#3180 = DIRECTION('',(0.,-1.,0.));
#3181 = DIRECTION('',(1.,0.,0.));
#3182 = ADVANCED_FACE('',(#3183),#3276,.F.);
#3183 = FACE_BOUND('',#3184,.F.);
#3184 = EDGE_LOOP('',(#3185,#3196,#3202,#3203,#3211,#3220,#3228,#3237,
    #3245,#3253,#3261,#3270));
#3185 = ORIENTED_EDGE('',*,*,#3186,.F.);
#3186 = EDGE_CURVE('',#3187,#3189,#3191,.T.);
#3187 = VERTEX_POINT('',#3188);
#3188 = CARTESIAN_POINT('',(3.03508593543,0.657588704438,1.689));
#3189 = VERTEX_POINT('',#3190);
#3190 = CARTESIAN_POINT('',(3.318505151212,0.455942901734,1.689));
#3191 = CIRCLE('',#3192,0.3);
#3192 = AXIS2_PLACEMENT_3D('',#3193,#3194,#3195);
#3193 = CARTESIAN_POINT('',(3.03508593543,0.357588704438,1.689));
#3194 = DIRECTION('',(0.,0.,-1.));
#3195 = DIRECTION('',(0.,1.,0.));
#3196 = ORIENTED_EDGE('',*,*,#3197,.T.);
#3197 = EDGE_CURVE('',#3187,#267,#3198,.T.);
#3198 = LINE('',#3199,#3200);
#3199 = CARTESIAN_POINT('',(3.03508593543,0.657588704438,1.689));
#3200 = VECTOR('',#3201,1.);
#3201 = DIRECTION('',(-1.,0.,0.));
#3202 = ORIENTED_EDGE('',*,*,#264,.F.);
#3203 = ORIENTED_EDGE('',*,*,#3204,.T.);
#3204 = EDGE_CURVE('',#265,#3205,#3207,.T.);
#3205 = VERTEX_POINT('',#3206);
#3206 = CARTESIAN_POINT('',(2.81808593543,0.352588704438,1.689));
#3207 = LINE('',#3208,#3209);
#3208 = CARTESIAN_POINT('',(2.795,0.352588704438,1.689));
#3209 = VECTOR('',#3210,1.);
#3210 = DIRECTION('',(1.,0.,6.732723649665E-14));
#3211 = ORIENTED_EDGE('',*,*,#3212,.F.);
#3212 = EDGE_CURVE('',#3213,#3205,#3215,.T.);
#3213 = VERTEX_POINT('',#3214);
#3214 = CARTESIAN_POINT('',(3.101505151212,0.150942901735,1.689));
#3215 = CIRCLE('',#3216,0.3);
#3216 = AXIS2_PLACEMENT_3D('',#3217,#3218,#3219);
#3217 = CARTESIAN_POINT('',(2.81808593543,5.258870443803E-02,1.689));
#3218 = DIRECTION('',(0.,0.,1.));
#3219 = DIRECTION('',(0.944730719271,0.327847324322,-0.));
#3220 = ORIENTED_EDGE('',*,*,#3221,.T.);
#3221 = EDGE_CURVE('',#3213,#3222,#3224,.T.);
#3222 = VERTEX_POINT('',#3223);
#3223 = CARTESIAN_POINT('',(3.133481231443,5.880005646736E-02,1.689));
#3224 = LINE('',#3225,#3226);
#3225 = CARTESIAN_POINT('',(3.101505151212,0.150942901735,1.689));
#3226 = VECTOR('',#3227,1.);
#3227 = DIRECTION('',(0.327847324322,-0.944730719271,-5.008518992098E-14
    ));
#3228 = ORIENTED_EDGE('',*,*,#3229,.F.);
#3229 = EDGE_CURVE('',#3230,#3222,#3232,.T.);
#3230 = VERTEX_POINT('',#3231);
#3231 = CARTESIAN_POINT('',(3.398467786893,-0.142278939174,1.689));
#3232 = CIRCLE('',#3233,0.3);
#3233 = AXIS2_PLACEMENT_3D('',#3234,#3235,#3236);
#3234 = CARTESIAN_POINT('',(3.416900447224,0.157154253764,1.689));
#3235 = DIRECTION('',(0.,0.,-1.));
#3236 = DIRECTION('',(-6.144220110442E-02,-0.998110643127,-0.));
#3237 = ORIENTED_EDGE('',*,*,#3238,.T.);
#3238 = EDGE_CURVE('',#3230,#3239,#3241,.T.);
#3239 = VERTEX_POINT('',#3240);
#3240 = CARTESIAN_POINT('',(3.81,-0.167612247834,1.689));
#3241 = LINE('',#3242,#3243);
#3242 = CARTESIAN_POINT('',(3.398467786893,-0.142278939174,1.689));
#3243 = VECTOR('',#3244,1.);
#3244 = DIRECTION('',(0.998110643127,-6.144220110442E-02,0.));
#3245 = ORIENTED_EDGE('',*,*,#3246,.T.);
#3246 = EDGE_CURVE('',#3239,#3247,#3249,.T.);
#3247 = VERTEX_POINT('',#3248);
#3248 = CARTESIAN_POINT('',(3.81,0.137387752166,1.689));
#3249 = LINE('',#3250,#3251);
#3250 = CARTESIAN_POINT('',(3.81,-0.167612247834,1.689));
#3251 = VECTOR('',#3252,1.);
#3252 = DIRECTION('',(0.,1.,0.));
#3253 = ORIENTED_EDGE('',*,*,#3254,.T.);
#3254 = EDGE_CURVE('',#3247,#3255,#3257,.T.);
#3255 = VERTEX_POINT('',#3256);
#3256 = CARTESIAN_POINT('',(3.620204636074,0.149071271423,1.689));
#3257 = LINE('',#3258,#3259);
#3258 = CARTESIAN_POINT('',(3.81,0.137387752166,1.689));
#3259 = VECTOR('',#3260,1.);
#3260 = DIRECTION('',(-0.998110643127,6.144220110442E-02,0.));
#3261 = ORIENTED_EDGE('',*,*,#3262,.F.);
#3262 = EDGE_CURVE('',#3263,#3255,#3265,.T.);
#3263 = VERTEX_POINT('',#3264);
#3264 = CARTESIAN_POINT('',(3.355218080624,0.350150267064,1.689));
#3265 = CIRCLE('',#3266,0.3);
#3266 = AXIS2_PLACEMENT_3D('',#3267,#3268,#3269);
#3267 = CARTESIAN_POINT('',(3.638637296405,0.448504464361,1.689));
#3268 = DIRECTION('',(0.,0.,1.));
#3269 = DIRECTION('',(-0.944730719271,-0.327847324322,0.));
#3270 = ORIENTED_EDGE('',*,*,#3271,.T.);
#3271 = EDGE_CURVE('',#3263,#3189,#3272,.T.);
#3272 = LINE('',#3273,#3274);
#3273 = CARTESIAN_POINT('',(3.355218080624,0.350150267064,1.689));
#3274 = VECTOR('',#3275,1.);
#3275 = DIRECTION('',(-0.327847324322,0.944730719271,-1.189718130994E-14
    ));
#3276 = PLANE('',#3277);
#3277 = AXIS2_PLACEMENT_3D('',#3278,#3279,#3280);
#3278 = CARTESIAN_POINT('',(0.,0.,1.689));
#3279 = DIRECTION('',(0.,0.,1.));
#3280 = DIRECTION('',(1.,0.,-0.));
#3281 = ADVANCED_FACE('',(#3282),#3375,.F.);
#3282 = FACE_BOUND('',#3283,.F.);
#3283 = EDGE_LOOP('',(#3284,#3295,#3303,#3312,#3320,#3328,#3336,#3345,
    #3353,#3362,#3368,#3369));
#3284 = ORIENTED_EDGE('',*,*,#3285,.F.);
#3285 = EDGE_CURVE('',#3286,#3288,#3290,.T.);
#3286 = VERTEX_POINT('',#3287);
#3287 = CARTESIAN_POINT('',(-3.318505151212,0.455942901734,1.689));
#3288 = VERTEX_POINT('',#3289);
#3289 = CARTESIAN_POINT('',(-3.03508593543,0.657588704438,1.689));
#3290 = CIRCLE('',#3291,0.3);
#3291 = AXIS2_PLACEMENT_3D('',#3292,#3293,#3294);
#3292 = CARTESIAN_POINT('',(-3.03508593543,0.357588704438,1.689));
#3293 = DIRECTION('',(0.,0.,-1.));
#3294 = DIRECTION('',(-0.944730719271,0.327847324322,0.));
#3295 = ORIENTED_EDGE('',*,*,#3296,.T.);
#3296 = EDGE_CURVE('',#3286,#3297,#3299,.T.);
#3297 = VERTEX_POINT('',#3298);
#3298 = CARTESIAN_POINT('',(-3.355218080624,0.350150267064,1.689));
#3299 = LINE('',#3300,#3301);
#3300 = CARTESIAN_POINT('',(-3.318505151212,0.455942901734,1.689));
#3301 = VECTOR('',#3302,1.);
#3302 = DIRECTION('',(-0.327847324322,-0.944730719271,3.172581682649E-14
    ));
#3303 = ORIENTED_EDGE('',*,*,#3304,.F.);
#3304 = EDGE_CURVE('',#3305,#3297,#3307,.T.);
#3305 = VERTEX_POINT('',#3306);
#3306 = CARTESIAN_POINT('',(-3.620204636074,0.149071271423,1.689));
#3307 = CIRCLE('',#3308,0.3);
#3308 = AXIS2_PLACEMENT_3D('',#3309,#3310,#3311);
#3309 = CARTESIAN_POINT('',(-3.638637296405,0.448504464361,1.689));
#3310 = DIRECTION('',(0.,0.,1.));
#3311 = DIRECTION('',(6.144220110442E-02,-0.998110643127,0.));
#3312 = ORIENTED_EDGE('',*,*,#3313,.T.);
#3313 = EDGE_CURVE('',#3305,#3314,#3316,.T.);
#3314 = VERTEX_POINT('',#3315);
#3315 = CARTESIAN_POINT('',(-3.81,0.137387752166,1.689));
#3316 = LINE('',#3317,#3318);
#3317 = CARTESIAN_POINT('',(-3.620204636074,0.149071271423,1.689));
#3318 = VECTOR('',#3319,1.);
#3319 = DIRECTION('',(-0.998110643127,-6.144220110442E-02,
    -1.284476009971E-14));
#3320 = ORIENTED_EDGE('',*,*,#3321,.T.);
#3321 = EDGE_CURVE('',#3314,#3322,#3324,.T.);
#3322 = VERTEX_POINT('',#3323);
#3323 = CARTESIAN_POINT('',(-3.81,-0.167612247834,1.689));
#3324 = LINE('',#3325,#3326);
#3325 = CARTESIAN_POINT('',(-3.81,0.137387752166,1.689));
#3326 = VECTOR('',#3327,1.);
#3327 = DIRECTION('',(0.,-1.,0.));
#3328 = ORIENTED_EDGE('',*,*,#3329,.T.);
#3329 = EDGE_CURVE('',#3322,#3330,#3332,.T.);
#3330 = VERTEX_POINT('',#3331);
#3331 = CARTESIAN_POINT('',(-3.398467786893,-0.142278939174,1.689));
#3332 = LINE('',#3333,#3334);
#3333 = CARTESIAN_POINT('',(-3.81,-0.167612247834,1.689));
#3334 = VECTOR('',#3335,1.);
#3335 = DIRECTION('',(0.998110643127,6.144220110442E-02,0.));
#3336 = ORIENTED_EDGE('',*,*,#3337,.F.);
#3337 = EDGE_CURVE('',#3338,#3330,#3340,.T.);
#3338 = VERTEX_POINT('',#3339);
#3339 = CARTESIAN_POINT('',(-3.133481231443,5.880005646736E-02,1.689));
#3340 = CIRCLE('',#3341,0.3);
#3341 = AXIS2_PLACEMENT_3D('',#3342,#3343,#3344);
#3342 = CARTESIAN_POINT('',(-3.416900447224,0.157154253764,1.689));
#3343 = DIRECTION('',(0.,0.,-1.));
#3344 = DIRECTION('',(0.944730719271,-0.327847324322,0.));
#3345 = ORIENTED_EDGE('',*,*,#3346,.T.);
#3346 = EDGE_CURVE('',#3338,#3347,#3349,.T.);
#3347 = VERTEX_POINT('',#3348);
#3348 = CARTESIAN_POINT('',(-3.101505151212,0.150942901735,1.689));
#3349 = LINE('',#3350,#3351);
#3350 = CARTESIAN_POINT('',(-3.133481231443,5.880005646736E-02,1.689));
#3351 = VECTOR('',#3352,1.);
#3352 = DIRECTION('',(0.327847324322,0.944730719271,1.138299770931E-14)
  );
#3353 = ORIENTED_EDGE('',*,*,#3354,.F.);
#3354 = EDGE_CURVE('',#3355,#3347,#3357,.T.);
#3355 = VERTEX_POINT('',#3356);
#3356 = CARTESIAN_POINT('',(-2.81808593543,0.352588704438,1.689));
#3357 = CIRCLE('',#3358,0.3);
#3358 = AXIS2_PLACEMENT_3D('',#3359,#3360,#3361);
#3359 = CARTESIAN_POINT('',(-2.81808593543,5.258870443803E-02,1.689));
#3360 = DIRECTION('',(0.,-0.,1.));
#3361 = DIRECTION('',(0.,1.,0.));
#3362 = ORIENTED_EDGE('',*,*,#3363,.T.);
#3363 = EDGE_CURVE('',#3355,#1264,#3364,.T.);
#3364 = LINE('',#3365,#3366);
#3365 = CARTESIAN_POINT('',(-2.81808593543,0.352588704438,1.689));
#3366 = VECTOR('',#3367,1.);
#3367 = DIRECTION('',(1.,0.,0.));
#3368 = ORIENTED_EDGE('',*,*,#1263,.T.);
#3369 = ORIENTED_EDGE('',*,*,#3370,.T.);
#3370 = EDGE_CURVE('',#1266,#3288,#3371,.T.);
#3371 = LINE('',#3372,#3373);
#3372 = CARTESIAN_POINT('',(-2.795,0.657588704438,1.689));
#3373 = VECTOR('',#3374,1.);
#3374 = DIRECTION('',(-1.,0.,0.));
#3375 = PLANE('',#3376);
#3376 = AXIS2_PLACEMENT_3D('',#3377,#3378,#3379);
#3377 = CARTESIAN_POINT('',(0.,0.,1.689));
#3378 = DIRECTION('',(0.,0.,1.));
#3379 = DIRECTION('',(1.,0.,-0.));
#3380 = ADVANCED_FACE('',(#3381),#3407,.T.);
#3381 = FACE_BOUND('',#3382,.T.);
#3382 = EDGE_LOOP('',(#3383,#3391,#3400,#3406));
#3383 = ORIENTED_EDGE('',*,*,#3384,.F.);
#3384 = EDGE_CURVE('',#3385,#3187,#3387,.T.);
#3385 = VERTEX_POINT('',#3386);
#3386 = CARTESIAN_POINT('',(3.03508593543,0.657588704438,2.121));
#3387 = LINE('',#3388,#3389);
#3388 = CARTESIAN_POINT('',(3.03508593543,0.657588704438,2.121));
#3389 = VECTOR('',#3390,1.);
#3390 = DIRECTION('',(0.,0.,-1.));
#3391 = ORIENTED_EDGE('',*,*,#3392,.F.);
#3392 = EDGE_CURVE('',#3393,#3385,#3395,.T.);
#3393 = VERTEX_POINT('',#3394);
#3394 = CARTESIAN_POINT('',(3.318505151212,0.455942901734,2.121));
#3395 = CIRCLE('',#3396,0.3);
#3396 = AXIS2_PLACEMENT_3D('',#3397,#3398,#3399);
#3397 = CARTESIAN_POINT('',(3.03508593543,0.357588704438,2.121));
#3398 = DIRECTION('',(0.,0.,1.));
#3399 = DIRECTION('',(0.944730719271,0.327847324322,-0.));
#3400 = ORIENTED_EDGE('',*,*,#3401,.T.);
#3401 = EDGE_CURVE('',#3393,#3189,#3402,.T.);
#3402 = LINE('',#3403,#3404);
#3403 = CARTESIAN_POINT('',(3.318505151212,0.455942901734,2.121));
#3404 = VECTOR('',#3405,1.);
#3405 = DIRECTION('',(0.,0.,-1.));
#3406 = ORIENTED_EDGE('',*,*,#3186,.F.);
#3407 = CYLINDRICAL_SURFACE('',#3408,0.3);
#3408 = AXIS2_PLACEMENT_3D('',#3409,#3410,#3411);
#3409 = CARTESIAN_POINT('',(3.03508593543,0.357588704438,24.745392));
#3410 = DIRECTION('',(0.,0.,-1.));
#3411 = DIRECTION('',(0.,1.,0.));
#3412 = ADVANCED_FACE('',(#3413),#3431,.T.);
#3413 = FACE_BOUND('',#3414,.F.);
#3414 = EDGE_LOOP('',(#3415,#3416,#3417,#3425));
#3415 = ORIENTED_EDGE('',*,*,#3401,.T.);
#3416 = ORIENTED_EDGE('',*,*,#3271,.F.);
#3417 = ORIENTED_EDGE('',*,*,#3418,.T.);
#3418 = EDGE_CURVE('',#3263,#3419,#3421,.T.);
#3419 = VERTEX_POINT('',#3420);
#3420 = CARTESIAN_POINT('',(3.355218080624,0.350150267064,2.121));
#3421 = LINE('',#3422,#3423);
#3422 = CARTESIAN_POINT('',(3.355218080624,0.350150267064,1.689));
#3423 = VECTOR('',#3424,1.);
#3424 = DIRECTION('',(0.,0.,1.));
#3425 = ORIENTED_EDGE('',*,*,#3426,.T.);
#3426 = EDGE_CURVE('',#3419,#3393,#3427,.T.);
#3427 = LINE('',#3428,#3429);
#3428 = CARTESIAN_POINT('',(3.355218080624,0.350150267064,2.121));
#3429 = VECTOR('',#3430,1.);
#3430 = DIRECTION('',(-0.327847324322,0.944730719271,-1.586290841325E-14
    ));
#3431 = PLANE('',#3432);
#3432 = AXIS2_PLACEMENT_3D('',#3433,#3434,#3435);
#3433 = CARTESIAN_POINT('',(3.42073684918,0.161350210597,1.689));
#3434 = DIRECTION('',(0.944730719271,0.327847324322,0.));
#3435 = DIRECTION('',(-0.327847324322,0.944730719271,0.));
#3436 = ADVANCED_FACE('',(#3437),#3456,.F.);
#3437 = FACE_BOUND('',#3438,.F.);
#3438 = EDGE_LOOP('',(#3439,#3440,#3441,#3449));
#3439 = ORIENTED_EDGE('',*,*,#3418,.F.);
#3440 = ORIENTED_EDGE('',*,*,#3262,.T.);
#3441 = ORIENTED_EDGE('',*,*,#3442,.T.);
#3442 = EDGE_CURVE('',#3255,#3443,#3445,.T.);
#3443 = VERTEX_POINT('',#3444);
#3444 = CARTESIAN_POINT('',(3.620204636074,0.149071271423,2.121));
#3445 = LINE('',#3446,#3447);
#3446 = CARTESIAN_POINT('',(3.620204636074,0.149071271423,1.689));
#3447 = VECTOR('',#3448,1.);
#3448 = DIRECTION('',(0.,0.,1.));
#3449 = ORIENTED_EDGE('',*,*,#3450,.T.);
#3450 = EDGE_CURVE('',#3443,#3419,#3451,.T.);
#3451 = CIRCLE('',#3452,0.3);
#3452 = AXIS2_PLACEMENT_3D('',#3453,#3454,#3455);
#3453 = CARTESIAN_POINT('',(3.638637296405,0.448504464361,2.121));
#3454 = DIRECTION('',(0.,0.,-1.));
#3455 = DIRECTION('',(-6.144220110442E-02,-0.998110643127,-0.));
#3456 = CYLINDRICAL_SURFACE('',#3457,0.3);
#3457 = AXIS2_PLACEMENT_3D('',#3458,#3459,#3460);
#3458 = CARTESIAN_POINT('',(3.638637296405,0.448504464361,
    -21.49152874855));
#3459 = DIRECTION('',(0.,0.,1.));
#3460 = DIRECTION('',(-0.944730719271,-0.327847324322,0.));
#3461 = ADVANCED_FACE('',(#3462),#3480,.T.);
#3462 = FACE_BOUND('',#3463,.F.);
#3463 = EDGE_LOOP('',(#3464,#3465,#3466,#3474));
#3464 = ORIENTED_EDGE('',*,*,#3442,.F.);
#3465 = ORIENTED_EDGE('',*,*,#3254,.F.);
#3466 = ORIENTED_EDGE('',*,*,#3467,.T.);
#3467 = EDGE_CURVE('',#3247,#3468,#3470,.T.);
#3468 = VERTEX_POINT('',#3469);
#3469 = CARTESIAN_POINT('',(3.81,0.137387752166,2.121));
#3470 = LINE('',#3471,#3472);
#3471 = CARTESIAN_POINT('',(3.81,0.137387752166,1.689));
#3472 = VECTOR('',#3473,1.);
#3473 = DIRECTION('',(0.,0.,1.));
#3474 = ORIENTED_EDGE('',*,*,#3475,.T.);
#3475 = EDGE_CURVE('',#3468,#3443,#3476,.T.);
#3476 = LINE('',#3477,#3478);
#3477 = CARTESIAN_POINT('',(3.81,0.137387752166,2.121));
#3478 = VECTOR('',#3479,1.);
#3479 = DIRECTION('',(-0.998110643127,6.144220110442E-02,
    1.401246556331E-14));
#3480 = PLANE('',#3481);
#3481 = AXIS2_PLACEMENT_3D('',#3482,#3483,#3484);
#3482 = CARTESIAN_POINT('',(3.81,0.137387752166,1.689));
#3483 = DIRECTION('',(6.144220110442E-02,0.998110643127,0.));
#3484 = DIRECTION('',(-0.998110643127,6.144220110442E-02,0.));
#3485 = ADVANCED_FACE('',(#3486),#3504,.T.);
#3486 = FACE_BOUND('',#3487,.F.);
#3487 = EDGE_LOOP('',(#3488,#3489,#3497,#3503));
#3488 = ORIENTED_EDGE('',*,*,#3246,.F.);
#3489 = ORIENTED_EDGE('',*,*,#3490,.T.);
#3490 = EDGE_CURVE('',#3239,#3491,#3493,.T.);
#3491 = VERTEX_POINT('',#3492);
#3492 = CARTESIAN_POINT('',(3.81,-0.167612247834,2.121));
#3493 = LINE('',#3494,#3495);
#3494 = CARTESIAN_POINT('',(3.81,-0.167612247834,1.689));
#3495 = VECTOR('',#3496,1.);
#3496 = DIRECTION('',(0.,0.,1.));
#3497 = ORIENTED_EDGE('',*,*,#3498,.T.);
#3498 = EDGE_CURVE('',#3491,#3468,#3499,.T.);
#3499 = LINE('',#3500,#3501);
#3500 = CARTESIAN_POINT('',(3.81,-0.167612247834,2.121));
#3501 = VECTOR('',#3502,1.);
#3502 = DIRECTION('',(0.,1.,0.));
#3503 = ORIENTED_EDGE('',*,*,#3467,.F.);
#3504 = PLANE('',#3505);
#3505 = AXIS2_PLACEMENT_3D('',#3506,#3507,#3508);
#3506 = CARTESIAN_POINT('',(3.81,-0.167612247834,1.689));
#3507 = DIRECTION('',(1.,0.,0.));
#3508 = DIRECTION('',(-0.,1.,0.));
#3509 = ADVANCED_FACE('',(#3510),#3528,.T.);
#3510 = FACE_BOUND('',#3511,.F.);
#3511 = EDGE_LOOP('',(#3512,#3520,#3526,#3527));
#3512 = ORIENTED_EDGE('',*,*,#3513,.F.);
#3513 = EDGE_CURVE('',#3514,#3230,#3516,.T.);
#3514 = VERTEX_POINT('',#3515);
#3515 = CARTESIAN_POINT('',(3.398467786893,-0.142278939174,2.121));
#3516 = LINE('',#3517,#3518);
#3517 = CARTESIAN_POINT('',(3.398467786893,-0.142278939174,2.121));
#3518 = VECTOR('',#3519,1.);
#3519 = DIRECTION('',(0.,0.,-1.));
#3520 = ORIENTED_EDGE('',*,*,#3521,.T.);
#3521 = EDGE_CURVE('',#3514,#3491,#3522,.T.);
#3522 = LINE('',#3523,#3524);
#3523 = CARTESIAN_POINT('',(3.398467786893,-0.142278939174,2.121));
#3524 = VECTOR('',#3525,1.);
#3525 = DIRECTION('',(0.998110643127,-6.144220110442E-02,0.));
#3526 = ORIENTED_EDGE('',*,*,#3490,.F.);
#3527 = ORIENTED_EDGE('',*,*,#3238,.F.);
#3528 = PLANE('',#3529);
#3529 = AXIS2_PLACEMENT_3D('',#3530,#3531,#3532);
#3530 = CARTESIAN_POINT('',(3.199,-0.13,1.689));
#3531 = DIRECTION('',(-6.144220110442E-02,-0.998110643127,0.));
#3532 = DIRECTION('',(0.998110643127,-6.144220110442E-02,0.));
#3533 = ADVANCED_FACE('',(#3534),#3553,.T.);
#3534 = FACE_BOUND('',#3535,.T.);
#3535 = EDGE_LOOP('',(#3536,#3537,#3546,#3552));
#3536 = ORIENTED_EDGE('',*,*,#3513,.F.);
#3537 = ORIENTED_EDGE('',*,*,#3538,.F.);
#3538 = EDGE_CURVE('',#3539,#3514,#3541,.T.);
#3539 = VERTEX_POINT('',#3540);
#3540 = CARTESIAN_POINT('',(3.133481231443,5.880005646736E-02,2.121));
#3541 = CIRCLE('',#3542,0.3);
#3542 = AXIS2_PLACEMENT_3D('',#3543,#3544,#3545);
#3543 = CARTESIAN_POINT('',(3.416900447224,0.157154253764,2.121));
#3544 = DIRECTION('',(0.,0.,1.));
#3545 = DIRECTION('',(-0.944730719271,-0.327847324322,0.));
#3546 = ORIENTED_EDGE('',*,*,#3547,.T.);
#3547 = EDGE_CURVE('',#3539,#3222,#3548,.T.);
#3548 = LINE('',#3549,#3550);
#3549 = CARTESIAN_POINT('',(3.133481231443,5.880005646736E-02,2.121));
#3550 = VECTOR('',#3551,1.);
#3551 = DIRECTION('',(0.,0.,-1.));
#3552 = ORIENTED_EDGE('',*,*,#3229,.F.);
#3553 = CYLINDRICAL_SURFACE('',#3554,0.3);
#3554 = AXIS2_PLACEMENT_3D('',#3555,#3556,#3557);
#3555 = CARTESIAN_POINT('',(3.416900447224,0.157154253764,24.745392));
#3556 = DIRECTION('',(0.,0.,-1.));
#3557 = DIRECTION('',(-6.144220110442E-02,-0.998110643127,-0.));
#3558 = ADVANCED_FACE('',(#3559),#3577,.T.);
#3559 = FACE_BOUND('',#3560,.F.);
#3560 = EDGE_LOOP('',(#3561,#3562,#3563,#3571));
#3561 = ORIENTED_EDGE('',*,*,#3547,.T.);
#3562 = ORIENTED_EDGE('',*,*,#3221,.F.);
#3563 = ORIENTED_EDGE('',*,*,#3564,.T.);
#3564 = EDGE_CURVE('',#3213,#3565,#3567,.T.);
#3565 = VERTEX_POINT('',#3566);
#3566 = CARTESIAN_POINT('',(3.101505151212,0.150942901735,2.121));
#3567 = LINE('',#3568,#3569);
#3568 = CARTESIAN_POINT('',(3.101505151212,0.150942901735,1.689));
#3569 = VECTOR('',#3570,1.);
#3570 = DIRECTION('',(0.,0.,1.));
#3571 = ORIENTED_EDGE('',*,*,#3572,.T.);
#3572 = EDGE_CURVE('',#3565,#3539,#3573,.T.);
#3573 = LINE('',#3574,#3575);
#3574 = CARTESIAN_POINT('',(3.101505151212,0.150942901735,2.121));
#3575 = VECTOR('',#3576,1.);
#3576 = DIRECTION('',(0.327847324322,-0.944730719271,-4.553199083726E-14
    ));
#3577 = PLANE('',#3578);
#3578 = AXIS2_PLACEMENT_3D('',#3579,#3580,#3581);
#3579 = CARTESIAN_POINT('',(3.031528558381,0.352588704438,1.689));
#3580 = DIRECTION('',(-0.944730719271,-0.327847324322,0.));
#3581 = DIRECTION('',(0.327847324322,-0.944730719271,0.));
#3582 = ADVANCED_FACE('',(#3583),#3602,.F.);
#3583 = FACE_BOUND('',#3584,.F.);
#3584 = EDGE_LOOP('',(#3585,#3586,#3587,#3595));
#3585 = ORIENTED_EDGE('',*,*,#3564,.F.);
#3586 = ORIENTED_EDGE('',*,*,#3212,.T.);
#3587 = ORIENTED_EDGE('',*,*,#3588,.T.);
#3588 = EDGE_CURVE('',#3205,#3589,#3591,.T.);
#3589 = VERTEX_POINT('',#3590);
#3590 = CARTESIAN_POINT('',(2.81808593543,0.352588704438,2.121));
#3591 = LINE('',#3592,#3593);
#3592 = CARTESIAN_POINT('',(2.81808593543,0.352588704438,1.689));
#3593 = VECTOR('',#3594,1.);
#3594 = DIRECTION('',(0.,0.,1.));
#3595 = ORIENTED_EDGE('',*,*,#3596,.T.);
#3596 = EDGE_CURVE('',#3589,#3565,#3597,.T.);
#3597 = CIRCLE('',#3598,0.3);
#3598 = AXIS2_PLACEMENT_3D('',#3599,#3600,#3601);
#3599 = CARTESIAN_POINT('',(2.81808593543,5.258870443803E-02,2.121));
#3600 = DIRECTION('',(0.,0.,-1.));
#3601 = DIRECTION('',(0.,1.,0.));
#3602 = CYLINDRICAL_SURFACE('',#3603,0.3);
#3603 = AXIS2_PLACEMENT_3D('',#3604,#3605,#3606);
#3604 = CARTESIAN_POINT('',(2.81808593543,5.258870443803E-02,
    -20.98632129863));
#3605 = DIRECTION('',(0.,0.,1.));
#3606 = DIRECTION('',(0.944730719271,0.327847324322,-0.));
#3607 = ADVANCED_FACE('',(#3608),#3619,.T.);
#3608 = FACE_BOUND('',#3609,.F.);
#3609 = EDGE_LOOP('',(#3610,#3611,#3612,#3613));
#3610 = ORIENTED_EDGE('',*,*,#3588,.F.);
#3611 = ORIENTED_EDGE('',*,*,#3204,.F.);
#3612 = ORIENTED_EDGE('',*,*,#290,.T.);
#3613 = ORIENTED_EDGE('',*,*,#3614,.T.);
#3614 = EDGE_CURVE('',#283,#3589,#3615,.T.);
#3615 = LINE('',#3616,#3617);
#3616 = CARTESIAN_POINT('',(2.795,0.352588704438,2.121));
#3617 = VECTOR('',#3618,1.);
#3618 = DIRECTION('',(1.,0.,1.923635328476E-14));
#3619 = PLANE('',#3620);
#3620 = AXIS2_PLACEMENT_3D('',#3621,#3622,#3623);
#3621 = CARTESIAN_POINT('',(2.025528558381,0.352588704438,1.689));
#3622 = DIRECTION('',(0.,-1.,0.));
#3623 = DIRECTION('',(1.,0.,0.));
#3624 = ADVANCED_FACE('',(#3625),#3644,.T.);
#3625 = FACE_BOUND('',#3626,.F.);
#3626 = EDGE_LOOP('',(#3627,#3628,#3629,#3630,#3631,#3632,#3633,#3634,
    #3635,#3636,#3637,#3638));
#3627 = ORIENTED_EDGE('',*,*,#3392,.F.);
#3628 = ORIENTED_EDGE('',*,*,#3426,.F.);
#3629 = ORIENTED_EDGE('',*,*,#3450,.F.);
#3630 = ORIENTED_EDGE('',*,*,#3475,.F.);
#3631 = ORIENTED_EDGE('',*,*,#3498,.F.);
#3632 = ORIENTED_EDGE('',*,*,#3521,.F.);
#3633 = ORIENTED_EDGE('',*,*,#3538,.F.);
#3634 = ORIENTED_EDGE('',*,*,#3572,.F.);
#3635 = ORIENTED_EDGE('',*,*,#3596,.F.);
#3636 = ORIENTED_EDGE('',*,*,#3614,.F.);
#3637 = ORIENTED_EDGE('',*,*,#282,.T.);
#3638 = ORIENTED_EDGE('',*,*,#3639,.F.);
#3639 = EDGE_CURVE('',#3385,#275,#3640,.T.);
#3640 = LINE('',#3641,#3642);
#3641 = CARTESIAN_POINT('',(3.03508593543,0.657588704438,2.121));
#3642 = VECTOR('',#3643,1.);
#3643 = DIRECTION('',(-1.,0.,0.));
#3644 = PLANE('',#3645);
#3645 = AXIS2_PLACEMENT_3D('',#3646,#3647,#3648);
#3646 = CARTESIAN_POINT('',(0.,0.,2.121));
#3647 = DIRECTION('',(0.,0.,1.));
#3648 = DIRECTION('',(1.,0.,-0.));
#3649 = ADVANCED_FACE('',(#3650),#3743,.T.);
#3650 = FACE_BOUND('',#3651,.F.);
#3651 = EDGE_LOOP('',(#3652,#3663,#3669,#3670,#3678,#3687,#3695,#3704,
    #3712,#3720,#3728,#3737));
#3652 = ORIENTED_EDGE('',*,*,#3653,.F.);
#3653 = EDGE_CURVE('',#3654,#3656,#3658,.T.);
#3654 = VERTEX_POINT('',#3655);
#3655 = CARTESIAN_POINT('',(-3.03508593543,0.657588704438,2.121));
#3656 = VERTEX_POINT('',#3657);
#3657 = CARTESIAN_POINT('',(-3.318505151212,0.455942901734,2.121));
#3658 = CIRCLE('',#3659,0.3);
#3659 = AXIS2_PLACEMENT_3D('',#3660,#3661,#3662);
#3660 = CARTESIAN_POINT('',(-3.03508593543,0.357588704438,2.121));
#3661 = DIRECTION('',(0.,-0.,1.));
#3662 = DIRECTION('',(0.,1.,0.));
#3663 = ORIENTED_EDGE('',*,*,#3664,.F.);
#3664 = EDGE_CURVE('',#1282,#3654,#3665,.T.);
#3665 = LINE('',#3666,#3667);
#3666 = CARTESIAN_POINT('',(-2.795,0.657588704438,2.121));
#3667 = VECTOR('',#3668,1.);
#3668 = DIRECTION('',(-1.,0.,0.));
#3669 = ORIENTED_EDGE('',*,*,#1281,.F.);
#3670 = ORIENTED_EDGE('',*,*,#3671,.F.);
#3671 = EDGE_CURVE('',#3672,#1274,#3674,.T.);
#3672 = VERTEX_POINT('',#3673);
#3673 = CARTESIAN_POINT('',(-2.81808593543,0.352588704438,2.121));
#3674 = LINE('',#3675,#3676);
#3675 = CARTESIAN_POINT('',(-2.81808593543,0.352588704438,2.121));
#3676 = VECTOR('',#3677,1.);
#3677 = DIRECTION('',(1.,0.,1.923635328476E-14));
#3678 = ORIENTED_EDGE('',*,*,#3679,.F.);
#3679 = EDGE_CURVE('',#3680,#3672,#3682,.T.);
#3680 = VERTEX_POINT('',#3681);
#3681 = CARTESIAN_POINT('',(-3.101505151212,0.150942901735,2.121));
#3682 = CIRCLE('',#3683,0.3);
#3683 = AXIS2_PLACEMENT_3D('',#3684,#3685,#3686);
#3684 = CARTESIAN_POINT('',(-2.81808593543,5.258870443803E-02,2.121));
#3685 = DIRECTION('',(0.,0.,-1.));
#3686 = DIRECTION('',(-0.944730719271,0.327847324322,0.));
#3687 = ORIENTED_EDGE('',*,*,#3688,.F.);
#3688 = EDGE_CURVE('',#3689,#3680,#3691,.T.);
#3689 = VERTEX_POINT('',#3690);
#3690 = CARTESIAN_POINT('',(-3.133481231443,5.880005646736E-02,2.121));
#3691 = LINE('',#3692,#3693);
#3692 = CARTESIAN_POINT('',(-3.133481231443,5.880005646736E-02,2.121));
#3693 = VECTOR('',#3694,1.);
#3694 = DIRECTION('',(0.327847324322,0.944730719271,0.));
#3695 = ORIENTED_EDGE('',*,*,#3696,.F.);
#3696 = EDGE_CURVE('',#3697,#3689,#3699,.T.);
#3697 = VERTEX_POINT('',#3698);
#3698 = CARTESIAN_POINT('',(-3.398467786893,-0.142278939174,2.121));
#3699 = CIRCLE('',#3700,0.3);
#3700 = AXIS2_PLACEMENT_3D('',#3701,#3702,#3703);
#3701 = CARTESIAN_POINT('',(-3.416900447224,0.157154253764,2.121));
#3702 = DIRECTION('',(0.,0.,1.));
#3703 = DIRECTION('',(6.144220110442E-02,-0.998110643127,0.));
#3704 = ORIENTED_EDGE('',*,*,#3705,.F.);
#3705 = EDGE_CURVE('',#3706,#3697,#3708,.T.);
#3706 = VERTEX_POINT('',#3707);
#3707 = CARTESIAN_POINT('',(-3.81,-0.167612247834,2.121));
#3708 = LINE('',#3709,#3710);
#3709 = CARTESIAN_POINT('',(-3.81,-0.167612247834,2.121));
#3710 = VECTOR('',#3711,1.);
#3711 = DIRECTION('',(0.998110643127,6.144220110442E-02,0.));
#3712 = ORIENTED_EDGE('',*,*,#3713,.F.);
#3713 = EDGE_CURVE('',#3714,#3706,#3716,.T.);
#3714 = VERTEX_POINT('',#3715);
#3715 = CARTESIAN_POINT('',(-3.81,0.137387752166,2.121));
#3716 = LINE('',#3717,#3718);
#3717 = CARTESIAN_POINT('',(-3.81,0.137387752166,2.121));
#3718 = VECTOR('',#3719,1.);
#3719 = DIRECTION('',(0.,-1.,0.));
#3720 = ORIENTED_EDGE('',*,*,#3721,.F.);
#3721 = EDGE_CURVE('',#3722,#3714,#3724,.T.);
#3722 = VERTEX_POINT('',#3723);
#3723 = CARTESIAN_POINT('',(-3.620204636074,0.149071271423,2.121));
#3724 = LINE('',#3725,#3726);
#3725 = CARTESIAN_POINT('',(-3.620204636074,0.149071271423,2.121));
#3726 = VECTOR('',#3727,1.);
#3727 = DIRECTION('',(-0.998110643127,-6.144220110442E-02,
    -1.634787649053E-14));
#3728 = ORIENTED_EDGE('',*,*,#3729,.F.);
#3729 = EDGE_CURVE('',#3730,#3722,#3732,.T.);
#3730 = VERTEX_POINT('',#3731);
#3731 = CARTESIAN_POINT('',(-3.355218080624,0.350150267064,2.121));
#3732 = CIRCLE('',#3733,0.3);
#3733 = AXIS2_PLACEMENT_3D('',#3734,#3735,#3736);
#3734 = CARTESIAN_POINT('',(-3.638637296405,0.448504464361,2.121));
#3735 = DIRECTION('',(0.,0.,-1.));
#3736 = DIRECTION('',(0.944730719271,-0.327847324322,0.));
#3737 = ORIENTED_EDGE('',*,*,#3738,.F.);
#3738 = EDGE_CURVE('',#3656,#3730,#3739,.T.);
#3739 = LINE('',#3740,#3741);
#3740 = CARTESIAN_POINT('',(-3.318505151212,0.455942901734,2.121));
#3741 = VECTOR('',#3742,1.);
#3742 = DIRECTION('',(-0.327847324322,-0.944730719271,4.758872523974E-14
    ));
#3743 = PLANE('',#3744);
#3744 = AXIS2_PLACEMENT_3D('',#3745,#3746,#3747);
#3745 = CARTESIAN_POINT('',(0.,0.,2.121));
#3746 = DIRECTION('',(0.,0.,1.));
#3747 = DIRECTION('',(1.,0.,-0.));
#3748 = ADVANCED_FACE('',(#3749),#3755,.T.);
#3749 = FACE_BOUND('',#3750,.F.);
#3750 = EDGE_LOOP('',(#3751,#3752,#3753,#3754));
#3751 = ORIENTED_EDGE('',*,*,#3384,.F.);
#3752 = ORIENTED_EDGE('',*,*,#3639,.T.);
#3753 = ORIENTED_EDGE('',*,*,#274,.F.);
#3754 = ORIENTED_EDGE('',*,*,#3197,.F.);
#3755 = PLANE('',#3756);
#3756 = AXIS2_PLACEMENT_3D('',#3757,#3758,#3759);
#3757 = CARTESIAN_POINT('',(3.248528558381,0.657588704438,1.689));
#3758 = DIRECTION('',(0.,1.,0.));
#3759 = DIRECTION('',(-1.,0.,0.));
#3760 = ADVANCED_FACE('',(#3761),#3777,.T.);
#3761 = FACE_BOUND('',#3762,.T.);
#3762 = EDGE_LOOP('',(#3763,#3769,#3770,#3776));
#3763 = ORIENTED_EDGE('',*,*,#3764,.F.);
#3764 = EDGE_CURVE('',#3656,#3286,#3765,.T.);
#3765 = LINE('',#3766,#3767);
#3766 = CARTESIAN_POINT('',(-3.318505151212,0.455942901734,2.121));
#3767 = VECTOR('',#3768,1.);
#3768 = DIRECTION('',(0.,0.,-1.));
#3769 = ORIENTED_EDGE('',*,*,#3653,.F.);
#3770 = ORIENTED_EDGE('',*,*,#3771,.T.);
#3771 = EDGE_CURVE('',#3654,#3288,#3772,.T.);
#3772 = LINE('',#3773,#3774);
#3773 = CARTESIAN_POINT('',(-3.03508593543,0.657588704438,2.121));
#3774 = VECTOR('',#3775,1.);
#3775 = DIRECTION('',(0.,0.,-1.));
#3776 = ORIENTED_EDGE('',*,*,#3285,.F.);
#3777 = CYLINDRICAL_SURFACE('',#3778,0.3);
#3778 = AXIS2_PLACEMENT_3D('',#3779,#3780,#3781);
#3779 = CARTESIAN_POINT('',(-3.03508593543,0.357588704438,20.3238706254)
  );
#3780 = DIRECTION('',(0.,0.,-1.));
#3781 = DIRECTION('',(-0.944730719271,0.327847324322,0.));
#3782 = ADVANCED_FACE('',(#3783),#3789,.T.);
#3783 = FACE_BOUND('',#3784,.F.);
#3784 = EDGE_LOOP('',(#3785,#3786,#3787,#3788));
#3785 = ORIENTED_EDGE('',*,*,#3771,.T.);
#3786 = ORIENTED_EDGE('',*,*,#3370,.F.);
#3787 = ORIENTED_EDGE('',*,*,#1289,.T.);
#3788 = ORIENTED_EDGE('',*,*,#3664,.T.);
#3789 = PLANE('',#3790);
#3790 = AXIS2_PLACEMENT_3D('',#3791,#3792,#3793);
#3791 = CARTESIAN_POINT('',(-2.025528558381,0.657588704438,1.689));
#3792 = DIRECTION('',(0.,1.,0.));
#3793 = DIRECTION('',(-1.,0.,0.));
#3794 = ADVANCED_FACE('',(#3795),#3806,.T.);
#3795 = FACE_BOUND('',#3796,.F.);
#3796 = EDGE_LOOP('',(#3797,#3798,#3799,#3805));
#3797 = ORIENTED_EDGE('',*,*,#3764,.F.);
#3798 = ORIENTED_EDGE('',*,*,#3738,.T.);
#3799 = ORIENTED_EDGE('',*,*,#3800,.F.);
#3800 = EDGE_CURVE('',#3297,#3730,#3801,.T.);
#3801 = LINE('',#3802,#3803);
#3802 = CARTESIAN_POINT('',(-3.355218080624,0.350150267064,1.689));
#3803 = VECTOR('',#3804,1.);
#3804 = DIRECTION('',(0.,0.,1.));
#3805 = ORIENTED_EDGE('',*,*,#3296,.F.);
#3806 = PLANE('',#3807);
#3807 = AXIS2_PLACEMENT_3D('',#3808,#3809,#3810);
#3808 = CARTESIAN_POINT('',(-3.248528558381,0.657588704438,1.689));
#3809 = DIRECTION('',(-0.944730719271,0.327847324322,0.));
#3810 = DIRECTION('',(-0.327847324322,-0.944730719271,0.));
#3811 = ADVANCED_FACE('',(#3812),#3823,.F.);
#3812 = FACE_BOUND('',#3813,.F.);
#3813 = EDGE_LOOP('',(#3814,#3820,#3821,#3822));
#3814 = ORIENTED_EDGE('',*,*,#3815,.F.);
#3815 = EDGE_CURVE('',#3305,#3722,#3816,.T.);
#3816 = LINE('',#3817,#3818);
#3817 = CARTESIAN_POINT('',(-3.620204636074,0.149071271423,1.689));
#3818 = VECTOR('',#3819,1.);
#3819 = DIRECTION('',(0.,0.,1.));
#3820 = ORIENTED_EDGE('',*,*,#3304,.T.);
#3821 = ORIENTED_EDGE('',*,*,#3800,.T.);
#3822 = ORIENTED_EDGE('',*,*,#3729,.T.);
#3823 = CYLINDRICAL_SURFACE('',#3824,0.3);
#3824 = AXIS2_PLACEMENT_3D('',#3825,#3826,#3827);
#3825 = CARTESIAN_POINT('',(-3.638637296405,0.448504464361,
    -16.5376731083));
#3826 = DIRECTION('',(0.,0.,1.));
#3827 = DIRECTION('',(6.144220110442E-02,-0.998110643127,0.));
#3828 = ADVANCED_FACE('',(#3829),#3840,.T.);
#3829 = FACE_BOUND('',#3830,.F.);
#3830 = EDGE_LOOP('',(#3831,#3832,#3833,#3839));
#3831 = ORIENTED_EDGE('',*,*,#3815,.T.);
#3832 = ORIENTED_EDGE('',*,*,#3721,.T.);
#3833 = ORIENTED_EDGE('',*,*,#3834,.F.);
#3834 = EDGE_CURVE('',#3314,#3714,#3835,.T.);
#3835 = LINE('',#3836,#3837);
#3836 = CARTESIAN_POINT('',(-3.81,0.137387752166,1.689));
#3837 = VECTOR('',#3838,1.);
#3838 = DIRECTION('',(0.,0.,1.));
#3839 = ORIENTED_EDGE('',*,*,#3313,.F.);
#3840 = PLANE('',#3841);
#3841 = AXIS2_PLACEMENT_3D('',#3842,#3843,#3844);
#3842 = CARTESIAN_POINT('',(-3.42073684918,0.161350210597,1.689));
#3843 = DIRECTION('',(-6.144220110442E-02,0.998110643127,0.));
#3844 = DIRECTION('',(-0.998110643127,-6.144220110442E-02,0.));
#3845 = ADVANCED_FACE('',(#3846),#3857,.T.);
#3846 = FACE_BOUND('',#3847,.F.);
#3847 = EDGE_LOOP('',(#3848,#3849,#3850,#3851));
#3848 = ORIENTED_EDGE('',*,*,#3321,.F.);
#3849 = ORIENTED_EDGE('',*,*,#3834,.T.);
#3850 = ORIENTED_EDGE('',*,*,#3713,.T.);
#3851 = ORIENTED_EDGE('',*,*,#3852,.F.);
#3852 = EDGE_CURVE('',#3322,#3706,#3853,.T.);
#3853 = LINE('',#3854,#3855);
#3854 = CARTESIAN_POINT('',(-3.81,-0.167612247834,1.689));
#3855 = VECTOR('',#3856,1.);
#3856 = DIRECTION('',(0.,0.,1.));
#3857 = PLANE('',#3858);
#3858 = AXIS2_PLACEMENT_3D('',#3859,#3860,#3861);
#3859 = CARTESIAN_POINT('',(-3.81,0.137387752166,1.689));
#3860 = DIRECTION('',(-1.,0.,0.));
#3861 = DIRECTION('',(0.,-1.,0.));
#3862 = ADVANCED_FACE('',(#3863),#3874,.T.);
#3863 = FACE_BOUND('',#3864,.F.);
#3864 = EDGE_LOOP('',(#3865,#3871,#3872,#3873));
#3865 = ORIENTED_EDGE('',*,*,#3866,.T.);
#3866 = EDGE_CURVE('',#3697,#3330,#3867,.T.);
#3867 = LINE('',#3868,#3869);
#3868 = CARTESIAN_POINT('',(-3.398467786893,-0.142278939174,2.121));
#3869 = VECTOR('',#3870,1.);
#3870 = DIRECTION('',(0.,0.,-1.));
#3871 = ORIENTED_EDGE('',*,*,#3329,.F.);
#3872 = ORIENTED_EDGE('',*,*,#3852,.T.);
#3873 = ORIENTED_EDGE('',*,*,#3705,.T.);
#3874 = PLANE('',#3875);
#3875 = AXIS2_PLACEMENT_3D('',#3876,#3877,#3878);
#3876 = CARTESIAN_POINT('',(-3.81,-0.167612247834,1.689));
#3877 = DIRECTION('',(6.144220110442E-02,-0.998110643127,0.));
#3878 = DIRECTION('',(0.998110643127,6.144220110442E-02,0.));
#3879 = ADVANCED_FACE('',(#3880),#3891,.T.);
#3880 = FACE_BOUND('',#3881,.T.);
#3881 = EDGE_LOOP('',(#3882,#3888,#3889,#3890));
#3882 = ORIENTED_EDGE('',*,*,#3883,.F.);
#3883 = EDGE_CURVE('',#3689,#3338,#3884,.T.);
#3884 = LINE('',#3885,#3886);
#3885 = CARTESIAN_POINT('',(-3.133481231443,5.880005646736E-02,2.121));
#3886 = VECTOR('',#3887,1.);
#3887 = DIRECTION('',(0.,0.,-1.));
#3888 = ORIENTED_EDGE('',*,*,#3696,.F.);
#3889 = ORIENTED_EDGE('',*,*,#3866,.T.);
#3890 = ORIENTED_EDGE('',*,*,#3337,.F.);
#3891 = CYLINDRICAL_SURFACE('',#3892,0.3);
#3892 = AXIS2_PLACEMENT_3D('',#3893,#3894,#3895);
#3893 = CARTESIAN_POINT('',(-3.416900447224,0.157154253764,
    20.24527766512));
#3894 = DIRECTION('',(0.,0.,-1.));
#3895 = DIRECTION('',(0.944730719271,-0.327847324322,0.));
#3896 = ADVANCED_FACE('',(#3897),#3908,.T.);
#3897 = FACE_BOUND('',#3898,.F.);
#3898 = EDGE_LOOP('',(#3899,#3900,#3901,#3907));
#3899 = ORIENTED_EDGE('',*,*,#3883,.F.);
#3900 = ORIENTED_EDGE('',*,*,#3688,.T.);
#3901 = ORIENTED_EDGE('',*,*,#3902,.F.);
#3902 = EDGE_CURVE('',#3347,#3680,#3903,.T.);
#3903 = LINE('',#3904,#3905);
#3904 = CARTESIAN_POINT('',(-3.101505151212,0.150942901735,1.689));
#3905 = VECTOR('',#3906,1.);
#3906 = DIRECTION('',(0.,0.,1.));
#3907 = ORIENTED_EDGE('',*,*,#3346,.F.);
#3908 = PLANE('',#3909);
#3909 = AXIS2_PLACEMENT_3D('',#3910,#3911,#3912);
#3910 = CARTESIAN_POINT('',(-3.199,-0.13,1.689));
#3911 = DIRECTION('',(0.944730719271,-0.327847324322,0.));
#3912 = DIRECTION('',(0.327847324322,0.944730719271,0.));
#3913 = ADVANCED_FACE('',(#3914),#3925,.F.);
#3914 = FACE_BOUND('',#3915,.F.);
#3915 = EDGE_LOOP('',(#3916,#3922,#3923,#3924));
#3916 = ORIENTED_EDGE('',*,*,#3917,.F.);
#3917 = EDGE_CURVE('',#3355,#3672,#3918,.T.);
#3918 = LINE('',#3919,#3920);
#3919 = CARTESIAN_POINT('',(-2.81808593543,0.352588704438,1.689));
#3920 = VECTOR('',#3921,1.);
#3921 = DIRECTION('',(0.,0.,1.));
#3922 = ORIENTED_EDGE('',*,*,#3354,.T.);
#3923 = ORIENTED_EDGE('',*,*,#3902,.T.);
#3924 = ORIENTED_EDGE('',*,*,#3679,.T.);
#3925 = CYLINDRICAL_SURFACE('',#3926,0.3);
#3926 = AXIS2_PLACEMENT_3D('',#3927,#3928,#3929);
#3927 = CARTESIAN_POINT('',(-2.81808593543,5.258870443803E-02,
    -16.42920762701));
#3928 = DIRECTION('',(0.,0.,1.));
#3929 = DIRECTION('',(0.,1.,0.));
#3930 = ADVANCED_FACE('',(#3931),#3937,.T.);
#3931 = FACE_BOUND('',#3932,.F.);
#3932 = EDGE_LOOP('',(#3933,#3934,#3935,#3936));
#3933 = ORIENTED_EDGE('',*,*,#3917,.T.);
#3934 = ORIENTED_EDGE('',*,*,#3671,.T.);
#3935 = ORIENTED_EDGE('',*,*,#1273,.F.);
#3936 = ORIENTED_EDGE('',*,*,#3363,.F.);
#3937 = PLANE('',#3938);
#3938 = AXIS2_PLACEMENT_3D('',#3939,#3940,#3941);
#3939 = CARTESIAN_POINT('',(-3.031528558381,0.352588704438,1.689));
#3940 = DIRECTION('',(0.,-1.,0.));
#3941 = DIRECTION('',(1.,0.,0.));
#3942 = ADVANCED_FACE('',(#3943),#4036,.F.);
#3943 = FACE_BOUND('',#3944,.F.);
#3944 = EDGE_LOOP('',(#3945,#3956,#3962,#3963,#3971,#3980,#3988,#3997,
    #4005,#4013,#4021,#4030));
#3945 = ORIENTED_EDGE('',*,*,#3946,.F.);
#3946 = EDGE_CURVE('',#3947,#3949,#3951,.T.);
#3947 = VERTEX_POINT('',#3948);
#3948 = CARTESIAN_POINT('',(3.03508593543,0.657588704438,0.419));
#3949 = VERTEX_POINT('',#3950);
#3950 = CARTESIAN_POINT('',(3.318505151212,0.455942901734,0.419));
#3951 = CIRCLE('',#3952,0.3);
#3952 = AXIS2_PLACEMENT_3D('',#3953,#3954,#3955);
#3953 = CARTESIAN_POINT('',(3.03508593543,0.357588704438,0.419));
#3954 = DIRECTION('',(0.,0.,-1.));
#3955 = DIRECTION('',(0.,1.,0.));
#3956 = ORIENTED_EDGE('',*,*,#3957,.T.);
#3957 = EDGE_CURVE('',#3947,#301,#3958,.T.);
#3958 = LINE('',#3959,#3960);
#3959 = CARTESIAN_POINT('',(3.03508593543,0.657588704438,0.419));
#3960 = VECTOR('',#3961,1.);
#3961 = DIRECTION('',(-1.,0.,0.));
#3962 = ORIENTED_EDGE('',*,*,#298,.F.);
#3963 = ORIENTED_EDGE('',*,*,#3964,.T.);
#3964 = EDGE_CURVE('',#299,#3965,#3967,.T.);
#3965 = VERTEX_POINT('',#3966);
#3966 = CARTESIAN_POINT('',(2.81808593543,0.352588704438,0.419));
#3967 = LINE('',#3968,#3969);
#3968 = CARTESIAN_POINT('',(2.795,0.352588704438,0.419));
#3969 = VECTOR('',#3970,1.);
#3970 = DIRECTION('',(1.,0.,6.251814817546E-14));
#3971 = ORIENTED_EDGE('',*,*,#3972,.F.);
#3972 = EDGE_CURVE('',#3973,#3965,#3975,.T.);
#3973 = VERTEX_POINT('',#3974);
#3974 = CARTESIAN_POINT('',(3.101505151212,0.150942901735,0.419));
#3975 = CIRCLE('',#3976,0.3);
#3976 = AXIS2_PLACEMENT_3D('',#3977,#3978,#3979);
#3977 = CARTESIAN_POINT('',(2.81808593543,5.258870443803E-02,0.419));
#3978 = DIRECTION('',(0.,0.,1.));
#3979 = DIRECTION('',(0.944730719271,0.327847324322,-0.));
#3980 = ORIENTED_EDGE('',*,*,#3981,.T.);
#3981 = EDGE_CURVE('',#3973,#3982,#3984,.T.);
#3982 = VERTEX_POINT('',#3983);
#3983 = CARTESIAN_POINT('',(3.133481231443,5.880005646736E-02,0.419));
#3984 = LINE('',#3985,#3986);
#3985 = CARTESIAN_POINT('',(3.101505151212,0.150942901735,0.419));
#3986 = VECTOR('',#3987,1.);
#3987 = DIRECTION('',(0.327847324322,-0.944730719271,-4.837774026459E-14
    ));
#3988 = ORIENTED_EDGE('',*,*,#3989,.F.);
#3989 = EDGE_CURVE('',#3990,#3982,#3992,.T.);
#3990 = VERTEX_POINT('',#3991);
#3991 = CARTESIAN_POINT('',(3.398467786893,-0.142278939174,0.419));
#3992 = CIRCLE('',#3993,0.3);
#3993 = AXIS2_PLACEMENT_3D('',#3994,#3995,#3996);
#3994 = CARTESIAN_POINT('',(3.416900447224,0.157154253764,0.419));
#3995 = DIRECTION('',(0.,0.,-1.));
#3996 = DIRECTION('',(-6.144220110442E-02,-0.998110643127,-0.));
#3997 = ORIENTED_EDGE('',*,*,#3998,.T.);
#3998 = EDGE_CURVE('',#3990,#3999,#4001,.T.);
#3999 = VERTEX_POINT('',#4000);
#4000 = CARTESIAN_POINT('',(3.81,-0.167612247834,0.419));
#4001 = LINE('',#4002,#4003);
#4002 = CARTESIAN_POINT('',(3.398467786893,-0.142278939174,0.419));
#4003 = VECTOR('',#4004,1.);
#4004 = DIRECTION('',(0.998110643127,-6.144220110442E-02,0.));
#4005 = ORIENTED_EDGE('',*,*,#4006,.T.);
#4006 = EDGE_CURVE('',#3999,#4007,#4009,.T.);
#4007 = VERTEX_POINT('',#4008);
#4008 = CARTESIAN_POINT('',(3.81,0.137387752166,0.419));
#4009 = LINE('',#4010,#4011);
#4010 = CARTESIAN_POINT('',(3.81,-0.167612247834,0.419));
#4011 = VECTOR('',#4012,1.);
#4012 = DIRECTION('',(0.,1.,0.));
#4013 = ORIENTED_EDGE('',*,*,#4014,.T.);
#4014 = EDGE_CURVE('',#4007,#4015,#4017,.T.);
#4015 = VERTEX_POINT('',#4016);
#4016 = CARTESIAN_POINT('',(3.620204636074,0.149071271423,0.419));
#4017 = LINE('',#4018,#4019);
#4018 = CARTESIAN_POINT('',(3.81,0.137387752166,0.419));
#4019 = VECTOR('',#4020,1.);
#4020 = DIRECTION('',(-0.998110643127,6.144220110442E-02,0.));
#4021 = ORIENTED_EDGE('',*,*,#4022,.F.);
#4022 = EDGE_CURVE('',#4023,#4015,#4025,.T.);
#4023 = VERTEX_POINT('',#4024);
#4024 = CARTESIAN_POINT('',(3.355218080624,0.350150267064,0.419));
#4025 = CIRCLE('',#4026,0.3);
#4026 = AXIS2_PLACEMENT_3D('',#4027,#4028,#4029);
#4027 = CARTESIAN_POINT('',(3.638637296405,0.448504464361,0.419));
#4028 = DIRECTION('',(0.,0.,1.));
#4029 = DIRECTION('',(-0.944730719271,-0.327847324322,0.));
#4030 = ORIENTED_EDGE('',*,*,#4031,.T.);
#4031 = EDGE_CURVE('',#4023,#3949,#4032,.T.);
#4032 = LINE('',#4033,#4034);
#4033 = CARTESIAN_POINT('',(3.355218080624,0.350150267064,0.419));
#4034 = VECTOR('',#4035,1.);
#4035 = DIRECTION('',(-0.327847324322,0.944730719271,0.));
#4036 = PLANE('',#4037);
#4037 = AXIS2_PLACEMENT_3D('',#4038,#4039,#4040);
#4038 = CARTESIAN_POINT('',(0.,0.,0.419));
#4039 = DIRECTION('',(0.,0.,1.));
#4040 = DIRECTION('',(1.,0.,-0.));
#4041 = ADVANCED_FACE('',(#4042),#4135,.F.);
#4042 = FACE_BOUND('',#4043,.F.);
#4043 = EDGE_LOOP('',(#4044,#4055,#4063,#4072,#4080,#4088,#4096,#4105,
    #4113,#4122,#4128,#4129));
#4044 = ORIENTED_EDGE('',*,*,#4045,.F.);
#4045 = EDGE_CURVE('',#4046,#4048,#4050,.T.);
#4046 = VERTEX_POINT('',#4047);
#4047 = CARTESIAN_POINT('',(-3.318505151212,0.455942901734,0.419));
#4048 = VERTEX_POINT('',#4049);
#4049 = CARTESIAN_POINT('',(-3.03508593543,0.657588704438,0.419));
#4050 = CIRCLE('',#4051,0.3);
#4051 = AXIS2_PLACEMENT_3D('',#4052,#4053,#4054);
#4052 = CARTESIAN_POINT('',(-3.03508593543,0.357588704438,0.419));
#4053 = DIRECTION('',(0.,0.,-1.));
#4054 = DIRECTION('',(-0.944730719271,0.327847324322,0.));
#4055 = ORIENTED_EDGE('',*,*,#4056,.T.);
#4056 = EDGE_CURVE('',#4046,#4057,#4059,.T.);
#4057 = VERTEX_POINT('',#4058);
#4058 = CARTESIAN_POINT('',(-3.355218080624,0.350150267064,0.419));
#4059 = LINE('',#4060,#4061);
#4060 = CARTESIAN_POINT('',(-3.318505151212,0.455942901734,0.419));
#4061 = VECTOR('',#4062,1.);
#4062 = DIRECTION('',(-0.327847324322,-0.944730719271,3.172581682649E-14
    ));
#4063 = ORIENTED_EDGE('',*,*,#4064,.F.);
#4064 = EDGE_CURVE('',#4065,#4057,#4067,.T.);
#4065 = VERTEX_POINT('',#4066);
#4066 = CARTESIAN_POINT('',(-3.620204636074,0.149071271423,0.419));
#4067 = CIRCLE('',#4068,0.3);
#4068 = AXIS2_PLACEMENT_3D('',#4069,#4070,#4071);
#4069 = CARTESIAN_POINT('',(-3.638637296405,0.448504464361,0.419));
#4070 = DIRECTION('',(0.,0.,1.));
#4071 = DIRECTION('',(6.144220110442E-02,-0.998110643127,0.));
#4072 = ORIENTED_EDGE('',*,*,#4073,.T.);
#4073 = EDGE_CURVE('',#4065,#4074,#4076,.T.);
#4074 = VERTEX_POINT('',#4075);
#4075 = CARTESIAN_POINT('',(-3.81,0.137387752166,0.419));
#4076 = LINE('',#4077,#4078);
#4077 = CARTESIAN_POINT('',(-3.620204636074,0.149071271423,0.419));
#4078 = VECTOR('',#4079,1.);
#4079 = DIRECTION('',(-0.998110643127,-6.144220110442E-02,
    -1.401246556331E-14));
#4080 = ORIENTED_EDGE('',*,*,#4081,.T.);
#4081 = EDGE_CURVE('',#4074,#4082,#4084,.T.);
#4082 = VERTEX_POINT('',#4083);
#4083 = CARTESIAN_POINT('',(-3.81,-0.167612247834,0.419));
#4084 = LINE('',#4085,#4086);
#4085 = CARTESIAN_POINT('',(-3.81,0.137387752166,0.419));
#4086 = VECTOR('',#4087,1.);
#4087 = DIRECTION('',(0.,-1.,0.));
#4088 = ORIENTED_EDGE('',*,*,#4089,.T.);
#4089 = EDGE_CURVE('',#4082,#4090,#4092,.T.);
#4090 = VERTEX_POINT('',#4091);
#4091 = CARTESIAN_POINT('',(-3.398467786893,-0.142278939174,0.419));
#4092 = LINE('',#4093,#4094);
#4093 = CARTESIAN_POINT('',(-3.81,-0.167612247834,0.419));
#4094 = VECTOR('',#4095,1.);
#4095 = DIRECTION('',(0.998110643127,6.144220110442E-02,0.));
#4096 = ORIENTED_EDGE('',*,*,#4097,.F.);
#4097 = EDGE_CURVE('',#4098,#4090,#4100,.T.);
#4098 = VERTEX_POINT('',#4099);
#4099 = CARTESIAN_POINT('',(-3.133481231443,5.880005646736E-02,0.419));
#4100 = CIRCLE('',#4101,0.3);
#4101 = AXIS2_PLACEMENT_3D('',#4102,#4103,#4104);
#4102 = CARTESIAN_POINT('',(-3.416900447224,0.157154253764,0.419));
#4103 = DIRECTION('',(0.,0.,-1.));
#4104 = DIRECTION('',(0.944730719271,-0.327847324322,0.));
#4105 = ORIENTED_EDGE('',*,*,#4106,.T.);
#4106 = EDGE_CURVE('',#4098,#4107,#4109,.T.);
#4107 = VERTEX_POINT('',#4108);
#4108 = CARTESIAN_POINT('',(-3.101505151212,0.150942901735,0.419));
#4109 = LINE('',#4110,#4111);
#4110 = CARTESIAN_POINT('',(-3.133481231443,5.880005646736E-02,0.419));
#4111 = VECTOR('',#4112,1.);
#4112 = DIRECTION('',(0.327847324322,0.944730719271,1.195214759478E-14)
  );
#4113 = ORIENTED_EDGE('',*,*,#4114,.F.);
#4114 = EDGE_CURVE('',#4115,#4107,#4117,.T.);
#4115 = VERTEX_POINT('',#4116);
#4116 = CARTESIAN_POINT('',(-2.81808593543,0.352588704438,0.419));
#4117 = CIRCLE('',#4118,0.3);
#4118 = AXIS2_PLACEMENT_3D('',#4119,#4120,#4121);
#4119 = CARTESIAN_POINT('',(-2.81808593543,5.258870443803E-02,0.419));
#4120 = DIRECTION('',(0.,-0.,1.));
#4121 = DIRECTION('',(0.,1.,0.));
#4122 = ORIENTED_EDGE('',*,*,#4123,.T.);
#4123 = EDGE_CURVE('',#4115,#1298,#4124,.T.);
#4124 = LINE('',#4125,#4126);
#4125 = CARTESIAN_POINT('',(-2.81808593543,0.352588704438,0.419));
#4126 = VECTOR('',#4127,1.);
#4127 = DIRECTION('',(1.,0.,-1.202272080297E-14));
#4128 = ORIENTED_EDGE('',*,*,#1297,.T.);
#4129 = ORIENTED_EDGE('',*,*,#4130,.T.);
#4130 = EDGE_CURVE('',#1300,#4048,#4131,.T.);
#4131 = LINE('',#4132,#4133);
#4132 = CARTESIAN_POINT('',(-2.795,0.657588704438,0.419));
#4133 = VECTOR('',#4134,1.);
#4134 = DIRECTION('',(-1.,0.,0.));
#4135 = PLANE('',#4136);
#4136 = AXIS2_PLACEMENT_3D('',#4137,#4138,#4139);
#4137 = CARTESIAN_POINT('',(0.,0.,0.419));
#4138 = DIRECTION('',(0.,0.,1.));
#4139 = DIRECTION('',(1.,0.,-0.));
#4140 = ADVANCED_FACE('',(#4141),#4167,.T.);
#4141 = FACE_BOUND('',#4142,.T.);
#4142 = EDGE_LOOP('',(#4143,#4151,#4160,#4166));
#4143 = ORIENTED_EDGE('',*,*,#4144,.F.);
#4144 = EDGE_CURVE('',#4145,#3947,#4147,.T.);
#4145 = VERTEX_POINT('',#4146);
#4146 = CARTESIAN_POINT('',(3.03508593543,0.657588704438,0.851));
#4147 = LINE('',#4148,#4149);
#4148 = CARTESIAN_POINT('',(3.03508593543,0.657588704438,0.851));
#4149 = VECTOR('',#4150,1.);
#4150 = DIRECTION('',(0.,0.,-1.));
#4151 = ORIENTED_EDGE('',*,*,#4152,.F.);
#4152 = EDGE_CURVE('',#4153,#4145,#4155,.T.);
#4153 = VERTEX_POINT('',#4154);
#4154 = CARTESIAN_POINT('',(3.318505151212,0.455942901734,0.851));
#4155 = CIRCLE('',#4156,0.3);
#4156 = AXIS2_PLACEMENT_3D('',#4157,#4158,#4159);
#4157 = CARTESIAN_POINT('',(3.03508593543,0.357588704438,0.851));
#4158 = DIRECTION('',(0.,0.,1.));
#4159 = DIRECTION('',(0.944730719271,0.327847324322,-0.));
#4160 = ORIENTED_EDGE('',*,*,#4161,.T.);
#4161 = EDGE_CURVE('',#4153,#3949,#4162,.T.);
#4162 = LINE('',#4163,#4164);
#4163 = CARTESIAN_POINT('',(3.318505151212,0.455942901734,0.851));
#4164 = VECTOR('',#4165,1.);
#4165 = DIRECTION('',(0.,0.,-1.));
#4166 = ORIENTED_EDGE('',*,*,#3946,.F.);
#4167 = CYLINDRICAL_SURFACE('',#4168,0.3);
#4168 = AXIS2_PLACEMENT_3D('',#4169,#4170,#4171);
#4169 = CARTESIAN_POINT('',(3.03508593543,0.357588704438,21.89730936658)
  );
#4170 = DIRECTION('',(0.,0.,-1.));
#4171 = DIRECTION('',(0.,1.,0.));
#4172 = ADVANCED_FACE('',(#4173),#4191,.T.);
#4173 = FACE_BOUND('',#4174,.F.);
#4174 = EDGE_LOOP('',(#4175,#4176,#4177,#4185));
#4175 = ORIENTED_EDGE('',*,*,#4161,.T.);
#4176 = ORIENTED_EDGE('',*,*,#4031,.F.);
#4177 = ORIENTED_EDGE('',*,*,#4178,.T.);
#4178 = EDGE_CURVE('',#4023,#4179,#4181,.T.);
#4179 = VERTEX_POINT('',#4180);
#4180 = CARTESIAN_POINT('',(3.355218080624,0.350150267064,0.851));
#4181 = LINE('',#4182,#4183);
#4182 = CARTESIAN_POINT('',(3.355218080624,0.350150267064,0.419));
#4183 = VECTOR('',#4184,1.);
#4184 = DIRECTION('',(0.,0.,1.));
#4185 = ORIENTED_EDGE('',*,*,#4186,.T.);
#4186 = EDGE_CURVE('',#4179,#4153,#4187,.T.);
#4187 = LINE('',#4188,#4189);
#4188 = CARTESIAN_POINT('',(3.355218080624,0.350150267064,0.851));
#4189 = VECTOR('',#4190,1.);
#4190 = DIRECTION('',(-0.327847324322,0.944730719271,0.));
#4191 = PLANE('',#4192);
#4192 = AXIS2_PLACEMENT_3D('',#4193,#4194,#4195);
#4193 = CARTESIAN_POINT('',(3.42073684918,0.161350210597,0.419));
#4194 = DIRECTION('',(0.944730719271,0.327847324322,0.));
#4195 = DIRECTION('',(-0.327847324322,0.944730719271,0.));
#4196 = ADVANCED_FACE('',(#4197),#4216,.F.);
#4197 = FACE_BOUND('',#4198,.F.);
#4198 = EDGE_LOOP('',(#4199,#4200,#4201,#4209));
#4199 = ORIENTED_EDGE('',*,*,#4178,.F.);
#4200 = ORIENTED_EDGE('',*,*,#4022,.T.);
#4201 = ORIENTED_EDGE('',*,*,#4202,.T.);
#4202 = EDGE_CURVE('',#4015,#4203,#4205,.T.);
#4203 = VERTEX_POINT('',#4204);
#4204 = CARTESIAN_POINT('',(3.620204636074,0.149071271423,0.851));
#4205 = LINE('',#4206,#4207);
#4206 = CARTESIAN_POINT('',(3.620204636074,0.149071271423,0.419));
#4207 = VECTOR('',#4208,1.);
#4208 = DIRECTION('',(0.,0.,1.));
#4209 = ORIENTED_EDGE('',*,*,#4210,.T.);
#4210 = EDGE_CURVE('',#4203,#4179,#4211,.T.);
#4211 = CIRCLE('',#4212,0.3);
#4212 = AXIS2_PLACEMENT_3D('',#4213,#4214,#4215);
#4213 = CARTESIAN_POINT('',(3.638637296405,0.448504464361,0.851));
#4214 = DIRECTION('',(0.,0.,-1.));
#4215 = DIRECTION('',(-6.144220110442E-02,-0.998110643127,-0.));
#4216 = CYLINDRICAL_SURFACE('',#4217,0.3);
#4217 = AXIS2_PLACEMENT_3D('',#4218,#4219,#4220);
#4218 = CARTESIAN_POINT('',(3.638637296405,0.448504464361,
    -20.84427654824));
#4219 = DIRECTION('',(0.,0.,1.));
#4220 = DIRECTION('',(-0.944730719271,-0.327847324322,0.));
#4221 = ADVANCED_FACE('',(#4222),#4240,.T.);
#4222 = FACE_BOUND('',#4223,.F.);
#4223 = EDGE_LOOP('',(#4224,#4225,#4226,#4234));
#4224 = ORIENTED_EDGE('',*,*,#4202,.F.);
#4225 = ORIENTED_EDGE('',*,*,#4014,.F.);
#4226 = ORIENTED_EDGE('',*,*,#4227,.T.);
#4227 = EDGE_CURVE('',#4007,#4228,#4230,.T.);
#4228 = VERTEX_POINT('',#4229);
#4229 = CARTESIAN_POINT('',(3.81,0.137387752166,0.851));
#4230 = LINE('',#4231,#4232);
#4231 = CARTESIAN_POINT('',(3.81,0.137387752166,0.419));
#4232 = VECTOR('',#4233,1.);
#4233 = DIRECTION('',(0.,0.,1.));
#4234 = ORIENTED_EDGE('',*,*,#4235,.T.);
#4235 = EDGE_CURVE('',#4228,#4203,#4236,.T.);
#4236 = LINE('',#4237,#4238);
#4237 = CARTESIAN_POINT('',(3.81,0.137387752166,0.851));
#4238 = VECTOR('',#4239,1.);
#4239 = DIRECTION('',(-0.998110643127,6.144220110442E-02,0.));
#4240 = PLANE('',#4241);
#4241 = AXIS2_PLACEMENT_3D('',#4242,#4243,#4244);
#4242 = CARTESIAN_POINT('',(3.81,0.137387752166,0.419));
#4243 = DIRECTION('',(6.144220110442E-02,0.998110643127,0.));
#4244 = DIRECTION('',(-0.998110643127,6.144220110442E-02,0.));
#4245 = ADVANCED_FACE('',(#4246),#4264,.T.);
#4246 = FACE_BOUND('',#4247,.F.);
#4247 = EDGE_LOOP('',(#4248,#4249,#4257,#4263));
#4248 = ORIENTED_EDGE('',*,*,#4006,.F.);
#4249 = ORIENTED_EDGE('',*,*,#4250,.T.);
#4250 = EDGE_CURVE('',#3999,#4251,#4253,.T.);
#4251 = VERTEX_POINT('',#4252);
#4252 = CARTESIAN_POINT('',(3.81,-0.167612247834,0.851));
#4253 = LINE('',#4254,#4255);
#4254 = CARTESIAN_POINT('',(3.81,-0.167612247834,0.419));
#4255 = VECTOR('',#4256,1.);
#4256 = DIRECTION('',(0.,0.,1.));
#4257 = ORIENTED_EDGE('',*,*,#4258,.T.);
#4258 = EDGE_CURVE('',#4251,#4228,#4259,.T.);
#4259 = LINE('',#4260,#4261);
#4260 = CARTESIAN_POINT('',(3.81,-0.167612247834,0.851));
#4261 = VECTOR('',#4262,1.);
#4262 = DIRECTION('',(0.,1.,0.));
#4263 = ORIENTED_EDGE('',*,*,#4227,.F.);
#4264 = PLANE('',#4265);
#4265 = AXIS2_PLACEMENT_3D('',#4266,#4267,#4268);
#4266 = CARTESIAN_POINT('',(3.81,-0.167612247834,0.419));
#4267 = DIRECTION('',(1.,0.,0.));
#4268 = DIRECTION('',(-0.,1.,0.));
#4269 = ADVANCED_FACE('',(#4270),#4288,.T.);
#4270 = FACE_BOUND('',#4271,.F.);
#4271 = EDGE_LOOP('',(#4272,#4280,#4286,#4287));
#4272 = ORIENTED_EDGE('',*,*,#4273,.F.);
#4273 = EDGE_CURVE('',#4274,#3990,#4276,.T.);
#4274 = VERTEX_POINT('',#4275);
#4275 = CARTESIAN_POINT('',(3.398467786893,-0.142278939174,0.851));
#4276 = LINE('',#4277,#4278);
#4277 = CARTESIAN_POINT('',(3.398467786893,-0.142278939174,0.851));
#4278 = VECTOR('',#4279,1.);
#4279 = DIRECTION('',(0.,0.,-1.));
#4280 = ORIENTED_EDGE('',*,*,#4281,.T.);
#4281 = EDGE_CURVE('',#4274,#4251,#4282,.T.);
#4282 = LINE('',#4283,#4284);
#4283 = CARTESIAN_POINT('',(3.398467786893,-0.142278939174,0.851));
#4284 = VECTOR('',#4285,1.);
#4285 = DIRECTION('',(0.998110643127,-6.144220110442E-02,0.));
#4286 = ORIENTED_EDGE('',*,*,#4250,.F.);
#4287 = ORIENTED_EDGE('',*,*,#3998,.F.);
#4288 = PLANE('',#4289);
#4289 = AXIS2_PLACEMENT_3D('',#4290,#4291,#4292);
#4290 = CARTESIAN_POINT('',(3.199,-0.13,0.419));
#4291 = DIRECTION('',(-6.144220110442E-02,-0.998110643127,0.));
#4292 = DIRECTION('',(0.998110643127,-6.144220110442E-02,0.));
#4293 = ADVANCED_FACE('',(#4294),#4313,.T.);
#4294 = FACE_BOUND('',#4295,.T.);
#4295 = EDGE_LOOP('',(#4296,#4297,#4306,#4312));
#4296 = ORIENTED_EDGE('',*,*,#4273,.F.);
#4297 = ORIENTED_EDGE('',*,*,#4298,.F.);
#4298 = EDGE_CURVE('',#4299,#4274,#4301,.T.);
#4299 = VERTEX_POINT('',#4300);
#4300 = CARTESIAN_POINT('',(3.133481231443,5.880005646736E-02,0.851));
#4301 = CIRCLE('',#4302,0.3);
#4302 = AXIS2_PLACEMENT_3D('',#4303,#4304,#4305);
#4303 = CARTESIAN_POINT('',(3.416900447224,0.157154253764,0.851));
#4304 = DIRECTION('',(0.,0.,1.));
#4305 = DIRECTION('',(-0.944730719271,-0.327847324322,0.));
#4306 = ORIENTED_EDGE('',*,*,#4307,.T.);
#4307 = EDGE_CURVE('',#4299,#3982,#4308,.T.);
#4308 = LINE('',#4309,#4310);
#4309 = CARTESIAN_POINT('',(3.133481231443,5.880005646736E-02,0.851));
#4310 = VECTOR('',#4311,1.);
#4311 = DIRECTION('',(0.,0.,-1.));
#4312 = ORIENTED_EDGE('',*,*,#3989,.F.);
#4313 = CYLINDRICAL_SURFACE('',#4314,0.3);
#4314 = AXIS2_PLACEMENT_3D('',#4315,#4316,#4317);
#4315 = CARTESIAN_POINT('',(3.416900447224,0.157154253764,21.77450591039
    ));
#4316 = DIRECTION('',(0.,0.,-1.));
#4317 = DIRECTION('',(-6.144220110442E-02,-0.998110643127,-0.));
#4318 = ADVANCED_FACE('',(#4319),#4337,.T.);
#4319 = FACE_BOUND('',#4320,.F.);
#4320 = EDGE_LOOP('',(#4321,#4322,#4323,#4331));
#4321 = ORIENTED_EDGE('',*,*,#4307,.T.);
#4322 = ORIENTED_EDGE('',*,*,#3981,.F.);
#4323 = ORIENTED_EDGE('',*,*,#4324,.T.);
#4324 = EDGE_CURVE('',#3973,#4325,#4327,.T.);
#4325 = VERTEX_POINT('',#4326);
#4326 = CARTESIAN_POINT('',(3.101505151212,0.150942901735,0.851));
#4327 = LINE('',#4328,#4329);
#4328 = CARTESIAN_POINT('',(3.101505151212,0.150942901735,0.419));
#4329 = VECTOR('',#4330,1.);
#4330 = DIRECTION('',(0.,0.,1.));
#4331 = ORIENTED_EDGE('',*,*,#4332,.T.);
#4332 = EDGE_CURVE('',#4325,#4299,#4333,.T.);
#4333 = LINE('',#4334,#4335);
#4334 = CARTESIAN_POINT('',(3.101505151212,0.150942901735,0.851));
#4335 = VECTOR('',#4336,1.);
#4336 = DIRECTION('',(0.327847324322,-0.944730719271,-4.667029060819E-14
    ));
#4337 = PLANE('',#4338);
#4338 = AXIS2_PLACEMENT_3D('',#4339,#4340,#4341);
#4339 = CARTESIAN_POINT('',(3.031528558381,0.352588704438,0.419));
#4340 = DIRECTION('',(-0.944730719271,-0.327847324322,0.));
#4341 = DIRECTION('',(0.327847324322,-0.944730719271,0.));
#4342 = ADVANCED_FACE('',(#4343),#4362,.F.);
#4343 = FACE_BOUND('',#4344,.F.);
#4344 = EDGE_LOOP('',(#4345,#4346,#4347,#4355));
#4345 = ORIENTED_EDGE('',*,*,#4324,.F.);
#4346 = ORIENTED_EDGE('',*,*,#3972,.T.);
#4347 = ORIENTED_EDGE('',*,*,#4348,.T.);
#4348 = EDGE_CURVE('',#3965,#4349,#4351,.T.);
#4349 = VERTEX_POINT('',#4350);
#4350 = CARTESIAN_POINT('',(2.81808593543,0.352588704438,0.851));
#4351 = LINE('',#4352,#4353);
#4352 = CARTESIAN_POINT('',(2.81808593543,0.352588704438,0.419));
#4353 = VECTOR('',#4354,1.);
#4354 = DIRECTION('',(0.,0.,1.));
#4355 = ORIENTED_EDGE('',*,*,#4356,.T.);
#4356 = EDGE_CURVE('',#4349,#4325,#4357,.T.);
#4357 = CIRCLE('',#4358,0.3);
#4358 = AXIS2_PLACEMENT_3D('',#4359,#4360,#4361);
#4359 = CARTESIAN_POINT('',(2.81808593543,5.258870443803E-02,0.851));
#4360 = DIRECTION('',(0.,0.,-1.));
#4361 = DIRECTION('',(0.,1.,0.));
#4362 = CYLINDRICAL_SURFACE('',#4363,0.3);
#4363 = AXIS2_PLACEMENT_3D('',#4364,#4365,#4366);
#4364 = CARTESIAN_POINT('',(2.81808593543,5.258870443803E-02,
    -20.29024997272));
#4365 = DIRECTION('',(0.,0.,1.));
#4366 = DIRECTION('',(0.944730719271,0.327847324322,-0.));
#4367 = ADVANCED_FACE('',(#4368),#4379,.T.);
#4368 = FACE_BOUND('',#4369,.F.);
#4369 = EDGE_LOOP('',(#4370,#4371,#4372,#4373));
#4370 = ORIENTED_EDGE('',*,*,#4348,.F.);
#4371 = ORIENTED_EDGE('',*,*,#3964,.F.);
#4372 = ORIENTED_EDGE('',*,*,#324,.T.);
#4373 = ORIENTED_EDGE('',*,*,#4374,.T.);
#4374 = EDGE_CURVE('',#317,#4349,#4375,.T.);
#4375 = LINE('',#4376,#4377);
#4376 = CARTESIAN_POINT('',(2.795,0.352588704438,0.851));
#4377 = VECTOR('',#4378,1.);
#4378 = DIRECTION('',(1.,0.,3.847270656951E-14));
#4379 = PLANE('',#4380);
#4380 = AXIS2_PLACEMENT_3D('',#4381,#4382,#4383);
#4381 = CARTESIAN_POINT('',(2.025528558381,0.352588704438,0.419));
#4382 = DIRECTION('',(0.,-1.,0.));
#4383 = DIRECTION('',(1.,0.,0.));
#4384 = ADVANCED_FACE('',(#4385),#4404,.T.);
#4385 = FACE_BOUND('',#4386,.F.);
#4386 = EDGE_LOOP('',(#4387,#4388,#4389,#4390,#4391,#4392,#4393,#4394,
    #4395,#4396,#4397,#4398));
#4387 = ORIENTED_EDGE('',*,*,#4152,.F.);
#4388 = ORIENTED_EDGE('',*,*,#4186,.F.);
#4389 = ORIENTED_EDGE('',*,*,#4210,.F.);
#4390 = ORIENTED_EDGE('',*,*,#4235,.F.);
#4391 = ORIENTED_EDGE('',*,*,#4258,.F.);
#4392 = ORIENTED_EDGE('',*,*,#4281,.F.);
#4393 = ORIENTED_EDGE('',*,*,#4298,.F.);
#4394 = ORIENTED_EDGE('',*,*,#4332,.F.);
#4395 = ORIENTED_EDGE('',*,*,#4356,.F.);
#4396 = ORIENTED_EDGE('',*,*,#4374,.F.);
#4397 = ORIENTED_EDGE('',*,*,#316,.T.);
#4398 = ORIENTED_EDGE('',*,*,#4399,.F.);
#4399 = EDGE_CURVE('',#4145,#309,#4400,.T.);
#4400 = LINE('',#4401,#4402);
#4401 = CARTESIAN_POINT('',(3.03508593543,0.657588704438,0.851));
#4402 = VECTOR('',#4403,1.);
#4403 = DIRECTION('',(-1.,0.,0.));
#4404 = PLANE('',#4405);
#4405 = AXIS2_PLACEMENT_3D('',#4406,#4407,#4408);
#4406 = CARTESIAN_POINT('',(0.,0.,0.851));
#4407 = DIRECTION('',(0.,0.,1.));
#4408 = DIRECTION('',(1.,0.,-0.));
#4409 = ADVANCED_FACE('',(#4410),#4503,.T.);
#4410 = FACE_BOUND('',#4411,.F.);
#4411 = EDGE_LOOP('',(#4412,#4423,#4429,#4430,#4438,#4447,#4455,#4464,
    #4472,#4480,#4488,#4497));
#4412 = ORIENTED_EDGE('',*,*,#4413,.F.);
#4413 = EDGE_CURVE('',#4414,#4416,#4418,.T.);
#4414 = VERTEX_POINT('',#4415);
#4415 = CARTESIAN_POINT('',(-3.03508593543,0.657588704438,0.851));
#4416 = VERTEX_POINT('',#4417);
#4417 = CARTESIAN_POINT('',(-3.318505151212,0.455942901734,0.851));
#4418 = CIRCLE('',#4419,0.3);
#4419 = AXIS2_PLACEMENT_3D('',#4420,#4421,#4422);
#4420 = CARTESIAN_POINT('',(-3.03508593543,0.357588704438,0.851));
#4421 = DIRECTION('',(0.,-0.,1.));
#4422 = DIRECTION('',(0.,1.,0.));
#4423 = ORIENTED_EDGE('',*,*,#4424,.F.);
#4424 = EDGE_CURVE('',#1316,#4414,#4425,.T.);
#4425 = LINE('',#4426,#4427);
#4426 = CARTESIAN_POINT('',(-2.795,0.657588704438,0.851));
#4427 = VECTOR('',#4428,1.);
#4428 = DIRECTION('',(-1.,0.,0.));
#4429 = ORIENTED_EDGE('',*,*,#1315,.F.);
#4430 = ORIENTED_EDGE('',*,*,#4431,.F.);
#4431 = EDGE_CURVE('',#4432,#1308,#4434,.T.);
#4432 = VERTEX_POINT('',#4433);
#4433 = CARTESIAN_POINT('',(-2.81808593543,0.352588704438,0.851));
#4434 = LINE('',#4435,#4436);
#4435 = CARTESIAN_POINT('',(-2.81808593543,0.352588704438,0.851));
#4436 = VECTOR('',#4437,1.);
#4437 = DIRECTION('',(1.,0.,1.442726496357E-14));
#4438 = ORIENTED_EDGE('',*,*,#4439,.F.);
#4439 = EDGE_CURVE('',#4440,#4432,#4442,.T.);
#4440 = VERTEX_POINT('',#4441);
#4441 = CARTESIAN_POINT('',(-3.101505151212,0.150942901735,0.851));
#4442 = CIRCLE('',#4443,0.3);
#4443 = AXIS2_PLACEMENT_3D('',#4444,#4445,#4446);
#4444 = CARTESIAN_POINT('',(-2.81808593543,5.258870443803E-02,0.851));
#4445 = DIRECTION('',(0.,0.,-1.));
#4446 = DIRECTION('',(-0.944730719271,0.327847324322,0.));
#4447 = ORIENTED_EDGE('',*,*,#4448,.F.);
#4448 = EDGE_CURVE('',#4449,#4440,#4451,.T.);
#4449 = VERTEX_POINT('',#4450);
#4450 = CARTESIAN_POINT('',(-3.133481231443,5.880005646736E-02,0.851));
#4451 = LINE('',#4452,#4453);
#4452 = CARTESIAN_POINT('',(-3.133481231443,5.880005646736E-02,0.851));
#4453 = VECTOR('',#4454,1.);
#4454 = DIRECTION('',(0.327847324322,0.944730719271,1.138299770931E-14)
  );
#4455 = ORIENTED_EDGE('',*,*,#4456,.F.);
#4456 = EDGE_CURVE('',#4457,#4449,#4459,.T.);
#4457 = VERTEX_POINT('',#4458);
#4458 = CARTESIAN_POINT('',(-3.398467786893,-0.142278939174,0.851));
#4459 = CIRCLE('',#4460,0.3);
#4460 = AXIS2_PLACEMENT_3D('',#4461,#4462,#4463);
#4461 = CARTESIAN_POINT('',(-3.416900447224,0.157154253764,0.851));
#4462 = DIRECTION('',(0.,0.,1.));
#4463 = DIRECTION('',(6.144220110442E-02,-0.998110643127,0.));
#4464 = ORIENTED_EDGE('',*,*,#4465,.F.);
#4465 = EDGE_CURVE('',#4466,#4457,#4468,.T.);
#4466 = VERTEX_POINT('',#4467);
#4467 = CARTESIAN_POINT('',(-3.81,-0.167612247834,0.851));
#4468 = LINE('',#4469,#4470);
#4469 = CARTESIAN_POINT('',(-3.81,-0.167612247834,0.851));
#4470 = VECTOR('',#4471,1.);
#4471 = DIRECTION('',(0.998110643127,6.144220110442E-02,0.));
#4472 = ORIENTED_EDGE('',*,*,#4473,.F.);
#4473 = EDGE_CURVE('',#4474,#4466,#4476,.T.);
#4474 = VERTEX_POINT('',#4475);
#4475 = CARTESIAN_POINT('',(-3.81,0.137387752166,0.851));
#4476 = LINE('',#4477,#4478);
#4477 = CARTESIAN_POINT('',(-3.81,0.137387752166,0.851));
#4478 = VECTOR('',#4479,1.);
#4479 = DIRECTION('',(0.,-1.,0.));
#4480 = ORIENTED_EDGE('',*,*,#4481,.F.);
#4481 = EDGE_CURVE('',#4482,#4474,#4484,.T.);
#4482 = VERTEX_POINT('',#4483);
#4483 = CARTESIAN_POINT('',(-3.620204636074,0.149071271423,0.851));
#4484 = LINE('',#4485,#4486);
#4485 = CARTESIAN_POINT('',(-3.620204636074,0.149071271423,0.851));
#4486 = VECTOR('',#4487,1.);
#4487 = DIRECTION('',(-0.998110643127,-6.144220110442E-02,
    -1.16770546361E-14));
#4488 = ORIENTED_EDGE('',*,*,#4489,.F.);
#4489 = EDGE_CURVE('',#4490,#4482,#4492,.T.);
#4490 = VERTEX_POINT('',#4491);
#4491 = CARTESIAN_POINT('',(-3.355218080624,0.350150267064,0.851));
#4492 = CIRCLE('',#4493,0.3);
#4493 = AXIS2_PLACEMENT_3D('',#4494,#4495,#4496);
#4494 = CARTESIAN_POINT('',(-3.638637296405,0.448504464361,0.851));
#4495 = DIRECTION('',(0.,0.,-1.));
#4496 = DIRECTION('',(0.944730719271,-0.327847324322,0.));
#4497 = ORIENTED_EDGE('',*,*,#4498,.F.);
#4498 = EDGE_CURVE('',#4416,#4490,#4499,.T.);
#4499 = LINE('',#4500,#4501);
#4500 = CARTESIAN_POINT('',(-3.318505151212,0.455942901734,0.851));
#4501 = VECTOR('',#4502,1.);
#4502 = DIRECTION('',(-0.327847324322,-0.944730719271,3.073438505067E-14
    ));
#4503 = PLANE('',#4504);
#4504 = AXIS2_PLACEMENT_3D('',#4505,#4506,#4507);
#4505 = CARTESIAN_POINT('',(0.,0.,0.851));
#4506 = DIRECTION('',(0.,0.,1.));
#4507 = DIRECTION('',(1.,0.,-0.));
#4508 = ADVANCED_FACE('',(#4509),#4515,.T.);
#4509 = FACE_BOUND('',#4510,.F.);
#4510 = EDGE_LOOP('',(#4511,#4512,#4513,#4514));
#4511 = ORIENTED_EDGE('',*,*,#4144,.F.);
#4512 = ORIENTED_EDGE('',*,*,#4399,.T.);
#4513 = ORIENTED_EDGE('',*,*,#308,.F.);
#4514 = ORIENTED_EDGE('',*,*,#3957,.F.);
#4515 = PLANE('',#4516);
#4516 = AXIS2_PLACEMENT_3D('',#4517,#4518,#4519);
#4517 = CARTESIAN_POINT('',(3.248528558381,0.657588704438,0.419));
#4518 = DIRECTION('',(0.,1.,0.));
#4519 = DIRECTION('',(-1.,0.,0.));
#4520 = ADVANCED_FACE('',(#4521),#4537,.T.);
#4521 = FACE_BOUND('',#4522,.T.);
#4522 = EDGE_LOOP('',(#4523,#4529,#4530,#4536));
#4523 = ORIENTED_EDGE('',*,*,#4524,.F.);
#4524 = EDGE_CURVE('',#4416,#4046,#4525,.T.);
#4525 = LINE('',#4526,#4527);
#4526 = CARTESIAN_POINT('',(-3.318505151212,0.455942901734,0.851));
#4527 = VECTOR('',#4528,1.);
#4528 = DIRECTION('',(0.,0.,-1.));
#4529 = ORIENTED_EDGE('',*,*,#4413,.F.);
#4530 = ORIENTED_EDGE('',*,*,#4531,.T.);
#4531 = EDGE_CURVE('',#4414,#4048,#4532,.T.);
#4532 = LINE('',#4533,#4534);
#4533 = CARTESIAN_POINT('',(-3.03508593543,0.657588704438,0.851));
#4534 = VECTOR('',#4535,1.);
#4535 = DIRECTION('',(0.,0.,-1.));
#4536 = ORIENTED_EDGE('',*,*,#4045,.F.);
#4537 = CYLINDRICAL_SURFACE('',#4538,0.3);
#4538 = AXIS2_PLACEMENT_3D('',#4539,#4540,#4541);
#4539 = CARTESIAN_POINT('',(-3.03508593543,0.357588704438,20.21189255193
    ));
#4540 = DIRECTION('',(0.,0.,-1.));
#4541 = DIRECTION('',(-0.944730719271,0.327847324322,0.));
#4542 = ADVANCED_FACE('',(#4543),#4549,.T.);
#4543 = FACE_BOUND('',#4544,.F.);
#4544 = EDGE_LOOP('',(#4545,#4546,#4547,#4548));
#4545 = ORIENTED_EDGE('',*,*,#4531,.T.);
#4546 = ORIENTED_EDGE('',*,*,#4130,.F.);
#4547 = ORIENTED_EDGE('',*,*,#1323,.T.);
#4548 = ORIENTED_EDGE('',*,*,#4424,.T.);
#4549 = PLANE('',#4550);
#4550 = AXIS2_PLACEMENT_3D('',#4551,#4552,#4553);
#4551 = CARTESIAN_POINT('',(-2.025528558381,0.657588704438,0.419));
#4552 = DIRECTION('',(0.,1.,0.));
#4553 = DIRECTION('',(-1.,0.,0.));
#4554 = ADVANCED_FACE('',(#4555),#4566,.T.);
#4555 = FACE_BOUND('',#4556,.F.);
#4556 = EDGE_LOOP('',(#4557,#4558,#4559,#4565));
#4557 = ORIENTED_EDGE('',*,*,#4524,.F.);
#4558 = ORIENTED_EDGE('',*,*,#4498,.T.);
#4559 = ORIENTED_EDGE('',*,*,#4560,.F.);
#4560 = EDGE_CURVE('',#4057,#4490,#4561,.T.);
#4561 = LINE('',#4562,#4563);
#4562 = CARTESIAN_POINT('',(-3.355218080624,0.350150267064,0.419));
#4563 = VECTOR('',#4564,1.);
#4564 = DIRECTION('',(0.,0.,1.));
#4565 = ORIENTED_EDGE('',*,*,#4056,.F.);
#4566 = PLANE('',#4567);
#4567 = AXIS2_PLACEMENT_3D('',#4568,#4569,#4570);
#4568 = CARTESIAN_POINT('',(-3.248528558381,0.657588704438,0.419));
#4569 = DIRECTION('',(-0.944730719271,0.327847324322,0.));
#4570 = DIRECTION('',(-0.327847324322,-0.944730719271,0.));
#4571 = ADVANCED_FACE('',(#4572),#4583,.F.);
#4572 = FACE_BOUND('',#4573,.F.);
#4573 = EDGE_LOOP('',(#4574,#4580,#4581,#4582));
#4574 = ORIENTED_EDGE('',*,*,#4575,.F.);
#4575 = EDGE_CURVE('',#4065,#4482,#4576,.T.);
#4576 = LINE('',#4577,#4578);
#4577 = CARTESIAN_POINT('',(-3.620204636074,0.149071271423,0.419));
#4578 = VECTOR('',#4579,1.);
#4579 = DIRECTION('',(0.,0.,1.));
#4580 = ORIENTED_EDGE('',*,*,#4064,.T.);
#4581 = ORIENTED_EDGE('',*,*,#4560,.T.);
#4582 = ORIENTED_EDGE('',*,*,#4489,.T.);
#4583 = CYLINDRICAL_SURFACE('',#4584,0.3);
#4584 = AXIS2_PLACEMENT_3D('',#4585,#4586,#4587);
#4585 = CARTESIAN_POINT('',(-3.638637296405,0.448504464361,
    -19.36870607012));
#4586 = DIRECTION('',(0.,0.,1.));
#4587 = DIRECTION('',(6.144220110442E-02,-0.998110643127,0.));
#4588 = ADVANCED_FACE('',(#4589),#4600,.T.);
#4589 = FACE_BOUND('',#4590,.F.);
#4590 = EDGE_LOOP('',(#4591,#4592,#4593,#4599));
#4591 = ORIENTED_EDGE('',*,*,#4575,.T.);
#4592 = ORIENTED_EDGE('',*,*,#4481,.T.);
#4593 = ORIENTED_EDGE('',*,*,#4594,.F.);
#4594 = EDGE_CURVE('',#4074,#4474,#4595,.T.);
#4595 = LINE('',#4596,#4597);
#4596 = CARTESIAN_POINT('',(-3.81,0.137387752166,0.419));
#4597 = VECTOR('',#4598,1.);
#4598 = DIRECTION('',(0.,0.,1.));
#4599 = ORIENTED_EDGE('',*,*,#4073,.F.);
#4600 = PLANE('',#4601);
#4601 = AXIS2_PLACEMENT_3D('',#4602,#4603,#4604);
#4602 = CARTESIAN_POINT('',(-3.42073684918,0.161350210597,0.419));
#4603 = DIRECTION('',(-6.144220110442E-02,0.998110643127,0.));
#4604 = DIRECTION('',(-0.998110643127,-6.144220110442E-02,0.));
#4605 = ADVANCED_FACE('',(#4606),#4617,.T.);
#4606 = FACE_BOUND('',#4607,.F.);
#4607 = EDGE_LOOP('',(#4608,#4609,#4610,#4611));
#4608 = ORIENTED_EDGE('',*,*,#4081,.F.);
#4609 = ORIENTED_EDGE('',*,*,#4594,.T.);
#4610 = ORIENTED_EDGE('',*,*,#4473,.T.);
#4611 = ORIENTED_EDGE('',*,*,#4612,.F.);
#4612 = EDGE_CURVE('',#4082,#4466,#4613,.T.);
#4613 = LINE('',#4614,#4615);
#4614 = CARTESIAN_POINT('',(-3.81,-0.167612247834,0.419));
#4615 = VECTOR('',#4616,1.);
#4616 = DIRECTION('',(0.,0.,1.));
#4617 = PLANE('',#4618);
#4618 = AXIS2_PLACEMENT_3D('',#4619,#4620,#4621);
#4619 = CARTESIAN_POINT('',(-3.81,0.137387752166,0.419));
#4620 = DIRECTION('',(-1.,0.,0.));
#4621 = DIRECTION('',(0.,-1.,0.));
#4622 = ADVANCED_FACE('',(#4623),#4634,.T.);
#4623 = FACE_BOUND('',#4624,.F.);
#4624 = EDGE_LOOP('',(#4625,#4631,#4632,#4633));
#4625 = ORIENTED_EDGE('',*,*,#4626,.T.);
#4626 = EDGE_CURVE('',#4457,#4090,#4627,.T.);
#4627 = LINE('',#4628,#4629);
#4628 = CARTESIAN_POINT('',(-3.398467786893,-0.142278939174,0.851));
#4629 = VECTOR('',#4630,1.);
#4630 = DIRECTION('',(0.,0.,-1.));
#4631 = ORIENTED_EDGE('',*,*,#4089,.F.);
#4632 = ORIENTED_EDGE('',*,*,#4612,.T.);
#4633 = ORIENTED_EDGE('',*,*,#4465,.T.);
#4634 = PLANE('',#4635);
#4635 = AXIS2_PLACEMENT_3D('',#4636,#4637,#4638);
#4636 = CARTESIAN_POINT('',(-3.81,-0.167612247834,0.419));
#4637 = DIRECTION('',(6.144220110442E-02,-0.998110643127,0.));
#4638 = DIRECTION('',(0.998110643127,6.144220110442E-02,0.));
#4639 = ADVANCED_FACE('',(#4640),#4651,.T.);
#4640 = FACE_BOUND('',#4641,.T.);
#4641 = EDGE_LOOP('',(#4642,#4648,#4649,#4650));
#4642 = ORIENTED_EDGE('',*,*,#4643,.F.);
#4643 = EDGE_CURVE('',#4449,#4098,#4644,.T.);
#4644 = LINE('',#4645,#4646);
#4645 = CARTESIAN_POINT('',(-3.133481231443,5.880005646736E-02,0.851));
#4646 = VECTOR('',#4647,1.);
#4647 = DIRECTION('',(0.,0.,-1.));
#4648 = ORIENTED_EDGE('',*,*,#4456,.F.);
#4649 = ORIENTED_EDGE('',*,*,#4626,.T.);
#4650 = ORIENTED_EDGE('',*,*,#4097,.F.);
#4651 = CYLINDRICAL_SURFACE('',#4652,0.3);
#4652 = AXIS2_PLACEMENT_3D('',#4653,#4654,#4655);
#4653 = CARTESIAN_POINT('',(-3.416900447224,0.157154253764,20.442406858)
  );
#4654 = DIRECTION('',(0.,0.,-1.));
#4655 = DIRECTION('',(0.944730719271,-0.327847324322,0.));
#4656 = ADVANCED_FACE('',(#4657),#4668,.T.);
#4657 = FACE_BOUND('',#4658,.F.);
#4658 = EDGE_LOOP('',(#4659,#4660,#4661,#4667));
#4659 = ORIENTED_EDGE('',*,*,#4643,.F.);
#4660 = ORIENTED_EDGE('',*,*,#4448,.T.);
#4661 = ORIENTED_EDGE('',*,*,#4662,.F.);
#4662 = EDGE_CURVE('',#4107,#4440,#4663,.T.);
#4663 = LINE('',#4664,#4665);
#4664 = CARTESIAN_POINT('',(-3.101505151212,0.150942901735,0.419));
#4665 = VECTOR('',#4666,1.);
#4666 = DIRECTION('',(0.,0.,1.));
#4667 = ORIENTED_EDGE('',*,*,#4106,.F.);
#4668 = PLANE('',#4669);
#4669 = AXIS2_PLACEMENT_3D('',#4670,#4671,#4672);
#4670 = CARTESIAN_POINT('',(-3.199,-0.13,0.419));
#4671 = DIRECTION('',(0.944730719271,-0.327847324322,0.));
#4672 = DIRECTION('',(0.327847324322,0.944730719271,0.));
#4673 = ADVANCED_FACE('',(#4674),#4685,.F.);
#4674 = FACE_BOUND('',#4675,.F.);
#4675 = EDGE_LOOP('',(#4676,#4682,#4683,#4684));
#4676 = ORIENTED_EDGE('',*,*,#4677,.F.);
#4677 = EDGE_CURVE('',#4115,#4432,#4678,.T.);
#4678 = LINE('',#4679,#4680);
#4679 = CARTESIAN_POINT('',(-2.81808593543,0.352588704438,0.419));
#4680 = VECTOR('',#4681,1.);
#4681 = DIRECTION('',(0.,0.,1.));
#4682 = ORIENTED_EDGE('',*,*,#4114,.T.);
#4683 = ORIENTED_EDGE('',*,*,#4662,.T.);
#4684 = ORIENTED_EDGE('',*,*,#4439,.T.);
#4685 = CYLINDRICAL_SURFACE('',#4686,0.3);
#4686 = AXIS2_PLACEMENT_3D('',#4687,#4688,#4689);
#4687 = CARTESIAN_POINT('',(-2.81808593543,5.258870443803E-02,
    -18.7235347319));
#4688 = DIRECTION('',(0.,0.,1.));
#4689 = DIRECTION('',(0.,1.,0.));
#4690 = ADVANCED_FACE('',(#4691),#4697,.T.);
#4691 = FACE_BOUND('',#4692,.F.);
#4692 = EDGE_LOOP('',(#4693,#4694,#4695,#4696));
#4693 = ORIENTED_EDGE('',*,*,#4677,.T.);
#4694 = ORIENTED_EDGE('',*,*,#4431,.T.);
#4695 = ORIENTED_EDGE('',*,*,#1307,.F.);
#4696 = ORIENTED_EDGE('',*,*,#4123,.F.);
#4697 = PLANE('',#4698);
#4698 = AXIS2_PLACEMENT_3D('',#4699,#4700,#4701);
#4699 = CARTESIAN_POINT('',(-3.031528558381,0.352588704438,0.419));
#4700 = DIRECTION('',(0.,-1.,0.));
#4701 = DIRECTION('',(1.,0.,0.));
#4702 = ADVANCED_FACE('',(#4703),#4796,.F.);
#4703 = FACE_BOUND('',#4704,.F.);
#4704 = EDGE_LOOP('',(#4705,#4716,#4722,#4723,#4731,#4740,#4748,#4757,
    #4765,#4773,#4781,#4790));
#4705 = ORIENTED_EDGE('',*,*,#4706,.F.);
#4706 = EDGE_CURVE('',#4707,#4709,#4711,.T.);
#4707 = VERTEX_POINT('',#4708);
#4708 = CARTESIAN_POINT('',(3.03508593543,0.657588704438,-0.851));
#4709 = VERTEX_POINT('',#4710);
#4710 = CARTESIAN_POINT('',(3.318505151212,0.455942901734,-0.851));
#4711 = CIRCLE('',#4712,0.3);
#4712 = AXIS2_PLACEMENT_3D('',#4713,#4714,#4715);
#4713 = CARTESIAN_POINT('',(3.03508593543,0.357588704438,-0.851));
#4714 = DIRECTION('',(0.,0.,-1.));
#4715 = DIRECTION('',(0.,1.,0.));
#4716 = ORIENTED_EDGE('',*,*,#4717,.T.);
#4717 = EDGE_CURVE('',#4707,#335,#4718,.T.);
#4718 = LINE('',#4719,#4720);
#4719 = CARTESIAN_POINT('',(3.03508593543,0.657588704438,-0.851));
#4720 = VECTOR('',#4721,1.);
#4721 = DIRECTION('',(-1.,0.,0.));
#4722 = ORIENTED_EDGE('',*,*,#332,.F.);
#4723 = ORIENTED_EDGE('',*,*,#4724,.T.);
#4724 = EDGE_CURVE('',#333,#4725,#4727,.T.);
#4725 = VERTEX_POINT('',#4726);
#4726 = CARTESIAN_POINT('',(2.81808593543,0.352588704438,-0.851));
#4727 = LINE('',#4728,#4729);
#4728 = CARTESIAN_POINT('',(2.795,0.352588704438,-0.851));
#4729 = VECTOR('',#4730,1.);
#4730 = DIRECTION('',(1.,0.,6.732723649665E-14));
#4731 = ORIENTED_EDGE('',*,*,#4732,.F.);
#4732 = EDGE_CURVE('',#4733,#4725,#4735,.T.);
#4733 = VERTEX_POINT('',#4734);
#4734 = CARTESIAN_POINT('',(3.101505151212,0.150942901735,-0.851));
#4735 = CIRCLE('',#4736,0.3);
#4736 = AXIS2_PLACEMENT_3D('',#4737,#4738,#4739);
#4737 = CARTESIAN_POINT('',(2.81808593543,5.258870443803E-02,-0.851));
#4738 = DIRECTION('',(0.,0.,1.));
#4739 = DIRECTION('',(0.944730719271,0.327847324322,-0.));
#4740 = ORIENTED_EDGE('',*,*,#4741,.T.);
#4741 = EDGE_CURVE('',#4733,#4742,#4744,.T.);
#4742 = VERTEX_POINT('',#4743);
#4743 = CARTESIAN_POINT('',(3.133481231443,5.880005646736E-02,-0.851));
#4744 = LINE('',#4745,#4746);
#4745 = CARTESIAN_POINT('',(3.101505151212,0.150942901735,-0.851));
#4746 = VECTOR('',#4747,1.);
#4747 = DIRECTION('',(0.327847324322,-0.944730719271,-3.642559266981E-14
    ));
#4748 = ORIENTED_EDGE('',*,*,#4749,.F.);
#4749 = EDGE_CURVE('',#4750,#4742,#4752,.T.);
#4750 = VERTEX_POINT('',#4751);
#4751 = CARTESIAN_POINT('',(3.398467786893,-0.142278939174,-0.851));
#4752 = CIRCLE('',#4753,0.3);
#4753 = AXIS2_PLACEMENT_3D('',#4754,#4755,#4756);
#4754 = CARTESIAN_POINT('',(3.416900447224,0.157154253764,-0.851));
#4755 = DIRECTION('',(0.,0.,-1.));
#4756 = DIRECTION('',(-6.144220110442E-02,-0.998110643127,-0.));
#4757 = ORIENTED_EDGE('',*,*,#4758,.T.);
#4758 = EDGE_CURVE('',#4750,#4759,#4761,.T.);
#4759 = VERTEX_POINT('',#4760);
#4760 = CARTESIAN_POINT('',(3.81,-0.167612247834,-0.851));
#4761 = LINE('',#4762,#4763);
#4762 = CARTESIAN_POINT('',(3.398467786893,-0.142278939174,-0.851));
#4763 = VECTOR('',#4764,1.);
#4764 = DIRECTION('',(0.998110643127,-6.144220110442E-02,0.));
#4765 = ORIENTED_EDGE('',*,*,#4766,.T.);
#4766 = EDGE_CURVE('',#4759,#4767,#4769,.T.);
#4767 = VERTEX_POINT('',#4768);
#4768 = CARTESIAN_POINT('',(3.81,0.137387752166,-0.851));
#4769 = LINE('',#4770,#4771);
#4770 = CARTESIAN_POINT('',(3.81,-0.167612247834,-0.851));
#4771 = VECTOR('',#4772,1.);
#4772 = DIRECTION('',(0.,1.,0.));
#4773 = ORIENTED_EDGE('',*,*,#4774,.T.);
#4774 = EDGE_CURVE('',#4767,#4775,#4777,.T.);
#4775 = VERTEX_POINT('',#4776);
#4776 = CARTESIAN_POINT('',(3.620204636074,0.149071271423,-0.851));
#4777 = LINE('',#4778,#4779);
#4778 = CARTESIAN_POINT('',(3.81,0.137387752166,-0.851));
#4779 = VECTOR('',#4780,1.);
#4780 = DIRECTION('',(-0.998110643127,6.144220110442E-02,0.));
#4781 = ORIENTED_EDGE('',*,*,#4782,.F.);
#4782 = EDGE_CURVE('',#4783,#4775,#4785,.T.);
#4783 = VERTEX_POINT('',#4784);
#4784 = CARTESIAN_POINT('',(3.355218080624,0.350150267064,-0.851));
#4785 = CIRCLE('',#4786,0.3);
#4786 = AXIS2_PLACEMENT_3D('',#4787,#4788,#4789);
#4787 = CARTESIAN_POINT('',(3.638637296405,0.448504464361,-0.851));
#4788 = DIRECTION('',(0.,0.,1.));
#4789 = DIRECTION('',(-0.944730719271,-0.327847324322,0.));
#4790 = ORIENTED_EDGE('',*,*,#4791,.T.);
#4791 = EDGE_CURVE('',#4783,#4709,#4792,.T.);
#4792 = LINE('',#4793,#4794);
#4793 = CARTESIAN_POINT('',(3.355218080624,0.350150267064,-0.851));
#4794 = VECTOR('',#4795,1.);
#4795 = DIRECTION('',(-0.327847324322,0.944730719271,-1.090574953411E-14
    ));
#4796 = PLANE('',#4797);
#4797 = AXIS2_PLACEMENT_3D('',#4798,#4799,#4800);
#4798 = CARTESIAN_POINT('',(0.,0.,-0.851));
#4799 = DIRECTION('',(0.,0.,1.));
#4800 = DIRECTION('',(1.,0.,-0.));
#4801 = ADVANCED_FACE('',(#4802),#4895,.F.);
#4802 = FACE_BOUND('',#4803,.F.);
#4803 = EDGE_LOOP('',(#4804,#4815,#4823,#4832,#4840,#4848,#4856,#4865,
    #4873,#4882,#4888,#4889));
#4804 = ORIENTED_EDGE('',*,*,#4805,.F.);
#4805 = EDGE_CURVE('',#4806,#4808,#4810,.T.);
#4806 = VERTEX_POINT('',#4807);
#4807 = CARTESIAN_POINT('',(-3.318505151212,0.455942901734,-0.851));
#4808 = VERTEX_POINT('',#4809);
#4809 = CARTESIAN_POINT('',(-3.03508593543,0.657588704438,-0.851));
#4810 = CIRCLE('',#4811,0.3);
#4811 = AXIS2_PLACEMENT_3D('',#4812,#4813,#4814);
#4812 = CARTESIAN_POINT('',(-3.03508593543,0.357588704438,-0.851));
#4813 = DIRECTION('',(0.,0.,-1.));
#4814 = DIRECTION('',(-0.944730719271,0.327847324322,0.));
#4815 = ORIENTED_EDGE('',*,*,#4816,.T.);
#4816 = EDGE_CURVE('',#4806,#4817,#4819,.T.);
#4817 = VERTEX_POINT('',#4818);
#4818 = CARTESIAN_POINT('',(-3.355218080624,0.350150267064,-0.851));
#4819 = LINE('',#4820,#4821);
#4820 = CARTESIAN_POINT('',(-3.318505151212,0.455942901734,-0.851));
#4821 = VECTOR('',#4822,1.);
#4822 = DIRECTION('',(-0.327847324322,-0.944730719271,4.26315663606E-14)
  );
#4823 = ORIENTED_EDGE('',*,*,#4824,.F.);
#4824 = EDGE_CURVE('',#4825,#4817,#4827,.T.);
#4825 = VERTEX_POINT('',#4826);
#4826 = CARTESIAN_POINT('',(-3.620204636074,0.149071271423,-0.851));
#4827 = CIRCLE('',#4828,0.3);
#4828 = AXIS2_PLACEMENT_3D('',#4829,#4830,#4831);
#4829 = CARTESIAN_POINT('',(-3.638637296405,0.448504464361,-0.851));
#4830 = DIRECTION('',(0.,0.,1.));
#4831 = DIRECTION('',(6.144220110442E-02,-0.998110643127,0.));
#4832 = ORIENTED_EDGE('',*,*,#4833,.T.);
#4833 = EDGE_CURVE('',#4825,#4834,#4836,.T.);
#4834 = VERTEX_POINT('',#4835);
#4835 = CARTESIAN_POINT('',(-3.81,0.137387752166,-0.851));
#4836 = LINE('',#4837,#4838);
#4837 = CARTESIAN_POINT('',(-3.620204636074,0.149071271423,-0.851));
#4838 = VECTOR('',#4839,1.);
#4839 = DIRECTION('',(-0.998110643127,-6.144220110442E-02,
    -2.043484561317E-14));
#4840 = ORIENTED_EDGE('',*,*,#4841,.T.);
#4841 = EDGE_CURVE('',#4834,#4842,#4844,.T.);
#4842 = VERTEX_POINT('',#4843);
#4843 = CARTESIAN_POINT('',(-3.81,-0.167612247834,-0.851));
#4844 = LINE('',#4845,#4846);
#4845 = CARTESIAN_POINT('',(-3.81,0.137387752166,-0.851));
#4846 = VECTOR('',#4847,1.);
#4847 = DIRECTION('',(0.,-1.,0.));
#4848 = ORIENTED_EDGE('',*,*,#4849,.T.);
#4849 = EDGE_CURVE('',#4842,#4850,#4852,.T.);
#4850 = VERTEX_POINT('',#4851);
#4851 = CARTESIAN_POINT('',(-3.398467786893,-0.142278939174,-0.851));
#4852 = LINE('',#4853,#4854);
#4853 = CARTESIAN_POINT('',(-3.81,-0.167612247834,-0.851));
#4854 = VECTOR('',#4855,1.);
#4855 = DIRECTION('',(0.998110643127,6.144220110442E-02,0.));
#4856 = ORIENTED_EDGE('',*,*,#4857,.F.);
#4857 = EDGE_CURVE('',#4858,#4850,#4860,.T.);
#4858 = VERTEX_POINT('',#4859);
#4859 = CARTESIAN_POINT('',(-3.133481231443,5.880005646736E-02,-0.851));
#4860 = CIRCLE('',#4861,0.3);
#4861 = AXIS2_PLACEMENT_3D('',#4862,#4863,#4864);
#4862 = CARTESIAN_POINT('',(-3.416900447224,0.157154253764,-0.851));
#4863 = DIRECTION('',(0.,0.,-1.));
#4864 = DIRECTION('',(0.944730719271,-0.327847324322,0.));
#4865 = ORIENTED_EDGE('',*,*,#4866,.T.);
#4866 = EDGE_CURVE('',#4858,#4867,#4869,.T.);
#4867 = VERTEX_POINT('',#4868);
#4868 = CARTESIAN_POINT('',(-3.101505151212,0.150942901735,-0.851));
#4869 = LINE('',#4870,#4871);
#4870 = CARTESIAN_POINT('',(-3.133481231443,5.880005646736E-02,-0.851));
#4871 = VECTOR('',#4872,1.);
#4872 = DIRECTION('',(0.327847324322,0.944730719271,1.252129748025E-14)
  );
#4873 = ORIENTED_EDGE('',*,*,#4874,.F.);
#4874 = EDGE_CURVE('',#4875,#4867,#4877,.T.);
#4875 = VERTEX_POINT('',#4876);
#4876 = CARTESIAN_POINT('',(-2.81808593543,0.352588704438,-0.851));
#4877 = CIRCLE('',#4878,0.3);
#4878 = AXIS2_PLACEMENT_3D('',#4879,#4880,#4881);
#4879 = CARTESIAN_POINT('',(-2.81808593543,5.258870443803E-02,-0.851));
#4880 = DIRECTION('',(0.,-0.,1.));
#4881 = DIRECTION('',(0.,1.,0.));
#4882 = ORIENTED_EDGE('',*,*,#4883,.T.);
#4883 = EDGE_CURVE('',#4875,#1332,#4884,.T.);
#4884 = LINE('',#4885,#4886);
#4885 = CARTESIAN_POINT('',(-2.81808593543,0.352588704438,-0.851));
#4886 = VECTOR('',#4887,1.);
#4887 = DIRECTION('',(1.,0.,-1.442726496357E-14));
#4888 = ORIENTED_EDGE('',*,*,#1331,.T.);
#4889 = ORIENTED_EDGE('',*,*,#4890,.T.);
#4890 = EDGE_CURVE('',#1334,#4808,#4891,.T.);
#4891 = LINE('',#4892,#4893);
#4892 = CARTESIAN_POINT('',(-2.795,0.657588704438,-0.851));
#4893 = VECTOR('',#4894,1.);
#4894 = DIRECTION('',(-1.,0.,0.));
#4895 = PLANE('',#4896);
#4896 = AXIS2_PLACEMENT_3D('',#4897,#4898,#4899);
#4897 = CARTESIAN_POINT('',(0.,0.,-0.851));
#4898 = DIRECTION('',(0.,0.,1.));
#4899 = DIRECTION('',(1.,0.,-0.));
#4900 = ADVANCED_FACE('',(#4901),#4927,.T.);
#4901 = FACE_BOUND('',#4902,.T.);
#4902 = EDGE_LOOP('',(#4903,#4911,#4920,#4926));
#4903 = ORIENTED_EDGE('',*,*,#4904,.F.);
#4904 = EDGE_CURVE('',#4905,#4707,#4907,.T.);
#4905 = VERTEX_POINT('',#4906);
#4906 = CARTESIAN_POINT('',(3.03508593543,0.657588704438,-0.419));
#4907 = LINE('',#4908,#4909);
#4908 = CARTESIAN_POINT('',(3.03508593543,0.657588704438,-0.419));
#4909 = VECTOR('',#4910,1.);
#4910 = DIRECTION('',(0.,0.,-1.));
#4911 = ORIENTED_EDGE('',*,*,#4912,.F.);
#4912 = EDGE_CURVE('',#4913,#4905,#4915,.T.);
#4913 = VERTEX_POINT('',#4914);
#4914 = CARTESIAN_POINT('',(3.318505151212,0.455942901734,-0.419));
#4915 = CIRCLE('',#4916,0.3);
#4916 = AXIS2_PLACEMENT_3D('',#4917,#4918,#4919);
#4917 = CARTESIAN_POINT('',(3.03508593543,0.357588704438,-0.419));
#4918 = DIRECTION('',(0.,0.,1.));
#4919 = DIRECTION('',(0.944730719271,0.327847324322,-0.));
#4920 = ORIENTED_EDGE('',*,*,#4921,.T.);
#4921 = EDGE_CURVE('',#4913,#4709,#4922,.T.);
#4922 = LINE('',#4923,#4924);
#4923 = CARTESIAN_POINT('',(3.318505151212,0.455942901734,-0.419));
#4924 = VECTOR('',#4925,1.);
#4925 = DIRECTION('',(0.,0.,-1.));
#4926 = ORIENTED_EDGE('',*,*,#4706,.F.);
#4927 = CYLINDRICAL_SURFACE('',#4928,0.3);
#4928 = AXIS2_PLACEMENT_3D('',#4929,#4930,#4931);
#4929 = CARTESIAN_POINT('',(3.03508593543,0.357588704438,18.83159649549)
  );
#4930 = DIRECTION('',(0.,0.,-1.));
#4931 = DIRECTION('',(0.,1.,0.));
#4932 = ADVANCED_FACE('',(#4933),#4951,.T.);
#4933 = FACE_BOUND('',#4934,.F.);
#4934 = EDGE_LOOP('',(#4935,#4936,#4937,#4945));
#4935 = ORIENTED_EDGE('',*,*,#4921,.T.);
#4936 = ORIENTED_EDGE('',*,*,#4791,.F.);
#4937 = ORIENTED_EDGE('',*,*,#4938,.T.);
#4938 = EDGE_CURVE('',#4783,#4939,#4941,.T.);
#4939 = VERTEX_POINT('',#4940);
#4940 = CARTESIAN_POINT('',(3.355218080624,0.350150267064,-0.419));
#4941 = LINE('',#4942,#4943);
#4942 = CARTESIAN_POINT('',(3.355218080624,0.350150267064,-0.851));
#4943 = VECTOR('',#4944,1.);
#4944 = DIRECTION('',(0.,0.,1.));
#4945 = ORIENTED_EDGE('',*,*,#4946,.T.);
#4946 = EDGE_CURVE('',#4939,#4913,#4947,.T.);
#4947 = LINE('',#4948,#4949);
#4948 = CARTESIAN_POINT('',(3.355218080624,0.350150267064,-0.419));
#4949 = VECTOR('',#4950,1.);
#4950 = DIRECTION('',(-0.327847324322,0.944730719271,0.));
#4951 = PLANE('',#4952);
#4952 = AXIS2_PLACEMENT_3D('',#4953,#4954,#4955);
#4953 = CARTESIAN_POINT('',(3.42073684918,0.161350210597,-0.851));
#4954 = DIRECTION('',(0.944730719271,0.327847324322,0.));
#4955 = DIRECTION('',(-0.327847324322,0.944730719271,0.));
#4956 = ADVANCED_FACE('',(#4957),#4976,.F.);
#4957 = FACE_BOUND('',#4958,.F.);
#4958 = EDGE_LOOP('',(#4959,#4960,#4961,#4969));
#4959 = ORIENTED_EDGE('',*,*,#4938,.F.);
#4960 = ORIENTED_EDGE('',*,*,#4782,.T.);
#4961 = ORIENTED_EDGE('',*,*,#4962,.T.);
#4962 = EDGE_CURVE('',#4775,#4963,#4965,.T.);
#4963 = VERTEX_POINT('',#4964);
#4964 = CARTESIAN_POINT('',(3.620204636074,0.149071271423,-0.419));
#4965 = LINE('',#4966,#4967);
#4966 = CARTESIAN_POINT('',(3.620204636074,0.149071271423,-0.851));
#4967 = VECTOR('',#4968,1.);
#4968 = DIRECTION('',(0.,0.,1.));
#4969 = ORIENTED_EDGE('',*,*,#4970,.T.);
#4970 = EDGE_CURVE('',#4963,#4939,#4971,.T.);
#4971 = CIRCLE('',#4972,0.3);
#4972 = AXIS2_PLACEMENT_3D('',#4973,#4974,#4975);
#4973 = CARTESIAN_POINT('',(3.638637296405,0.448504464361,-0.419));
#4974 = DIRECTION('',(0.,0.,-1.));
#4975 = DIRECTION('',(-6.144220110442E-02,-0.998110643127,-0.));
#4976 = CYLINDRICAL_SURFACE('',#4977,0.3);
#4977 = AXIS2_PLACEMENT_3D('',#4978,#4979,#4980);
#4978 = CARTESIAN_POINT('',(3.638637296405,0.448504464361,
    -20.34151460001));
#4979 = DIRECTION('',(0.,0.,1.));
#4980 = DIRECTION('',(-0.944730719271,-0.327847324322,0.));
#4981 = ADVANCED_FACE('',(#4982),#5000,.T.);
#4982 = FACE_BOUND('',#4983,.F.);
#4983 = EDGE_LOOP('',(#4984,#4985,#4986,#4994));
#4984 = ORIENTED_EDGE('',*,*,#4962,.F.);
#4985 = ORIENTED_EDGE('',*,*,#4774,.F.);
#4986 = ORIENTED_EDGE('',*,*,#4987,.T.);
#4987 = EDGE_CURVE('',#4767,#4988,#4990,.T.);
#4988 = VERTEX_POINT('',#4989);
#4989 = CARTESIAN_POINT('',(3.81,0.137387752166,-0.419));
#4990 = LINE('',#4991,#4992);
#4991 = CARTESIAN_POINT('',(3.81,0.137387752166,-0.851));
#4992 = VECTOR('',#4993,1.);
#4993 = DIRECTION('',(0.,0.,1.));
#4994 = ORIENTED_EDGE('',*,*,#4995,.T.);
#4995 = EDGE_CURVE('',#4988,#4963,#4996,.T.);
#4996 = LINE('',#4997,#4998);
#4997 = CARTESIAN_POINT('',(3.81,0.137387752166,-0.419));
#4998 = VECTOR('',#4999,1.);
#4999 = DIRECTION('',(-0.998110643127,6.144220110442E-02,0.));
#5000 = PLANE('',#5001);
#5001 = AXIS2_PLACEMENT_3D('',#5002,#5003,#5004);
#5002 = CARTESIAN_POINT('',(3.81,0.137387752166,-0.851));
#5003 = DIRECTION('',(6.144220110442E-02,0.998110643127,0.));
#5004 = DIRECTION('',(-0.998110643127,6.144220110442E-02,0.));
#5005 = ADVANCED_FACE('',(#5006),#5024,.T.);
#5006 = FACE_BOUND('',#5007,.F.);
#5007 = EDGE_LOOP('',(#5008,#5009,#5017,#5023));
#5008 = ORIENTED_EDGE('',*,*,#4766,.F.);
#5009 = ORIENTED_EDGE('',*,*,#5010,.T.);
#5010 = EDGE_CURVE('',#4759,#5011,#5013,.T.);
#5011 = VERTEX_POINT('',#5012);
#5012 = CARTESIAN_POINT('',(3.81,-0.167612247834,-0.419));
#5013 = LINE('',#5014,#5015);
#5014 = CARTESIAN_POINT('',(3.81,-0.167612247834,-0.851));
#5015 = VECTOR('',#5016,1.);
#5016 = DIRECTION('',(0.,0.,1.));
#5017 = ORIENTED_EDGE('',*,*,#5018,.T.);
#5018 = EDGE_CURVE('',#5011,#4988,#5019,.T.);
#5019 = LINE('',#5020,#5021);
#5020 = CARTESIAN_POINT('',(3.81,-0.167612247834,-0.419));
#5021 = VECTOR('',#5022,1.);
#5022 = DIRECTION('',(0.,1.,0.));
#5023 = ORIENTED_EDGE('',*,*,#4987,.F.);
#5024 = PLANE('',#5025);
#5025 = AXIS2_PLACEMENT_3D('',#5026,#5027,#5028);
#5026 = CARTESIAN_POINT('',(3.81,-0.167612247834,-0.851));
#5027 = DIRECTION('',(1.,0.,0.));
#5028 = DIRECTION('',(-0.,1.,0.));
#5029 = ADVANCED_FACE('',(#5030),#5048,.T.);
#5030 = FACE_BOUND('',#5031,.F.);
#5031 = EDGE_LOOP('',(#5032,#5040,#5046,#5047));
#5032 = ORIENTED_EDGE('',*,*,#5033,.F.);
#5033 = EDGE_CURVE('',#5034,#4750,#5036,.T.);
#5034 = VERTEX_POINT('',#5035);
#5035 = CARTESIAN_POINT('',(3.398467786893,-0.142278939174,-0.419));
#5036 = LINE('',#5037,#5038);
#5037 = CARTESIAN_POINT('',(3.398467786893,-0.142278939174,-0.419));
#5038 = VECTOR('',#5039,1.);
#5039 = DIRECTION('',(0.,0.,-1.));
#5040 = ORIENTED_EDGE('',*,*,#5041,.T.);
#5041 = EDGE_CURVE('',#5034,#5011,#5042,.T.);
#5042 = LINE('',#5043,#5044);
#5043 = CARTESIAN_POINT('',(3.398467786893,-0.142278939174,-0.419));
#5044 = VECTOR('',#5045,1.);
#5045 = DIRECTION('',(0.998110643127,-6.144220110442E-02,0.));
#5046 = ORIENTED_EDGE('',*,*,#5010,.F.);
#5047 = ORIENTED_EDGE('',*,*,#4758,.F.);
#5048 = PLANE('',#5049);
#5049 = AXIS2_PLACEMENT_3D('',#5050,#5051,#5052);
#5050 = CARTESIAN_POINT('',(3.199,-0.13,-0.851));
#5051 = DIRECTION('',(-6.144220110442E-02,-0.998110643127,0.));
#5052 = DIRECTION('',(0.998110643127,-6.144220110442E-02,0.));
#5053 = ADVANCED_FACE('',(#5054),#5073,.T.);
#5054 = FACE_BOUND('',#5055,.T.);
#5055 = EDGE_LOOP('',(#5056,#5057,#5066,#5072));
#5056 = ORIENTED_EDGE('',*,*,#5033,.F.);
#5057 = ORIENTED_EDGE('',*,*,#5058,.F.);
#5058 = EDGE_CURVE('',#5059,#5034,#5061,.T.);
#5059 = VERTEX_POINT('',#5060);
#5060 = CARTESIAN_POINT('',(3.133481231443,5.880005646736E-02,-0.419));
#5061 = CIRCLE('',#5062,0.3);
#5062 = AXIS2_PLACEMENT_3D('',#5063,#5064,#5065);
#5063 = CARTESIAN_POINT('',(3.416900447224,0.157154253764,-0.419));
#5064 = DIRECTION('',(0.,0.,1.));
#5065 = DIRECTION('',(-0.944730719271,-0.327847324322,0.));
#5066 = ORIENTED_EDGE('',*,*,#5067,.T.);
#5067 = EDGE_CURVE('',#5059,#4742,#5068,.T.);
#5068 = LINE('',#5069,#5070);
#5069 = CARTESIAN_POINT('',(3.133481231443,5.880005646736E-02,-0.419));
#5070 = VECTOR('',#5071,1.);
#5071 = DIRECTION('',(0.,0.,-1.));
#5072 = ORIENTED_EDGE('',*,*,#4749,.F.);
#5073 = CYLINDRICAL_SURFACE('',#5074,0.3);
#5074 = AXIS2_PLACEMENT_3D('',#5075,#5076,#5077);
#5075 = CARTESIAN_POINT('',(3.416900447224,0.157154253764,18.70066721949
    ));
#5076 = DIRECTION('',(0.,0.,-1.));
#5077 = DIRECTION('',(-6.144220110442E-02,-0.998110643127,-0.));
#5078 = ADVANCED_FACE('',(#5079),#5097,.T.);
#5079 = FACE_BOUND('',#5080,.F.);
#5080 = EDGE_LOOP('',(#5081,#5082,#5083,#5091));
#5081 = ORIENTED_EDGE('',*,*,#5067,.T.);
#5082 = ORIENTED_EDGE('',*,*,#4741,.F.);
#5083 = ORIENTED_EDGE('',*,*,#5084,.T.);
#5084 = EDGE_CURVE('',#4733,#5085,#5087,.T.);
#5085 = VERTEX_POINT('',#5086);
#5086 = CARTESIAN_POINT('',(3.101505151212,0.150942901735,-0.419));
#5087 = LINE('',#5088,#5089);
#5088 = CARTESIAN_POINT('',(3.101505151212,0.150942901735,-0.851));
#5089 = VECTOR('',#5090,1.);
#5090 = DIRECTION('',(0.,0.,1.));
#5091 = ORIENTED_EDGE('',*,*,#5092,.T.);
#5092 = EDGE_CURVE('',#5085,#5059,#5093,.T.);
#5093 = LINE('',#5094,#5095);
#5094 = CARTESIAN_POINT('',(3.101505151212,0.150942901735,-0.419));
#5095 = VECTOR('',#5096,1.);
#5096 = DIRECTION('',(0.327847324322,-0.944730719271,-3.585644278434E-14
    ));
#5097 = PLANE('',#5098);
#5098 = AXIS2_PLACEMENT_3D('',#5099,#5100,#5101);
#5099 = CARTESIAN_POINT('',(3.031528558381,0.352588704438,-0.851));
#5100 = DIRECTION('',(-0.944730719271,-0.327847324322,0.));
#5101 = DIRECTION('',(0.327847324322,-0.944730719271,0.));
#5102 = ADVANCED_FACE('',(#5103),#5122,.F.);
#5103 = FACE_BOUND('',#5104,.F.);
#5104 = EDGE_LOOP('',(#5105,#5106,#5107,#5115));
#5105 = ORIENTED_EDGE('',*,*,#5084,.F.);
#5106 = ORIENTED_EDGE('',*,*,#4732,.T.);
#5107 = ORIENTED_EDGE('',*,*,#5108,.T.);
#5108 = EDGE_CURVE('',#4725,#5109,#5111,.T.);
#5109 = VERTEX_POINT('',#5110);
#5110 = CARTESIAN_POINT('',(2.81808593543,0.352588704438,-0.419));
#5111 = LINE('',#5112,#5113);
#5112 = CARTESIAN_POINT('',(2.81808593543,0.352588704438,-0.851));
#5113 = VECTOR('',#5114,1.);
#5114 = DIRECTION('',(0.,0.,1.));
#5115 = ORIENTED_EDGE('',*,*,#5116,.T.);
#5116 = EDGE_CURVE('',#5109,#5085,#5117,.T.);
#5117 = CIRCLE('',#5118,0.3);
#5118 = AXIS2_PLACEMENT_3D('',#5119,#5120,#5121);
#5119 = CARTESIAN_POINT('',(2.81808593543,5.258870443803E-02,-0.419));
#5120 = DIRECTION('',(0.,0.,-1.));
#5121 = DIRECTION('',(0.,1.,0.));
#5122 = CYLINDRICAL_SURFACE('',#5123,0.3);
#5123 = AXIS2_PLACEMENT_3D('',#5124,#5125,#5126);
#5124 = CARTESIAN_POINT('',(2.81808593543,5.258870443803E-02,
    -19.73359545994));
#5125 = DIRECTION('',(0.,0.,1.));
#5126 = DIRECTION('',(0.944730719271,0.327847324322,-0.));
#5127 = ADVANCED_FACE('',(#5128),#5139,.T.);
#5128 = FACE_BOUND('',#5129,.F.);
#5129 = EDGE_LOOP('',(#5130,#5131,#5132,#5133));
#5130 = ORIENTED_EDGE('',*,*,#5108,.F.);
#5131 = ORIENTED_EDGE('',*,*,#4724,.F.);
#5132 = ORIENTED_EDGE('',*,*,#358,.T.);
#5133 = ORIENTED_EDGE('',*,*,#5134,.T.);
#5134 = EDGE_CURVE('',#351,#5109,#5135,.T.);
#5135 = LINE('',#5136,#5137);
#5136 = CARTESIAN_POINT('',(2.795,0.352588704438,-0.419));
#5137 = VECTOR('',#5138,1.);
#5138 = DIRECTION('',(1.,0.,3.847270656951E-14));
#5139 = PLANE('',#5140);
#5140 = AXIS2_PLACEMENT_3D('',#5141,#5142,#5143);
#5141 = CARTESIAN_POINT('',(2.025528558381,0.352588704438,-0.851));
#5142 = DIRECTION('',(0.,-1.,0.));
#5143 = DIRECTION('',(1.,0.,0.));
#5144 = ADVANCED_FACE('',(#5145),#5164,.T.);
#5145 = FACE_BOUND('',#5146,.F.);
#5146 = EDGE_LOOP('',(#5147,#5148,#5149,#5150,#5151,#5152,#5153,#5154,
    #5155,#5156,#5157,#5158));
#5147 = ORIENTED_EDGE('',*,*,#4912,.F.);
#5148 = ORIENTED_EDGE('',*,*,#4946,.F.);
#5149 = ORIENTED_EDGE('',*,*,#4970,.F.);
#5150 = ORIENTED_EDGE('',*,*,#4995,.F.);
#5151 = ORIENTED_EDGE('',*,*,#5018,.F.);
#5152 = ORIENTED_EDGE('',*,*,#5041,.F.);
#5153 = ORIENTED_EDGE('',*,*,#5058,.F.);
#5154 = ORIENTED_EDGE('',*,*,#5092,.F.);
#5155 = ORIENTED_EDGE('',*,*,#5116,.F.);
#5156 = ORIENTED_EDGE('',*,*,#5134,.F.);
#5157 = ORIENTED_EDGE('',*,*,#350,.T.);
#5158 = ORIENTED_EDGE('',*,*,#5159,.F.);
#5159 = EDGE_CURVE('',#4905,#343,#5160,.T.);
#5160 = LINE('',#5161,#5162);
#5161 = CARTESIAN_POINT('',(3.03508593543,0.657588704438,-0.419));
#5162 = VECTOR('',#5163,1.);
#5163 = DIRECTION('',(-1.,0.,0.));
#5164 = PLANE('',#5165);
#5165 = AXIS2_PLACEMENT_3D('',#5166,#5167,#5168);
#5166 = CARTESIAN_POINT('',(0.,0.,-0.419));
#5167 = DIRECTION('',(0.,0.,1.));
#5168 = DIRECTION('',(1.,0.,-0.));
#5169 = ADVANCED_FACE('',(#5170),#5263,.T.);
#5170 = FACE_BOUND('',#5171,.F.);
#5171 = EDGE_LOOP('',(#5172,#5183,#5189,#5190,#5198,#5207,#5215,#5224,
    #5232,#5240,#5248,#5257));
#5172 = ORIENTED_EDGE('',*,*,#5173,.F.);
#5173 = EDGE_CURVE('',#5174,#5176,#5178,.T.);
#5174 = VERTEX_POINT('',#5175);
#5175 = CARTESIAN_POINT('',(-3.03508593543,0.657588704438,-0.419));
#5176 = VERTEX_POINT('',#5177);
#5177 = CARTESIAN_POINT('',(-3.318505151212,0.455942901734,-0.419));
#5178 = CIRCLE('',#5179,0.3);
#5179 = AXIS2_PLACEMENT_3D('',#5180,#5181,#5182);
#5180 = CARTESIAN_POINT('',(-3.03508593543,0.357588704438,-0.419));
#5181 = DIRECTION('',(0.,-0.,1.));
#5182 = DIRECTION('',(0.,1.,0.));
#5183 = ORIENTED_EDGE('',*,*,#5184,.F.);
#5184 = EDGE_CURVE('',#1350,#5174,#5185,.T.);
#5185 = LINE('',#5186,#5187);
#5186 = CARTESIAN_POINT('',(-2.795,0.657588704438,-0.419));
#5187 = VECTOR('',#5188,1.);
#5188 = DIRECTION('',(-1.,0.,0.));
#5189 = ORIENTED_EDGE('',*,*,#1349,.F.);
#5190 = ORIENTED_EDGE('',*,*,#5191,.F.);
#5191 = EDGE_CURVE('',#5192,#1342,#5194,.T.);
#5192 = VERTEX_POINT('',#5193);
#5193 = CARTESIAN_POINT('',(-2.81808593543,0.352588704438,-0.419));
#5194 = LINE('',#5195,#5196);
#5195 = CARTESIAN_POINT('',(-2.81808593543,0.352588704438,-0.419));
#5196 = VECTOR('',#5197,1.);
#5197 = DIRECTION('',(1.,0.,1.202272080297E-14));
#5198 = ORIENTED_EDGE('',*,*,#5199,.F.);
#5199 = EDGE_CURVE('',#5200,#5192,#5202,.T.);
#5200 = VERTEX_POINT('',#5201);
#5201 = CARTESIAN_POINT('',(-3.101505151212,0.150942901735,-0.419));
#5202 = CIRCLE('',#5203,0.3);
#5203 = AXIS2_PLACEMENT_3D('',#5204,#5205,#5206);
#5204 = CARTESIAN_POINT('',(-2.81808593543,5.258870443803E-02,-0.419));
#5205 = DIRECTION('',(0.,0.,-1.));
#5206 = DIRECTION('',(-0.944730719271,0.327847324322,0.));
#5207 = ORIENTED_EDGE('',*,*,#5208,.F.);
#5208 = EDGE_CURVE('',#5209,#5200,#5211,.T.);
#5209 = VERTEX_POINT('',#5210);
#5210 = CARTESIAN_POINT('',(-3.133481231443,5.880005646736E-02,-0.419));
#5211 = LINE('',#5212,#5213);
#5212 = CARTESIAN_POINT('',(-3.133481231443,5.880005646736E-02,-0.419));
#5213 = VECTOR('',#5214,1.);
#5214 = DIRECTION('',(0.327847324322,0.944730719271,1.138299770931E-14)
  );
#5215 = ORIENTED_EDGE('',*,*,#5216,.F.);
#5216 = EDGE_CURVE('',#5217,#5209,#5219,.T.);
#5217 = VERTEX_POINT('',#5218);
#5218 = CARTESIAN_POINT('',(-3.398467786893,-0.142278939174,-0.419));
#5219 = CIRCLE('',#5220,0.3);
#5220 = AXIS2_PLACEMENT_3D('',#5221,#5222,#5223);
#5221 = CARTESIAN_POINT('',(-3.416900447224,0.157154253764,-0.419));
#5222 = DIRECTION('',(0.,0.,1.));
#5223 = DIRECTION('',(6.144220110442E-02,-0.998110643127,0.));
#5224 = ORIENTED_EDGE('',*,*,#5225,.F.);
#5225 = EDGE_CURVE('',#5226,#5217,#5228,.T.);
#5226 = VERTEX_POINT('',#5227);
#5227 = CARTESIAN_POINT('',(-3.81,-0.167612247834,-0.419));
#5228 = LINE('',#5229,#5230);
#5229 = CARTESIAN_POINT('',(-3.81,-0.167612247834,-0.419));
#5230 = VECTOR('',#5231,1.);
#5231 = DIRECTION('',(0.998110643127,6.144220110442E-02,0.));
#5232 = ORIENTED_EDGE('',*,*,#5233,.F.);
#5233 = EDGE_CURVE('',#5234,#5226,#5236,.T.);
#5234 = VERTEX_POINT('',#5235);
#5235 = CARTESIAN_POINT('',(-3.81,0.137387752166,-0.419));
#5236 = LINE('',#5237,#5238);
#5237 = CARTESIAN_POINT('',(-3.81,0.137387752166,-0.419));
#5238 = VECTOR('',#5239,1.);
#5239 = DIRECTION('',(0.,-1.,0.));
#5240 = ORIENTED_EDGE('',*,*,#5241,.F.);
#5241 = EDGE_CURVE('',#5242,#5234,#5244,.T.);
#5242 = VERTEX_POINT('',#5243);
#5243 = CARTESIAN_POINT('',(-3.620204636074,0.149071271423,-0.419));
#5244 = LINE('',#5245,#5246);
#5245 = CARTESIAN_POINT('',(-3.620204636074,0.149071271423,-0.419));
#5246 = VECTOR('',#5247,1.);
#5247 = DIRECTION('',(-0.998110643127,-6.144220110442E-02,
    -1.780750832005E-14));
#5248 = ORIENTED_EDGE('',*,*,#5249,.F.);
#5249 = EDGE_CURVE('',#5250,#5242,#5252,.T.);
#5250 = VERTEX_POINT('',#5251);
#5251 = CARTESIAN_POINT('',(-3.355218080624,0.350150267064,-0.419));
#5252 = CIRCLE('',#5253,0.3);
#5253 = AXIS2_PLACEMENT_3D('',#5254,#5255,#5256);
#5254 = CARTESIAN_POINT('',(-3.638637296405,0.448504464361,-0.419));
#5255 = DIRECTION('',(0.,0.,-1.));
#5256 = DIRECTION('',(0.944730719271,-0.327847324322,0.));
#5257 = ORIENTED_EDGE('',*,*,#5258,.F.);
#5258 = EDGE_CURVE('',#5176,#5250,#5259,.T.);
#5259 = LINE('',#5260,#5261);
#5260 = CARTESIAN_POINT('',(-3.318505151212,0.455942901734,-0.419));
#5261 = VECTOR('',#5262,1.);
#5262 = DIRECTION('',(-0.327847324322,-0.944730719271,4.164013458477E-14
    ));
#5263 = PLANE('',#5264);
#5264 = AXIS2_PLACEMENT_3D('',#5265,#5266,#5267);
#5265 = CARTESIAN_POINT('',(0.,0.,-0.419));
#5266 = DIRECTION('',(0.,0.,1.));
#5267 = DIRECTION('',(1.,0.,-0.));
#5268 = ADVANCED_FACE('',(#5269),#5275,.T.);
#5269 = FACE_BOUND('',#5270,.F.);
#5270 = EDGE_LOOP('',(#5271,#5272,#5273,#5274));
#5271 = ORIENTED_EDGE('',*,*,#4904,.F.);
#5272 = ORIENTED_EDGE('',*,*,#5159,.T.);
#5273 = ORIENTED_EDGE('',*,*,#342,.F.);
#5274 = ORIENTED_EDGE('',*,*,#4717,.F.);
#5275 = PLANE('',#5276);
#5276 = AXIS2_PLACEMENT_3D('',#5277,#5278,#5279);
#5277 = CARTESIAN_POINT('',(3.248528558381,0.657588704438,-0.851));
#5278 = DIRECTION('',(0.,1.,0.));
#5279 = DIRECTION('',(-1.,0.,0.));
#5280 = ADVANCED_FACE('',(#5281),#5297,.T.);
#5281 = FACE_BOUND('',#5282,.T.);
#5282 = EDGE_LOOP('',(#5283,#5289,#5290,#5296));
#5283 = ORIENTED_EDGE('',*,*,#5284,.F.);
#5284 = EDGE_CURVE('',#5176,#4806,#5285,.T.);
#5285 = LINE('',#5286,#5287);
#5286 = CARTESIAN_POINT('',(-3.318505151212,0.455942901734,-0.419));
#5287 = VECTOR('',#5288,1.);
#5288 = DIRECTION('',(0.,0.,-1.));
#5289 = ORIENTED_EDGE('',*,*,#5173,.F.);
#5290 = ORIENTED_EDGE('',*,*,#5291,.T.);
#5291 = EDGE_CURVE('',#5174,#4808,#5292,.T.);
#5292 = LINE('',#5293,#5294);
#5293 = CARTESIAN_POINT('',(-3.03508593543,0.657588704438,-0.419));
#5294 = VECTOR('',#5295,1.);
#5295 = DIRECTION('',(0.,0.,-1.));
#5296 = ORIENTED_EDGE('',*,*,#4805,.F.);
#5297 = CYLINDRICAL_SURFACE('',#5298,0.3);
#5298 = AXIS2_PLACEMENT_3D('',#5299,#5300,#5301);
#5299 = CARTESIAN_POINT('',(-3.03508593543,0.357588704438,20.72514669755
    ));
#5300 = DIRECTION('',(0.,0.,-1.));
#5301 = DIRECTION('',(-0.944730719271,0.327847324322,0.));
#5302 = ADVANCED_FACE('',(#5303),#5309,.T.);
#5303 = FACE_BOUND('',#5304,.F.);
#5304 = EDGE_LOOP('',(#5305,#5306,#5307,#5308));
#5305 = ORIENTED_EDGE('',*,*,#5291,.T.);
#5306 = ORIENTED_EDGE('',*,*,#4890,.F.);
#5307 = ORIENTED_EDGE('',*,*,#1357,.T.);
#5308 = ORIENTED_EDGE('',*,*,#5184,.T.);
#5309 = PLANE('',#5310);
#5310 = AXIS2_PLACEMENT_3D('',#5311,#5312,#5313);
#5311 = CARTESIAN_POINT('',(-2.025528558381,0.657588704438,-0.851));
#5312 = DIRECTION('',(0.,1.,0.));
#5313 = DIRECTION('',(-1.,0.,0.));
#5314 = ADVANCED_FACE('',(#5315),#5326,.T.);
#5315 = FACE_BOUND('',#5316,.F.);
#5316 = EDGE_LOOP('',(#5317,#5318,#5319,#5325));
#5317 = ORIENTED_EDGE('',*,*,#5284,.F.);
#5318 = ORIENTED_EDGE('',*,*,#5258,.T.);
#5319 = ORIENTED_EDGE('',*,*,#5320,.F.);
#5320 = EDGE_CURVE('',#4817,#5250,#5321,.T.);
#5321 = LINE('',#5322,#5323);
#5322 = CARTESIAN_POINT('',(-3.355218080624,0.350150267064,-0.851));
#5323 = VECTOR('',#5324,1.);
#5324 = DIRECTION('',(0.,0.,1.));
#5325 = ORIENTED_EDGE('',*,*,#4816,.F.);
#5326 = PLANE('',#5327);
#5327 = AXIS2_PLACEMENT_3D('',#5328,#5329,#5330);
#5328 = CARTESIAN_POINT('',(-3.248528558381,0.657588704438,-0.851));
#5329 = DIRECTION('',(-0.944730719271,0.327847324322,0.));
#5330 = DIRECTION('',(-0.327847324322,-0.944730719271,0.));
#5331 = ADVANCED_FACE('',(#5332),#5343,.F.);
#5332 = FACE_BOUND('',#5333,.F.);
#5333 = EDGE_LOOP('',(#5334,#5340,#5341,#5342));
#5334 = ORIENTED_EDGE('',*,*,#5335,.F.);
#5335 = EDGE_CURVE('',#4825,#5242,#5336,.T.);
#5336 = LINE('',#5337,#5338);
#5337 = CARTESIAN_POINT('',(-3.620204636074,0.149071271423,-0.851));
#5338 = VECTOR('',#5339,1.);
#5339 = DIRECTION('',(0.,0.,1.));
#5340 = ORIENTED_EDGE('',*,*,#4824,.T.);
#5341 = ORIENTED_EDGE('',*,*,#5320,.T.);
#5342 = ORIENTED_EDGE('',*,*,#5249,.T.);
#5343 = CYLINDRICAL_SURFACE('',#5344,0.3);
#5344 = AXIS2_PLACEMENT_3D('',#5345,#5346,#5347);
#5345 = CARTESIAN_POINT('',(-3.638637296405,0.448504464361,
    -22.38869916772));
#5346 = DIRECTION('',(0.,0.,1.));
#5347 = DIRECTION('',(6.144220110442E-02,-0.998110643127,0.));
#5348 = ADVANCED_FACE('',(#5349),#5360,.T.);
#5349 = FACE_BOUND('',#5350,.F.);
#5350 = EDGE_LOOP('',(#5351,#5352,#5353,#5359));
#5351 = ORIENTED_EDGE('',*,*,#5335,.T.);
#5352 = ORIENTED_EDGE('',*,*,#5241,.T.);
#5353 = ORIENTED_EDGE('',*,*,#5354,.F.);
#5354 = EDGE_CURVE('',#4834,#5234,#5355,.T.);
#5355 = LINE('',#5356,#5357);
#5356 = CARTESIAN_POINT('',(-3.81,0.137387752166,-0.851));
#5357 = VECTOR('',#5358,1.);
#5358 = DIRECTION('',(0.,0.,1.));
#5359 = ORIENTED_EDGE('',*,*,#4833,.F.);
#5360 = PLANE('',#5361);
#5361 = AXIS2_PLACEMENT_3D('',#5362,#5363,#5364);
#5362 = CARTESIAN_POINT('',(-3.42073684918,0.161350210597,-0.851));
#5363 = DIRECTION('',(-6.144220110442E-02,0.998110643127,0.));
#5364 = DIRECTION('',(-0.998110643127,-6.144220110442E-02,0.));
#5365 = ADVANCED_FACE('',(#5366),#5377,.T.);
#5366 = FACE_BOUND('',#5367,.F.);
#5367 = EDGE_LOOP('',(#5368,#5369,#5370,#5371));
#5368 = ORIENTED_EDGE('',*,*,#4841,.F.);
#5369 = ORIENTED_EDGE('',*,*,#5354,.T.);
#5370 = ORIENTED_EDGE('',*,*,#5233,.T.);
#5371 = ORIENTED_EDGE('',*,*,#5372,.F.);
#5372 = EDGE_CURVE('',#4842,#5226,#5373,.T.);
#5373 = LINE('',#5374,#5375);
#5374 = CARTESIAN_POINT('',(-3.81,-0.167612247834,-0.851));
#5375 = VECTOR('',#5376,1.);
#5376 = DIRECTION('',(0.,0.,1.));
#5377 = PLANE('',#5378);
#5378 = AXIS2_PLACEMENT_3D('',#5379,#5380,#5381);
#5379 = CARTESIAN_POINT('',(-3.81,0.137387752166,-0.851));
#5380 = DIRECTION('',(-1.,0.,0.));
#5381 = DIRECTION('',(0.,-1.,0.));
#5382 = ADVANCED_FACE('',(#5383),#5394,.T.);
#5383 = FACE_BOUND('',#5384,.F.);
#5384 = EDGE_LOOP('',(#5385,#5391,#5392,#5393));
#5385 = ORIENTED_EDGE('',*,*,#5386,.T.);
#5386 = EDGE_CURVE('',#5217,#4850,#5387,.T.);
#5387 = LINE('',#5388,#5389);
#5388 = CARTESIAN_POINT('',(-3.398467786893,-0.142278939174,-0.419));
#5389 = VECTOR('',#5390,1.);
#5390 = DIRECTION('',(0.,0.,-1.));
#5391 = ORIENTED_EDGE('',*,*,#4849,.F.);
#5392 = ORIENTED_EDGE('',*,*,#5372,.T.);
#5393 = ORIENTED_EDGE('',*,*,#5225,.T.);
#5394 = PLANE('',#5395);
#5395 = AXIS2_PLACEMENT_3D('',#5396,#5397,#5398);
#5396 = CARTESIAN_POINT('',(-3.81,-0.167612247834,-0.851));
#5397 = DIRECTION('',(6.144220110442E-02,-0.998110643127,0.));
#5398 = DIRECTION('',(0.998110643127,6.144220110442E-02,0.));
#5399 = ADVANCED_FACE('',(#5400),#5411,.T.);
#5400 = FACE_BOUND('',#5401,.T.);
#5401 = EDGE_LOOP('',(#5402,#5408,#5409,#5410));
#5402 = ORIENTED_EDGE('',*,*,#5403,.F.);
#5403 = EDGE_CURVE('',#5209,#4858,#5404,.T.);
#5404 = LINE('',#5405,#5406);
#5405 = CARTESIAN_POINT('',(-3.133481231443,5.880005646736E-02,-0.419));
#5406 = VECTOR('',#5407,1.);
#5407 = DIRECTION('',(0.,0.,-1.));
#5408 = ORIENTED_EDGE('',*,*,#5216,.F.);
#5409 = ORIENTED_EDGE('',*,*,#5386,.T.);
#5410 = ORIENTED_EDGE('',*,*,#4857,.F.);
#5411 = CYLINDRICAL_SURFACE('',#5412,0.3);
#5412 = AXIS2_PLACEMENT_3D('',#5413,#5414,#5415);
#5413 = CARTESIAN_POINT('',(-3.416900447224,0.157154253764,
    20.93947055627));
#5414 = DIRECTION('',(0.,0.,-1.));
#5415 = DIRECTION('',(0.944730719271,-0.327847324322,0.));
#5416 = ADVANCED_FACE('',(#5417),#5428,.T.);
#5417 = FACE_BOUND('',#5418,.F.);
#5418 = EDGE_LOOP('',(#5419,#5420,#5421,#5427));
#5419 = ORIENTED_EDGE('',*,*,#5403,.F.);
#5420 = ORIENTED_EDGE('',*,*,#5208,.T.);
#5421 = ORIENTED_EDGE('',*,*,#5422,.F.);
#5422 = EDGE_CURVE('',#4867,#5200,#5423,.T.);
#5423 = LINE('',#5424,#5425);
#5424 = CARTESIAN_POINT('',(-3.101505151212,0.150942901735,-0.851));
#5425 = VECTOR('',#5426,1.);
#5426 = DIRECTION('',(0.,0.,1.));
#5427 = ORIENTED_EDGE('',*,*,#4866,.F.);
#5428 = PLANE('',#5429);
#5429 = AXIS2_PLACEMENT_3D('',#5430,#5431,#5432);
#5430 = CARTESIAN_POINT('',(-3.199,-0.13,-0.851));
#5431 = DIRECTION('',(0.944730719271,-0.327847324322,0.));
#5432 = DIRECTION('',(0.327847324322,0.944730719271,0.));
#5433 = ADVANCED_FACE('',(#5434),#5445,.F.);
#5434 = FACE_BOUND('',#5435,.F.);
#5435 = EDGE_LOOP('',(#5436,#5442,#5443,#5444));
#5436 = ORIENTED_EDGE('',*,*,#5437,.F.);
#5437 = EDGE_CURVE('',#4875,#5192,#5438,.T.);
#5438 = LINE('',#5439,#5440);
#5439 = CARTESIAN_POINT('',(-2.81808593543,0.352588704438,-0.851));
#5440 = VECTOR('',#5441,1.);
#5441 = DIRECTION('',(0.,0.,1.));
#5442 = ORIENTED_EDGE('',*,*,#4874,.T.);
#5443 = ORIENTED_EDGE('',*,*,#5422,.T.);
#5444 = ORIENTED_EDGE('',*,*,#5199,.T.);
#5445 = CYLINDRICAL_SURFACE('',#5446,0.3);
#5446 = AXIS2_PLACEMENT_3D('',#5447,#5448,#5449);
#5447 = CARTESIAN_POINT('',(-2.81808593543,5.258870443803E-02,
    -21.79578509844));
#5448 = DIRECTION('',(0.,0.,1.));
#5449 = DIRECTION('',(0.,1.,0.));
#5450 = ADVANCED_FACE('',(#5451),#5457,.T.);
#5451 = FACE_BOUND('',#5452,.F.);
#5452 = EDGE_LOOP('',(#5453,#5454,#5455,#5456));
#5453 = ORIENTED_EDGE('',*,*,#5437,.T.);
#5454 = ORIENTED_EDGE('',*,*,#5191,.T.);
#5455 = ORIENTED_EDGE('',*,*,#1341,.F.);
#5456 = ORIENTED_EDGE('',*,*,#4883,.F.);
#5457 = PLANE('',#5458);
#5458 = AXIS2_PLACEMENT_3D('',#5459,#5460,#5461);
#5459 = CARTESIAN_POINT('',(-3.031528558381,0.352588704438,-0.851));
#5460 = DIRECTION('',(0.,-1.,0.));
#5461 = DIRECTION('',(1.,0.,0.));
#5462 = ADVANCED_FACE('',(#5463),#5556,.F.);
#5463 = FACE_BOUND('',#5464,.F.);
#5464 = EDGE_LOOP('',(#5465,#5476,#5482,#5483,#5491,#5500,#5508,#5517,
    #5525,#5533,#5541,#5550));
#5465 = ORIENTED_EDGE('',*,*,#5466,.F.);
#5466 = EDGE_CURVE('',#5467,#5469,#5471,.T.);
#5467 = VERTEX_POINT('',#5468);
#5468 = CARTESIAN_POINT('',(3.03508593543,0.657588704438,-2.121));
#5469 = VERTEX_POINT('',#5470);
#5470 = CARTESIAN_POINT('',(3.318505151212,0.455942901734,-2.121));
#5471 = CIRCLE('',#5472,0.3);
#5472 = AXIS2_PLACEMENT_3D('',#5473,#5474,#5475);
#5473 = CARTESIAN_POINT('',(3.03508593543,0.357588704438,-2.121));
#5474 = DIRECTION('',(0.,0.,-1.));
#5475 = DIRECTION('',(0.,1.,0.));
#5476 = ORIENTED_EDGE('',*,*,#5477,.T.);
#5477 = EDGE_CURVE('',#5467,#369,#5478,.T.);
#5478 = LINE('',#5479,#5480);
#5479 = CARTESIAN_POINT('',(3.03508593543,0.657588704438,-2.121));
#5480 = VECTOR('',#5481,1.);
#5481 = DIRECTION('',(-1.,0.,0.));
#5482 = ORIENTED_EDGE('',*,*,#366,.F.);
#5483 = ORIENTED_EDGE('',*,*,#5484,.T.);
#5484 = EDGE_CURVE('',#367,#5485,#5487,.T.);
#5485 = VERTEX_POINT('',#5486);
#5486 = CARTESIAN_POINT('',(2.81808593543,0.352588704438,-2.121));
#5487 = LINE('',#5488,#5489);
#5488 = CARTESIAN_POINT('',(2.795,0.352588704438,-2.121));
#5489 = VECTOR('',#5490,1.);
#5490 = DIRECTION('',(1.,0.,3.847270656951E-14));
#5491 = ORIENTED_EDGE('',*,*,#5492,.F.);
#5492 = EDGE_CURVE('',#5493,#5485,#5495,.T.);
#5493 = VERTEX_POINT('',#5494);
#5494 = CARTESIAN_POINT('',(3.101505151212,0.150942901735,-2.121));
#5495 = CIRCLE('',#5496,0.3);
#5496 = AXIS2_PLACEMENT_3D('',#5497,#5498,#5499);
#5497 = CARTESIAN_POINT('',(2.81808593543,5.258870443803E-02,-2.121));
#5498 = DIRECTION('',(0.,0.,1.));
#5499 = DIRECTION('',(0.944730719271,0.327847324322,-0.));
#5500 = ORIENTED_EDGE('',*,*,#5501,.T.);
#5501 = EDGE_CURVE('',#5493,#5502,#5504,.T.);
#5502 = VERTEX_POINT('',#5503);
#5503 = CARTESIAN_POINT('',(3.133481231443,5.880005646736E-02,-2.121));
#5504 = LINE('',#5505,#5506);
#5505 = CARTESIAN_POINT('',(3.101505151212,0.150942901735,-2.121));
#5506 = VECTOR('',#5507,1.);
#5507 = DIRECTION('',(0.327847324322,-0.944730719271,-3.642559266981E-14
    ));
#5508 = ORIENTED_EDGE('',*,*,#5509,.F.);
#5509 = EDGE_CURVE('',#5510,#5502,#5512,.T.);
#5510 = VERTEX_POINT('',#5511);
#5511 = CARTESIAN_POINT('',(3.398467786893,-0.142278939174,-2.121));
#5512 = CIRCLE('',#5513,0.3);
#5513 = AXIS2_PLACEMENT_3D('',#5514,#5515,#5516);
#5514 = CARTESIAN_POINT('',(3.416900447224,0.157154253764,-2.121));
#5515 = DIRECTION('',(0.,0.,-1.));
#5516 = DIRECTION('',(-6.144220110442E-02,-0.998110643127,-0.));
#5517 = ORIENTED_EDGE('',*,*,#5518,.T.);
#5518 = EDGE_CURVE('',#5510,#5519,#5521,.T.);
#5519 = VERTEX_POINT('',#5520);
#5520 = CARTESIAN_POINT('',(3.81,-0.167612247834,-2.121));
#5521 = LINE('',#5522,#5523);
#5522 = CARTESIAN_POINT('',(3.398467786893,-0.142278939174,-2.121));
#5523 = VECTOR('',#5524,1.);
#5524 = DIRECTION('',(0.998110643127,-6.144220110442E-02,0.));
#5525 = ORIENTED_EDGE('',*,*,#5526,.T.);
#5526 = EDGE_CURVE('',#5519,#5527,#5529,.T.);
#5527 = VERTEX_POINT('',#5528);
#5528 = CARTESIAN_POINT('',(3.81,0.137387752166,-2.121));
#5529 = LINE('',#5530,#5531);
#5530 = CARTESIAN_POINT('',(3.81,-0.167612247834,-2.121));
#5531 = VECTOR('',#5532,1.);
#5532 = DIRECTION('',(0.,1.,0.));
#5533 = ORIENTED_EDGE('',*,*,#5534,.T.);
#5534 = EDGE_CURVE('',#5527,#5535,#5537,.T.);
#5535 = VERTEX_POINT('',#5536);
#5536 = CARTESIAN_POINT('',(3.620204636074,0.149071271423,-2.121));
#5537 = LINE('',#5538,#5539);
#5538 = CARTESIAN_POINT('',(3.81,0.137387752166,-2.121));
#5539 = VECTOR('',#5540,1.);
#5540 = DIRECTION('',(-0.998110643127,6.144220110442E-02,0.));
#5541 = ORIENTED_EDGE('',*,*,#5542,.F.);
#5542 = EDGE_CURVE('',#5543,#5535,#5545,.T.);
#5543 = VERTEX_POINT('',#5544);
#5544 = CARTESIAN_POINT('',(3.355218080624,0.350150267064,-2.121));
#5545 = CIRCLE('',#5546,0.3);
#5546 = AXIS2_PLACEMENT_3D('',#5547,#5548,#5549);
#5547 = CARTESIAN_POINT('',(3.638637296405,0.448504464361,-2.121));
#5548 = DIRECTION('',(0.,0.,1.));
#5549 = DIRECTION('',(-0.944730719271,-0.327847324322,0.));
#5550 = ORIENTED_EDGE('',*,*,#5551,.T.);
#5551 = EDGE_CURVE('',#5543,#5469,#5552,.T.);
#5552 = LINE('',#5553,#5554);
#5553 = CARTESIAN_POINT('',(3.355218080624,0.350150267064,-2.121));
#5554 = VECTOR('',#5555,1.);
#5555 = DIRECTION('',(-0.327847324322,0.944730719271,-1.189718130994E-14
    ));
#5556 = PLANE('',#5557);
#5557 = AXIS2_PLACEMENT_3D('',#5558,#5559,#5560);
#5558 = CARTESIAN_POINT('',(0.,0.,-2.121));
#5559 = DIRECTION('',(0.,0.,1.));
#5560 = DIRECTION('',(1.,0.,-0.));
#5561 = ADVANCED_FACE('',(#5562),#5655,.F.);
#5562 = FACE_BOUND('',#5563,.F.);
#5563 = EDGE_LOOP('',(#5564,#5575,#5583,#5592,#5600,#5608,#5616,#5625,
    #5633,#5642,#5648,#5649));
#5564 = ORIENTED_EDGE('',*,*,#5565,.F.);
#5565 = EDGE_CURVE('',#5566,#5568,#5570,.T.);
#5566 = VERTEX_POINT('',#5567);
#5567 = CARTESIAN_POINT('',(-3.318505151212,0.455942901734,-2.121));
#5568 = VERTEX_POINT('',#5569);
#5569 = CARTESIAN_POINT('',(-3.03508593543,0.657588704438,-2.121));
#5570 = CIRCLE('',#5571,0.3);
#5571 = AXIS2_PLACEMENT_3D('',#5572,#5573,#5574);
#5572 = CARTESIAN_POINT('',(-3.03508593543,0.357588704438,-2.121));
#5573 = DIRECTION('',(0.,0.,-1.));
#5574 = DIRECTION('',(-0.944730719271,0.327847324322,0.));
#5575 = ORIENTED_EDGE('',*,*,#5576,.T.);
#5576 = EDGE_CURVE('',#5566,#5577,#5579,.T.);
#5577 = VERTEX_POINT('',#5578);
#5578 = CARTESIAN_POINT('',(-3.355218080624,0.350150267064,-2.121));
#5579 = LINE('',#5580,#5581);
#5580 = CARTESIAN_POINT('',(-3.318505151212,0.455942901734,-2.121));
#5581 = VECTOR('',#5582,1.);
#5582 = DIRECTION('',(-0.327847324322,-0.944730719271,4.362299813643E-14
    ));
#5583 = ORIENTED_EDGE('',*,*,#5584,.F.);
#5584 = EDGE_CURVE('',#5585,#5577,#5587,.T.);
#5585 = VERTEX_POINT('',#5586);
#5586 = CARTESIAN_POINT('',(-3.620204636074,0.149071271423,-2.121));
#5587 = CIRCLE('',#5588,0.3);
#5588 = AXIS2_PLACEMENT_3D('',#5589,#5590,#5591);
#5589 = CARTESIAN_POINT('',(-3.638637296405,0.448504464361,-2.121));
#5590 = DIRECTION('',(0.,0.,1.));
#5591 = DIRECTION('',(6.144220110442E-02,-0.998110643127,0.));
#5592 = ORIENTED_EDGE('',*,*,#5593,.T.);
#5593 = EDGE_CURVE('',#5585,#5594,#5596,.T.);
#5594 = VERTEX_POINT('',#5595);
#5595 = CARTESIAN_POINT('',(-3.81,0.137387752166,-2.121));
#5596 = LINE('',#5597,#5598);
#5597 = CARTESIAN_POINT('',(-3.620204636074,0.149071271423,-2.121));
#5598 = VECTOR('',#5599,1.);
#5599 = DIRECTION('',(-0.998110643127,-6.144220110442E-02,
    -1.634787649053E-14));
#5600 = ORIENTED_EDGE('',*,*,#5601,.T.);
#5601 = EDGE_CURVE('',#5594,#5602,#5604,.T.);
#5602 = VERTEX_POINT('',#5603);
#5603 = CARTESIAN_POINT('',(-3.81,-0.167612247834,-2.121));
#5604 = LINE('',#5605,#5606);
#5605 = CARTESIAN_POINT('',(-3.81,0.137387752166,-2.121));
#5606 = VECTOR('',#5607,1.);
#5607 = DIRECTION('',(0.,-1.,0.));
#5608 = ORIENTED_EDGE('',*,*,#5609,.T.);
#5609 = EDGE_CURVE('',#5602,#5610,#5612,.T.);
#5610 = VERTEX_POINT('',#5611);
#5611 = CARTESIAN_POINT('',(-3.398467786893,-0.142278939174,-2.121));
#5612 = LINE('',#5613,#5614);
#5613 = CARTESIAN_POINT('',(-3.81,-0.167612247834,-2.121));
#5614 = VECTOR('',#5615,1.);
#5615 = DIRECTION('',(0.998110643127,6.144220110442E-02,0.));
#5616 = ORIENTED_EDGE('',*,*,#5617,.F.);
#5617 = EDGE_CURVE('',#5618,#5610,#5620,.T.);
#5618 = VERTEX_POINT('',#5619);
#5619 = CARTESIAN_POINT('',(-3.133481231443,5.880005646736E-02,-2.121));
#5620 = CIRCLE('',#5621,0.3);
#5621 = AXIS2_PLACEMENT_3D('',#5622,#5623,#5624);
#5622 = CARTESIAN_POINT('',(-3.416900447224,0.157154253764,-2.121));
#5623 = DIRECTION('',(0.,0.,-1.));
#5624 = DIRECTION('',(0.944730719271,-0.327847324322,0.));
#5625 = ORIENTED_EDGE('',*,*,#5626,.T.);
#5626 = EDGE_CURVE('',#5618,#5627,#5629,.T.);
#5627 = VERTEX_POINT('',#5628);
#5628 = CARTESIAN_POINT('',(-3.101505151212,0.150942901735,-2.121));
#5629 = LINE('',#5630,#5631);
#5630 = CARTESIAN_POINT('',(-3.133481231443,5.880005646736E-02,-2.121));
#5631 = VECTOR('',#5632,1.);
#5632 = DIRECTION('',(0.327847324322,0.944730719271,2.731919450236E-14)
  );
#5633 = ORIENTED_EDGE('',*,*,#5634,.F.);
#5634 = EDGE_CURVE('',#5635,#5627,#5637,.T.);
#5635 = VERTEX_POINT('',#5636);
#5636 = CARTESIAN_POINT('',(-2.81808593543,0.352588704438,-2.121));
#5637 = CIRCLE('',#5638,0.3);
#5638 = AXIS2_PLACEMENT_3D('',#5639,#5640,#5641);
#5639 = CARTESIAN_POINT('',(-2.81808593543,5.258870443803E-02,-2.121));
#5640 = DIRECTION('',(0.,-0.,1.));
#5641 = DIRECTION('',(0.,1.,0.));
#5642 = ORIENTED_EDGE('',*,*,#5643,.T.);
#5643 = EDGE_CURVE('',#5635,#1366,#5644,.T.);
#5644 = LINE('',#5645,#5646);
#5645 = CARTESIAN_POINT('',(-2.81808593543,0.352588704438,-2.121));
#5646 = VECTOR('',#5647,1.);
#5647 = DIRECTION('',(1.,0.,-3.847270656951E-14));
#5648 = ORIENTED_EDGE('',*,*,#1365,.T.);
#5649 = ORIENTED_EDGE('',*,*,#5650,.T.);
#5650 = EDGE_CURVE('',#1368,#5568,#5651,.T.);
#5651 = LINE('',#5652,#5653);
#5652 = CARTESIAN_POINT('',(-2.795,0.657588704438,-2.121));
#5653 = VECTOR('',#5654,1.);
#5654 = DIRECTION('',(-1.,0.,0.));
#5655 = PLANE('',#5656);
#5656 = AXIS2_PLACEMENT_3D('',#5657,#5658,#5659);
#5657 = CARTESIAN_POINT('',(0.,0.,-2.121));
#5658 = DIRECTION('',(0.,0.,1.));
#5659 = DIRECTION('',(1.,0.,-0.));
#5660 = ADVANCED_FACE('',(#5661),#5687,.T.);
#5661 = FACE_BOUND('',#5662,.T.);
#5662 = EDGE_LOOP('',(#5663,#5671,#5680,#5686));
#5663 = ORIENTED_EDGE('',*,*,#5664,.F.);
#5664 = EDGE_CURVE('',#5665,#5467,#5667,.T.);
#5665 = VERTEX_POINT('',#5666);
#5666 = CARTESIAN_POINT('',(3.03508593543,0.657588704438,-1.689));
#5667 = LINE('',#5668,#5669);
#5668 = CARTESIAN_POINT('',(3.03508593543,0.657588704438,-1.689));
#5669 = VECTOR('',#5670,1.);
#5670 = DIRECTION('',(0.,0.,-1.));
#5671 = ORIENTED_EDGE('',*,*,#5672,.F.);
#5672 = EDGE_CURVE('',#5673,#5665,#5675,.T.);
#5673 = VERTEX_POINT('',#5674);
#5674 = CARTESIAN_POINT('',(3.318505151212,0.455942901734,-1.689));
#5675 = CIRCLE('',#5676,0.3);
#5676 = AXIS2_PLACEMENT_3D('',#5677,#5678,#5679);
#5677 = CARTESIAN_POINT('',(3.03508593543,0.357588704438,-1.689));
#5678 = DIRECTION('',(0.,0.,1.));
#5679 = DIRECTION('',(0.944730719271,0.327847324322,-0.));
#5680 = ORIENTED_EDGE('',*,*,#5681,.T.);
#5681 = EDGE_CURVE('',#5673,#5469,#5682,.T.);
#5682 = LINE('',#5683,#5684);
#5683 = CARTESIAN_POINT('',(3.318505151212,0.455942901734,-1.689));
#5684 = VECTOR('',#5685,1.);
#5685 = DIRECTION('',(0.,0.,-1.));
#5686 = ORIENTED_EDGE('',*,*,#5466,.F.);
#5687 = CYLINDRICAL_SURFACE('',#5688,0.3);
#5688 = AXIS2_PLACEMENT_3D('',#5689,#5690,#5691);
#5689 = CARTESIAN_POINT('',(3.03508593543,0.357588704438,16.66015721284)
  );
#5690 = DIRECTION('',(0.,0.,-1.));
#5691 = DIRECTION('',(0.,1.,0.));
#5692 = ADVANCED_FACE('',(#5693),#5711,.T.);
#5693 = FACE_BOUND('',#5694,.F.);
#5694 = EDGE_LOOP('',(#5695,#5696,#5697,#5705));
#5695 = ORIENTED_EDGE('',*,*,#5681,.T.);
#5696 = ORIENTED_EDGE('',*,*,#5551,.F.);
#5697 = ORIENTED_EDGE('',*,*,#5698,.T.);
#5698 = EDGE_CURVE('',#5543,#5699,#5701,.T.);
#5699 = VERTEX_POINT('',#5700);
#5700 = CARTESIAN_POINT('',(3.355218080624,0.350150267064,-1.689));
#5701 = LINE('',#5702,#5703);
#5702 = CARTESIAN_POINT('',(3.355218080624,0.350150267064,-2.121));
#5703 = VECTOR('',#5704,1.);
#5704 = DIRECTION('',(0.,0.,1.));
#5705 = ORIENTED_EDGE('',*,*,#5706,.T.);
#5706 = EDGE_CURVE('',#5699,#5673,#5707,.T.);
#5707 = LINE('',#5708,#5709);
#5708 = CARTESIAN_POINT('',(3.355218080624,0.350150267064,-1.689));
#5709 = VECTOR('',#5710,1.);
#5710 = DIRECTION('',(-0.327847324322,0.944730719271,-1.189718130994E-14
    ));
#5711 = PLANE('',#5712);
#5712 = AXIS2_PLACEMENT_3D('',#5713,#5714,#5715);
#5713 = CARTESIAN_POINT('',(3.42073684918,0.161350210597,-2.121));
#5714 = DIRECTION('',(0.944730719271,0.327847324322,0.));
#5715 = DIRECTION('',(-0.327847324322,0.944730719271,0.));
#5716 = ADVANCED_FACE('',(#5717),#5736,.F.);
#5717 = FACE_BOUND('',#5718,.F.);
#5718 = EDGE_LOOP('',(#5719,#5720,#5721,#5729));
#5719 = ORIENTED_EDGE('',*,*,#5698,.F.);
#5720 = ORIENTED_EDGE('',*,*,#5542,.T.);
#5721 = ORIENTED_EDGE('',*,*,#5722,.T.);
#5722 = EDGE_CURVE('',#5535,#5723,#5725,.T.);
#5723 = VERTEX_POINT('',#5724);
#5724 = CARTESIAN_POINT('',(3.620204636074,0.149071271423,-1.689));
#5725 = LINE('',#5726,#5727);
#5726 = CARTESIAN_POINT('',(3.620204636074,0.149071271423,-2.121));
#5727 = VECTOR('',#5728,1.);
#5728 = DIRECTION('',(0.,0.,1.));
#5729 = ORIENTED_EDGE('',*,*,#5730,.T.);
#5730 = EDGE_CURVE('',#5723,#5699,#5731,.T.);
#5731 = CIRCLE('',#5732,0.3);
#5732 = AXIS2_PLACEMENT_3D('',#5733,#5734,#5735);
#5733 = CARTESIAN_POINT('',(3.638637296405,0.448504464361,-1.689));
#5734 = DIRECTION('',(0.,0.,-1.));
#5735 = DIRECTION('',(-6.144220110442E-02,-0.998110643127,-0.));
#5736 = CYLINDRICAL_SURFACE('',#5737,0.3);
#5737 = AXIS2_PLACEMENT_3D('',#5738,#5739,#5740);
#5738 = CARTESIAN_POINT('',(3.638637296405,0.448504464361,
    -20.55302338348));
#5739 = DIRECTION('',(0.,0.,1.));
#5740 = DIRECTION('',(-0.944730719271,-0.327847324322,0.));
#5741 = ADVANCED_FACE('',(#5742),#5760,.T.);
#5742 = FACE_BOUND('',#5743,.F.);
#5743 = EDGE_LOOP('',(#5744,#5745,#5746,#5754));
#5744 = ORIENTED_EDGE('',*,*,#5722,.F.);
#5745 = ORIENTED_EDGE('',*,*,#5534,.F.);
#5746 = ORIENTED_EDGE('',*,*,#5747,.T.);
#5747 = EDGE_CURVE('',#5527,#5748,#5750,.T.);
#5748 = VERTEX_POINT('',#5749);
#5749 = CARTESIAN_POINT('',(3.81,0.137387752166,-1.689));
#5750 = LINE('',#5751,#5752);
#5751 = CARTESIAN_POINT('',(3.81,0.137387752166,-2.121));
#5752 = VECTOR('',#5753,1.);
#5753 = DIRECTION('',(0.,0.,1.));
#5754 = ORIENTED_EDGE('',*,*,#5755,.T.);
#5755 = EDGE_CURVE('',#5748,#5723,#5756,.T.);
#5756 = LINE('',#5757,#5758);
#5757 = CARTESIAN_POINT('',(3.81,0.137387752166,-1.689));
#5758 = VECTOR('',#5759,1.);
#5759 = DIRECTION('',(-0.998110643127,6.144220110442E-02,0.));
#5760 = PLANE('',#5761);
#5761 = AXIS2_PLACEMENT_3D('',#5762,#5763,#5764);
#5762 = CARTESIAN_POINT('',(3.81,0.137387752166,-2.121));
#5763 = DIRECTION('',(6.144220110442E-02,0.998110643127,0.));
#5764 = DIRECTION('',(-0.998110643127,6.144220110442E-02,0.));
#5765 = ADVANCED_FACE('',(#5766),#5784,.T.);
#5766 = FACE_BOUND('',#5767,.F.);
#5767 = EDGE_LOOP('',(#5768,#5769,#5777,#5783));
#5768 = ORIENTED_EDGE('',*,*,#5526,.F.);
#5769 = ORIENTED_EDGE('',*,*,#5770,.T.);
#5770 = EDGE_CURVE('',#5519,#5771,#5773,.T.);
#5771 = VERTEX_POINT('',#5772);
#5772 = CARTESIAN_POINT('',(3.81,-0.167612247834,-1.689));
#5773 = LINE('',#5774,#5775);
#5774 = CARTESIAN_POINT('',(3.81,-0.167612247834,-2.121));
#5775 = VECTOR('',#5776,1.);
#5776 = DIRECTION('',(0.,0.,1.));
#5777 = ORIENTED_EDGE('',*,*,#5778,.T.);
#5778 = EDGE_CURVE('',#5771,#5748,#5779,.T.);
#5779 = LINE('',#5780,#5781);
#5780 = CARTESIAN_POINT('',(3.81,-0.167612247834,-1.689));
#5781 = VECTOR('',#5782,1.);
#5782 = DIRECTION('',(0.,1.,0.));
#5783 = ORIENTED_EDGE('',*,*,#5747,.F.);
#5784 = PLANE('',#5785);
#5785 = AXIS2_PLACEMENT_3D('',#5786,#5787,#5788);
#5786 = CARTESIAN_POINT('',(3.81,-0.167612247834,-2.121));
#5787 = DIRECTION('',(1.,0.,0.));
#5788 = DIRECTION('',(-0.,1.,0.));
#5789 = ADVANCED_FACE('',(#5790),#5808,.T.);
#5790 = FACE_BOUND('',#5791,.F.);
#5791 = EDGE_LOOP('',(#5792,#5800,#5806,#5807));
#5792 = ORIENTED_EDGE('',*,*,#5793,.F.);
#5793 = EDGE_CURVE('',#5794,#5510,#5796,.T.);
#5794 = VERTEX_POINT('',#5795);
#5795 = CARTESIAN_POINT('',(3.398467786893,-0.142278939174,-1.689));
#5796 = LINE('',#5797,#5798);
#5797 = CARTESIAN_POINT('',(3.398467786893,-0.142278939174,-1.689));
#5798 = VECTOR('',#5799,1.);
#5799 = DIRECTION('',(0.,0.,-1.));
#5800 = ORIENTED_EDGE('',*,*,#5801,.T.);
#5801 = EDGE_CURVE('',#5794,#5771,#5802,.T.);
#5802 = LINE('',#5803,#5804);
#5803 = CARTESIAN_POINT('',(3.398467786893,-0.142278939174,-1.689));
#5804 = VECTOR('',#5805,1.);
#5805 = DIRECTION('',(0.998110643127,-6.144220110442E-02,0.));
#5806 = ORIENTED_EDGE('',*,*,#5770,.F.);
#5807 = ORIENTED_EDGE('',*,*,#5518,.F.);
#5808 = PLANE('',#5809);
#5809 = AXIS2_PLACEMENT_3D('',#5810,#5811,#5812);
#5810 = CARTESIAN_POINT('',(3.199,-0.13,-2.121));
#5811 = DIRECTION('',(-6.144220110442E-02,-0.998110643127,0.));
#5812 = DIRECTION('',(0.998110643127,-6.144220110442E-02,0.));
#5813 = ADVANCED_FACE('',(#5814),#5833,.T.);
#5814 = FACE_BOUND('',#5815,.T.);
#5815 = EDGE_LOOP('',(#5816,#5817,#5826,#5832));
#5816 = ORIENTED_EDGE('',*,*,#5793,.F.);
#5817 = ORIENTED_EDGE('',*,*,#5818,.F.);
#5818 = EDGE_CURVE('',#5819,#5794,#5821,.T.);
#5819 = VERTEX_POINT('',#5820);
#5820 = CARTESIAN_POINT('',(3.133481231443,5.880005646736E-02,-1.689));
#5821 = CIRCLE('',#5822,0.3);
#5822 = AXIS2_PLACEMENT_3D('',#5823,#5824,#5825);
#5823 = CARTESIAN_POINT('',(3.416900447224,0.157154253764,-1.689));
#5824 = DIRECTION('',(0.,0.,1.));
#5825 = DIRECTION('',(-0.944730719271,-0.327847324322,0.));
#5826 = ORIENTED_EDGE('',*,*,#5827,.T.);
#5827 = EDGE_CURVE('',#5819,#5502,#5828,.T.);
#5828 = LINE('',#5829,#5830);
#5829 = CARTESIAN_POINT('',(3.133481231443,5.880005646736E-02,-1.689));
#5830 = VECTOR('',#5831,1.);
#5831 = DIRECTION('',(0.,0.,-1.));
#5832 = ORIENTED_EDGE('',*,*,#5509,.F.);
#5833 = CYLINDRICAL_SURFACE('',#5834,0.3);
#5834 = AXIS2_PLACEMENT_3D('',#5835,#5836,#5837);
#5835 = CARTESIAN_POINT('',(3.416900447224,0.157154253764,16.90278426994
    ));
#5836 = DIRECTION('',(0.,0.,-1.));
#5837 = DIRECTION('',(-6.144220110442E-02,-0.998110643127,-0.));
#5838 = ADVANCED_FACE('',(#5839),#5857,.T.);
#5839 = FACE_BOUND('',#5840,.F.);
#5840 = EDGE_LOOP('',(#5841,#5842,#5843,#5851));
#5841 = ORIENTED_EDGE('',*,*,#5827,.T.);
#5842 = ORIENTED_EDGE('',*,*,#5501,.F.);
#5843 = ORIENTED_EDGE('',*,*,#5844,.T.);
#5844 = EDGE_CURVE('',#5493,#5845,#5847,.T.);
#5845 = VERTEX_POINT('',#5846);
#5846 = CARTESIAN_POINT('',(3.101505151212,0.150942901735,-1.689));
#5847 = LINE('',#5848,#5849);
#5848 = CARTESIAN_POINT('',(3.101505151212,0.150942901735,-2.121));
#5849 = VECTOR('',#5850,1.);
#5850 = DIRECTION('',(0.,0.,1.));
#5851 = ORIENTED_EDGE('',*,*,#5852,.T.);
#5852 = EDGE_CURVE('',#5845,#5819,#5853,.T.);
#5853 = LINE('',#5854,#5855);
#5854 = CARTESIAN_POINT('',(3.101505151212,0.150942901735,-1.689));
#5855 = VECTOR('',#5856,1.);
#5856 = DIRECTION('',(0.327847324322,-0.944730719271,-3.642559266981E-14
    ));
#5857 = PLANE('',#5858);
#5858 = AXIS2_PLACEMENT_3D('',#5859,#5860,#5861);
#5859 = CARTESIAN_POINT('',(3.031528558381,0.352588704438,-2.121));
#5860 = DIRECTION('',(-0.944730719271,-0.327847324322,0.));
#5861 = DIRECTION('',(0.327847324322,-0.944730719271,0.));
#5862 = ADVANCED_FACE('',(#5863),#5882,.F.);
#5863 = FACE_BOUND('',#5864,.F.);
#5864 = EDGE_LOOP('',(#5865,#5866,#5867,#5875));
#5865 = ORIENTED_EDGE('',*,*,#5844,.F.);
#5866 = ORIENTED_EDGE('',*,*,#5492,.T.);
#5867 = ORIENTED_EDGE('',*,*,#5868,.T.);
#5868 = EDGE_CURVE('',#5485,#5869,#5871,.T.);
#5869 = VERTEX_POINT('',#5870);
#5870 = CARTESIAN_POINT('',(2.81808593543,0.352588704438,-1.689));
#5871 = LINE('',#5872,#5873);
#5872 = CARTESIAN_POINT('',(2.81808593543,0.352588704438,-2.121));
#5873 = VECTOR('',#5874,1.);
#5874 = DIRECTION('',(0.,0.,1.));
#5875 = ORIENTED_EDGE('',*,*,#5876,.T.);
#5876 = EDGE_CURVE('',#5869,#5845,#5877,.T.);
#5877 = CIRCLE('',#5878,0.3);
#5878 = AXIS2_PLACEMENT_3D('',#5879,#5880,#5881);
#5879 = CARTESIAN_POINT('',(2.81808593543,5.258870443803E-02,-1.689));
#5880 = DIRECTION('',(0.,0.,-1.));
#5881 = DIRECTION('',(0.,1.,0.));
#5882 = CYLINDRICAL_SURFACE('',#5883,0.3);
#5883 = AXIS2_PLACEMENT_3D('',#5884,#5885,#5886);
#5884 = CARTESIAN_POINT('',(2.81808593543,5.258870443803E-02,
    -20.56577936274));
#5885 = DIRECTION('',(0.,0.,1.));
#5886 = DIRECTION('',(0.944730719271,0.327847324322,-0.));
#5887 = ADVANCED_FACE('',(#5888),#5899,.T.);
#5888 = FACE_BOUND('',#5889,.F.);
#5889 = EDGE_LOOP('',(#5890,#5891,#5892,#5893));
#5890 = ORIENTED_EDGE('',*,*,#5868,.F.);
#5891 = ORIENTED_EDGE('',*,*,#5484,.F.);
#5892 = ORIENTED_EDGE('',*,*,#392,.T.);
#5893 = ORIENTED_EDGE('',*,*,#5894,.T.);
#5894 = EDGE_CURVE('',#385,#5869,#5895,.T.);
#5895 = LINE('',#5896,#5897);
#5896 = CARTESIAN_POINT('',(2.795,0.352588704438,-1.689));
#5897 = VECTOR('',#5898,1.);
#5898 = DIRECTION('',(1.,0.,3.847270656951E-14));
#5899 = PLANE('',#5900);
#5900 = AXIS2_PLACEMENT_3D('',#5901,#5902,#5903);
#5901 = CARTESIAN_POINT('',(2.025528558381,0.352588704438,-2.121));
#5902 = DIRECTION('',(0.,-1.,0.));
#5903 = DIRECTION('',(1.,0.,0.));
#5904 = ADVANCED_FACE('',(#5905),#5924,.T.);
#5905 = FACE_BOUND('',#5906,.F.);
#5906 = EDGE_LOOP('',(#5907,#5908,#5909,#5910,#5911,#5912,#5913,#5914,
    #5915,#5916,#5917,#5918));
#5907 = ORIENTED_EDGE('',*,*,#5672,.F.);
#5908 = ORIENTED_EDGE('',*,*,#5706,.F.);
#5909 = ORIENTED_EDGE('',*,*,#5730,.F.);
#5910 = ORIENTED_EDGE('',*,*,#5755,.F.);
#5911 = ORIENTED_EDGE('',*,*,#5778,.F.);
#5912 = ORIENTED_EDGE('',*,*,#5801,.F.);
#5913 = ORIENTED_EDGE('',*,*,#5818,.F.);
#5914 = ORIENTED_EDGE('',*,*,#5852,.F.);
#5915 = ORIENTED_EDGE('',*,*,#5876,.F.);
#5916 = ORIENTED_EDGE('',*,*,#5894,.F.);
#5917 = ORIENTED_EDGE('',*,*,#384,.T.);
#5918 = ORIENTED_EDGE('',*,*,#5919,.F.);
#5919 = EDGE_CURVE('',#5665,#377,#5920,.T.);
#5920 = LINE('',#5921,#5922);
#5921 = CARTESIAN_POINT('',(3.03508593543,0.657588704438,-1.689));
#5922 = VECTOR('',#5923,1.);
#5923 = DIRECTION('',(-1.,0.,0.));
#5924 = PLANE('',#5925);
#5925 = AXIS2_PLACEMENT_3D('',#5926,#5927,#5928);
#5926 = CARTESIAN_POINT('',(0.,0.,-1.689));
#5927 = DIRECTION('',(0.,0.,1.));
#5928 = DIRECTION('',(1.,0.,-0.));
#5929 = ADVANCED_FACE('',(#5930),#6023,.T.);
#5930 = FACE_BOUND('',#5931,.F.);
#5931 = EDGE_LOOP('',(#5932,#5943,#5949,#5950,#5958,#5967,#5975,#5984,
    #5992,#6000,#6008,#6017));
#5932 = ORIENTED_EDGE('',*,*,#5933,.F.);
#5933 = EDGE_CURVE('',#5934,#5936,#5938,.T.);
#5934 = VERTEX_POINT('',#5935);
#5935 = CARTESIAN_POINT('',(-3.03508593543,0.657588704438,-1.689));
#5936 = VERTEX_POINT('',#5937);
#5937 = CARTESIAN_POINT('',(-3.318505151212,0.455942901734,-1.689));
#5938 = CIRCLE('',#5939,0.3);
#5939 = AXIS2_PLACEMENT_3D('',#5940,#5941,#5942);
#5940 = CARTESIAN_POINT('',(-3.03508593543,0.357588704438,-1.689));
#5941 = DIRECTION('',(0.,-0.,1.));
#5942 = DIRECTION('',(0.,1.,0.));
#5943 = ORIENTED_EDGE('',*,*,#5944,.F.);
#5944 = EDGE_CURVE('',#1384,#5934,#5945,.T.);
#5945 = LINE('',#5946,#5947);
#5946 = CARTESIAN_POINT('',(-2.795,0.657588704438,-1.689));
#5947 = VECTOR('',#5948,1.);
#5948 = DIRECTION('',(-1.,0.,0.));
#5949 = ORIENTED_EDGE('',*,*,#1383,.F.);
#5950 = ORIENTED_EDGE('',*,*,#5951,.F.);
#5951 = EDGE_CURVE('',#5952,#1376,#5954,.T.);
#5952 = VERTEX_POINT('',#5953);
#5953 = CARTESIAN_POINT('',(-2.81808593543,0.352588704438,-1.689));
#5954 = LINE('',#5955,#5956);
#5955 = CARTESIAN_POINT('',(-2.81808593543,0.352588704438,-1.689));
#5956 = VECTOR('',#5957,1.);
#5957 = DIRECTION('',(1.,0.,0.));
#5958 = ORIENTED_EDGE('',*,*,#5959,.F.);
#5959 = EDGE_CURVE('',#5960,#5952,#5962,.T.);
#5960 = VERTEX_POINT('',#5961);
#5961 = CARTESIAN_POINT('',(-3.101505151212,0.150942901735,-1.689));
#5962 = CIRCLE('',#5963,0.3);
#5963 = AXIS2_PLACEMENT_3D('',#5964,#5965,#5966);
#5964 = CARTESIAN_POINT('',(-2.81808593543,5.258870443803E-02,-1.689));
#5965 = DIRECTION('',(0.,0.,-1.));
#5966 = DIRECTION('',(-0.944730719271,0.327847324322,0.));
#5967 = ORIENTED_EDGE('',*,*,#5968,.F.);
#5968 = EDGE_CURVE('',#5969,#5960,#5971,.T.);
#5969 = VERTEX_POINT('',#5970);
#5970 = CARTESIAN_POINT('',(-3.133481231443,5.880005646736E-02,-1.689));
#5971 = LINE('',#5972,#5973);
#5972 = CARTESIAN_POINT('',(-3.133481231443,5.880005646736E-02,-1.689));
#5973 = VECTOR('',#5974,1.);
#5974 = DIRECTION('',(0.327847324322,0.944730719271,1.138299770931E-14)
  );
#5975 = ORIENTED_EDGE('',*,*,#5976,.F.);
#5976 = EDGE_CURVE('',#5977,#5969,#5979,.T.);
#5977 = VERTEX_POINT('',#5978);
#5978 = CARTESIAN_POINT('',(-3.398467786893,-0.142278939174,-1.689));
#5979 = CIRCLE('',#5980,0.3);
#5980 = AXIS2_PLACEMENT_3D('',#5981,#5982,#5983);
#5981 = CARTESIAN_POINT('',(-3.416900447224,0.157154253764,-1.689));
#5982 = DIRECTION('',(0.,0.,1.));
#5983 = DIRECTION('',(6.144220110442E-02,-0.998110643127,0.));
#5984 = ORIENTED_EDGE('',*,*,#5985,.F.);
#5985 = EDGE_CURVE('',#5986,#5977,#5988,.T.);
#5986 = VERTEX_POINT('',#5987);
#5987 = CARTESIAN_POINT('',(-3.81,-0.167612247834,-1.689));
#5988 = LINE('',#5989,#5990);
#5989 = CARTESIAN_POINT('',(-3.81,-0.167612247834,-1.689));
#5990 = VECTOR('',#5991,1.);
#5991 = DIRECTION('',(0.998110643127,6.144220110442E-02,0.));
#5992 = ORIENTED_EDGE('',*,*,#5993,.F.);
#5993 = EDGE_CURVE('',#5994,#5986,#5996,.T.);
#5994 = VERTEX_POINT('',#5995);
#5995 = CARTESIAN_POINT('',(-3.81,0.137387752166,-1.689));
#5996 = LINE('',#5997,#5998);
#5997 = CARTESIAN_POINT('',(-3.81,0.137387752166,-1.689));
#5998 = VECTOR('',#5999,1.);
#5999 = DIRECTION('',(0.,-1.,0.));
#6000 = ORIENTED_EDGE('',*,*,#6001,.F.);
#6001 = EDGE_CURVE('',#6002,#5994,#6004,.T.);
#6002 = VERTEX_POINT('',#6003);
#6003 = CARTESIAN_POINT('',(-3.620204636074,0.149071271423,-1.689));
#6004 = LINE('',#6005,#6006);
#6005 = CARTESIAN_POINT('',(-3.620204636074,0.149071271423,-1.689));
#6006 = VECTOR('',#6007,1.);
#6007 = DIRECTION('',(-0.998110643127,-6.144220110442E-02,
    -1.985099288136E-14));
#6008 = ORIENTED_EDGE('',*,*,#6009,.F.);
#6009 = EDGE_CURVE('',#6010,#6002,#6012,.T.);
#6010 = VERTEX_POINT('',#6011);
#6011 = CARTESIAN_POINT('',(-3.355218080624,0.350150267064,-1.689));
#6012 = CIRCLE('',#6013,0.3);
#6013 = AXIS2_PLACEMENT_3D('',#6014,#6015,#6016);
#6014 = CARTESIAN_POINT('',(-3.638637296405,0.448504464361,-1.689));
#6015 = DIRECTION('',(0.,0.,-1.));
#6016 = DIRECTION('',(0.944730719271,-0.327847324322,0.));
#6017 = ORIENTED_EDGE('',*,*,#6018,.F.);
#6018 = EDGE_CURVE('',#5936,#6010,#6019,.T.);
#6019 = LINE('',#6020,#6021);
#6020 = CARTESIAN_POINT('',(-3.318505151212,0.455942901734,-1.689));
#6021 = VECTOR('',#6022,1.);
#6022 = DIRECTION('',(-0.327847324322,-0.944730719271,4.164013458477E-14
    ));
#6023 = PLANE('',#6024);
#6024 = AXIS2_PLACEMENT_3D('',#6025,#6026,#6027);
#6025 = CARTESIAN_POINT('',(0.,0.,-1.689));
#6026 = DIRECTION('',(0.,0.,1.));
#6027 = DIRECTION('',(1.,0.,-0.));
#6028 = ADVANCED_FACE('',(#6029),#6035,.T.);
#6029 = FACE_BOUND('',#6030,.F.);
#6030 = EDGE_LOOP('',(#6031,#6032,#6033,#6034));
#6031 = ORIENTED_EDGE('',*,*,#5664,.F.);
#6032 = ORIENTED_EDGE('',*,*,#5919,.T.);
#6033 = ORIENTED_EDGE('',*,*,#376,.F.);
#6034 = ORIENTED_EDGE('',*,*,#5477,.F.);
#6035 = PLANE('',#6036);
#6036 = AXIS2_PLACEMENT_3D('',#6037,#6038,#6039);
#6037 = CARTESIAN_POINT('',(3.248528558381,0.657588704438,-2.121));
#6038 = DIRECTION('',(0.,1.,0.));
#6039 = DIRECTION('',(-1.,0.,0.));
#6040 = ADVANCED_FACE('',(#6041),#6057,.T.);
#6041 = FACE_BOUND('',#6042,.T.);
#6042 = EDGE_LOOP('',(#6043,#6049,#6050,#6056));
#6043 = ORIENTED_EDGE('',*,*,#6044,.F.);
#6044 = EDGE_CURVE('',#5936,#5566,#6045,.T.);
#6045 = LINE('',#6046,#6047);
#6046 = CARTESIAN_POINT('',(-3.318505151212,0.455942901734,-1.689));
#6047 = VECTOR('',#6048,1.);
#6048 = DIRECTION('',(0.,0.,-1.));
#6049 = ORIENTED_EDGE('',*,*,#5933,.F.);
#6050 = ORIENTED_EDGE('',*,*,#6051,.T.);
#6051 = EDGE_CURVE('',#5934,#5568,#6052,.T.);
#6052 = LINE('',#6053,#6054);
#6053 = CARTESIAN_POINT('',(-3.03508593543,0.657588704438,-1.689));
#6054 = VECTOR('',#6055,1.);
#6055 = DIRECTION('',(0.,0.,-1.));
#6056 = ORIENTED_EDGE('',*,*,#5565,.F.);
#6057 = CYLINDRICAL_SURFACE('',#6058,0.3);
#6058 = AXIS2_PLACEMENT_3D('',#6059,#6060,#6061);
#6059 = CARTESIAN_POINT('',(-3.03508593543,0.357588704438,21.38185072111
    ));
#6060 = DIRECTION('',(0.,0.,-1.));
#6061 = DIRECTION('',(-0.944730719271,0.327847324322,0.));
#6062 = ADVANCED_FACE('',(#6063),#6069,.T.);
#6063 = FACE_BOUND('',#6064,.F.);
#6064 = EDGE_LOOP('',(#6065,#6066,#6067,#6068));
#6065 = ORIENTED_EDGE('',*,*,#6051,.T.);
#6066 = ORIENTED_EDGE('',*,*,#5650,.F.);
#6067 = ORIENTED_EDGE('',*,*,#1391,.T.);
#6068 = ORIENTED_EDGE('',*,*,#5944,.T.);
#6069 = PLANE('',#6070);
#6070 = AXIS2_PLACEMENT_3D('',#6071,#6072,#6073);
#6071 = CARTESIAN_POINT('',(-2.025528558381,0.657588704438,-2.121));
#6072 = DIRECTION('',(0.,1.,0.));
#6073 = DIRECTION('',(-1.,0.,0.));
#6074 = ADVANCED_FACE('',(#6075),#6086,.T.);
#6075 = FACE_BOUND('',#6076,.F.);
#6076 = EDGE_LOOP('',(#6077,#6078,#6079,#6085));
#6077 = ORIENTED_EDGE('',*,*,#6044,.F.);
#6078 = ORIENTED_EDGE('',*,*,#6018,.T.);
#6079 = ORIENTED_EDGE('',*,*,#6080,.F.);
#6080 = EDGE_CURVE('',#5577,#6010,#6081,.T.);
#6081 = LINE('',#6082,#6083);
#6082 = CARTESIAN_POINT('',(-3.355218080624,0.350150267064,-2.121));
#6083 = VECTOR('',#6084,1.);
#6084 = DIRECTION('',(0.,0.,1.));
#6085 = ORIENTED_EDGE('',*,*,#5576,.F.);
#6086 = PLANE('',#6087);
#6087 = AXIS2_PLACEMENT_3D('',#6088,#6089,#6090);
#6088 = CARTESIAN_POINT('',(-3.248528558381,0.657588704438,-2.121));
#6089 = DIRECTION('',(-0.944730719271,0.327847324322,0.));
#6090 = DIRECTION('',(-0.327847324322,-0.944730719271,0.));
#6091 = ADVANCED_FACE('',(#6092),#6103,.F.);
#6092 = FACE_BOUND('',#6093,.F.);
#6093 = EDGE_LOOP('',(#6094,#6100,#6101,#6102));
#6094 = ORIENTED_EDGE('',*,*,#6095,.F.);
#6095 = EDGE_CURVE('',#5585,#6002,#6096,.T.);
#6096 = LINE('',#6097,#6098);
#6097 = CARTESIAN_POINT('',(-3.620204636074,0.149071271423,-2.121));
#6098 = VECTOR('',#6099,1.);
#6099 = DIRECTION('',(0.,0.,1.));
#6100 = ORIENTED_EDGE('',*,*,#5584,.T.);
#6101 = ORIENTED_EDGE('',*,*,#6080,.T.);
#6102 = ORIENTED_EDGE('',*,*,#6009,.T.);
#6103 = CYLINDRICAL_SURFACE('',#6104,0.3);
#6104 = AXIS2_PLACEMENT_3D('',#6105,#6106,#6107);
#6105 = CARTESIAN_POINT('',(-3.638637296405,0.448504464361,-24.745392));
#6106 = DIRECTION('',(0.,0.,1.));
#6107 = DIRECTION('',(6.144220110442E-02,-0.998110643127,0.));
#6108 = ADVANCED_FACE('',(#6109),#6120,.T.);
#6109 = FACE_BOUND('',#6110,.F.);
#6110 = EDGE_LOOP('',(#6111,#6112,#6113,#6119));
#6111 = ORIENTED_EDGE('',*,*,#6095,.T.);
#6112 = ORIENTED_EDGE('',*,*,#6001,.T.);
#6113 = ORIENTED_EDGE('',*,*,#6114,.F.);
#6114 = EDGE_CURVE('',#5594,#5994,#6115,.T.);
#6115 = LINE('',#6116,#6117);
#6116 = CARTESIAN_POINT('',(-3.81,0.137387752166,-2.121));
#6117 = VECTOR('',#6118,1.);
#6118 = DIRECTION('',(0.,0.,1.));
#6119 = ORIENTED_EDGE('',*,*,#5593,.F.);
#6120 = PLANE('',#6121);
#6121 = AXIS2_PLACEMENT_3D('',#6122,#6123,#6124);
#6122 = CARTESIAN_POINT('',(-3.42073684918,0.161350210597,-2.121));
#6123 = DIRECTION('',(-6.144220110442E-02,0.998110643127,0.));
#6124 = DIRECTION('',(-0.998110643127,-6.144220110442E-02,0.));
#6125 = ADVANCED_FACE('',(#6126),#6137,.T.);
#6126 = FACE_BOUND('',#6127,.F.);
#6127 = EDGE_LOOP('',(#6128,#6129,#6130,#6131));
#6128 = ORIENTED_EDGE('',*,*,#5601,.F.);
#6129 = ORIENTED_EDGE('',*,*,#6114,.T.);
#6130 = ORIENTED_EDGE('',*,*,#5993,.T.);
#6131 = ORIENTED_EDGE('',*,*,#6132,.F.);
#6132 = EDGE_CURVE('',#5602,#5986,#6133,.T.);
#6133 = LINE('',#6134,#6135);
#6134 = CARTESIAN_POINT('',(-3.81,-0.167612247834,-2.121));
#6135 = VECTOR('',#6136,1.);
#6136 = DIRECTION('',(0.,0.,1.));
#6137 = PLANE('',#6138);
#6138 = AXIS2_PLACEMENT_3D('',#6139,#6140,#6141);
#6139 = CARTESIAN_POINT('',(-3.81,0.137387752166,-2.121));
#6140 = DIRECTION('',(-1.,0.,0.));
#6141 = DIRECTION('',(0.,-1.,0.));
#6142 = ADVANCED_FACE('',(#6143),#6154,.T.);
#6143 = FACE_BOUND('',#6144,.F.);
#6144 = EDGE_LOOP('',(#6145,#6151,#6152,#6153));
#6145 = ORIENTED_EDGE('',*,*,#6146,.T.);
#6146 = EDGE_CURVE('',#5977,#5610,#6147,.T.);
#6147 = LINE('',#6148,#6149);
#6148 = CARTESIAN_POINT('',(-3.398467786893,-0.142278939174,-1.689));
#6149 = VECTOR('',#6150,1.);
#6150 = DIRECTION('',(0.,0.,-1.));
#6151 = ORIENTED_EDGE('',*,*,#5609,.F.);
#6152 = ORIENTED_EDGE('',*,*,#6132,.T.);
#6153 = ORIENTED_EDGE('',*,*,#5985,.T.);
#6154 = PLANE('',#6155);
#6155 = AXIS2_PLACEMENT_3D('',#6156,#6157,#6158);
#6156 = CARTESIAN_POINT('',(-3.81,-0.167612247834,-2.121));
#6157 = DIRECTION('',(6.144220110442E-02,-0.998110643127,0.));
#6158 = DIRECTION('',(0.998110643127,6.144220110442E-02,0.));
#6159 = ADVANCED_FACE('',(#6160),#6171,.T.);
#6160 = FACE_BOUND('',#6161,.T.);
#6161 = EDGE_LOOP('',(#6162,#6168,#6169,#6170));
#6162 = ORIENTED_EDGE('',*,*,#6163,.F.);
#6163 = EDGE_CURVE('',#5969,#5618,#6164,.T.);
#6164 = LINE('',#6165,#6166);
#6165 = CARTESIAN_POINT('',(-3.133481231443,5.880005646736E-02,-1.689));
#6166 = VECTOR('',#6167,1.);
#6167 = DIRECTION('',(0.,0.,-1.));
#6168 = ORIENTED_EDGE('',*,*,#5976,.F.);
#6169 = ORIENTED_EDGE('',*,*,#6146,.T.);
#6170 = ORIENTED_EDGE('',*,*,#5617,.F.);
#6171 = CYLINDRICAL_SURFACE('',#6172,0.3);
#6172 = AXIS2_PLACEMENT_3D('',#6173,#6174,#6175);
#6173 = CARTESIAN_POINT('',(-3.416900447224,0.157154253764,
    21.58177301321));
#6174 = DIRECTION('',(0.,0.,-1.));
#6175 = DIRECTION('',(0.944730719271,-0.327847324322,0.));
#6176 = ADVANCED_FACE('',(#6177),#6188,.T.);
#6177 = FACE_BOUND('',#6178,.F.);
#6178 = EDGE_LOOP('',(#6179,#6180,#6181,#6187));
#6179 = ORIENTED_EDGE('',*,*,#6163,.F.);
#6180 = ORIENTED_EDGE('',*,*,#5968,.T.);
#6181 = ORIENTED_EDGE('',*,*,#6182,.F.);
#6182 = EDGE_CURVE('',#5627,#5960,#6183,.T.);
#6183 = LINE('',#6184,#6185);
#6184 = CARTESIAN_POINT('',(-3.101505151212,0.150942901735,-2.121));
#6185 = VECTOR('',#6186,1.);
#6186 = DIRECTION('',(0.,0.,1.));
#6187 = ORIENTED_EDGE('',*,*,#5626,.F.);
#6188 = PLANE('',#6189);
#6189 = AXIS2_PLACEMENT_3D('',#6190,#6191,#6192);
#6190 = CARTESIAN_POINT('',(-3.199,-0.13,-2.121));
#6191 = DIRECTION('',(0.944730719271,-0.327847324322,0.));
#6192 = DIRECTION('',(0.327847324322,0.944730719271,0.));
#6193 = ADVANCED_FACE('',(#6194),#6205,.F.);
#6194 = FACE_BOUND('',#6195,.F.);
#6195 = EDGE_LOOP('',(#6196,#6202,#6203,#6204));
#6196 = ORIENTED_EDGE('',*,*,#6197,.F.);
#6197 = EDGE_CURVE('',#5635,#5952,#6198,.T.);
#6198 = LINE('',#6199,#6200);
#6199 = CARTESIAN_POINT('',(-2.81808593543,0.352588704438,-2.121));
#6200 = VECTOR('',#6201,1.);
#6201 = DIRECTION('',(0.,0.,1.));
#6202 = ORIENTED_EDGE('',*,*,#5634,.T.);
#6203 = ORIENTED_EDGE('',*,*,#6182,.T.);
#6204 = ORIENTED_EDGE('',*,*,#5959,.T.);
#6205 = CYLINDRICAL_SURFACE('',#6206,0.3);
#6206 = AXIS2_PLACEMENT_3D('',#6207,#6208,#6209);
#6207 = CARTESIAN_POINT('',(-2.81808593543,5.258870443803E-02,-24.745392
    ));
#6208 = DIRECTION('',(0.,0.,1.));
#6209 = DIRECTION('',(0.,1.,0.));
#6210 = ADVANCED_FACE('',(#6211),#6217,.T.);
#6211 = FACE_BOUND('',#6212,.F.);
#6212 = EDGE_LOOP('',(#6213,#6214,#6215,#6216));
#6213 = ORIENTED_EDGE('',*,*,#6197,.T.);
#6214 = ORIENTED_EDGE('',*,*,#5951,.T.);
#6215 = ORIENTED_EDGE('',*,*,#1375,.F.);
#6216 = ORIENTED_EDGE('',*,*,#5643,.F.);
#6217 = PLANE('',#6218);
#6218 = AXIS2_PLACEMENT_3D('',#6219,#6220,#6221);
#6219 = CARTESIAN_POINT('',(-3.031528558381,0.352588704438,-2.121));
#6220 = DIRECTION('',(0.,-1.,0.));
#6221 = DIRECTION('',(1.,0.,0.));
#6222 = ADVANCED_FACE('',(#6223),#6316,.F.);
#6223 = FACE_BOUND('',#6224,.F.);
#6224 = EDGE_LOOP('',(#6225,#6236,#6242,#6243,#6251,#6260,#6268,#6277,
    #6285,#6293,#6301,#6310));
#6225 = ORIENTED_EDGE('',*,*,#6226,.F.);
#6226 = EDGE_CURVE('',#6227,#6229,#6231,.T.);
#6227 = VERTEX_POINT('',#6228);
#6228 = CARTESIAN_POINT('',(3.03508593543,0.657588704438,-3.391));
#6229 = VERTEX_POINT('',#6230);
#6230 = CARTESIAN_POINT('',(3.318505151212,0.455942901734,-3.391));
#6231 = CIRCLE('',#6232,0.3);
#6232 = AXIS2_PLACEMENT_3D('',#6233,#6234,#6235);
#6233 = CARTESIAN_POINT('',(3.03508593543,0.357588704438,-3.391));
#6234 = DIRECTION('',(0.,0.,-1.));
#6235 = DIRECTION('',(0.,1.,0.));
#6236 = ORIENTED_EDGE('',*,*,#6237,.T.);
#6237 = EDGE_CURVE('',#6227,#403,#6238,.T.);
#6238 = LINE('',#6239,#6240);
#6239 = CARTESIAN_POINT('',(3.03508593543,0.657588704438,-3.391));
#6240 = VECTOR('',#6241,1.);
#6241 = DIRECTION('',(-1.,0.,0.));
#6242 = ORIENTED_EDGE('',*,*,#400,.F.);
#6243 = ORIENTED_EDGE('',*,*,#6244,.T.);
#6244 = EDGE_CURVE('',#401,#6245,#6247,.T.);
#6245 = VERTEX_POINT('',#6246);
#6246 = CARTESIAN_POINT('',(2.81808593543,0.352588704438,-3.391));
#6247 = LINE('',#6248,#6249);
#6248 = CARTESIAN_POINT('',(2.795,0.352588704438,-3.391));
#6249 = VECTOR('',#6250,1.);
#6250 = DIRECTION('',(1.,0.,9.618176642378E-14));
#6251 = ORIENTED_EDGE('',*,*,#6252,.F.);
#6252 = EDGE_CURVE('',#6253,#6245,#6255,.T.);
#6253 = VERTEX_POINT('',#6254);
#6254 = CARTESIAN_POINT('',(3.101505151212,0.150942901735,-3.391));
#6255 = CIRCLE('',#6256,0.3);
#6256 = AXIS2_PLACEMENT_3D('',#6257,#6258,#6259);
#6257 = CARTESIAN_POINT('',(2.81808593543,5.258870443803E-02,-3.391));
#6258 = DIRECTION('',(0.,0.,1.));
#6259 = DIRECTION('',(0.944730719271,0.327847324322,-0.));
#6260 = ORIENTED_EDGE('',*,*,#6261,.T.);
#6261 = EDGE_CURVE('',#6253,#6262,#6264,.T.);
#6262 = VERTEX_POINT('',#6263);
#6263 = CARTESIAN_POINT('',(3.133481231443,5.880005646736E-02,-3.391));
#6264 = LINE('',#6265,#6266);
#6265 = CARTESIAN_POINT('',(3.101505151212,0.150942901735,-3.391));
#6266 = VECTOR('',#6267,1.);
#6267 = DIRECTION('',(0.327847324322,-0.944730719271,-5.008518992098E-14
    ));
#6268 = ORIENTED_EDGE('',*,*,#6269,.F.);
#6269 = EDGE_CURVE('',#6270,#6262,#6272,.T.);
#6270 = VERTEX_POINT('',#6271);
#6271 = CARTESIAN_POINT('',(3.398467786893,-0.142278939174,-3.391));
#6272 = CIRCLE('',#6273,0.3);
#6273 = AXIS2_PLACEMENT_3D('',#6274,#6275,#6276);
#6274 = CARTESIAN_POINT('',(3.416900447224,0.157154253764,-3.391));
#6275 = DIRECTION('',(0.,0.,-1.));
#6276 = DIRECTION('',(-6.144220110442E-02,-0.998110643127,-0.));
#6277 = ORIENTED_EDGE('',*,*,#6278,.T.);
#6278 = EDGE_CURVE('',#6270,#6279,#6281,.T.);
#6279 = VERTEX_POINT('',#6280);
#6280 = CARTESIAN_POINT('',(3.81,-0.167612247834,-3.391));
#6281 = LINE('',#6282,#6283);
#6282 = CARTESIAN_POINT('',(3.398467786893,-0.142278939174,-3.391));
#6283 = VECTOR('',#6284,1.);
#6284 = DIRECTION('',(0.998110643127,-6.144220110442E-02,0.));
#6285 = ORIENTED_EDGE('',*,*,#6286,.T.);
#6286 = EDGE_CURVE('',#6279,#6287,#6289,.T.);
#6287 = VERTEX_POINT('',#6288);
#6288 = CARTESIAN_POINT('',(3.81,0.137387752166,-3.391));
#6289 = LINE('',#6290,#6291);
#6290 = CARTESIAN_POINT('',(3.81,-0.167612247834,-3.391));
#6291 = VECTOR('',#6292,1.);
#6292 = DIRECTION('',(0.,1.,0.));
#6293 = ORIENTED_EDGE('',*,*,#6294,.T.);
#6294 = EDGE_CURVE('',#6287,#6295,#6297,.T.);
#6295 = VERTEX_POINT('',#6296);
#6296 = CARTESIAN_POINT('',(3.620204636074,0.149071271423,-3.391));
#6297 = LINE('',#6298,#6299);
#6298 = CARTESIAN_POINT('',(3.81,0.137387752166,-3.391));
#6299 = VECTOR('',#6300,1.);
#6300 = DIRECTION('',(-0.998110643127,6.144220110442E-02,
    1.16770546361E-14));
#6301 = ORIENTED_EDGE('',*,*,#6302,.F.);
#6302 = EDGE_CURVE('',#6303,#6295,#6305,.T.);
#6303 = VERTEX_POINT('',#6304);
#6304 = CARTESIAN_POINT('',(3.355218080624,0.350150267064,-3.391));
#6305 = CIRCLE('',#6306,0.3);
#6306 = AXIS2_PLACEMENT_3D('',#6307,#6308,#6309);
#6307 = CARTESIAN_POINT('',(3.638637296405,0.448504464361,-3.391));
#6308 = DIRECTION('',(0.,0.,1.));
#6309 = DIRECTION('',(-0.944730719271,-0.327847324322,0.));
#6310 = ORIENTED_EDGE('',*,*,#6311,.T.);
#6311 = EDGE_CURVE('',#6303,#6229,#6312,.T.);
#6312 = LINE('',#6313,#6314);
#6313 = CARTESIAN_POINT('',(3.355218080624,0.350150267064,-3.391));
#6314 = VECTOR('',#6315,1.);
#6315 = DIRECTION('',(-0.327847324322,0.944730719271,-1.982863551656E-14
    ));
#6316 = PLANE('',#6317);
#6317 = AXIS2_PLACEMENT_3D('',#6318,#6319,#6320);
#6318 = CARTESIAN_POINT('',(0.,0.,-3.391));
#6319 = DIRECTION('',(0.,0.,1.));
#6320 = DIRECTION('',(1.,0.,-0.));
#6321 = ADVANCED_FACE('',(#6322),#6415,.F.);
#6322 = FACE_BOUND('',#6323,.F.);
#6323 = EDGE_LOOP('',(#6324,#6335,#6343,#6352,#6360,#6368,#6376,#6385,
    #6393,#6402,#6408,#6409));
#6324 = ORIENTED_EDGE('',*,*,#6325,.F.);
#6325 = EDGE_CURVE('',#6326,#6328,#6330,.T.);
#6326 = VERTEX_POINT('',#6327);
#6327 = CARTESIAN_POINT('',(-3.318505151212,0.455942901734,-3.391));
#6328 = VERTEX_POINT('',#6329);
#6329 = CARTESIAN_POINT('',(-3.03508593543,0.657588704438,-3.391));
#6330 = CIRCLE('',#6331,0.3);
#6331 = AXIS2_PLACEMENT_3D('',#6332,#6333,#6334);
#6332 = CARTESIAN_POINT('',(-3.03508593543,0.357588704438,-3.391));
#6333 = DIRECTION('',(0.,0.,-1.));
#6334 = DIRECTION('',(-0.944730719271,0.327847324322,0.));
#6335 = ORIENTED_EDGE('',*,*,#6336,.T.);
#6336 = EDGE_CURVE('',#6326,#6337,#6339,.T.);
#6337 = VERTEX_POINT('',#6338);
#6338 = CARTESIAN_POINT('',(-3.355218080624,0.350150267064,-3.391));
#6339 = LINE('',#6340,#6341);
#6340 = CARTESIAN_POINT('',(-3.318505151212,0.455942901734,-3.391));
#6341 = VECTOR('',#6342,1.);
#6342 = DIRECTION('',(-0.327847324322,-0.944730719271,4.362299813643E-14
    ));
#6343 = ORIENTED_EDGE('',*,*,#6344,.F.);
#6344 = EDGE_CURVE('',#6345,#6337,#6347,.T.);
#6345 = VERTEX_POINT('',#6346);
#6346 = CARTESIAN_POINT('',(-3.620204636074,0.149071271423,-3.391));
#6347 = CIRCLE('',#6348,0.3);
#6348 = AXIS2_PLACEMENT_3D('',#6349,#6350,#6351);
#6349 = CARTESIAN_POINT('',(-3.638637296405,0.448504464361,-3.391));
#6350 = DIRECTION('',(0.,0.,1.));
#6351 = DIRECTION('',(6.144220110442E-02,-0.998110643127,0.));
#6352 = ORIENTED_EDGE('',*,*,#6353,.T.);
#6353 = EDGE_CURVE('',#6345,#6354,#6356,.T.);
#6354 = VERTEX_POINT('',#6355);
#6355 = CARTESIAN_POINT('',(-3.81,0.137387752166,-3.391));
#6356 = LINE('',#6357,#6358);
#6357 = CARTESIAN_POINT('',(-3.620204636074,0.149071271423,-3.391));
#6358 = VECTOR('',#6359,1.);
#6359 = DIRECTION('',(-0.998110643127,-6.144220110442E-02,
    -1.868328741775E-14));
#6360 = ORIENTED_EDGE('',*,*,#6361,.T.);
#6361 = EDGE_CURVE('',#6354,#6362,#6364,.T.);
#6362 = VERTEX_POINT('',#6363);
#6363 = CARTESIAN_POINT('',(-3.81,-0.167612247834,-3.391));
#6364 = LINE('',#6365,#6366);
#6365 = CARTESIAN_POINT('',(-3.81,0.137387752166,-3.391));
#6366 = VECTOR('',#6367,1.);
#6367 = DIRECTION('',(0.,-1.,0.));
#6368 = ORIENTED_EDGE('',*,*,#6369,.T.);
#6369 = EDGE_CURVE('',#6362,#6370,#6372,.T.);
#6370 = VERTEX_POINT('',#6371);
#6371 = CARTESIAN_POINT('',(-3.398467786893,-0.142278939174,-3.391));
#6372 = LINE('',#6373,#6374);
#6373 = CARTESIAN_POINT('',(-3.81,-0.167612247834,-3.391));
#6374 = VECTOR('',#6375,1.);
#6375 = DIRECTION('',(0.998110643127,6.144220110442E-02,0.));
#6376 = ORIENTED_EDGE('',*,*,#6377,.F.);
#6377 = EDGE_CURVE('',#6378,#6370,#6380,.T.);
#6378 = VERTEX_POINT('',#6379);
#6379 = CARTESIAN_POINT('',(-3.133481231443,5.880005646736E-02,-3.391));
#6380 = CIRCLE('',#6381,0.3);
#6381 = AXIS2_PLACEMENT_3D('',#6382,#6383,#6384);
#6382 = CARTESIAN_POINT('',(-3.416900447224,0.157154253764,-3.391));
#6383 = DIRECTION('',(0.,0.,-1.));
#6384 = DIRECTION('',(0.944730719271,-0.327847324322,0.));
#6385 = ORIENTED_EDGE('',*,*,#6386,.T.);
#6386 = EDGE_CURVE('',#6378,#6387,#6389,.T.);
#6387 = VERTEX_POINT('',#6388);
#6388 = CARTESIAN_POINT('',(-3.101505151212,0.150942901735,-3.391));
#6389 = LINE('',#6390,#6391);
#6390 = CARTESIAN_POINT('',(-3.133481231443,5.880005646736E-02,-3.391));
#6391 = VECTOR('',#6392,1.);
#6392 = DIRECTION('',(0.327847324322,0.944730719271,1.365959725118E-14)
  );
#6393 = ORIENTED_EDGE('',*,*,#6394,.F.);
#6394 = EDGE_CURVE('',#6395,#6387,#6397,.T.);
#6395 = VERTEX_POINT('',#6396);
#6396 = CARTESIAN_POINT('',(-2.81808593543,0.352588704438,-3.391));
#6397 = CIRCLE('',#6398,0.3);
#6398 = AXIS2_PLACEMENT_3D('',#6399,#6400,#6401);
#6399 = CARTESIAN_POINT('',(-2.81808593543,5.258870443803E-02,-3.391));
#6400 = DIRECTION('',(0.,-0.,1.));
#6401 = DIRECTION('',(0.,1.,0.));
#6402 = ORIENTED_EDGE('',*,*,#6403,.T.);
#6403 = EDGE_CURVE('',#6395,#1400,#6404,.T.);
#6404 = LINE('',#6405,#6406);
#6405 = CARTESIAN_POINT('',(-2.81808593543,0.352588704438,-3.391));
#6406 = VECTOR('',#6407,1.);
#6407 = DIRECTION('',(1.,0.,0.));
#6408 = ORIENTED_EDGE('',*,*,#1399,.T.);
#6409 = ORIENTED_EDGE('',*,*,#6410,.T.);
#6410 = EDGE_CURVE('',#1402,#6328,#6411,.T.);
#6411 = LINE('',#6412,#6413);
#6412 = CARTESIAN_POINT('',(-2.795,0.657588704438,-3.391));
#6413 = VECTOR('',#6414,1.);
#6414 = DIRECTION('',(-1.,0.,0.));
#6415 = PLANE('',#6416);
#6416 = AXIS2_PLACEMENT_3D('',#6417,#6418,#6419);
#6417 = CARTESIAN_POINT('',(0.,0.,-3.391));
#6418 = DIRECTION('',(0.,0.,1.));
#6419 = DIRECTION('',(1.,0.,-0.));
#6420 = ADVANCED_FACE('',(#6421),#6447,.T.);
#6421 = FACE_BOUND('',#6422,.T.);
#6422 = EDGE_LOOP('',(#6423,#6431,#6440,#6446));
#6423 = ORIENTED_EDGE('',*,*,#6424,.F.);
#6424 = EDGE_CURVE('',#6425,#6227,#6427,.T.);
#6425 = VERTEX_POINT('',#6426);
#6426 = CARTESIAN_POINT('',(3.03508593543,0.657588704438,-2.959));
#6427 = LINE('',#6428,#6429);
#6428 = CARTESIAN_POINT('',(3.03508593543,0.657588704438,-2.959));
#6429 = VECTOR('',#6430,1.);
#6430 = DIRECTION('',(0.,0.,-1.));
#6431 = ORIENTED_EDGE('',*,*,#6432,.F.);
#6432 = EDGE_CURVE('',#6433,#6425,#6435,.T.);
#6433 = VERTEX_POINT('',#6434);
#6434 = CARTESIAN_POINT('',(3.318505151212,0.455942901734,-2.959));
#6435 = CIRCLE('',#6436,0.3);
#6436 = AXIS2_PLACEMENT_3D('',#6437,#6438,#6439);
#6437 = CARTESIAN_POINT('',(3.03508593543,0.357588704438,-2.959));
#6438 = DIRECTION('',(0.,0.,1.));
#6439 = DIRECTION('',(0.944730719271,0.327847324322,-0.));
#6440 = ORIENTED_EDGE('',*,*,#6441,.T.);
#6441 = EDGE_CURVE('',#6433,#6229,#6442,.T.);
#6442 = LINE('',#6443,#6444);
#6443 = CARTESIAN_POINT('',(3.318505151212,0.455942901734,-2.959));
#6444 = VECTOR('',#6445,1.);
#6445 = DIRECTION('',(0.,0.,-1.));
#6446 = ORIENTED_EDGE('',*,*,#6226,.F.);
#6447 = CYLINDRICAL_SURFACE('',#6448,0.3);
#6448 = AXIS2_PLACEMENT_3D('',#6449,#6450,#6451);
#6449 = CARTESIAN_POINT('',(3.03508593543,0.357588704438,17.89836498231)
  );
#6450 = DIRECTION('',(0.,0.,-1.));
#6451 = DIRECTION('',(0.,1.,0.));
#6452 = ADVANCED_FACE('',(#6453),#6471,.T.);
#6453 = FACE_BOUND('',#6454,.F.);
#6454 = EDGE_LOOP('',(#6455,#6456,#6457,#6465));
#6455 = ORIENTED_EDGE('',*,*,#6441,.T.);
#6456 = ORIENTED_EDGE('',*,*,#6311,.F.);
#6457 = ORIENTED_EDGE('',*,*,#6458,.T.);
#6458 = EDGE_CURVE('',#6303,#6459,#6461,.T.);
#6459 = VERTEX_POINT('',#6460);
#6460 = CARTESIAN_POINT('',(3.355218080624,0.350150267064,-2.959));
#6461 = LINE('',#6462,#6463);
#6462 = CARTESIAN_POINT('',(3.355218080624,0.350150267064,-3.391));
#6463 = VECTOR('',#6464,1.);
#6464 = DIRECTION('',(0.,0.,1.));
#6465 = ORIENTED_EDGE('',*,*,#6466,.T.);
#6466 = EDGE_CURVE('',#6459,#6433,#6467,.T.);
#6467 = LINE('',#6468,#6469);
#6468 = CARTESIAN_POINT('',(3.355218080624,0.350150267064,-2.959));
#6469 = VECTOR('',#6470,1.);
#6470 = DIRECTION('',(-0.327847324322,0.944730719271,-1.586290841325E-14
    ));
#6471 = PLANE('',#6472);
#6472 = AXIS2_PLACEMENT_3D('',#6473,#6474,#6475);
#6473 = CARTESIAN_POINT('',(3.42073684918,0.161350210597,-3.391));
#6474 = DIRECTION('',(0.944730719271,0.327847324322,0.));
#6475 = DIRECTION('',(-0.327847324322,0.944730719271,0.));
#6476 = ADVANCED_FACE('',(#6477),#6496,.F.);
#6477 = FACE_BOUND('',#6478,.F.);
#6478 = EDGE_LOOP('',(#6479,#6480,#6481,#6489));
#6479 = ORIENTED_EDGE('',*,*,#6458,.F.);
#6480 = ORIENTED_EDGE('',*,*,#6302,.T.);
#6481 = ORIENTED_EDGE('',*,*,#6482,.T.);
#6482 = EDGE_CURVE('',#6295,#6483,#6485,.T.);
#6483 = VERTEX_POINT('',#6484);
#6484 = CARTESIAN_POINT('',(3.620204636074,0.149071271423,-2.959));
#6485 = LINE('',#6486,#6487);
#6486 = CARTESIAN_POINT('',(3.620204636074,0.149071271423,-3.391));
#6487 = VECTOR('',#6488,1.);
#6488 = DIRECTION('',(0.,0.,1.));
#6489 = ORIENTED_EDGE('',*,*,#6490,.T.);
#6490 = EDGE_CURVE('',#6483,#6459,#6491,.T.);
#6491 = CIRCLE('',#6492,0.3);
#6492 = AXIS2_PLACEMENT_3D('',#6493,#6494,#6495);
#6493 = CARTESIAN_POINT('',(3.638637296405,0.448504464361,-2.959));
#6494 = DIRECTION('',(0.,0.,-1.));
#6495 = DIRECTION('',(-6.144220110442E-02,-0.998110643127,-0.));
#6496 = CYLINDRICAL_SURFACE('',#6497,0.3);
#6497 = AXIS2_PLACEMENT_3D('',#6498,#6499,#6500);
#6498 = CARTESIAN_POINT('',(3.638637296405,0.448504464361,-24.317579602)
  );
#6499 = DIRECTION('',(0.,0.,1.));
#6500 = DIRECTION('',(-0.944730719271,-0.327847324322,0.));
#6501 = ADVANCED_FACE('',(#6502),#6520,.T.);
#6502 = FACE_BOUND('',#6503,.F.);
#6503 = EDGE_LOOP('',(#6504,#6505,#6506,#6514));
#6504 = ORIENTED_EDGE('',*,*,#6482,.F.);
#6505 = ORIENTED_EDGE('',*,*,#6294,.F.);
#6506 = ORIENTED_EDGE('',*,*,#6507,.T.);
#6507 = EDGE_CURVE('',#6287,#6508,#6510,.T.);
#6508 = VERTEX_POINT('',#6509);
#6509 = CARTESIAN_POINT('',(3.81,0.137387752166,-2.959));
#6510 = LINE('',#6511,#6512);
#6511 = CARTESIAN_POINT('',(3.81,0.137387752166,-3.391));
#6512 = VECTOR('',#6513,1.);
#6513 = DIRECTION('',(0.,0.,1.));
#6514 = ORIENTED_EDGE('',*,*,#6515,.T.);
#6515 = EDGE_CURVE('',#6508,#6483,#6516,.T.);
#6516 = LINE('',#6517,#6518);
#6517 = CARTESIAN_POINT('',(3.81,0.137387752166,-2.959));
#6518 = VECTOR('',#6519,1.);
#6519 = DIRECTION('',(-0.998110643127,6.144220110442E-02,
    1.401246556331E-14));
#6520 = PLANE('',#6521);
#6521 = AXIS2_PLACEMENT_3D('',#6522,#6523,#6524);
#6522 = CARTESIAN_POINT('',(3.81,0.137387752166,-3.391));
#6523 = DIRECTION('',(6.144220110442E-02,0.998110643127,0.));
#6524 = DIRECTION('',(-0.998110643127,6.144220110442E-02,0.));
#6525 = ADVANCED_FACE('',(#6526),#6544,.T.);
#6526 = FACE_BOUND('',#6527,.F.);
#6527 = EDGE_LOOP('',(#6528,#6529,#6537,#6543));
#6528 = ORIENTED_EDGE('',*,*,#6286,.F.);
#6529 = ORIENTED_EDGE('',*,*,#6530,.T.);
#6530 = EDGE_CURVE('',#6279,#6531,#6533,.T.);
#6531 = VERTEX_POINT('',#6532);
#6532 = CARTESIAN_POINT('',(3.81,-0.167612247834,-2.959));
#6533 = LINE('',#6534,#6535);
#6534 = CARTESIAN_POINT('',(3.81,-0.167612247834,-3.391));
#6535 = VECTOR('',#6536,1.);
#6536 = DIRECTION('',(0.,0.,1.));
#6537 = ORIENTED_EDGE('',*,*,#6538,.T.);
#6538 = EDGE_CURVE('',#6531,#6508,#6539,.T.);
#6539 = LINE('',#6540,#6541);
#6540 = CARTESIAN_POINT('',(3.81,-0.167612247834,-2.959));
#6541 = VECTOR('',#6542,1.);
#6542 = DIRECTION('',(0.,1.,0.));
#6543 = ORIENTED_EDGE('',*,*,#6507,.F.);
#6544 = PLANE('',#6545);
#6545 = AXIS2_PLACEMENT_3D('',#6546,#6547,#6548);
#6546 = CARTESIAN_POINT('',(3.81,-0.167612247834,-3.391));
#6547 = DIRECTION('',(1.,0.,0.));
#6548 = DIRECTION('',(-0.,1.,0.));
#6549 = ADVANCED_FACE('',(#6550),#6568,.T.);
#6550 = FACE_BOUND('',#6551,.F.);
#6551 = EDGE_LOOP('',(#6552,#6560,#6566,#6567));
#6552 = ORIENTED_EDGE('',*,*,#6553,.F.);
#6553 = EDGE_CURVE('',#6554,#6270,#6556,.T.);
#6554 = VERTEX_POINT('',#6555);
#6555 = CARTESIAN_POINT('',(3.398467786893,-0.142278939174,-2.959));
#6556 = LINE('',#6557,#6558);
#6557 = CARTESIAN_POINT('',(3.398467786893,-0.142278939174,-2.959));
#6558 = VECTOR('',#6559,1.);
#6559 = DIRECTION('',(0.,0.,-1.));
#6560 = ORIENTED_EDGE('',*,*,#6561,.T.);
#6561 = EDGE_CURVE('',#6554,#6531,#6562,.T.);
#6562 = LINE('',#6563,#6564);
#6563 = CARTESIAN_POINT('',(3.398467786893,-0.142278939174,-2.959));
#6564 = VECTOR('',#6565,1.);
#6565 = DIRECTION('',(0.998110643127,-6.144220110442E-02,0.));
#6566 = ORIENTED_EDGE('',*,*,#6530,.F.);
#6567 = ORIENTED_EDGE('',*,*,#6278,.F.);
#6568 = PLANE('',#6569);
#6569 = AXIS2_PLACEMENT_3D('',#6570,#6571,#6572);
#6570 = CARTESIAN_POINT('',(3.199,-0.13,-3.391));
#6571 = DIRECTION('',(-6.144220110442E-02,-0.998110643127,0.));
#6572 = DIRECTION('',(0.998110643127,-6.144220110442E-02,0.));
#6573 = ADVANCED_FACE('',(#6574),#6593,.T.);
#6574 = FACE_BOUND('',#6575,.T.);
#6575 = EDGE_LOOP('',(#6576,#6577,#6586,#6592));
#6576 = ORIENTED_EDGE('',*,*,#6553,.F.);
#6577 = ORIENTED_EDGE('',*,*,#6578,.F.);
#6578 = EDGE_CURVE('',#6579,#6554,#6581,.T.);
#6579 = VERTEX_POINT('',#6580);
#6580 = CARTESIAN_POINT('',(3.133481231443,5.880005646736E-02,-2.959));
#6581 = CIRCLE('',#6582,0.3);
#6582 = AXIS2_PLACEMENT_3D('',#6583,#6584,#6585);
#6583 = CARTESIAN_POINT('',(3.416900447224,0.157154253764,-2.959));
#6584 = DIRECTION('',(0.,0.,1.));
#6585 = DIRECTION('',(-0.944730719271,-0.327847324322,0.));
#6586 = ORIENTED_EDGE('',*,*,#6587,.T.);
#6587 = EDGE_CURVE('',#6579,#6262,#6588,.T.);
#6588 = LINE('',#6589,#6590);
#6589 = CARTESIAN_POINT('',(3.133481231443,5.880005646736E-02,-2.959));
#6590 = VECTOR('',#6591,1.);
#6591 = DIRECTION('',(0.,0.,-1.));
#6592 = ORIENTED_EDGE('',*,*,#6269,.F.);
#6593 = CYLINDRICAL_SURFACE('',#6594,0.3);
#6594 = AXIS2_PLACEMENT_3D('',#6595,#6596,#6597);
#6595 = CARTESIAN_POINT('',(3.416900447224,0.157154253764,18.10791235249
    ));
#6596 = DIRECTION('',(0.,0.,-1.));
#6597 = DIRECTION('',(-6.144220110442E-02,-0.998110643127,-0.));
#6598 = ADVANCED_FACE('',(#6599),#6617,.T.);
#6599 = FACE_BOUND('',#6600,.F.);
#6600 = EDGE_LOOP('',(#6601,#6602,#6603,#6611));
#6601 = ORIENTED_EDGE('',*,*,#6587,.T.);
#6602 = ORIENTED_EDGE('',*,*,#6261,.F.);
#6603 = ORIENTED_EDGE('',*,*,#6604,.T.);
#6604 = EDGE_CURVE('',#6253,#6605,#6607,.T.);
#6605 = VERTEX_POINT('',#6606);
#6606 = CARTESIAN_POINT('',(3.101505151212,0.150942901735,-2.959));
#6607 = LINE('',#6608,#6609);
#6608 = CARTESIAN_POINT('',(3.101505151212,0.150942901735,-3.391));
#6609 = VECTOR('',#6610,1.);
#6610 = DIRECTION('',(0.,0.,1.));
#6611 = ORIENTED_EDGE('',*,*,#6612,.T.);
#6612 = EDGE_CURVE('',#6605,#6579,#6613,.T.);
#6613 = LINE('',#6614,#6615);
#6614 = CARTESIAN_POINT('',(3.101505151212,0.150942901735,-2.959));
#6615 = VECTOR('',#6616,1.);
#6616 = DIRECTION('',(0.327847324322,-0.944730719271,-5.463838900471E-14
    ));
#6617 = PLANE('',#6618);
#6618 = AXIS2_PLACEMENT_3D('',#6619,#6620,#6621);
#6619 = CARTESIAN_POINT('',(3.031528558381,0.352588704438,-3.391));
#6620 = DIRECTION('',(-0.944730719271,-0.327847324322,0.));
#6621 = DIRECTION('',(0.327847324322,-0.944730719271,0.));
#6622 = ADVANCED_FACE('',(#6623),#6642,.F.);
#6623 = FACE_BOUND('',#6624,.F.);
#6624 = EDGE_LOOP('',(#6625,#6626,#6627,#6635));
#6625 = ORIENTED_EDGE('',*,*,#6604,.F.);
#6626 = ORIENTED_EDGE('',*,*,#6252,.T.);
#6627 = ORIENTED_EDGE('',*,*,#6628,.T.);
#6628 = EDGE_CURVE('',#6245,#6629,#6631,.T.);
#6629 = VERTEX_POINT('',#6630);
#6630 = CARTESIAN_POINT('',(2.81808593543,0.352588704438,-2.959));
#6631 = LINE('',#6632,#6633);
#6632 = CARTESIAN_POINT('',(2.81808593543,0.352588704438,-3.391));
#6633 = VECTOR('',#6634,1.);
#6634 = DIRECTION('',(0.,0.,1.));
#6635 = ORIENTED_EDGE('',*,*,#6636,.T.);
#6636 = EDGE_CURVE('',#6629,#6605,#6637,.T.);
#6637 = CIRCLE('',#6638,0.3);
#6638 = AXIS2_PLACEMENT_3D('',#6639,#6640,#6641);
#6639 = CARTESIAN_POINT('',(2.81808593543,5.258870443803E-02,-2.959));
#6640 = DIRECTION('',(0.,0.,-1.));
#6641 = DIRECTION('',(0.,1.,0.));
#6642 = CYLINDRICAL_SURFACE('',#6643,0.3);
#6643 = AXIS2_PLACEMENT_3D('',#6644,#6645,#6646);
#6644 = CARTESIAN_POINT('',(2.81808593543,5.258870443803E-02,
    -24.33117565732));
#6645 = DIRECTION('',(0.,0.,1.));
#6646 = DIRECTION('',(0.944730719271,0.327847324322,-0.));
#6647 = ADVANCED_FACE('',(#6648),#6659,.T.);
#6648 = FACE_BOUND('',#6649,.F.);
#6649 = EDGE_LOOP('',(#6650,#6651,#6652,#6653));
#6650 = ORIENTED_EDGE('',*,*,#6628,.F.);
#6651 = ORIENTED_EDGE('',*,*,#6244,.F.);
#6652 = ORIENTED_EDGE('',*,*,#426,.T.);
#6653 = ORIENTED_EDGE('',*,*,#6654,.T.);
#6654 = EDGE_CURVE('',#419,#6629,#6655,.T.);
#6655 = LINE('',#6656,#6657);
#6656 = CARTESIAN_POINT('',(2.795,0.352588704438,-2.959));
#6657 = VECTOR('',#6658,1.);
#6658 = DIRECTION('',(1.,0.,9.618176642379E-14));
#6659 = PLANE('',#6660);
#6660 = AXIS2_PLACEMENT_3D('',#6661,#6662,#6663);
#6661 = CARTESIAN_POINT('',(2.025528558381,0.352588704438,-3.391));
#6662 = DIRECTION('',(0.,-1.,0.));
#6663 = DIRECTION('',(1.,0.,0.));
#6664 = ADVANCED_FACE('',(#6665),#6684,.T.);
#6665 = FACE_BOUND('',#6666,.F.);
#6666 = EDGE_LOOP('',(#6667,#6668,#6669,#6670,#6671,#6672,#6673,#6674,
    #6675,#6676,#6677,#6678));
#6667 = ORIENTED_EDGE('',*,*,#6432,.F.);
#6668 = ORIENTED_EDGE('',*,*,#6466,.F.);
#6669 = ORIENTED_EDGE('',*,*,#6490,.F.);
#6670 = ORIENTED_EDGE('',*,*,#6515,.F.);
#6671 = ORIENTED_EDGE('',*,*,#6538,.F.);
#6672 = ORIENTED_EDGE('',*,*,#6561,.F.);
#6673 = ORIENTED_EDGE('',*,*,#6578,.F.);
#6674 = ORIENTED_EDGE('',*,*,#6612,.F.);
#6675 = ORIENTED_EDGE('',*,*,#6636,.F.);
#6676 = ORIENTED_EDGE('',*,*,#6654,.F.);
#6677 = ORIENTED_EDGE('',*,*,#418,.T.);
#6678 = ORIENTED_EDGE('',*,*,#6679,.F.);
#6679 = EDGE_CURVE('',#6425,#411,#6680,.T.);
#6680 = LINE('',#6681,#6682);
#6681 = CARTESIAN_POINT('',(3.03508593543,0.657588704438,-2.959));
#6682 = VECTOR('',#6683,1.);
#6683 = DIRECTION('',(-1.,0.,0.));
#6684 = PLANE('',#6685);
#6685 = AXIS2_PLACEMENT_3D('',#6686,#6687,#6688);
#6686 = CARTESIAN_POINT('',(0.,0.,-2.959));
#6687 = DIRECTION('',(0.,0.,1.));
#6688 = DIRECTION('',(1.,0.,-0.));
#6689 = ADVANCED_FACE('',(#6690),#6783,.T.);
#6690 = FACE_BOUND('',#6691,.F.);
#6691 = EDGE_LOOP('',(#6692,#6703,#6709,#6710,#6718,#6727,#6735,#6744,
    #6752,#6760,#6768,#6777));
#6692 = ORIENTED_EDGE('',*,*,#6693,.F.);
#6693 = EDGE_CURVE('',#6694,#6696,#6698,.T.);
#6694 = VERTEX_POINT('',#6695);
#6695 = CARTESIAN_POINT('',(-3.03508593543,0.657588704438,-2.959));
#6696 = VERTEX_POINT('',#6697);
#6697 = CARTESIAN_POINT('',(-3.318505151212,0.455942901734,-2.959));
#6698 = CIRCLE('',#6699,0.3);
#6699 = AXIS2_PLACEMENT_3D('',#6700,#6701,#6702);
#6700 = CARTESIAN_POINT('',(-3.03508593543,0.357588704438,-2.959));
#6701 = DIRECTION('',(0.,-0.,1.));
#6702 = DIRECTION('',(0.,1.,0.));
#6703 = ORIENTED_EDGE('',*,*,#6704,.F.);
#6704 = EDGE_CURVE('',#1418,#6694,#6705,.T.);
#6705 = LINE('',#6706,#6707);
#6706 = CARTESIAN_POINT('',(-2.795,0.657588704438,-2.959));
#6707 = VECTOR('',#6708,1.);
#6708 = DIRECTION('',(-1.,0.,0.));
#6709 = ORIENTED_EDGE('',*,*,#1417,.F.);
#6710 = ORIENTED_EDGE('',*,*,#6711,.F.);
#6711 = EDGE_CURVE('',#6712,#1410,#6714,.T.);
#6712 = VERTEX_POINT('',#6713);
#6713 = CARTESIAN_POINT('',(-2.81808593543,0.352588704438,-2.959));
#6714 = LINE('',#6715,#6716);
#6715 = CARTESIAN_POINT('',(-2.81808593543,0.352588704438,-2.959));
#6716 = VECTOR('',#6717,1.);
#6717 = DIRECTION('',(1.,0.,0.));
#6718 = ORIENTED_EDGE('',*,*,#6719,.F.);
#6719 = EDGE_CURVE('',#6720,#6712,#6722,.T.);
#6720 = VERTEX_POINT('',#6721);
#6721 = CARTESIAN_POINT('',(-3.101505151212,0.150942901735,-2.959));
#6722 = CIRCLE('',#6723,0.3);
#6723 = AXIS2_PLACEMENT_3D('',#6724,#6725,#6726);
#6724 = CARTESIAN_POINT('',(-2.81808593543,5.258870443803E-02,-2.959));
#6725 = DIRECTION('',(0.,0.,-1.));
#6726 = DIRECTION('',(-0.944730719271,0.327847324322,0.));
#6727 = ORIENTED_EDGE('',*,*,#6728,.F.);
#6728 = EDGE_CURVE('',#6729,#6720,#6731,.T.);
#6729 = VERTEX_POINT('',#6730);
#6730 = CARTESIAN_POINT('',(-3.133481231443,5.880005646736E-02,-2.959));
#6731 = LINE('',#6732,#6733);
#6732 = CARTESIAN_POINT('',(-3.133481231443,5.880005646736E-02,-2.959));
#6733 = VECTOR('',#6734,1.);
#6734 = DIRECTION('',(0.327847324322,0.944730719271,1.365959725118E-14)
  );
#6735 = ORIENTED_EDGE('',*,*,#6736,.F.);
#6736 = EDGE_CURVE('',#6737,#6729,#6739,.T.);
#6737 = VERTEX_POINT('',#6738);
#6738 = CARTESIAN_POINT('',(-3.398467786893,-0.142278939174,-2.959));
#6739 = CIRCLE('',#6740,0.3);
#6740 = AXIS2_PLACEMENT_3D('',#6741,#6742,#6743);
#6741 = CARTESIAN_POINT('',(-3.416900447224,0.157154253764,-2.959));
#6742 = DIRECTION('',(0.,0.,1.));
#6743 = DIRECTION('',(6.144220110442E-02,-0.998110643127,0.));
#6744 = ORIENTED_EDGE('',*,*,#6745,.F.);
#6745 = EDGE_CURVE('',#6746,#6737,#6748,.T.);
#6746 = VERTEX_POINT('',#6747);
#6747 = CARTESIAN_POINT('',(-3.81,-0.167612247834,-2.959));
#6748 = LINE('',#6749,#6750);
#6749 = CARTESIAN_POINT('',(-3.81,-0.167612247834,-2.959));
#6750 = VECTOR('',#6751,1.);
#6751 = DIRECTION('',(0.998110643127,6.144220110442E-02,0.));
#6752 = ORIENTED_EDGE('',*,*,#6753,.F.);
#6753 = EDGE_CURVE('',#6754,#6746,#6756,.T.);
#6754 = VERTEX_POINT('',#6755);
#6755 = CARTESIAN_POINT('',(-3.81,0.137387752166,-2.959));
#6756 = LINE('',#6757,#6758);
#6757 = CARTESIAN_POINT('',(-3.81,0.137387752166,-2.959));
#6758 = VECTOR('',#6759,1.);
#6759 = DIRECTION('',(0.,-1.,0.));
#6760 = ORIENTED_EDGE('',*,*,#6761,.F.);
#6761 = EDGE_CURVE('',#6762,#6754,#6764,.T.);
#6762 = VERTEX_POINT('',#6763);
#6763 = CARTESIAN_POINT('',(-3.620204636074,0.149071271423,-2.959));
#6764 = LINE('',#6765,#6766);
#6765 = CARTESIAN_POINT('',(-3.620204636074,0.149071271423,-2.959));
#6766 = VECTOR('',#6767,1.);
#6767 = DIRECTION('',(-0.998110643127,-6.144220110442E-02,
    -1.16770546361E-14));
#6768 = ORIENTED_EDGE('',*,*,#6769,.F.);
#6769 = EDGE_CURVE('',#6770,#6762,#6772,.T.);
#6770 = VERTEX_POINT('',#6771);
#6771 = CARTESIAN_POINT('',(-3.355218080624,0.350150267064,-2.959));
#6772 = CIRCLE('',#6773,0.3);
#6773 = AXIS2_PLACEMENT_3D('',#6774,#6775,#6776);
#6774 = CARTESIAN_POINT('',(-3.638637296405,0.448504464361,-2.959));
#6775 = DIRECTION('',(0.,0.,-1.));
#6776 = DIRECTION('',(0.944730719271,-0.327847324322,0.));
#6777 = ORIENTED_EDGE('',*,*,#6778,.F.);
#6778 = EDGE_CURVE('',#6696,#6770,#6779,.T.);
#6779 = LINE('',#6780,#6781);
#6780 = CARTESIAN_POINT('',(-3.318505151212,0.455942901734,-2.959));
#6781 = VECTOR('',#6782,1.);
#6782 = DIRECTION('',(-0.327847324322,-0.944730719271,3.172581682649E-14
    ));
#6783 = PLANE('',#6784);
#6784 = AXIS2_PLACEMENT_3D('',#6785,#6786,#6787);
#6785 = CARTESIAN_POINT('',(0.,0.,-2.959));
#6786 = DIRECTION('',(0.,0.,1.));
#6787 = DIRECTION('',(1.,0.,-0.));
#6788 = ADVANCED_FACE('',(#6789),#6795,.T.);
#6789 = FACE_BOUND('',#6790,.F.);
#6790 = EDGE_LOOP('',(#6791,#6792,#6793,#6794));
#6791 = ORIENTED_EDGE('',*,*,#6424,.F.);
#6792 = ORIENTED_EDGE('',*,*,#6679,.T.);
#6793 = ORIENTED_EDGE('',*,*,#410,.F.);
#6794 = ORIENTED_EDGE('',*,*,#6237,.F.);
#6795 = PLANE('',#6796);
#6796 = AXIS2_PLACEMENT_3D('',#6797,#6798,#6799);
#6797 = CARTESIAN_POINT('',(3.248528558381,0.657588704438,-3.391));
#6798 = DIRECTION('',(0.,1.,0.));
#6799 = DIRECTION('',(-1.,0.,0.));
#6800 = ADVANCED_FACE('',(#6801),#6817,.T.);
#6801 = FACE_BOUND('',#6802,.T.);
#6802 = EDGE_LOOP('',(#6803,#6809,#6810,#6816));
#6803 = ORIENTED_EDGE('',*,*,#6804,.F.);
#6804 = EDGE_CURVE('',#6696,#6326,#6805,.T.);
#6805 = LINE('',#6806,#6807);
#6806 = CARTESIAN_POINT('',(-3.318505151212,0.455942901734,-2.959));
#6807 = VECTOR('',#6808,1.);
#6808 = DIRECTION('',(0.,0.,-1.));
#6809 = ORIENTED_EDGE('',*,*,#6693,.F.);
#6810 = ORIENTED_EDGE('',*,*,#6811,.T.);
#6811 = EDGE_CURVE('',#6694,#6328,#6812,.T.);
#6812 = LINE('',#6813,#6814);
#6813 = CARTESIAN_POINT('',(-3.03508593543,0.657588704438,-2.959));
#6814 = VECTOR('',#6815,1.);
#6815 = DIRECTION('',(0.,0.,-1.));
#6816 = ORIENTED_EDGE('',*,*,#6325,.F.);
#6817 = CYLINDRICAL_SURFACE('',#6818,0.3);
#6818 = AXIS2_PLACEMENT_3D('',#6819,#6820,#6821);
#6819 = CARTESIAN_POINT('',(-3.03508593543,0.357588704438,22.14898208965
    ));
#6820 = DIRECTION('',(0.,0.,-1.));
#6821 = DIRECTION('',(-0.944730719271,0.327847324322,0.));
#6822 = ADVANCED_FACE('',(#6823),#6829,.T.);
#6823 = FACE_BOUND('',#6824,.F.);
#6824 = EDGE_LOOP('',(#6825,#6826,#6827,#6828));
#6825 = ORIENTED_EDGE('',*,*,#6811,.T.);
#6826 = ORIENTED_EDGE('',*,*,#6410,.F.);
#6827 = ORIENTED_EDGE('',*,*,#1425,.T.);
#6828 = ORIENTED_EDGE('',*,*,#6704,.T.);
#6829 = PLANE('',#6830);
#6830 = AXIS2_PLACEMENT_3D('',#6831,#6832,#6833);
#6831 = CARTESIAN_POINT('',(-2.025528558381,0.657588704438,-3.391));
#6832 = DIRECTION('',(0.,1.,0.));
#6833 = DIRECTION('',(-1.,0.,0.));
#6834 = ADVANCED_FACE('',(#6835),#6846,.T.);
#6835 = FACE_BOUND('',#6836,.F.);
#6836 = EDGE_LOOP('',(#6837,#6838,#6839,#6845));
#6837 = ORIENTED_EDGE('',*,*,#6804,.F.);
#6838 = ORIENTED_EDGE('',*,*,#6778,.T.);
#6839 = ORIENTED_EDGE('',*,*,#6840,.F.);
#6840 = EDGE_CURVE('',#6337,#6770,#6841,.T.);
#6841 = LINE('',#6842,#6843);
#6842 = CARTESIAN_POINT('',(-3.355218080624,0.350150267064,-3.391));
#6843 = VECTOR('',#6844,1.);
#6844 = DIRECTION('',(0.,0.,1.));
#6845 = ORIENTED_EDGE('',*,*,#6336,.F.);
#6846 = PLANE('',#6847);
#6847 = AXIS2_PLACEMENT_3D('',#6848,#6849,#6850);
#6848 = CARTESIAN_POINT('',(-3.248528558381,0.657588704438,-3.391));
#6849 = DIRECTION('',(-0.944730719271,0.327847324322,0.));
#6850 = DIRECTION('',(-0.327847324322,-0.944730719271,0.));
#6851 = ADVANCED_FACE('',(#6852),#6863,.F.);
#6852 = FACE_BOUND('',#6853,.F.);
#6853 = EDGE_LOOP('',(#6854,#6860,#6861,#6862));
#6854 = ORIENTED_EDGE('',*,*,#6855,.F.);
#6855 = EDGE_CURVE('',#6345,#6762,#6856,.T.);
#6856 = LINE('',#6857,#6858);
#6857 = CARTESIAN_POINT('',(-3.620204636074,0.149071271423,-3.391));
#6858 = VECTOR('',#6859,1.);
#6859 = DIRECTION('',(0.,0.,1.));
#6860 = ORIENTED_EDGE('',*,*,#6344,.T.);
#6861 = ORIENTED_EDGE('',*,*,#6840,.T.);
#6862 = ORIENTED_EDGE('',*,*,#6769,.T.);
#6863 = CYLINDRICAL_SURFACE('',#6864,0.3);
#6864 = AXIS2_PLACEMENT_3D('',#6865,#6866,#6867);
#6865 = CARTESIAN_POINT('',(-3.638637296405,0.448504464361,-24.745392));
#6866 = DIRECTION('',(0.,0.,1.));
#6867 = DIRECTION('',(6.144220110442E-02,-0.998110643127,0.));
#6868 = ADVANCED_FACE('',(#6869),#6880,.T.);
#6869 = FACE_BOUND('',#6870,.F.);
#6870 = EDGE_LOOP('',(#6871,#6872,#6873,#6879));
#6871 = ORIENTED_EDGE('',*,*,#6855,.T.);
#6872 = ORIENTED_EDGE('',*,*,#6761,.T.);
#6873 = ORIENTED_EDGE('',*,*,#6874,.F.);
#6874 = EDGE_CURVE('',#6354,#6754,#6875,.T.);
#6875 = LINE('',#6876,#6877);
#6876 = CARTESIAN_POINT('',(-3.81,0.137387752166,-3.391));
#6877 = VECTOR('',#6878,1.);
#6878 = DIRECTION('',(0.,0.,1.));
#6879 = ORIENTED_EDGE('',*,*,#6353,.F.);
#6880 = PLANE('',#6881);
#6881 = AXIS2_PLACEMENT_3D('',#6882,#6883,#6884);
#6882 = CARTESIAN_POINT('',(-3.42073684918,0.161350210597,-3.391));
#6883 = DIRECTION('',(-6.144220110442E-02,0.998110643127,0.));
#6884 = DIRECTION('',(-0.998110643127,-6.144220110442E-02,0.));
#6885 = ADVANCED_FACE('',(#6886),#6897,.T.);
#6886 = FACE_BOUND('',#6887,.F.);
#6887 = EDGE_LOOP('',(#6888,#6889,#6890,#6891));
#6888 = ORIENTED_EDGE('',*,*,#6361,.F.);
#6889 = ORIENTED_EDGE('',*,*,#6874,.T.);
#6890 = ORIENTED_EDGE('',*,*,#6753,.T.);
#6891 = ORIENTED_EDGE('',*,*,#6892,.F.);
#6892 = EDGE_CURVE('',#6362,#6746,#6893,.T.);
#6893 = LINE('',#6894,#6895);
#6894 = CARTESIAN_POINT('',(-3.81,-0.167612247834,-3.391));
#6895 = VECTOR('',#6896,1.);
#6896 = DIRECTION('',(0.,0.,1.));
#6897 = PLANE('',#6898);
#6898 = AXIS2_PLACEMENT_3D('',#6899,#6900,#6901);
#6899 = CARTESIAN_POINT('',(-3.81,0.137387752166,-3.391));
#6900 = DIRECTION('',(-1.,0.,0.));
#6901 = DIRECTION('',(0.,-1.,0.));
#6902 = ADVANCED_FACE('',(#6903),#6914,.T.);
#6903 = FACE_BOUND('',#6904,.F.);
#6904 = EDGE_LOOP('',(#6905,#6911,#6912,#6913));
#6905 = ORIENTED_EDGE('',*,*,#6906,.T.);
#6906 = EDGE_CURVE('',#6737,#6370,#6907,.T.);
#6907 = LINE('',#6908,#6909);
#6908 = CARTESIAN_POINT('',(-3.398467786893,-0.142278939174,-2.959));
#6909 = VECTOR('',#6910,1.);
#6910 = DIRECTION('',(0.,0.,-1.));
#6911 = ORIENTED_EDGE('',*,*,#6369,.F.);
#6912 = ORIENTED_EDGE('',*,*,#6892,.T.);
#6913 = ORIENTED_EDGE('',*,*,#6745,.T.);
#6914 = PLANE('',#6915);
#6915 = AXIS2_PLACEMENT_3D('',#6916,#6917,#6918);
#6916 = CARTESIAN_POINT('',(-3.81,-0.167612247834,-3.391));
#6917 = DIRECTION('',(6.144220110442E-02,-0.998110643127,0.));
#6918 = DIRECTION('',(0.998110643127,6.144220110442E-02,0.));
#6919 = ADVANCED_FACE('',(#6920),#6931,.T.);
#6920 = FACE_BOUND('',#6921,.T.);
#6921 = EDGE_LOOP('',(#6922,#6928,#6929,#6930));
#6922 = ORIENTED_EDGE('',*,*,#6923,.F.);
#6923 = EDGE_CURVE('',#6729,#6378,#6924,.T.);
#6924 = LINE('',#6925,#6926);
#6925 = CARTESIAN_POINT('',(-3.133481231443,5.880005646736E-02,-2.959));
#6926 = VECTOR('',#6927,1.);
#6927 = DIRECTION('',(0.,0.,-1.));
#6928 = ORIENTED_EDGE('',*,*,#6736,.F.);
#6929 = ORIENTED_EDGE('',*,*,#6906,.T.);
#6930 = ORIENTED_EDGE('',*,*,#6377,.F.);
#6931 = CYLINDRICAL_SURFACE('',#6932,0.3);
#6932 = AXIS2_PLACEMENT_3D('',#6933,#6934,#6935);
#6933 = CARTESIAN_POINT('',(-3.416900447224,0.157154253764,
    22.33638167477));
#6934 = DIRECTION('',(0.,0.,-1.));
#6935 = DIRECTION('',(0.944730719271,-0.327847324322,0.));
#6936 = ADVANCED_FACE('',(#6937),#6948,.T.);
#6937 = FACE_BOUND('',#6938,.F.);
#6938 = EDGE_LOOP('',(#6939,#6940,#6941,#6947));
#6939 = ORIENTED_EDGE('',*,*,#6923,.F.);
#6940 = ORIENTED_EDGE('',*,*,#6728,.T.);
#6941 = ORIENTED_EDGE('',*,*,#6942,.F.);
#6942 = EDGE_CURVE('',#6387,#6720,#6943,.T.);
#6943 = LINE('',#6944,#6945);
#6944 = CARTESIAN_POINT('',(-3.101505151212,0.150942901735,-3.391));
#6945 = VECTOR('',#6946,1.);
#6946 = DIRECTION('',(0.,0.,1.));
#6947 = ORIENTED_EDGE('',*,*,#6386,.F.);
#6948 = PLANE('',#6949);
#6949 = AXIS2_PLACEMENT_3D('',#6950,#6951,#6952);
#6950 = CARTESIAN_POINT('',(-3.199,-0.13,-3.391));
#6951 = DIRECTION('',(0.944730719271,-0.327847324322,0.));
#6952 = DIRECTION('',(0.327847324322,0.944730719271,0.));
#6953 = ADVANCED_FACE('',(#6954),#6965,.F.);
#6954 = FACE_BOUND('',#6955,.F.);
#6955 = EDGE_LOOP('',(#6956,#6962,#6963,#6964));
#6956 = ORIENTED_EDGE('',*,*,#6957,.F.);
#6957 = EDGE_CURVE('',#6395,#6712,#6958,.T.);
#6958 = LINE('',#6959,#6960);
#6959 = CARTESIAN_POINT('',(-2.81808593543,0.352588704438,-3.391));
#6960 = VECTOR('',#6961,1.);
#6961 = DIRECTION('',(0.,0.,1.));
#6962 = ORIENTED_EDGE('',*,*,#6394,.T.);
#6963 = ORIENTED_EDGE('',*,*,#6942,.T.);
#6964 = ORIENTED_EDGE('',*,*,#6719,.T.);
#6965 = CYLINDRICAL_SURFACE('',#6966,0.3);
#6966 = AXIS2_PLACEMENT_3D('',#6967,#6968,#6969);
#6967 = CARTESIAN_POINT('',(-2.81808593543,5.258870443803E-02,-24.745392
    ));
#6968 = DIRECTION('',(0.,0.,1.));
#6969 = DIRECTION('',(0.,1.,0.));
#6970 = ADVANCED_FACE('',(#6971),#6977,.T.);
#6971 = FACE_BOUND('',#6972,.F.);
#6972 = EDGE_LOOP('',(#6973,#6974,#6975,#6976));
#6973 = ORIENTED_EDGE('',*,*,#6957,.T.);
#6974 = ORIENTED_EDGE('',*,*,#6711,.T.);
#6975 = ORIENTED_EDGE('',*,*,#1409,.F.);
#6976 = ORIENTED_EDGE('',*,*,#6403,.F.);
#6977 = PLANE('',#6978);
#6978 = AXIS2_PLACEMENT_3D('',#6979,#6980,#6981);
#6979 = CARTESIAN_POINT('',(-3.031528558381,0.352588704438,-3.391));
#6980 = DIRECTION('',(0.,-1.,0.));
#6981 = DIRECTION('',(1.,0.,0.));
#6982 = ADVANCED_FACE('',(#6983),#7076,.F.);
#6983 = FACE_BOUND('',#6984,.F.);
#6984 = EDGE_LOOP('',(#6985,#6996,#7002,#7003,#7011,#7020,#7028,#7037,
    #7045,#7053,#7061,#7070));
#6985 = ORIENTED_EDGE('',*,*,#6986,.F.);
#6986 = EDGE_CURVE('',#6987,#6989,#6991,.T.);
#6987 = VERTEX_POINT('',#6988);
#6988 = CARTESIAN_POINT('',(3.03508593543,0.657588704438,-4.661));
#6989 = VERTEX_POINT('',#6990);
#6990 = CARTESIAN_POINT('',(3.318505151212,0.455942901734,-4.661));
#6991 = CIRCLE('',#6992,0.3);
#6992 = AXIS2_PLACEMENT_3D('',#6993,#6994,#6995);
#6993 = CARTESIAN_POINT('',(3.03508593543,0.357588704438,-4.661));
#6994 = DIRECTION('',(0.,0.,-1.));
#6995 = DIRECTION('',(0.,1.,0.));
#6996 = ORIENTED_EDGE('',*,*,#6997,.T.);
#6997 = EDGE_CURVE('',#6987,#437,#6998,.T.);
#6998 = LINE('',#6999,#7000);
#6999 = CARTESIAN_POINT('',(3.03508593543,0.657588704438,-4.661));
#7000 = VECTOR('',#7001,1.);
#7001 = DIRECTION('',(-1.,0.,0.));
#7002 = ORIENTED_EDGE('',*,*,#434,.F.);
#7003 = ORIENTED_EDGE('',*,*,#7004,.T.);
#7004 = EDGE_CURVE('',#435,#7005,#7007,.T.);
#7005 = VERTEX_POINT('',#7006);
#7006 = CARTESIAN_POINT('',(2.81808593543,0.352588704438,-4.661));
#7007 = LINE('',#7008,#7009);
#7008 = CARTESIAN_POINT('',(2.795,0.352588704438,-4.661));
#7009 = VECTOR('',#7010,1.);
#7010 = DIRECTION('',(1.,0.,1.154181197085E-13));
#7011 = ORIENTED_EDGE('',*,*,#7012,.F.);
#7012 = EDGE_CURVE('',#7013,#7005,#7015,.T.);
#7013 = VERTEX_POINT('',#7014);
#7014 = CARTESIAN_POINT('',(3.101505151212,0.150942901735,-4.661));
#7015 = CIRCLE('',#7016,0.3);
#7016 = AXIS2_PLACEMENT_3D('',#7017,#7018,#7019);
#7017 = CARTESIAN_POINT('',(2.81808593543,5.258870443803E-02,-4.661));
#7018 = DIRECTION('',(0.,0.,1.));
#7019 = DIRECTION('',(0.944730719271,0.327847324322,-0.));
#7020 = ORIENTED_EDGE('',*,*,#7021,.T.);
#7021 = EDGE_CURVE('',#7013,#7022,#7024,.T.);
#7022 = VERTEX_POINT('',#7023);
#7023 = CARTESIAN_POINT('',(3.133481231443,5.880005646736E-02,-4.661));
#7024 = LINE('',#7025,#7026);
#7025 = CARTESIAN_POINT('',(3.101505151212,0.150942901735,-4.661));
#7026 = VECTOR('',#7027,1.);
#7027 = DIRECTION('',(0.327847324322,-0.944730719271,-5.463838900471E-14
    ));
#7028 = ORIENTED_EDGE('',*,*,#7029,.F.);
#7029 = EDGE_CURVE('',#7030,#7022,#7032,.T.);
#7030 = VERTEX_POINT('',#7031);
#7031 = CARTESIAN_POINT('',(3.398467786893,-0.142278939174,-4.661));
#7032 = CIRCLE('',#7033,0.3);
#7033 = AXIS2_PLACEMENT_3D('',#7034,#7035,#7036);
#7034 = CARTESIAN_POINT('',(3.416900447224,0.157154253764,-4.661));
#7035 = DIRECTION('',(0.,0.,-1.));
#7036 = DIRECTION('',(-6.144220110442E-02,-0.998110643127,-0.));
#7037 = ORIENTED_EDGE('',*,*,#7038,.T.);
#7038 = EDGE_CURVE('',#7030,#7039,#7041,.T.);
#7039 = VERTEX_POINT('',#7040);
#7040 = CARTESIAN_POINT('',(3.81,-0.167612247834,-4.661));
#7041 = LINE('',#7042,#7043);
#7042 = CARTESIAN_POINT('',(3.398467786893,-0.142278939174,-4.661));
#7043 = VECTOR('',#7044,1.);
#7044 = DIRECTION('',(0.998110643127,-6.144220110442E-02,0.));
#7045 = ORIENTED_EDGE('',*,*,#7046,.T.);
#7046 = EDGE_CURVE('',#7039,#7047,#7049,.T.);
#7047 = VERTEX_POINT('',#7048);
#7048 = CARTESIAN_POINT('',(3.81,0.137387752166,-4.661));
#7049 = LINE('',#7050,#7051);
#7050 = CARTESIAN_POINT('',(3.81,-0.167612247834,-4.661));
#7051 = VECTOR('',#7052,1.);
#7052 = DIRECTION('',(0.,1.,0.));
#7053 = ORIENTED_EDGE('',*,*,#7054,.T.);
#7054 = EDGE_CURVE('',#7047,#7055,#7057,.T.);
#7055 = VERTEX_POINT('',#7056);
#7056 = CARTESIAN_POINT('',(3.620204636074,0.149071271423,-4.661));
#7057 = LINE('',#7058,#7059);
#7058 = CARTESIAN_POINT('',(3.81,0.137387752166,-4.661));
#7059 = VECTOR('',#7060,1.);
#7060 = DIRECTION('',(-0.998110643127,6.144220110442E-02,
    1.401246556331E-14));
#7061 = ORIENTED_EDGE('',*,*,#7062,.F.);
#7062 = EDGE_CURVE('',#7063,#7055,#7065,.T.);
#7063 = VERTEX_POINT('',#7064);
#7064 = CARTESIAN_POINT('',(3.355218080624,0.350150267064,-4.661));
#7065 = CIRCLE('',#7066,0.3);
#7066 = AXIS2_PLACEMENT_3D('',#7067,#7068,#7069);
#7067 = CARTESIAN_POINT('',(3.638637296405,0.448504464361,-4.661));
#7068 = DIRECTION('',(0.,0.,1.));
#7069 = DIRECTION('',(-0.944730719271,-0.327847324322,0.));
#7070 = ORIENTED_EDGE('',*,*,#7071,.T.);
#7071 = EDGE_CURVE('',#7063,#6989,#7072,.T.);
#7072 = LINE('',#7073,#7074);
#7073 = CARTESIAN_POINT('',(3.355218080624,0.350150267064,-4.661));
#7074 = VECTOR('',#7075,1.);
#7075 = DIRECTION('',(-0.327847324322,0.944730719271,-2.379436261987E-14
    ));
#7076 = PLANE('',#7077);
#7077 = AXIS2_PLACEMENT_3D('',#7078,#7079,#7080);
#7078 = CARTESIAN_POINT('',(0.,0.,-4.661));
#7079 = DIRECTION('',(0.,0.,1.));
#7080 = DIRECTION('',(1.,0.,-0.));
#7081 = ADVANCED_FACE('',(#7082),#7175,.F.);
#7082 = FACE_BOUND('',#7083,.F.);
#7083 = EDGE_LOOP('',(#7084,#7095,#7103,#7112,#7120,#7128,#7136,#7145,
    #7153,#7162,#7168,#7169));
#7084 = ORIENTED_EDGE('',*,*,#7085,.F.);
#7085 = EDGE_CURVE('',#7086,#7088,#7090,.T.);
#7086 = VERTEX_POINT('',#7087);
#7087 = CARTESIAN_POINT('',(-3.318505151212,0.455942901734,-4.661));
#7088 = VERTEX_POINT('',#7089);
#7089 = CARTESIAN_POINT('',(-3.03508593543,0.657588704438,-4.661));
#7090 = CIRCLE('',#7091,0.3);
#7091 = AXIS2_PLACEMENT_3D('',#7092,#7093,#7094);
#7092 = CARTESIAN_POINT('',(-3.03508593543,0.357588704438,-4.661));
#7093 = DIRECTION('',(0.,0.,-1.));
#7094 = DIRECTION('',(-0.944730719271,0.327847324322,0.));
#7095 = ORIENTED_EDGE('',*,*,#7096,.T.);
#7096 = EDGE_CURVE('',#7086,#7097,#7099,.T.);
#7097 = VERTEX_POINT('',#7098);
#7098 = CARTESIAN_POINT('',(-3.355218080624,0.350150267064,-4.661));
#7099 = LINE('',#7100,#7101);
#7100 = CARTESIAN_POINT('',(-3.318505151212,0.455942901734,-4.661));
#7101 = VECTOR('',#7102,1.);
#7102 = DIRECTION('',(-0.327847324322,-0.944730719271,3.965727103312E-14
    ));
#7103 = ORIENTED_EDGE('',*,*,#7104,.F.);
#7104 = EDGE_CURVE('',#7105,#7097,#7107,.T.);
#7105 = VERTEX_POINT('',#7106);
#7106 = CARTESIAN_POINT('',(-3.620204636074,0.149071271423,-4.661));
#7107 = CIRCLE('',#7108,0.3);
#7108 = AXIS2_PLACEMENT_3D('',#7109,#7110,#7111);
#7109 = CARTESIAN_POINT('',(-3.638637296405,0.448504464361,-4.661));
#7110 = DIRECTION('',(0.,0.,1.));
#7111 = DIRECTION('',(6.144220110442E-02,-0.998110643127,0.));
#7112 = ORIENTED_EDGE('',*,*,#7113,.T.);
#7113 = EDGE_CURVE('',#7105,#7114,#7116,.T.);
#7114 = VERTEX_POINT('',#7115);
#7115 = CARTESIAN_POINT('',(-3.81,0.137387752166,-4.661));
#7116 = LINE('',#7117,#7118);
#7117 = CARTESIAN_POINT('',(-3.620204636074,0.149071271423,-4.661));
#7118 = VECTOR('',#7119,1.);
#7119 = DIRECTION('',(-0.998110643127,-6.144220110442E-02,
    -1.868328741775E-14));
#7120 = ORIENTED_EDGE('',*,*,#7121,.T.);
#7121 = EDGE_CURVE('',#7114,#7122,#7124,.T.);
#7122 = VERTEX_POINT('',#7123);
#7123 = CARTESIAN_POINT('',(-3.81,-0.167612247834,-4.661));
#7124 = LINE('',#7125,#7126);
#7125 = CARTESIAN_POINT('',(-3.81,0.137387752166,-4.661));
#7126 = VECTOR('',#7127,1.);
#7127 = DIRECTION('',(0.,-1.,0.));
#7128 = ORIENTED_EDGE('',*,*,#7129,.T.);
#7129 = EDGE_CURVE('',#7122,#7130,#7132,.T.);
#7130 = VERTEX_POINT('',#7131);
#7131 = CARTESIAN_POINT('',(-3.398467786893,-0.142278939174,-4.661));
#7132 = LINE('',#7133,#7134);
#7133 = CARTESIAN_POINT('',(-3.81,-0.167612247834,-4.661));
#7134 = VECTOR('',#7135,1.);
#7135 = DIRECTION('',(0.998110643127,6.144220110442E-02,0.));
#7136 = ORIENTED_EDGE('',*,*,#7137,.F.);
#7137 = EDGE_CURVE('',#7138,#7130,#7140,.T.);
#7138 = VERTEX_POINT('',#7139);
#7139 = CARTESIAN_POINT('',(-3.133481231443,5.880005646736E-02,-4.661));
#7140 = CIRCLE('',#7141,0.3);
#7141 = AXIS2_PLACEMENT_3D('',#7142,#7143,#7144);
#7142 = CARTESIAN_POINT('',(-3.416900447224,0.157154253764,-4.661));
#7143 = DIRECTION('',(0.,0.,-1.));
#7144 = DIRECTION('',(0.944730719271,-0.327847324322,0.));
#7145 = ORIENTED_EDGE('',*,*,#7146,.T.);
#7146 = EDGE_CURVE('',#7138,#7147,#7149,.T.);
#7147 = VERTEX_POINT('',#7148);
#7148 = CARTESIAN_POINT('',(-3.101505151212,0.150942901735,-4.661));
#7149 = LINE('',#7150,#7151);
#7150 = CARTESIAN_POINT('',(-3.133481231443,5.880005646736E-02,-4.661));
#7151 = VECTOR('',#7152,1.);
#7152 = DIRECTION('',(0.327847324322,0.944730719271,0.));
#7153 = ORIENTED_EDGE('',*,*,#7154,.F.);
#7154 = EDGE_CURVE('',#7155,#7147,#7157,.T.);
#7155 = VERTEX_POINT('',#7156);
#7156 = CARTESIAN_POINT('',(-2.81808593543,0.352588704438,-4.661));
#7157 = CIRCLE('',#7158,0.3);
#7158 = AXIS2_PLACEMENT_3D('',#7159,#7160,#7161);
#7159 = CARTESIAN_POINT('',(-2.81808593543,5.258870443803E-02,-4.661));
#7160 = DIRECTION('',(0.,-0.,1.));
#7161 = DIRECTION('',(0.,1.,0.));
#7162 = ORIENTED_EDGE('',*,*,#7163,.T.);
#7163 = EDGE_CURVE('',#7155,#1434,#7164,.T.);
#7164 = LINE('',#7165,#7166);
#7165 = CARTESIAN_POINT('',(-2.81808593543,0.352588704438,-4.661));
#7166 = VECTOR('',#7167,1.);
#7167 = DIRECTION('',(1.,0.,0.));
#7168 = ORIENTED_EDGE('',*,*,#1433,.T.);
#7169 = ORIENTED_EDGE('',*,*,#7170,.T.);
#7170 = EDGE_CURVE('',#1436,#7088,#7171,.T.);
#7171 = LINE('',#7172,#7173);
#7172 = CARTESIAN_POINT('',(-2.795,0.657588704438,-4.661));
#7173 = VECTOR('',#7174,1.);
#7174 = DIRECTION('',(-1.,0.,0.));
#7175 = PLANE('',#7176);
#7176 = AXIS2_PLACEMENT_3D('',#7177,#7178,#7179);
#7177 = CARTESIAN_POINT('',(0.,0.,-4.661));
#7178 = DIRECTION('',(0.,0.,1.));
#7179 = DIRECTION('',(1.,0.,-0.));
#7180 = ADVANCED_FACE('',(#7181),#7207,.T.);
#7181 = FACE_BOUND('',#7182,.T.);
#7182 = EDGE_LOOP('',(#7183,#7191,#7200,#7206));
#7183 = ORIENTED_EDGE('',*,*,#7184,.F.);
#7184 = EDGE_CURVE('',#7185,#6987,#7187,.T.);
#7185 = VERTEX_POINT('',#7186);
#7186 = CARTESIAN_POINT('',(3.03508593543,0.657588704438,-4.229));
#7187 = LINE('',#7188,#7189);
#7188 = CARTESIAN_POINT('',(3.03508593543,0.657588704438,-4.229));
#7189 = VECTOR('',#7190,1.);
#7190 = DIRECTION('',(0.,0.,-1.));
#7191 = ORIENTED_EDGE('',*,*,#7192,.F.);
#7192 = EDGE_CURVE('',#7193,#7185,#7195,.T.);
#7193 = VERTEX_POINT('',#7194);
#7194 = CARTESIAN_POINT('',(3.318505151212,0.455942901734,-4.229));
#7195 = CIRCLE('',#7196,0.3);
#7196 = AXIS2_PLACEMENT_3D('',#7197,#7198,#7199);
#7197 = CARTESIAN_POINT('',(3.03508593543,0.357588704438,-4.229));
#7198 = DIRECTION('',(0.,0.,1.));
#7199 = DIRECTION('',(0.944730719271,0.327847324322,-0.));
#7200 = ORIENTED_EDGE('',*,*,#7201,.T.);
#7201 = EDGE_CURVE('',#7193,#6989,#7202,.T.);
#7202 = LINE('',#7203,#7204);
#7203 = CARTESIAN_POINT('',(3.318505151212,0.455942901734,-4.229));
#7204 = VECTOR('',#7205,1.);
#7205 = DIRECTION('',(0.,0.,-1.));
#7206 = ORIENTED_EDGE('',*,*,#6986,.F.);
#7207 = CYLINDRICAL_SURFACE('',#7208,0.3);
#7208 = AXIS2_PLACEMENT_3D('',#7209,#7210,#7211);
#7209 = CARTESIAN_POINT('',(3.03508593543,0.357588704438,19.14509545135)
  );
#7210 = DIRECTION('',(0.,0.,-1.));
#7211 = DIRECTION('',(0.,1.,0.));
#7212 = ADVANCED_FACE('',(#7213),#7231,.T.);
#7213 = FACE_BOUND('',#7214,.F.);
#7214 = EDGE_LOOP('',(#7215,#7216,#7217,#7225));
#7215 = ORIENTED_EDGE('',*,*,#7201,.T.);
#7216 = ORIENTED_EDGE('',*,*,#7071,.F.);
#7217 = ORIENTED_EDGE('',*,*,#7218,.T.);
#7218 = EDGE_CURVE('',#7063,#7219,#7221,.T.);
#7219 = VERTEX_POINT('',#7220);
#7220 = CARTESIAN_POINT('',(3.355218080624,0.350150267064,-4.229));
#7221 = LINE('',#7222,#7223);
#7222 = CARTESIAN_POINT('',(3.355218080624,0.350150267064,-4.661));
#7223 = VECTOR('',#7224,1.);
#7224 = DIRECTION('',(0.,0.,1.));
#7225 = ORIENTED_EDGE('',*,*,#7226,.T.);
#7226 = EDGE_CURVE('',#7219,#7193,#7227,.T.);
#7227 = LINE('',#7228,#7229);
#7228 = CARTESIAN_POINT('',(3.355218080624,0.350150267064,-4.229));
#7229 = VECTOR('',#7230,1.);
#7230 = DIRECTION('',(-0.327847324322,0.944730719271,-1.586290841325E-14
    ));
#7231 = PLANE('',#7232);
#7232 = AXIS2_PLACEMENT_3D('',#7233,#7234,#7235);
#7233 = CARTESIAN_POINT('',(3.42073684918,0.161350210597,-4.661));
#7234 = DIRECTION('',(0.944730719271,0.327847324322,0.));
#7235 = DIRECTION('',(-0.327847324322,0.944730719271,0.));
#7236 = ADVANCED_FACE('',(#7237),#7256,.F.);
#7237 = FACE_BOUND('',#7238,.F.);
#7238 = EDGE_LOOP('',(#7239,#7240,#7241,#7249));
#7239 = ORIENTED_EDGE('',*,*,#7218,.F.);
#7240 = ORIENTED_EDGE('',*,*,#7062,.T.);
#7241 = ORIENTED_EDGE('',*,*,#7242,.T.);
#7242 = EDGE_CURVE('',#7055,#7243,#7245,.T.);
#7243 = VERTEX_POINT('',#7244);
#7244 = CARTESIAN_POINT('',(3.620204636074,0.149071271423,-4.229));
#7245 = LINE('',#7246,#7247);
#7246 = CARTESIAN_POINT('',(3.620204636074,0.149071271423,-4.661));
#7247 = VECTOR('',#7248,1.);
#7248 = DIRECTION('',(0.,0.,1.));
#7249 = ORIENTED_EDGE('',*,*,#7250,.T.);
#7250 = EDGE_CURVE('',#7243,#7219,#7251,.T.);
#7251 = CIRCLE('',#7252,0.3);
#7252 = AXIS2_PLACEMENT_3D('',#7253,#7254,#7255);
#7253 = CARTESIAN_POINT('',(3.638637296405,0.448504464361,-4.229));
#7254 = DIRECTION('',(0.,0.,-1.));
#7255 = DIRECTION('',(-6.144220110442E-02,-0.998110643127,-0.));
#7256 = CYLINDRICAL_SURFACE('',#7257,0.3);
#7257 = AXIS2_PLACEMENT_3D('',#7258,#7259,#7260);
#7258 = CARTESIAN_POINT('',(3.638637296405,0.448504464361,-24.745392));
#7259 = DIRECTION('',(0.,0.,1.));
#7260 = DIRECTION('',(-0.944730719271,-0.327847324322,0.));
#7261 = ADVANCED_FACE('',(#7262),#7280,.T.);
#7262 = FACE_BOUND('',#7263,.F.);
#7263 = EDGE_LOOP('',(#7264,#7265,#7266,#7274));
#7264 = ORIENTED_EDGE('',*,*,#7242,.F.);
#7265 = ORIENTED_EDGE('',*,*,#7054,.F.);
#7266 = ORIENTED_EDGE('',*,*,#7267,.T.);
#7267 = EDGE_CURVE('',#7047,#7268,#7270,.T.);
#7268 = VERTEX_POINT('',#7269);
#7269 = CARTESIAN_POINT('',(3.81,0.137387752166,-4.229));
#7270 = LINE('',#7271,#7272);
#7271 = CARTESIAN_POINT('',(3.81,0.137387752166,-4.661));
#7272 = VECTOR('',#7273,1.);
#7273 = DIRECTION('',(0.,0.,1.));
#7274 = ORIENTED_EDGE('',*,*,#7275,.T.);
#7275 = EDGE_CURVE('',#7268,#7243,#7276,.T.);
#7276 = LINE('',#7277,#7278);
#7277 = CARTESIAN_POINT('',(3.81,0.137387752166,-4.229));
#7278 = VECTOR('',#7279,1.);
#7279 = DIRECTION('',(-0.998110643127,6.144220110442E-02,0.));
#7280 = PLANE('',#7281);
#7281 = AXIS2_PLACEMENT_3D('',#7282,#7283,#7284);
#7282 = CARTESIAN_POINT('',(3.81,0.137387752166,-4.661));
#7283 = DIRECTION('',(6.144220110442E-02,0.998110643127,0.));
#7284 = DIRECTION('',(-0.998110643127,6.144220110442E-02,0.));
#7285 = ADVANCED_FACE('',(#7286),#7304,.T.);
#7286 = FACE_BOUND('',#7287,.F.);
#7287 = EDGE_LOOP('',(#7288,#7289,#7297,#7303));
#7288 = ORIENTED_EDGE('',*,*,#7046,.F.);
#7289 = ORIENTED_EDGE('',*,*,#7290,.T.);
#7290 = EDGE_CURVE('',#7039,#7291,#7293,.T.);
#7291 = VERTEX_POINT('',#7292);
#7292 = CARTESIAN_POINT('',(3.81,-0.167612247834,-4.229));
#7293 = LINE('',#7294,#7295);
#7294 = CARTESIAN_POINT('',(3.81,-0.167612247834,-4.661));
#7295 = VECTOR('',#7296,1.);
#7296 = DIRECTION('',(0.,0.,1.));
#7297 = ORIENTED_EDGE('',*,*,#7298,.T.);
#7298 = EDGE_CURVE('',#7291,#7268,#7299,.T.);
#7299 = LINE('',#7300,#7301);
#7300 = CARTESIAN_POINT('',(3.81,-0.167612247834,-4.229));
#7301 = VECTOR('',#7302,1.);
#7302 = DIRECTION('',(0.,1.,0.));
#7303 = ORIENTED_EDGE('',*,*,#7267,.F.);
#7304 = PLANE('',#7305);
#7305 = AXIS2_PLACEMENT_3D('',#7306,#7307,#7308);
#7306 = CARTESIAN_POINT('',(3.81,-0.167612247834,-4.661));
#7307 = DIRECTION('',(1.,0.,0.));
#7308 = DIRECTION('',(-0.,1.,0.));
#7309 = ADVANCED_FACE('',(#7310),#7328,.T.);
#7310 = FACE_BOUND('',#7311,.F.);
#7311 = EDGE_LOOP('',(#7312,#7320,#7326,#7327));
#7312 = ORIENTED_EDGE('',*,*,#7313,.F.);
#7313 = EDGE_CURVE('',#7314,#7030,#7316,.T.);
#7314 = VERTEX_POINT('',#7315);
#7315 = CARTESIAN_POINT('',(3.398467786893,-0.142278939174,-4.229));
#7316 = LINE('',#7317,#7318);
#7317 = CARTESIAN_POINT('',(3.398467786893,-0.142278939174,-4.229));
#7318 = VECTOR('',#7319,1.);
#7319 = DIRECTION('',(0.,0.,-1.));
#7320 = ORIENTED_EDGE('',*,*,#7321,.T.);
#7321 = EDGE_CURVE('',#7314,#7291,#7322,.T.);
#7322 = LINE('',#7323,#7324);
#7323 = CARTESIAN_POINT('',(3.398467786893,-0.142278939174,-4.229));
#7324 = VECTOR('',#7325,1.);
#7325 = DIRECTION('',(0.998110643127,-6.144220110442E-02,0.));
#7326 = ORIENTED_EDGE('',*,*,#7290,.F.);
#7327 = ORIENTED_EDGE('',*,*,#7038,.F.);
#7328 = PLANE('',#7329);
#7329 = AXIS2_PLACEMENT_3D('',#7330,#7331,#7332);
#7330 = CARTESIAN_POINT('',(3.199,-0.13,-4.661));
#7331 = DIRECTION('',(-6.144220110442E-02,-0.998110643127,0.));
#7332 = DIRECTION('',(0.998110643127,-6.144220110442E-02,0.));
#7333 = ADVANCED_FACE('',(#7334),#7353,.T.);
#7334 = FACE_BOUND('',#7335,.T.);
#7335 = EDGE_LOOP('',(#7336,#7337,#7346,#7352));
#7336 = ORIENTED_EDGE('',*,*,#7313,.F.);
#7337 = ORIENTED_EDGE('',*,*,#7338,.F.);
#7338 = EDGE_CURVE('',#7339,#7314,#7341,.T.);
#7339 = VERTEX_POINT('',#7340);
#7340 = CARTESIAN_POINT('',(3.133481231443,5.880005646736E-02,-4.229));
#7341 = CIRCLE('',#7342,0.3);
#7342 = AXIS2_PLACEMENT_3D('',#7343,#7344,#7345);
#7343 = CARTESIAN_POINT('',(3.416900447224,0.157154253764,-4.229));
#7344 = DIRECTION('',(0.,0.,1.));
#7345 = DIRECTION('',(-0.944730719271,-0.327847324322,0.));
#7346 = ORIENTED_EDGE('',*,*,#7347,.T.);
#7347 = EDGE_CURVE('',#7339,#7022,#7348,.T.);
#7348 = LINE('',#7349,#7350);
#7349 = CARTESIAN_POINT('',(3.133481231443,5.880005646736E-02,-4.229));
#7350 = VECTOR('',#7351,1.);
#7351 = DIRECTION('',(0.,0.,-1.));
#7352 = ORIENTED_EDGE('',*,*,#7029,.F.);
#7353 = CYLINDRICAL_SURFACE('',#7354,0.3);
#7354 = AXIS2_PLACEMENT_3D('',#7355,#7356,#7357);
#7355 = CARTESIAN_POINT('',(3.416900447224,0.157154253764,19.32794273233
    ));
#7356 = DIRECTION('',(0.,0.,-1.));
#7357 = DIRECTION('',(-6.144220110442E-02,-0.998110643127,-0.));
#7358 = ADVANCED_FACE('',(#7359),#7377,.T.);
#7359 = FACE_BOUND('',#7360,.F.);
#7360 = EDGE_LOOP('',(#7361,#7362,#7363,#7371));
#7361 = ORIENTED_EDGE('',*,*,#7347,.T.);
#7362 = ORIENTED_EDGE('',*,*,#7021,.F.);
#7363 = ORIENTED_EDGE('',*,*,#7364,.T.);
#7364 = EDGE_CURVE('',#7013,#7365,#7367,.T.);
#7365 = VERTEX_POINT('',#7366);
#7366 = CARTESIAN_POINT('',(3.101505151212,0.150942901735,-4.229));
#7367 = LINE('',#7368,#7369);
#7368 = CARTESIAN_POINT('',(3.101505151212,0.150942901735,-4.661));
#7369 = VECTOR('',#7370,1.);
#7370 = DIRECTION('',(0.,0.,1.));
#7371 = ORIENTED_EDGE('',*,*,#7372,.T.);
#7372 = EDGE_CURVE('',#7365,#7339,#7373,.T.);
#7373 = LINE('',#7374,#7375);
#7374 = CARTESIAN_POINT('',(3.101505151212,0.150942901735,-4.229));
#7375 = VECTOR('',#7376,1.);
#7376 = DIRECTION('',(0.327847324322,-0.944730719271,-5.463838900471E-14
    ));
#7377 = PLANE('',#7378);
#7378 = AXIS2_PLACEMENT_3D('',#7379,#7380,#7381);
#7379 = CARTESIAN_POINT('',(3.031528558381,0.352588704438,-4.661));
#7380 = DIRECTION('',(-0.944730719271,-0.327847324322,0.));
#7381 = DIRECTION('',(0.327847324322,-0.944730719271,0.));
#7382 = ADVANCED_FACE('',(#7383),#7402,.F.);
#7383 = FACE_BOUND('',#7384,.F.);
#7384 = EDGE_LOOP('',(#7385,#7386,#7387,#7395));
#7385 = ORIENTED_EDGE('',*,*,#7364,.F.);
#7386 = ORIENTED_EDGE('',*,*,#7012,.T.);
#7387 = ORIENTED_EDGE('',*,*,#7388,.T.);
#7388 = EDGE_CURVE('',#7005,#7389,#7391,.T.);
#7389 = VERTEX_POINT('',#7390);
#7390 = CARTESIAN_POINT('',(2.81808593543,0.352588704438,-4.229));
#7391 = LINE('',#7392,#7393);
#7392 = CARTESIAN_POINT('',(2.81808593543,0.352588704438,-4.661));
#7393 = VECTOR('',#7394,1.);
#7394 = DIRECTION('',(0.,0.,1.));
#7395 = ORIENTED_EDGE('',*,*,#7396,.T.);
#7396 = EDGE_CURVE('',#7389,#7365,#7397,.T.);
#7397 = CIRCLE('',#7398,0.3);
#7398 = AXIS2_PLACEMENT_3D('',#7399,#7400,#7401);
#7399 = CARTESIAN_POINT('',(2.81808593543,5.258870443803E-02,-4.229));
#7400 = DIRECTION('',(0.,0.,-1.));
#7401 = DIRECTION('',(0.,1.,0.));
#7402 = CYLINDRICAL_SURFACE('',#7403,0.3);
#7403 = AXIS2_PLACEMENT_3D('',#7404,#7405,#7406);
#7404 = CARTESIAN_POINT('',(2.81808593543,5.258870443803E-02,-24.745392)
  );
#7405 = DIRECTION('',(0.,0.,1.));
#7406 = DIRECTION('',(0.944730719271,0.327847324322,-0.));
#7407 = ADVANCED_FACE('',(#7408),#7419,.T.);
#7408 = FACE_BOUND('',#7409,.F.);
#7409 = EDGE_LOOP('',(#7410,#7411,#7412,#7413));
#7410 = ORIENTED_EDGE('',*,*,#7388,.F.);
#7411 = ORIENTED_EDGE('',*,*,#7004,.F.);
#7412 = ORIENTED_EDGE('',*,*,#460,.T.);
#7413 = ORIENTED_EDGE('',*,*,#7414,.T.);
#7414 = EDGE_CURVE('',#453,#7389,#7415,.T.);
#7415 = LINE('',#7416,#7417);
#7416 = CARTESIAN_POINT('',(2.795,0.352588704438,-4.229));
#7417 = VECTOR('',#7418,1.);
#7418 = DIRECTION('',(1.,0.,7.694541313903E-14));
#7419 = PLANE('',#7420);
#7420 = AXIS2_PLACEMENT_3D('',#7421,#7422,#7423);
#7421 = CARTESIAN_POINT('',(2.025528558381,0.352588704438,-4.661));
#7422 = DIRECTION('',(0.,-1.,0.));
#7423 = DIRECTION('',(1.,0.,0.));
#7424 = ADVANCED_FACE('',(#7425),#7444,.T.);
#7425 = FACE_BOUND('',#7426,.F.);
#7426 = EDGE_LOOP('',(#7427,#7428,#7429,#7430,#7431,#7432,#7433,#7434,
    #7435,#7436,#7437,#7438));
#7427 = ORIENTED_EDGE('',*,*,#7192,.F.);
#7428 = ORIENTED_EDGE('',*,*,#7226,.F.);
#7429 = ORIENTED_EDGE('',*,*,#7250,.F.);
#7430 = ORIENTED_EDGE('',*,*,#7275,.F.);
#7431 = ORIENTED_EDGE('',*,*,#7298,.F.);
#7432 = ORIENTED_EDGE('',*,*,#7321,.F.);
#7433 = ORIENTED_EDGE('',*,*,#7338,.F.);
#7434 = ORIENTED_EDGE('',*,*,#7372,.F.);
#7435 = ORIENTED_EDGE('',*,*,#7396,.F.);
#7436 = ORIENTED_EDGE('',*,*,#7414,.F.);
#7437 = ORIENTED_EDGE('',*,*,#452,.T.);
#7438 = ORIENTED_EDGE('',*,*,#7439,.F.);
#7439 = EDGE_CURVE('',#7185,#445,#7440,.T.);
#7440 = LINE('',#7441,#7442);
#7441 = CARTESIAN_POINT('',(3.03508593543,0.657588704438,-4.229));
#7442 = VECTOR('',#7443,1.);
#7443 = DIRECTION('',(-1.,0.,0.));
#7444 = PLANE('',#7445);
#7445 = AXIS2_PLACEMENT_3D('',#7446,#7447,#7448);
#7446 = CARTESIAN_POINT('',(0.,0.,-4.229));
#7447 = DIRECTION('',(0.,0.,1.));
#7448 = DIRECTION('',(1.,0.,-0.));
#7449 = ADVANCED_FACE('',(#7450),#7543,.T.);
#7450 = FACE_BOUND('',#7451,.F.);
#7451 = EDGE_LOOP('',(#7452,#7463,#7469,#7470,#7478,#7487,#7495,#7504,
    #7512,#7520,#7528,#7537));
#7452 = ORIENTED_EDGE('',*,*,#7453,.F.);
#7453 = EDGE_CURVE('',#7454,#7456,#7458,.T.);
#7454 = VERTEX_POINT('',#7455);
#7455 = CARTESIAN_POINT('',(-3.03508593543,0.657588704438,-4.229));
#7456 = VERTEX_POINT('',#7457);
#7457 = CARTESIAN_POINT('',(-3.318505151212,0.455942901734,-4.229));
#7458 = CIRCLE('',#7459,0.3);
#7459 = AXIS2_PLACEMENT_3D('',#7460,#7461,#7462);
#7460 = CARTESIAN_POINT('',(-3.03508593543,0.357588704438,-4.229));
#7461 = DIRECTION('',(0.,-0.,1.));
#7462 = DIRECTION('',(0.,1.,0.));
#7463 = ORIENTED_EDGE('',*,*,#7464,.F.);
#7464 = EDGE_CURVE('',#1452,#7454,#7465,.T.);
#7465 = LINE('',#7466,#7467);
#7466 = CARTESIAN_POINT('',(-2.795,0.657588704438,-4.229));
#7467 = VECTOR('',#7468,1.);
#7468 = DIRECTION('',(-1.,0.,0.));
#7469 = ORIENTED_EDGE('',*,*,#1451,.F.);
#7470 = ORIENTED_EDGE('',*,*,#7471,.F.);
#7471 = EDGE_CURVE('',#7472,#1444,#7474,.T.);
#7472 = VERTEX_POINT('',#7473);
#7473 = CARTESIAN_POINT('',(-2.81808593543,0.352588704438,-4.229));
#7474 = LINE('',#7475,#7476);
#7475 = CARTESIAN_POINT('',(-2.81808593543,0.352588704438,-4.229));
#7476 = VECTOR('',#7477,1.);
#7477 = DIRECTION('',(1.,0.,0.));
#7478 = ORIENTED_EDGE('',*,*,#7479,.F.);
#7479 = EDGE_CURVE('',#7480,#7472,#7482,.T.);
#7480 = VERTEX_POINT('',#7481);
#7481 = CARTESIAN_POINT('',(-3.101505151212,0.150942901735,-4.229));
#7482 = CIRCLE('',#7483,0.3);
#7483 = AXIS2_PLACEMENT_3D('',#7484,#7485,#7486);
#7484 = CARTESIAN_POINT('',(-2.81808593543,5.258870443803E-02,-4.229));
#7485 = DIRECTION('',(0.,0.,-1.));
#7486 = DIRECTION('',(-0.944730719271,0.327847324322,0.));
#7487 = ORIENTED_EDGE('',*,*,#7488,.F.);
#7488 = EDGE_CURVE('',#7489,#7480,#7491,.T.);
#7489 = VERTEX_POINT('',#7490);
#7490 = CARTESIAN_POINT('',(-3.133481231443,5.880005646736E-02,-4.229));
#7491 = LINE('',#7492,#7493);
#7492 = CARTESIAN_POINT('',(-3.133481231443,5.880005646736E-02,-4.229));
#7493 = VECTOR('',#7494,1.);
#7494 = DIRECTION('',(0.327847324322,0.944730719271,2.731919450236E-14)
  );
#7495 = ORIENTED_EDGE('',*,*,#7496,.F.);
#7496 = EDGE_CURVE('',#7497,#7489,#7499,.T.);
#7497 = VERTEX_POINT('',#7498);
#7498 = CARTESIAN_POINT('',(-3.398467786893,-0.142278939174,-4.229));
#7499 = CIRCLE('',#7500,0.3);
#7500 = AXIS2_PLACEMENT_3D('',#7501,#7502,#7503);
#7501 = CARTESIAN_POINT('',(-3.416900447224,0.157154253764,-4.229));
#7502 = DIRECTION('',(0.,0.,1.));
#7503 = DIRECTION('',(6.144220110442E-02,-0.998110643127,0.));
#7504 = ORIENTED_EDGE('',*,*,#7505,.F.);
#7505 = EDGE_CURVE('',#7506,#7497,#7508,.T.);
#7506 = VERTEX_POINT('',#7507);
#7507 = CARTESIAN_POINT('',(-3.81,-0.167612247834,-4.229));
#7508 = LINE('',#7509,#7510);
#7509 = CARTESIAN_POINT('',(-3.81,-0.167612247834,-4.229));
#7510 = VECTOR('',#7511,1.);
#7511 = DIRECTION('',(0.998110643127,6.144220110442E-02,0.));
#7512 = ORIENTED_EDGE('',*,*,#7513,.F.);
#7513 = EDGE_CURVE('',#7514,#7506,#7516,.T.);
#7514 = VERTEX_POINT('',#7515);
#7515 = CARTESIAN_POINT('',(-3.81,0.137387752166,-4.229));
#7516 = LINE('',#7517,#7518);
#7517 = CARTESIAN_POINT('',(-3.81,0.137387752166,-4.229));
#7518 = VECTOR('',#7519,1.);
#7519 = DIRECTION('',(0.,-1.,0.));
#7520 = ORIENTED_EDGE('',*,*,#7521,.F.);
#7521 = EDGE_CURVE('',#7522,#7514,#7524,.T.);
#7522 = VERTEX_POINT('',#7523);
#7523 = CARTESIAN_POINT('',(-3.620204636074,0.149071271423,-4.229));
#7524 = LINE('',#7525,#7526);
#7525 = CARTESIAN_POINT('',(-3.620204636074,0.149071271423,-4.229));
#7526 = VECTOR('',#7527,1.);
#7527 = DIRECTION('',(-0.998110643127,-6.144220110442E-02,0.));
#7528 = ORIENTED_EDGE('',*,*,#7529,.F.);
#7529 = EDGE_CURVE('',#7530,#7522,#7532,.T.);
#7530 = VERTEX_POINT('',#7531);
#7531 = CARTESIAN_POINT('',(-3.355218080624,0.350150267064,-4.229));
#7532 = CIRCLE('',#7533,0.3);
#7533 = AXIS2_PLACEMENT_3D('',#7534,#7535,#7536);
#7534 = CARTESIAN_POINT('',(-3.638637296405,0.448504464361,-4.229));
#7535 = DIRECTION('',(0.,0.,-1.));
#7536 = DIRECTION('',(0.944730719271,-0.327847324322,0.));
#7537 = ORIENTED_EDGE('',*,*,#7538,.F.);
#7538 = EDGE_CURVE('',#7456,#7530,#7539,.T.);
#7539 = LINE('',#7540,#7541);
#7540 = CARTESIAN_POINT('',(-3.318505151212,0.455942901734,-4.229));
#7541 = VECTOR('',#7542,1.);
#7542 = DIRECTION('',(-0.327847324322,-0.944730719271,3.172581682649E-14
    ));
#7543 = PLANE('',#7544);
#7544 = AXIS2_PLACEMENT_3D('',#7545,#7546,#7547);
#7545 = CARTESIAN_POINT('',(0.,0.,-4.229));
#7546 = DIRECTION('',(0.,0.,1.));
#7547 = DIRECTION('',(1.,0.,-0.));
#7548 = ADVANCED_FACE('',(#7549),#7555,.T.);
#7549 = FACE_BOUND('',#7550,.F.);
#7550 = EDGE_LOOP('',(#7551,#7552,#7553,#7554));
#7551 = ORIENTED_EDGE('',*,*,#7184,.F.);
#7552 = ORIENTED_EDGE('',*,*,#7439,.T.);
#7553 = ORIENTED_EDGE('',*,*,#444,.F.);
#7554 = ORIENTED_EDGE('',*,*,#6997,.F.);
#7555 = PLANE('',#7556);
#7556 = AXIS2_PLACEMENT_3D('',#7557,#7558,#7559);
#7557 = CARTESIAN_POINT('',(3.248528558381,0.657588704438,-4.661));
#7558 = DIRECTION('',(0.,1.,0.));
#7559 = DIRECTION('',(-1.,0.,0.));
#7560 = ADVANCED_FACE('',(#7561),#7577,.T.);
#7561 = FACE_BOUND('',#7562,.T.);
#7562 = EDGE_LOOP('',(#7563,#7569,#7570,#7576));
#7563 = ORIENTED_EDGE('',*,*,#7564,.F.);
#7564 = EDGE_CURVE('',#7456,#7086,#7565,.T.);
#7565 = LINE('',#7566,#7567);
#7566 = CARTESIAN_POINT('',(-3.318505151212,0.455942901734,-4.229));
#7567 = VECTOR('',#7568,1.);
#7568 = DIRECTION('',(0.,0.,-1.));
#7569 = ORIENTED_EDGE('',*,*,#7453,.F.);
#7570 = ORIENTED_EDGE('',*,*,#7571,.T.);
#7571 = EDGE_CURVE('',#7454,#7088,#7572,.T.);
#7572 = LINE('',#7573,#7574);
#7573 = CARTESIAN_POINT('',(-3.03508593543,0.657588704438,-4.229));
#7574 = VECTOR('',#7575,1.);
#7575 = DIRECTION('',(0.,0.,-1.));
#7576 = ORIENTED_EDGE('',*,*,#7085,.F.);
#7577 = CYLINDRICAL_SURFACE('',#7578,0.3);
#7578 = AXIS2_PLACEMENT_3D('',#7579,#7580,#7581);
#7579 = CARTESIAN_POINT('',(-3.03508593543,0.357588704438,23.00175461233
    ));
#7580 = DIRECTION('',(0.,0.,-1.));
#7581 = DIRECTION('',(-0.944730719271,0.327847324322,0.));
#7582 = ADVANCED_FACE('',(#7583),#7589,.T.);
#7583 = FACE_BOUND('',#7584,.F.);
#7584 = EDGE_LOOP('',(#7585,#7586,#7587,#7588));
#7585 = ORIENTED_EDGE('',*,*,#7571,.T.);
#7586 = ORIENTED_EDGE('',*,*,#7170,.F.);
#7587 = ORIENTED_EDGE('',*,*,#1459,.T.);
#7588 = ORIENTED_EDGE('',*,*,#7464,.T.);
#7589 = PLANE('',#7590);
#7590 = AXIS2_PLACEMENT_3D('',#7591,#7592,#7593);
#7591 = CARTESIAN_POINT('',(-2.025528558381,0.657588704438,-4.661));
#7592 = DIRECTION('',(0.,1.,0.));
#7593 = DIRECTION('',(-1.,0.,0.));
#7594 = ADVANCED_FACE('',(#7595),#7606,.T.);
#7595 = FACE_BOUND('',#7596,.F.);
#7596 = EDGE_LOOP('',(#7597,#7598,#7599,#7605));
#7597 = ORIENTED_EDGE('',*,*,#7564,.F.);
#7598 = ORIENTED_EDGE('',*,*,#7538,.T.);
#7599 = ORIENTED_EDGE('',*,*,#7600,.F.);
#7600 = EDGE_CURVE('',#7097,#7530,#7601,.T.);
#7601 = LINE('',#7602,#7603);
#7602 = CARTESIAN_POINT('',(-3.355218080624,0.350150267064,-4.661));
#7603 = VECTOR('',#7604,1.);
#7604 = DIRECTION('',(0.,0.,1.));
#7605 = ORIENTED_EDGE('',*,*,#7096,.F.);
#7606 = PLANE('',#7607);
#7607 = AXIS2_PLACEMENT_3D('',#7608,#7609,#7610);
#7608 = CARTESIAN_POINT('',(-3.248528558381,0.657588704438,-4.661));
#7609 = DIRECTION('',(-0.944730719271,0.327847324322,0.));
#7610 = DIRECTION('',(-0.327847324322,-0.944730719271,0.));
#7611 = ADVANCED_FACE('',(#7612),#7623,.F.);
#7612 = FACE_BOUND('',#7613,.F.);
#7613 = EDGE_LOOP('',(#7614,#7620,#7621,#7622));
#7614 = ORIENTED_EDGE('',*,*,#7615,.F.);
#7615 = EDGE_CURVE('',#7105,#7522,#7616,.T.);
#7616 = LINE('',#7617,#7618);
#7617 = CARTESIAN_POINT('',(-3.620204636074,0.149071271423,-4.661));
#7618 = VECTOR('',#7619,1.);
#7619 = DIRECTION('',(0.,0.,1.));
#7620 = ORIENTED_EDGE('',*,*,#7104,.T.);
#7621 = ORIENTED_EDGE('',*,*,#7600,.T.);
#7622 = ORIENTED_EDGE('',*,*,#7529,.T.);
#7623 = CYLINDRICAL_SURFACE('',#7624,0.3);
#7624 = AXIS2_PLACEMENT_3D('',#7625,#7626,#7627);
#7625 = CARTESIAN_POINT('',(-3.638637296405,0.448504464361,-24.745392));
#7626 = DIRECTION('',(0.,0.,1.));
#7627 = DIRECTION('',(6.144220110442E-02,-0.998110643127,0.));
#7628 = ADVANCED_FACE('',(#7629),#7640,.T.);
#7629 = FACE_BOUND('',#7630,.F.);
#7630 = EDGE_LOOP('',(#7631,#7632,#7633,#7639));
#7631 = ORIENTED_EDGE('',*,*,#7615,.T.);
#7632 = ORIENTED_EDGE('',*,*,#7521,.T.);
#7633 = ORIENTED_EDGE('',*,*,#7634,.F.);
#7634 = EDGE_CURVE('',#7114,#7514,#7635,.T.);
#7635 = LINE('',#7636,#7637);
#7636 = CARTESIAN_POINT('',(-3.81,0.137387752166,-4.661));
#7637 = VECTOR('',#7638,1.);
#7638 = DIRECTION('',(0.,0.,1.));
#7639 = ORIENTED_EDGE('',*,*,#7113,.F.);
#7640 = PLANE('',#7641);
#7641 = AXIS2_PLACEMENT_3D('',#7642,#7643,#7644);
#7642 = CARTESIAN_POINT('',(-3.42073684918,0.161350210597,-4.661));
#7643 = DIRECTION('',(-6.144220110442E-02,0.998110643127,0.));
#7644 = DIRECTION('',(-0.998110643127,-6.144220110442E-02,0.));
#7645 = ADVANCED_FACE('',(#7646),#7657,.T.);
#7646 = FACE_BOUND('',#7647,.F.);
#7647 = EDGE_LOOP('',(#7648,#7649,#7650,#7651));
#7648 = ORIENTED_EDGE('',*,*,#7121,.F.);
#7649 = ORIENTED_EDGE('',*,*,#7634,.T.);
#7650 = ORIENTED_EDGE('',*,*,#7513,.T.);
#7651 = ORIENTED_EDGE('',*,*,#7652,.F.);
#7652 = EDGE_CURVE('',#7122,#7506,#7653,.T.);
#7653 = LINE('',#7654,#7655);
#7654 = CARTESIAN_POINT('',(-3.81,-0.167612247834,-4.661));
#7655 = VECTOR('',#7656,1.);
#7656 = DIRECTION('',(0.,0.,1.));
#7657 = PLANE('',#7658);
#7658 = AXIS2_PLACEMENT_3D('',#7659,#7660,#7661);
#7659 = CARTESIAN_POINT('',(-3.81,0.137387752166,-4.661));
#7660 = DIRECTION('',(-1.,0.,0.));
#7661 = DIRECTION('',(0.,-1.,0.));
#7662 = ADVANCED_FACE('',(#7663),#7674,.T.);
#7663 = FACE_BOUND('',#7664,.F.);
#7664 = EDGE_LOOP('',(#7665,#7671,#7672,#7673));
#7665 = ORIENTED_EDGE('',*,*,#7666,.T.);
#7666 = EDGE_CURVE('',#7497,#7130,#7667,.T.);
#7667 = LINE('',#7668,#7669);
#7668 = CARTESIAN_POINT('',(-3.398467786893,-0.142278939174,-4.229));
#7669 = VECTOR('',#7670,1.);
#7670 = DIRECTION('',(0.,0.,-1.));
#7671 = ORIENTED_EDGE('',*,*,#7129,.F.);
#7672 = ORIENTED_EDGE('',*,*,#7652,.T.);
#7673 = ORIENTED_EDGE('',*,*,#7505,.T.);
#7674 = PLANE('',#7675);
#7675 = AXIS2_PLACEMENT_3D('',#7676,#7677,#7678);
#7676 = CARTESIAN_POINT('',(-3.81,-0.167612247834,-4.661));
#7677 = DIRECTION('',(6.144220110442E-02,-0.998110643127,0.));
#7678 = DIRECTION('',(0.998110643127,6.144220110442E-02,0.));
#7679 = ADVANCED_FACE('',(#7680),#7691,.T.);
#7680 = FACE_BOUND('',#7681,.T.);
#7681 = EDGE_LOOP('',(#7682,#7688,#7689,#7690));
#7682 = ORIENTED_EDGE('',*,*,#7683,.F.);
#7683 = EDGE_CURVE('',#7489,#7138,#7684,.T.);
#7684 = LINE('',#7685,#7686);
#7685 = CARTESIAN_POINT('',(-3.133481231443,5.880005646736E-02,-4.229));
#7686 = VECTOR('',#7687,1.);
#7687 = DIRECTION('',(0.,0.,-1.));
#7688 = ORIENTED_EDGE('',*,*,#7496,.F.);
#7689 = ORIENTED_EDGE('',*,*,#7666,.T.);
#7690 = ORIENTED_EDGE('',*,*,#7137,.F.);
#7691 = CYLINDRICAL_SURFACE('',#7692,0.3);
#7692 = AXIS2_PLACEMENT_3D('',#7693,#7694,#7695);
#7693 = CARTESIAN_POINT('',(-3.416900447224,0.157154253764,
    23.17840938047));
#7694 = DIRECTION('',(0.,0.,-1.));
#7695 = DIRECTION('',(0.944730719271,-0.327847324322,0.));
#7696 = ADVANCED_FACE('',(#7697),#7708,.T.);
#7697 = FACE_BOUND('',#7698,.F.);
#7698 = EDGE_LOOP('',(#7699,#7700,#7701,#7707));
#7699 = ORIENTED_EDGE('',*,*,#7683,.F.);
#7700 = ORIENTED_EDGE('',*,*,#7488,.T.);
#7701 = ORIENTED_EDGE('',*,*,#7702,.F.);
#7702 = EDGE_CURVE('',#7147,#7480,#7703,.T.);
#7703 = LINE('',#7704,#7705);
#7704 = CARTESIAN_POINT('',(-3.101505151212,0.150942901735,-4.661));
#7705 = VECTOR('',#7706,1.);
#7706 = DIRECTION('',(0.,0.,1.));
#7707 = ORIENTED_EDGE('',*,*,#7146,.F.);
#7708 = PLANE('',#7709);
#7709 = AXIS2_PLACEMENT_3D('',#7710,#7711,#7712);
#7710 = CARTESIAN_POINT('',(-3.199,-0.13,-4.661));
#7711 = DIRECTION('',(0.944730719271,-0.327847324322,0.));
#7712 = DIRECTION('',(0.327847324322,0.944730719271,0.));
#7713 = ADVANCED_FACE('',(#7714),#7725,.F.);
#7714 = FACE_BOUND('',#7715,.F.);
#7715 = EDGE_LOOP('',(#7716,#7722,#7723,#7724));
#7716 = ORIENTED_EDGE('',*,*,#7717,.F.);
#7717 = EDGE_CURVE('',#7155,#7472,#7718,.T.);
#7718 = LINE('',#7719,#7720);
#7719 = CARTESIAN_POINT('',(-2.81808593543,0.352588704438,-4.661));
#7720 = VECTOR('',#7721,1.);
#7721 = DIRECTION('',(0.,0.,1.));
#7722 = ORIENTED_EDGE('',*,*,#7154,.T.);
#7723 = ORIENTED_EDGE('',*,*,#7702,.T.);
#7724 = ORIENTED_EDGE('',*,*,#7479,.T.);
#7725 = CYLINDRICAL_SURFACE('',#7726,0.3);
#7726 = AXIS2_PLACEMENT_3D('',#7727,#7728,#7729);
#7727 = CARTESIAN_POINT('',(-2.81808593543,5.258870443803E-02,-24.745392
    ));
#7728 = DIRECTION('',(0.,0.,1.));
#7729 = DIRECTION('',(0.,1.,0.));
#7730 = ADVANCED_FACE('',(#7731),#7737,.T.);
#7731 = FACE_BOUND('',#7732,.F.);
#7732 = EDGE_LOOP('',(#7733,#7734,#7735,#7736));
#7733 = ORIENTED_EDGE('',*,*,#7717,.T.);
#7734 = ORIENTED_EDGE('',*,*,#7471,.T.);
#7735 = ORIENTED_EDGE('',*,*,#1443,.F.);
#7736 = ORIENTED_EDGE('',*,*,#7163,.F.);
#7737 = PLANE('',#7738);
#7738 = AXIS2_PLACEMENT_3D('',#7739,#7740,#7741);
#7739 = CARTESIAN_POINT('',(-3.031528558381,0.352588704438,-4.661));
#7740 = DIRECTION('',(0.,-1.,0.));
#7741 = DIRECTION('',(1.,0.,0.));
#7742 = ADVANCED_FACE('',(#7743),#7836,.F.);
#7743 = FACE_BOUND('',#7744,.F.);
#7744 = EDGE_LOOP('',(#7745,#7756,#7762,#7763,#7771,#7780,#7788,#7797,
    #7805,#7813,#7821,#7830));
#7745 = ORIENTED_EDGE('',*,*,#7746,.F.);
#7746 = EDGE_CURVE('',#7747,#7749,#7751,.T.);
#7747 = VERTEX_POINT('',#7748);
#7748 = CARTESIAN_POINT('',(3.03508593543,0.657588704438,-5.931));
#7749 = VERTEX_POINT('',#7750);
#7750 = CARTESIAN_POINT('',(3.318505151212,0.455942901734,-5.931));
#7751 = CIRCLE('',#7752,0.3);
#7752 = AXIS2_PLACEMENT_3D('',#7753,#7754,#7755);
#7753 = CARTESIAN_POINT('',(3.03508593543,0.357588704438,-5.931));
#7754 = DIRECTION('',(0.,0.,-1.));
#7755 = DIRECTION('',(0.,1.,0.));
#7756 = ORIENTED_EDGE('',*,*,#7757,.T.);
#7757 = EDGE_CURVE('',#7747,#471,#7758,.T.);
#7758 = LINE('',#7759,#7760);
#7759 = CARTESIAN_POINT('',(3.03508593543,0.657588704438,-5.931));
#7760 = VECTOR('',#7761,1.);
#7761 = DIRECTION('',(-1.,0.,0.));
#7762 = ORIENTED_EDGE('',*,*,#468,.F.);
#7763 = ORIENTED_EDGE('',*,*,#7764,.T.);
#7764 = EDGE_CURVE('',#469,#7765,#7767,.T.);
#7765 = VERTEX_POINT('',#7766);
#7766 = CARTESIAN_POINT('',(2.81808593543,0.352588704438,-5.931));
#7767 = LINE('',#7768,#7769);
#7768 = CARTESIAN_POINT('',(2.795,0.352588704438,-5.931));
#7769 = VECTOR('',#7770,1.);
#7770 = DIRECTION('',(1.,0.,7.694541313903E-14));
#7771 = ORIENTED_EDGE('',*,*,#7772,.F.);
#7772 = EDGE_CURVE('',#7773,#7765,#7775,.T.);
#7773 = VERTEX_POINT('',#7774);
#7774 = CARTESIAN_POINT('',(3.101505151212,0.150942901735,-5.931));
#7775 = CIRCLE('',#7776,0.3);
#7776 = AXIS2_PLACEMENT_3D('',#7777,#7778,#7779);
#7777 = CARTESIAN_POINT('',(2.81808593543,5.258870443803E-02,-5.931));
#7778 = DIRECTION('',(0.,0.,1.));
#7779 = DIRECTION('',(0.944730719271,0.327847324322,-0.));
#7780 = ORIENTED_EDGE('',*,*,#7781,.T.);
#7781 = EDGE_CURVE('',#7773,#7782,#7784,.T.);
#7782 = VERTEX_POINT('',#7783);
#7783 = CARTESIAN_POINT('',(3.133481231443,5.880005646736E-02,-5.931));
#7784 = LINE('',#7785,#7786);
#7785 = CARTESIAN_POINT('',(3.101505151212,0.150942901735,-5.931));
#7786 = VECTOR('',#7787,1.);
#7787 = DIRECTION('',(0.327847324322,-0.944730719271,-7.285118533961E-14
    ));
#7788 = ORIENTED_EDGE('',*,*,#7789,.F.);
#7789 = EDGE_CURVE('',#7790,#7782,#7792,.T.);
#7790 = VERTEX_POINT('',#7791);
#7791 = CARTESIAN_POINT('',(3.398467786893,-0.142278939174,-5.931));
#7792 = CIRCLE('',#7793,0.3);
#7793 = AXIS2_PLACEMENT_3D('',#7794,#7795,#7796);
#7794 = CARTESIAN_POINT('',(3.416900447224,0.157154253764,-5.931));
#7795 = DIRECTION('',(0.,0.,-1.));
#7796 = DIRECTION('',(-6.144220110442E-02,-0.998110643127,-0.));
#7797 = ORIENTED_EDGE('',*,*,#7798,.T.);
#7798 = EDGE_CURVE('',#7790,#7799,#7801,.T.);
#7799 = VERTEX_POINT('',#7800);
#7800 = CARTESIAN_POINT('',(3.81,-0.167612247834,-5.931));
#7801 = LINE('',#7802,#7803);
#7802 = CARTESIAN_POINT('',(3.398467786893,-0.142278939174,-5.931));
#7803 = VECTOR('',#7804,1.);
#7804 = DIRECTION('',(0.998110643127,-6.144220110442E-02,
    1.292487400205E-14));
#7805 = ORIENTED_EDGE('',*,*,#7806,.T.);
#7806 = EDGE_CURVE('',#7799,#7807,#7809,.T.);
#7807 = VERTEX_POINT('',#7808);
#7808 = CARTESIAN_POINT('',(3.81,0.137387752166,-5.931));
#7809 = LINE('',#7810,#7811);
#7810 = CARTESIAN_POINT('',(3.81,-0.167612247834,-5.931));
#7811 = VECTOR('',#7812,1.);
#7812 = DIRECTION('',(0.,1.,0.));
#7813 = ORIENTED_EDGE('',*,*,#7814,.T.);
#7814 = EDGE_CURVE('',#7807,#7815,#7817,.T.);
#7815 = VERTEX_POINT('',#7816);
#7816 = CARTESIAN_POINT('',(3.620204636074,0.149071271423,-5.931));
#7817 = LINE('',#7818,#7819);
#7818 = CARTESIAN_POINT('',(3.81,0.137387752166,-5.931));
#7819 = VECTOR('',#7820,1.);
#7820 = DIRECTION('',(-0.998110643127,6.144220110442E-02,0.));
#7821 = ORIENTED_EDGE('',*,*,#7822,.F.);
#7822 = EDGE_CURVE('',#7823,#7815,#7825,.T.);
#7823 = VERTEX_POINT('',#7824);
#7824 = CARTESIAN_POINT('',(3.355218080624,0.350150267064,-5.931));
#7825 = CIRCLE('',#7826,0.3);
#7826 = AXIS2_PLACEMENT_3D('',#7827,#7828,#7829);
#7827 = CARTESIAN_POINT('',(3.638637296405,0.448504464361,-5.931));
#7828 = DIRECTION('',(0.,0.,1.));
#7829 = DIRECTION('',(-0.944730719271,-0.327847324322,0.));
#7830 = ORIENTED_EDGE('',*,*,#7831,.T.);
#7831 = EDGE_CURVE('',#7823,#7749,#7832,.T.);
#7832 = LINE('',#7833,#7834);
#7833 = CARTESIAN_POINT('',(3.355218080624,0.350150267064,-5.931));
#7834 = VECTOR('',#7835,1.);
#7835 = DIRECTION('',(-0.327847324322,0.944730719271,-1.586290841325E-14
    ));
#7836 = PLANE('',#7837);
#7837 = AXIS2_PLACEMENT_3D('',#7838,#7839,#7840);
#7838 = CARTESIAN_POINT('',(0.,0.,-5.931));
#7839 = DIRECTION('',(0.,0.,1.));
#7840 = DIRECTION('',(1.,0.,-0.));
#7841 = ADVANCED_FACE('',(#7842),#7935,.F.);
#7842 = FACE_BOUND('',#7843,.F.);
#7843 = EDGE_LOOP('',(#7844,#7855,#7863,#7872,#7880,#7888,#7896,#7905,
    #7913,#7922,#7928,#7929));
#7844 = ORIENTED_EDGE('',*,*,#7845,.F.);
#7845 = EDGE_CURVE('',#7846,#7848,#7850,.T.);
#7846 = VERTEX_POINT('',#7847);
#7847 = CARTESIAN_POINT('',(-3.318505151212,0.455942901734,-5.931));
#7848 = VERTEX_POINT('',#7849);
#7849 = CARTESIAN_POINT('',(-3.03508593543,0.657588704438,-5.931));
#7850 = CIRCLE('',#7851,0.3);
#7851 = AXIS2_PLACEMENT_3D('',#7852,#7853,#7854);
#7852 = CARTESIAN_POINT('',(-3.03508593543,0.357588704438,-5.931));
#7853 = DIRECTION('',(0.,0.,-1.));
#7854 = DIRECTION('',(-0.944730719271,0.327847324322,0.));
#7855 = ORIENTED_EDGE('',*,*,#7856,.T.);
#7856 = EDGE_CURVE('',#7846,#7857,#7859,.T.);
#7857 = VERTEX_POINT('',#7858);
#7858 = CARTESIAN_POINT('',(-3.355218080624,0.350150267064,-5.931));
#7859 = LINE('',#7860,#7861);
#7860 = CARTESIAN_POINT('',(-3.318505151212,0.455942901734,-5.931));
#7861 = VECTOR('',#7862,1.);
#7862 = DIRECTION('',(-0.327847324322,-0.944730719271,3.965727103312E-14
    ));
#7863 = ORIENTED_EDGE('',*,*,#7864,.F.);
#7864 = EDGE_CURVE('',#7865,#7857,#7867,.T.);
#7865 = VERTEX_POINT('',#7866);
#7866 = CARTESIAN_POINT('',(-3.620204636074,0.149071271423,-5.931));
#7867 = CIRCLE('',#7868,0.3);
#7868 = AXIS2_PLACEMENT_3D('',#7869,#7870,#7871);
#7869 = CARTESIAN_POINT('',(-3.638637296405,0.448504464361,-5.931));
#7870 = DIRECTION('',(0.,0.,1.));
#7871 = DIRECTION('',(6.144220110442E-02,-0.998110643127,0.));
#7872 = ORIENTED_EDGE('',*,*,#7873,.T.);
#7873 = EDGE_CURVE('',#7865,#7874,#7876,.T.);
#7874 = VERTEX_POINT('',#7875);
#7875 = CARTESIAN_POINT('',(-3.81,0.137387752166,-5.931));
#7876 = LINE('',#7877,#7878);
#7877 = CARTESIAN_POINT('',(-3.620204636074,0.149071271423,-5.931));
#7878 = VECTOR('',#7879,1.);
#7879 = DIRECTION('',(-0.998110643127,-6.144220110442E-02,
    -1.868328741775E-14));
#7880 = ORIENTED_EDGE('',*,*,#7881,.T.);
#7881 = EDGE_CURVE('',#7874,#7882,#7884,.T.);
#7882 = VERTEX_POINT('',#7883);
#7883 = CARTESIAN_POINT('',(-3.81,-0.167612247834,-5.931));
#7884 = LINE('',#7885,#7886);
#7885 = CARTESIAN_POINT('',(-3.81,0.137387752166,-5.931));
#7886 = VECTOR('',#7887,1.);
#7887 = DIRECTION('',(0.,-1.,0.));
#7888 = ORIENTED_EDGE('',*,*,#7889,.T.);
#7889 = EDGE_CURVE('',#7882,#7890,#7892,.T.);
#7890 = VERTEX_POINT('',#7891);
#7891 = CARTESIAN_POINT('',(-3.398467786893,-0.142278939174,-5.931));
#7892 = LINE('',#7893,#7894);
#7893 = CARTESIAN_POINT('',(-3.81,-0.167612247834,-5.931));
#7894 = VECTOR('',#7895,1.);
#7895 = DIRECTION('',(0.998110643127,6.144220110442E-02,0.));
#7896 = ORIENTED_EDGE('',*,*,#7897,.F.);
#7897 = EDGE_CURVE('',#7898,#7890,#7900,.T.);
#7898 = VERTEX_POINT('',#7899);
#7899 = CARTESIAN_POINT('',(-3.133481231443,5.880005646736E-02,-5.931));
#7900 = CIRCLE('',#7901,0.3);
#7901 = AXIS2_PLACEMENT_3D('',#7902,#7903,#7904);
#7902 = CARTESIAN_POINT('',(-3.416900447224,0.157154253764,-5.931));
#7903 = DIRECTION('',(0.,0.,-1.));
#7904 = DIRECTION('',(0.944730719271,-0.327847324322,0.));
#7905 = ORIENTED_EDGE('',*,*,#7906,.T.);
#7906 = EDGE_CURVE('',#7898,#7907,#7909,.T.);
#7907 = VERTEX_POINT('',#7908);
#7908 = CARTESIAN_POINT('',(-3.101505151212,0.150942901735,-5.931));
#7909 = LINE('',#7910,#7911);
#7910 = CARTESIAN_POINT('',(-3.133481231443,5.880005646736E-02,-5.931));
#7911 = VECTOR('',#7912,1.);
#7912 = DIRECTION('',(0.327847324322,0.944730719271,2.731919450236E-14)
  );
#7913 = ORIENTED_EDGE('',*,*,#7914,.F.);
#7914 = EDGE_CURVE('',#7915,#7907,#7917,.T.);
#7915 = VERTEX_POINT('',#7916);
#7916 = CARTESIAN_POINT('',(-2.81808593543,0.352588704438,-5.931));
#7917 = CIRCLE('',#7918,0.3);
#7918 = AXIS2_PLACEMENT_3D('',#7919,#7920,#7921);
#7919 = CARTESIAN_POINT('',(-2.81808593543,5.258870443803E-02,-5.931));
#7920 = DIRECTION('',(0.,-0.,1.));
#7921 = DIRECTION('',(0.,1.,0.));
#7922 = ORIENTED_EDGE('',*,*,#7923,.T.);
#7923 = EDGE_CURVE('',#7915,#1468,#7924,.T.);
#7924 = LINE('',#7925,#7926);
#7925 = CARTESIAN_POINT('',(-2.81808593543,0.352588704438,-5.931));
#7926 = VECTOR('',#7927,1.);
#7927 = DIRECTION('',(1.,0.,0.));
#7928 = ORIENTED_EDGE('',*,*,#1467,.T.);
#7929 = ORIENTED_EDGE('',*,*,#7930,.T.);
#7930 = EDGE_CURVE('',#1470,#7848,#7931,.T.);
#7931 = LINE('',#7932,#7933);
#7932 = CARTESIAN_POINT('',(-2.795,0.657588704438,-5.931));
#7933 = VECTOR('',#7934,1.);
#7934 = DIRECTION('',(-1.,0.,-1.109825635693E-14));
#7935 = PLANE('',#7936);
#7936 = AXIS2_PLACEMENT_3D('',#7937,#7938,#7939);
#7937 = CARTESIAN_POINT('',(0.,0.,-5.931));
#7938 = DIRECTION('',(0.,0.,1.));
#7939 = DIRECTION('',(1.,0.,-0.));
#7940 = ADVANCED_FACE('',(#7941),#7967,.T.);
#7941 = FACE_BOUND('',#7942,.T.);
#7942 = EDGE_LOOP('',(#7943,#7951,#7960,#7966));
#7943 = ORIENTED_EDGE('',*,*,#7944,.F.);
#7944 = EDGE_CURVE('',#7945,#7747,#7947,.T.);
#7945 = VERTEX_POINT('',#7946);
#7946 = CARTESIAN_POINT('',(3.03508593543,0.657588704438,-5.499));
#7947 = LINE('',#7948,#7949);
#7948 = CARTESIAN_POINT('',(3.03508593543,0.657588704438,-5.499));
#7949 = VECTOR('',#7950,1.);
#7950 = DIRECTION('',(0.,0.,-1.));
#7951 = ORIENTED_EDGE('',*,*,#7952,.F.);
#7952 = EDGE_CURVE('',#7953,#7945,#7955,.T.);
#7953 = VERTEX_POINT('',#7954);
#7954 = CARTESIAN_POINT('',(3.318505151212,0.455942901734,-5.499));
#7955 = CIRCLE('',#7956,0.3);
#7956 = AXIS2_PLACEMENT_3D('',#7957,#7958,#7959);
#7957 = CARTESIAN_POINT('',(3.03508593543,0.357588704438,-5.499));
#7958 = DIRECTION('',(0.,0.,1.));
#7959 = DIRECTION('',(0.944730719271,0.327847324322,-0.));
#7960 = ORIENTED_EDGE('',*,*,#7961,.T.);
#7961 = EDGE_CURVE('',#7953,#7749,#7962,.T.);
#7962 = LINE('',#7963,#7964);
#7963 = CARTESIAN_POINT('',(3.318505151212,0.455942901734,-5.499));
#7964 = VECTOR('',#7965,1.);
#7965 = DIRECTION('',(0.,0.,-1.));
#7966 = ORIENTED_EDGE('',*,*,#7746,.F.);
#7967 = CYLINDRICAL_SURFACE('',#7968,0.3);
#7968 = AXIS2_PLACEMENT_3D('',#7969,#7970,#7971);
#7969 = CARTESIAN_POINT('',(3.03508593543,0.357588704438,20.3978629025)
  );
#7970 = DIRECTION('',(0.,0.,-1.));
#7971 = DIRECTION('',(0.,1.,0.));
#7972 = ADVANCED_FACE('',(#7973),#7991,.T.);
#7973 = FACE_BOUND('',#7974,.F.);
#7974 = EDGE_LOOP('',(#7975,#7976,#7977,#7985));
#7975 = ORIENTED_EDGE('',*,*,#7961,.T.);
#7976 = ORIENTED_EDGE('',*,*,#7831,.F.);
#7977 = ORIENTED_EDGE('',*,*,#7978,.T.);
#7978 = EDGE_CURVE('',#7823,#7979,#7981,.T.);
#7979 = VERTEX_POINT('',#7980);
#7980 = CARTESIAN_POINT('',(3.355218080624,0.350150267064,-5.499));
#7981 = LINE('',#7982,#7983);
#7982 = CARTESIAN_POINT('',(3.355218080624,0.350150267064,-5.931));
#7983 = VECTOR('',#7984,1.);
#7984 = DIRECTION('',(0.,0.,1.));
#7985 = ORIENTED_EDGE('',*,*,#7986,.T.);
#7986 = EDGE_CURVE('',#7979,#7953,#7987,.T.);
#7987 = LINE('',#7988,#7989);
#7988 = CARTESIAN_POINT('',(3.355218080624,0.350150267064,-5.499));
#7989 = VECTOR('',#7990,1.);
#7990 = DIRECTION('',(-0.327847324322,0.944730719271,-2.379436261987E-14
    ));
#7991 = PLANE('',#7992);
#7992 = AXIS2_PLACEMENT_3D('',#7993,#7994,#7995);
#7993 = CARTESIAN_POINT('',(3.42073684918,0.161350210597,-5.931));
#7994 = DIRECTION('',(0.944730719271,0.327847324322,0.));
#7995 = DIRECTION('',(-0.327847324322,0.944730719271,0.));
#7996 = ADVANCED_FACE('',(#7997),#8016,.F.);
#7997 = FACE_BOUND('',#7998,.F.);
#7998 = EDGE_LOOP('',(#7999,#8000,#8001,#8009));
#7999 = ORIENTED_EDGE('',*,*,#7978,.F.);
#8000 = ORIENTED_EDGE('',*,*,#7822,.T.);
#8001 = ORIENTED_EDGE('',*,*,#8002,.T.);
#8002 = EDGE_CURVE('',#7815,#8003,#8005,.T.);
#8003 = VERTEX_POINT('',#8004);
#8004 = CARTESIAN_POINT('',(3.620204636074,0.149071271423,-5.499));
#8005 = LINE('',#8006,#8007);
#8006 = CARTESIAN_POINT('',(3.620204636074,0.149071271423,-5.931));
#8007 = VECTOR('',#8008,1.);
#8008 = DIRECTION('',(0.,0.,1.));
#8009 = ORIENTED_EDGE('',*,*,#8010,.T.);
#8010 = EDGE_CURVE('',#8003,#7979,#8011,.T.);
#8011 = CIRCLE('',#8012,0.3);
#8012 = AXIS2_PLACEMENT_3D('',#8013,#8014,#8015);
#8013 = CARTESIAN_POINT('',(3.638637296405,0.448504464361,-5.499));
#8014 = DIRECTION('',(0.,0.,-1.));
#8015 = DIRECTION('',(-6.144220110442E-02,-0.998110643127,-0.));
#8016 = CYLINDRICAL_SURFACE('',#8017,0.3);
#8017 = AXIS2_PLACEMENT_3D('',#8018,#8019,#8020);
#8018 = CARTESIAN_POINT('',(3.638637296405,0.448504464361,-24.745392));
#8019 = DIRECTION('',(0.,0.,1.));
#8020 = DIRECTION('',(-0.944730719271,-0.327847324322,0.));
#8021 = ADVANCED_FACE('',(#8022),#8040,.T.);
#8022 = FACE_BOUND('',#8023,.F.);
#8023 = EDGE_LOOP('',(#8024,#8025,#8026,#8034));
#8024 = ORIENTED_EDGE('',*,*,#8002,.F.);
#8025 = ORIENTED_EDGE('',*,*,#7814,.F.);
#8026 = ORIENTED_EDGE('',*,*,#8027,.T.);
#8027 = EDGE_CURVE('',#7807,#8028,#8030,.T.);
#8028 = VERTEX_POINT('',#8029);
#8029 = CARTESIAN_POINT('',(3.81,0.137387752166,-5.499));
#8030 = LINE('',#8031,#8032);
#8031 = CARTESIAN_POINT('',(3.81,0.137387752166,-5.931));
#8032 = VECTOR('',#8033,1.);
#8033 = DIRECTION('',(0.,0.,1.));
#8034 = ORIENTED_EDGE('',*,*,#8035,.T.);
#8035 = EDGE_CURVE('',#8028,#8003,#8036,.T.);
#8036 = LINE('',#8037,#8038);
#8037 = CARTESIAN_POINT('',(3.81,0.137387752166,-5.499));
#8038 = VECTOR('',#8039,1.);
#8039 = DIRECTION('',(-0.998110643127,6.144220110442E-02,0.));
#8040 = PLANE('',#8041);
#8041 = AXIS2_PLACEMENT_3D('',#8042,#8043,#8044);
#8042 = CARTESIAN_POINT('',(3.81,0.137387752166,-5.931));
#8043 = DIRECTION('',(6.144220110442E-02,0.998110643127,0.));
#8044 = DIRECTION('',(-0.998110643127,6.144220110442E-02,0.));
#8045 = ADVANCED_FACE('',(#8046),#8064,.T.);
#8046 = FACE_BOUND('',#8047,.F.);
#8047 = EDGE_LOOP('',(#8048,#8049,#8057,#8063));
#8048 = ORIENTED_EDGE('',*,*,#7806,.F.);
#8049 = ORIENTED_EDGE('',*,*,#8050,.T.);
#8050 = EDGE_CURVE('',#7799,#8051,#8053,.T.);
#8051 = VERTEX_POINT('',#8052);
#8052 = CARTESIAN_POINT('',(3.81,-0.167612247834,-5.499));
#8053 = LINE('',#8054,#8055);
#8054 = CARTESIAN_POINT('',(3.81,-0.167612247834,-5.931));
#8055 = VECTOR('',#8056,1.);
#8056 = DIRECTION('',(0.,0.,1.));
#8057 = ORIENTED_EDGE('',*,*,#8058,.T.);
#8058 = EDGE_CURVE('',#8051,#8028,#8059,.T.);
#8059 = LINE('',#8060,#8061);
#8060 = CARTESIAN_POINT('',(3.81,-0.167612247834,-5.499));
#8061 = VECTOR('',#8062,1.);
#8062 = DIRECTION('',(0.,1.,0.));
#8063 = ORIENTED_EDGE('',*,*,#8027,.F.);
#8064 = PLANE('',#8065);
#8065 = AXIS2_PLACEMENT_3D('',#8066,#8067,#8068);
#8066 = CARTESIAN_POINT('',(3.81,-0.167612247834,-5.931));
#8067 = DIRECTION('',(1.,0.,0.));
#8068 = DIRECTION('',(-0.,1.,0.));
#8069 = ADVANCED_FACE('',(#8070),#8088,.T.);
#8070 = FACE_BOUND('',#8071,.F.);
#8071 = EDGE_LOOP('',(#8072,#8080,#8086,#8087));
#8072 = ORIENTED_EDGE('',*,*,#8073,.F.);
#8073 = EDGE_CURVE('',#8074,#7790,#8076,.T.);
#8074 = VERTEX_POINT('',#8075);
#8075 = CARTESIAN_POINT('',(3.398467786893,-0.142278939174,-5.499));
#8076 = LINE('',#8077,#8078);
#8077 = CARTESIAN_POINT('',(3.398467786893,-0.142278939174,-5.499));
#8078 = VECTOR('',#8079,1.);
#8079 = DIRECTION('',(0.,0.,-1.));
#8080 = ORIENTED_EDGE('',*,*,#8081,.T.);
#8081 = EDGE_CURVE('',#8074,#8051,#8082,.T.);
#8082 = LINE('',#8083,#8084);
#8083 = CARTESIAN_POINT('',(3.398467786893,-0.142278939174,-5.499));
#8084 = VECTOR('',#8085,1.);
#8085 = DIRECTION('',(0.998110643127,-6.144220110442E-02,
    1.077072833504E-14));
#8086 = ORIENTED_EDGE('',*,*,#8050,.F.);
#8087 = ORIENTED_EDGE('',*,*,#7798,.F.);
#8088 = PLANE('',#8089);
#8089 = AXIS2_PLACEMENT_3D('',#8090,#8091,#8092);
#8090 = CARTESIAN_POINT('',(3.199,-0.13,-5.931));
#8091 = DIRECTION('',(-6.144220110442E-02,-0.998110643127,0.));
#8092 = DIRECTION('',(0.998110643127,-6.144220110442E-02,0.));
#8093 = ADVANCED_FACE('',(#8094),#8113,.T.);
#8094 = FACE_BOUND('',#8095,.T.);
#8095 = EDGE_LOOP('',(#8096,#8097,#8106,#8112));
#8096 = ORIENTED_EDGE('',*,*,#8073,.F.);
#8097 = ORIENTED_EDGE('',*,*,#8098,.F.);
#8098 = EDGE_CURVE('',#8099,#8074,#8101,.T.);
#8099 = VERTEX_POINT('',#8100);
#8100 = CARTESIAN_POINT('',(3.133481231443,5.880005646736E-02,-5.499));
#8101 = CIRCLE('',#8102,0.3);
#8102 = AXIS2_PLACEMENT_3D('',#8103,#8104,#8105);
#8103 = CARTESIAN_POINT('',(3.416900447224,0.157154253764,-5.499));
#8104 = DIRECTION('',(0.,0.,1.));
#8105 = DIRECTION('',(-0.944730719271,-0.327847324322,0.));
#8106 = ORIENTED_EDGE('',*,*,#8107,.T.);
#8107 = EDGE_CURVE('',#8099,#7782,#8108,.T.);
#8108 = LINE('',#8109,#8110);
#8109 = CARTESIAN_POINT('',(3.133481231443,5.880005646736E-02,-5.499));
#8110 = VECTOR('',#8111,1.);
#8111 = DIRECTION('',(0.,0.,-1.));
#8112 = ORIENTED_EDGE('',*,*,#7789,.F.);
#8113 = CYLINDRICAL_SURFACE('',#8114,0.3);
#8114 = AXIS2_PLACEMENT_3D('',#8115,#8116,#8117);
#8115 = CARTESIAN_POINT('',(3.416900447224,0.157154253764,20.55860105446
    ));
#8116 = DIRECTION('',(0.,0.,-1.));
#8117 = DIRECTION('',(-6.144220110442E-02,-0.998110643127,-0.));
#8118 = ADVANCED_FACE('',(#8119),#8137,.T.);
#8119 = FACE_BOUND('',#8120,.F.);
#8120 = EDGE_LOOP('',(#8121,#8122,#8123,#8131));
#8121 = ORIENTED_EDGE('',*,*,#8107,.T.);
#8122 = ORIENTED_EDGE('',*,*,#7781,.F.);
#8123 = ORIENTED_EDGE('',*,*,#8124,.T.);
#8124 = EDGE_CURVE('',#7773,#8125,#8127,.T.);
#8125 = VERTEX_POINT('',#8126);
#8126 = CARTESIAN_POINT('',(3.101505151212,0.150942901735,-5.499));
#8127 = LINE('',#8128,#8129);
#8128 = CARTESIAN_POINT('',(3.101505151212,0.150942901735,-5.931));
#8129 = VECTOR('',#8130,1.);
#8130 = DIRECTION('',(0.,0.,1.));
#8131 = ORIENTED_EDGE('',*,*,#8132,.T.);
#8132 = EDGE_CURVE('',#8125,#8099,#8133,.T.);
#8133 = LINE('',#8134,#8135);
#8134 = CARTESIAN_POINT('',(3.101505151212,0.150942901735,-5.499));
#8135 = VECTOR('',#8136,1.);
#8136 = DIRECTION('',(0.327847324322,-0.944730719271,-7.285118533961E-14
    ));
#8137 = PLANE('',#8138);
#8138 = AXIS2_PLACEMENT_3D('',#8139,#8140,#8141);
#8139 = CARTESIAN_POINT('',(3.031528558381,0.352588704438,-5.931));
#8140 = DIRECTION('',(-0.944730719271,-0.327847324322,0.));
#8141 = DIRECTION('',(0.327847324322,-0.944730719271,0.));
#8142 = ADVANCED_FACE('',(#8143),#8162,.F.);
#8143 = FACE_BOUND('',#8144,.F.);
#8144 = EDGE_LOOP('',(#8145,#8146,#8147,#8155));
#8145 = ORIENTED_EDGE('',*,*,#8124,.F.);
#8146 = ORIENTED_EDGE('',*,*,#7772,.T.);
#8147 = ORIENTED_EDGE('',*,*,#8148,.T.);
#8148 = EDGE_CURVE('',#7765,#8149,#8151,.T.);
#8149 = VERTEX_POINT('',#8150);
#8150 = CARTESIAN_POINT('',(2.81808593543,0.352588704438,-5.499));
#8151 = LINE('',#8152,#8153);
#8152 = CARTESIAN_POINT('',(2.81808593543,0.352588704438,-5.931));
#8153 = VECTOR('',#8154,1.);
#8154 = DIRECTION('',(0.,0.,1.));
#8155 = ORIENTED_EDGE('',*,*,#8156,.T.);
#8156 = EDGE_CURVE('',#8149,#8125,#8157,.T.);
#8157 = CIRCLE('',#8158,0.3);
#8158 = AXIS2_PLACEMENT_3D('',#8159,#8160,#8161);
#8159 = CARTESIAN_POINT('',(2.81808593543,5.258870443803E-02,-5.499));
#8160 = DIRECTION('',(0.,0.,-1.));
#8161 = DIRECTION('',(0.,1.,0.));
#8162 = CYLINDRICAL_SURFACE('',#8163,0.3);
#8163 = AXIS2_PLACEMENT_3D('',#8164,#8165,#8166);
#8164 = CARTESIAN_POINT('',(2.81808593543,5.258870443803E-02,-24.745392)
  );
#8165 = DIRECTION('',(0.,0.,1.));
#8166 = DIRECTION('',(0.944730719271,0.327847324322,-0.));
#8167 = ADVANCED_FACE('',(#8168),#8179,.T.);
#8168 = FACE_BOUND('',#8169,.F.);
#8169 = EDGE_LOOP('',(#8170,#8171,#8172,#8173));
#8170 = ORIENTED_EDGE('',*,*,#8148,.F.);
#8171 = ORIENTED_EDGE('',*,*,#7764,.F.);
#8172 = ORIENTED_EDGE('',*,*,#494,.T.);
#8173 = ORIENTED_EDGE('',*,*,#8174,.T.);
#8174 = EDGE_CURVE('',#487,#8149,#8175,.T.);
#8175 = LINE('',#8176,#8177);
#8176 = CARTESIAN_POINT('',(2.795,0.352588704438,-5.499));
#8177 = VECTOR('',#8178,1.);
#8178 = DIRECTION('',(1.,0.,3.847270656951E-14));
#8179 = PLANE('',#8180);
#8180 = AXIS2_PLACEMENT_3D('',#8181,#8182,#8183);
#8181 = CARTESIAN_POINT('',(2.025528558381,0.352588704438,-5.931));
#8182 = DIRECTION('',(0.,-1.,0.));
#8183 = DIRECTION('',(1.,0.,0.));
#8184 = ADVANCED_FACE('',(#8185),#8204,.T.);
#8185 = FACE_BOUND('',#8186,.F.);
#8186 = EDGE_LOOP('',(#8187,#8188,#8189,#8190,#8191,#8192,#8193,#8194,
    #8195,#8196,#8197,#8198));
#8187 = ORIENTED_EDGE('',*,*,#7952,.F.);
#8188 = ORIENTED_EDGE('',*,*,#7986,.F.);
#8189 = ORIENTED_EDGE('',*,*,#8010,.F.);
#8190 = ORIENTED_EDGE('',*,*,#8035,.F.);
#8191 = ORIENTED_EDGE('',*,*,#8058,.F.);
#8192 = ORIENTED_EDGE('',*,*,#8081,.F.);
#8193 = ORIENTED_EDGE('',*,*,#8098,.F.);
#8194 = ORIENTED_EDGE('',*,*,#8132,.F.);
#8195 = ORIENTED_EDGE('',*,*,#8156,.F.);
#8196 = ORIENTED_EDGE('',*,*,#8174,.F.);
#8197 = ORIENTED_EDGE('',*,*,#486,.T.);
#8198 = ORIENTED_EDGE('',*,*,#8199,.F.);
#8199 = EDGE_CURVE('',#7945,#479,#8200,.T.);
#8200 = LINE('',#8201,#8202);
#8201 = CARTESIAN_POINT('',(3.03508593543,0.657588704438,-5.499));
#8202 = VECTOR('',#8203,1.);
#8203 = DIRECTION('',(-1.,0.,0.));
#8204 = PLANE('',#8205);
#8205 = AXIS2_PLACEMENT_3D('',#8206,#8207,#8208);
#8206 = CARTESIAN_POINT('',(0.,0.,-5.499));
#8207 = DIRECTION('',(0.,0.,1.));
#8208 = DIRECTION('',(1.,0.,-0.));
#8209 = ADVANCED_FACE('',(#8210),#8303,.T.);
#8210 = FACE_BOUND('',#8211,.F.);
#8211 = EDGE_LOOP('',(#8212,#8223,#8229,#8230,#8238,#8247,#8255,#8264,
    #8272,#8280,#8288,#8297));
#8212 = ORIENTED_EDGE('',*,*,#8213,.F.);
#8213 = EDGE_CURVE('',#8214,#8216,#8218,.T.);
#8214 = VERTEX_POINT('',#8215);
#8215 = CARTESIAN_POINT('',(-3.03508593543,0.657588704438,-5.499));
#8216 = VERTEX_POINT('',#8217);
#8217 = CARTESIAN_POINT('',(-3.318505151212,0.455942901734,-5.499));
#8218 = CIRCLE('',#8219,0.3);
#8219 = AXIS2_PLACEMENT_3D('',#8220,#8221,#8222);
#8220 = CARTESIAN_POINT('',(-3.03508593543,0.357588704438,-5.499));
#8221 = DIRECTION('',(0.,-0.,1.));
#8222 = DIRECTION('',(0.,1.,0.));
#8223 = ORIENTED_EDGE('',*,*,#8224,.F.);
#8224 = EDGE_CURVE('',#1486,#8214,#8225,.T.);
#8225 = LINE('',#8226,#8227);
#8226 = CARTESIAN_POINT('',(-2.795,0.657588704438,-5.499));
#8227 = VECTOR('',#8228,1.);
#8228 = DIRECTION('',(-1.,0.,-1.109825635693E-14));
#8229 = ORIENTED_EDGE('',*,*,#1485,.F.);
#8230 = ORIENTED_EDGE('',*,*,#8231,.F.);
#8231 = EDGE_CURVE('',#8232,#1478,#8234,.T.);
#8232 = VERTEX_POINT('',#8233);
#8233 = CARTESIAN_POINT('',(-2.81808593543,0.352588704438,-5.499));
#8234 = LINE('',#8235,#8236);
#8235 = CARTESIAN_POINT('',(-2.81808593543,0.352588704438,-5.499));
#8236 = VECTOR('',#8237,1.);
#8237 = DIRECTION('',(1.,0.,0.));
#8238 = ORIENTED_EDGE('',*,*,#8239,.F.);
#8239 = EDGE_CURVE('',#8240,#8232,#8242,.T.);
#8240 = VERTEX_POINT('',#8241);
#8241 = CARTESIAN_POINT('',(-3.101505151212,0.150942901735,-5.499));
#8242 = CIRCLE('',#8243,0.3);
#8243 = AXIS2_PLACEMENT_3D('',#8244,#8245,#8246);
#8244 = CARTESIAN_POINT('',(-2.81808593543,5.258870443803E-02,-5.499));
#8245 = DIRECTION('',(0.,0.,-1.));
#8246 = DIRECTION('',(-0.944730719271,0.327847324322,0.));
#8247 = ORIENTED_EDGE('',*,*,#8248,.F.);
#8248 = EDGE_CURVE('',#8249,#8240,#8251,.T.);
#8249 = VERTEX_POINT('',#8250);
#8250 = CARTESIAN_POINT('',(-3.133481231443,5.880005646736E-02,-5.499));
#8251 = LINE('',#8252,#8253);
#8252 = CARTESIAN_POINT('',(-3.133481231443,5.880005646736E-02,-5.499));
#8253 = VECTOR('',#8254,1.);
#8254 = DIRECTION('',(0.327847324322,0.944730719271,2.731919450236E-14)
  );
#8255 = ORIENTED_EDGE('',*,*,#8256,.F.);
#8256 = EDGE_CURVE('',#8257,#8249,#8259,.T.);
#8257 = VERTEX_POINT('',#8258);
#8258 = CARTESIAN_POINT('',(-3.398467786893,-0.142278939174,-5.499));
#8259 = CIRCLE('',#8260,0.3);
#8260 = AXIS2_PLACEMENT_3D('',#8261,#8262,#8263);
#8261 = CARTESIAN_POINT('',(-3.416900447224,0.157154253764,-5.499));
#8262 = DIRECTION('',(0.,0.,1.));
#8263 = DIRECTION('',(6.144220110442E-02,-0.998110643127,0.));
#8264 = ORIENTED_EDGE('',*,*,#8265,.F.);
#8265 = EDGE_CURVE('',#8266,#8257,#8268,.T.);
#8266 = VERTEX_POINT('',#8267);
#8267 = CARTESIAN_POINT('',(-3.81,-0.167612247834,-5.499));
#8268 = LINE('',#8269,#8270);
#8269 = CARTESIAN_POINT('',(-3.81,-0.167612247834,-5.499));
#8270 = VECTOR('',#8271,1.);
#8271 = DIRECTION('',(0.998110643127,6.144220110442E-02,0.));
#8272 = ORIENTED_EDGE('',*,*,#8273,.F.);
#8273 = EDGE_CURVE('',#8274,#8266,#8276,.T.);
#8274 = VERTEX_POINT('',#8275);
#8275 = CARTESIAN_POINT('',(-3.81,0.137387752166,-5.499));
#8276 = LINE('',#8277,#8278);
#8277 = CARTESIAN_POINT('',(-3.81,0.137387752166,-5.499));
#8278 = VECTOR('',#8279,1.);
#8279 = DIRECTION('',(0.,-1.,0.));
#8280 = ORIENTED_EDGE('',*,*,#8281,.F.);
#8281 = EDGE_CURVE('',#8282,#8274,#8284,.T.);
#8282 = VERTEX_POINT('',#8283);
#8283 = CARTESIAN_POINT('',(-3.620204636074,0.149071271423,-5.499));
#8284 = LINE('',#8285,#8286);
#8285 = CARTESIAN_POINT('',(-3.620204636074,0.149071271423,-5.499));
#8286 = VECTOR('',#8287,1.);
#8287 = DIRECTION('',(-0.998110643127,-6.144220110442E-02,
    -1.401246556331E-14));
#8288 = ORIENTED_EDGE('',*,*,#8289,.F.);
#8289 = EDGE_CURVE('',#8290,#8282,#8292,.T.);
#8290 = VERTEX_POINT('',#8291);
#8291 = CARTESIAN_POINT('',(-3.355218080624,0.350150267064,-5.499));
#8292 = CIRCLE('',#8293,0.3);
#8293 = AXIS2_PLACEMENT_3D('',#8294,#8295,#8296);
#8294 = CARTESIAN_POINT('',(-3.638637296405,0.448504464361,-5.499));
#8295 = DIRECTION('',(0.,0.,-1.));
#8296 = DIRECTION('',(0.944730719271,-0.327847324322,0.));
#8297 = ORIENTED_EDGE('',*,*,#8298,.F.);
#8298 = EDGE_CURVE('',#8216,#8290,#8299,.T.);
#8299 = LINE('',#8300,#8301);
#8300 = CARTESIAN_POINT('',(-3.318505151212,0.455942901734,-5.499));
#8301 = VECTOR('',#8302,1.);
#8302 = DIRECTION('',(-0.327847324322,-0.944730719271,4.758872523974E-14
    ));
#8303 = PLANE('',#8304);
#8304 = AXIS2_PLACEMENT_3D('',#8305,#8306,#8307);
#8305 = CARTESIAN_POINT('',(0.,0.,-5.499));
#8306 = DIRECTION('',(0.,0.,1.));
#8307 = DIRECTION('',(1.,0.,-0.));
#8308 = ADVANCED_FACE('',(#8309),#8315,.T.);
#8309 = FACE_BOUND('',#8310,.F.);
#8310 = EDGE_LOOP('',(#8311,#8312,#8313,#8314));
#8311 = ORIENTED_EDGE('',*,*,#7944,.F.);
#8312 = ORIENTED_EDGE('',*,*,#8199,.T.);
#8313 = ORIENTED_EDGE('',*,*,#478,.F.);
#8314 = ORIENTED_EDGE('',*,*,#7757,.F.);
#8315 = PLANE('',#8316);
#8316 = AXIS2_PLACEMENT_3D('',#8317,#8318,#8319);
#8317 = CARTESIAN_POINT('',(3.248528558381,0.657588704438,-5.931));
#8318 = DIRECTION('',(0.,1.,0.));
#8319 = DIRECTION('',(-1.,0.,0.));
#8320 = ADVANCED_FACE('',(#8321),#8337,.T.);
#8321 = FACE_BOUND('',#8322,.T.);
#8322 = EDGE_LOOP('',(#8323,#8329,#8330,#8336));
#8323 = ORIENTED_EDGE('',*,*,#8324,.F.);
#8324 = EDGE_CURVE('',#8216,#7846,#8325,.T.);
#8325 = LINE('',#8326,#8327);
#8326 = CARTESIAN_POINT('',(-3.318505151212,0.455942901734,-5.499));
#8327 = VECTOR('',#8328,1.);
#8328 = DIRECTION('',(0.,0.,-1.));
#8329 = ORIENTED_EDGE('',*,*,#8213,.F.);
#8330 = ORIENTED_EDGE('',*,*,#8331,.T.);
#8331 = EDGE_CURVE('',#8214,#7848,#8332,.T.);
#8332 = LINE('',#8333,#8334);
#8333 = CARTESIAN_POINT('',(-3.03508593543,0.657588704438,-5.499));
#8334 = VECTOR('',#8335,1.);
#8335 = DIRECTION('',(0.,0.,-1.));
#8336 = ORIENTED_EDGE('',*,*,#7845,.F.);
#8337 = CYLINDRICAL_SURFACE('',#8338,0.3);
#8338 = AXIS2_PLACEMENT_3D('',#8339,#8340,#8341);
#8339 = CARTESIAN_POINT('',(-3.03508593543,0.357588704438,23.92162656845
    ));
#8340 = DIRECTION('',(0.,0.,-1.));
#8341 = DIRECTION('',(-0.944730719271,0.327847324322,0.));
#8342 = ADVANCED_FACE('',(#8343),#8349,.T.);
#8343 = FACE_BOUND('',#8344,.F.);
#8344 = EDGE_LOOP('',(#8345,#8346,#8347,#8348));
#8345 = ORIENTED_EDGE('',*,*,#8331,.T.);
#8346 = ORIENTED_EDGE('',*,*,#7930,.F.);
#8347 = ORIENTED_EDGE('',*,*,#1493,.T.);
#8348 = ORIENTED_EDGE('',*,*,#8224,.T.);
#8349 = PLANE('',#8350);
#8350 = AXIS2_PLACEMENT_3D('',#8351,#8352,#8353);
#8351 = CARTESIAN_POINT('',(-2.025528558381,0.657588704438,-5.931));
#8352 = DIRECTION('',(0.,1.,0.));
#8353 = DIRECTION('',(-1.,0.,0.));
#8354 = ADVANCED_FACE('',(#8355),#8366,.T.);
#8355 = FACE_BOUND('',#8356,.F.);
#8356 = EDGE_LOOP('',(#8357,#8358,#8359,#8365));
#8357 = ORIENTED_EDGE('',*,*,#8324,.F.);
#8358 = ORIENTED_EDGE('',*,*,#8298,.T.);
#8359 = ORIENTED_EDGE('',*,*,#8360,.F.);
#8360 = EDGE_CURVE('',#7857,#8290,#8361,.T.);
#8361 = LINE('',#8362,#8363);
#8362 = CARTESIAN_POINT('',(-3.355218080624,0.350150267064,-5.931));
#8363 = VECTOR('',#8364,1.);
#8364 = DIRECTION('',(0.,0.,1.));
#8365 = ORIENTED_EDGE('',*,*,#7856,.F.);
#8366 = PLANE('',#8367);
#8367 = AXIS2_PLACEMENT_3D('',#8368,#8369,#8370);
#8368 = CARTESIAN_POINT('',(-3.248528558381,0.657588704438,-5.931));
#8369 = DIRECTION('',(-0.944730719271,0.327847324322,0.));
#8370 = DIRECTION('',(-0.327847324322,-0.944730719271,0.));
#8371 = ADVANCED_FACE('',(#8372),#8383,.F.);
#8372 = FACE_BOUND('',#8373,.F.);
#8373 = EDGE_LOOP('',(#8374,#8380,#8381,#8382));
#8374 = ORIENTED_EDGE('',*,*,#8375,.F.);
#8375 = EDGE_CURVE('',#7865,#8282,#8376,.T.);
#8376 = LINE('',#8377,#8378);
#8377 = CARTESIAN_POINT('',(-3.620204636074,0.149071271423,-5.931));
#8378 = VECTOR('',#8379,1.);
#8379 = DIRECTION('',(0.,0.,1.));
#8380 = ORIENTED_EDGE('',*,*,#7864,.T.);
#8381 = ORIENTED_EDGE('',*,*,#8360,.T.);
#8382 = ORIENTED_EDGE('',*,*,#8289,.T.);
#8383 = CYLINDRICAL_SURFACE('',#8384,0.3);
#8384 = AXIS2_PLACEMENT_3D('',#8385,#8386,#8387);
#8385 = CARTESIAN_POINT('',(-3.638637296405,0.448504464361,-24.745392));
#8386 = DIRECTION('',(0.,0.,1.));
#8387 = DIRECTION('',(6.144220110442E-02,-0.998110643127,0.));
#8388 = ADVANCED_FACE('',(#8389),#8400,.T.);
#8389 = FACE_BOUND('',#8390,.F.);
#8390 = EDGE_LOOP('',(#8391,#8392,#8393,#8399));
#8391 = ORIENTED_EDGE('',*,*,#8375,.T.);
#8392 = ORIENTED_EDGE('',*,*,#8281,.T.);
#8393 = ORIENTED_EDGE('',*,*,#8394,.F.);
#8394 = EDGE_CURVE('',#7874,#8274,#8395,.T.);
#8395 = LINE('',#8396,#8397);
#8396 = CARTESIAN_POINT('',(-3.81,0.137387752166,-5.931));
#8397 = VECTOR('',#8398,1.);
#8398 = DIRECTION('',(0.,0.,1.));
#8399 = ORIENTED_EDGE('',*,*,#7873,.F.);
#8400 = PLANE('',#8401);
#8401 = AXIS2_PLACEMENT_3D('',#8402,#8403,#8404);
#8402 = CARTESIAN_POINT('',(-3.42073684918,0.161350210597,-5.931));
#8403 = DIRECTION('',(-6.144220110442E-02,0.998110643127,0.));
#8404 = DIRECTION('',(-0.998110643127,-6.144220110442E-02,0.));
#8405 = ADVANCED_FACE('',(#8406),#8417,.T.);
#8406 = FACE_BOUND('',#8407,.F.);
#8407 = EDGE_LOOP('',(#8408,#8409,#8410,#8411));
#8408 = ORIENTED_EDGE('',*,*,#7881,.F.);
#8409 = ORIENTED_EDGE('',*,*,#8394,.T.);
#8410 = ORIENTED_EDGE('',*,*,#8273,.T.);
#8411 = ORIENTED_EDGE('',*,*,#8412,.F.);
#8412 = EDGE_CURVE('',#7882,#8266,#8413,.T.);
#8413 = LINE('',#8414,#8415);
#8414 = CARTESIAN_POINT('',(-3.81,-0.167612247834,-5.931));
#8415 = VECTOR('',#8416,1.);
#8416 = DIRECTION('',(0.,0.,1.));
#8417 = PLANE('',#8418);
#8418 = AXIS2_PLACEMENT_3D('',#8419,#8420,#8421);
#8419 = CARTESIAN_POINT('',(-3.81,0.137387752166,-5.931));
#8420 = DIRECTION('',(-1.,0.,0.));
#8421 = DIRECTION('',(0.,-1.,0.));
#8422 = ADVANCED_FACE('',(#8423),#8434,.T.);
#8423 = FACE_BOUND('',#8424,.F.);
#8424 = EDGE_LOOP('',(#8425,#8431,#8432,#8433));
#8425 = ORIENTED_EDGE('',*,*,#8426,.T.);
#8426 = EDGE_CURVE('',#8257,#7890,#8427,.T.);
#8427 = LINE('',#8428,#8429);
#8428 = CARTESIAN_POINT('',(-3.398467786893,-0.142278939174,-5.499));
#8429 = VECTOR('',#8430,1.);
#8430 = DIRECTION('',(0.,0.,-1.));
#8431 = ORIENTED_EDGE('',*,*,#7889,.F.);
#8432 = ORIENTED_EDGE('',*,*,#8412,.T.);
#8433 = ORIENTED_EDGE('',*,*,#8265,.T.);
#8434 = PLANE('',#8435);
#8435 = AXIS2_PLACEMENT_3D('',#8436,#8437,#8438);
#8436 = CARTESIAN_POINT('',(-3.81,-0.167612247834,-5.931));
#8437 = DIRECTION('',(6.144220110442E-02,-0.998110643127,0.));
#8438 = DIRECTION('',(0.998110643127,6.144220110442E-02,0.));
#8439 = ADVANCED_FACE('',(#8440),#8451,.T.);
#8440 = FACE_BOUND('',#8441,.T.);
#8441 = EDGE_LOOP('',(#8442,#8448,#8449,#8450));
#8442 = ORIENTED_EDGE('',*,*,#8443,.F.);
#8443 = EDGE_CURVE('',#8249,#7898,#8444,.T.);
#8444 = LINE('',#8445,#8446);
#8445 = CARTESIAN_POINT('',(-3.133481231443,5.880005646736E-02,-5.499));
#8446 = VECTOR('',#8447,1.);
#8447 = DIRECTION('',(0.,0.,-1.));
#8448 = ORIENTED_EDGE('',*,*,#8256,.F.);
#8449 = ORIENTED_EDGE('',*,*,#8426,.T.);
#8450 = ORIENTED_EDGE('',*,*,#7897,.F.);
#8451 = CYLINDRICAL_SURFACE('',#8452,0.3);
#8452 = AXIS2_PLACEMENT_3D('',#8453,#8454,#8455);
#8453 = CARTESIAN_POINT('',(-3.416900447224,0.157154253764,
    24.08913493825));
#8454 = DIRECTION('',(0.,0.,-1.));
#8455 = DIRECTION('',(0.944730719271,-0.327847324322,0.));
#8456 = ADVANCED_FACE('',(#8457),#8468,.T.);
#8457 = FACE_BOUND('',#8458,.F.);
#8458 = EDGE_LOOP('',(#8459,#8460,#8461,#8467));
#8459 = ORIENTED_EDGE('',*,*,#8443,.F.);
#8460 = ORIENTED_EDGE('',*,*,#8248,.T.);
#8461 = ORIENTED_EDGE('',*,*,#8462,.F.);
#8462 = EDGE_CURVE('',#7907,#8240,#8463,.T.);
#8463 = LINE('',#8464,#8465);
#8464 = CARTESIAN_POINT('',(-3.101505151212,0.150942901735,-5.931));
#8465 = VECTOR('',#8466,1.);
#8466 = DIRECTION('',(0.,0.,1.));
#8467 = ORIENTED_EDGE('',*,*,#7906,.F.);
#8468 = PLANE('',#8469);
#8469 = AXIS2_PLACEMENT_3D('',#8470,#8471,#8472);
#8470 = CARTESIAN_POINT('',(-3.199,-0.13,-5.931));
#8471 = DIRECTION('',(0.944730719271,-0.327847324322,0.));
#8472 = DIRECTION('',(0.327847324322,0.944730719271,0.));
#8473 = ADVANCED_FACE('',(#8474),#8485,.F.);
#8474 = FACE_BOUND('',#8475,.F.);
#8475 = EDGE_LOOP('',(#8476,#8482,#8483,#8484));
#8476 = ORIENTED_EDGE('',*,*,#8477,.F.);
#8477 = EDGE_CURVE('',#7915,#8232,#8478,.T.);
#8478 = LINE('',#8479,#8480);
#8479 = CARTESIAN_POINT('',(-2.81808593543,0.352588704438,-5.931));
#8480 = VECTOR('',#8481,1.);
#8481 = DIRECTION('',(0.,0.,1.));
#8482 = ORIENTED_EDGE('',*,*,#7914,.T.);
#8483 = ORIENTED_EDGE('',*,*,#8462,.T.);
#8484 = ORIENTED_EDGE('',*,*,#8239,.T.);
#8485 = CYLINDRICAL_SURFACE('',#8486,0.3);
#8486 = AXIS2_PLACEMENT_3D('',#8487,#8488,#8489);
#8487 = CARTESIAN_POINT('',(-2.81808593543,5.258870443803E-02,-24.745392
    ));
#8488 = DIRECTION('',(0.,0.,1.));
#8489 = DIRECTION('',(0.,1.,0.));
#8490 = ADVANCED_FACE('',(#8491),#8497,.T.);
#8491 = FACE_BOUND('',#8492,.F.);
#8492 = EDGE_LOOP('',(#8493,#8494,#8495,#8496));
#8493 = ORIENTED_EDGE('',*,*,#8477,.T.);
#8494 = ORIENTED_EDGE('',*,*,#8231,.T.);
#8495 = ORIENTED_EDGE('',*,*,#1477,.F.);
#8496 = ORIENTED_EDGE('',*,*,#7923,.F.);
#8497 = PLANE('',#8498);
#8498 = AXIS2_PLACEMENT_3D('',#8499,#8500,#8501);
#8499 = CARTESIAN_POINT('',(-3.031528558381,0.352588704438,-5.931));
#8500 = DIRECTION('',(0.,-1.,0.));
#8501 = DIRECTION('',(1.,0.,0.));
#8502 = ADVANCED_FACE('',(#8503),#8530,.T.);
#8503 = FACE_BOUND('',#8504,.T.);
#8504 = EDGE_LOOP('',(#8505,#8514,#8522,#8529));
#8505 = ORIENTED_EDGE('',*,*,#8506,.F.);
#8506 = EDGE_CURVE('',#8507,#1178,#8509,.T.);
#8507 = VERTEX_POINT('',#8508);
#8508 = CARTESIAN_POINT('',(-2.695,2.03,6.76));
#8509 = CIRCLE('',#8510,0.1);
#8510 = AXIS2_PLACEMENT_3D('',#8511,#8512,#8513);
#8511 = CARTESIAN_POINT('',(-2.695,1.93,6.76));
#8512 = DIRECTION('',(0.,-0.,1.));
#8513 = DIRECTION('',(0.,1.,0.));
#8514 = ORIENTED_EDGE('',*,*,#8515,.F.);
#8515 = EDGE_CURVE('',#8516,#8507,#8518,.T.);
#8516 = VERTEX_POINT('',#8517);
#8517 = CARTESIAN_POINT('',(-2.695,2.03,-6.76));
#8518 = LINE('',#8519,#8520);
#8519 = CARTESIAN_POINT('',(-2.695,2.03,-6.76));
#8520 = VECTOR('',#8521,1.);
#8521 = DIRECTION('',(0.,0.,1.));
#8522 = ORIENTED_EDGE('',*,*,#8523,.F.);
#8523 = EDGE_CURVE('',#98,#8516,#8524,.T.);
#8524 = CIRCLE('',#8525,0.1);
#8525 = AXIS2_PLACEMENT_3D('',#8526,#8527,#8528);
#8526 = CARTESIAN_POINT('',(-2.695,1.93,-6.76));
#8527 = DIRECTION('',(0.,0.,-1.));
#8528 = DIRECTION('',(-1.,0.,0.));
#8529 = ORIENTED_EDGE('',*,*,#1177,.T.);
#8530 = CYLINDRICAL_SURFACE('',#8531,0.1);
#8531 = AXIS2_PLACEMENT_3D('',#8532,#8533,#8534);
#8532 = CARTESIAN_POINT('',(-2.695,1.93,-24.745392));
#8533 = DIRECTION('',(0.,0.,1.));
#8534 = DIRECTION('',(0.,1.,0.));
#8535 = ADVANCED_FACE('',(#8536),#8547,.T.);
#8536 = FACE_BOUND('',#8537,.T.);
#8537 = EDGE_LOOP('',(#8538,#8539,#8540));
#8538 = ORIENTED_EDGE('',*,*,#105,.T.);
#8539 = ORIENTED_EDGE('',*,*,#8523,.T.);
#8540 = ORIENTED_EDGE('',*,*,#8541,.T.);
#8541 = EDGE_CURVE('',#8516,#106,#8542,.T.);
#8542 = CIRCLE('',#8543,0.1);
#8543 = AXIS2_PLACEMENT_3D('',#8544,#8545,#8546);
#8544 = CARTESIAN_POINT('',(-2.695,1.93,-6.76));
#8545 = DIRECTION('',(-1.,0.,0.));
#8546 = DIRECTION('',(0.,1.,0.));
#8547 = SPHERICAL_SURFACE('',#8548,0.1);
#8548 = AXIS2_PLACEMENT_3D('',#8549,#8550,#8551);
#8549 = CARTESIAN_POINT('',(-2.695,1.93,-6.76));
#8550 = DIRECTION('',(0.707106781186,0.,-0.707106781187));
#8551 = DIRECTION('',(-0.707106781187,0.,-0.707106781186));
#8552 = ADVANCED_FACE('',(#8553),#8572,.T.);
#8553 = FACE_BOUND('',#8554,.T.);
#8554 = EDGE_LOOP('',(#8555,#8564,#8565,#8566));
#8555 = ORIENTED_EDGE('',*,*,#8556,.F.);
#8556 = EDGE_CURVE('',#132,#8557,#8559,.T.);
#8557 = VERTEX_POINT('',#8558);
#8558 = CARTESIAN_POINT('',(2.695,2.03,-6.76));
#8559 = CIRCLE('',#8560,0.1);
#8560 = AXIS2_PLACEMENT_3D('',#8561,#8562,#8563);
#8561 = CARTESIAN_POINT('',(2.695,1.93,-6.76));
#8562 = DIRECTION('',(1.,0.,0.));
#8563 = DIRECTION('',(0.,0.,-1.));
#8564 = ORIENTED_EDGE('',*,*,#139,.T.);
#8565 = ORIENTED_EDGE('',*,*,#8541,.F.);
#8566 = ORIENTED_EDGE('',*,*,#8567,.F.);
#8567 = EDGE_CURVE('',#8557,#8516,#8568,.T.);
#8568 = LINE('',#8569,#8570);
#8569 = CARTESIAN_POINT('',(2.695,2.03,-6.76));
#8570 = VECTOR('',#8571,1.);
#8571 = DIRECTION('',(-1.,0.,0.));
#8572 = CYLINDRICAL_SURFACE('',#8573,0.1);
#8573 = AXIS2_PLACEMENT_3D('',#8574,#8575,#8576);
#8574 = CARTESIAN_POINT('',(13.743432,1.93,-6.76));
#8575 = DIRECTION('',(-1.,0.,0.));
#8576 = DIRECTION('',(0.,1.,0.));
#8577 = ADVANCED_FACE('',(#8578),#8596,.T.);
#8578 = FACE_BOUND('',#8579,.F.);
#8579 = EDGE_LOOP('',(#8580,#8581,#8582,#8590));
#8580 = ORIENTED_EDGE('',*,*,#8515,.F.);
#8581 = ORIENTED_EDGE('',*,*,#8567,.F.);
#8582 = ORIENTED_EDGE('',*,*,#8583,.F.);
#8583 = EDGE_CURVE('',#8584,#8557,#8586,.T.);
#8584 = VERTEX_POINT('',#8585);
#8585 = CARTESIAN_POINT('',(2.695,2.03,6.76));
#8586 = LINE('',#8587,#8588);
#8587 = CARTESIAN_POINT('',(2.695,2.03,6.76));
#8588 = VECTOR('',#8589,1.);
#8589 = DIRECTION('',(0.,0.,-1.));
#8590 = ORIENTED_EDGE('',*,*,#8591,.F.);
#8591 = EDGE_CURVE('',#8507,#8584,#8592,.T.);
#8592 = LINE('',#8593,#8594);
#8593 = CARTESIAN_POINT('',(-2.695,2.03,6.76));
#8594 = VECTOR('',#8595,1.);
#8595 = DIRECTION('',(1.,0.,0.));
#8596 = PLANE('',#8597);
#8597 = AXIS2_PLACEMENT_3D('',#8598,#8599,#8600);
#8598 = CARTESIAN_POINT('',(0.,2.03,0.));
#8599 = DIRECTION('',(0.,1.,0.));
#8600 = DIRECTION('',(1.,0.,0.));
#8601 = ADVANCED_FACE('',(#8602),#8620,.T.);
#8602 = FACE_BOUND('',#8603,.T.);
#8603 = EDGE_LOOP('',(#8604,#8611,#8612,#8619));
#8604 = ORIENTED_EDGE('',*,*,#8605,.F.);
#8605 = EDGE_CURVE('',#8557,#155,#8606,.T.);
#8606 = CIRCLE('',#8607,0.1);
#8607 = AXIS2_PLACEMENT_3D('',#8608,#8609,#8610);
#8608 = CARTESIAN_POINT('',(2.695,1.93,-6.76));
#8609 = DIRECTION('',(0.,0.,-1.));
#8610 = DIRECTION('',(0.,1.,0.));
#8611 = ORIENTED_EDGE('',*,*,#8583,.F.);
#8612 = ORIENTED_EDGE('',*,*,#8613,.F.);
#8613 = EDGE_CURVE('',#181,#8584,#8614,.T.);
#8614 = CIRCLE('',#8615,0.1);
#8615 = AXIS2_PLACEMENT_3D('',#8616,#8617,#8618);
#8616 = CARTESIAN_POINT('',(2.695,1.93,6.76));
#8617 = DIRECTION('',(0.,0.,1.));
#8618 = DIRECTION('',(1.,0.,-0.));
#8619 = ORIENTED_EDGE('',*,*,#188,.T.);
#8620 = CYLINDRICAL_SURFACE('',#8621,0.1);
#8621 = AXIS2_PLACEMENT_3D('',#8622,#8623,#8624);
#8622 = CARTESIAN_POINT('',(2.695,1.93,24.745392));
#8623 = DIRECTION('',(0.,0.,-1.));
#8624 = DIRECTION('',(0.,1.,0.));
#8625 = ADVANCED_FACE('',(#8626),#8645,.T.);
#8626 = FACE_BOUND('',#8627,.T.);
#8627 = EDGE_LOOP('',(#8628,#8637,#8638));
#8628 = ORIENTED_EDGE('',*,*,#8629,.T.);
#8629 = EDGE_CURVE('',#8630,#181,#8632,.T.);
#8630 = VERTEX_POINT('',#8631);
#8631 = CARTESIAN_POINT('',(2.695,1.93,6.86));
#8632 = CIRCLE('',#8633,0.1);
#8633 = AXIS2_PLACEMENT_3D('',#8634,#8635,#8636);
#8634 = CARTESIAN_POINT('',(2.695,1.93,6.76));
#8635 = DIRECTION('',(0.,1.,0.));
#8636 = DIRECTION('',(0.,-0.,1.));
#8637 = ORIENTED_EDGE('',*,*,#8613,.T.);
#8638 = ORIENTED_EDGE('',*,*,#8639,.T.);
#8639 = EDGE_CURVE('',#8584,#8630,#8640,.T.);
#8640 = CIRCLE('',#8641,0.1);
#8641 = AXIS2_PLACEMENT_3D('',#8642,#8643,#8644);
#8642 = CARTESIAN_POINT('',(2.695,1.93,6.76));
#8643 = DIRECTION('',(1.,0.,0.));
#8644 = DIRECTION('',(-0.,1.,0.));
#8645 = SPHERICAL_SURFACE('',#8646,0.1);
#8646 = AXIS2_PLACEMENT_3D('',#8647,#8648,#8649);
#8647 = CARTESIAN_POINT('',(2.695,1.93,6.76));
#8648 = DIRECTION('',(0.707106781187,-0.707106781187,0.));
#8649 = DIRECTION('',(0.707106781187,0.707106781187,0.));
#8650 = ADVANCED_FACE('',(#8651),#8670,.T.);
#8651 = FACE_BOUND('',#8652,.T.);
#8652 = EDGE_LOOP('',(#8653,#8654,#8655,#8664));
#8653 = ORIENTED_EDGE('',*,*,#8639,.F.);
#8654 = ORIENTED_EDGE('',*,*,#8591,.F.);
#8655 = ORIENTED_EDGE('',*,*,#8656,.F.);
#8656 = EDGE_CURVE('',#8657,#8507,#8659,.T.);
#8657 = VERTEX_POINT('',#8658);
#8658 = CARTESIAN_POINT('',(-2.695,1.93,6.86));
#8659 = CIRCLE('',#8660,0.1);
#8660 = AXIS2_PLACEMENT_3D('',#8661,#8662,#8663);
#8661 = CARTESIAN_POINT('',(-2.695,1.93,6.76));
#8662 = DIRECTION('',(-1.,0.,0.));
#8663 = DIRECTION('',(0.,0.,1.));
#8664 = ORIENTED_EDGE('',*,*,#8665,.T.);
#8665 = EDGE_CURVE('',#8657,#8630,#8666,.T.);
#8666 = LINE('',#8667,#8668);
#8667 = CARTESIAN_POINT('',(-2.695,1.93,6.86));
#8668 = VECTOR('',#8669,1.);
#8669 = DIRECTION('',(1.,0.,0.));
#8670 = CYLINDRICAL_SURFACE('',#8671,0.1);
#8671 = AXIS2_PLACEMENT_3D('',#8672,#8673,#8674);
#8672 = CARTESIAN_POINT('',(-13.743432,1.93,6.76));
#8673 = DIRECTION('',(1.,0.,0.));
#8674 = DIRECTION('',(-0.,1.,0.));
#8675 = ADVANCED_FACE('',(#8676),#8692,.T.);
#8676 = FACE_BOUND('',#8677,.F.);
#8677 = EDGE_LOOP('',(#8678,#8684,#8685,#8691));
#8678 = ORIENTED_EDGE('',*,*,#8679,.T.);
#8679 = EDGE_CURVE('',#8630,#50,#8680,.T.);
#8680 = LINE('',#8681,#8682);
#8681 = CARTESIAN_POINT('',(2.695,1.93,6.86));
#8682 = VECTOR('',#8683,1.);
#8683 = DIRECTION('',(0.,-1.,0.));
#8684 = ORIENTED_EDGE('',*,*,#49,.F.);
#8685 = ORIENTED_EDGE('',*,*,#8686,.F.);
#8686 = EDGE_CURVE('',#8657,#41,#8687,.T.);
#8687 = LINE('',#8688,#8689);
#8688 = CARTESIAN_POINT('',(-2.695,1.93,6.86));
#8689 = VECTOR('',#8690,1.);
#8690 = DIRECTION('',(0.,-1.,0.));
#8691 = ORIENTED_EDGE('',*,*,#8665,.T.);
#8692 = PLANE('',#8693);
#8693 = AXIS2_PLACEMENT_3D('',#8694,#8695,#8696);
#8694 = CARTESIAN_POINT('',(-2.795,0.,6.86));
#8695 = DIRECTION('',(0.,0.,1.));
#8696 = DIRECTION('',(1.,0.,-0.));
#8697 = ADVANCED_FACE('',(#8698),#8704,.T.);
#8698 = FACE_BOUND('',#8699,.T.);
#8699 = EDGE_LOOP('',(#8700,#8701,#8702,#8703));
#8700 = ORIENTED_EDGE('',*,*,#180,.F.);
#8701 = ORIENTED_EDGE('',*,*,#8629,.F.);
#8702 = ORIENTED_EDGE('',*,*,#8679,.T.);
#8703 = ORIENTED_EDGE('',*,*,#57,.F.);
#8704 = CYLINDRICAL_SURFACE('',#8705,0.1);
#8705 = AXIS2_PLACEMENT_3D('',#8706,#8707,#8708);
#8706 = CARTESIAN_POINT('',(2.695,4.894807326276,6.76));
#8707 = DIRECTION('',(0.,-1.,0.));
#8708 = DIRECTION('',(1.,0.,0.));
#8709 = ADVANCED_FACE('',(#8710),#8722,.T.);
#8710 = FACE_BOUND('',#8711,.T.);
#8711 = EDGE_LOOP('',(#8712,#8713,#8720,#8721));
#8712 = ORIENTED_EDGE('',*,*,#8686,.F.);
#8713 = ORIENTED_EDGE('',*,*,#8714,.F.);
#8714 = EDGE_CURVE('',#1178,#8657,#8715,.T.);
#8715 = CIRCLE('',#8716,0.1);
#8716 = AXIS2_PLACEMENT_3D('',#8717,#8718,#8719);
#8717 = CARTESIAN_POINT('',(-2.695,1.93,6.76));
#8718 = DIRECTION('',(0.,1.,0.));
#8719 = DIRECTION('',(-1.,0.,0.));
#8720 = ORIENTED_EDGE('',*,*,#1185,.T.);
#8721 = ORIENTED_EDGE('',*,*,#40,.F.);
#8722 = CYLINDRICAL_SURFACE('',#8723,0.1);
#8723 = AXIS2_PLACEMENT_3D('',#8724,#8725,#8726);
#8724 = CARTESIAN_POINT('',(-2.695,4.894807326276,6.76));
#8725 = DIRECTION('',(0.,-1.,0.));
#8726 = DIRECTION('',(0.,0.,1.));
#8727 = ADVANCED_FACE('',(#8728),#8733,.T.);
#8728 = FACE_BOUND('',#8729,.T.);
#8729 = EDGE_LOOP('',(#8730,#8731,#8732));
#8730 = ORIENTED_EDGE('',*,*,#8656,.T.);
#8731 = ORIENTED_EDGE('',*,*,#8506,.T.);
#8732 = ORIENTED_EDGE('',*,*,#8714,.T.);
#8733 = SPHERICAL_SURFACE('',#8734,0.1);
#8734 = AXIS2_PLACEMENT_3D('',#8735,#8736,#8737);
#8735 = CARTESIAN_POINT('',(-2.695,1.93,6.76));
#8736 = DIRECTION('',(0.,-0.707106781187,0.707106781187));
#8737 = DIRECTION('',(0.,0.707106781187,0.707106781187));
#8738 = ADVANCED_FACE('',(#8739),#8744,.T.);
#8739 = FACE_BOUND('',#8740,.T.);
#8740 = EDGE_LOOP('',(#8741,#8742,#8743));
#8741 = ORIENTED_EDGE('',*,*,#154,.T.);
#8742 = ORIENTED_EDGE('',*,*,#8556,.T.);
#8743 = ORIENTED_EDGE('',*,*,#8605,.T.);
#8744 = SPHERICAL_SURFACE('',#8745,0.1);
#8745 = AXIS2_PLACEMENT_3D('',#8746,#8747,#8748);
#8746 = CARTESIAN_POINT('',(2.695,1.93,-6.76));
#8747 = DIRECTION('',(0.,-0.707106781187,-0.707106781187));
#8748 = DIRECTION('',(0.,0.707106781187,-0.707106781187));
#8749 = ( GEOMETRIC_REPRESENTATION_CONTEXT(3) 
GLOBAL_UNCERTAINTY_ASSIGNED_CONTEXT((#8753)) 
GLOBAL_UNIT_ASSIGNED_CONTEXT((#8750,#8751,#8752)) REPRESENTATION_CONTEXT
('Context #1','3D Context with UNIT and UNCERTAINTY') );
#8750 = ( LENGTH_UNIT() NAMED_UNIT(*) SI_UNIT(.MILLI.,.METRE.) );
#8751 = ( NAMED_UNIT(*) PLANE_ANGLE_UNIT() SI_UNIT($,.RADIAN.) );
#8752 = ( NAMED_UNIT(*) SI_UNIT($,.STERADIAN.) SOLID_ANGLE_UNIT() );
#8753 = UNCERTAINTY_MEASURE_WITH_UNIT(LENGTH_MEASURE(1.E-07),#8750,
  'distance_accuracy_value','confusion accuracy');
#8754 = PRODUCT_RELATED_PRODUCT_CATEGORY('part',$,(#7));
#8755 = MECHANICAL_DESIGN_GEOMETRIC_PRESENTATION_REPRESENTATION('',(
    #8756,#8767,#8775,#8782,#8789,#8796,#8803,#8810,#8817,#8824,#8831,
    #8838,#8845,#8852,#8859,#8866,#8873,#8880,#8887,#8894,#8901,#8908,
    #8915,#8922,#8929,#8936,#8943,#8950,#8957,#8964,#8971,#8978,#8985,
    #8992,#8999,#9006,#9013,#9020,#9027,#9034,#9041,#9048,#9055,#9062,
    #9069,#9076,#9083,#9090,#9097,#9104,#9111,#9118,#9125,#9132,#9139,
    #9146,#9153,#9160,#9167,#9174,#9181,#9188,#9195,#9202,#9209,#9216,
    #9223,#9230,#9237,#9244,#9251,#9258,#9265,#9272,#9279,#9286,#9293,
    #9300,#9307,#9314,#9321,#9328,#9335,#9342,#9349,#9356,#9363,#9370,
    #9377,#9384,#9391,#9398,#9405,#9412,#9419,#9426,#9433,#9440,#9447,
    #9454,#9461,#9468,#9475,#9482,#9489,#9496,#9503,#9510,#9517,#9524,
    #9531,#9538,#9545,#9552,#9559,#9566,#9573,#9580,#9587,#9594,#9601,
    #9608,#9615,#9622,#9629,#9636,#9643,#9650,#9657,#9664,#9671,#9678,
    #9685,#9692,#9699,#9706,#9713,#9720,#9727,#9734,#9741,#9748,#9755,
    #9762,#9769,#9776,#9783,#9790,#9797,#9804,#9811,#9818,#9825,#9832,
    #9839,#9846,#9853,#9860,#9867,#9874,#9881,#9888,#9895,#9902,#9909,
    #9916,#9923,#9930,#9937,#9944,#9951,#9958,#9965,#9972,#9979,#9986,
    #9993,#10000,#10007,#10014,#10021,#10028,#10035,#10042,#10049,#10056
    ,#10063,#10070,#10077,#10084,#10091,#10098,#10105,#10112,#10119,
    #10126,#10133,#10140,#10147,#10154,#10161,#10168,#10175,#10182,
    #10189,#10196,#10203,#10210,#10217,#10224,#10231,#10238,#10245,
    #10252,#10259,#10266,#10273,#10280,#10287,#10294,#10301,#10308,
    #10315,#10322,#10329,#10336,#10343,#10350,#10357,#10364,#10371,
    #10378,#10385,#10392,#10399,#10406,#10413,#10420,#10427,#10434,
    #10441,#10448,#10455,#10462,#10469,#10476,#10483,#10490,#10497,
    #10504,#10511,#10518,#10525,#10532,#10539,#10546,#10553,#10560,
    #10567,#10574,#10581),#8749);
#8756 = STYLED_ITEM('color',(#8757),#15);
#8757 = PRESENTATION_STYLE_ASSIGNMENT((#8758,#8764));
#8758 = SURFACE_STYLE_USAGE(.BOTH.,#8759);
#8759 = SURFACE_SIDE_STYLE('',(#8760));
#8760 = SURFACE_STYLE_FILL_AREA(#8761);
#8761 = FILL_AREA_STYLE('',(#8762));
#8762 = FILL_AREA_STYLE_COLOUR('',#8763);
#8763 = COLOUR_RGB('',1.,0.666666687201,0.);
#8764 = CURVE_STYLE('',#8765,POSITIVE_LENGTH_MEASURE(0.1),#8766);
#8765 = DRAUGHTING_PRE_DEFINED_CURVE_FONT('continuous');
#8766 = COLOUR_RGB('',9.803921802644E-02,9.803921802644E-02,
  9.803921802644E-02);
#8767 = OVER_RIDING_STYLED_ITEM('overriding color',(#8768),#538,#8756);
#8768 = PRESENTATION_STYLE_ASSIGNMENT((#8769));
#8769 = SURFACE_STYLE_USAGE(.BOTH.,#8770);
#8770 = SURFACE_SIDE_STYLE('',(#8771));
#8771 = SURFACE_STYLE_FILL_AREA(#8772);
#8772 = FILL_AREA_STYLE('',(#8773));
#8773 = FILL_AREA_STYLE_COLOUR('',#8774);
#8774 = COLOUR_RGB('',0.670588257465,0.670588257465,0.670588257465);
#8775 = OVER_RIDING_STYLED_ITEM('overriding color',(#8776),#637,#8756);
#8776 = PRESENTATION_STYLE_ASSIGNMENT((#8777));
#8777 = SURFACE_STYLE_USAGE(.BOTH.,#8778);
#8778 = SURFACE_SIDE_STYLE('',(#8779));
#8779 = SURFACE_STYLE_FILL_AREA(#8780);
#8780 = FILL_AREA_STYLE('',(#8781));
#8781 = FILL_AREA_STYLE_COLOUR('',#8774);
#8782 = OVER_RIDING_STYLED_ITEM('overriding color',(#8783),#745,#8756);
#8783 = PRESENTATION_STYLE_ASSIGNMENT((#8784));
#8784 = SURFACE_STYLE_USAGE(.BOTH.,#8785);
#8785 = SURFACE_SIDE_STYLE('',(#8786));
#8786 = SURFACE_STYLE_FILL_AREA(#8787);
#8787 = FILL_AREA_STYLE('',(#8788));
#8788 = FILL_AREA_STYLE_COLOUR('',#8774);
#8789 = OVER_RIDING_STYLED_ITEM('overriding color',(#8790),#777,#8756);
#8790 = PRESENTATION_STYLE_ASSIGNMENT((#8791));
#8791 = SURFACE_STYLE_USAGE(.BOTH.,#8792);
#8792 = SURFACE_SIDE_STYLE('',(#8793));
#8793 = SURFACE_STYLE_FILL_AREA(#8794);
#8794 = FILL_AREA_STYLE('',(#8795));
#8795 = FILL_AREA_STYLE_COLOUR('',#8774);
#8796 = OVER_RIDING_STYLED_ITEM('overriding color',(#8797),#801,#8756);
#8797 = PRESENTATION_STYLE_ASSIGNMENT((#8798));
#8798 = SURFACE_STYLE_USAGE(.BOTH.,#8799);
#8799 = SURFACE_SIDE_STYLE('',(#8800));
#8800 = SURFACE_STYLE_FILL_AREA(#8801);
#8801 = FILL_AREA_STYLE('',(#8802));
#8802 = FILL_AREA_STYLE_COLOUR('',#8774);
#8803 = OVER_RIDING_STYLED_ITEM('overriding color',(#8804),#826,#8756);
#8804 = PRESENTATION_STYLE_ASSIGNMENT((#8805));
#8805 = SURFACE_STYLE_USAGE(.BOTH.,#8806);
#8806 = SURFACE_SIDE_STYLE('',(#8807));
#8807 = SURFACE_STYLE_FILL_AREA(#8808);
#8808 = FILL_AREA_STYLE('',(#8809));
#8809 = FILL_AREA_STYLE_COLOUR('',#8774);
#8810 = OVER_RIDING_STYLED_ITEM('overriding color',(#8811),#850,#8756);
#8811 = PRESENTATION_STYLE_ASSIGNMENT((#8812));
#8812 = SURFACE_STYLE_USAGE(.BOTH.,#8813);
#8813 = SURFACE_SIDE_STYLE('',(#8814));
#8814 = SURFACE_STYLE_FILL_AREA(#8815);
#8815 = FILL_AREA_STYLE('',(#8816));
#8816 = FILL_AREA_STYLE_COLOUR('',#8774);
#8817 = OVER_RIDING_STYLED_ITEM('overriding color',(#8818),#874,#8756);
#8818 = PRESENTATION_STYLE_ASSIGNMENT((#8819));
#8819 = SURFACE_STYLE_USAGE(.BOTH.,#8820);
#8820 = SURFACE_SIDE_STYLE('',(#8821));
#8821 = SURFACE_STYLE_FILL_AREA(#8822);
#8822 = FILL_AREA_STYLE('',(#8823));
#8823 = FILL_AREA_STYLE_COLOUR('',#8774);
#8824 = OVER_RIDING_STYLED_ITEM('overriding color',(#8825),#898,#8756);
#8825 = PRESENTATION_STYLE_ASSIGNMENT((#8826));
#8826 = SURFACE_STYLE_USAGE(.BOTH.,#8827);
#8827 = SURFACE_SIDE_STYLE('',(#8828));
#8828 = SURFACE_STYLE_FILL_AREA(#8829);
#8829 = FILL_AREA_STYLE('',(#8830));
#8830 = FILL_AREA_STYLE_COLOUR('',#8774);
#8831 = OVER_RIDING_STYLED_ITEM('overriding color',(#8832),#923,#8756);
#8832 = PRESENTATION_STYLE_ASSIGNMENT((#8833));
#8833 = SURFACE_STYLE_USAGE(.BOTH.,#8834);
#8834 = SURFACE_SIDE_STYLE('',(#8835));
#8835 = SURFACE_STYLE_FILL_AREA(#8836);
#8836 = FILL_AREA_STYLE('',(#8837));
#8837 = FILL_AREA_STYLE_COLOUR('',#8774);
#8838 = OVER_RIDING_STYLED_ITEM('overriding color',(#8839),#947,#8756);
#8839 = PRESENTATION_STYLE_ASSIGNMENT((#8840));
#8840 = SURFACE_STYLE_USAGE(.BOTH.,#8841);
#8841 = SURFACE_SIDE_STYLE('',(#8842));
#8842 = SURFACE_STYLE_FILL_AREA(#8843);
#8843 = FILL_AREA_STYLE('',(#8844));
#8844 = FILL_AREA_STYLE_COLOUR('',#8774);
#8845 = OVER_RIDING_STYLED_ITEM('overriding color',(#8846),#972,#8756);
#8846 = PRESENTATION_STYLE_ASSIGNMENT((#8847));
#8847 = SURFACE_STYLE_USAGE(.BOTH.,#8848);
#8848 = SURFACE_SIDE_STYLE('',(#8849));
#8849 = SURFACE_STYLE_FILL_AREA(#8850);
#8850 = FILL_AREA_STYLE('',(#8851));
#8851 = FILL_AREA_STYLE_COLOUR('',#8774);
#8852 = OVER_RIDING_STYLED_ITEM('overriding color',(#8853),#989,#8756);
#8853 = PRESENTATION_STYLE_ASSIGNMENT((#8854));
#8854 = SURFACE_STYLE_USAGE(.BOTH.,#8855);
#8855 = SURFACE_SIDE_STYLE('',(#8856));
#8856 = SURFACE_STYLE_FILL_AREA(#8857);
#8857 = FILL_AREA_STYLE('',(#8858));
#8858 = FILL_AREA_STYLE_COLOUR('',#8774);
#8859 = OVER_RIDING_STYLED_ITEM('overriding color',(#8860),#1014,#8756);
#8860 = PRESENTATION_STYLE_ASSIGNMENT((#8861));
#8861 = SURFACE_STYLE_USAGE(.BOTH.,#8862);
#8862 = SURFACE_SIDE_STYLE('',(#8863));
#8863 = SURFACE_STYLE_FILL_AREA(#8864);
#8864 = FILL_AREA_STYLE('',(#8865));
#8865 = FILL_AREA_STYLE_COLOUR('',#8774);
#8866 = OVER_RIDING_STYLED_ITEM('overriding color',(#8867),#1122,#8756);
#8867 = PRESENTATION_STYLE_ASSIGNMENT((#8868));
#8868 = SURFACE_STYLE_USAGE(.BOTH.,#8869);
#8869 = SURFACE_SIDE_STYLE('',(#8870));
#8870 = SURFACE_STYLE_FILL_AREA(#8871);
#8871 = FILL_AREA_STYLE('',(#8872));
#8872 = FILL_AREA_STYLE_COLOUR('',#8774);
#8873 = OVER_RIDING_STYLED_ITEM('overriding color',(#8874),#1134,#8756);
#8874 = PRESENTATION_STYLE_ASSIGNMENT((#8875));
#8875 = SURFACE_STYLE_USAGE(.BOTH.,#8876);
#8876 = SURFACE_SIDE_STYLE('',(#8877));
#8877 = SURFACE_STYLE_FILL_AREA(#8878);
#8878 = FILL_AREA_STYLE('',(#8879));
#8879 = FILL_AREA_STYLE_COLOUR('',#8774);
#8880 = OVER_RIDING_STYLED_ITEM('overriding color',(#8881),#1156,#8756);
#8881 = PRESENTATION_STYLE_ASSIGNMENT((#8882));
#8882 = SURFACE_STYLE_USAGE(.BOTH.,#8883);
#8883 = SURFACE_SIDE_STYLE('',(#8884));
#8884 = SURFACE_STYLE_FILL_AREA(#8885);
#8885 = FILL_AREA_STYLE('',(#8886));
#8886 = FILL_AREA_STYLE_COLOUR('',#8774);
#8887 = OVER_RIDING_STYLED_ITEM('overriding color',(#8888),#1514,#8756);
#8888 = PRESENTATION_STYLE_ASSIGNMENT((#8889));
#8889 = SURFACE_STYLE_USAGE(.BOTH.,#8890);
#8890 = SURFACE_SIDE_STYLE('',(#8891));
#8891 = SURFACE_STYLE_FILL_AREA(#8892);
#8892 = FILL_AREA_STYLE('',(#8893));
#8893 = FILL_AREA_STYLE_COLOUR('',#8774);
#8894 = OVER_RIDING_STYLED_ITEM('overriding color',(#8895),#1531,#8756);
#8895 = PRESENTATION_STYLE_ASSIGNMENT((#8896));
#8896 = SURFACE_STYLE_USAGE(.BOTH.,#8897);
#8897 = SURFACE_SIDE_STYLE('',(#8898));
#8898 = SURFACE_STYLE_FILL_AREA(#8899);
#8899 = FILL_AREA_STYLE('',(#8900));
#8900 = FILL_AREA_STYLE_COLOUR('',#8774);
#8901 = OVER_RIDING_STYLED_ITEM('overriding color',(#8902),#1548,#8756);
#8902 = PRESENTATION_STYLE_ASSIGNMENT((#8903));
#8903 = SURFACE_STYLE_USAGE(.BOTH.,#8904);
#8904 = SURFACE_SIDE_STYLE('',(#8905));
#8905 = SURFACE_STYLE_FILL_AREA(#8906);
#8906 = FILL_AREA_STYLE('',(#8907));
#8907 = FILL_AREA_STYLE_COLOUR('',#8774);
#8908 = OVER_RIDING_STYLED_ITEM('overriding color',(#8909),#1565,#8756);
#8909 = PRESENTATION_STYLE_ASSIGNMENT((#8910));
#8910 = SURFACE_STYLE_USAGE(.BOTH.,#8911);
#8911 = SURFACE_SIDE_STYLE('',(#8912));
#8912 = SURFACE_STYLE_FILL_AREA(#8913);
#8913 = FILL_AREA_STYLE('',(#8914));
#8914 = FILL_AREA_STYLE_COLOUR('',#8774);
#8915 = OVER_RIDING_STYLED_ITEM('overriding color',(#8916),#1582,#8756);
#8916 = PRESENTATION_STYLE_ASSIGNMENT((#8917));
#8917 = SURFACE_STYLE_USAGE(.BOTH.,#8918);
#8918 = SURFACE_SIDE_STYLE('',(#8919));
#8919 = SURFACE_STYLE_FILL_AREA(#8920);
#8920 = FILL_AREA_STYLE('',(#8921));
#8921 = FILL_AREA_STYLE_COLOUR('',#8774);
#8922 = OVER_RIDING_STYLED_ITEM('overriding color',(#8923),#1599,#8756);
#8923 = PRESENTATION_STYLE_ASSIGNMENT((#8924));
#8924 = SURFACE_STYLE_USAGE(.BOTH.,#8925);
#8925 = SURFACE_SIDE_STYLE('',(#8926));
#8926 = SURFACE_STYLE_FILL_AREA(#8927);
#8927 = FILL_AREA_STYLE('',(#8928));
#8928 = FILL_AREA_STYLE_COLOUR('',#8774);
#8929 = OVER_RIDING_STYLED_ITEM('overriding color',(#8930),#1616,#8756);
#8930 = PRESENTATION_STYLE_ASSIGNMENT((#8931));
#8931 = SURFACE_STYLE_USAGE(.BOTH.,#8932);
#8932 = SURFACE_SIDE_STYLE('',(#8933));
#8933 = SURFACE_STYLE_FILL_AREA(#8934);
#8934 = FILL_AREA_STYLE('',(#8935));
#8935 = FILL_AREA_STYLE_COLOUR('',#8774);
#8936 = OVER_RIDING_STYLED_ITEM('overriding color',(#8937),#1633,#8756);
#8937 = PRESENTATION_STYLE_ASSIGNMENT((#8938));
#8938 = SURFACE_STYLE_USAGE(.BOTH.,#8939);
#8939 = SURFACE_SIDE_STYLE('',(#8940));
#8940 = SURFACE_STYLE_FILL_AREA(#8941);
#8941 = FILL_AREA_STYLE('',(#8942));
#8942 = FILL_AREA_STYLE_COLOUR('',#8774);
#8943 = OVER_RIDING_STYLED_ITEM('overriding color',(#8944),#1650,#8756);
#8944 = PRESENTATION_STYLE_ASSIGNMENT((#8945));
#8945 = SURFACE_STYLE_USAGE(.BOTH.,#8946);
#8946 = SURFACE_SIDE_STYLE('',(#8947));
#8947 = SURFACE_STYLE_FILL_AREA(#8948);
#8948 = FILL_AREA_STYLE('',(#8949));
#8949 = FILL_AREA_STYLE_COLOUR('',#8774);
#8950 = OVER_RIDING_STYLED_ITEM('overriding color',(#8951),#1662,#8756);
#8951 = PRESENTATION_STYLE_ASSIGNMENT((#8952));
#8952 = SURFACE_STYLE_USAGE(.BOTH.,#8953);
#8953 = SURFACE_SIDE_STYLE('',(#8954));
#8954 = SURFACE_STYLE_FILL_AREA(#8955);
#8955 = FILL_AREA_STYLE('',(#8956));
#8956 = FILL_AREA_STYLE_COLOUR('',#8774);
#8957 = OVER_RIDING_STYLED_ITEM('overriding color',(#8958),#1761,#8756);
#8958 = PRESENTATION_STYLE_ASSIGNMENT((#8959));
#8959 = SURFACE_STYLE_USAGE(.BOTH.,#8960);
#8960 = SURFACE_SIDE_STYLE('',(#8961));
#8961 = SURFACE_STYLE_FILL_AREA(#8962);
#8962 = FILL_AREA_STYLE('',(#8963));
#8963 = FILL_AREA_STYLE_COLOUR('',#8774);
#8964 = OVER_RIDING_STYLED_ITEM('overriding color',(#8965),#1860,#8756);
#8965 = PRESENTATION_STYLE_ASSIGNMENT((#8966));
#8966 = SURFACE_STYLE_USAGE(.BOTH.,#8967);
#8967 = SURFACE_SIDE_STYLE('',(#8968));
#8968 = SURFACE_STYLE_FILL_AREA(#8969);
#8969 = FILL_AREA_STYLE('',(#8970));
#8970 = FILL_AREA_STYLE_COLOUR('',#8774);
#8971 = OVER_RIDING_STYLED_ITEM('overriding color',(#8972),#1892,#8756);
#8972 = PRESENTATION_STYLE_ASSIGNMENT((#8973));
#8973 = SURFACE_STYLE_USAGE(.BOTH.,#8974);
#8974 = SURFACE_SIDE_STYLE('',(#8975));
#8975 = SURFACE_STYLE_FILL_AREA(#8976);
#8976 = FILL_AREA_STYLE('',(#8977));
#8977 = FILL_AREA_STYLE_COLOUR('',#8774);
#8978 = OVER_RIDING_STYLED_ITEM('overriding color',(#8979),#1916,#8756);
#8979 = PRESENTATION_STYLE_ASSIGNMENT((#8980));
#8980 = SURFACE_STYLE_USAGE(.BOTH.,#8981);
#8981 = SURFACE_SIDE_STYLE('',(#8982));
#8982 = SURFACE_STYLE_FILL_AREA(#8983);
#8983 = FILL_AREA_STYLE('',(#8984));
#8984 = FILL_AREA_STYLE_COLOUR('',#8774);
#8985 = OVER_RIDING_STYLED_ITEM('overriding color',(#8986),#1941,#8756);
#8986 = PRESENTATION_STYLE_ASSIGNMENT((#8987));
#8987 = SURFACE_STYLE_USAGE(.BOTH.,#8988);
#8988 = SURFACE_SIDE_STYLE('',(#8989));
#8989 = SURFACE_STYLE_FILL_AREA(#8990);
#8990 = FILL_AREA_STYLE('',(#8991));
#8991 = FILL_AREA_STYLE_COLOUR('',#8774);
#8992 = OVER_RIDING_STYLED_ITEM('overriding color',(#8993),#1965,#8756);
#8993 = PRESENTATION_STYLE_ASSIGNMENT((#8994));
#8994 = SURFACE_STYLE_USAGE(.BOTH.,#8995);
#8995 = SURFACE_SIDE_STYLE('',(#8996));
#8996 = SURFACE_STYLE_FILL_AREA(#8997);
#8997 = FILL_AREA_STYLE('',(#8998));
#8998 = FILL_AREA_STYLE_COLOUR('',#8774);
#8999 = OVER_RIDING_STYLED_ITEM('overriding color',(#9000),#1989,#8756);
#9000 = PRESENTATION_STYLE_ASSIGNMENT((#9001));
#9001 = SURFACE_STYLE_USAGE(.BOTH.,#9002);
#9002 = SURFACE_SIDE_STYLE('',(#9003));
#9003 = SURFACE_STYLE_FILL_AREA(#9004);
#9004 = FILL_AREA_STYLE('',(#9005));
#9005 = FILL_AREA_STYLE_COLOUR('',#8774);
#9006 = OVER_RIDING_STYLED_ITEM('overriding color',(#9007),#2013,#8756);
#9007 = PRESENTATION_STYLE_ASSIGNMENT((#9008));
#9008 = SURFACE_STYLE_USAGE(.BOTH.,#9009);
#9009 = SURFACE_SIDE_STYLE('',(#9010));
#9010 = SURFACE_STYLE_FILL_AREA(#9011);
#9011 = FILL_AREA_STYLE('',(#9012));
#9012 = FILL_AREA_STYLE_COLOUR('',#8774);
#9013 = OVER_RIDING_STYLED_ITEM('overriding color',(#9014),#2038,#8756);
#9014 = PRESENTATION_STYLE_ASSIGNMENT((#9015));
#9015 = SURFACE_STYLE_USAGE(.BOTH.,#9016);
#9016 = SURFACE_SIDE_STYLE('',(#9017));
#9017 = SURFACE_STYLE_FILL_AREA(#9018);
#9018 = FILL_AREA_STYLE('',(#9019));
#9019 = FILL_AREA_STYLE_COLOUR('',#8774);
#9020 = OVER_RIDING_STYLED_ITEM('overriding color',(#9021),#2062,#8756);
#9021 = PRESENTATION_STYLE_ASSIGNMENT((#9022));
#9022 = SURFACE_STYLE_USAGE(.BOTH.,#9023);
#9023 = SURFACE_SIDE_STYLE('',(#9024));
#9024 = SURFACE_STYLE_FILL_AREA(#9025);
#9025 = FILL_AREA_STYLE('',(#9026));
#9026 = FILL_AREA_STYLE_COLOUR('',#8774);
#9027 = OVER_RIDING_STYLED_ITEM('overriding color',(#9028),#2087,#8756);
#9028 = PRESENTATION_STYLE_ASSIGNMENT((#9029));
#9029 = SURFACE_STYLE_USAGE(.BOTH.,#9030);
#9030 = SURFACE_SIDE_STYLE('',(#9031));
#9031 = SURFACE_STYLE_FILL_AREA(#9032);
#9032 = FILL_AREA_STYLE('',(#9033));
#9033 = FILL_AREA_STYLE_COLOUR('',#8774);
#9034 = OVER_RIDING_STYLED_ITEM('overriding color',(#9035),#2104,#8756);
#9035 = PRESENTATION_STYLE_ASSIGNMENT((#9036));
#9036 = SURFACE_STYLE_USAGE(.BOTH.,#9037);
#9037 = SURFACE_SIDE_STYLE('',(#9038));
#9038 = SURFACE_STYLE_FILL_AREA(#9039);
#9039 = FILL_AREA_STYLE('',(#9040));
#9040 = FILL_AREA_STYLE_COLOUR('',#8774);
#9041 = OVER_RIDING_STYLED_ITEM('overriding color',(#9042),#2129,#8756);
#9042 = PRESENTATION_STYLE_ASSIGNMENT((#9043));
#9043 = SURFACE_STYLE_USAGE(.BOTH.,#9044);
#9044 = SURFACE_SIDE_STYLE('',(#9045));
#9045 = SURFACE_STYLE_FILL_AREA(#9046);
#9046 = FILL_AREA_STYLE('',(#9047));
#9047 = FILL_AREA_STYLE_COLOUR('',#8774);
#9048 = OVER_RIDING_STYLED_ITEM('overriding color',(#9049),#2228,#8756);
#9049 = PRESENTATION_STYLE_ASSIGNMENT((#9050));
#9050 = SURFACE_STYLE_USAGE(.BOTH.,#9051);
#9051 = SURFACE_SIDE_STYLE('',(#9052));
#9052 = SURFACE_STYLE_FILL_AREA(#9053);
#9053 = FILL_AREA_STYLE('',(#9054));
#9054 = FILL_AREA_STYLE_COLOUR('',#8774);
#9055 = OVER_RIDING_STYLED_ITEM('overriding color',(#9056),#2240,#8756);
#9056 = PRESENTATION_STYLE_ASSIGNMENT((#9057));
#9057 = SURFACE_STYLE_USAGE(.BOTH.,#9058);
#9058 = SURFACE_SIDE_STYLE('',(#9059));
#9059 = SURFACE_STYLE_FILL_AREA(#9060);
#9060 = FILL_AREA_STYLE('',(#9061));
#9061 = FILL_AREA_STYLE_COLOUR('',#8774);
#9062 = OVER_RIDING_STYLED_ITEM('overriding color',(#9063),#2262,#8756);
#9063 = PRESENTATION_STYLE_ASSIGNMENT((#9064));
#9064 = SURFACE_STYLE_USAGE(.BOTH.,#9065);
#9065 = SURFACE_SIDE_STYLE('',(#9066));
#9066 = SURFACE_STYLE_FILL_AREA(#9067);
#9067 = FILL_AREA_STYLE('',(#9068));
#9068 = FILL_AREA_STYLE_COLOUR('',#8774);
#9069 = OVER_RIDING_STYLED_ITEM('overriding color',(#9070),#2274,#8756);
#9070 = PRESENTATION_STYLE_ASSIGNMENT((#9071));
#9071 = SURFACE_STYLE_USAGE(.BOTH.,#9072);
#9072 = SURFACE_SIDE_STYLE('',(#9073));
#9073 = SURFACE_STYLE_FILL_AREA(#9074);
#9074 = FILL_AREA_STYLE('',(#9075));
#9075 = FILL_AREA_STYLE_COLOUR('',#8774);
#9076 = OVER_RIDING_STYLED_ITEM('overriding color',(#9077),#2291,#8756);
#9077 = PRESENTATION_STYLE_ASSIGNMENT((#9078));
#9078 = SURFACE_STYLE_USAGE(.BOTH.,#9079);
#9079 = SURFACE_SIDE_STYLE('',(#9080));
#9080 = SURFACE_STYLE_FILL_AREA(#9081);
#9081 = FILL_AREA_STYLE('',(#9082));
#9082 = FILL_AREA_STYLE_COLOUR('',#8774);
#9083 = OVER_RIDING_STYLED_ITEM('overriding color',(#9084),#2308,#8756);
#9084 = PRESENTATION_STYLE_ASSIGNMENT((#9085));
#9085 = SURFACE_STYLE_USAGE(.BOTH.,#9086);
#9086 = SURFACE_SIDE_STYLE('',(#9087));
#9087 = SURFACE_STYLE_FILL_AREA(#9088);
#9088 = FILL_AREA_STYLE('',(#9089));
#9089 = FILL_AREA_STYLE_COLOUR('',#8774);
#9090 = OVER_RIDING_STYLED_ITEM('overriding color',(#9091),#2325,#8756);
#9091 = PRESENTATION_STYLE_ASSIGNMENT((#9092));
#9092 = SURFACE_STYLE_USAGE(.BOTH.,#9093);
#9093 = SURFACE_SIDE_STYLE('',(#9094));
#9094 = SURFACE_STYLE_FILL_AREA(#9095);
#9095 = FILL_AREA_STYLE('',(#9096));
#9096 = FILL_AREA_STYLE_COLOUR('',#8774);
#9097 = OVER_RIDING_STYLED_ITEM('overriding color',(#9098),#2342,#8756);
#9098 = PRESENTATION_STYLE_ASSIGNMENT((#9099));
#9099 = SURFACE_STYLE_USAGE(.BOTH.,#9100);
#9100 = SURFACE_SIDE_STYLE('',(#9101));
#9101 = SURFACE_STYLE_FILL_AREA(#9102);
#9102 = FILL_AREA_STYLE('',(#9103));
#9103 = FILL_AREA_STYLE_COLOUR('',#8774);
#9104 = OVER_RIDING_STYLED_ITEM('overriding color',(#9105),#2359,#8756);
#9105 = PRESENTATION_STYLE_ASSIGNMENT((#9106));
#9106 = SURFACE_STYLE_USAGE(.BOTH.,#9107);
#9107 = SURFACE_SIDE_STYLE('',(#9108));
#9108 = SURFACE_STYLE_FILL_AREA(#9109);
#9109 = FILL_AREA_STYLE('',(#9110));
#9110 = FILL_AREA_STYLE_COLOUR('',#8774);
#9111 = OVER_RIDING_STYLED_ITEM('overriding color',(#9112),#2376,#8756);
#9112 = PRESENTATION_STYLE_ASSIGNMENT((#9113));
#9113 = SURFACE_STYLE_USAGE(.BOTH.,#9114);
#9114 = SURFACE_SIDE_STYLE('',(#9115));
#9115 = SURFACE_STYLE_FILL_AREA(#9116);
#9116 = FILL_AREA_STYLE('',(#9117));
#9117 = FILL_AREA_STYLE_COLOUR('',#8774);
#9118 = OVER_RIDING_STYLED_ITEM('overriding color',(#9119),#2393,#8756);
#9119 = PRESENTATION_STYLE_ASSIGNMENT((#9120));
#9120 = SURFACE_STYLE_USAGE(.BOTH.,#9121);
#9121 = SURFACE_SIDE_STYLE('',(#9122));
#9122 = SURFACE_STYLE_FILL_AREA(#9123);
#9123 = FILL_AREA_STYLE('',(#9124));
#9124 = FILL_AREA_STYLE_COLOUR('',#8774);
#9125 = OVER_RIDING_STYLED_ITEM('overriding color',(#9126),#2410,#8756);
#9126 = PRESENTATION_STYLE_ASSIGNMENT((#9127));
#9127 = SURFACE_STYLE_USAGE(.BOTH.,#9128);
#9128 = SURFACE_SIDE_STYLE('',(#9129));
#9129 = SURFACE_STYLE_FILL_AREA(#9130);
#9130 = FILL_AREA_STYLE('',(#9131));
#9131 = FILL_AREA_STYLE_COLOUR('',#8774);
#9132 = OVER_RIDING_STYLED_ITEM('overriding color',(#9133),#2422,#8756);
#9133 = PRESENTATION_STYLE_ASSIGNMENT((#9134));
#9134 = SURFACE_STYLE_USAGE(.BOTH.,#9135);
#9135 = SURFACE_SIDE_STYLE('',(#9136));
#9136 = SURFACE_STYLE_FILL_AREA(#9137);
#9137 = FILL_AREA_STYLE('',(#9138));
#9138 = FILL_AREA_STYLE_COLOUR('',#8774);
#9139 = OVER_RIDING_STYLED_ITEM('overriding color',(#9140),#2521,#8756);
#9140 = PRESENTATION_STYLE_ASSIGNMENT((#9141));
#9141 = SURFACE_STYLE_USAGE(.BOTH.,#9142);
#9142 = SURFACE_SIDE_STYLE('',(#9143));
#9143 = SURFACE_STYLE_FILL_AREA(#9144);
#9144 = FILL_AREA_STYLE('',(#9145));
#9145 = FILL_AREA_STYLE_COLOUR('',#8774);
#9146 = OVER_RIDING_STYLED_ITEM('overriding color',(#9147),#2620,#8756);
#9147 = PRESENTATION_STYLE_ASSIGNMENT((#9148));
#9148 = SURFACE_STYLE_USAGE(.BOTH.,#9149);
#9149 = SURFACE_SIDE_STYLE('',(#9150));
#9150 = SURFACE_STYLE_FILL_AREA(#9151);
#9151 = FILL_AREA_STYLE('',(#9152));
#9152 = FILL_AREA_STYLE_COLOUR('',#8774);
#9153 = OVER_RIDING_STYLED_ITEM('overriding color',(#9154),#2652,#8756);
#9154 = PRESENTATION_STYLE_ASSIGNMENT((#9155));
#9155 = SURFACE_STYLE_USAGE(.BOTH.,#9156);
#9156 = SURFACE_SIDE_STYLE('',(#9157));
#9157 = SURFACE_STYLE_FILL_AREA(#9158);
#9158 = FILL_AREA_STYLE('',(#9159));
#9159 = FILL_AREA_STYLE_COLOUR('',#8774);
#9160 = OVER_RIDING_STYLED_ITEM('overriding color',(#9161),#2676,#8756);
#9161 = PRESENTATION_STYLE_ASSIGNMENT((#9162));
#9162 = SURFACE_STYLE_USAGE(.BOTH.,#9163);
#9163 = SURFACE_SIDE_STYLE('',(#9164));
#9164 = SURFACE_STYLE_FILL_AREA(#9165);
#9165 = FILL_AREA_STYLE('',(#9166));
#9166 = FILL_AREA_STYLE_COLOUR('',#8774);
#9167 = OVER_RIDING_STYLED_ITEM('overriding color',(#9168),#2701,#8756);
#9168 = PRESENTATION_STYLE_ASSIGNMENT((#9169));
#9169 = SURFACE_STYLE_USAGE(.BOTH.,#9170);
#9170 = SURFACE_SIDE_STYLE('',(#9171));
#9171 = SURFACE_STYLE_FILL_AREA(#9172);
#9172 = FILL_AREA_STYLE('',(#9173));
#9173 = FILL_AREA_STYLE_COLOUR('',#8774);
#9174 = OVER_RIDING_STYLED_ITEM('overriding color',(#9175),#2725,#8756);
#9175 = PRESENTATION_STYLE_ASSIGNMENT((#9176));
#9176 = SURFACE_STYLE_USAGE(.BOTH.,#9177);
#9177 = SURFACE_SIDE_STYLE('',(#9178));
#9178 = SURFACE_STYLE_FILL_AREA(#9179);
#9179 = FILL_AREA_STYLE('',(#9180));
#9180 = FILL_AREA_STYLE_COLOUR('',#8774);
#9181 = OVER_RIDING_STYLED_ITEM('overriding color',(#9182),#2749,#8756);
#9182 = PRESENTATION_STYLE_ASSIGNMENT((#9183));
#9183 = SURFACE_STYLE_USAGE(.BOTH.,#9184);
#9184 = SURFACE_SIDE_STYLE('',(#9185));
#9185 = SURFACE_STYLE_FILL_AREA(#9186);
#9186 = FILL_AREA_STYLE('',(#9187));
#9187 = FILL_AREA_STYLE_COLOUR('',#8774);
#9188 = OVER_RIDING_STYLED_ITEM('overriding color',(#9189),#2773,#8756);
#9189 = PRESENTATION_STYLE_ASSIGNMENT((#9190));
#9190 = SURFACE_STYLE_USAGE(.BOTH.,#9191);
#9191 = SURFACE_SIDE_STYLE('',(#9192));
#9192 = SURFACE_STYLE_FILL_AREA(#9193);
#9193 = FILL_AREA_STYLE('',(#9194));
#9194 = FILL_AREA_STYLE_COLOUR('',#8774);
#9195 = OVER_RIDING_STYLED_ITEM('overriding color',(#9196),#2798,#8756);
#9196 = PRESENTATION_STYLE_ASSIGNMENT((#9197));
#9197 = SURFACE_STYLE_USAGE(.BOTH.,#9198);
#9198 = SURFACE_SIDE_STYLE('',(#9199));
#9199 = SURFACE_STYLE_FILL_AREA(#9200);
#9200 = FILL_AREA_STYLE('',(#9201));
#9201 = FILL_AREA_STYLE_COLOUR('',#8774);
#9202 = OVER_RIDING_STYLED_ITEM('overriding color',(#9203),#2822,#8756);
#9203 = PRESENTATION_STYLE_ASSIGNMENT((#9204));
#9204 = SURFACE_STYLE_USAGE(.BOTH.,#9205);
#9205 = SURFACE_SIDE_STYLE('',(#9206));
#9206 = SURFACE_STYLE_FILL_AREA(#9207);
#9207 = FILL_AREA_STYLE('',(#9208));
#9208 = FILL_AREA_STYLE_COLOUR('',#8774);
#9209 = OVER_RIDING_STYLED_ITEM('overriding color',(#9210),#2847,#8756);
#9210 = PRESENTATION_STYLE_ASSIGNMENT((#9211));
#9211 = SURFACE_STYLE_USAGE(.BOTH.,#9212);
#9212 = SURFACE_SIDE_STYLE('',(#9213));
#9213 = SURFACE_STYLE_FILL_AREA(#9214);
#9214 = FILL_AREA_STYLE('',(#9215));
#9215 = FILL_AREA_STYLE_COLOUR('',#8774);
#9216 = OVER_RIDING_STYLED_ITEM('overriding color',(#9217),#2864,#8756);
#9217 = PRESENTATION_STYLE_ASSIGNMENT((#9218));
#9218 = SURFACE_STYLE_USAGE(.BOTH.,#9219);
#9219 = SURFACE_SIDE_STYLE('',(#9220));
#9220 = SURFACE_STYLE_FILL_AREA(#9221);
#9221 = FILL_AREA_STYLE('',(#9222));
#9222 = FILL_AREA_STYLE_COLOUR('',#8774);
#9223 = OVER_RIDING_STYLED_ITEM('overriding color',(#9224),#2889,#8756);
#9224 = PRESENTATION_STYLE_ASSIGNMENT((#9225));
#9225 = SURFACE_STYLE_USAGE(.BOTH.,#9226);
#9226 = SURFACE_SIDE_STYLE('',(#9227));
#9227 = SURFACE_STYLE_FILL_AREA(#9228);
#9228 = FILL_AREA_STYLE('',(#9229));
#9229 = FILL_AREA_STYLE_COLOUR('',#8774);
#9230 = OVER_RIDING_STYLED_ITEM('overriding color',(#9231),#2988,#8756);
#9231 = PRESENTATION_STYLE_ASSIGNMENT((#9232));
#9232 = SURFACE_STYLE_USAGE(.BOTH.,#9233);
#9233 = SURFACE_SIDE_STYLE('',(#9234));
#9234 = SURFACE_STYLE_FILL_AREA(#9235);
#9235 = FILL_AREA_STYLE('',(#9236));
#9236 = FILL_AREA_STYLE_COLOUR('',#8774);
#9237 = OVER_RIDING_STYLED_ITEM('overriding color',(#9238),#3000,#8756);
#9238 = PRESENTATION_STYLE_ASSIGNMENT((#9239));
#9239 = SURFACE_STYLE_USAGE(.BOTH.,#9240);
#9240 = SURFACE_SIDE_STYLE('',(#9241));
#9241 = SURFACE_STYLE_FILL_AREA(#9242);
#9242 = FILL_AREA_STYLE('',(#9243));
#9243 = FILL_AREA_STYLE_COLOUR('',#8774);
#9244 = OVER_RIDING_STYLED_ITEM('overriding color',(#9245),#3022,#8756);
#9245 = PRESENTATION_STYLE_ASSIGNMENT((#9246));
#9246 = SURFACE_STYLE_USAGE(.BOTH.,#9247);
#9247 = SURFACE_SIDE_STYLE('',(#9248));
#9248 = SURFACE_STYLE_FILL_AREA(#9249);
#9249 = FILL_AREA_STYLE('',(#9250));
#9250 = FILL_AREA_STYLE_COLOUR('',#8774);
#9251 = OVER_RIDING_STYLED_ITEM('overriding color',(#9252),#3034,#8756);
#9252 = PRESENTATION_STYLE_ASSIGNMENT((#9253));
#9253 = SURFACE_STYLE_USAGE(.BOTH.,#9254);
#9254 = SURFACE_SIDE_STYLE('',(#9255));
#9255 = SURFACE_STYLE_FILL_AREA(#9256);
#9256 = FILL_AREA_STYLE('',(#9257));
#9257 = FILL_AREA_STYLE_COLOUR('',#8774);
#9258 = OVER_RIDING_STYLED_ITEM('overriding color',(#9259),#3051,#8756);
#9259 = PRESENTATION_STYLE_ASSIGNMENT((#9260));
#9260 = SURFACE_STYLE_USAGE(.BOTH.,#9261);
#9261 = SURFACE_SIDE_STYLE('',(#9262));
#9262 = SURFACE_STYLE_FILL_AREA(#9263);
#9263 = FILL_AREA_STYLE('',(#9264));
#9264 = FILL_AREA_STYLE_COLOUR('',#8774);
#9265 = OVER_RIDING_STYLED_ITEM('overriding color',(#9266),#3068,#8756);
#9266 = PRESENTATION_STYLE_ASSIGNMENT((#9267));
#9267 = SURFACE_STYLE_USAGE(.BOTH.,#9268);
#9268 = SURFACE_SIDE_STYLE('',(#9269));
#9269 = SURFACE_STYLE_FILL_AREA(#9270);
#9270 = FILL_AREA_STYLE('',(#9271));
#9271 = FILL_AREA_STYLE_COLOUR('',#8774);
#9272 = OVER_RIDING_STYLED_ITEM('overriding color',(#9273),#3085,#8756);
#9273 = PRESENTATION_STYLE_ASSIGNMENT((#9274));
#9274 = SURFACE_STYLE_USAGE(.BOTH.,#9275);
#9275 = SURFACE_SIDE_STYLE('',(#9276));
#9276 = SURFACE_STYLE_FILL_AREA(#9277);
#9277 = FILL_AREA_STYLE('',(#9278));
#9278 = FILL_AREA_STYLE_COLOUR('',#8774);
#9279 = OVER_RIDING_STYLED_ITEM('overriding color',(#9280),#3102,#8756);
#9280 = PRESENTATION_STYLE_ASSIGNMENT((#9281));
#9281 = SURFACE_STYLE_USAGE(.BOTH.,#9282);
#9282 = SURFACE_SIDE_STYLE('',(#9283));
#9283 = SURFACE_STYLE_FILL_AREA(#9284);
#9284 = FILL_AREA_STYLE('',(#9285));
#9285 = FILL_AREA_STYLE_COLOUR('',#8774);
#9286 = OVER_RIDING_STYLED_ITEM('overriding color',(#9287),#3119,#8756);
#9287 = PRESENTATION_STYLE_ASSIGNMENT((#9288));
#9288 = SURFACE_STYLE_USAGE(.BOTH.,#9289);
#9289 = SURFACE_SIDE_STYLE('',(#9290));
#9290 = SURFACE_STYLE_FILL_AREA(#9291);
#9291 = FILL_AREA_STYLE('',(#9292));
#9292 = FILL_AREA_STYLE_COLOUR('',#8774);
#9293 = OVER_RIDING_STYLED_ITEM('overriding color',(#9294),#3136,#8756);
#9294 = PRESENTATION_STYLE_ASSIGNMENT((#9295));
#9295 = SURFACE_STYLE_USAGE(.BOTH.,#9296);
#9296 = SURFACE_SIDE_STYLE('',(#9297));
#9297 = SURFACE_STYLE_FILL_AREA(#9298);
#9298 = FILL_AREA_STYLE('',(#9299));
#9299 = FILL_AREA_STYLE_COLOUR('',#8774);
#9300 = OVER_RIDING_STYLED_ITEM('overriding color',(#9301),#3153,#8756);
#9301 = PRESENTATION_STYLE_ASSIGNMENT((#9302));
#9302 = SURFACE_STYLE_USAGE(.BOTH.,#9303);
#9303 = SURFACE_SIDE_STYLE('',(#9304));
#9304 = SURFACE_STYLE_FILL_AREA(#9305);
#9305 = FILL_AREA_STYLE('',(#9306));
#9306 = FILL_AREA_STYLE_COLOUR('',#8774);
#9307 = OVER_RIDING_STYLED_ITEM('overriding color',(#9308),#3170,#8756);
#9308 = PRESENTATION_STYLE_ASSIGNMENT((#9309));
#9309 = SURFACE_STYLE_USAGE(.BOTH.,#9310);
#9310 = SURFACE_SIDE_STYLE('',(#9311));
#9311 = SURFACE_STYLE_FILL_AREA(#9312);
#9312 = FILL_AREA_STYLE('',(#9313));
#9313 = FILL_AREA_STYLE_COLOUR('',#8774);
#9314 = OVER_RIDING_STYLED_ITEM('overriding color',(#9315),#3182,#8756);
#9315 = PRESENTATION_STYLE_ASSIGNMENT((#9316));
#9316 = SURFACE_STYLE_USAGE(.BOTH.,#9317);
#9317 = SURFACE_SIDE_STYLE('',(#9318));
#9318 = SURFACE_STYLE_FILL_AREA(#9319);
#9319 = FILL_AREA_STYLE('',(#9320));
#9320 = FILL_AREA_STYLE_COLOUR('',#8774);
#9321 = OVER_RIDING_STYLED_ITEM('overriding color',(#9322),#3281,#8756);
#9322 = PRESENTATION_STYLE_ASSIGNMENT((#9323));
#9323 = SURFACE_STYLE_USAGE(.BOTH.,#9324);
#9324 = SURFACE_SIDE_STYLE('',(#9325));
#9325 = SURFACE_STYLE_FILL_AREA(#9326);
#9326 = FILL_AREA_STYLE('',(#9327));
#9327 = FILL_AREA_STYLE_COLOUR('',#8774);
#9328 = OVER_RIDING_STYLED_ITEM('overriding color',(#9329),#3380,#8756);
#9329 = PRESENTATION_STYLE_ASSIGNMENT((#9330));
#9330 = SURFACE_STYLE_USAGE(.BOTH.,#9331);
#9331 = SURFACE_SIDE_STYLE('',(#9332));
#9332 = SURFACE_STYLE_FILL_AREA(#9333);
#9333 = FILL_AREA_STYLE('',(#9334));
#9334 = FILL_AREA_STYLE_COLOUR('',#8774);
#9335 = OVER_RIDING_STYLED_ITEM('overriding color',(#9336),#3412,#8756);
#9336 = PRESENTATION_STYLE_ASSIGNMENT((#9337));
#9337 = SURFACE_STYLE_USAGE(.BOTH.,#9338);
#9338 = SURFACE_SIDE_STYLE('',(#9339));
#9339 = SURFACE_STYLE_FILL_AREA(#9340);
#9340 = FILL_AREA_STYLE('',(#9341));
#9341 = FILL_AREA_STYLE_COLOUR('',#8774);
#9342 = OVER_RIDING_STYLED_ITEM('overriding color',(#9343),#3436,#8756);
#9343 = PRESENTATION_STYLE_ASSIGNMENT((#9344));
#9344 = SURFACE_STYLE_USAGE(.BOTH.,#9345);
#9345 = SURFACE_SIDE_STYLE('',(#9346));
#9346 = SURFACE_STYLE_FILL_AREA(#9347);
#9347 = FILL_AREA_STYLE('',(#9348));
#9348 = FILL_AREA_STYLE_COLOUR('',#8774);
#9349 = OVER_RIDING_STYLED_ITEM('overriding color',(#9350),#3461,#8756);
#9350 = PRESENTATION_STYLE_ASSIGNMENT((#9351));
#9351 = SURFACE_STYLE_USAGE(.BOTH.,#9352);
#9352 = SURFACE_SIDE_STYLE('',(#9353));
#9353 = SURFACE_STYLE_FILL_AREA(#9354);
#9354 = FILL_AREA_STYLE('',(#9355));
#9355 = FILL_AREA_STYLE_COLOUR('',#8774);
#9356 = OVER_RIDING_STYLED_ITEM('overriding color',(#9357),#3485,#8756);
#9357 = PRESENTATION_STYLE_ASSIGNMENT((#9358));
#9358 = SURFACE_STYLE_USAGE(.BOTH.,#9359);
#9359 = SURFACE_SIDE_STYLE('',(#9360));
#9360 = SURFACE_STYLE_FILL_AREA(#9361);
#9361 = FILL_AREA_STYLE('',(#9362));
#9362 = FILL_AREA_STYLE_COLOUR('',#8774);
#9363 = OVER_RIDING_STYLED_ITEM('overriding color',(#9364),#3509,#8756);
#9364 = PRESENTATION_STYLE_ASSIGNMENT((#9365));
#9365 = SURFACE_STYLE_USAGE(.BOTH.,#9366);
#9366 = SURFACE_SIDE_STYLE('',(#9367));
#9367 = SURFACE_STYLE_FILL_AREA(#9368);
#9368 = FILL_AREA_STYLE('',(#9369));
#9369 = FILL_AREA_STYLE_COLOUR('',#8774);
#9370 = OVER_RIDING_STYLED_ITEM('overriding color',(#9371),#3533,#8756);
#9371 = PRESENTATION_STYLE_ASSIGNMENT((#9372));
#9372 = SURFACE_STYLE_USAGE(.BOTH.,#9373);
#9373 = SURFACE_SIDE_STYLE('',(#9374));
#9374 = SURFACE_STYLE_FILL_AREA(#9375);
#9375 = FILL_AREA_STYLE('',(#9376));
#9376 = FILL_AREA_STYLE_COLOUR('',#8774);
#9377 = OVER_RIDING_STYLED_ITEM('overriding color',(#9378),#3558,#8756);
#9378 = PRESENTATION_STYLE_ASSIGNMENT((#9379));
#9379 = SURFACE_STYLE_USAGE(.BOTH.,#9380);
#9380 = SURFACE_SIDE_STYLE('',(#9381));
#9381 = SURFACE_STYLE_FILL_AREA(#9382);
#9382 = FILL_AREA_STYLE('',(#9383));
#9383 = FILL_AREA_STYLE_COLOUR('',#8774);
#9384 = OVER_RIDING_STYLED_ITEM('overriding color',(#9385),#3582,#8756);
#9385 = PRESENTATION_STYLE_ASSIGNMENT((#9386));
#9386 = SURFACE_STYLE_USAGE(.BOTH.,#9387);
#9387 = SURFACE_SIDE_STYLE('',(#9388));
#9388 = SURFACE_STYLE_FILL_AREA(#9389);
#9389 = FILL_AREA_STYLE('',(#9390));
#9390 = FILL_AREA_STYLE_COLOUR('',#8774);
#9391 = OVER_RIDING_STYLED_ITEM('overriding color',(#9392),#3607,#8756);
#9392 = PRESENTATION_STYLE_ASSIGNMENT((#9393));
#9393 = SURFACE_STYLE_USAGE(.BOTH.,#9394);
#9394 = SURFACE_SIDE_STYLE('',(#9395));
#9395 = SURFACE_STYLE_FILL_AREA(#9396);
#9396 = FILL_AREA_STYLE('',(#9397));
#9397 = FILL_AREA_STYLE_COLOUR('',#8774);
#9398 = OVER_RIDING_STYLED_ITEM('overriding color',(#9399),#3624,#8756);
#9399 = PRESENTATION_STYLE_ASSIGNMENT((#9400));
#9400 = SURFACE_STYLE_USAGE(.BOTH.,#9401);
#9401 = SURFACE_SIDE_STYLE('',(#9402));
#9402 = SURFACE_STYLE_FILL_AREA(#9403);
#9403 = FILL_AREA_STYLE('',(#9404));
#9404 = FILL_AREA_STYLE_COLOUR('',#8774);
#9405 = OVER_RIDING_STYLED_ITEM('overriding color',(#9406),#3649,#8756);
#9406 = PRESENTATION_STYLE_ASSIGNMENT((#9407));
#9407 = SURFACE_STYLE_USAGE(.BOTH.,#9408);
#9408 = SURFACE_SIDE_STYLE('',(#9409));
#9409 = SURFACE_STYLE_FILL_AREA(#9410);
#9410 = FILL_AREA_STYLE('',(#9411));
#9411 = FILL_AREA_STYLE_COLOUR('',#8774);
#9412 = OVER_RIDING_STYLED_ITEM('overriding color',(#9413),#3748,#8756);
#9413 = PRESENTATION_STYLE_ASSIGNMENT((#9414));
#9414 = SURFACE_STYLE_USAGE(.BOTH.,#9415);
#9415 = SURFACE_SIDE_STYLE('',(#9416));
#9416 = SURFACE_STYLE_FILL_AREA(#9417);
#9417 = FILL_AREA_STYLE('',(#9418));
#9418 = FILL_AREA_STYLE_COLOUR('',#8774);
#9419 = OVER_RIDING_STYLED_ITEM('overriding color',(#9420),#3760,#8756);
#9420 = PRESENTATION_STYLE_ASSIGNMENT((#9421));
#9421 = SURFACE_STYLE_USAGE(.BOTH.,#9422);
#9422 = SURFACE_SIDE_STYLE('',(#9423));
#9423 = SURFACE_STYLE_FILL_AREA(#9424);
#9424 = FILL_AREA_STYLE('',(#9425));
#9425 = FILL_AREA_STYLE_COLOUR('',#8774);
#9426 = OVER_RIDING_STYLED_ITEM('overriding color',(#9427),#3782,#8756);
#9427 = PRESENTATION_STYLE_ASSIGNMENT((#9428));
#9428 = SURFACE_STYLE_USAGE(.BOTH.,#9429);
#9429 = SURFACE_SIDE_STYLE('',(#9430));
#9430 = SURFACE_STYLE_FILL_AREA(#9431);
#9431 = FILL_AREA_STYLE('',(#9432));
#9432 = FILL_AREA_STYLE_COLOUR('',#8774);
#9433 = OVER_RIDING_STYLED_ITEM('overriding color',(#9434),#3794,#8756);
#9434 = PRESENTATION_STYLE_ASSIGNMENT((#9435));
#9435 = SURFACE_STYLE_USAGE(.BOTH.,#9436);
#9436 = SURFACE_SIDE_STYLE('',(#9437));
#9437 = SURFACE_STYLE_FILL_AREA(#9438);
#9438 = FILL_AREA_STYLE('',(#9439));
#9439 = FILL_AREA_STYLE_COLOUR('',#8774);
#9440 = OVER_RIDING_STYLED_ITEM('overriding color',(#9441),#3811,#8756);
#9441 = PRESENTATION_STYLE_ASSIGNMENT((#9442));
#9442 = SURFACE_STYLE_USAGE(.BOTH.,#9443);
#9443 = SURFACE_SIDE_STYLE('',(#9444));
#9444 = SURFACE_STYLE_FILL_AREA(#9445);
#9445 = FILL_AREA_STYLE('',(#9446));
#9446 = FILL_AREA_STYLE_COLOUR('',#8774);
#9447 = OVER_RIDING_STYLED_ITEM('overriding color',(#9448),#3828,#8756);
#9448 = PRESENTATION_STYLE_ASSIGNMENT((#9449));
#9449 = SURFACE_STYLE_USAGE(.BOTH.,#9450);
#9450 = SURFACE_SIDE_STYLE('',(#9451));
#9451 = SURFACE_STYLE_FILL_AREA(#9452);
#9452 = FILL_AREA_STYLE('',(#9453));
#9453 = FILL_AREA_STYLE_COLOUR('',#8774);
#9454 = OVER_RIDING_STYLED_ITEM('overriding color',(#9455),#3845,#8756);
#9455 = PRESENTATION_STYLE_ASSIGNMENT((#9456));
#9456 = SURFACE_STYLE_USAGE(.BOTH.,#9457);
#9457 = SURFACE_SIDE_STYLE('',(#9458));
#9458 = SURFACE_STYLE_FILL_AREA(#9459);
#9459 = FILL_AREA_STYLE('',(#9460));
#9460 = FILL_AREA_STYLE_COLOUR('',#8774);
#9461 = OVER_RIDING_STYLED_ITEM('overriding color',(#9462),#3862,#8756);
#9462 = PRESENTATION_STYLE_ASSIGNMENT((#9463));
#9463 = SURFACE_STYLE_USAGE(.BOTH.,#9464);
#9464 = SURFACE_SIDE_STYLE('',(#9465));
#9465 = SURFACE_STYLE_FILL_AREA(#9466);
#9466 = FILL_AREA_STYLE('',(#9467));
#9467 = FILL_AREA_STYLE_COLOUR('',#8774);
#9468 = OVER_RIDING_STYLED_ITEM('overriding color',(#9469),#3879,#8756);
#9469 = PRESENTATION_STYLE_ASSIGNMENT((#9470));
#9470 = SURFACE_STYLE_USAGE(.BOTH.,#9471);
#9471 = SURFACE_SIDE_STYLE('',(#9472));
#9472 = SURFACE_STYLE_FILL_AREA(#9473);
#9473 = FILL_AREA_STYLE('',(#9474));
#9474 = FILL_AREA_STYLE_COLOUR('',#8774);
#9475 = OVER_RIDING_STYLED_ITEM('overriding color',(#9476),#3896,#8756);
#9476 = PRESENTATION_STYLE_ASSIGNMENT((#9477));
#9477 = SURFACE_STYLE_USAGE(.BOTH.,#9478);
#9478 = SURFACE_SIDE_STYLE('',(#9479));
#9479 = SURFACE_STYLE_FILL_AREA(#9480);
#9480 = FILL_AREA_STYLE('',(#9481));
#9481 = FILL_AREA_STYLE_COLOUR('',#8774);
#9482 = OVER_RIDING_STYLED_ITEM('overriding color',(#9483),#3913,#8756);
#9483 = PRESENTATION_STYLE_ASSIGNMENT((#9484));
#9484 = SURFACE_STYLE_USAGE(.BOTH.,#9485);
#9485 = SURFACE_SIDE_STYLE('',(#9486));
#9486 = SURFACE_STYLE_FILL_AREA(#9487);
#9487 = FILL_AREA_STYLE('',(#9488));
#9488 = FILL_AREA_STYLE_COLOUR('',#8774);
#9489 = OVER_RIDING_STYLED_ITEM('overriding color',(#9490),#3930,#8756);
#9490 = PRESENTATION_STYLE_ASSIGNMENT((#9491));
#9491 = SURFACE_STYLE_USAGE(.BOTH.,#9492);
#9492 = SURFACE_SIDE_STYLE('',(#9493));
#9493 = SURFACE_STYLE_FILL_AREA(#9494);
#9494 = FILL_AREA_STYLE('',(#9495));
#9495 = FILL_AREA_STYLE_COLOUR('',#8774);
#9496 = OVER_RIDING_STYLED_ITEM('overriding color',(#9497),#3942,#8756);
#9497 = PRESENTATION_STYLE_ASSIGNMENT((#9498));
#9498 = SURFACE_STYLE_USAGE(.BOTH.,#9499);
#9499 = SURFACE_SIDE_STYLE('',(#9500));
#9500 = SURFACE_STYLE_FILL_AREA(#9501);
#9501 = FILL_AREA_STYLE('',(#9502));
#9502 = FILL_AREA_STYLE_COLOUR('',#8774);
#9503 = OVER_RIDING_STYLED_ITEM('overriding color',(#9504),#4041,#8756);
#9504 = PRESENTATION_STYLE_ASSIGNMENT((#9505));
#9505 = SURFACE_STYLE_USAGE(.BOTH.,#9506);
#9506 = SURFACE_SIDE_STYLE('',(#9507));
#9507 = SURFACE_STYLE_FILL_AREA(#9508);
#9508 = FILL_AREA_STYLE('',(#9509));
#9509 = FILL_AREA_STYLE_COLOUR('',#8774);
#9510 = OVER_RIDING_STYLED_ITEM('overriding color',(#9511),#4140,#8756);
#9511 = PRESENTATION_STYLE_ASSIGNMENT((#9512));
#9512 = SURFACE_STYLE_USAGE(.BOTH.,#9513);
#9513 = SURFACE_SIDE_STYLE('',(#9514));
#9514 = SURFACE_STYLE_FILL_AREA(#9515);
#9515 = FILL_AREA_STYLE('',(#9516));
#9516 = FILL_AREA_STYLE_COLOUR('',#8774);
#9517 = OVER_RIDING_STYLED_ITEM('overriding color',(#9518),#4172,#8756);
#9518 = PRESENTATION_STYLE_ASSIGNMENT((#9519));
#9519 = SURFACE_STYLE_USAGE(.BOTH.,#9520);
#9520 = SURFACE_SIDE_STYLE('',(#9521));
#9521 = SURFACE_STYLE_FILL_AREA(#9522);
#9522 = FILL_AREA_STYLE('',(#9523));
#9523 = FILL_AREA_STYLE_COLOUR('',#8774);
#9524 = OVER_RIDING_STYLED_ITEM('overriding color',(#9525),#4196,#8756);
#9525 = PRESENTATION_STYLE_ASSIGNMENT((#9526));
#9526 = SURFACE_STYLE_USAGE(.BOTH.,#9527);
#9527 = SURFACE_SIDE_STYLE('',(#9528));
#9528 = SURFACE_STYLE_FILL_AREA(#9529);
#9529 = FILL_AREA_STYLE('',(#9530));
#9530 = FILL_AREA_STYLE_COLOUR('',#8774);
#9531 = OVER_RIDING_STYLED_ITEM('overriding color',(#9532),#4221,#8756);
#9532 = PRESENTATION_STYLE_ASSIGNMENT((#9533));
#9533 = SURFACE_STYLE_USAGE(.BOTH.,#9534);
#9534 = SURFACE_SIDE_STYLE('',(#9535));
#9535 = SURFACE_STYLE_FILL_AREA(#9536);
#9536 = FILL_AREA_STYLE('',(#9537));
#9537 = FILL_AREA_STYLE_COLOUR('',#8774);
#9538 = OVER_RIDING_STYLED_ITEM('overriding color',(#9539),#4245,#8756);
#9539 = PRESENTATION_STYLE_ASSIGNMENT((#9540));
#9540 = SURFACE_STYLE_USAGE(.BOTH.,#9541);
#9541 = SURFACE_SIDE_STYLE('',(#9542));
#9542 = SURFACE_STYLE_FILL_AREA(#9543);
#9543 = FILL_AREA_STYLE('',(#9544));
#9544 = FILL_AREA_STYLE_COLOUR('',#8774);
#9545 = OVER_RIDING_STYLED_ITEM('overriding color',(#9546),#4269,#8756);
#9546 = PRESENTATION_STYLE_ASSIGNMENT((#9547));
#9547 = SURFACE_STYLE_USAGE(.BOTH.,#9548);
#9548 = SURFACE_SIDE_STYLE('',(#9549));
#9549 = SURFACE_STYLE_FILL_AREA(#9550);
#9550 = FILL_AREA_STYLE('',(#9551));
#9551 = FILL_AREA_STYLE_COLOUR('',#8774);
#9552 = OVER_RIDING_STYLED_ITEM('overriding color',(#9553),#4293,#8756);
#9553 = PRESENTATION_STYLE_ASSIGNMENT((#9554));
#9554 = SURFACE_STYLE_USAGE(.BOTH.,#9555);
#9555 = SURFACE_SIDE_STYLE('',(#9556));
#9556 = SURFACE_STYLE_FILL_AREA(#9557);
#9557 = FILL_AREA_STYLE('',(#9558));
#9558 = FILL_AREA_STYLE_COLOUR('',#8774);
#9559 = OVER_RIDING_STYLED_ITEM('overriding color',(#9560),#4318,#8756);
#9560 = PRESENTATION_STYLE_ASSIGNMENT((#9561));
#9561 = SURFACE_STYLE_USAGE(.BOTH.,#9562);
#9562 = SURFACE_SIDE_STYLE('',(#9563));
#9563 = SURFACE_STYLE_FILL_AREA(#9564);
#9564 = FILL_AREA_STYLE('',(#9565));
#9565 = FILL_AREA_STYLE_COLOUR('',#8774);
#9566 = OVER_RIDING_STYLED_ITEM('overriding color',(#9567),#4342,#8756);
#9567 = PRESENTATION_STYLE_ASSIGNMENT((#9568));
#9568 = SURFACE_STYLE_USAGE(.BOTH.,#9569);
#9569 = SURFACE_SIDE_STYLE('',(#9570));
#9570 = SURFACE_STYLE_FILL_AREA(#9571);
#9571 = FILL_AREA_STYLE('',(#9572));
#9572 = FILL_AREA_STYLE_COLOUR('',#8774);
#9573 = OVER_RIDING_STYLED_ITEM('overriding color',(#9574),#4367,#8756);
#9574 = PRESENTATION_STYLE_ASSIGNMENT((#9575));
#9575 = SURFACE_STYLE_USAGE(.BOTH.,#9576);
#9576 = SURFACE_SIDE_STYLE('',(#9577));
#9577 = SURFACE_STYLE_FILL_AREA(#9578);
#9578 = FILL_AREA_STYLE('',(#9579));
#9579 = FILL_AREA_STYLE_COLOUR('',#8774);
#9580 = OVER_RIDING_STYLED_ITEM('overriding color',(#9581),#4384,#8756);
#9581 = PRESENTATION_STYLE_ASSIGNMENT((#9582));
#9582 = SURFACE_STYLE_USAGE(.BOTH.,#9583);
#9583 = SURFACE_SIDE_STYLE('',(#9584));
#9584 = SURFACE_STYLE_FILL_AREA(#9585);
#9585 = FILL_AREA_STYLE('',(#9586));
#9586 = FILL_AREA_STYLE_COLOUR('',#8774);
#9587 = OVER_RIDING_STYLED_ITEM('overriding color',(#9588),#4409,#8756);
#9588 = PRESENTATION_STYLE_ASSIGNMENT((#9589));
#9589 = SURFACE_STYLE_USAGE(.BOTH.,#9590);
#9590 = SURFACE_SIDE_STYLE('',(#9591));
#9591 = SURFACE_STYLE_FILL_AREA(#9592);
#9592 = FILL_AREA_STYLE('',(#9593));
#9593 = FILL_AREA_STYLE_COLOUR('',#8774);
#9594 = OVER_RIDING_STYLED_ITEM('overriding color',(#9595),#4508,#8756);
#9595 = PRESENTATION_STYLE_ASSIGNMENT((#9596));
#9596 = SURFACE_STYLE_USAGE(.BOTH.,#9597);
#9597 = SURFACE_SIDE_STYLE('',(#9598));
#9598 = SURFACE_STYLE_FILL_AREA(#9599);
#9599 = FILL_AREA_STYLE('',(#9600));
#9600 = FILL_AREA_STYLE_COLOUR('',#8774);
#9601 = OVER_RIDING_STYLED_ITEM('overriding color',(#9602),#4520,#8756);
#9602 = PRESENTATION_STYLE_ASSIGNMENT((#9603));
#9603 = SURFACE_STYLE_USAGE(.BOTH.,#9604);
#9604 = SURFACE_SIDE_STYLE('',(#9605));
#9605 = SURFACE_STYLE_FILL_AREA(#9606);
#9606 = FILL_AREA_STYLE('',(#9607));
#9607 = FILL_AREA_STYLE_COLOUR('',#8774);
#9608 = OVER_RIDING_STYLED_ITEM('overriding color',(#9609),#4542,#8756);
#9609 = PRESENTATION_STYLE_ASSIGNMENT((#9610));
#9610 = SURFACE_STYLE_USAGE(.BOTH.,#9611);
#9611 = SURFACE_SIDE_STYLE('',(#9612));
#9612 = SURFACE_STYLE_FILL_AREA(#9613);
#9613 = FILL_AREA_STYLE('',(#9614));
#9614 = FILL_AREA_STYLE_COLOUR('',#8774);
#9615 = OVER_RIDING_STYLED_ITEM('overriding color',(#9616),#4554,#8756);
#9616 = PRESENTATION_STYLE_ASSIGNMENT((#9617));
#9617 = SURFACE_STYLE_USAGE(.BOTH.,#9618);
#9618 = SURFACE_SIDE_STYLE('',(#9619));
#9619 = SURFACE_STYLE_FILL_AREA(#9620);
#9620 = FILL_AREA_STYLE('',(#9621));
#9621 = FILL_AREA_STYLE_COLOUR('',#8774);
#9622 = OVER_RIDING_STYLED_ITEM('overriding color',(#9623),#4571,#8756);
#9623 = PRESENTATION_STYLE_ASSIGNMENT((#9624));
#9624 = SURFACE_STYLE_USAGE(.BOTH.,#9625);
#9625 = SURFACE_SIDE_STYLE('',(#9626));
#9626 = SURFACE_STYLE_FILL_AREA(#9627);
#9627 = FILL_AREA_STYLE('',(#9628));
#9628 = FILL_AREA_STYLE_COLOUR('',#8774);
#9629 = OVER_RIDING_STYLED_ITEM('overriding color',(#9630),#4588,#8756);
#9630 = PRESENTATION_STYLE_ASSIGNMENT((#9631));
#9631 = SURFACE_STYLE_USAGE(.BOTH.,#9632);
#9632 = SURFACE_SIDE_STYLE('',(#9633));
#9633 = SURFACE_STYLE_FILL_AREA(#9634);
#9634 = FILL_AREA_STYLE('',(#9635));
#9635 = FILL_AREA_STYLE_COLOUR('',#8774);
#9636 = OVER_RIDING_STYLED_ITEM('overriding color',(#9637),#4605,#8756);
#9637 = PRESENTATION_STYLE_ASSIGNMENT((#9638));
#9638 = SURFACE_STYLE_USAGE(.BOTH.,#9639);
#9639 = SURFACE_SIDE_STYLE('',(#9640));
#9640 = SURFACE_STYLE_FILL_AREA(#9641);
#9641 = FILL_AREA_STYLE('',(#9642));
#9642 = FILL_AREA_STYLE_COLOUR('',#8774);
#9643 = OVER_RIDING_STYLED_ITEM('overriding color',(#9644),#4622,#8756);
#9644 = PRESENTATION_STYLE_ASSIGNMENT((#9645));
#9645 = SURFACE_STYLE_USAGE(.BOTH.,#9646);
#9646 = SURFACE_SIDE_STYLE('',(#9647));
#9647 = SURFACE_STYLE_FILL_AREA(#9648);
#9648 = FILL_AREA_STYLE('',(#9649));
#9649 = FILL_AREA_STYLE_COLOUR('',#8774);
#9650 = OVER_RIDING_STYLED_ITEM('overriding color',(#9651),#4639,#8756);
#9651 = PRESENTATION_STYLE_ASSIGNMENT((#9652));
#9652 = SURFACE_STYLE_USAGE(.BOTH.,#9653);
#9653 = SURFACE_SIDE_STYLE('',(#9654));
#9654 = SURFACE_STYLE_FILL_AREA(#9655);
#9655 = FILL_AREA_STYLE('',(#9656));
#9656 = FILL_AREA_STYLE_COLOUR('',#8774);
#9657 = OVER_RIDING_STYLED_ITEM('overriding color',(#9658),#4656,#8756);
#9658 = PRESENTATION_STYLE_ASSIGNMENT((#9659));
#9659 = SURFACE_STYLE_USAGE(.BOTH.,#9660);
#9660 = SURFACE_SIDE_STYLE('',(#9661));
#9661 = SURFACE_STYLE_FILL_AREA(#9662);
#9662 = FILL_AREA_STYLE('',(#9663));
#9663 = FILL_AREA_STYLE_COLOUR('',#8774);
#9664 = OVER_RIDING_STYLED_ITEM('overriding color',(#9665),#4673,#8756);
#9665 = PRESENTATION_STYLE_ASSIGNMENT((#9666));
#9666 = SURFACE_STYLE_USAGE(.BOTH.,#9667);
#9667 = SURFACE_SIDE_STYLE('',(#9668));
#9668 = SURFACE_STYLE_FILL_AREA(#9669);
#9669 = FILL_AREA_STYLE('',(#9670));
#9670 = FILL_AREA_STYLE_COLOUR('',#8774);
#9671 = OVER_RIDING_STYLED_ITEM('overriding color',(#9672),#4690,#8756);
#9672 = PRESENTATION_STYLE_ASSIGNMENT((#9673));
#9673 = SURFACE_STYLE_USAGE(.BOTH.,#9674);
#9674 = SURFACE_SIDE_STYLE('',(#9675));
#9675 = SURFACE_STYLE_FILL_AREA(#9676);
#9676 = FILL_AREA_STYLE('',(#9677));
#9677 = FILL_AREA_STYLE_COLOUR('',#8774);
#9678 = OVER_RIDING_STYLED_ITEM('overriding color',(#9679),#4702,#8756);
#9679 = PRESENTATION_STYLE_ASSIGNMENT((#9680));
#9680 = SURFACE_STYLE_USAGE(.BOTH.,#9681);
#9681 = SURFACE_SIDE_STYLE('',(#9682));
#9682 = SURFACE_STYLE_FILL_AREA(#9683);
#9683 = FILL_AREA_STYLE('',(#9684));
#9684 = FILL_AREA_STYLE_COLOUR('',#8774);
#9685 = OVER_RIDING_STYLED_ITEM('overriding color',(#9686),#4801,#8756);
#9686 = PRESENTATION_STYLE_ASSIGNMENT((#9687));
#9687 = SURFACE_STYLE_USAGE(.BOTH.,#9688);
#9688 = SURFACE_SIDE_STYLE('',(#9689));
#9689 = SURFACE_STYLE_FILL_AREA(#9690);
#9690 = FILL_AREA_STYLE('',(#9691));
#9691 = FILL_AREA_STYLE_COLOUR('',#8774);
#9692 = OVER_RIDING_STYLED_ITEM('overriding color',(#9693),#4900,#8756);
#9693 = PRESENTATION_STYLE_ASSIGNMENT((#9694));
#9694 = SURFACE_STYLE_USAGE(.BOTH.,#9695);
#9695 = SURFACE_SIDE_STYLE('',(#9696));
#9696 = SURFACE_STYLE_FILL_AREA(#9697);
#9697 = FILL_AREA_STYLE('',(#9698));
#9698 = FILL_AREA_STYLE_COLOUR('',#8774);
#9699 = OVER_RIDING_STYLED_ITEM('overriding color',(#9700),#4932,#8756);
#9700 = PRESENTATION_STYLE_ASSIGNMENT((#9701));
#9701 = SURFACE_STYLE_USAGE(.BOTH.,#9702);
#9702 = SURFACE_SIDE_STYLE('',(#9703));
#9703 = SURFACE_STYLE_FILL_AREA(#9704);
#9704 = FILL_AREA_STYLE('',(#9705));
#9705 = FILL_AREA_STYLE_COLOUR('',#8774);
#9706 = OVER_RIDING_STYLED_ITEM('overriding color',(#9707),#4956,#8756);
#9707 = PRESENTATION_STYLE_ASSIGNMENT((#9708));
#9708 = SURFACE_STYLE_USAGE(.BOTH.,#9709);
#9709 = SURFACE_SIDE_STYLE('',(#9710));
#9710 = SURFACE_STYLE_FILL_AREA(#9711);
#9711 = FILL_AREA_STYLE('',(#9712));
#9712 = FILL_AREA_STYLE_COLOUR('',#8774);
#9713 = OVER_RIDING_STYLED_ITEM('overriding color',(#9714),#4981,#8756);
#9714 = PRESENTATION_STYLE_ASSIGNMENT((#9715));
#9715 = SURFACE_STYLE_USAGE(.BOTH.,#9716);
#9716 = SURFACE_SIDE_STYLE('',(#9717));
#9717 = SURFACE_STYLE_FILL_AREA(#9718);
#9718 = FILL_AREA_STYLE('',(#9719));
#9719 = FILL_AREA_STYLE_COLOUR('',#8774);
#9720 = OVER_RIDING_STYLED_ITEM('overriding color',(#9721),#5005,#8756);
#9721 = PRESENTATION_STYLE_ASSIGNMENT((#9722));
#9722 = SURFACE_STYLE_USAGE(.BOTH.,#9723);
#9723 = SURFACE_SIDE_STYLE('',(#9724));
#9724 = SURFACE_STYLE_FILL_AREA(#9725);
#9725 = FILL_AREA_STYLE('',(#9726));
#9726 = FILL_AREA_STYLE_COLOUR('',#8774);
#9727 = OVER_RIDING_STYLED_ITEM('overriding color',(#9728),#5029,#8756);
#9728 = PRESENTATION_STYLE_ASSIGNMENT((#9729));
#9729 = SURFACE_STYLE_USAGE(.BOTH.,#9730);
#9730 = SURFACE_SIDE_STYLE('',(#9731));
#9731 = SURFACE_STYLE_FILL_AREA(#9732);
#9732 = FILL_AREA_STYLE('',(#9733));
#9733 = FILL_AREA_STYLE_COLOUR('',#8774);
#9734 = OVER_RIDING_STYLED_ITEM('overriding color',(#9735),#5053,#8756);
#9735 = PRESENTATION_STYLE_ASSIGNMENT((#9736));
#9736 = SURFACE_STYLE_USAGE(.BOTH.,#9737);
#9737 = SURFACE_SIDE_STYLE('',(#9738));
#9738 = SURFACE_STYLE_FILL_AREA(#9739);
#9739 = FILL_AREA_STYLE('',(#9740));
#9740 = FILL_AREA_STYLE_COLOUR('',#8774);
#9741 = OVER_RIDING_STYLED_ITEM('overriding color',(#9742),#5078,#8756);
#9742 = PRESENTATION_STYLE_ASSIGNMENT((#9743));
#9743 = SURFACE_STYLE_USAGE(.BOTH.,#9744);
#9744 = SURFACE_SIDE_STYLE('',(#9745));
#9745 = SURFACE_STYLE_FILL_AREA(#9746);
#9746 = FILL_AREA_STYLE('',(#9747));
#9747 = FILL_AREA_STYLE_COLOUR('',#8774);
#9748 = OVER_RIDING_STYLED_ITEM('overriding color',(#9749),#5102,#8756);
#9749 = PRESENTATION_STYLE_ASSIGNMENT((#9750));
#9750 = SURFACE_STYLE_USAGE(.BOTH.,#9751);
#9751 = SURFACE_SIDE_STYLE('',(#9752));
#9752 = SURFACE_STYLE_FILL_AREA(#9753);
#9753 = FILL_AREA_STYLE('',(#9754));
#9754 = FILL_AREA_STYLE_COLOUR('',#8774);
#9755 = OVER_RIDING_STYLED_ITEM('overriding color',(#9756),#5127,#8756);
#9756 = PRESENTATION_STYLE_ASSIGNMENT((#9757));
#9757 = SURFACE_STYLE_USAGE(.BOTH.,#9758);
#9758 = SURFACE_SIDE_STYLE('',(#9759));
#9759 = SURFACE_STYLE_FILL_AREA(#9760);
#9760 = FILL_AREA_STYLE('',(#9761));
#9761 = FILL_AREA_STYLE_COLOUR('',#8774);
#9762 = OVER_RIDING_STYLED_ITEM('overriding color',(#9763),#5144,#8756);
#9763 = PRESENTATION_STYLE_ASSIGNMENT((#9764));
#9764 = SURFACE_STYLE_USAGE(.BOTH.,#9765);
#9765 = SURFACE_SIDE_STYLE('',(#9766));
#9766 = SURFACE_STYLE_FILL_AREA(#9767);
#9767 = FILL_AREA_STYLE('',(#9768));
#9768 = FILL_AREA_STYLE_COLOUR('',#8774);
#9769 = OVER_RIDING_STYLED_ITEM('overriding color',(#9770),#5169,#8756);
#9770 = PRESENTATION_STYLE_ASSIGNMENT((#9771));
#9771 = SURFACE_STYLE_USAGE(.BOTH.,#9772);
#9772 = SURFACE_SIDE_STYLE('',(#9773));
#9773 = SURFACE_STYLE_FILL_AREA(#9774);
#9774 = FILL_AREA_STYLE('',(#9775));
#9775 = FILL_AREA_STYLE_COLOUR('',#8774);
#9776 = OVER_RIDING_STYLED_ITEM('overriding color',(#9777),#5268,#8756);
#9777 = PRESENTATION_STYLE_ASSIGNMENT((#9778));
#9778 = SURFACE_STYLE_USAGE(.BOTH.,#9779);
#9779 = SURFACE_SIDE_STYLE('',(#9780));
#9780 = SURFACE_STYLE_FILL_AREA(#9781);
#9781 = FILL_AREA_STYLE('',(#9782));
#9782 = FILL_AREA_STYLE_COLOUR('',#8774);
#9783 = OVER_RIDING_STYLED_ITEM('overriding color',(#9784),#5280,#8756);
#9784 = PRESENTATION_STYLE_ASSIGNMENT((#9785));
#9785 = SURFACE_STYLE_USAGE(.BOTH.,#9786);
#9786 = SURFACE_SIDE_STYLE('',(#9787));
#9787 = SURFACE_STYLE_FILL_AREA(#9788);
#9788 = FILL_AREA_STYLE('',(#9789));
#9789 = FILL_AREA_STYLE_COLOUR('',#8774);
#9790 = OVER_RIDING_STYLED_ITEM('overriding color',(#9791),#5302,#8756);
#9791 = PRESENTATION_STYLE_ASSIGNMENT((#9792));
#9792 = SURFACE_STYLE_USAGE(.BOTH.,#9793);
#9793 = SURFACE_SIDE_STYLE('',(#9794));
#9794 = SURFACE_STYLE_FILL_AREA(#9795);
#9795 = FILL_AREA_STYLE('',(#9796));
#9796 = FILL_AREA_STYLE_COLOUR('',#8774);
#9797 = OVER_RIDING_STYLED_ITEM('overriding color',(#9798),#5314,#8756);
#9798 = PRESENTATION_STYLE_ASSIGNMENT((#9799));
#9799 = SURFACE_STYLE_USAGE(.BOTH.,#9800);
#9800 = SURFACE_SIDE_STYLE('',(#9801));
#9801 = SURFACE_STYLE_FILL_AREA(#9802);
#9802 = FILL_AREA_STYLE('',(#9803));
#9803 = FILL_AREA_STYLE_COLOUR('',#8774);
#9804 = OVER_RIDING_STYLED_ITEM('overriding color',(#9805),#5331,#8756);
#9805 = PRESENTATION_STYLE_ASSIGNMENT((#9806));
#9806 = SURFACE_STYLE_USAGE(.BOTH.,#9807);
#9807 = SURFACE_SIDE_STYLE('',(#9808));
#9808 = SURFACE_STYLE_FILL_AREA(#9809);
#9809 = FILL_AREA_STYLE('',(#9810));
#9810 = FILL_AREA_STYLE_COLOUR('',#8774);
#9811 = OVER_RIDING_STYLED_ITEM('overriding color',(#9812),#5348,#8756);
#9812 = PRESENTATION_STYLE_ASSIGNMENT((#9813));
#9813 = SURFACE_STYLE_USAGE(.BOTH.,#9814);
#9814 = SURFACE_SIDE_STYLE('',(#9815));
#9815 = SURFACE_STYLE_FILL_AREA(#9816);
#9816 = FILL_AREA_STYLE('',(#9817));
#9817 = FILL_AREA_STYLE_COLOUR('',#8774);
#9818 = OVER_RIDING_STYLED_ITEM('overriding color',(#9819),#5365,#8756);
#9819 = PRESENTATION_STYLE_ASSIGNMENT((#9820));
#9820 = SURFACE_STYLE_USAGE(.BOTH.,#9821);
#9821 = SURFACE_SIDE_STYLE('',(#9822));
#9822 = SURFACE_STYLE_FILL_AREA(#9823);
#9823 = FILL_AREA_STYLE('',(#9824));
#9824 = FILL_AREA_STYLE_COLOUR('',#8774);
#9825 = OVER_RIDING_STYLED_ITEM('overriding color',(#9826),#5382,#8756);
#9826 = PRESENTATION_STYLE_ASSIGNMENT((#9827));
#9827 = SURFACE_STYLE_USAGE(.BOTH.,#9828);
#9828 = SURFACE_SIDE_STYLE('',(#9829));
#9829 = SURFACE_STYLE_FILL_AREA(#9830);
#9830 = FILL_AREA_STYLE('',(#9831));
#9831 = FILL_AREA_STYLE_COLOUR('',#8774);
#9832 = OVER_RIDING_STYLED_ITEM('overriding color',(#9833),#5399,#8756);
#9833 = PRESENTATION_STYLE_ASSIGNMENT((#9834));
#9834 = SURFACE_STYLE_USAGE(.BOTH.,#9835);
#9835 = SURFACE_SIDE_STYLE('',(#9836));
#9836 = SURFACE_STYLE_FILL_AREA(#9837);
#9837 = FILL_AREA_STYLE('',(#9838));
#9838 = FILL_AREA_STYLE_COLOUR('',#8774);
#9839 = OVER_RIDING_STYLED_ITEM('overriding color',(#9840),#5416,#8756);
#9840 = PRESENTATION_STYLE_ASSIGNMENT((#9841));
#9841 = SURFACE_STYLE_USAGE(.BOTH.,#9842);
#9842 = SURFACE_SIDE_STYLE('',(#9843));
#9843 = SURFACE_STYLE_FILL_AREA(#9844);
#9844 = FILL_AREA_STYLE('',(#9845));
#9845 = FILL_AREA_STYLE_COLOUR('',#8774);
#9846 = OVER_RIDING_STYLED_ITEM('overriding color',(#9847),#5433,#8756);
#9847 = PRESENTATION_STYLE_ASSIGNMENT((#9848));
#9848 = SURFACE_STYLE_USAGE(.BOTH.,#9849);
#9849 = SURFACE_SIDE_STYLE('',(#9850));
#9850 = SURFACE_STYLE_FILL_AREA(#9851);
#9851 = FILL_AREA_STYLE('',(#9852));
#9852 = FILL_AREA_STYLE_COLOUR('',#8774);
#9853 = OVER_RIDING_STYLED_ITEM('overriding color',(#9854),#5450,#8756);
#9854 = PRESENTATION_STYLE_ASSIGNMENT((#9855));
#9855 = SURFACE_STYLE_USAGE(.BOTH.,#9856);
#9856 = SURFACE_SIDE_STYLE('',(#9857));
#9857 = SURFACE_STYLE_FILL_AREA(#9858);
#9858 = FILL_AREA_STYLE('',(#9859));
#9859 = FILL_AREA_STYLE_COLOUR('',#8774);
#9860 = OVER_RIDING_STYLED_ITEM('overriding color',(#9861),#5462,#8756);
#9861 = PRESENTATION_STYLE_ASSIGNMENT((#9862));
#9862 = SURFACE_STYLE_USAGE(.BOTH.,#9863);
#9863 = SURFACE_SIDE_STYLE('',(#9864));
#9864 = SURFACE_STYLE_FILL_AREA(#9865);
#9865 = FILL_AREA_STYLE('',(#9866));
#9866 = FILL_AREA_STYLE_COLOUR('',#8774);
#9867 = OVER_RIDING_STYLED_ITEM('overriding color',(#9868),#5561,#8756);
#9868 = PRESENTATION_STYLE_ASSIGNMENT((#9869));
#9869 = SURFACE_STYLE_USAGE(.BOTH.,#9870);
#9870 = SURFACE_SIDE_STYLE('',(#9871));
#9871 = SURFACE_STYLE_FILL_AREA(#9872);
#9872 = FILL_AREA_STYLE('',(#9873));
#9873 = FILL_AREA_STYLE_COLOUR('',#8774);
#9874 = OVER_RIDING_STYLED_ITEM('overriding color',(#9875),#5660,#8756);
#9875 = PRESENTATION_STYLE_ASSIGNMENT((#9876));
#9876 = SURFACE_STYLE_USAGE(.BOTH.,#9877);
#9877 = SURFACE_SIDE_STYLE('',(#9878));
#9878 = SURFACE_STYLE_FILL_AREA(#9879);
#9879 = FILL_AREA_STYLE('',(#9880));
#9880 = FILL_AREA_STYLE_COLOUR('',#8774);
#9881 = OVER_RIDING_STYLED_ITEM('overriding color',(#9882),#5692,#8756);
#9882 = PRESENTATION_STYLE_ASSIGNMENT((#9883));
#9883 = SURFACE_STYLE_USAGE(.BOTH.,#9884);
#9884 = SURFACE_SIDE_STYLE('',(#9885));
#9885 = SURFACE_STYLE_FILL_AREA(#9886);
#9886 = FILL_AREA_STYLE('',(#9887));
#9887 = FILL_AREA_STYLE_COLOUR('',#8774);
#9888 = OVER_RIDING_STYLED_ITEM('overriding color',(#9889),#5716,#8756);
#9889 = PRESENTATION_STYLE_ASSIGNMENT((#9890));
#9890 = SURFACE_STYLE_USAGE(.BOTH.,#9891);
#9891 = SURFACE_SIDE_STYLE('',(#9892));
#9892 = SURFACE_STYLE_FILL_AREA(#9893);
#9893 = FILL_AREA_STYLE('',(#9894));
#9894 = FILL_AREA_STYLE_COLOUR('',#8774);
#9895 = OVER_RIDING_STYLED_ITEM('overriding color',(#9896),#5741,#8756);
#9896 = PRESENTATION_STYLE_ASSIGNMENT((#9897));
#9897 = SURFACE_STYLE_USAGE(.BOTH.,#9898);
#9898 = SURFACE_SIDE_STYLE('',(#9899));
#9899 = SURFACE_STYLE_FILL_AREA(#9900);
#9900 = FILL_AREA_STYLE('',(#9901));
#9901 = FILL_AREA_STYLE_COLOUR('',#8774);
#9902 = OVER_RIDING_STYLED_ITEM('overriding color',(#9903),#5765,#8756);
#9903 = PRESENTATION_STYLE_ASSIGNMENT((#9904));
#9904 = SURFACE_STYLE_USAGE(.BOTH.,#9905);
#9905 = SURFACE_SIDE_STYLE('',(#9906));
#9906 = SURFACE_STYLE_FILL_AREA(#9907);
#9907 = FILL_AREA_STYLE('',(#9908));
#9908 = FILL_AREA_STYLE_COLOUR('',#8774);
#9909 = OVER_RIDING_STYLED_ITEM('overriding color',(#9910),#5789,#8756);
#9910 = PRESENTATION_STYLE_ASSIGNMENT((#9911));
#9911 = SURFACE_STYLE_USAGE(.BOTH.,#9912);
#9912 = SURFACE_SIDE_STYLE('',(#9913));
#9913 = SURFACE_STYLE_FILL_AREA(#9914);
#9914 = FILL_AREA_STYLE('',(#9915));
#9915 = FILL_AREA_STYLE_COLOUR('',#8774);
#9916 = OVER_RIDING_STYLED_ITEM('overriding color',(#9917),#5813,#8756);
#9917 = PRESENTATION_STYLE_ASSIGNMENT((#9918));
#9918 = SURFACE_STYLE_USAGE(.BOTH.,#9919);
#9919 = SURFACE_SIDE_STYLE('',(#9920));
#9920 = SURFACE_STYLE_FILL_AREA(#9921);
#9921 = FILL_AREA_STYLE('',(#9922));
#9922 = FILL_AREA_STYLE_COLOUR('',#8774);
#9923 = OVER_RIDING_STYLED_ITEM('overriding color',(#9924),#5838,#8756);
#9924 = PRESENTATION_STYLE_ASSIGNMENT((#9925));
#9925 = SURFACE_STYLE_USAGE(.BOTH.,#9926);
#9926 = SURFACE_SIDE_STYLE('',(#9927));
#9927 = SURFACE_STYLE_FILL_AREA(#9928);
#9928 = FILL_AREA_STYLE('',(#9929));
#9929 = FILL_AREA_STYLE_COLOUR('',#8774);
#9930 = OVER_RIDING_STYLED_ITEM('overriding color',(#9931),#5862,#8756);
#9931 = PRESENTATION_STYLE_ASSIGNMENT((#9932));
#9932 = SURFACE_STYLE_USAGE(.BOTH.,#9933);
#9933 = SURFACE_SIDE_STYLE('',(#9934));
#9934 = SURFACE_STYLE_FILL_AREA(#9935);
#9935 = FILL_AREA_STYLE('',(#9936));
#9936 = FILL_AREA_STYLE_COLOUR('',#8774);
#9937 = OVER_RIDING_STYLED_ITEM('overriding color',(#9938),#5887,#8756);
#9938 = PRESENTATION_STYLE_ASSIGNMENT((#9939));
#9939 = SURFACE_STYLE_USAGE(.BOTH.,#9940);
#9940 = SURFACE_SIDE_STYLE('',(#9941));
#9941 = SURFACE_STYLE_FILL_AREA(#9942);
#9942 = FILL_AREA_STYLE('',(#9943));
#9943 = FILL_AREA_STYLE_COLOUR('',#8774);
#9944 = OVER_RIDING_STYLED_ITEM('overriding color',(#9945),#5904,#8756);
#9945 = PRESENTATION_STYLE_ASSIGNMENT((#9946));
#9946 = SURFACE_STYLE_USAGE(.BOTH.,#9947);
#9947 = SURFACE_SIDE_STYLE('',(#9948));
#9948 = SURFACE_STYLE_FILL_AREA(#9949);
#9949 = FILL_AREA_STYLE('',(#9950));
#9950 = FILL_AREA_STYLE_COLOUR('',#8774);
#9951 = OVER_RIDING_STYLED_ITEM('overriding color',(#9952),#5929,#8756);
#9952 = PRESENTATION_STYLE_ASSIGNMENT((#9953));
#9953 = SURFACE_STYLE_USAGE(.BOTH.,#9954);
#9954 = SURFACE_SIDE_STYLE('',(#9955));
#9955 = SURFACE_STYLE_FILL_AREA(#9956);
#9956 = FILL_AREA_STYLE('',(#9957));
#9957 = FILL_AREA_STYLE_COLOUR('',#8774);
#9958 = OVER_RIDING_STYLED_ITEM('overriding color',(#9959),#6028,#8756);
#9959 = PRESENTATION_STYLE_ASSIGNMENT((#9960));
#9960 = SURFACE_STYLE_USAGE(.BOTH.,#9961);
#9961 = SURFACE_SIDE_STYLE('',(#9962));
#9962 = SURFACE_STYLE_FILL_AREA(#9963);
#9963 = FILL_AREA_STYLE('',(#9964));
#9964 = FILL_AREA_STYLE_COLOUR('',#8774);
#9965 = OVER_RIDING_STYLED_ITEM('overriding color',(#9966),#6040,#8756);
#9966 = PRESENTATION_STYLE_ASSIGNMENT((#9967));
#9967 = SURFACE_STYLE_USAGE(.BOTH.,#9968);
#9968 = SURFACE_SIDE_STYLE('',(#9969));
#9969 = SURFACE_STYLE_FILL_AREA(#9970);
#9970 = FILL_AREA_STYLE('',(#9971));
#9971 = FILL_AREA_STYLE_COLOUR('',#8774);
#9972 = OVER_RIDING_STYLED_ITEM('overriding color',(#9973),#6062,#8756);
#9973 = PRESENTATION_STYLE_ASSIGNMENT((#9974));
#9974 = SURFACE_STYLE_USAGE(.BOTH.,#9975);
#9975 = SURFACE_SIDE_STYLE('',(#9976));
#9976 = SURFACE_STYLE_FILL_AREA(#9977);
#9977 = FILL_AREA_STYLE('',(#9978));
#9978 = FILL_AREA_STYLE_COLOUR('',#8774);
#9979 = OVER_RIDING_STYLED_ITEM('overriding color',(#9980),#6074,#8756);
#9980 = PRESENTATION_STYLE_ASSIGNMENT((#9981));
#9981 = SURFACE_STYLE_USAGE(.BOTH.,#9982);
#9982 = SURFACE_SIDE_STYLE('',(#9983));
#9983 = SURFACE_STYLE_FILL_AREA(#9984);
#9984 = FILL_AREA_STYLE('',(#9985));
#9985 = FILL_AREA_STYLE_COLOUR('',#8774);
#9986 = OVER_RIDING_STYLED_ITEM('overriding color',(#9987),#6091,#8756);
#9987 = PRESENTATION_STYLE_ASSIGNMENT((#9988));
#9988 = SURFACE_STYLE_USAGE(.BOTH.,#9989);
#9989 = SURFACE_SIDE_STYLE('',(#9990));
#9990 = SURFACE_STYLE_FILL_AREA(#9991);
#9991 = FILL_AREA_STYLE('',(#9992));
#9992 = FILL_AREA_STYLE_COLOUR('',#8774);
#9993 = OVER_RIDING_STYLED_ITEM('overriding color',(#9994),#6108,#8756);
#9994 = PRESENTATION_STYLE_ASSIGNMENT((#9995));
#9995 = SURFACE_STYLE_USAGE(.BOTH.,#9996);
#9996 = SURFACE_SIDE_STYLE('',(#9997));
#9997 = SURFACE_STYLE_FILL_AREA(#9998);
#9998 = FILL_AREA_STYLE('',(#9999));
#9999 = FILL_AREA_STYLE_COLOUR('',#8774);
#10000 = OVER_RIDING_STYLED_ITEM('overriding color',(#10001),#6125,#8756
  );
#10001 = PRESENTATION_STYLE_ASSIGNMENT((#10002));
#10002 = SURFACE_STYLE_USAGE(.BOTH.,#10003);
#10003 = SURFACE_SIDE_STYLE('',(#10004));
#10004 = SURFACE_STYLE_FILL_AREA(#10005);
#10005 = FILL_AREA_STYLE('',(#10006));
#10006 = FILL_AREA_STYLE_COLOUR('',#8774);
#10007 = OVER_RIDING_STYLED_ITEM('overriding color',(#10008),#6142,#8756
  );
#10008 = PRESENTATION_STYLE_ASSIGNMENT((#10009));
#10009 = SURFACE_STYLE_USAGE(.BOTH.,#10010);
#10010 = SURFACE_SIDE_STYLE('',(#10011));
#10011 = SURFACE_STYLE_FILL_AREA(#10012);
#10012 = FILL_AREA_STYLE('',(#10013));
#10013 = FILL_AREA_STYLE_COLOUR('',#8774);
#10014 = OVER_RIDING_STYLED_ITEM('overriding color',(#10015),#6159,#8756
  );
#10015 = PRESENTATION_STYLE_ASSIGNMENT((#10016));
#10016 = SURFACE_STYLE_USAGE(.BOTH.,#10017);
#10017 = SURFACE_SIDE_STYLE('',(#10018));
#10018 = SURFACE_STYLE_FILL_AREA(#10019);
#10019 = FILL_AREA_STYLE('',(#10020));
#10020 = FILL_AREA_STYLE_COLOUR('',#8774);
#10021 = OVER_RIDING_STYLED_ITEM('overriding color',(#10022),#6176,#8756
  );
#10022 = PRESENTATION_STYLE_ASSIGNMENT((#10023));
#10023 = SURFACE_STYLE_USAGE(.BOTH.,#10024);
#10024 = SURFACE_SIDE_STYLE('',(#10025));
#10025 = SURFACE_STYLE_FILL_AREA(#10026);
#10026 = FILL_AREA_STYLE('',(#10027));
#10027 = FILL_AREA_STYLE_COLOUR('',#8774);
#10028 = OVER_RIDING_STYLED_ITEM('overriding color',(#10029),#6193,#8756
  );
#10029 = PRESENTATION_STYLE_ASSIGNMENT((#10030));
#10030 = SURFACE_STYLE_USAGE(.BOTH.,#10031);
#10031 = SURFACE_SIDE_STYLE('',(#10032));
#10032 = SURFACE_STYLE_FILL_AREA(#10033);
#10033 = FILL_AREA_STYLE('',(#10034));
#10034 = FILL_AREA_STYLE_COLOUR('',#8774);
#10035 = OVER_RIDING_STYLED_ITEM('overriding color',(#10036),#6210,#8756
  );
#10036 = PRESENTATION_STYLE_ASSIGNMENT((#10037));
#10037 = SURFACE_STYLE_USAGE(.BOTH.,#10038);
#10038 = SURFACE_SIDE_STYLE('',(#10039));
#10039 = SURFACE_STYLE_FILL_AREA(#10040);
#10040 = FILL_AREA_STYLE('',(#10041));
#10041 = FILL_AREA_STYLE_COLOUR('',#8774);
#10042 = OVER_RIDING_STYLED_ITEM('overriding color',(#10043),#6222,#8756
  );
#10043 = PRESENTATION_STYLE_ASSIGNMENT((#10044));
#10044 = SURFACE_STYLE_USAGE(.BOTH.,#10045);
#10045 = SURFACE_SIDE_STYLE('',(#10046));
#10046 = SURFACE_STYLE_FILL_AREA(#10047);
#10047 = FILL_AREA_STYLE('',(#10048));
#10048 = FILL_AREA_STYLE_COLOUR('',#8774);
#10049 = OVER_RIDING_STYLED_ITEM('overriding color',(#10050),#6321,#8756
  );
#10050 = PRESENTATION_STYLE_ASSIGNMENT((#10051));
#10051 = SURFACE_STYLE_USAGE(.BOTH.,#10052);
#10052 = SURFACE_SIDE_STYLE('',(#10053));
#10053 = SURFACE_STYLE_FILL_AREA(#10054);
#10054 = FILL_AREA_STYLE('',(#10055));
#10055 = FILL_AREA_STYLE_COLOUR('',#8774);
#10056 = OVER_RIDING_STYLED_ITEM('overriding color',(#10057),#6420,#8756
  );
#10057 = PRESENTATION_STYLE_ASSIGNMENT((#10058));
#10058 = SURFACE_STYLE_USAGE(.BOTH.,#10059);
#10059 = SURFACE_SIDE_STYLE('',(#10060));
#10060 = SURFACE_STYLE_FILL_AREA(#10061);
#10061 = FILL_AREA_STYLE('',(#10062));
#10062 = FILL_AREA_STYLE_COLOUR('',#8774);
#10063 = OVER_RIDING_STYLED_ITEM('overriding color',(#10064),#6452,#8756
  );
#10064 = PRESENTATION_STYLE_ASSIGNMENT((#10065));
#10065 = SURFACE_STYLE_USAGE(.BOTH.,#10066);
#10066 = SURFACE_SIDE_STYLE('',(#10067));
#10067 = SURFACE_STYLE_FILL_AREA(#10068);
#10068 = FILL_AREA_STYLE('',(#10069));
#10069 = FILL_AREA_STYLE_COLOUR('',#8774);
#10070 = OVER_RIDING_STYLED_ITEM('overriding color',(#10071),#6476,#8756
  );
#10071 = PRESENTATION_STYLE_ASSIGNMENT((#10072));
#10072 = SURFACE_STYLE_USAGE(.BOTH.,#10073);
#10073 = SURFACE_SIDE_STYLE('',(#10074));
#10074 = SURFACE_STYLE_FILL_AREA(#10075);
#10075 = FILL_AREA_STYLE('',(#10076));
#10076 = FILL_AREA_STYLE_COLOUR('',#8774);
#10077 = OVER_RIDING_STYLED_ITEM('overriding color',(#10078),#6501,#8756
  );
#10078 = PRESENTATION_STYLE_ASSIGNMENT((#10079));
#10079 = SURFACE_STYLE_USAGE(.BOTH.,#10080);
#10080 = SURFACE_SIDE_STYLE('',(#10081));
#10081 = SURFACE_STYLE_FILL_AREA(#10082);
#10082 = FILL_AREA_STYLE('',(#10083));
#10083 = FILL_AREA_STYLE_COLOUR('',#8774);
#10084 = OVER_RIDING_STYLED_ITEM('overriding color',(#10085),#6525,#8756
  );
#10085 = PRESENTATION_STYLE_ASSIGNMENT((#10086));
#10086 = SURFACE_STYLE_USAGE(.BOTH.,#10087);
#10087 = SURFACE_SIDE_STYLE('',(#10088));
#10088 = SURFACE_STYLE_FILL_AREA(#10089);
#10089 = FILL_AREA_STYLE('',(#10090));
#10090 = FILL_AREA_STYLE_COLOUR('',#8774);
#10091 = OVER_RIDING_STYLED_ITEM('overriding color',(#10092),#6549,#8756
  );
#10092 = PRESENTATION_STYLE_ASSIGNMENT((#10093));
#10093 = SURFACE_STYLE_USAGE(.BOTH.,#10094);
#10094 = SURFACE_SIDE_STYLE('',(#10095));
#10095 = SURFACE_STYLE_FILL_AREA(#10096);
#10096 = FILL_AREA_STYLE('',(#10097));
#10097 = FILL_AREA_STYLE_COLOUR('',#8774);
#10098 = OVER_RIDING_STYLED_ITEM('overriding color',(#10099),#6573,#8756
  );
#10099 = PRESENTATION_STYLE_ASSIGNMENT((#10100));
#10100 = SURFACE_STYLE_USAGE(.BOTH.,#10101);
#10101 = SURFACE_SIDE_STYLE('',(#10102));
#10102 = SURFACE_STYLE_FILL_AREA(#10103);
#10103 = FILL_AREA_STYLE('',(#10104));
#10104 = FILL_AREA_STYLE_COLOUR('',#8774);
#10105 = OVER_RIDING_STYLED_ITEM('overriding color',(#10106),#6598,#8756
  );
#10106 = PRESENTATION_STYLE_ASSIGNMENT((#10107));
#10107 = SURFACE_STYLE_USAGE(.BOTH.,#10108);
#10108 = SURFACE_SIDE_STYLE('',(#10109));
#10109 = SURFACE_STYLE_FILL_AREA(#10110);
#10110 = FILL_AREA_STYLE('',(#10111));
#10111 = FILL_AREA_STYLE_COLOUR('',#8774);
#10112 = OVER_RIDING_STYLED_ITEM('overriding color',(#10113),#6622,#8756
  );
#10113 = PRESENTATION_STYLE_ASSIGNMENT((#10114));
#10114 = SURFACE_STYLE_USAGE(.BOTH.,#10115);
#10115 = SURFACE_SIDE_STYLE('',(#10116));
#10116 = SURFACE_STYLE_FILL_AREA(#10117);
#10117 = FILL_AREA_STYLE('',(#10118));
#10118 = FILL_AREA_STYLE_COLOUR('',#8774);
#10119 = OVER_RIDING_STYLED_ITEM('overriding color',(#10120),#6647,#8756
  );
#10120 = PRESENTATION_STYLE_ASSIGNMENT((#10121));
#10121 = SURFACE_STYLE_USAGE(.BOTH.,#10122);
#10122 = SURFACE_SIDE_STYLE('',(#10123));
#10123 = SURFACE_STYLE_FILL_AREA(#10124);
#10124 = FILL_AREA_STYLE('',(#10125));
#10125 = FILL_AREA_STYLE_COLOUR('',#8774);
#10126 = OVER_RIDING_STYLED_ITEM('overriding color',(#10127),#6664,#8756
  );
#10127 = PRESENTATION_STYLE_ASSIGNMENT((#10128));
#10128 = SURFACE_STYLE_USAGE(.BOTH.,#10129);
#10129 = SURFACE_SIDE_STYLE('',(#10130));
#10130 = SURFACE_STYLE_FILL_AREA(#10131);
#10131 = FILL_AREA_STYLE('',(#10132));
#10132 = FILL_AREA_STYLE_COLOUR('',#8774);
#10133 = OVER_RIDING_STYLED_ITEM('overriding color',(#10134),#6689,#8756
  );
#10134 = PRESENTATION_STYLE_ASSIGNMENT((#10135));
#10135 = SURFACE_STYLE_USAGE(.BOTH.,#10136);
#10136 = SURFACE_SIDE_STYLE('',(#10137));
#10137 = SURFACE_STYLE_FILL_AREA(#10138);
#10138 = FILL_AREA_STYLE('',(#10139));
#10139 = FILL_AREA_STYLE_COLOUR('',#8774);
#10140 = OVER_RIDING_STYLED_ITEM('overriding color',(#10141),#6788,#8756
  );
#10141 = PRESENTATION_STYLE_ASSIGNMENT((#10142));
#10142 = SURFACE_STYLE_USAGE(.BOTH.,#10143);
#10143 = SURFACE_SIDE_STYLE('',(#10144));
#10144 = SURFACE_STYLE_FILL_AREA(#10145);
#10145 = FILL_AREA_STYLE('',(#10146));
#10146 = FILL_AREA_STYLE_COLOUR('',#8774);
#10147 = OVER_RIDING_STYLED_ITEM('overriding color',(#10148),#6800,#8756
  );
#10148 = PRESENTATION_STYLE_ASSIGNMENT((#10149));
#10149 = SURFACE_STYLE_USAGE(.BOTH.,#10150);
#10150 = SURFACE_SIDE_STYLE('',(#10151));
#10151 = SURFACE_STYLE_FILL_AREA(#10152);
#10152 = FILL_AREA_STYLE('',(#10153));
#10153 = FILL_AREA_STYLE_COLOUR('',#8774);
#10154 = OVER_RIDING_STYLED_ITEM('overriding color',(#10155),#6822,#8756
  );
#10155 = PRESENTATION_STYLE_ASSIGNMENT((#10156));
#10156 = SURFACE_STYLE_USAGE(.BOTH.,#10157);
#10157 = SURFACE_SIDE_STYLE('',(#10158));
#10158 = SURFACE_STYLE_FILL_AREA(#10159);
#10159 = FILL_AREA_STYLE('',(#10160));
#10160 = FILL_AREA_STYLE_COLOUR('',#8774);
#10161 = OVER_RIDING_STYLED_ITEM('overriding color',(#10162),#6834,#8756
  );
#10162 = PRESENTATION_STYLE_ASSIGNMENT((#10163));
#10163 = SURFACE_STYLE_USAGE(.BOTH.,#10164);
#10164 = SURFACE_SIDE_STYLE('',(#10165));
#10165 = SURFACE_STYLE_FILL_AREA(#10166);
#10166 = FILL_AREA_STYLE('',(#10167));
#10167 = FILL_AREA_STYLE_COLOUR('',#8774);
#10168 = OVER_RIDING_STYLED_ITEM('overriding color',(#10169),#6851,#8756
  );
#10169 = PRESENTATION_STYLE_ASSIGNMENT((#10170));
#10170 = SURFACE_STYLE_USAGE(.BOTH.,#10171);
#10171 = SURFACE_SIDE_STYLE('',(#10172));
#10172 = SURFACE_STYLE_FILL_AREA(#10173);
#10173 = FILL_AREA_STYLE('',(#10174));
#10174 = FILL_AREA_STYLE_COLOUR('',#8774);
#10175 = OVER_RIDING_STYLED_ITEM('overriding color',(#10176),#6868,#8756
  );
#10176 = PRESENTATION_STYLE_ASSIGNMENT((#10177));
#10177 = SURFACE_STYLE_USAGE(.BOTH.,#10178);
#10178 = SURFACE_SIDE_STYLE('',(#10179));
#10179 = SURFACE_STYLE_FILL_AREA(#10180);
#10180 = FILL_AREA_STYLE('',(#10181));
#10181 = FILL_AREA_STYLE_COLOUR('',#8774);
#10182 = OVER_RIDING_STYLED_ITEM('overriding color',(#10183),#6885,#8756
  );
#10183 = PRESENTATION_STYLE_ASSIGNMENT((#10184));
#10184 = SURFACE_STYLE_USAGE(.BOTH.,#10185);
#10185 = SURFACE_SIDE_STYLE('',(#10186));
#10186 = SURFACE_STYLE_FILL_AREA(#10187);
#10187 = FILL_AREA_STYLE('',(#10188));
#10188 = FILL_AREA_STYLE_COLOUR('',#8774);
#10189 = OVER_RIDING_STYLED_ITEM('overriding color',(#10190),#6902,#8756
  );
#10190 = PRESENTATION_STYLE_ASSIGNMENT((#10191));
#10191 = SURFACE_STYLE_USAGE(.BOTH.,#10192);
#10192 = SURFACE_SIDE_STYLE('',(#10193));
#10193 = SURFACE_STYLE_FILL_AREA(#10194);
#10194 = FILL_AREA_STYLE('',(#10195));
#10195 = FILL_AREA_STYLE_COLOUR('',#8774);
#10196 = OVER_RIDING_STYLED_ITEM('overriding color',(#10197),#6919,#8756
  );
#10197 = PRESENTATION_STYLE_ASSIGNMENT((#10198));
#10198 = SURFACE_STYLE_USAGE(.BOTH.,#10199);
#10199 = SURFACE_SIDE_STYLE('',(#10200));
#10200 = SURFACE_STYLE_FILL_AREA(#10201);
#10201 = FILL_AREA_STYLE('',(#10202));
#10202 = FILL_AREA_STYLE_COLOUR('',#8774);
#10203 = OVER_RIDING_STYLED_ITEM('overriding color',(#10204),#6936,#8756
  );
#10204 = PRESENTATION_STYLE_ASSIGNMENT((#10205));
#10205 = SURFACE_STYLE_USAGE(.BOTH.,#10206);
#10206 = SURFACE_SIDE_STYLE('',(#10207));
#10207 = SURFACE_STYLE_FILL_AREA(#10208);
#10208 = FILL_AREA_STYLE('',(#10209));
#10209 = FILL_AREA_STYLE_COLOUR('',#8774);
#10210 = OVER_RIDING_STYLED_ITEM('overriding color',(#10211),#6953,#8756
  );
#10211 = PRESENTATION_STYLE_ASSIGNMENT((#10212));
#10212 = SURFACE_STYLE_USAGE(.BOTH.,#10213);
#10213 = SURFACE_SIDE_STYLE('',(#10214));
#10214 = SURFACE_STYLE_FILL_AREA(#10215);
#10215 = FILL_AREA_STYLE('',(#10216));
#10216 = FILL_AREA_STYLE_COLOUR('',#8774);
#10217 = OVER_RIDING_STYLED_ITEM('overriding color',(#10218),#6970,#8756
  );
#10218 = PRESENTATION_STYLE_ASSIGNMENT((#10219));
#10219 = SURFACE_STYLE_USAGE(.BOTH.,#10220);
#10220 = SURFACE_SIDE_STYLE('',(#10221));
#10221 = SURFACE_STYLE_FILL_AREA(#10222);
#10222 = FILL_AREA_STYLE('',(#10223));
#10223 = FILL_AREA_STYLE_COLOUR('',#8774);
#10224 = OVER_RIDING_STYLED_ITEM('overriding color',(#10225),#6982,#8756
  );
#10225 = PRESENTATION_STYLE_ASSIGNMENT((#10226));
#10226 = SURFACE_STYLE_USAGE(.BOTH.,#10227);
#10227 = SURFACE_SIDE_STYLE('',(#10228));
#10228 = SURFACE_STYLE_FILL_AREA(#10229);
#10229 = FILL_AREA_STYLE('',(#10230));
#10230 = FILL_AREA_STYLE_COLOUR('',#8774);
#10231 = OVER_RIDING_STYLED_ITEM('overriding color',(#10232),#7081,#8756
  );
#10232 = PRESENTATION_STYLE_ASSIGNMENT((#10233));
#10233 = SURFACE_STYLE_USAGE(.BOTH.,#10234);
#10234 = SURFACE_SIDE_STYLE('',(#10235));
#10235 = SURFACE_STYLE_FILL_AREA(#10236);
#10236 = FILL_AREA_STYLE('',(#10237));
#10237 = FILL_AREA_STYLE_COLOUR('',#8774);
#10238 = OVER_RIDING_STYLED_ITEM('overriding color',(#10239),#7180,#8756
  );
#10239 = PRESENTATION_STYLE_ASSIGNMENT((#10240));
#10240 = SURFACE_STYLE_USAGE(.BOTH.,#10241);
#10241 = SURFACE_SIDE_STYLE('',(#10242));
#10242 = SURFACE_STYLE_FILL_AREA(#10243);
#10243 = FILL_AREA_STYLE('',(#10244));
#10244 = FILL_AREA_STYLE_COLOUR('',#8774);
#10245 = OVER_RIDING_STYLED_ITEM('overriding color',(#10246),#7212,#8756
  );
#10246 = PRESENTATION_STYLE_ASSIGNMENT((#10247));
#10247 = SURFACE_STYLE_USAGE(.BOTH.,#10248);
#10248 = SURFACE_SIDE_STYLE('',(#10249));
#10249 = SURFACE_STYLE_FILL_AREA(#10250);
#10250 = FILL_AREA_STYLE('',(#10251));
#10251 = FILL_AREA_STYLE_COLOUR('',#8774);
#10252 = OVER_RIDING_STYLED_ITEM('overriding color',(#10253),#7236,#8756
  );
#10253 = PRESENTATION_STYLE_ASSIGNMENT((#10254));
#10254 = SURFACE_STYLE_USAGE(.BOTH.,#10255);
#10255 = SURFACE_SIDE_STYLE('',(#10256));
#10256 = SURFACE_STYLE_FILL_AREA(#10257);
#10257 = FILL_AREA_STYLE('',(#10258));
#10258 = FILL_AREA_STYLE_COLOUR('',#8774);
#10259 = OVER_RIDING_STYLED_ITEM('overriding color',(#10260),#7261,#8756
  );
#10260 = PRESENTATION_STYLE_ASSIGNMENT((#10261));
#10261 = SURFACE_STYLE_USAGE(.BOTH.,#10262);
#10262 = SURFACE_SIDE_STYLE('',(#10263));
#10263 = SURFACE_STYLE_FILL_AREA(#10264);
#10264 = FILL_AREA_STYLE('',(#10265));
#10265 = FILL_AREA_STYLE_COLOUR('',#8774);
#10266 = OVER_RIDING_STYLED_ITEM('overriding color',(#10267),#7285,#8756
  );
#10267 = PRESENTATION_STYLE_ASSIGNMENT((#10268));
#10268 = SURFACE_STYLE_USAGE(.BOTH.,#10269);
#10269 = SURFACE_SIDE_STYLE('',(#10270));
#10270 = SURFACE_STYLE_FILL_AREA(#10271);
#10271 = FILL_AREA_STYLE('',(#10272));
#10272 = FILL_AREA_STYLE_COLOUR('',#8774);
#10273 = OVER_RIDING_STYLED_ITEM('overriding color',(#10274),#7309,#8756
  );
#10274 = PRESENTATION_STYLE_ASSIGNMENT((#10275));
#10275 = SURFACE_STYLE_USAGE(.BOTH.,#10276);
#10276 = SURFACE_SIDE_STYLE('',(#10277));
#10277 = SURFACE_STYLE_FILL_AREA(#10278);
#10278 = FILL_AREA_STYLE('',(#10279));
#10279 = FILL_AREA_STYLE_COLOUR('',#8774);
#10280 = OVER_RIDING_STYLED_ITEM('overriding color',(#10281),#7333,#8756
  );
#10281 = PRESENTATION_STYLE_ASSIGNMENT((#10282));
#10282 = SURFACE_STYLE_USAGE(.BOTH.,#10283);
#10283 = SURFACE_SIDE_STYLE('',(#10284));
#10284 = SURFACE_STYLE_FILL_AREA(#10285);
#10285 = FILL_AREA_STYLE('',(#10286));
#10286 = FILL_AREA_STYLE_COLOUR('',#8774);
#10287 = OVER_RIDING_STYLED_ITEM('overriding color',(#10288),#7358,#8756
  );
#10288 = PRESENTATION_STYLE_ASSIGNMENT((#10289));
#10289 = SURFACE_STYLE_USAGE(.BOTH.,#10290);
#10290 = SURFACE_SIDE_STYLE('',(#10291));
#10291 = SURFACE_STYLE_FILL_AREA(#10292);
#10292 = FILL_AREA_STYLE('',(#10293));
#10293 = FILL_AREA_STYLE_COLOUR('',#8774);
#10294 = OVER_RIDING_STYLED_ITEM('overriding color',(#10295),#7382,#8756
  );
#10295 = PRESENTATION_STYLE_ASSIGNMENT((#10296));
#10296 = SURFACE_STYLE_USAGE(.BOTH.,#10297);
#10297 = SURFACE_SIDE_STYLE('',(#10298));
#10298 = SURFACE_STYLE_FILL_AREA(#10299);
#10299 = FILL_AREA_STYLE('',(#10300));
#10300 = FILL_AREA_STYLE_COLOUR('',#8774);
#10301 = OVER_RIDING_STYLED_ITEM('overriding color',(#10302),#7407,#8756
  );
#10302 = PRESENTATION_STYLE_ASSIGNMENT((#10303));
#10303 = SURFACE_STYLE_USAGE(.BOTH.,#10304);
#10304 = SURFACE_SIDE_STYLE('',(#10305));
#10305 = SURFACE_STYLE_FILL_AREA(#10306);
#10306 = FILL_AREA_STYLE('',(#10307));
#10307 = FILL_AREA_STYLE_COLOUR('',#8774);
#10308 = OVER_RIDING_STYLED_ITEM('overriding color',(#10309),#7424,#8756
  );
#10309 = PRESENTATION_STYLE_ASSIGNMENT((#10310));
#10310 = SURFACE_STYLE_USAGE(.BOTH.,#10311);
#10311 = SURFACE_SIDE_STYLE('',(#10312));
#10312 = SURFACE_STYLE_FILL_AREA(#10313);
#10313 = FILL_AREA_STYLE('',(#10314));
#10314 = FILL_AREA_STYLE_COLOUR('',#8774);
#10315 = OVER_RIDING_STYLED_ITEM('overriding color',(#10316),#7449,#8756
  );
#10316 = PRESENTATION_STYLE_ASSIGNMENT((#10317));
#10317 = SURFACE_STYLE_USAGE(.BOTH.,#10318);
#10318 = SURFACE_SIDE_STYLE('',(#10319));
#10319 = SURFACE_STYLE_FILL_AREA(#10320);
#10320 = FILL_AREA_STYLE('',(#10321));
#10321 = FILL_AREA_STYLE_COLOUR('',#8774);
#10322 = OVER_RIDING_STYLED_ITEM('overriding color',(#10323),#7548,#8756
  );
#10323 = PRESENTATION_STYLE_ASSIGNMENT((#10324));
#10324 = SURFACE_STYLE_USAGE(.BOTH.,#10325);
#10325 = SURFACE_SIDE_STYLE('',(#10326));
#10326 = SURFACE_STYLE_FILL_AREA(#10327);
#10327 = FILL_AREA_STYLE('',(#10328));
#10328 = FILL_AREA_STYLE_COLOUR('',#8774);
#10329 = OVER_RIDING_STYLED_ITEM('overriding color',(#10330),#7560,#8756
  );
#10330 = PRESENTATION_STYLE_ASSIGNMENT((#10331));
#10331 = SURFACE_STYLE_USAGE(.BOTH.,#10332);
#10332 = SURFACE_SIDE_STYLE('',(#10333));
#10333 = SURFACE_STYLE_FILL_AREA(#10334);
#10334 = FILL_AREA_STYLE('',(#10335));
#10335 = FILL_AREA_STYLE_COLOUR('',#8774);
#10336 = OVER_RIDING_STYLED_ITEM('overriding color',(#10337),#7582,#8756
  );
#10337 = PRESENTATION_STYLE_ASSIGNMENT((#10338));
#10338 = SURFACE_STYLE_USAGE(.BOTH.,#10339);
#10339 = SURFACE_SIDE_STYLE('',(#10340));
#10340 = SURFACE_STYLE_FILL_AREA(#10341);
#10341 = FILL_AREA_STYLE('',(#10342));
#10342 = FILL_AREA_STYLE_COLOUR('',#8774);
#10343 = OVER_RIDING_STYLED_ITEM('overriding color',(#10344),#7594,#8756
  );
#10344 = PRESENTATION_STYLE_ASSIGNMENT((#10345));
#10345 = SURFACE_STYLE_USAGE(.BOTH.,#10346);
#10346 = SURFACE_SIDE_STYLE('',(#10347));
#10347 = SURFACE_STYLE_FILL_AREA(#10348);
#10348 = FILL_AREA_STYLE('',(#10349));
#10349 = FILL_AREA_STYLE_COLOUR('',#8774);
#10350 = OVER_RIDING_STYLED_ITEM('overriding color',(#10351),#7611,#8756
  );
#10351 = PRESENTATION_STYLE_ASSIGNMENT((#10352));
#10352 = SURFACE_STYLE_USAGE(.BOTH.,#10353);
#10353 = SURFACE_SIDE_STYLE('',(#10354));
#10354 = SURFACE_STYLE_FILL_AREA(#10355);
#10355 = FILL_AREA_STYLE('',(#10356));
#10356 = FILL_AREA_STYLE_COLOUR('',#8774);
#10357 = OVER_RIDING_STYLED_ITEM('overriding color',(#10358),#7628,#8756
  );
#10358 = PRESENTATION_STYLE_ASSIGNMENT((#10359));
#10359 = SURFACE_STYLE_USAGE(.BOTH.,#10360);
#10360 = SURFACE_SIDE_STYLE('',(#10361));
#10361 = SURFACE_STYLE_FILL_AREA(#10362);
#10362 = FILL_AREA_STYLE('',(#10363));
#10363 = FILL_AREA_STYLE_COLOUR('',#8774);
#10364 = OVER_RIDING_STYLED_ITEM('overriding color',(#10365),#7645,#8756
  );
#10365 = PRESENTATION_STYLE_ASSIGNMENT((#10366));
#10366 = SURFACE_STYLE_USAGE(.BOTH.,#10367);
#10367 = SURFACE_SIDE_STYLE('',(#10368));
#10368 = SURFACE_STYLE_FILL_AREA(#10369);
#10369 = FILL_AREA_STYLE('',(#10370));
#10370 = FILL_AREA_STYLE_COLOUR('',#8774);
#10371 = OVER_RIDING_STYLED_ITEM('overriding color',(#10372),#7662,#8756
  );
#10372 = PRESENTATION_STYLE_ASSIGNMENT((#10373));
#10373 = SURFACE_STYLE_USAGE(.BOTH.,#10374);
#10374 = SURFACE_SIDE_STYLE('',(#10375));
#10375 = SURFACE_STYLE_FILL_AREA(#10376);
#10376 = FILL_AREA_STYLE('',(#10377));
#10377 = FILL_AREA_STYLE_COLOUR('',#8774);
#10378 = OVER_RIDING_STYLED_ITEM('overriding color',(#10379),#7679,#8756
  );
#10379 = PRESENTATION_STYLE_ASSIGNMENT((#10380));
#10380 = SURFACE_STYLE_USAGE(.BOTH.,#10381);
#10381 = SURFACE_SIDE_STYLE('',(#10382));
#10382 = SURFACE_STYLE_FILL_AREA(#10383);
#10383 = FILL_AREA_STYLE('',(#10384));
#10384 = FILL_AREA_STYLE_COLOUR('',#8774);
#10385 = OVER_RIDING_STYLED_ITEM('overriding color',(#10386),#7696,#8756
  );
#10386 = PRESENTATION_STYLE_ASSIGNMENT((#10387));
#10387 = SURFACE_STYLE_USAGE(.BOTH.,#10388);
#10388 = SURFACE_SIDE_STYLE('',(#10389));
#10389 = SURFACE_STYLE_FILL_AREA(#10390);
#10390 = FILL_AREA_STYLE('',(#10391));
#10391 = FILL_AREA_STYLE_COLOUR('',#8774);
#10392 = OVER_RIDING_STYLED_ITEM('overriding color',(#10393),#7713,#8756
  );
#10393 = PRESENTATION_STYLE_ASSIGNMENT((#10394));
#10394 = SURFACE_STYLE_USAGE(.BOTH.,#10395);
#10395 = SURFACE_SIDE_STYLE('',(#10396));
#10396 = SURFACE_STYLE_FILL_AREA(#10397);
#10397 = FILL_AREA_STYLE('',(#10398));
#10398 = FILL_AREA_STYLE_COLOUR('',#8774);
#10399 = OVER_RIDING_STYLED_ITEM('overriding color',(#10400),#7730,#8756
  );
#10400 = PRESENTATION_STYLE_ASSIGNMENT((#10401));
#10401 = SURFACE_STYLE_USAGE(.BOTH.,#10402);
#10402 = SURFACE_SIDE_STYLE('',(#10403));
#10403 = SURFACE_STYLE_FILL_AREA(#10404);
#10404 = FILL_AREA_STYLE('',(#10405));
#10405 = FILL_AREA_STYLE_COLOUR('',#8774);
#10406 = OVER_RIDING_STYLED_ITEM('overriding color',(#10407),#7742,#8756
  );
#10407 = PRESENTATION_STYLE_ASSIGNMENT((#10408));
#10408 = SURFACE_STYLE_USAGE(.BOTH.,#10409);
#10409 = SURFACE_SIDE_STYLE('',(#10410));
#10410 = SURFACE_STYLE_FILL_AREA(#10411);
#10411 = FILL_AREA_STYLE('',(#10412));
#10412 = FILL_AREA_STYLE_COLOUR('',#8774);
#10413 = OVER_RIDING_STYLED_ITEM('overriding color',(#10414),#7841,#8756
  );
#10414 = PRESENTATION_STYLE_ASSIGNMENT((#10415));
#10415 = SURFACE_STYLE_USAGE(.BOTH.,#10416);
#10416 = SURFACE_SIDE_STYLE('',(#10417));
#10417 = SURFACE_STYLE_FILL_AREA(#10418);
#10418 = FILL_AREA_STYLE('',(#10419));
#10419 = FILL_AREA_STYLE_COLOUR('',#8774);
#10420 = OVER_RIDING_STYLED_ITEM('overriding color',(#10421),#7940,#8756
  );
#10421 = PRESENTATION_STYLE_ASSIGNMENT((#10422));
#10422 = SURFACE_STYLE_USAGE(.BOTH.,#10423);
#10423 = SURFACE_SIDE_STYLE('',(#10424));
#10424 = SURFACE_STYLE_FILL_AREA(#10425);
#10425 = FILL_AREA_STYLE('',(#10426));
#10426 = FILL_AREA_STYLE_COLOUR('',#8774);
#10427 = OVER_RIDING_STYLED_ITEM('overriding color',(#10428),#7972,#8756
  );
#10428 = PRESENTATION_STYLE_ASSIGNMENT((#10429));
#10429 = SURFACE_STYLE_USAGE(.BOTH.,#10430);
#10430 = SURFACE_SIDE_STYLE('',(#10431));
#10431 = SURFACE_STYLE_FILL_AREA(#10432);
#10432 = FILL_AREA_STYLE('',(#10433));
#10433 = FILL_AREA_STYLE_COLOUR('',#8774);
#10434 = OVER_RIDING_STYLED_ITEM('overriding color',(#10435),#7996,#8756
  );
#10435 = PRESENTATION_STYLE_ASSIGNMENT((#10436));
#10436 = SURFACE_STYLE_USAGE(.BOTH.,#10437);
#10437 = SURFACE_SIDE_STYLE('',(#10438));
#10438 = SURFACE_STYLE_FILL_AREA(#10439);
#10439 = FILL_AREA_STYLE('',(#10440));
#10440 = FILL_AREA_STYLE_COLOUR('',#8774);
#10441 = OVER_RIDING_STYLED_ITEM('overriding color',(#10442),#8021,#8756
  );
#10442 = PRESENTATION_STYLE_ASSIGNMENT((#10443));
#10443 = SURFACE_STYLE_USAGE(.BOTH.,#10444);
#10444 = SURFACE_SIDE_STYLE('',(#10445));
#10445 = SURFACE_STYLE_FILL_AREA(#10446);
#10446 = FILL_AREA_STYLE('',(#10447));
#10447 = FILL_AREA_STYLE_COLOUR('',#8774);
#10448 = OVER_RIDING_STYLED_ITEM('overriding color',(#10449),#8045,#8756
  );
#10449 = PRESENTATION_STYLE_ASSIGNMENT((#10450));
#10450 = SURFACE_STYLE_USAGE(.BOTH.,#10451);
#10451 = SURFACE_SIDE_STYLE('',(#10452));
#10452 = SURFACE_STYLE_FILL_AREA(#10453);
#10453 = FILL_AREA_STYLE('',(#10454));
#10454 = FILL_AREA_STYLE_COLOUR('',#8774);
#10455 = OVER_RIDING_STYLED_ITEM('overriding color',(#10456),#8069,#8756
  );
#10456 = PRESENTATION_STYLE_ASSIGNMENT((#10457));
#10457 = SURFACE_STYLE_USAGE(.BOTH.,#10458);
#10458 = SURFACE_SIDE_STYLE('',(#10459));
#10459 = SURFACE_STYLE_FILL_AREA(#10460);
#10460 = FILL_AREA_STYLE('',(#10461));
#10461 = FILL_AREA_STYLE_COLOUR('',#8774);
#10462 = OVER_RIDING_STYLED_ITEM('overriding color',(#10463),#8093,#8756
  );
#10463 = PRESENTATION_STYLE_ASSIGNMENT((#10464));
#10464 = SURFACE_STYLE_USAGE(.BOTH.,#10465);
#10465 = SURFACE_SIDE_STYLE('',(#10466));
#10466 = SURFACE_STYLE_FILL_AREA(#10467);
#10467 = FILL_AREA_STYLE('',(#10468));
#10468 = FILL_AREA_STYLE_COLOUR('',#8774);
#10469 = OVER_RIDING_STYLED_ITEM('overriding color',(#10470),#8118,#8756
  );
#10470 = PRESENTATION_STYLE_ASSIGNMENT((#10471));
#10471 = SURFACE_STYLE_USAGE(.BOTH.,#10472);
#10472 = SURFACE_SIDE_STYLE('',(#10473));
#10473 = SURFACE_STYLE_FILL_AREA(#10474);
#10474 = FILL_AREA_STYLE('',(#10475));
#10475 = FILL_AREA_STYLE_COLOUR('',#8774);
#10476 = OVER_RIDING_STYLED_ITEM('overriding color',(#10477),#8142,#8756
  );
#10477 = PRESENTATION_STYLE_ASSIGNMENT((#10478));
#10478 = SURFACE_STYLE_USAGE(.BOTH.,#10479);
#10479 = SURFACE_SIDE_STYLE('',(#10480));
#10480 = SURFACE_STYLE_FILL_AREA(#10481);
#10481 = FILL_AREA_STYLE('',(#10482));
#10482 = FILL_AREA_STYLE_COLOUR('',#8774);
#10483 = OVER_RIDING_STYLED_ITEM('overriding color',(#10484),#8167,#8756
  );
#10484 = PRESENTATION_STYLE_ASSIGNMENT((#10485));
#10485 = SURFACE_STYLE_USAGE(.BOTH.,#10486);
#10486 = SURFACE_SIDE_STYLE('',(#10487));
#10487 = SURFACE_STYLE_FILL_AREA(#10488);
#10488 = FILL_AREA_STYLE('',(#10489));
#10489 = FILL_AREA_STYLE_COLOUR('',#8774);
#10490 = OVER_RIDING_STYLED_ITEM('overriding color',(#10491),#8184,#8756
  );
#10491 = PRESENTATION_STYLE_ASSIGNMENT((#10492));
#10492 = SURFACE_STYLE_USAGE(.BOTH.,#10493);
#10493 = SURFACE_SIDE_STYLE('',(#10494));
#10494 = SURFACE_STYLE_FILL_AREA(#10495);
#10495 = FILL_AREA_STYLE('',(#10496));
#10496 = FILL_AREA_STYLE_COLOUR('',#8774);
#10497 = OVER_RIDING_STYLED_ITEM('overriding color',(#10498),#8209,#8756
  );
#10498 = PRESENTATION_STYLE_ASSIGNMENT((#10499));
#10499 = SURFACE_STYLE_USAGE(.BOTH.,#10500);
#10500 = SURFACE_SIDE_STYLE('',(#10501));
#10501 = SURFACE_STYLE_FILL_AREA(#10502);
#10502 = FILL_AREA_STYLE('',(#10503));
#10503 = FILL_AREA_STYLE_COLOUR('',#8774);
#10504 = OVER_RIDING_STYLED_ITEM('overriding color',(#10505),#8308,#8756
  );
#10505 = PRESENTATION_STYLE_ASSIGNMENT((#10506));
#10506 = SURFACE_STYLE_USAGE(.BOTH.,#10507);
#10507 = SURFACE_SIDE_STYLE('',(#10508));
#10508 = SURFACE_STYLE_FILL_AREA(#10509);
#10509 = FILL_AREA_STYLE('',(#10510));
#10510 = FILL_AREA_STYLE_COLOUR('',#8774);
#10511 = OVER_RIDING_STYLED_ITEM('overriding color',(#10512),#8320,#8756
  );
#10512 = PRESENTATION_STYLE_ASSIGNMENT((#10513));
#10513 = SURFACE_STYLE_USAGE(.BOTH.,#10514);
#10514 = SURFACE_SIDE_STYLE('',(#10515));
#10515 = SURFACE_STYLE_FILL_AREA(#10516);
#10516 = FILL_AREA_STYLE('',(#10517));
#10517 = FILL_AREA_STYLE_COLOUR('',#8774);
#10518 = OVER_RIDING_STYLED_ITEM('overriding color',(#10519),#8342,#8756
  );
#10519 = PRESENTATION_STYLE_ASSIGNMENT((#10520));
#10520 = SURFACE_STYLE_USAGE(.BOTH.,#10521);
#10521 = SURFACE_SIDE_STYLE('',(#10522));
#10522 = SURFACE_STYLE_FILL_AREA(#10523);
#10523 = FILL_AREA_STYLE('',(#10524));
#10524 = FILL_AREA_STYLE_COLOUR('',#8774);
#10525 = OVER_RIDING_STYLED_ITEM('overriding color',(#10526),#8354,#8756
  );
#10526 = PRESENTATION_STYLE_ASSIGNMENT((#10527));
#10527 = SURFACE_STYLE_USAGE(.BOTH.,#10528);
#10528 = SURFACE_SIDE_STYLE('',(#10529));
#10529 = SURFACE_STYLE_FILL_AREA(#10530);
#10530 = FILL_AREA_STYLE('',(#10531));
#10531 = FILL_AREA_STYLE_COLOUR('',#8774);
#10532 = OVER_RIDING_STYLED_ITEM('overriding color',(#10533),#8371,#8756
  );
#10533 = PRESENTATION_STYLE_ASSIGNMENT((#10534));
#10534 = SURFACE_STYLE_USAGE(.BOTH.,#10535);
#10535 = SURFACE_SIDE_STYLE('',(#10536));
#10536 = SURFACE_STYLE_FILL_AREA(#10537);
#10537 = FILL_AREA_STYLE('',(#10538));
#10538 = FILL_AREA_STYLE_COLOUR('',#8774);
#10539 = OVER_RIDING_STYLED_ITEM('overriding color',(#10540),#8388,#8756
  );
#10540 = PRESENTATION_STYLE_ASSIGNMENT((#10541));
#10541 = SURFACE_STYLE_USAGE(.BOTH.,#10542);
#10542 = SURFACE_SIDE_STYLE('',(#10543));
#10543 = SURFACE_STYLE_FILL_AREA(#10544);
#10544 = FILL_AREA_STYLE('',(#10545));
#10545 = FILL_AREA_STYLE_COLOUR('',#8774);
#10546 = OVER_RIDING_STYLED_ITEM('overriding color',(#10547),#8405,#8756
  );
#10547 = PRESENTATION_STYLE_ASSIGNMENT((#10548));
#10548 = SURFACE_STYLE_USAGE(.BOTH.,#10549);
#10549 = SURFACE_SIDE_STYLE('',(#10550));
#10550 = SURFACE_STYLE_FILL_AREA(#10551);
#10551 = FILL_AREA_STYLE('',(#10552));
#10552 = FILL_AREA_STYLE_COLOUR('',#8774);
#10553 = OVER_RIDING_STYLED_ITEM('overriding color',(#10554),#8422,#8756
  );
#10554 = PRESENTATION_STYLE_ASSIGNMENT((#10555));
#10555 = SURFACE_STYLE_USAGE(.BOTH.,#10556);
#10556 = SURFACE_SIDE_STYLE('',(#10557));
#10557 = SURFACE_STYLE_FILL_AREA(#10558);
#10558 = FILL_AREA_STYLE('',(#10559));
#10559 = FILL_AREA_STYLE_COLOUR('',#8774);
#10560 = OVER_RIDING_STYLED_ITEM('overriding color',(#10561),#8439,#8756
  );
#10561 = PRESENTATION_STYLE_ASSIGNMENT((#10562));
#10562 = SURFACE_STYLE_USAGE(.BOTH.,#10563);
#10563 = SURFACE_SIDE_STYLE('',(#10564));
#10564 = SURFACE_STYLE_FILL_AREA(#10565);
#10565 = FILL_AREA_STYLE('',(#10566));
#10566 = FILL_AREA_STYLE_COLOUR('',#8774);
#10567 = OVER_RIDING_STYLED_ITEM('overriding color',(#10568),#8456,#8756
  );
#10568 = PRESENTATION_STYLE_ASSIGNMENT((#10569));
#10569 = SURFACE_STYLE_USAGE(.BOTH.,#10570);
#10570 = SURFACE_SIDE_STYLE('',(#10571));
#10571 = SURFACE_STYLE_FILL_AREA(#10572);
#10572 = FILL_AREA_STYLE('',(#10573));
#10573 = FILL_AREA_STYLE_COLOUR('',#8774);
#10574 = OVER_RIDING_STYLED_ITEM('overriding color',(#10575),#8473,#8756
  );
#10575 = PRESENTATION_STYLE_ASSIGNMENT((#10576));
#10576 = SURFACE_STYLE_USAGE(.BOTH.,#10577);
#10577 = SURFACE_SIDE_STYLE('',(#10578));
#10578 = SURFACE_STYLE_FILL_AREA(#10579);
#10579 = FILL_AREA_STYLE('',(#10580));
#10580 = FILL_AREA_STYLE_COLOUR('',#8774);
#10581 = OVER_RIDING_STYLED_ITEM('overriding color',(#10582),#8490,#8756
  );
#10582 = PRESENTATION_STYLE_ASSIGNMENT((#10583));
#10583 = SURFACE_STYLE_USAGE(.BOTH.,#10584);
#10584 = SURFACE_SIDE_STYLE('',(#10585));
#10585 = SURFACE_STYLE_FILL_AREA(#10586);
#10586 = FILL_AREA_STYLE('',(#10587));
#10587 = FILL_AREA_STYLE_COLOUR('',#8774);
ENDSEC;
END-ISO-10303-21;
