ISO-10303-21;
HEADER;
FILE_DESCRIPTION(('FreeCAD Model'),'2;1');
FILE_NAME('Open CASCADE Shape Model','2025-07-28T16:12:10',('Author'),(
    ''),'Open CASCADE STEP processor 7.8','FreeCAD','Unknown');
FILE_SCHEMA(('AUTOMOTIVE_DESIGN { 1 0 10303 214 1 1 1 1 }'));
ENDSEC;
DATA;
#1 = APPLICATION_PROTOCOL_DEFINITION('international standard',
  'automotive_design',2000,#2);
#2 = APPLICATION_CONTEXT(
  'core data for automotive mechanical design processes');
#3 = SHAPE_DEFINITION_REPRESENTATION(#4,#10);
#4 = PRODUCT_DEFINITION_SHAPE('','',#5);
#5 = PRODUCT_DEFINITION('design','',#6,#9);
#6 = PRODUCT_DEFINITION_FORMATION('','',#7);
#7 = PRODUCT('Document017','Document017','',(#8));
#8 = PRODUCT_CONTEXT('',#2,'mechanical');
#9 = PRODUCT_DEFINITION_CONTEXT('part definition',#2,'design');
#10 = SHAPE_REPRESENTATION('',(#11,#15,#19,#23,#27,#31,#35,#39,#43,#47,
    #51,#55,#59,#63,#67,#71,#75,#79),#83);
#11 = AXIS2_PLACEMENT_3D('',#12,#13,#14);
#12 = CARTESIAN_POINT('',(0.,0.,0.));
#13 = DIRECTION('',(0.,0.,1.));
#14 = DIRECTION('',(1.,0.,-0.));
#15 = AXIS2_PLACEMENT_3D('',#16,#17,#18);
#16 = CARTESIAN_POINT('',(0.,0.,0.));
#17 = DIRECTION('',(0.,0.,1.));
#18 = DIRECTION('',(1.,0.,-0.));
#19 = AXIS2_PLACEMENT_3D('',#20,#21,#22);
#20 = CARTESIAN_POINT('',(0.,0.,0.));
#21 = DIRECTION('',(0.,0.,1.));
#22 = DIRECTION('',(1.,0.,-0.));
#23 = AXIS2_PLACEMENT_3D('',#24,#25,#26);
#24 = CARTESIAN_POINT('',(0.,0.,0.));
#25 = DIRECTION('',(0.,0.,1.));
#26 = DIRECTION('',(1.,0.,-0.));
#27 = AXIS2_PLACEMENT_3D('',#28,#29,#30);
#28 = CARTESIAN_POINT('',(0.,0.,0.));
#29 = DIRECTION('',(0.,0.,1.));
#30 = DIRECTION('',(1.,0.,-0.));
#31 = AXIS2_PLACEMENT_3D('',#32,#33,#34);
#32 = CARTESIAN_POINT('',(0.,0.,0.));
#33 = DIRECTION('',(0.,0.,1.));
#34 = DIRECTION('',(1.,0.,-0.));
#35 = AXIS2_PLACEMENT_3D('',#36,#37,#38);
#36 = CARTESIAN_POINT('',(0.,0.,0.));
#37 = DIRECTION('',(0.,0.,1.));
#38 = DIRECTION('',(1.,0.,-0.));
#39 = AXIS2_PLACEMENT_3D('',#40,#41,#42);
#40 = CARTESIAN_POINT('',(0.,0.,0.));
#41 = DIRECTION('',(0.,0.,1.));
#42 = DIRECTION('',(1.,0.,-0.));
#43 = AXIS2_PLACEMENT_3D('',#44,#45,#46);
#44 = CARTESIAN_POINT('',(0.,0.,0.));
#45 = DIRECTION('',(0.,0.,1.));
#46 = DIRECTION('',(1.,0.,-0.));
#47 = AXIS2_PLACEMENT_3D('',#48,#49,#50);
#48 = CARTESIAN_POINT('',(0.,0.,0.));
#49 = DIRECTION('',(0.,0.,1.));
#50 = DIRECTION('',(1.,0.,-0.));
#51 = AXIS2_PLACEMENT_3D('',#52,#53,#54);
#52 = CARTESIAN_POINT('',(0.,0.,0.));
#53 = DIRECTION('',(0.,0.,1.));
#54 = DIRECTION('',(1.,0.,-0.));
#55 = AXIS2_PLACEMENT_3D('',#56,#57,#58);
#56 = CARTESIAN_POINT('',(0.,0.,0.));
#57 = DIRECTION('',(0.,0.,1.));
#58 = DIRECTION('',(1.,0.,-0.));
#59 = AXIS2_PLACEMENT_3D('',#60,#61,#62);
#60 = CARTESIAN_POINT('',(0.,0.,0.));
#61 = DIRECTION('',(0.,0.,1.));
#62 = DIRECTION('',(1.,0.,-0.));
#63 = AXIS2_PLACEMENT_3D('',#64,#65,#66);
#64 = CARTESIAN_POINT('',(0.,0.,0.));
#65 = DIRECTION('',(0.,0.,1.));
#66 = DIRECTION('',(1.,0.,-0.));
#67 = AXIS2_PLACEMENT_3D('',#68,#69,#70);
#68 = CARTESIAN_POINT('',(0.,0.,0.));
#69 = DIRECTION('',(0.,0.,1.));
#70 = DIRECTION('',(1.,0.,-0.));
#71 = AXIS2_PLACEMENT_3D('',#72,#73,#74);
#72 = CARTESIAN_POINT('',(0.,0.,0.));
#73 = DIRECTION('',(0.,0.,1.));
#74 = DIRECTION('',(1.,0.,-0.));
#75 = AXIS2_PLACEMENT_3D('',#76,#77,#78);
#76 = CARTESIAN_POINT('',(0.,0.,0.));
#77 = DIRECTION('',(0.,0.,1.));
#78 = DIRECTION('',(1.,0.,-0.));
#79 = AXIS2_PLACEMENT_3D('',#80,#81,#82);
#80 = CARTESIAN_POINT('',(0.,0.,0.));
#81 = DIRECTION('',(0.,0.,1.));
#82 = DIRECTION('',(1.,0.,-0.));
#83 = ( GEOMETRIC_REPRESENTATION_CONTEXT(3) 
GLOBAL_UNCERTAINTY_ASSIGNED_CONTEXT((#87)) GLOBAL_UNIT_ASSIGNED_CONTEXT(
(#84,#85,#86)) REPRESENTATION_CONTEXT('Context #1',
  '3D Context with UNIT and UNCERTAINTY') );
#84 = ( LENGTH_UNIT() NAMED_UNIT(*) SI_UNIT(.MILLI.,.METRE.) );
#85 = ( NAMED_UNIT(*) PLANE_ANGLE_UNIT() SI_UNIT($,.RADIAN.) );
#86 = ( NAMED_UNIT(*) SI_UNIT($,.STERADIAN.) SOLID_ANGLE_UNIT() );
#87 = UNCERTAINTY_MEASURE_WITH_UNIT(LENGTH_MEASURE(1.E-04),#84,
  'distance_accuracy_value','confusion accuracy');
#88 = PRODUCT_RELATED_PRODUCT_CATEGORY('part',$,(#7));
#89 = SHAPE_DEFINITION_REPRESENTATION(#90,#96);
#90 = PRODUCT_DEFINITION_SHAPE('','',#91);
#91 = PRODUCT_DEFINITION('design','',#92,#95);
#92 = PRODUCT_DEFINITION_FORMATION('','',#93);
#93 = PRODUCT('Document','Document','',(#94));
#94 = PRODUCT_CONTEXT('',#2,'mechanical');
#95 = PRODUCT_DEFINITION_CONTEXT('part definition',#2,'design');
#96 = MANIFOLD_SURFACE_SHAPE_REPRESENTATION('',(#11,#97),#1987);
#97 = SHELL_BASED_SURFACE_MODEL('',(#98));
#98 = OPEN_SHELL('',(#99,#346,#374,#396,#425,#456,#481,#503,#519,#589,
    #621,#633,#665,#725,#756,#779,#791,#807,#819,#847,#869,#891,#907,
    #919,#950,#969,#1000,#1019,#1050,#1069,#1100,#1119,#1150,#1169,#1200
    ,#1219,#1264,#1297,#1328,#1347,#1392,#1425,#1456,#1475,#1520,#1553,
    #1584,#1603,#1648,#1681,#1712,#1731,#1776,#1809,#1840,#1859,#1904,
    #1937,#1968));
#99 = ADVANCED_FACE('',(#100,#179,#209,#231,#253,#275,#297,#319),#341,
  .T.);
#100 = FACE_BOUND('',#101,.T.);
#101 = EDGE_LOOP('',(#102,#111,#118,#128,#135,#142,#150,#157,#164,#174)
  );
#102 = ORIENTED_EDGE('',*,*,#103,.T.);
#103 = EDGE_CURVE('',#104,#106,#108,.T.);
#104 = VERTEX_POINT('',#105);
#105 = CARTESIAN_POINT('',(0.889,-4.699,9.3726));
#106 = VERTEX_POINT('',#107);
#107 = CARTESIAN_POINT('',(-0.889,-4.699,9.3726));
#108 = B_SPLINE_CURVE_WITH_KNOTS('',1,(#109,#110),.UNSPECIFIED.,.F.,.F.,
  (2,2),(-1.778,0.),.PIECEWISE_BEZIER_KNOTS.);
#109 = CARTESIAN_POINT('',(0.889,-4.699,9.3726));
#110 = CARTESIAN_POINT('',(-0.889,-4.699,9.3726));
#111 = ORIENTED_EDGE('',*,*,#112,.T.);
#112 = EDGE_CURVE('',#106,#113,#115,.T.);
#113 = VERTEX_POINT('',#114);
#114 = CARTESIAN_POINT('',(-0.889,-4.699,10.376815957277));
#115 = B_SPLINE_CURVE_WITH_KNOTS('',1,(#116,#117),.UNSPECIFIED.,.F.,.F.,
  (2,2),(-1.004215957277,0.),.PIECEWISE_BEZIER_KNOTS.);
#116 = CARTESIAN_POINT('',(-0.889,-4.699,9.3726));
#117 = CARTESIAN_POINT('',(-0.889,-4.699,10.376815957277));
#118 = ORIENTED_EDGE('',*,*,#119,.T.);
#119 = EDGE_CURVE('',#113,#120,#122,.T.);
#120 = VERTEX_POINT('',#121);
#121 = CARTESIAN_POINT('',(-3.555296894775,-4.699,4.7244));
#122 = ( BOUNDED_CURVE() B_SPLINE_CURVE(2,(#123,#124,#125,#126,#127),
.UNSPECIFIED.,.F.,.F.) B_SPLINE_CURVE_WITH_KNOTS((3,2,3),(0.,
3.595424957858,7.190849915716),.PIECEWISE_BEZIER_KNOTS.) CURVE() 
GEOMETRIC_REPRESENTATION_ITEM() RATIONAL_B_SPLINE_CURVE((1.,
0.899469064215,1.,0.899469064215,1.)) REPRESENTATION_ITEM('') );
#123 = CARTESIAN_POINT('',(-0.889,-4.699,10.376815957277));
#124 = CARTESIAN_POINT('',(-2.771287632103,-4.699,9.944917647082));
#125 = CARTESIAN_POINT('',(-3.595190573634,-4.699,8.198284650928));
#126 = CARTESIAN_POINT('',(-4.419093515165,-4.699,6.451651654774));
#127 = CARTESIAN_POINT('',(-3.555296894775,-4.699,4.7244));
#128 = ORIENTED_EDGE('',*,*,#129,.T.);
#129 = EDGE_CURVE('',#120,#130,#132,.T.);
#130 = VERTEX_POINT('',#131);
#131 = CARTESIAN_POINT('',(-2.5019,-4.699,4.7244));
#132 = B_SPLINE_CURVE_WITH_KNOTS('',1,(#133,#134),.UNSPECIFIED.,.F.,.F.,
  (2,2),(-1.053396894775,0.),.PIECEWISE_BEZIER_KNOTS.);
#133 = CARTESIAN_POINT('',(-3.555296894775,-4.699,4.7244));
#134 = CARTESIAN_POINT('',(-2.5019,-4.699,4.7244));
#135 = ORIENTED_EDGE('',*,*,#136,.T.);
#136 = EDGE_CURVE('',#130,#137,#139,.T.);
#137 = VERTEX_POINT('',#138);
#138 = CARTESIAN_POINT('',(-2.5019,-4.699,3.413400744578));
#139 = B_SPLINE_CURVE_WITH_KNOTS('',1,(#140,#141),.UNSPECIFIED.,.F.,.F.,
  (2,2),(-1.310999255422,0.),.PIECEWISE_BEZIER_KNOTS.);
#140 = CARTESIAN_POINT('',(-2.5019,-4.699,4.7244));
#141 = CARTESIAN_POINT('',(-2.5019,-4.699,3.413400744578));
#142 = ORIENTED_EDGE('',*,*,#143,.T.);
#143 = EDGE_CURVE('',#137,#144,#146,.T.);
#144 = VERTEX_POINT('',#145);
#145 = CARTESIAN_POINT('',(2.5019,-4.699,3.413400744578));
#146 = ( BOUNDED_CURVE() B_SPLINE_CURVE(2,(#147,#148,#149),
.UNSPECIFIED.,.F.,.F.) B_SPLINE_CURVE_WITH_KNOTS((3,3),(0.,5.41227200468
),.PIECEWISE_BEZIER_KNOTS.) CURVE() GEOMETRIC_REPRESENTATION_ITEM() 
RATIONAL_B_SPLINE_CURVE((1.,0.777087181561,1.)) REPRESENTATION_ITEM('') 
  );
#147 = CARTESIAN_POINT('',(-2.5019,-4.699,3.413400744578));
#148 = CARTESIAN_POINT('',(0.,-4.699,1.387015144447));
#149 = CARTESIAN_POINT('',(2.5019,-4.699,3.413400744578));
#150 = ORIENTED_EDGE('',*,*,#151,.T.);
#151 = EDGE_CURVE('',#144,#152,#154,.T.);
#152 = VERTEX_POINT('',#153);
#153 = CARTESIAN_POINT('',(2.5019,-4.699,4.7244));
#154 = B_SPLINE_CURVE_WITH_KNOTS('',1,(#155,#156),.UNSPECIFIED.,.F.,.F.,
  (2,2),(-1.310999255422,0.),.PIECEWISE_BEZIER_KNOTS.);
#155 = CARTESIAN_POINT('',(2.5019,-4.699,3.413400744578));
#156 = CARTESIAN_POINT('',(2.5019,-4.699,4.7244));
#157 = ORIENTED_EDGE('',*,*,#158,.T.);
#158 = EDGE_CURVE('',#152,#159,#161,.T.);
#159 = VERTEX_POINT('',#160);
#160 = CARTESIAN_POINT('',(3.555296894775,-4.699,4.7244));
#161 = B_SPLINE_CURVE_WITH_KNOTS('',1,(#162,#163),.UNSPECIFIED.,.F.,.F.,
  (2,2),(-1.053396894775,0.),.PIECEWISE_BEZIER_KNOTS.);
#162 = CARTESIAN_POINT('',(2.5019,-4.699,4.7244));
#163 = CARTESIAN_POINT('',(3.555296894775,-4.699,4.7244));
#164 = ORIENTED_EDGE('',*,*,#165,.T.);
#165 = EDGE_CURVE('',#159,#166,#168,.T.);
#166 = VERTEX_POINT('',#167);
#167 = CARTESIAN_POINT('',(0.889,-4.699,10.376815957277));
#168 = ( BOUNDED_CURVE() B_SPLINE_CURVE(2,(#169,#170,#171,#172,#173),
.UNSPECIFIED.,.F.,.F.) B_SPLINE_CURVE_WITH_KNOTS((3,2,3),(0.,
3.595424957858,7.190849915716),.PIECEWISE_BEZIER_KNOTS.) CURVE() 
GEOMETRIC_REPRESENTATION_ITEM() RATIONAL_B_SPLINE_CURVE((1.,
0.899469064215,1.,0.899469064215,1.)) REPRESENTATION_ITEM('') );
#169 = CARTESIAN_POINT('',(3.555296894775,-4.699,4.7244));
#170 = CARTESIAN_POINT('',(4.419093515165,-4.699,6.451651654774));
#171 = CARTESIAN_POINT('',(3.595190573634,-4.699,8.198284650928));
#172 = CARTESIAN_POINT('',(2.771287632103,-4.699,9.944917647082));
#173 = CARTESIAN_POINT('',(0.889,-4.699,10.376815957277));
#174 = ORIENTED_EDGE('',*,*,#175,.T.);
#175 = EDGE_CURVE('',#166,#104,#176,.T.);
#176 = B_SPLINE_CURVE_WITH_KNOTS('',1,(#177,#178),.UNSPECIFIED.,.F.,.F.,
  (2,2),(-1.004215957277,0.),.PIECEWISE_BEZIER_KNOTS.);
#177 = CARTESIAN_POINT('',(0.889,-4.699,10.376815957277));
#178 = CARTESIAN_POINT('',(0.889,-4.699,9.3726));
#179 = FACE_BOUND('',#180,.T.);
#180 = EDGE_LOOP('',(#181,#190,#197,#204));
#181 = ORIENTED_EDGE('',*,*,#182,.T.);
#182 = EDGE_CURVE('',#183,#185,#187,.T.);
#183 = VERTEX_POINT('',#184);
#184 = CARTESIAN_POINT('',(-0.7112,-4.699,8.6868));
#185 = VERTEX_POINT('',#186);
#186 = CARTESIAN_POINT('',(0.7112,-4.699,8.6868));
#187 = B_SPLINE_CURVE_WITH_KNOTS('',1,(#188,#189),.UNSPECIFIED.,.F.,.F.,
  (2,2),(-1.4224,0.),.PIECEWISE_BEZIER_KNOTS.);
#188 = CARTESIAN_POINT('',(-0.7112,-4.699,8.6868));
#189 = CARTESIAN_POINT('',(0.7112,-4.699,8.6868));
#190 = ORIENTED_EDGE('',*,*,#191,.T.);
#191 = EDGE_CURVE('',#185,#192,#194,.T.);
#192 = VERTEX_POINT('',#193);
#193 = CARTESIAN_POINT('',(0.7112,-4.699,6.5024));
#194 = B_SPLINE_CURVE_WITH_KNOTS('',1,(#195,#196),.UNSPECIFIED.,.F.,.F.,
  (2,2),(-2.1844,0.),.PIECEWISE_BEZIER_KNOTS.);
#195 = CARTESIAN_POINT('',(0.7112,-4.699,8.6868));
#196 = CARTESIAN_POINT('',(0.7112,-4.699,6.5024));
#197 = ORIENTED_EDGE('',*,*,#198,.T.);
#198 = EDGE_CURVE('',#192,#199,#201,.T.);
#199 = VERTEX_POINT('',#200);
#200 = CARTESIAN_POINT('',(-0.7112,-4.699,6.5024));
#201 = B_SPLINE_CURVE_WITH_KNOTS('',1,(#202,#203),.UNSPECIFIED.,.F.,.F.,
  (2,2),(-1.4224,0.),.PIECEWISE_BEZIER_KNOTS.);
#202 = CARTESIAN_POINT('',(0.7112,-4.699,6.5024));
#203 = CARTESIAN_POINT('',(-0.7112,-4.699,6.5024));
#204 = ORIENTED_EDGE('',*,*,#205,.T.);
#205 = EDGE_CURVE('',#199,#183,#206,.T.);
#206 = B_SPLINE_CURVE_WITH_KNOTS('',1,(#207,#208),.UNSPECIFIED.,.F.,.F.,
  (2,2),(-2.1844,0.),.PIECEWISE_BEZIER_KNOTS.);
#207 = CARTESIAN_POINT('',(-0.7112,-4.699,6.5024));
#208 = CARTESIAN_POINT('',(-0.7112,-4.699,8.6868));
#209 = FACE_BOUND('',#210,.T.);
#210 = EDGE_LOOP('',(#211,#223));
#211 = ORIENTED_EDGE('',*,*,#212,.T.);
#212 = EDGE_CURVE('',#213,#215,#217,.T.);
#213 = VERTEX_POINT('',#214);
#214 = CARTESIAN_POINT('',(1.0033,-4.699,3.3147));
#215 = VERTEX_POINT('',#216);
#216 = CARTESIAN_POINT('',(1.0033,-4.699,4.9149));
#217 = ( BOUNDED_CURVE() B_SPLINE_CURVE(2,(#218,#219,#220,#221,#222),
.UNSPECIFIED.,.F.,.F.) B_SPLINE_CURVE_WITH_KNOTS((3,2,3),(0.,
1.256794141069,2.513588282137),.UNSPECIFIED.) CURVE() 
GEOMETRIC_REPRESENTATION_ITEM() RATIONAL_B_SPLINE_CURVE((1.,
0.707106781187,1.,0.707106781187,1.)) REPRESENTATION_ITEM('') );
#218 = CARTESIAN_POINT('',(1.0033,-4.699,3.3147));
#219 = CARTESIAN_POINT('',(0.2032,-4.699,3.3147));
#220 = CARTESIAN_POINT('',(0.2032,-4.699,4.1148));
#221 = CARTESIAN_POINT('',(0.2032,-4.699,4.9149));
#222 = CARTESIAN_POINT('',(1.0033,-4.699,4.9149));
#223 = ORIENTED_EDGE('',*,*,#224,.T.);
#224 = EDGE_CURVE('',#215,#213,#225,.T.);
#225 = ( BOUNDED_CURVE() B_SPLINE_CURVE(2,(#226,#227,#228,#229,#230),
.UNSPECIFIED.,.F.,.F.) B_SPLINE_CURVE_WITH_KNOTS((3,2,3),(0.,
1.256794141069,2.513588282137),.UNSPECIFIED.) CURVE() 
GEOMETRIC_REPRESENTATION_ITEM() RATIONAL_B_SPLINE_CURVE((1.,
0.707106781187,1.,0.707106781187,1.)) REPRESENTATION_ITEM('') );
#226 = CARTESIAN_POINT('',(1.0033,-4.699,4.9149));
#227 = CARTESIAN_POINT('',(1.8034,-4.699,4.9149));
#228 = CARTESIAN_POINT('',(1.8034,-4.699,4.1148));
#229 = CARTESIAN_POINT('',(1.8034,-4.699,3.3147));
#230 = CARTESIAN_POINT('',(1.0033,-4.699,3.3147));
#231 = FACE_BOUND('',#232,.T.);
#232 = EDGE_LOOP('',(#233,#245));
#233 = ORIENTED_EDGE('',*,*,#234,.T.);
#234 = EDGE_CURVE('',#235,#237,#239,.T.);
#235 = VERTEX_POINT('',#236);
#236 = CARTESIAN_POINT('',(2.5019,-4.699,5.2959));
#237 = VERTEX_POINT('',#238);
#238 = CARTESIAN_POINT('',(2.5019,-4.699,6.8961));
#239 = ( BOUNDED_CURVE() B_SPLINE_CURVE(2,(#240,#241,#242,#243,#244),
.UNSPECIFIED.,.F.,.F.) B_SPLINE_CURVE_WITH_KNOTS((3,2,3),(0.,
1.256794141069,2.513588282137),.UNSPECIFIED.) CURVE() 
GEOMETRIC_REPRESENTATION_ITEM() RATIONAL_B_SPLINE_CURVE((1.,
0.707106781187,1.,0.707106781187,1.)) REPRESENTATION_ITEM('') );
#240 = CARTESIAN_POINT('',(2.5019,-4.699,5.2959));
#241 = CARTESIAN_POINT('',(1.7018,-4.699,5.2959));
#242 = CARTESIAN_POINT('',(1.7018,-4.699,6.096));
#243 = CARTESIAN_POINT('',(1.7018,-4.699,6.8961));
#244 = CARTESIAN_POINT('',(2.5019,-4.699,6.8961));
#245 = ORIENTED_EDGE('',*,*,#246,.T.);
#246 = EDGE_CURVE('',#237,#235,#247,.T.);
#247 = ( BOUNDED_CURVE() B_SPLINE_CURVE(2,(#248,#249,#250,#251,#252),
.UNSPECIFIED.,.F.,.F.) B_SPLINE_CURVE_WITH_KNOTS((3,2,3),(0.,
1.256794141069,2.513588282137),.UNSPECIFIED.) CURVE() 
GEOMETRIC_REPRESENTATION_ITEM() RATIONAL_B_SPLINE_CURVE((1.,
0.707106781187,1.,0.707106781187,1.)) REPRESENTATION_ITEM('') );
#248 = CARTESIAN_POINT('',(2.5019,-4.699,6.8961));
#249 = CARTESIAN_POINT('',(3.302,-4.699,6.8961));
#250 = CARTESIAN_POINT('',(3.302,-4.699,6.096));
#251 = CARTESIAN_POINT('',(3.302,-4.699,5.2959));
#252 = CARTESIAN_POINT('',(2.5019,-4.699,5.2959));
#253 = FACE_BOUND('',#254,.T.);
#254 = EDGE_LOOP('',(#255,#267));
#255 = ORIENTED_EDGE('',*,*,#256,.T.);
#256 = EDGE_CURVE('',#257,#259,#261,.T.);
#257 = VERTEX_POINT('',#258);
#258 = CARTESIAN_POINT('',(1.9939,-4.699,7.3025));
#259 = VERTEX_POINT('',#260);
#260 = CARTESIAN_POINT('',(1.9939,-4.699,8.9027));
#261 = ( BOUNDED_CURVE() B_SPLINE_CURVE(2,(#262,#263,#264,#265,#266),
.UNSPECIFIED.,.F.,.F.) B_SPLINE_CURVE_WITH_KNOTS((3,2,3),(0.,
1.256794141069,2.513588282137),.UNSPECIFIED.) CURVE() 
GEOMETRIC_REPRESENTATION_ITEM() RATIONAL_B_SPLINE_CURVE((1.,
0.707106781187,1.,0.707106781187,1.)) REPRESENTATION_ITEM('') );
#262 = CARTESIAN_POINT('',(1.9939,-4.699,7.3025));
#263 = CARTESIAN_POINT('',(1.1938,-4.699,7.3025));
#264 = CARTESIAN_POINT('',(1.1938,-4.699,8.1026));
#265 = CARTESIAN_POINT('',(1.1938,-4.699,8.9027));
#266 = CARTESIAN_POINT('',(1.9939,-4.699,8.9027));
#267 = ORIENTED_EDGE('',*,*,#268,.T.);
#268 = EDGE_CURVE('',#259,#257,#269,.T.);
#269 = ( BOUNDED_CURVE() B_SPLINE_CURVE(2,(#270,#271,#272,#273,#274),
.UNSPECIFIED.,.F.,.F.) B_SPLINE_CURVE_WITH_KNOTS((3,2,3),(0.,
1.256794141069,2.513588282137),.UNSPECIFIED.) CURVE() 
GEOMETRIC_REPRESENTATION_ITEM() RATIONAL_B_SPLINE_CURVE((1.,
0.707106781187,1.,0.707106781187,1.)) REPRESENTATION_ITEM('') );
#270 = CARTESIAN_POINT('',(1.9939,-4.699,8.9027));
#271 = CARTESIAN_POINT('',(2.794,-4.699,8.9027));
#272 = CARTESIAN_POINT('',(2.794,-4.699,8.1026));
#273 = CARTESIAN_POINT('',(2.794,-4.699,7.3025));
#274 = CARTESIAN_POINT('',(1.9939,-4.699,7.3025));
#275 = FACE_BOUND('',#276,.T.);
#276 = EDGE_LOOP('',(#277,#289));
#277 = ORIENTED_EDGE('',*,*,#278,.T.);
#278 = EDGE_CURVE('',#279,#281,#283,.T.);
#279 = VERTEX_POINT('',#280);
#280 = CARTESIAN_POINT('',(-1.0033,-4.699,3.3147));
#281 = VERTEX_POINT('',#282);
#282 = CARTESIAN_POINT('',(-1.0033,-4.699,4.9149));
#283 = ( BOUNDED_CURVE() B_SPLINE_CURVE(2,(#284,#285,#286,#287,#288),
.UNSPECIFIED.,.F.,.F.) B_SPLINE_CURVE_WITH_KNOTS((3,2,3),(0.,
1.256794141069,2.513588282137),.UNSPECIFIED.) CURVE() 
GEOMETRIC_REPRESENTATION_ITEM() RATIONAL_B_SPLINE_CURVE((1.,
0.707106781187,1.,0.707106781187,1.)) REPRESENTATION_ITEM('') );
#284 = CARTESIAN_POINT('',(-1.0033,-4.699,3.3147));
#285 = CARTESIAN_POINT('',(-1.8034,-4.699,3.3147));
#286 = CARTESIAN_POINT('',(-1.8034,-4.699,4.1148));
#287 = CARTESIAN_POINT('',(-1.8034,-4.699,4.9149));
#288 = CARTESIAN_POINT('',(-1.0033,-4.699,4.9149));
#289 = ORIENTED_EDGE('',*,*,#290,.T.);
#290 = EDGE_CURVE('',#281,#279,#291,.T.);
#291 = ( BOUNDED_CURVE() B_SPLINE_CURVE(2,(#292,#293,#294,#295,#296),
.UNSPECIFIED.,.F.,.F.) B_SPLINE_CURVE_WITH_KNOTS((3,2,3),(0.,
1.256794141069,2.513588282137),.UNSPECIFIED.) CURVE() 
GEOMETRIC_REPRESENTATION_ITEM() RATIONAL_B_SPLINE_CURVE((1.,
0.707106781187,1.,0.707106781187,1.)) REPRESENTATION_ITEM('') );
#292 = CARTESIAN_POINT('',(-1.0033,-4.699,4.9149));
#293 = CARTESIAN_POINT('',(-0.2032,-4.699,4.9149));
#294 = CARTESIAN_POINT('',(-0.2032,-4.699,4.1148));
#295 = CARTESIAN_POINT('',(-0.2032,-4.699,3.3147));
#296 = CARTESIAN_POINT('',(-1.0033,-4.699,3.3147));
#297 = FACE_BOUND('',#298,.T.);
#298 = EDGE_LOOP('',(#299,#311));
#299 = ORIENTED_EDGE('',*,*,#300,.T.);
#300 = EDGE_CURVE('',#301,#303,#305,.T.);
#301 = VERTEX_POINT('',#302);
#302 = CARTESIAN_POINT('',(-2.5019,-4.699,5.2959));
#303 = VERTEX_POINT('',#304);
#304 = CARTESIAN_POINT('',(-2.5019,-4.699,6.8961));
#305 = ( BOUNDED_CURVE() B_SPLINE_CURVE(2,(#306,#307,#308,#309,#310),
.UNSPECIFIED.,.F.,.F.) B_SPLINE_CURVE_WITH_KNOTS((3,2,3),(0.,
1.256794141069,2.513588282137),.UNSPECIFIED.) CURVE() 
GEOMETRIC_REPRESENTATION_ITEM() RATIONAL_B_SPLINE_CURVE((1.,
0.707106781187,1.,0.707106781187,1.)) REPRESENTATION_ITEM('') );
#306 = CARTESIAN_POINT('',(-2.5019,-4.699,5.2959));
#307 = CARTESIAN_POINT('',(-3.302,-4.699,5.2959));
#308 = CARTESIAN_POINT('',(-3.302,-4.699,6.096));
#309 = CARTESIAN_POINT('',(-3.302,-4.699,6.8961));
#310 = CARTESIAN_POINT('',(-2.5019,-4.699,6.8961));
#311 = ORIENTED_EDGE('',*,*,#312,.T.);
#312 = EDGE_CURVE('',#303,#301,#313,.T.);
#313 = ( BOUNDED_CURVE() B_SPLINE_CURVE(2,(#314,#315,#316,#317,#318),
.UNSPECIFIED.,.F.,.F.) B_SPLINE_CURVE_WITH_KNOTS((3,2,3),(0.,
1.256794141069,2.513588282137),.UNSPECIFIED.) CURVE() 
GEOMETRIC_REPRESENTATION_ITEM() RATIONAL_B_SPLINE_CURVE((1.,
0.707106781187,1.,0.707106781187,1.)) REPRESENTATION_ITEM('') );
#314 = CARTESIAN_POINT('',(-2.5019,-4.699,6.8961));
#315 = CARTESIAN_POINT('',(-1.7018,-4.699,6.8961));
#316 = CARTESIAN_POINT('',(-1.7018,-4.699,6.096));
#317 = CARTESIAN_POINT('',(-1.7018,-4.699,5.2959));
#318 = CARTESIAN_POINT('',(-2.5019,-4.699,5.2959));
#319 = FACE_BOUND('',#320,.T.);
#320 = EDGE_LOOP('',(#321,#333));
#321 = ORIENTED_EDGE('',*,*,#322,.T.);
#322 = EDGE_CURVE('',#323,#325,#327,.T.);
#323 = VERTEX_POINT('',#324);
#324 = CARTESIAN_POINT('',(-1.9939,-4.699,7.3025));
#325 = VERTEX_POINT('',#326);
#326 = CARTESIAN_POINT('',(-1.9939,-4.699,8.9027));
#327 = ( BOUNDED_CURVE() B_SPLINE_CURVE(2,(#328,#329,#330,#331,#332),
.UNSPECIFIED.,.F.,.F.) B_SPLINE_CURVE_WITH_KNOTS((3,2,3),(0.,
1.256794141069,2.513588282137),.UNSPECIFIED.) CURVE() 
GEOMETRIC_REPRESENTATION_ITEM() RATIONAL_B_SPLINE_CURVE((1.,
0.707106781187,1.,0.707106781187,1.)) REPRESENTATION_ITEM('') );
#328 = CARTESIAN_POINT('',(-1.9939,-4.699,7.3025));
#329 = CARTESIAN_POINT('',(-2.794,-4.699,7.3025));
#330 = CARTESIAN_POINT('',(-2.794,-4.699,8.1026));
#331 = CARTESIAN_POINT('',(-2.794,-4.699,8.9027));
#332 = CARTESIAN_POINT('',(-1.9939,-4.699,8.9027));
#333 = ORIENTED_EDGE('',*,*,#334,.T.);
#334 = EDGE_CURVE('',#325,#323,#335,.T.);
#335 = ( BOUNDED_CURVE() B_SPLINE_CURVE(2,(#336,#337,#338,#339,#340),
.UNSPECIFIED.,.F.,.F.) B_SPLINE_CURVE_WITH_KNOTS((3,2,3),(0.,
1.256794141069,2.513588282137),.UNSPECIFIED.) CURVE() 
GEOMETRIC_REPRESENTATION_ITEM() RATIONAL_B_SPLINE_CURVE((1.,
0.707106781187,1.,0.707106781187,1.)) REPRESENTATION_ITEM('') );
#336 = CARTESIAN_POINT('',(-1.9939,-4.699,8.9027));
#337 = CARTESIAN_POINT('',(-1.1938,-4.699,8.9027));
#338 = CARTESIAN_POINT('',(-1.1938,-4.699,8.1026));
#339 = CARTESIAN_POINT('',(-1.1938,-4.699,7.3025));
#340 = CARTESIAN_POINT('',(-1.9939,-4.699,7.3025));
#341 = PLANE('',#342);
#342 = AXIS2_PLACEMENT_3D('',#343,#344,#345);
#343 = CARTESIAN_POINT('',(-5.33310939202,-4.699,11.305993212382));
#344 = DIRECTION('',(0.,-1.,0.));
#345 = DIRECTION('',(0.,-0.,-1.));
#346 = ADVANCED_FACE('',(#347),#369,.T.);
#347 = FACE_BOUND('',#348,.T.);
#348 = EDGE_LOOP('',(#349,#356,#363,#368));
#349 = ORIENTED_EDGE('',*,*,#350,.F.);
#350 = EDGE_CURVE('',#351,#104,#353,.T.);
#351 = VERTEX_POINT('',#352);
#352 = CARTESIAN_POINT('',(0.889,1.651,9.3726));
#353 = B_SPLINE_CURVE_WITH_KNOTS('',1,(#354,#355),.UNSPECIFIED.,.F.,.F.,
  (2,2),(0.,6.35),.PIECEWISE_BEZIER_KNOTS.);
#354 = CARTESIAN_POINT('',(0.889,1.651,9.3726));
#355 = CARTESIAN_POINT('',(0.889,-4.699,9.3726));
#356 = ORIENTED_EDGE('',*,*,#357,.F.);
#357 = EDGE_CURVE('',#358,#351,#360,.T.);
#358 = VERTEX_POINT('',#359);
#359 = CARTESIAN_POINT('',(-0.889,1.651,9.3726));
#360 = B_SPLINE_CURVE_WITH_KNOTS('',1,(#361,#362),.UNSPECIFIED.,.F.,.F.,
  (2,2),(0.,1.778),.PIECEWISE_BEZIER_KNOTS.);
#361 = CARTESIAN_POINT('',(-0.889,1.651,9.3726));
#362 = CARTESIAN_POINT('',(0.889,1.651,9.3726));
#363 = ORIENTED_EDGE('',*,*,#364,.F.);
#364 = EDGE_CURVE('',#106,#358,#365,.T.);
#365 = B_SPLINE_CURVE_WITH_KNOTS('',1,(#366,#367),.UNSPECIFIED.,.F.,.F.,
  (2,2),(0.,6.35),.PIECEWISE_BEZIER_KNOTS.);
#366 = CARTESIAN_POINT('',(-0.889,-4.699,9.3726));
#367 = CARTESIAN_POINT('',(-0.889,1.651,9.3726));
#368 = ORIENTED_EDGE('',*,*,#103,.F.);
#369 = PLANE('',#370);
#370 = AXIS2_PLACEMENT_3D('',#371,#372,#373);
#371 = CARTESIAN_POINT('',(-1.096997173822,2.316197173822,9.3726));
#372 = DIRECTION('',(0.,0.,1.));
#373 = DIRECTION('',(1.,0.,-0.));
#374 = ADVANCED_FACE('',(#375),#391,.T.);
#375 = FACE_BOUND('',#376,.T.);
#376 = EDGE_LOOP('',(#377,#378,#385,#390));
#377 = ORIENTED_EDGE('',*,*,#364,.T.);
#378 = ORIENTED_EDGE('',*,*,#379,.F.);
#379 = EDGE_CURVE('',#380,#358,#382,.T.);
#380 = VERTEX_POINT('',#381);
#381 = CARTESIAN_POINT('',(-0.889,1.651,10.376815957277));
#382 = B_SPLINE_CURVE_WITH_KNOTS('',1,(#383,#384),.UNSPECIFIED.,.F.,.F.,
  (2,2),(0.,1.004215957277),.PIECEWISE_BEZIER_KNOTS.);
#383 = CARTESIAN_POINT('',(-0.889,1.651,10.376815957277));
#384 = CARTESIAN_POINT('',(-0.889,1.651,9.3726));
#385 = ORIENTED_EDGE('',*,*,#386,.F.);
#386 = EDGE_CURVE('',#113,#380,#387,.T.);
#387 = B_SPLINE_CURVE_WITH_KNOTS('',1,(#388,#389),.UNSPECIFIED.,.F.,.F.,
  (2,2),(0.,6.35),.PIECEWISE_BEZIER_KNOTS.);
#388 = CARTESIAN_POINT('',(-0.889,-4.699,10.376815957277));
#389 = CARTESIAN_POINT('',(-0.889,1.651,10.376815957277));
#390 = ORIENTED_EDGE('',*,*,#112,.F.);
#391 = PLANE('',#392);
#392 = AXIS2_PLACEMENT_3D('',#393,#394,#395);
#393 = CARTESIAN_POINT('',(-0.889,2.316197173822,10.507434726827));
#394 = DIRECTION('',(1.,0.,0.));
#395 = DIRECTION('',(-0.,0.,1.));
#396 = ADVANCED_FACE('',(#397),#420,.T.);
#397 = FACE_BOUND('',#398,.T.);
#398 = EDGE_LOOP('',(#399,#406,#407,#414));
#399 = ORIENTED_EDGE('',*,*,#400,.T.);
#400 = EDGE_CURVE('',#401,#144,#403,.T.);
#401 = VERTEX_POINT('',#402);
#402 = CARTESIAN_POINT('',(2.5019,1.651,3.413400744578));
#403 = B_SPLINE_CURVE_WITH_KNOTS('',1,(#404,#405),.UNSPECIFIED.,.F.,.F.,
  (2,2),(-6.35,0.),.PIECEWISE_BEZIER_KNOTS.);
#404 = CARTESIAN_POINT('',(2.5019,1.651,3.413400744578));
#405 = CARTESIAN_POINT('',(2.5019,-4.699,3.413400744578));
#406 = ORIENTED_EDGE('',*,*,#143,.F.);
#407 = ORIENTED_EDGE('',*,*,#408,.T.);
#408 = EDGE_CURVE('',#137,#409,#411,.T.);
#409 = VERTEX_POINT('',#410);
#410 = CARTESIAN_POINT('',(-2.5019,1.651,3.413400744578));
#411 = B_SPLINE_CURVE_WITH_KNOTS('',1,(#412,#413),.UNSPECIFIED.,.F.,.F.,
  (2,2),(-6.35,0.),.PIECEWISE_BEZIER_KNOTS.);
#412 = CARTESIAN_POINT('',(-2.5019,-4.699,3.413400744578));
#413 = CARTESIAN_POINT('',(-2.5019,1.651,3.413400744578));
#414 = ORIENTED_EDGE('',*,*,#415,.T.);
#415 = EDGE_CURVE('',#409,#401,#416,.T.);
#416 = ( BOUNDED_CURVE() B_SPLINE_CURVE(2,(#417,#418,#419),
.UNSPECIFIED.,.F.,.F.) B_SPLINE_CURVE_WITH_KNOTS((3,3),(-5.41227200468,
0.),.PIECEWISE_BEZIER_KNOTS.) CURVE() GEOMETRIC_REPRESENTATION_ITEM() 
RATIONAL_B_SPLINE_CURVE((1.,0.777087181561,1.)) REPRESENTATION_ITEM('') 
  );
#417 = CARTESIAN_POINT('',(-2.5019,1.651,3.413400744578));
#418 = CARTESIAN_POINT('',(0.,1.651,1.387015144447));
#419 = CARTESIAN_POINT('',(2.5019,1.651,3.413400744578));
#420 = CYLINDRICAL_SURFACE('',#421,3.9751);
#421 = AXIS2_PLACEMENT_3D('',#422,#423,#424);
#422 = CARTESIAN_POINT('',(0.,-1.524,6.5024));
#423 = DIRECTION('',(0.,-1.,0.));
#424 = DIRECTION('',(0.,-0.,-1.));
#425 = ADVANCED_FACE('',(#426),#451,.T.);
#426 = FACE_BOUND('',#427,.T.);
#427 = EDGE_LOOP('',(#428,#435,#436,#443));
#428 = ORIENTED_EDGE('',*,*,#429,.T.);
#429 = EDGE_CURVE('',#430,#166,#432,.T.);
#430 = VERTEX_POINT('',#431);
#431 = CARTESIAN_POINT('',(0.889,1.651,10.376815957277));
#432 = B_SPLINE_CURVE_WITH_KNOTS('',1,(#433,#434),.UNSPECIFIED.,.F.,.F.,
  (2,2),(-6.35,0.),.PIECEWISE_BEZIER_KNOTS.);
#433 = CARTESIAN_POINT('',(0.889,1.651,10.376815957277));
#434 = CARTESIAN_POINT('',(0.889,-4.699,10.376815957277));
#435 = ORIENTED_EDGE('',*,*,#165,.F.);
#436 = ORIENTED_EDGE('',*,*,#437,.T.);
#437 = EDGE_CURVE('',#159,#438,#440,.T.);
#438 = VERTEX_POINT('',#439);
#439 = CARTESIAN_POINT('',(3.555296894775,1.651,4.7244));
#440 = B_SPLINE_CURVE_WITH_KNOTS('',1,(#441,#442),.UNSPECIFIED.,.F.,.F.,
  (2,2),(-6.35,0.),.PIECEWISE_BEZIER_KNOTS.);
#441 = CARTESIAN_POINT('',(3.555296894775,-4.699,4.7244));
#442 = CARTESIAN_POINT('',(3.555296894775,1.651,4.7244));
#443 = ORIENTED_EDGE('',*,*,#444,.T.);
#444 = EDGE_CURVE('',#438,#430,#445,.T.);
#445 = ( BOUNDED_CURVE() B_SPLINE_CURVE(2,(#446,#447,#448,#449,#450),
.UNSPECIFIED.,.F.,.F.) B_SPLINE_CURVE_WITH_KNOTS((3,2,3),(
-7.190849915716,-3.595424957858,0.),.PIECEWISE_BEZIER_KNOTS.) CURVE() 
GEOMETRIC_REPRESENTATION_ITEM() RATIONAL_B_SPLINE_CURVE((1.,
0.899469064215,1.,0.899469064215,1.)) REPRESENTATION_ITEM('') );
#446 = CARTESIAN_POINT('',(3.555296894775,1.651,4.7244));
#447 = CARTESIAN_POINT('',(4.419093515165,1.651,6.451651654774));
#448 = CARTESIAN_POINT('',(3.595190573634,1.651,8.198284650928));
#449 = CARTESIAN_POINT('',(2.771287632103,1.651,9.944917647082));
#450 = CARTESIAN_POINT('',(0.889,1.651,10.376815957277));
#451 = CYLINDRICAL_SURFACE('',#452,3.9751);
#452 = AXIS2_PLACEMENT_3D('',#453,#454,#455);
#453 = CARTESIAN_POINT('',(0.,-1.524,6.5024));
#454 = DIRECTION('',(0.,-1.,0.));
#455 = DIRECTION('',(0.,-0.,-1.));
#456 = ADVANCED_FACE('',(#457),#476,.T.);
#457 = FACE_BOUND('',#458,.T.);
#458 = EDGE_LOOP('',(#459,#460,#470,#475));
#459 = ORIENTED_EDGE('',*,*,#386,.T.);
#460 = ORIENTED_EDGE('',*,*,#461,.T.);
#461 = EDGE_CURVE('',#380,#462,#464,.T.);
#462 = VERTEX_POINT('',#463);
#463 = CARTESIAN_POINT('',(-3.555296894775,1.651,4.7244));
#464 = ( BOUNDED_CURVE() B_SPLINE_CURVE(2,(#465,#466,#467,#468,#469),
.UNSPECIFIED.,.F.,.F.) B_SPLINE_CURVE_WITH_KNOTS((3,2,3),(
-7.190849915716,-3.595424957858,0.),.PIECEWISE_BEZIER_KNOTS.) CURVE() 
GEOMETRIC_REPRESENTATION_ITEM() RATIONAL_B_SPLINE_CURVE((1.,
0.899469064215,1.,0.899469064215,1.)) REPRESENTATION_ITEM('') );
#465 = CARTESIAN_POINT('',(-0.889,1.651,10.376815957277));
#466 = CARTESIAN_POINT('',(-2.771287632103,1.651,9.944917647082));
#467 = CARTESIAN_POINT('',(-3.595190573634,1.651,8.198284650928));
#468 = CARTESIAN_POINT('',(-4.419093515165,1.651,6.451651654774));
#469 = CARTESIAN_POINT('',(-3.555296894775,1.651,4.7244));
#470 = ORIENTED_EDGE('',*,*,#471,.T.);
#471 = EDGE_CURVE('',#462,#120,#472,.T.);
#472 = B_SPLINE_CURVE_WITH_KNOTS('',1,(#473,#474),.UNSPECIFIED.,.F.,.F.,
  (2,2),(-6.35,0.),.PIECEWISE_BEZIER_KNOTS.);
#473 = CARTESIAN_POINT('',(-3.555296894775,1.651,4.7244));
#474 = CARTESIAN_POINT('',(-3.555296894775,-4.699,4.7244));
#475 = ORIENTED_EDGE('',*,*,#119,.F.);
#476 = CYLINDRICAL_SURFACE('',#477,3.9751);
#477 = AXIS2_PLACEMENT_3D('',#478,#479,#480);
#478 = CARTESIAN_POINT('',(-8.881784197001E-16,-1.524,6.5024));
#479 = DIRECTION('',(0.,-1.,0.));
#480 = DIRECTION('',(0.,-0.,-1.));
#481 = ADVANCED_FACE('',(#482),#498,.T.);
#482 = FACE_BOUND('',#483,.T.);
#483 = EDGE_LOOP('',(#484,#485,#492,#497));
#484 = ORIENTED_EDGE('',*,*,#400,.F.);
#485 = ORIENTED_EDGE('',*,*,#486,.F.);
#486 = EDGE_CURVE('',#487,#401,#489,.T.);
#487 = VERTEX_POINT('',#488);
#488 = CARTESIAN_POINT('',(2.5019,1.651,4.7244));
#489 = B_SPLINE_CURVE_WITH_KNOTS('',1,(#490,#491),.UNSPECIFIED.,.F.,.F.,
  (2,2),(0.,1.310999255422),.PIECEWISE_BEZIER_KNOTS.);
#490 = CARTESIAN_POINT('',(2.5019,1.651,4.7244));
#491 = CARTESIAN_POINT('',(2.5019,1.651,3.413400744578));
#492 = ORIENTED_EDGE('',*,*,#493,.F.);
#493 = EDGE_CURVE('',#152,#487,#494,.T.);
#494 = B_SPLINE_CURVE_WITH_KNOTS('',1,(#495,#496),.UNSPECIFIED.,.F.,.F.,
  (2,2),(0.,6.35),.PIECEWISE_BEZIER_KNOTS.);
#495 = CARTESIAN_POINT('',(2.5019,-4.699,4.7244));
#496 = CARTESIAN_POINT('',(2.5019,1.651,4.7244));
#497 = ORIENTED_EDGE('',*,*,#151,.F.);
#498 = PLANE('',#499);
#499 = AXIS2_PLACEMENT_3D('',#500,#501,#502);
#500 = CARTESIAN_POINT('',(2.5019,2.316197173822,4.885697099364));
#501 = DIRECTION('',(1.,0.,0.));
#502 = DIRECTION('',(-0.,0.,1.));
#503 = ADVANCED_FACE('',(#504),#514,.T.);
#504 = FACE_BOUND('',#505,.T.);
#505 = EDGE_LOOP('',(#506,#507,#512,#513));
#506 = ORIENTED_EDGE('',*,*,#493,.T.);
#507 = ORIENTED_EDGE('',*,*,#508,.F.);
#508 = EDGE_CURVE('',#438,#487,#509,.T.);
#509 = B_SPLINE_CURVE_WITH_KNOTS('',1,(#510,#511),.UNSPECIFIED.,.F.,.F.,
  (2,2),(0.,1.053396894775),.PIECEWISE_BEZIER_KNOTS.);
#510 = CARTESIAN_POINT('',(3.555296894775,1.651,4.7244));
#511 = CARTESIAN_POINT('',(2.5019,1.651,4.7244));
#512 = ORIENTED_EDGE('',*,*,#437,.F.);
#513 = ORIENTED_EDGE('',*,*,#158,.F.);
#514 = PLANE('',#515);
#515 = AXIS2_PLACEMENT_3D('',#516,#517,#518);
#516 = CARTESIAN_POINT('',(3.690833758074,2.316197173822,4.7244));
#517 = DIRECTION('',(0.,0.,-1.));
#518 = DIRECTION('',(-1.,0.,-0.));
#519 = ADVANCED_FACE('',(#520,#558),#584,.T.);
#520 = FACE_BOUND('',#521,.T.);
#521 = EDGE_LOOP('',(#522,#538,#545,#553));
#522 = ORIENTED_EDGE('',*,*,#523,.T.);
#523 = EDGE_CURVE('',#524,#526,#528,.T.);
#524 = VERTEX_POINT('',#525);
#525 = CARTESIAN_POINT('',(-0.889,1.651,11.038913952365));
#526 = VERTEX_POINT('',#527);
#527 = CARTESIAN_POINT('',(0.889,1.651,11.038913952365));
#528 = ( BOUNDED_CURVE() B_SPLINE_CURVE(2,(#529,#530,#531,#532,#533,#534
,#535,#536,#537),.UNSPECIFIED.,.F.,.F.) B_SPLINE_CURVE_WITH_KNOTS((3,2,2
    ,2,3),(0.,6.814190866349,13.628381732697,20.442572599046,
27.256763465395),.PIECEWISE_BEZIER_KNOTS.) CURVE() 
GEOMETRIC_REPRESENTATION_ITEM() RATIONAL_B_SPLINE_CURVE((1.,
    0.740474745337,1.,0.740474745337,1.,0.740474745337,1.,0.740474745337
,1.)) REPRESENTATION_ITEM('') );
#529 = CARTESIAN_POINT('',(-0.889,1.651,11.038913952365));
#530 = CARTESIAN_POINT('',(-5.006519606062,1.651,10.232022368162));
#531 = CARTESIAN_POINT('',(-4.601177921963,1.651,6.055811184074));
#532 = CARTESIAN_POINT('',(-4.195836237863,1.651,1.879599999987));
#533 = CARTESIAN_POINT('',(1.15463194561E-14,1.651,1.879599999987));
#534 = CARTESIAN_POINT('',(4.195836237863,1.651,1.879599999987));
#535 = CARTESIAN_POINT('',(4.601177921963,1.651,6.055811184074));
#536 = CARTESIAN_POINT('',(5.006519606062,1.651,10.232022368162));
#537 = CARTESIAN_POINT('',(0.889,1.651,11.038913952365));
#538 = ORIENTED_EDGE('',*,*,#539,.T.);
#539 = EDGE_CURVE('',#526,#540,#542,.T.);
#540 = VERTEX_POINT('',#541);
#541 = CARTESIAN_POINT('',(0.889,1.651,11.658725121635));
#542 = B_SPLINE_CURVE_WITH_KNOTS('',1,(#543,#544),.UNSPECIFIED.,.F.,.F.,
  (2,2),(-0.61981116927,0.),.PIECEWISE_BEZIER_KNOTS.);
#543 = CARTESIAN_POINT('',(0.889,1.651,11.038913952365));
#544 = CARTESIAN_POINT('',(0.889,1.651,11.658725121635));
#545 = ORIENTED_EDGE('',*,*,#546,.T.);
#546 = EDGE_CURVE('',#540,#547,#549,.T.);
#547 = VERTEX_POINT('',#548);
#548 = CARTESIAN_POINT('',(-0.889,1.651,11.658725121635));
#549 = ( BOUNDED_CURVE() B_SPLINE_CURVE(2,(#550,#551,#552),
.UNSPECIFIED.,.F.,.F.) B_SPLINE_CURVE_WITH_KNOTS((3,3),(0.,
1.786667322984),.PIECEWISE_BEZIER_KNOTS.) CURVE() 
GEOMETRIC_REPRESENTATION_ITEM() RATIONAL_B_SPLINE_CURVE((1.,
0.985460806061,1.)) REPRESENTATION_ITEM('') );
#550 = CARTESIAN_POINT('',(0.889,1.651,11.658725121635));
#551 = CARTESIAN_POINT('',(0.,1.651,11.811997264363));
#552 = CARTESIAN_POINT('',(-0.889,1.651,11.658725121635));
#553 = ORIENTED_EDGE('',*,*,#554,.T.);
#554 = EDGE_CURVE('',#547,#524,#555,.T.);
#555 = B_SPLINE_CURVE_WITH_KNOTS('',1,(#556,#557),.UNSPECIFIED.,.F.,.F.,
  (2,2),(0.,0.61981116927),.PIECEWISE_BEZIER_KNOTS.);
#556 = CARTESIAN_POINT('',(-0.889,1.651,11.658725121635));
#557 = CARTESIAN_POINT('',(-0.889,1.651,11.038913952365));
#558 = FACE_BOUND('',#559,.T.);
#559 = EDGE_LOOP('',(#560,#561,#562,#563,#570,#575,#576,#577,#578,#583)
  );
#560 = ORIENTED_EDGE('',*,*,#508,.T.);
#561 = ORIENTED_EDGE('',*,*,#486,.T.);
#562 = ORIENTED_EDGE('',*,*,#415,.F.);
#563 = ORIENTED_EDGE('',*,*,#564,.T.);
#564 = EDGE_CURVE('',#409,#565,#567,.T.);
#565 = VERTEX_POINT('',#566);
#566 = CARTESIAN_POINT('',(-2.5019,1.651,4.7244));
#567 = B_SPLINE_CURVE_WITH_KNOTS('',1,(#568,#569),.UNSPECIFIED.,.F.,.F.,
  (2,2),(-1.310999255422,0.),.PIECEWISE_BEZIER_KNOTS.);
#568 = CARTESIAN_POINT('',(-2.5019,1.651,3.413400744578));
#569 = CARTESIAN_POINT('',(-2.5019,1.651,4.7244));
#570 = ORIENTED_EDGE('',*,*,#571,.T.);
#571 = EDGE_CURVE('',#565,#462,#572,.T.);
#572 = B_SPLINE_CURVE_WITH_KNOTS('',1,(#573,#574),.UNSPECIFIED.,.F.,.F.,
  (2,2),(-1.053396894775,0.),.PIECEWISE_BEZIER_KNOTS.);
#573 = CARTESIAN_POINT('',(-2.5019,1.651,4.7244));
#574 = CARTESIAN_POINT('',(-3.555296894775,1.651,4.7244));
#575 = ORIENTED_EDGE('',*,*,#461,.F.);
#576 = ORIENTED_EDGE('',*,*,#379,.T.);
#577 = ORIENTED_EDGE('',*,*,#357,.T.);
#578 = ORIENTED_EDGE('',*,*,#579,.T.);
#579 = EDGE_CURVE('',#351,#430,#580,.T.);
#580 = B_SPLINE_CURVE_WITH_KNOTS('',1,(#581,#582),.UNSPECIFIED.,.F.,.F.,
  (2,2),(-1.004215957277,0.),.PIECEWISE_BEZIER_KNOTS.);
#581 = CARTESIAN_POINT('',(0.889,1.651,9.3726));
#582 = CARTESIAN_POINT('',(0.889,1.651,10.376815957277));
#583 = ORIENTED_EDGE('',*,*,#444,.F.);
#584 = PLANE('',#585);
#585 = AXIS2_PLACEMENT_3D('',#586,#587,#588);
#586 = CARTESIAN_POINT('',(6.038020701097,1.651,12.884692650177));
#587 = DIRECTION('',(0.,-1.,0.));
#588 = DIRECTION('',(0.,-0.,-1.));
#589 = ADVANCED_FACE('',(#590),#616,.T.);
#590 = FACE_BOUND('',#591,.T.);
#591 = EDGE_LOOP('',(#592,#599,#610,#615));
#592 = ORIENTED_EDGE('',*,*,#593,.F.);
#593 = EDGE_CURVE('',#594,#547,#596,.T.);
#594 = VERTEX_POINT('',#595);
#595 = CARTESIAN_POINT('',(-0.889,-1.2446,11.658725121635));
#596 = B_SPLINE_CURVE_WITH_KNOTS('',1,(#597,#598),.UNSPECIFIED.,.F.,.F.,
  (2,2),(0.,2.8956),.PIECEWISE_BEZIER_KNOTS.);
#597 = CARTESIAN_POINT('',(-0.889,-1.2446,11.658725121635));
#598 = CARTESIAN_POINT('',(-0.889,1.651,11.658725121635));
#599 = ORIENTED_EDGE('',*,*,#600,.F.);
#600 = EDGE_CURVE('',#601,#594,#603,.T.);
#601 = VERTEX_POINT('',#602);
#602 = CARTESIAN_POINT('',(-0.889,0.3048,11.038913952365));
#603 = B_SPLINE_CURVE_WITH_KNOTS('',3,(#604,#605,#606,#607,#608,#609),
  .UNSPECIFIED.,.F.,.F.,(4,1,1,4),(0.,0.556258019202,1.112516038404,
    1.668774057606),.UNSPECIFIED.);
#604 = CARTESIAN_POINT('',(-0.889,0.3048,11.038913952365));
#605 = CARTESIAN_POINT('',(-0.889,0.137864935494,11.105842566091));
#606 = CARTESIAN_POINT('',(-0.889,-0.199487927649,11.240986634821));
#607 = CARTESIAN_POINT('',(-0.889,-0.71595743401,11.447581800263));
#608 = CARTESIAN_POINT('',(-0.889,-1.067227084688,11.587909453866));
#609 = CARTESIAN_POINT('',(-0.889,-1.2446,11.658725121635));
#610 = ORIENTED_EDGE('',*,*,#611,.F.);
#611 = EDGE_CURVE('',#524,#601,#612,.T.);
#612 = B_SPLINE_CURVE_WITH_KNOTS('',1,(#613,#614),.UNSPECIFIED.,.F.,.F.,
  (2,2),(0.,1.3462),.PIECEWISE_BEZIER_KNOTS.);
#613 = CARTESIAN_POINT('',(-0.889,1.651,11.038913952365));
#614 = CARTESIAN_POINT('',(-0.889,0.3048,11.038913952365));
#615 = ORIENTED_EDGE('',*,*,#554,.F.);
#616 = PLANE('',#617);
#617 = AXIS2_PLACEMENT_3D('',#618,#619,#620);
#618 = CARTESIAN_POINT('',(-0.889,1.970757173822,12.350903412384));
#619 = DIRECTION('',(1.,0.,0.));
#620 = DIRECTION('',(-0.,0.,1.));
#621 = ADVANCED_FACE('',(#622),#628,.T.);
#622 = FACE_BOUND('',#623,.T.);
#623 = EDGE_LOOP('',(#624,#625,#626,#627));
#624 = ORIENTED_EDGE('',*,*,#429,.F.);
#625 = ORIENTED_EDGE('',*,*,#579,.F.);
#626 = ORIENTED_EDGE('',*,*,#350,.T.);
#627 = ORIENTED_EDGE('',*,*,#175,.F.);
#628 = PLANE('',#629);
#629 = AXIS2_PLACEMENT_3D('',#630,#631,#632);
#630 = CARTESIAN_POINT('',(0.889,2.316197173822,9.24198123045));
#631 = DIRECTION('',(-1.,0.,0.));
#632 = DIRECTION('',(0.,0.,-1.));
#633 = ADVANCED_FACE('',(#634),#660,.T.);
#634 = FACE_BOUND('',#635,.T.);
#635 = EDGE_LOOP('',(#636,#643,#644,#651));
#636 = ORIENTED_EDGE('',*,*,#637,.F.);
#637 = EDGE_CURVE('',#540,#638,#640,.T.);
#638 = VERTEX_POINT('',#639);
#639 = CARTESIAN_POINT('',(0.889,-1.2446,11.658725121635));
#640 = B_SPLINE_CURVE_WITH_KNOTS('',1,(#641,#642),.UNSPECIFIED.,.F.,.F.,
  (2,2),(0.,2.8956),.PIECEWISE_BEZIER_KNOTS.);
#641 = CARTESIAN_POINT('',(0.889,1.651,11.658725121635));
#642 = CARTESIAN_POINT('',(0.889,-1.2446,11.658725121635));
#643 = ORIENTED_EDGE('',*,*,#539,.F.);
#644 = ORIENTED_EDGE('',*,*,#645,.F.);
#645 = EDGE_CURVE('',#646,#526,#648,.T.);
#646 = VERTEX_POINT('',#647);
#647 = CARTESIAN_POINT('',(0.889,0.3048,11.038913952365));
#648 = B_SPLINE_CURVE_WITH_KNOTS('',1,(#649,#650),.UNSPECIFIED.,.F.,.F.,
  (2,2),(0.,1.3462),.PIECEWISE_BEZIER_KNOTS.);
#649 = CARTESIAN_POINT('',(0.889,0.3048,11.038913952365));
#650 = CARTESIAN_POINT('',(0.889,1.651,11.038913952365));
#651 = ORIENTED_EDGE('',*,*,#652,.F.);
#652 = EDGE_CURVE('',#638,#646,#653,.T.);
#653 = B_SPLINE_CURVE_WITH_KNOTS('',3,(#654,#655,#656,#657,#658,#659),
  .UNSPECIFIED.,.F.,.F.,(4,1,1,4),(0.,0.556258019202,1.112516038404,
    1.668774057607),.UNSPECIFIED.);
#654 = CARTESIAN_POINT('',(0.889,-1.2446,11.658725121635));
#655 = CARTESIAN_POINT('',(0.889,-1.067330990178,11.587950937859));
#656 = CARTESIAN_POINT('',(0.889,-0.71619980685,11.447678667637));
#657 = CARTESIAN_POINT('',(0.889,-0.199726939119,11.241082329456));
#658 = CARTESIAN_POINT('',(0.889,0.137762537984,11.105883619918));
#659 = CARTESIAN_POINT('',(0.889,0.3048,11.038913952365));
#660 = PLANE('',#661);
#661 = AXIS2_PLACEMENT_3D('',#662,#663,#664);
#662 = CARTESIAN_POINT('',(0.889,1.970757173822,10.346735661616));
#663 = DIRECTION('',(-1.,0.,0.));
#664 = DIRECTION('',(0.,0.,-1.));
#665 = ADVANCED_FACE('',(#666),#706,.T.);
#666 = FACE_BOUND('',#667,.T.);
#667 = EDGE_LOOP('',(#668,#676,#677,#689,#690,#698));
#668 = ORIENTED_EDGE('',*,*,#669,.F.);
#669 = EDGE_CURVE('',#638,#670,#672,.T.);
#670 = VERTEX_POINT('',#671);
#671 = CARTESIAN_POINT('',(5.2324,-1.2446,6.5024));
#672 = ( BOUNDED_CURVE() B_SPLINE_CURVE(2,(#673,#674,#675),
.UNSPECIFIED.,.F.,.F.) B_SPLINE_CURVE_WITH_KNOTS((3,3),(0.,7.32570103883
),.PIECEWISE_BEZIER_KNOTS.) CURVE() GEOMETRIC_REPRESENTATION_ITEM() 
RATIONAL_B_SPLINE_CURVE((1.,0.764821192378,1.)) REPRESENTATION_ITEM('') 
  );
#673 = CARTESIAN_POINT('',(0.889,-1.2446,11.658725121635));
#674 = CARTESIAN_POINT('',(5.2324,-1.2446,10.909881224302));
#675 = CARTESIAN_POINT('',(5.2324,-1.2446,6.5024));
#676 = ORIENTED_EDGE('',*,*,#652,.T.);
#677 = ORIENTED_EDGE('',*,*,#678,.F.);
#678 = EDGE_CURVE('',#601,#646,#679,.T.);
#679 = ( BOUNDED_CURVE() B_SPLINE_CURVE(2,(#680,#681,#682,#683,#684,#685
,#686,#687,#688),.UNSPECIFIED.,.F.,.F.) B_SPLINE_CURVE_WITH_KNOTS((3,2,2
    ,2,3),(0.,6.814190866349,13.628381732697,20.442572599046,
27.256763465395),.PIECEWISE_BEZIER_KNOTS.) CURVE() 
GEOMETRIC_REPRESENTATION_ITEM() RATIONAL_B_SPLINE_CURVE((1.,
    0.740474745337,1.,0.740474745337,1.,0.740474745337,1.,0.740474745337
,1.)) REPRESENTATION_ITEM('') );
#680 = CARTESIAN_POINT('',(-0.889,0.3048,11.038913952365));
#681 = CARTESIAN_POINT('',(-5.006519606062,0.3048,10.232022368162));
#682 = CARTESIAN_POINT('',(-4.601177921963,0.3048,6.055811184074));
#683 = CARTESIAN_POINT('',(-4.195836237863,0.3048,1.879599999987));
#684 = CARTESIAN_POINT('',(9.214851104389E-15,0.3048,1.879599999987));
#685 = CARTESIAN_POINT('',(4.195836237863,0.3048,1.879599999987));
#686 = CARTESIAN_POINT('',(4.601177921963,0.3048,6.055811184074));
#687 = CARTESIAN_POINT('',(5.006519606062,0.3048,10.232022368162));
#688 = CARTESIAN_POINT('',(0.889,0.3048,11.038913952365));
#689 = ORIENTED_EDGE('',*,*,#600,.T.);
#690 = ORIENTED_EDGE('',*,*,#691,.F.);
#691 = EDGE_CURVE('',#692,#594,#694,.T.);
#692 = VERTEX_POINT('',#693);
#693 = CARTESIAN_POINT('',(-5.2324,-1.2446,6.5024));
#694 = ( BOUNDED_CURVE() B_SPLINE_CURVE(2,(#695,#696,#697),
.UNSPECIFIED.,.F.,.F.) B_SPLINE_CURVE_WITH_KNOTS((3,3),(0.,7.32570103883
),.PIECEWISE_BEZIER_KNOTS.) CURVE() GEOMETRIC_REPRESENTATION_ITEM() 
RATIONAL_B_SPLINE_CURVE((1.,0.764821192378,1.)) REPRESENTATION_ITEM('') 
  );
#695 = CARTESIAN_POINT('',(-5.2324,-1.2446,6.5024));
#696 = CARTESIAN_POINT('',(-5.2324,-1.2446,10.909881224302));
#697 = CARTESIAN_POINT('',(-0.889,-1.2446,11.658725121635));
#698 = ORIENTED_EDGE('',*,*,#699,.F.);
#699 = EDGE_CURVE('',#670,#692,#700,.T.);
#700 = ( BOUNDED_CURVE() B_SPLINE_CURVE(2,(#701,#702,#703,#704,#705),
.UNSPECIFIED.,.F.,.F.) B_SPLINE_CURVE_WITH_KNOTS((3,2,3),(0.,
8.219034700322,16.438069400643),.UNSPECIFIED.) CURVE() 
GEOMETRIC_REPRESENTATION_ITEM() RATIONAL_B_SPLINE_CURVE((1.,
0.707106781187,1.,0.707106781187,1.)) REPRESENTATION_ITEM('') );
#701 = CARTESIAN_POINT('',(5.2324,-1.2446,6.5024));
#702 = CARTESIAN_POINT('',(5.2324,-1.2446,1.27));
#703 = CARTESIAN_POINT('',(3.203920955929E-16,-1.2446,1.27));
#704 = CARTESIAN_POINT('',(-5.2324,-1.2446,1.27));
#705 = CARTESIAN_POINT('',(-5.2324,-1.2446,6.5024));
#706 = ( BOUNDED_SURFACE() B_SPLINE_SURFACE(1,2,(
    (#707,#708,#709,#710,#711,#712,#713,#714,#715)
    ,(#716,#717,#718,#719,#720,#721,#722,#723,#724
)),.UNSPECIFIED.,.F.,.T.,.F.) B_SPLINE_SURFACE_WITH_KNOTS((2,2),(1,2,2,2
    ,2,2,1),(0.,15.752903359957),(-1.570796326795,0.,1.570796326795,
    3.14159265359,4.712388980385,6.28318530718,7.853981633974),
.UNSPECIFIED.) GEOMETRIC_REPRESENTATION_ITEM() RATIONAL_B_SPLINE_SURFACE
((
    (1.,0.707106781187,1.,0.707106781187,1.,0.707106781187,1.
      ,0.707106781187,1.)
    ,(1.,0.707106781187,1.,0.707106781187,1.,0.707106781187,1.
,0.707106781187,1.))) REPRESENTATION_ITEM('') SURFACE() );
#707 = CARTESIAN_POINT('',(0.,12.054416666667,6.5024));
#708 = CARTESIAN_POINT('',(0.,12.054416666667,6.5024));
#709 = CARTESIAN_POINT('',(0.,12.054416666667,6.5024));
#710 = CARTESIAN_POINT('',(0.,12.054416666667,6.5024));
#711 = CARTESIAN_POINT('',(0.,12.054416666667,6.5024));
#712 = CARTESIAN_POINT('',(0.,12.054416666667,6.5024));
#713 = CARTESIAN_POINT('',(0.,12.054416666667,6.5024));
#714 = CARTESIAN_POINT('',(0.,12.054416666667,6.5024));
#715 = CARTESIAN_POINT('',(0.,12.054416666667,6.5024));
#716 = CARTESIAN_POINT('',(0.,-2.604698840489,12.269920855274));
#717 = CARTESIAN_POINT('',(-5.767520855274,-2.604698840489,
    12.269920855274));
#718 = CARTESIAN_POINT('',(-5.767520855274,-2.604698840489,6.5024));
#719 = CARTESIAN_POINT('',(-5.767520855274,-2.604698840489,
    0.734879144726));
#720 = CARTESIAN_POINT('',(-7.063175954427E-16,-2.604698840489,
    0.734879144726));
#721 = CARTESIAN_POINT('',(5.767520855274,-2.604698840489,0.734879144726
    ));
#722 = CARTESIAN_POINT('',(5.767520855274,-2.604698840489,6.5024));
#723 = CARTESIAN_POINT('',(5.767520855274,-2.604698840489,
    12.269920855274));
#724 = CARTESIAN_POINT('',(0.,-2.604698840489,12.269920855274));
#725 = ADVANCED_FACE('',(#726),#751,.F.);
#726 = FACE_BOUND('',#727,.F.);
#727 = EDGE_LOOP('',(#728,#740,#745,#746));
#728 = ORIENTED_EDGE('',*,*,#729,.T.);
#729 = EDGE_CURVE('',#730,#732,#734,.T.);
#730 = VERTEX_POINT('',#731);
#731 = CARTESIAN_POINT('',(5.2324,-4.37896,6.5024));
#732 = VERTEX_POINT('',#733);
#733 = CARTESIAN_POINT('',(-5.2324,-4.37896,6.5024));
#734 = ( BOUNDED_CURVE() B_SPLINE_CURVE(2,(#735,#736,#737,#738,#739),
.UNSPECIFIED.,.F.,.F.) B_SPLINE_CURVE_WITH_KNOTS((3,2,3),(0.,
8.219034700322,16.438069400643),.UNSPECIFIED.) CURVE() 
GEOMETRIC_REPRESENTATION_ITEM() RATIONAL_B_SPLINE_CURVE((1.,
0.707106781187,1.,0.707106781187,1.)) REPRESENTATION_ITEM('') );
#735 = CARTESIAN_POINT('',(5.2324,-4.37896,6.5024));
#736 = CARTESIAN_POINT('',(5.2324,-4.37896,1.27));
#737 = CARTESIAN_POINT('',(3.203920955929E-16,-4.37896,1.27));
#738 = CARTESIAN_POINT('',(-5.2324,-4.37896,1.27));
#739 = CARTESIAN_POINT('',(-5.2324,-4.37896,6.5024));
#740 = ORIENTED_EDGE('',*,*,#741,.T.);
#741 = EDGE_CURVE('',#732,#692,#742,.T.);
#742 = B_SPLINE_CURVE_WITH_KNOTS('',1,(#743,#744),.UNSPECIFIED.,.F.,.F.,
  (2,2),(0.,3.13436),.PIECEWISE_BEZIER_KNOTS.);
#743 = CARTESIAN_POINT('',(-5.2324,-4.37896,6.5024));
#744 = CARTESIAN_POINT('',(-5.2324,-1.2446,6.5024));
#745 = ORIENTED_EDGE('',*,*,#699,.F.);
#746 = ORIENTED_EDGE('',*,*,#747,.T.);
#747 = EDGE_CURVE('',#670,#730,#748,.T.);
#748 = B_SPLINE_CURVE_WITH_KNOTS('',1,(#749,#750),.UNSPECIFIED.,.F.,.F.,
  (2,2),(0.,3.13436),.PIECEWISE_BEZIER_KNOTS.);
#749 = CARTESIAN_POINT('',(5.2324,-1.2446,6.5024));
#750 = CARTESIAN_POINT('',(5.2324,-4.37896,6.5024));
#751 = CYLINDRICAL_SURFACE('',#752,5.2324);
#752 = AXIS2_PLACEMENT_3D('',#753,#754,#755);
#753 = CARTESIAN_POINT('',(0.,-2.81178,6.5024));
#754 = DIRECTION('',(0.,-1.,0.));
#755 = DIRECTION('',(0.,-0.,-1.));
#756 = ADVANCED_FACE('',(#757),#774,.F.);
#757 = FACE_BOUND('',#758,.F.);
#758 = EDGE_LOOP('',(#759,#767,#768,#769,#770,#771,#772,#773));
#759 = ORIENTED_EDGE('',*,*,#760,.F.);
#760 = EDGE_CURVE('',#730,#732,#761,.T.);
#761 = ( BOUNDED_CURVE() B_SPLINE_CURVE(2,(#762,#763,#764,#765,#766),
.UNSPECIFIED.,.F.,.F.) B_SPLINE_CURVE_WITH_KNOTS((3,2,3),(
-16.43806940064,-8.219034700322,0.),.UNSPECIFIED.) CURVE() 
GEOMETRIC_REPRESENTATION_ITEM() RATIONAL_B_SPLINE_CURVE((1.,
0.707106781187,1.,0.707106781187,1.)) REPRESENTATION_ITEM('') );
#762 = CARTESIAN_POINT('',(5.2324,-4.37896,6.5024));
#763 = CARTESIAN_POINT('',(5.2324,-4.37896,11.7348));
#764 = CARTESIAN_POINT('',(-3.203920955929E-16,-4.37896,11.7348));
#765 = CARTESIAN_POINT('',(-5.2324,-4.37896,11.7348));
#766 = CARTESIAN_POINT('',(-5.2324,-4.37896,6.5024));
#767 = ORIENTED_EDGE('',*,*,#747,.F.);
#768 = ORIENTED_EDGE('',*,*,#669,.F.);
#769 = ORIENTED_EDGE('',*,*,#637,.F.);
#770 = ORIENTED_EDGE('',*,*,#546,.T.);
#771 = ORIENTED_EDGE('',*,*,#593,.F.);
#772 = ORIENTED_EDGE('',*,*,#691,.F.);
#773 = ORIENTED_EDGE('',*,*,#741,.F.);
#774 = CYLINDRICAL_SURFACE('',#775,5.2324);
#775 = AXIS2_PLACEMENT_3D('',#776,#777,#778);
#776 = CARTESIAN_POINT('',(-6.280369834735E-16,-1.36398,6.5024));
#777 = DIRECTION('',(0.,1.,0.));
#778 = DIRECTION('',(0.,-0.,1.));
#779 = ADVANCED_FACE('',(#780),#786,.F.);
#780 = FACE_BOUND('',#781,.F.);
#781 = EDGE_LOOP('',(#782,#783,#784,#785));
#782 = ORIENTED_EDGE('',*,*,#678,.F.);
#783 = ORIENTED_EDGE('',*,*,#611,.F.);
#784 = ORIENTED_EDGE('',*,*,#523,.T.);
#785 = ORIENTED_EDGE('',*,*,#645,.F.);
#786 = CYLINDRICAL_SURFACE('',#787,4.6228);
#787 = AXIS2_PLACEMENT_3D('',#788,#789,#790);
#788 = CARTESIAN_POINT('',(0.,0.9779,6.5024));
#789 = DIRECTION('',(0.,1.,0.));
#790 = DIRECTION('',(0.,-0.,1.));
#791 = ADVANCED_FACE('',(#792),#802,.T.);
#792 = FACE_BOUND('',#793,.T.);
#793 = EDGE_LOOP('',(#794,#795,#796,#801));
#794 = ORIENTED_EDGE('',*,*,#471,.F.);
#795 = ORIENTED_EDGE('',*,*,#571,.F.);
#796 = ORIENTED_EDGE('',*,*,#797,.F.);
#797 = EDGE_CURVE('',#130,#565,#798,.T.);
#798 = B_SPLINE_CURVE_WITH_KNOTS('',1,(#799,#800),.UNSPECIFIED.,.F.,.F.,
  (2,2),(0.,6.35),.PIECEWISE_BEZIER_KNOTS.);
#799 = CARTESIAN_POINT('',(-2.5019,-4.699,4.7244));
#800 = CARTESIAN_POINT('',(-2.5019,1.651,4.7244));
#801 = ORIENTED_EDGE('',*,*,#129,.F.);
#802 = PLANE('',#803);
#803 = AXIS2_PLACEMENT_3D('',#804,#805,#806);
#804 = CARTESIAN_POINT('',(-2.366363136701,2.316197173822,4.7244));
#805 = DIRECTION('',(0.,0.,-1.));
#806 = DIRECTION('',(-1.,0.,-0.));
#807 = ADVANCED_FACE('',(#808),#814,.T.);
#808 = FACE_BOUND('',#809,.T.);
#809 = EDGE_LOOP('',(#810,#811,#812,#813));
#810 = ORIENTED_EDGE('',*,*,#797,.T.);
#811 = ORIENTED_EDGE('',*,*,#564,.F.);
#812 = ORIENTED_EDGE('',*,*,#408,.F.);
#813 = ORIENTED_EDGE('',*,*,#136,.F.);
#814 = PLANE('',#815);
#815 = AXIS2_PLACEMENT_3D('',#816,#817,#818);
#816 = CARTESIAN_POINT('',(-2.5019,2.316197173822,3.252103645214));
#817 = DIRECTION('',(-1.,0.,0.));
#818 = DIRECTION('',(0.,0.,-1.));
#819 = ADVANCED_FACE('',(#820),#842,.T.);
#820 = FACE_BOUND('',#821,.T.);
#821 = EDGE_LOOP('',(#822,#829,#836,#841));
#822 = ORIENTED_EDGE('',*,*,#823,.F.);
#823 = EDGE_CURVE('',#824,#199,#826,.T.);
#824 = VERTEX_POINT('',#825);
#825 = CARTESIAN_POINT('',(-0.7112,1.651,6.5024));
#826 = B_SPLINE_CURVE_WITH_KNOTS('',1,(#827,#828),.UNSPECIFIED.,.F.,.F.,
  (2,2),(0.,6.35),.PIECEWISE_BEZIER_KNOTS.);
#827 = CARTESIAN_POINT('',(-0.7112,1.651,6.5024));
#828 = CARTESIAN_POINT('',(-0.7112,-4.699,6.5024));
#829 = ORIENTED_EDGE('',*,*,#830,.F.);
#830 = EDGE_CURVE('',#831,#824,#833,.T.);
#831 = VERTEX_POINT('',#832);
#832 = CARTESIAN_POINT('',(-0.7112,1.651,8.6868));
#833 = B_SPLINE_CURVE_WITH_KNOTS('',1,(#834,#835),.UNSPECIFIED.,.F.,.F.,
  (2,2),(0.,2.1844),.PIECEWISE_BEZIER_KNOTS.);
#834 = CARTESIAN_POINT('',(-0.7112,1.651,8.6868));
#835 = CARTESIAN_POINT('',(-0.7112,1.651,6.5024));
#836 = ORIENTED_EDGE('',*,*,#837,.F.);
#837 = EDGE_CURVE('',#183,#831,#838,.T.);
#838 = B_SPLINE_CURVE_WITH_KNOTS('',1,(#839,#840),.UNSPECIFIED.,.F.,.F.,
  (2,2),(0.,6.35),.PIECEWISE_BEZIER_KNOTS.);
#839 = CARTESIAN_POINT('',(-0.7112,-4.699,8.6868));
#840 = CARTESIAN_POINT('',(-0.7112,1.651,8.6868));
#841 = ORIENTED_EDGE('',*,*,#205,.F.);
#842 = PLANE('',#843);
#843 = AXIS2_PLACEMENT_3D('',#844,#845,#846);
#844 = CARTESIAN_POINT('',(-0.7112,2.316197173822,8.935437173822));
#845 = DIRECTION('',(1.,0.,0.));
#846 = DIRECTION('',(-0.,0.,1.));
#847 = ADVANCED_FACE('',(#848),#864,.T.);
#848 = FACE_BOUND('',#849,.T.);
#849 = EDGE_LOOP('',(#850,#851,#858,#863));
#850 = ORIENTED_EDGE('',*,*,#837,.T.);
#851 = ORIENTED_EDGE('',*,*,#852,.F.);
#852 = EDGE_CURVE('',#853,#831,#855,.T.);
#853 = VERTEX_POINT('',#854);
#854 = CARTESIAN_POINT('',(0.7112,1.651,8.6868));
#855 = B_SPLINE_CURVE_WITH_KNOTS('',1,(#856,#857),.UNSPECIFIED.,.F.,.F.,
  (2,2),(0.,1.4224),.PIECEWISE_BEZIER_KNOTS.);
#856 = CARTESIAN_POINT('',(0.7112,1.651,8.6868));
#857 = CARTESIAN_POINT('',(-0.7112,1.651,8.6868));
#858 = ORIENTED_EDGE('',*,*,#859,.F.);
#859 = EDGE_CURVE('',#185,#853,#860,.T.);
#860 = B_SPLINE_CURVE_WITH_KNOTS('',1,(#861,#862),.UNSPECIFIED.,.F.,.F.,
  (2,2),(0.,6.35),.PIECEWISE_BEZIER_KNOTS.);
#861 = CARTESIAN_POINT('',(0.7112,-4.699,8.6868));
#862 = CARTESIAN_POINT('',(0.7112,1.651,8.6868));
#863 = ORIENTED_EDGE('',*,*,#182,.F.);
#864 = PLANE('',#865);
#865 = AXIS2_PLACEMENT_3D('',#866,#867,#868);
#866 = CARTESIAN_POINT('',(0.883637173822,2.316197173822,8.6868));
#867 = DIRECTION('',(0.,0.,-1.));
#868 = DIRECTION('',(-1.,0.,-0.));
#869 = ADVANCED_FACE('',(#870),#886,.T.);
#870 = FACE_BOUND('',#871,.T.);
#871 = EDGE_LOOP('',(#872,#873,#880,#885));
#872 = ORIENTED_EDGE('',*,*,#859,.T.);
#873 = ORIENTED_EDGE('',*,*,#874,.F.);
#874 = EDGE_CURVE('',#875,#853,#877,.T.);
#875 = VERTEX_POINT('',#876);
#876 = CARTESIAN_POINT('',(0.7112,1.651,6.5024));
#877 = B_SPLINE_CURVE_WITH_KNOTS('',1,(#878,#879),.UNSPECIFIED.,.F.,.F.,
  (2,2),(0.,2.1844),.PIECEWISE_BEZIER_KNOTS.);
#878 = CARTESIAN_POINT('',(0.7112,1.651,6.5024));
#879 = CARTESIAN_POINT('',(0.7112,1.651,8.6868));
#880 = ORIENTED_EDGE('',*,*,#881,.F.);
#881 = EDGE_CURVE('',#192,#875,#882,.T.);
#882 = B_SPLINE_CURVE_WITH_KNOTS('',1,(#883,#884),.UNSPECIFIED.,.F.,.F.,
  (2,2),(0.,6.35),.PIECEWISE_BEZIER_KNOTS.);
#883 = CARTESIAN_POINT('',(0.7112,-4.699,6.5024));
#884 = CARTESIAN_POINT('',(0.7112,1.651,6.5024));
#885 = ORIENTED_EDGE('',*,*,#191,.F.);
#886 = PLANE('',#887);
#887 = AXIS2_PLACEMENT_3D('',#888,#889,#890);
#888 = CARTESIAN_POINT('',(0.7112,2.316197173822,6.253762826178));
#889 = DIRECTION('',(-1.,0.,0.));
#890 = DIRECTION('',(0.,0.,-1.));
#891 = ADVANCED_FACE('',(#892),#902,.T.);
#892 = FACE_BOUND('',#893,.T.);
#893 = EDGE_LOOP('',(#894,#895,#900,#901));
#894 = ORIENTED_EDGE('',*,*,#881,.T.);
#895 = ORIENTED_EDGE('',*,*,#896,.F.);
#896 = EDGE_CURVE('',#824,#875,#897,.T.);
#897 = B_SPLINE_CURVE_WITH_KNOTS('',1,(#898,#899),.UNSPECIFIED.,.F.,.F.,
  (2,2),(0.,1.4224),.PIECEWISE_BEZIER_KNOTS.);
#898 = CARTESIAN_POINT('',(-0.7112,1.651,6.5024));
#899 = CARTESIAN_POINT('',(0.7112,1.651,6.5024));
#900 = ORIENTED_EDGE('',*,*,#823,.T.);
#901 = ORIENTED_EDGE('',*,*,#198,.F.);
#902 = PLANE('',#903);
#903 = AXIS2_PLACEMENT_3D('',#904,#905,#906);
#904 = CARTESIAN_POINT('',(-0.883637173822,2.316197173822,6.5024));
#905 = DIRECTION('',(0.,0.,1.));
#906 = DIRECTION('',(1.,0.,-0.));
#907 = ADVANCED_FACE('',(#908),#914,.T.);
#908 = FACE_BOUND('',#909,.T.);
#909 = EDGE_LOOP('',(#910,#911,#912,#913));
#910 = ORIENTED_EDGE('',*,*,#830,.T.);
#911 = ORIENTED_EDGE('',*,*,#896,.T.);
#912 = ORIENTED_EDGE('',*,*,#874,.T.);
#913 = ORIENTED_EDGE('',*,*,#852,.T.);
#914 = PLANE('',#915);
#915 = AXIS2_PLACEMENT_3D('',#916,#917,#918);
#916 = CARTESIAN_POINT('',(-0.883637173822,1.651,6.253762826178));
#917 = DIRECTION('',(0.,-1.,0.));
#918 = DIRECTION('',(0.,-0.,-1.));
#919 = ADVANCED_FACE('',(#920),#945,.F.);
#920 = FACE_BOUND('',#921,.F.);
#921 = EDGE_LOOP('',(#922,#923,#930,#940));
#922 = ORIENTED_EDGE('',*,*,#224,.T.);
#923 = ORIENTED_EDGE('',*,*,#924,.T.);
#924 = EDGE_CURVE('',#213,#925,#927,.T.);
#925 = VERTEX_POINT('',#926);
#926 = CARTESIAN_POINT('',(1.0033,-4.4958,3.3147));
#927 = B_SPLINE_CURVE_WITH_KNOTS('',1,(#928,#929),.UNSPECIFIED.,.F.,.F.,
  (2,2),(0.,0.2032),.PIECEWISE_BEZIER_KNOTS.);
#928 = CARTESIAN_POINT('',(1.0033,-4.699,3.3147));
#929 = CARTESIAN_POINT('',(1.0033,-4.4958,3.3147));
#930 = ORIENTED_EDGE('',*,*,#931,.T.);
#931 = EDGE_CURVE('',#925,#932,#934,.T.);
#932 = VERTEX_POINT('',#933);
#933 = CARTESIAN_POINT('',(1.0033,-4.4958,4.9149));
#934 = ( BOUNDED_CURVE() B_SPLINE_CURVE(2,(#935,#936,#937,#938,#939),
.UNSPECIFIED.,.F.,.F.) B_SPLINE_CURVE_WITH_KNOTS((3,2,3),(0.,
1.256794141069,2.513588282137),.UNSPECIFIED.) CURVE() 
GEOMETRIC_REPRESENTATION_ITEM() RATIONAL_B_SPLINE_CURVE((1.,
0.707106781187,1.,0.707106781187,1.)) REPRESENTATION_ITEM('') );
#935 = CARTESIAN_POINT('',(1.0033,-4.4958,3.3147));
#936 = CARTESIAN_POINT('',(1.8034,-4.4958,3.3147));
#937 = CARTESIAN_POINT('',(1.8034,-4.4958,4.1148));
#938 = CARTESIAN_POINT('',(1.8034,-4.4958,4.9149));
#939 = CARTESIAN_POINT('',(1.0033,-4.4958,4.9149));
#940 = ORIENTED_EDGE('',*,*,#941,.T.);
#941 = EDGE_CURVE('',#932,#215,#942,.T.);
#942 = B_SPLINE_CURVE_WITH_KNOTS('',1,(#943,#944),.UNSPECIFIED.,.F.,.F.,
  (2,2),(0.,0.2032),.PIECEWISE_BEZIER_KNOTS.);
#943 = CARTESIAN_POINT('',(1.0033,-4.4958,4.9149));
#944 = CARTESIAN_POINT('',(1.0033,-4.699,4.9149));
#945 = CYLINDRICAL_SURFACE('',#946,0.8001);
#946 = AXIS2_PLACEMENT_3D('',#947,#948,#949);
#947 = CARTESIAN_POINT('',(1.0033,-4.5974,4.1148));
#948 = DIRECTION('',(0.,1.,0.));
#949 = DIRECTION('',(0.,-0.,1.));
#950 = ADVANCED_FACE('',(#951),#964,.F.);
#951 = FACE_BOUND('',#952,.F.);
#952 = EDGE_LOOP('',(#953,#954,#955,#963));
#953 = ORIENTED_EDGE('',*,*,#212,.T.);
#954 = ORIENTED_EDGE('',*,*,#941,.F.);
#955 = ORIENTED_EDGE('',*,*,#956,.T.);
#956 = EDGE_CURVE('',#932,#925,#957,.T.);
#957 = ( BOUNDED_CURVE() B_SPLINE_CURVE(2,(#958,#959,#960,#961,#962),
.UNSPECIFIED.,.F.,.F.) B_SPLINE_CURVE_WITH_KNOTS((3,2,3),(0.,
1.256794141069,2.513588282137),.UNSPECIFIED.) CURVE() 
GEOMETRIC_REPRESENTATION_ITEM() RATIONAL_B_SPLINE_CURVE((1.,
0.707106781187,1.,0.707106781187,1.)) REPRESENTATION_ITEM('') );
#958 = CARTESIAN_POINT('',(1.0033,-4.4958,4.9149));
#959 = CARTESIAN_POINT('',(0.2032,-4.4958,4.9149));
#960 = CARTESIAN_POINT('',(0.2032,-4.4958,4.1148));
#961 = CARTESIAN_POINT('',(0.2032,-4.4958,3.3147));
#962 = CARTESIAN_POINT('',(1.0033,-4.4958,3.3147));
#963 = ORIENTED_EDGE('',*,*,#924,.F.);
#964 = CYLINDRICAL_SURFACE('',#965,0.8001);
#965 = AXIS2_PLACEMENT_3D('',#966,#967,#968);
#966 = CARTESIAN_POINT('',(1.0033,-4.5974,4.1148));
#967 = DIRECTION('',(0.,1.,0.));
#968 = DIRECTION('',(0.,-0.,1.));
#969 = ADVANCED_FACE('',(#970),#995,.F.);
#970 = FACE_BOUND('',#971,.F.);
#971 = EDGE_LOOP('',(#972,#973,#980,#990));
#972 = ORIENTED_EDGE('',*,*,#246,.T.);
#973 = ORIENTED_EDGE('',*,*,#974,.T.);
#974 = EDGE_CURVE('',#235,#975,#977,.T.);
#975 = VERTEX_POINT('',#976);
#976 = CARTESIAN_POINT('',(2.5019,-4.4958,5.2959));
#977 = B_SPLINE_CURVE_WITH_KNOTS('',1,(#978,#979),.UNSPECIFIED.,.F.,.F.,
  (2,2),(0.,0.2032),.PIECEWISE_BEZIER_KNOTS.);
#978 = CARTESIAN_POINT('',(2.5019,-4.699,5.2959));
#979 = CARTESIAN_POINT('',(2.5019,-4.4958,5.2959));
#980 = ORIENTED_EDGE('',*,*,#981,.T.);
#981 = EDGE_CURVE('',#975,#982,#984,.T.);
#982 = VERTEX_POINT('',#983);
#983 = CARTESIAN_POINT('',(2.5019,-4.4958,6.8961));
#984 = ( BOUNDED_CURVE() B_SPLINE_CURVE(2,(#985,#986,#987,#988,#989),
.UNSPECIFIED.,.F.,.F.) B_SPLINE_CURVE_WITH_KNOTS((3,2,3),(0.,
1.256794141069,2.513588282137),.UNSPECIFIED.) CURVE() 
GEOMETRIC_REPRESENTATION_ITEM() RATIONAL_B_SPLINE_CURVE((1.,
0.707106781187,1.,0.707106781187,1.)) REPRESENTATION_ITEM('') );
#985 = CARTESIAN_POINT('',(2.5019,-4.4958,5.2959));
#986 = CARTESIAN_POINT('',(3.302,-4.4958,5.2959));
#987 = CARTESIAN_POINT('',(3.302,-4.4958,6.096));
#988 = CARTESIAN_POINT('',(3.302,-4.4958,6.8961));
#989 = CARTESIAN_POINT('',(2.5019,-4.4958,6.8961));
#990 = ORIENTED_EDGE('',*,*,#991,.T.);
#991 = EDGE_CURVE('',#982,#237,#992,.T.);
#992 = B_SPLINE_CURVE_WITH_KNOTS('',1,(#993,#994),.UNSPECIFIED.,.F.,.F.,
  (2,2),(0.,0.2032),.PIECEWISE_BEZIER_KNOTS.);
#993 = CARTESIAN_POINT('',(2.5019,-4.4958,6.8961));
#994 = CARTESIAN_POINT('',(2.5019,-4.699,6.8961));
#995 = CYLINDRICAL_SURFACE('',#996,0.8001);
#996 = AXIS2_PLACEMENT_3D('',#997,#998,#999);
#997 = CARTESIAN_POINT('',(2.5019,-4.5974,6.096));
#998 = DIRECTION('',(0.,1.,0.));
#999 = DIRECTION('',(0.,-0.,1.));
#1000 = ADVANCED_FACE('',(#1001),#1014,.F.);
#1001 = FACE_BOUND('',#1002,.F.);
#1002 = EDGE_LOOP('',(#1003,#1004,#1005,#1013));
#1003 = ORIENTED_EDGE('',*,*,#234,.T.);
#1004 = ORIENTED_EDGE('',*,*,#991,.F.);
#1005 = ORIENTED_EDGE('',*,*,#1006,.T.);
#1006 = EDGE_CURVE('',#982,#975,#1007,.T.);
#1007 = ( BOUNDED_CURVE() B_SPLINE_CURVE(2,(#1008,#1009,#1010,#1011,
#1012),.UNSPECIFIED.,.F.,.F.) B_SPLINE_CURVE_WITH_KNOTS((3,2,3),(0.,
1.256794141069,2.513588282137),.UNSPECIFIED.) CURVE() 
GEOMETRIC_REPRESENTATION_ITEM() RATIONAL_B_SPLINE_CURVE((1.,
0.707106781187,1.,0.707106781187,1.)) REPRESENTATION_ITEM('') );
#1008 = CARTESIAN_POINT('',(2.5019,-4.4958,6.8961));
#1009 = CARTESIAN_POINT('',(1.7018,-4.4958,6.8961));
#1010 = CARTESIAN_POINT('',(1.7018,-4.4958,6.096));
#1011 = CARTESIAN_POINT('',(1.7018,-4.4958,5.2959));
#1012 = CARTESIAN_POINT('',(2.5019,-4.4958,5.2959));
#1013 = ORIENTED_EDGE('',*,*,#974,.F.);
#1014 = CYLINDRICAL_SURFACE('',#1015,0.8001);
#1015 = AXIS2_PLACEMENT_3D('',#1016,#1017,#1018);
#1016 = CARTESIAN_POINT('',(2.5019,-4.5974,6.096));
#1017 = DIRECTION('',(0.,1.,0.));
#1018 = DIRECTION('',(0.,-0.,1.));
#1019 = ADVANCED_FACE('',(#1020),#1045,.F.);
#1020 = FACE_BOUND('',#1021,.F.);
#1021 = EDGE_LOOP('',(#1022,#1023,#1030,#1040));
#1022 = ORIENTED_EDGE('',*,*,#268,.T.);
#1023 = ORIENTED_EDGE('',*,*,#1024,.T.);
#1024 = EDGE_CURVE('',#257,#1025,#1027,.T.);
#1025 = VERTEX_POINT('',#1026);
#1026 = CARTESIAN_POINT('',(1.9939,-4.4958,7.3025));
#1027 = B_SPLINE_CURVE_WITH_KNOTS('',1,(#1028,#1029),.UNSPECIFIED.,.F.,
  .F.,(2,2),(0.,0.2032),.PIECEWISE_BEZIER_KNOTS.);
#1028 = CARTESIAN_POINT('',(1.9939,-4.699,7.3025));
#1029 = CARTESIAN_POINT('',(1.9939,-4.4958,7.3025));
#1030 = ORIENTED_EDGE('',*,*,#1031,.T.);
#1031 = EDGE_CURVE('',#1025,#1032,#1034,.T.);
#1032 = VERTEX_POINT('',#1033);
#1033 = CARTESIAN_POINT('',(1.9939,-4.4958,8.9027));
#1034 = ( BOUNDED_CURVE() B_SPLINE_CURVE(2,(#1035,#1036,#1037,#1038,
#1039),.UNSPECIFIED.,.F.,.F.) B_SPLINE_CURVE_WITH_KNOTS((3,2,3),(0.,
1.256794141069,2.513588282137),.UNSPECIFIED.) CURVE() 
GEOMETRIC_REPRESENTATION_ITEM() RATIONAL_B_SPLINE_CURVE((1.,
0.707106781187,1.,0.707106781187,1.)) REPRESENTATION_ITEM('') );
#1035 = CARTESIAN_POINT('',(1.9939,-4.4958,7.3025));
#1036 = CARTESIAN_POINT('',(2.794,-4.4958,7.3025));
#1037 = CARTESIAN_POINT('',(2.794,-4.4958,8.1026));
#1038 = CARTESIAN_POINT('',(2.794,-4.4958,8.9027));
#1039 = CARTESIAN_POINT('',(1.9939,-4.4958,8.9027));
#1040 = ORIENTED_EDGE('',*,*,#1041,.T.);
#1041 = EDGE_CURVE('',#1032,#259,#1042,.T.);
#1042 = B_SPLINE_CURVE_WITH_KNOTS('',1,(#1043,#1044),.UNSPECIFIED.,.F.,
  .F.,(2,2),(0.,0.2032),.PIECEWISE_BEZIER_KNOTS.);
#1043 = CARTESIAN_POINT('',(1.9939,-4.4958,8.9027));
#1044 = CARTESIAN_POINT('',(1.9939,-4.699,8.9027));
#1045 = CYLINDRICAL_SURFACE('',#1046,0.8001);
#1046 = AXIS2_PLACEMENT_3D('',#1047,#1048,#1049);
#1047 = CARTESIAN_POINT('',(1.9939,-4.5974,8.1026));
#1048 = DIRECTION('',(0.,1.,0.));
#1049 = DIRECTION('',(0.,-0.,1.));
#1050 = ADVANCED_FACE('',(#1051),#1064,.F.);
#1051 = FACE_BOUND('',#1052,.F.);
#1052 = EDGE_LOOP('',(#1053,#1054,#1055,#1063));
#1053 = ORIENTED_EDGE('',*,*,#256,.T.);
#1054 = ORIENTED_EDGE('',*,*,#1041,.F.);
#1055 = ORIENTED_EDGE('',*,*,#1056,.T.);
#1056 = EDGE_CURVE('',#1032,#1025,#1057,.T.);
#1057 = ( BOUNDED_CURVE() B_SPLINE_CURVE(2,(#1058,#1059,#1060,#1061,
#1062),.UNSPECIFIED.,.F.,.F.) B_SPLINE_CURVE_WITH_KNOTS((3,2,3),(0.,
1.256794141069,2.513588282137),.UNSPECIFIED.) CURVE() 
GEOMETRIC_REPRESENTATION_ITEM() RATIONAL_B_SPLINE_CURVE((1.,
0.707106781187,1.,0.707106781187,1.)) REPRESENTATION_ITEM('') );
#1058 = CARTESIAN_POINT('',(1.9939,-4.4958,8.9027));
#1059 = CARTESIAN_POINT('',(1.1938,-4.4958,8.9027));
#1060 = CARTESIAN_POINT('',(1.1938,-4.4958,8.1026));
#1061 = CARTESIAN_POINT('',(1.1938,-4.4958,7.3025));
#1062 = CARTESIAN_POINT('',(1.9939,-4.4958,7.3025));
#1063 = ORIENTED_EDGE('',*,*,#1024,.F.);
#1064 = CYLINDRICAL_SURFACE('',#1065,0.8001);
#1065 = AXIS2_PLACEMENT_3D('',#1066,#1067,#1068);
#1066 = CARTESIAN_POINT('',(1.9939,-4.5974,8.1026));
#1067 = DIRECTION('',(0.,1.,0.));
#1068 = DIRECTION('',(0.,-0.,1.));
#1069 = ADVANCED_FACE('',(#1070),#1095,.F.);
#1070 = FACE_BOUND('',#1071,.F.);
#1071 = EDGE_LOOP('',(#1072,#1073,#1080,#1090));
#1072 = ORIENTED_EDGE('',*,*,#290,.T.);
#1073 = ORIENTED_EDGE('',*,*,#1074,.T.);
#1074 = EDGE_CURVE('',#279,#1075,#1077,.T.);
#1075 = VERTEX_POINT('',#1076);
#1076 = CARTESIAN_POINT('',(-1.0033,-4.4958,3.3147));
#1077 = B_SPLINE_CURVE_WITH_KNOTS('',1,(#1078,#1079),.UNSPECIFIED.,.F.,
  .F.,(2,2),(0.,0.2032),.PIECEWISE_BEZIER_KNOTS.);
#1078 = CARTESIAN_POINT('',(-1.0033,-4.699,3.3147));
#1079 = CARTESIAN_POINT('',(-1.0033,-4.4958,3.3147));
#1080 = ORIENTED_EDGE('',*,*,#1081,.T.);
#1081 = EDGE_CURVE('',#1075,#1082,#1084,.T.);
#1082 = VERTEX_POINT('',#1083);
#1083 = CARTESIAN_POINT('',(-1.0033,-4.4958,4.9149));
#1084 = ( BOUNDED_CURVE() B_SPLINE_CURVE(2,(#1085,#1086,#1087,#1088,
#1089),.UNSPECIFIED.,.F.,.F.) B_SPLINE_CURVE_WITH_KNOTS((3,2,3),(0.,
1.256794141069,2.513588282137),.UNSPECIFIED.) CURVE() 
GEOMETRIC_REPRESENTATION_ITEM() RATIONAL_B_SPLINE_CURVE((1.,
0.707106781187,1.,0.707106781187,1.)) REPRESENTATION_ITEM('') );
#1085 = CARTESIAN_POINT('',(-1.0033,-4.4958,3.3147));
#1086 = CARTESIAN_POINT('',(-0.2032,-4.4958,3.3147));
#1087 = CARTESIAN_POINT('',(-0.2032,-4.4958,4.1148));
#1088 = CARTESIAN_POINT('',(-0.2032,-4.4958,4.9149));
#1089 = CARTESIAN_POINT('',(-1.0033,-4.4958,4.9149));
#1090 = ORIENTED_EDGE('',*,*,#1091,.T.);
#1091 = EDGE_CURVE('',#1082,#281,#1092,.T.);
#1092 = B_SPLINE_CURVE_WITH_KNOTS('',1,(#1093,#1094),.UNSPECIFIED.,.F.,
  .F.,(2,2),(0.,0.2032),.PIECEWISE_BEZIER_KNOTS.);
#1093 = CARTESIAN_POINT('',(-1.0033,-4.4958,4.9149));
#1094 = CARTESIAN_POINT('',(-1.0033,-4.699,4.9149));
#1095 = CYLINDRICAL_SURFACE('',#1096,0.8001);
#1096 = AXIS2_PLACEMENT_3D('',#1097,#1098,#1099);
#1097 = CARTESIAN_POINT('',(-1.0033,-4.5974,4.1148));
#1098 = DIRECTION('',(0.,1.,0.));
#1099 = DIRECTION('',(0.,-0.,1.));
#1100 = ADVANCED_FACE('',(#1101),#1114,.F.);
#1101 = FACE_BOUND('',#1102,.F.);
#1102 = EDGE_LOOP('',(#1103,#1104,#1105,#1113));
#1103 = ORIENTED_EDGE('',*,*,#278,.T.);
#1104 = ORIENTED_EDGE('',*,*,#1091,.F.);
#1105 = ORIENTED_EDGE('',*,*,#1106,.T.);
#1106 = EDGE_CURVE('',#1082,#1075,#1107,.T.);
#1107 = ( BOUNDED_CURVE() B_SPLINE_CURVE(2,(#1108,#1109,#1110,#1111,
#1112),.UNSPECIFIED.,.F.,.F.) B_SPLINE_CURVE_WITH_KNOTS((3,2,3),(0.,
1.256794141069,2.513588282137),.UNSPECIFIED.) CURVE() 
GEOMETRIC_REPRESENTATION_ITEM() RATIONAL_B_SPLINE_CURVE((1.,
0.707106781187,1.,0.707106781187,1.)) REPRESENTATION_ITEM('') );
#1108 = CARTESIAN_POINT('',(-1.0033,-4.4958,4.9149));
#1109 = CARTESIAN_POINT('',(-1.8034,-4.4958,4.9149));
#1110 = CARTESIAN_POINT('',(-1.8034,-4.4958,4.1148));
#1111 = CARTESIAN_POINT('',(-1.8034,-4.4958,3.3147));
#1112 = CARTESIAN_POINT('',(-1.0033,-4.4958,3.3147));
#1113 = ORIENTED_EDGE('',*,*,#1074,.F.);
#1114 = CYLINDRICAL_SURFACE('',#1115,0.8001);
#1115 = AXIS2_PLACEMENT_3D('',#1116,#1117,#1118);
#1116 = CARTESIAN_POINT('',(-1.0033,-4.5974,4.1148));
#1117 = DIRECTION('',(0.,1.,0.));
#1118 = DIRECTION('',(0.,-0.,1.));
#1119 = ADVANCED_FACE('',(#1120),#1145,.F.);
#1120 = FACE_BOUND('',#1121,.F.);
#1121 = EDGE_LOOP('',(#1122,#1123,#1130,#1140));
#1122 = ORIENTED_EDGE('',*,*,#312,.T.);
#1123 = ORIENTED_EDGE('',*,*,#1124,.T.);
#1124 = EDGE_CURVE('',#301,#1125,#1127,.T.);
#1125 = VERTEX_POINT('',#1126);
#1126 = CARTESIAN_POINT('',(-2.5019,-4.4958,5.2959));
#1127 = B_SPLINE_CURVE_WITH_KNOTS('',1,(#1128,#1129),.UNSPECIFIED.,.F.,
  .F.,(2,2),(0.,0.2032),.PIECEWISE_BEZIER_KNOTS.);
#1128 = CARTESIAN_POINT('',(-2.5019,-4.699,5.2959));
#1129 = CARTESIAN_POINT('',(-2.5019,-4.4958,5.2959));
#1130 = ORIENTED_EDGE('',*,*,#1131,.T.);
#1131 = EDGE_CURVE('',#1125,#1132,#1134,.T.);
#1132 = VERTEX_POINT('',#1133);
#1133 = CARTESIAN_POINT('',(-2.5019,-4.4958,6.8961));
#1134 = ( BOUNDED_CURVE() B_SPLINE_CURVE(2,(#1135,#1136,#1137,#1138,
#1139),.UNSPECIFIED.,.F.,.F.) B_SPLINE_CURVE_WITH_KNOTS((3,2,3),(0.,
1.256794141069,2.513588282137),.UNSPECIFIED.) CURVE() 
GEOMETRIC_REPRESENTATION_ITEM() RATIONAL_B_SPLINE_CURVE((1.,
0.707106781187,1.,0.707106781187,1.)) REPRESENTATION_ITEM('') );
#1135 = CARTESIAN_POINT('',(-2.5019,-4.4958,5.2959));
#1136 = CARTESIAN_POINT('',(-1.7018,-4.4958,5.2959));
#1137 = CARTESIAN_POINT('',(-1.7018,-4.4958,6.096));
#1138 = CARTESIAN_POINT('',(-1.7018,-4.4958,6.8961));
#1139 = CARTESIAN_POINT('',(-2.5019,-4.4958,6.8961));
#1140 = ORIENTED_EDGE('',*,*,#1141,.T.);
#1141 = EDGE_CURVE('',#1132,#303,#1142,.T.);
#1142 = B_SPLINE_CURVE_WITH_KNOTS('',1,(#1143,#1144),.UNSPECIFIED.,.F.,
  .F.,(2,2),(0.,0.2032),.PIECEWISE_BEZIER_KNOTS.);
#1143 = CARTESIAN_POINT('',(-2.5019,-4.4958,6.8961));
#1144 = CARTESIAN_POINT('',(-2.5019,-4.699,6.8961));
#1145 = CYLINDRICAL_SURFACE('',#1146,0.8001);
#1146 = AXIS2_PLACEMENT_3D('',#1147,#1148,#1149);
#1147 = CARTESIAN_POINT('',(-2.5019,-4.5974,6.096));
#1148 = DIRECTION('',(0.,1.,0.));
#1149 = DIRECTION('',(0.,-0.,1.));
#1150 = ADVANCED_FACE('',(#1151),#1164,.F.);
#1151 = FACE_BOUND('',#1152,.F.);
#1152 = EDGE_LOOP('',(#1153,#1154,#1155,#1163));
#1153 = ORIENTED_EDGE('',*,*,#300,.T.);
#1154 = ORIENTED_EDGE('',*,*,#1141,.F.);
#1155 = ORIENTED_EDGE('',*,*,#1156,.T.);
#1156 = EDGE_CURVE('',#1132,#1125,#1157,.T.);
#1157 = ( BOUNDED_CURVE() B_SPLINE_CURVE(2,(#1158,#1159,#1160,#1161,
#1162),.UNSPECIFIED.,.F.,.F.) B_SPLINE_CURVE_WITH_KNOTS((3,2,3),(0.,
1.256794141069,2.513588282137),.UNSPECIFIED.) CURVE() 
GEOMETRIC_REPRESENTATION_ITEM() RATIONAL_B_SPLINE_CURVE((1.,
0.707106781187,1.,0.707106781187,1.)) REPRESENTATION_ITEM('') );
#1158 = CARTESIAN_POINT('',(-2.5019,-4.4958,6.8961));
#1159 = CARTESIAN_POINT('',(-3.302,-4.4958,6.8961));
#1160 = CARTESIAN_POINT('',(-3.302,-4.4958,6.096));
#1161 = CARTESIAN_POINT('',(-3.302,-4.4958,5.2959));
#1162 = CARTESIAN_POINT('',(-2.5019,-4.4958,5.2959));
#1163 = ORIENTED_EDGE('',*,*,#1124,.F.);
#1164 = CYLINDRICAL_SURFACE('',#1165,0.8001);
#1165 = AXIS2_PLACEMENT_3D('',#1166,#1167,#1168);
#1166 = CARTESIAN_POINT('',(-2.5019,-4.5974,6.096));
#1167 = DIRECTION('',(0.,1.,0.));
#1168 = DIRECTION('',(0.,-0.,1.));
#1169 = ADVANCED_FACE('',(#1170),#1195,.F.);
#1170 = FACE_BOUND('',#1171,.F.);
#1171 = EDGE_LOOP('',(#1172,#1173,#1180,#1190));
#1172 = ORIENTED_EDGE('',*,*,#334,.T.);
#1173 = ORIENTED_EDGE('',*,*,#1174,.T.);
#1174 = EDGE_CURVE('',#323,#1175,#1177,.T.);
#1175 = VERTEX_POINT('',#1176);
#1176 = CARTESIAN_POINT('',(-1.9939,-4.4958,7.3025));
#1177 = B_SPLINE_CURVE_WITH_KNOTS('',1,(#1178,#1179),.UNSPECIFIED.,.F.,
  .F.,(2,2),(0.,0.2032),.PIECEWISE_BEZIER_KNOTS.);
#1178 = CARTESIAN_POINT('',(-1.9939,-4.699,7.3025));
#1179 = CARTESIAN_POINT('',(-1.9939,-4.4958,7.3025));
#1180 = ORIENTED_EDGE('',*,*,#1181,.T.);
#1181 = EDGE_CURVE('',#1175,#1182,#1184,.T.);
#1182 = VERTEX_POINT('',#1183);
#1183 = CARTESIAN_POINT('',(-1.9939,-4.4958,8.9027));
#1184 = ( BOUNDED_CURVE() B_SPLINE_CURVE(2,(#1185,#1186,#1187,#1188,
#1189),.UNSPECIFIED.,.F.,.F.) B_SPLINE_CURVE_WITH_KNOTS((3,2,3),(0.,
1.256794141069,2.513588282137),.UNSPECIFIED.) CURVE() 
GEOMETRIC_REPRESENTATION_ITEM() RATIONAL_B_SPLINE_CURVE((1.,
0.707106781187,1.,0.707106781187,1.)) REPRESENTATION_ITEM('') );
#1185 = CARTESIAN_POINT('',(-1.9939,-4.4958,7.3025));
#1186 = CARTESIAN_POINT('',(-1.1938,-4.4958,7.3025));
#1187 = CARTESIAN_POINT('',(-1.1938,-4.4958,8.1026));
#1188 = CARTESIAN_POINT('',(-1.1938,-4.4958,8.9027));
#1189 = CARTESIAN_POINT('',(-1.9939,-4.4958,8.9027));
#1190 = ORIENTED_EDGE('',*,*,#1191,.T.);
#1191 = EDGE_CURVE('',#1182,#325,#1192,.T.);
#1192 = B_SPLINE_CURVE_WITH_KNOTS('',1,(#1193,#1194),.UNSPECIFIED.,.F.,
  .F.,(2,2),(0.,0.2032),.PIECEWISE_BEZIER_KNOTS.);
#1193 = CARTESIAN_POINT('',(-1.9939,-4.4958,8.9027));
#1194 = CARTESIAN_POINT('',(-1.9939,-4.699,8.9027));
#1195 = CYLINDRICAL_SURFACE('',#1196,0.8001);
#1196 = AXIS2_PLACEMENT_3D('',#1197,#1198,#1199);
#1197 = CARTESIAN_POINT('',(-1.9939,-4.5974,8.1026));
#1198 = DIRECTION('',(0.,1.,0.));
#1199 = DIRECTION('',(0.,-0.,1.));
#1200 = ADVANCED_FACE('',(#1201),#1214,.F.);
#1201 = FACE_BOUND('',#1202,.F.);
#1202 = EDGE_LOOP('',(#1203,#1204,#1205,#1213));
#1203 = ORIENTED_EDGE('',*,*,#322,.T.);
#1204 = ORIENTED_EDGE('',*,*,#1191,.F.);
#1205 = ORIENTED_EDGE('',*,*,#1206,.T.);
#1206 = EDGE_CURVE('',#1182,#1175,#1207,.T.);
#1207 = ( BOUNDED_CURVE() B_SPLINE_CURVE(2,(#1208,#1209,#1210,#1211,
#1212),.UNSPECIFIED.,.F.,.F.) B_SPLINE_CURVE_WITH_KNOTS((3,2,3),(0.,
1.256794141069,2.513588282137),.UNSPECIFIED.) CURVE() 
GEOMETRIC_REPRESENTATION_ITEM() RATIONAL_B_SPLINE_CURVE((1.,
0.707106781187,1.,0.707106781187,1.)) REPRESENTATION_ITEM('') );
#1208 = CARTESIAN_POINT('',(-1.9939,-4.4958,8.9027));
#1209 = CARTESIAN_POINT('',(-2.794,-4.4958,8.9027));
#1210 = CARTESIAN_POINT('',(-2.794,-4.4958,8.1026));
#1211 = CARTESIAN_POINT('',(-2.794,-4.4958,7.3025));
#1212 = CARTESIAN_POINT('',(-1.9939,-4.4958,7.3025));
#1213 = ORIENTED_EDGE('',*,*,#1174,.F.);
#1214 = CYLINDRICAL_SURFACE('',#1215,0.8001);
#1215 = AXIS2_PLACEMENT_3D('',#1216,#1217,#1218);
#1216 = CARTESIAN_POINT('',(-1.9939,-4.5974,8.1026));
#1217 = DIRECTION('',(0.,1.,0.));
#1218 = DIRECTION('',(0.,-0.,1.));
#1219 = ADVANCED_FACE('',(#1220),#1245,.T.);
#1220 = FACE_BOUND('',#1221,.T.);
#1221 = EDGE_LOOP('',(#1222,#1223,#1230,#1240));
#1222 = ORIENTED_EDGE('',*,*,#956,.T.);
#1223 = ORIENTED_EDGE('',*,*,#1224,.F.);
#1224 = EDGE_CURVE('',#1225,#925,#1227,.T.);
#1225 = VERTEX_POINT('',#1226);
#1226 = CARTESIAN_POINT('',(1.0033,-4.0513,3.7592));
#1227 = B_SPLINE_CURVE_WITH_KNOTS('',1,(#1228,#1229),.UNSPECIFIED.,.F.,
  .F.,(2,2),(0.,0.628617928475),.PIECEWISE_BEZIER_KNOTS.);
#1228 = CARTESIAN_POINT('',(1.0033,-4.0513,3.7592));
#1229 = CARTESIAN_POINT('',(1.0033,-4.4958,3.3147));
#1230 = ORIENTED_EDGE('',*,*,#1231,.F.);
#1231 = EDGE_CURVE('',#1232,#1225,#1234,.T.);
#1232 = VERTEX_POINT('',#1233);
#1233 = CARTESIAN_POINT('',(1.0033,-4.0513,4.4704));
#1234 = ( BOUNDED_CURVE() B_SPLINE_CURVE(2,(#1235,#1236,#1237,#1238,
#1239),.UNSPECIFIED.,.F.,.F.) B_SPLINE_CURVE_WITH_KNOTS((3,2,3),(0.,
0.558575173808,1.117150347617),.PIECEWISE_BEZIER_KNOTS.) CURVE() 
GEOMETRIC_REPRESENTATION_ITEM() RATIONAL_B_SPLINE_CURVE((1.,
0.707106781187,1.,0.707106781187,1.)) REPRESENTATION_ITEM('') );
#1235 = CARTESIAN_POINT('',(1.0033,-4.0513,4.4704));
#1236 = CARTESIAN_POINT('',(0.6477,-4.0513,4.4704));
#1237 = CARTESIAN_POINT('',(0.6477,-4.0513,4.1148));
#1238 = CARTESIAN_POINT('',(0.6477,-4.0513,3.7592));
#1239 = CARTESIAN_POINT('',(1.0033,-4.0513,3.7592));
#1240 = ORIENTED_EDGE('',*,*,#1241,.F.);
#1241 = EDGE_CURVE('',#932,#1232,#1242,.T.);
#1242 = B_SPLINE_CURVE_WITH_KNOTS('',1,(#1243,#1244),.UNSPECIFIED.,.F.,
  .F.,(2,2),(0.,0.628617928475),.PIECEWISE_BEZIER_KNOTS.);
#1243 = CARTESIAN_POINT('',(1.0033,-4.4958,4.9149));
#1244 = CARTESIAN_POINT('',(1.0033,-4.0513,4.4704));
#1245 = ( BOUNDED_SURFACE() B_SPLINE_SURFACE(1,2,(
    (#1246,#1247,#1248,#1249,#1250,#1251,#1252,#1253,#1254)
    ,(#1255,#1256,#1257,#1258,#1259,#1260,#1261,#1262,#1263
)),.UNSPECIFIED.,.F.,.T.,.F.) B_SPLINE_SURFACE_WITH_KNOTS((2,2),(1,2,2,2
    ,2,2,1),(0.,1.287368751145),(-1.570796326795,0.,1.570796326795,
    3.14159265359,4.712388980385,6.28318530718,7.853981633974),
.UNSPECIFIED.) GEOMETRIC_REPRESENTATION_ITEM() RATIONAL_B_SPLINE_SURFACE
((
    (1.,0.707106781187,1.,0.707106781187,1.,0.707106781187,1.
      ,0.707106781187,1.)
    ,(1.,0.707106781187,1.,0.707106781187,1.,0.707106781187,1.
,0.707106781187,1.))) REPRESENTATION_ITEM('') SURFACE() );
#1246 = CARTESIAN_POINT('',(1.0033,-3.6957,4.1148));
#1247 = CARTESIAN_POINT('',(1.0033,-3.6957,4.1148));
#1248 = CARTESIAN_POINT('',(1.0033,-3.6957,4.1148));
#1249 = CARTESIAN_POINT('',(1.0033,-3.6957,4.1148));
#1250 = CARTESIAN_POINT('',(1.0033,-3.6957,4.1148));
#1251 = CARTESIAN_POINT('',(1.0033,-3.6957,4.1148));
#1252 = CARTESIAN_POINT('',(1.0033,-3.6957,4.1148));
#1253 = CARTESIAN_POINT('',(1.0033,-3.6957,4.1148));
#1254 = CARTESIAN_POINT('',(1.0033,-3.6957,4.1148));
#1255 = CARTESIAN_POINT('',(1.913607173822,-4.606007173822,4.1148));
#1256 = CARTESIAN_POINT('',(1.913607173822,-4.606007173822,
    5.025107173822));
#1257 = CARTESIAN_POINT('',(1.0033,-4.606007173822,5.025107173822));
#1258 = CARTESIAN_POINT('',(9.299282617802E-02,-4.606007173822,
    5.025107173822));
#1259 = CARTESIAN_POINT('',(9.299282617802E-02,-4.606007173822,4.1148));
#1260 = CARTESIAN_POINT('',(9.299282617802E-02,-4.606007173822,
    3.204492826178));
#1261 = CARTESIAN_POINT('',(1.0033,-4.606007173822,3.204492826178));
#1262 = CARTESIAN_POINT('',(1.913607173822,-4.606007173822,
    3.204492826178));
#1263 = CARTESIAN_POINT('',(1.913607173822,-4.606007173822,4.1148));
#1264 = ADVANCED_FACE('',(#1265),#1278,.T.);
#1265 = FACE_BOUND('',#1266,.T.);
#1266 = EDGE_LOOP('',(#1267,#1275,#1276,#1277));
#1267 = ORIENTED_EDGE('',*,*,#1268,.F.);
#1268 = EDGE_CURVE('',#1225,#1232,#1269,.T.);
#1269 = ( BOUNDED_CURVE() B_SPLINE_CURVE(2,(#1270,#1271,#1272,#1273,
#1274),.UNSPECIFIED.,.F.,.F.) B_SPLINE_CURVE_WITH_KNOTS((3,2,3),(0.,
0.558575173808,1.117150347617),.PIECEWISE_BEZIER_KNOTS.) CURVE() 
GEOMETRIC_REPRESENTATION_ITEM() RATIONAL_B_SPLINE_CURVE((1.,
0.707106781187,1.,0.707106781187,1.)) REPRESENTATION_ITEM('') );
#1270 = CARTESIAN_POINT('',(1.0033,-4.0513,3.7592));
#1271 = CARTESIAN_POINT('',(1.3589,-4.0513,3.7592));
#1272 = CARTESIAN_POINT('',(1.3589,-4.0513,4.1148));
#1273 = CARTESIAN_POINT('',(1.3589,-4.0513,4.4704));
#1274 = CARTESIAN_POINT('',(1.0033,-4.0513,4.4704));
#1275 = ORIENTED_EDGE('',*,*,#1224,.T.);
#1276 = ORIENTED_EDGE('',*,*,#931,.T.);
#1277 = ORIENTED_EDGE('',*,*,#1241,.T.);
#1278 = ( BOUNDED_SURFACE() B_SPLINE_SURFACE(1,2,(
    (#1279,#1280,#1281,#1282,#1283,#1284,#1285,#1286,#1287)
    ,(#1288,#1289,#1290,#1291,#1292,#1293,#1294,#1295,#1296
)),.UNSPECIFIED.,.F.,.T.,.F.) B_SPLINE_SURFACE_WITH_KNOTS((2,2),(1,2,2,2
    ,2,2,1),(0.,1.287368751145),(-1.570796326795,0.,1.570796326795,
    3.14159265359,4.712388980385,6.28318530718,7.853981633974),
.UNSPECIFIED.) GEOMETRIC_REPRESENTATION_ITEM() RATIONAL_B_SPLINE_SURFACE
((
    (1.,0.707106781187,1.,0.707106781187,1.,0.707106781187,1.
      ,0.707106781187,1.)
    ,(1.,0.707106781187,1.,0.707106781187,1.,0.707106781187,1.
,0.707106781187,1.))) REPRESENTATION_ITEM('') SURFACE() );
#1279 = CARTESIAN_POINT('',(1.0033,-3.6957,4.1148));
#1280 = CARTESIAN_POINT('',(1.0033,-3.6957,4.1148));
#1281 = CARTESIAN_POINT('',(1.0033,-3.6957,4.1148));
#1282 = CARTESIAN_POINT('',(1.0033,-3.6957,4.1148));
#1283 = CARTESIAN_POINT('',(1.0033,-3.6957,4.1148));
#1284 = CARTESIAN_POINT('',(1.0033,-3.6957,4.1148));
#1285 = CARTESIAN_POINT('',(1.0033,-3.6957,4.1148));
#1286 = CARTESIAN_POINT('',(1.0033,-3.6957,4.1148));
#1287 = CARTESIAN_POINT('',(1.0033,-3.6957,4.1148));
#1288 = CARTESIAN_POINT('',(9.299282617802E-02,-4.606007173822,4.1148));
#1289 = CARTESIAN_POINT('',(9.299282617802E-02,-4.606007173822,
    3.204492826178));
#1290 = CARTESIAN_POINT('',(1.0033,-4.606007173822,3.204492826178));
#1291 = CARTESIAN_POINT('',(1.913607173822,-4.606007173822,
    3.204492826178));
#1292 = CARTESIAN_POINT('',(1.913607173822,-4.606007173822,4.1148));
#1293 = CARTESIAN_POINT('',(1.913607173822,-4.606007173822,
    5.025107173822));
#1294 = CARTESIAN_POINT('',(1.0033,-4.606007173822,5.025107173822));
#1295 = CARTESIAN_POINT('',(9.299282617802E-02,-4.606007173822,
    5.025107173822));
#1296 = CARTESIAN_POINT('',(9.299282617802E-02,-4.606007173822,4.1148));
#1297 = ADVANCED_FACE('',(#1298),#1323,.F.);
#1298 = FACE_BOUND('',#1299,.F.);
#1299 = EDGE_LOOP('',(#1300,#1307,#1308,#1315));
#1300 = ORIENTED_EDGE('',*,*,#1301,.T.);
#1301 = EDGE_CURVE('',#1302,#1232,#1304,.T.);
#1302 = VERTEX_POINT('',#1303);
#1303 = CARTESIAN_POINT('',(1.0033,-3.699002,4.4704));
#1304 = B_SPLINE_CURVE_WITH_KNOTS('',1,(#1305,#1306),.UNSPECIFIED.,.F.,
  .F.,(2,2),(0.,0.352298),.PIECEWISE_BEZIER_KNOTS.);
#1305 = CARTESIAN_POINT('',(1.0033,-3.699002,4.4704));
#1306 = CARTESIAN_POINT('',(1.0033,-4.0513,4.4704));
#1307 = ORIENTED_EDGE('',*,*,#1268,.F.);
#1308 = ORIENTED_EDGE('',*,*,#1309,.T.);
#1309 = EDGE_CURVE('',#1225,#1310,#1312,.T.);
#1310 = VERTEX_POINT('',#1311);
#1311 = CARTESIAN_POINT('',(1.0033,-3.699002,3.7592));
#1312 = B_SPLINE_CURVE_WITH_KNOTS('',1,(#1313,#1314),.UNSPECIFIED.,.F.,
  .F.,(2,2),(0.,0.352298),.PIECEWISE_BEZIER_KNOTS.);
#1313 = CARTESIAN_POINT('',(1.0033,-4.0513,3.7592));
#1314 = CARTESIAN_POINT('',(1.0033,-3.699002,3.7592));
#1315 = ORIENTED_EDGE('',*,*,#1316,.T.);
#1316 = EDGE_CURVE('',#1310,#1302,#1317,.T.);
#1317 = ( BOUNDED_CURVE() B_SPLINE_CURVE(2,(#1318,#1319,#1320,#1321,
#1322),.UNSPECIFIED.,.F.,.F.) B_SPLINE_CURVE_WITH_KNOTS((3,2,3),(0.,
0.558575173808,1.117150347617),.PIECEWISE_BEZIER_KNOTS.) CURVE() 
GEOMETRIC_REPRESENTATION_ITEM() RATIONAL_B_SPLINE_CURVE((1.,
0.707106781187,1.,0.707106781187,1.)) REPRESENTATION_ITEM('') );
#1318 = CARTESIAN_POINT('',(1.0033,-3.699002,3.7592));
#1319 = CARTESIAN_POINT('',(1.3589,-3.699002,3.7592));
#1320 = CARTESIAN_POINT('',(1.3589,-3.699002,4.1148));
#1321 = CARTESIAN_POINT('',(1.3589,-3.699002,4.4704));
#1322 = CARTESIAN_POINT('',(1.0033,-3.699002,4.4704));
#1323 = CYLINDRICAL_SURFACE('',#1324,0.3556);
#1324 = AXIS2_PLACEMENT_3D('',#1325,#1326,#1327);
#1325 = CARTESIAN_POINT('',(1.0033,-3.875151,4.1148));
#1326 = DIRECTION('',(0.,1.,0.));
#1327 = DIRECTION('',(0.,-0.,1.));
#1328 = ADVANCED_FACE('',(#1329),#1342,.F.);
#1329 = FACE_BOUND('',#1330,.F.);
#1330 = EDGE_LOOP('',(#1331,#1332,#1340,#1341));
#1331 = ORIENTED_EDGE('',*,*,#1301,.F.);
#1332 = ORIENTED_EDGE('',*,*,#1333,.T.);
#1333 = EDGE_CURVE('',#1302,#1310,#1334,.T.);
#1334 = ( BOUNDED_CURVE() B_SPLINE_CURVE(2,(#1335,#1336,#1337,#1338,
#1339),.UNSPECIFIED.,.F.,.F.) B_SPLINE_CURVE_WITH_KNOTS((3,2,3),(0.,
0.558575173808,1.117150347617),.PIECEWISE_BEZIER_KNOTS.) CURVE() 
GEOMETRIC_REPRESENTATION_ITEM() RATIONAL_B_SPLINE_CURVE((1.,
0.707106781187,1.,0.707106781187,1.)) REPRESENTATION_ITEM('') );
#1335 = CARTESIAN_POINT('',(1.0033,-3.699002,4.4704));
#1336 = CARTESIAN_POINT('',(0.6477,-3.699002,4.4704));
#1337 = CARTESIAN_POINT('',(0.6477,-3.699002,4.1148));
#1338 = CARTESIAN_POINT('',(0.6477,-3.699002,3.7592));
#1339 = CARTESIAN_POINT('',(1.0033,-3.699002,3.7592));
#1340 = ORIENTED_EDGE('',*,*,#1309,.F.);
#1341 = ORIENTED_EDGE('',*,*,#1231,.F.);
#1342 = CYLINDRICAL_SURFACE('',#1343,0.3556);
#1343 = AXIS2_PLACEMENT_3D('',#1344,#1345,#1346);
#1344 = CARTESIAN_POINT('',(1.0033,-3.875151,4.1148));
#1345 = DIRECTION('',(0.,1.,0.));
#1346 = DIRECTION('',(0.,-0.,1.));
#1347 = ADVANCED_FACE('',(#1348),#1373,.T.);
#1348 = FACE_BOUND('',#1349,.T.);
#1349 = EDGE_LOOP('',(#1350,#1351,#1358,#1368));
#1350 = ORIENTED_EDGE('',*,*,#1006,.T.);
#1351 = ORIENTED_EDGE('',*,*,#1352,.F.);
#1352 = EDGE_CURVE('',#1353,#975,#1355,.T.);
#1353 = VERTEX_POINT('',#1354);
#1354 = CARTESIAN_POINT('',(2.5019,-4.0513,5.7404));
#1355 = B_SPLINE_CURVE_WITH_KNOTS('',1,(#1356,#1357),.UNSPECIFIED.,.F.,
  .F.,(2,2),(0.,0.628617928475),.PIECEWISE_BEZIER_KNOTS.);
#1356 = CARTESIAN_POINT('',(2.5019,-4.0513,5.7404));
#1357 = CARTESIAN_POINT('',(2.5019,-4.4958,5.2959));
#1358 = ORIENTED_EDGE('',*,*,#1359,.F.);
#1359 = EDGE_CURVE('',#1360,#1353,#1362,.T.);
#1360 = VERTEX_POINT('',#1361);
#1361 = CARTESIAN_POINT('',(2.5019,-4.0513,6.4516));
#1362 = ( BOUNDED_CURVE() B_SPLINE_CURVE(2,(#1363,#1364,#1365,#1366,
#1367),.UNSPECIFIED.,.F.,.F.) B_SPLINE_CURVE_WITH_KNOTS((3,2,3),(0.,
0.558575173808,1.117150347617),.PIECEWISE_BEZIER_KNOTS.) CURVE() 
GEOMETRIC_REPRESENTATION_ITEM() RATIONAL_B_SPLINE_CURVE((1.,
0.707106781187,1.,0.707106781187,1.)) REPRESENTATION_ITEM('') );
#1363 = CARTESIAN_POINT('',(2.5019,-4.0513,6.4516));
#1364 = CARTESIAN_POINT('',(2.1463,-4.0513,6.4516));
#1365 = CARTESIAN_POINT('',(2.1463,-4.0513,6.096));
#1366 = CARTESIAN_POINT('',(2.1463,-4.0513,5.7404));
#1367 = CARTESIAN_POINT('',(2.5019,-4.0513,5.7404));
#1368 = ORIENTED_EDGE('',*,*,#1369,.F.);
#1369 = EDGE_CURVE('',#982,#1360,#1370,.T.);
#1370 = B_SPLINE_CURVE_WITH_KNOTS('',1,(#1371,#1372),.UNSPECIFIED.,.F.,
  .F.,(2,2),(0.,0.628617928475),.PIECEWISE_BEZIER_KNOTS.);
#1371 = CARTESIAN_POINT('',(2.5019,-4.4958,6.8961));
#1372 = CARTESIAN_POINT('',(2.5019,-4.0513,6.4516));
#1373 = ( BOUNDED_SURFACE() B_SPLINE_SURFACE(1,2,(
    (#1374,#1375,#1376,#1377,#1378,#1379,#1380,#1381,#1382)
    ,(#1383,#1384,#1385,#1386,#1387,#1388,#1389,#1390,#1391
)),.UNSPECIFIED.,.F.,.T.,.F.) B_SPLINE_SURFACE_WITH_KNOTS((2,2),(1,2,2,2
    ,2,2,1),(0.,1.287368751145),(-1.570796326795,0.,1.570796326795,
    3.14159265359,4.712388980385,6.28318530718,7.853981633974),
.UNSPECIFIED.) GEOMETRIC_REPRESENTATION_ITEM() RATIONAL_B_SPLINE_SURFACE
((
    (1.,0.707106781187,1.,0.707106781187,1.,0.707106781187,1.
      ,0.707106781187,1.)
    ,(1.,0.707106781187,1.,0.707106781187,1.,0.707106781187,1.
,0.707106781187,1.))) REPRESENTATION_ITEM('') SURFACE() );
#1374 = CARTESIAN_POINT('',(2.5019,-3.6957,6.096));
#1375 = CARTESIAN_POINT('',(2.5019,-3.6957,6.096));
#1376 = CARTESIAN_POINT('',(2.5019,-3.6957,6.096));
#1377 = CARTESIAN_POINT('',(2.5019,-3.6957,6.096));
#1378 = CARTESIAN_POINT('',(2.5019,-3.6957,6.096));
#1379 = CARTESIAN_POINT('',(2.5019,-3.6957,6.096));
#1380 = CARTESIAN_POINT('',(2.5019,-3.6957,6.096));
#1381 = CARTESIAN_POINT('',(2.5019,-3.6957,6.096));
#1382 = CARTESIAN_POINT('',(2.5019,-3.6957,6.096));
#1383 = CARTESIAN_POINT('',(3.412207173822,-4.606007173822,6.096));
#1384 = CARTESIAN_POINT('',(3.412207173822,-4.606007173822,
    7.006307173822));
#1385 = CARTESIAN_POINT('',(2.5019,-4.606007173822,7.006307173822));
#1386 = CARTESIAN_POINT('',(1.591592826178,-4.606007173822,
    7.006307173822));
#1387 = CARTESIAN_POINT('',(1.591592826178,-4.606007173822,6.096));
#1388 = CARTESIAN_POINT('',(1.591592826178,-4.606007173822,
    5.185692826178));
#1389 = CARTESIAN_POINT('',(2.5019,-4.606007173822,5.185692826178));
#1390 = CARTESIAN_POINT('',(3.412207173822,-4.606007173822,
    5.185692826178));
#1391 = CARTESIAN_POINT('',(3.412207173822,-4.606007173822,6.096));
#1392 = ADVANCED_FACE('',(#1393),#1406,.T.);
#1393 = FACE_BOUND('',#1394,.T.);
#1394 = EDGE_LOOP('',(#1395,#1403,#1404,#1405));
#1395 = ORIENTED_EDGE('',*,*,#1396,.F.);
#1396 = EDGE_CURVE('',#1353,#1360,#1397,.T.);
#1397 = ( BOUNDED_CURVE() B_SPLINE_CURVE(2,(#1398,#1399,#1400,#1401,
#1402),.UNSPECIFIED.,.F.,.F.) B_SPLINE_CURVE_WITH_KNOTS((3,2,3),(0.,
0.558575173808,1.117150347617),.PIECEWISE_BEZIER_KNOTS.) CURVE() 
GEOMETRIC_REPRESENTATION_ITEM() RATIONAL_B_SPLINE_CURVE((1.,
0.707106781187,1.,0.707106781187,1.)) REPRESENTATION_ITEM('') );
#1398 = CARTESIAN_POINT('',(2.5019,-4.0513,5.7404));
#1399 = CARTESIAN_POINT('',(2.8575,-4.0513,5.7404));
#1400 = CARTESIAN_POINT('',(2.8575,-4.0513,6.096));
#1401 = CARTESIAN_POINT('',(2.8575,-4.0513,6.4516));
#1402 = CARTESIAN_POINT('',(2.5019,-4.0513,6.4516));
#1403 = ORIENTED_EDGE('',*,*,#1352,.T.);
#1404 = ORIENTED_EDGE('',*,*,#981,.T.);
#1405 = ORIENTED_EDGE('',*,*,#1369,.T.);
#1406 = ( BOUNDED_SURFACE() B_SPLINE_SURFACE(1,2,(
    (#1407,#1408,#1409,#1410,#1411,#1412,#1413,#1414,#1415)
    ,(#1416,#1417,#1418,#1419,#1420,#1421,#1422,#1423,#1424
)),.UNSPECIFIED.,.F.,.T.,.F.) B_SPLINE_SURFACE_WITH_KNOTS((2,2),(1,2,2,2
    ,2,2,1),(0.,1.287368751145),(-1.570796326795,0.,1.570796326795,
    3.14159265359,4.712388980385,6.28318530718,7.853981633974),
.UNSPECIFIED.) GEOMETRIC_REPRESENTATION_ITEM() RATIONAL_B_SPLINE_SURFACE
((
    (1.,0.707106781187,1.,0.707106781187,1.,0.707106781187,1.
      ,0.707106781187,1.)
    ,(1.,0.707106781187,1.,0.707106781187,1.,0.707106781187,1.
,0.707106781187,1.))) REPRESENTATION_ITEM('') SURFACE() );
#1407 = CARTESIAN_POINT('',(2.5019,-3.6957,6.096));
#1408 = CARTESIAN_POINT('',(2.5019,-3.6957,6.096));
#1409 = CARTESIAN_POINT('',(2.5019,-3.6957,6.096));
#1410 = CARTESIAN_POINT('',(2.5019,-3.6957,6.096));
#1411 = CARTESIAN_POINT('',(2.5019,-3.6957,6.096));
#1412 = CARTESIAN_POINT('',(2.5019,-3.6957,6.096));
#1413 = CARTESIAN_POINT('',(2.5019,-3.6957,6.096));
#1414 = CARTESIAN_POINT('',(2.5019,-3.6957,6.096));
#1415 = CARTESIAN_POINT('',(2.5019,-3.6957,6.096));
#1416 = CARTESIAN_POINT('',(1.591592826178,-4.606007173822,6.096));
#1417 = CARTESIAN_POINT('',(1.591592826178,-4.606007173822,
    5.185692826178));
#1418 = CARTESIAN_POINT('',(2.5019,-4.606007173822,5.185692826178));
#1419 = CARTESIAN_POINT('',(3.412207173822,-4.606007173822,
    5.185692826178));
#1420 = CARTESIAN_POINT('',(3.412207173822,-4.606007173822,6.096));
#1421 = CARTESIAN_POINT('',(3.412207173822,-4.606007173822,
    7.006307173822));
#1422 = CARTESIAN_POINT('',(2.5019,-4.606007173822,7.006307173822));
#1423 = CARTESIAN_POINT('',(1.591592826178,-4.606007173822,
    7.006307173822));
#1424 = CARTESIAN_POINT('',(1.591592826178,-4.606007173822,6.096));
#1425 = ADVANCED_FACE('',(#1426),#1451,.F.);
#1426 = FACE_BOUND('',#1427,.F.);
#1427 = EDGE_LOOP('',(#1428,#1435,#1436,#1443));
#1428 = ORIENTED_EDGE('',*,*,#1429,.T.);
#1429 = EDGE_CURVE('',#1430,#1360,#1432,.T.);
#1430 = VERTEX_POINT('',#1431);
#1431 = CARTESIAN_POINT('',(2.5019,-3.699002,6.4516));
#1432 = B_SPLINE_CURVE_WITH_KNOTS('',1,(#1433,#1434),.UNSPECIFIED.,.F.,
  .F.,(2,2),(0.,0.352298),.PIECEWISE_BEZIER_KNOTS.);
#1433 = CARTESIAN_POINT('',(2.5019,-3.699002,6.4516));
#1434 = CARTESIAN_POINT('',(2.5019,-4.0513,6.4516));
#1435 = ORIENTED_EDGE('',*,*,#1396,.F.);
#1436 = ORIENTED_EDGE('',*,*,#1437,.T.);
#1437 = EDGE_CURVE('',#1353,#1438,#1440,.T.);
#1438 = VERTEX_POINT('',#1439);
#1439 = CARTESIAN_POINT('',(2.5019,-3.699002,5.7404));
#1440 = B_SPLINE_CURVE_WITH_KNOTS('',1,(#1441,#1442),.UNSPECIFIED.,.F.,
  .F.,(2,2),(0.,0.352298),.PIECEWISE_BEZIER_KNOTS.);
#1441 = CARTESIAN_POINT('',(2.5019,-4.0513,5.7404));
#1442 = CARTESIAN_POINT('',(2.5019,-3.699002,5.7404));
#1443 = ORIENTED_EDGE('',*,*,#1444,.T.);
#1444 = EDGE_CURVE('',#1438,#1430,#1445,.T.);
#1445 = ( BOUNDED_CURVE() B_SPLINE_CURVE(2,(#1446,#1447,#1448,#1449,
#1450),.UNSPECIFIED.,.F.,.F.) B_SPLINE_CURVE_WITH_KNOTS((3,2,3),(0.,
0.558575173808,1.117150347617),.PIECEWISE_BEZIER_KNOTS.) CURVE() 
GEOMETRIC_REPRESENTATION_ITEM() RATIONAL_B_SPLINE_CURVE((1.,
0.707106781187,1.,0.707106781187,1.)) REPRESENTATION_ITEM('') );
#1446 = CARTESIAN_POINT('',(2.5019,-3.699002,5.7404));
#1447 = CARTESIAN_POINT('',(2.8575,-3.699002,5.7404));
#1448 = CARTESIAN_POINT('',(2.8575,-3.699002,6.096));
#1449 = CARTESIAN_POINT('',(2.8575,-3.699002,6.4516));
#1450 = CARTESIAN_POINT('',(2.5019,-3.699002,6.4516));
#1451 = CYLINDRICAL_SURFACE('',#1452,0.3556);
#1452 = AXIS2_PLACEMENT_3D('',#1453,#1454,#1455);
#1453 = CARTESIAN_POINT('',(2.5019,-3.875151,6.096));
#1454 = DIRECTION('',(0.,1.,0.));
#1455 = DIRECTION('',(0.,-0.,1.));
#1456 = ADVANCED_FACE('',(#1457),#1470,.F.);
#1457 = FACE_BOUND('',#1458,.F.);
#1458 = EDGE_LOOP('',(#1459,#1460,#1468,#1469));
#1459 = ORIENTED_EDGE('',*,*,#1429,.F.);
#1460 = ORIENTED_EDGE('',*,*,#1461,.T.);
#1461 = EDGE_CURVE('',#1430,#1438,#1462,.T.);
#1462 = ( BOUNDED_CURVE() B_SPLINE_CURVE(2,(#1463,#1464,#1465,#1466,
#1467),.UNSPECIFIED.,.F.,.F.) B_SPLINE_CURVE_WITH_KNOTS((3,2,3),(0.,
0.558575173808,1.117150347617),.PIECEWISE_BEZIER_KNOTS.) CURVE() 
GEOMETRIC_REPRESENTATION_ITEM() RATIONAL_B_SPLINE_CURVE((1.,
0.707106781187,1.,0.707106781187,1.)) REPRESENTATION_ITEM('') );
#1463 = CARTESIAN_POINT('',(2.5019,-3.699002,6.4516));
#1464 = CARTESIAN_POINT('',(2.1463,-3.699002,6.4516));
#1465 = CARTESIAN_POINT('',(2.1463,-3.699002,6.096));
#1466 = CARTESIAN_POINT('',(2.1463,-3.699002,5.7404));
#1467 = CARTESIAN_POINT('',(2.5019,-3.699002,5.7404));
#1468 = ORIENTED_EDGE('',*,*,#1437,.F.);
#1469 = ORIENTED_EDGE('',*,*,#1359,.F.);
#1470 = CYLINDRICAL_SURFACE('',#1471,0.3556);
#1471 = AXIS2_PLACEMENT_3D('',#1472,#1473,#1474);
#1472 = CARTESIAN_POINT('',(2.5019,-3.875151,6.096));
#1473 = DIRECTION('',(0.,1.,0.));
#1474 = DIRECTION('',(0.,-0.,1.));
#1475 = ADVANCED_FACE('',(#1476),#1501,.T.);
#1476 = FACE_BOUND('',#1477,.T.);
#1477 = EDGE_LOOP('',(#1478,#1479,#1486,#1496));
#1478 = ORIENTED_EDGE('',*,*,#1056,.T.);
#1479 = ORIENTED_EDGE('',*,*,#1480,.F.);
#1480 = EDGE_CURVE('',#1481,#1025,#1483,.T.);
#1481 = VERTEX_POINT('',#1482);
#1482 = CARTESIAN_POINT('',(1.9939,-4.0513,7.747));
#1483 = B_SPLINE_CURVE_WITH_KNOTS('',1,(#1484,#1485),.UNSPECIFIED.,.F.,
  .F.,(2,2),(0.,0.628617928475),.PIECEWISE_BEZIER_KNOTS.);
#1484 = CARTESIAN_POINT('',(1.9939,-4.0513,7.747));
#1485 = CARTESIAN_POINT('',(1.9939,-4.4958,7.3025));
#1486 = ORIENTED_EDGE('',*,*,#1487,.F.);
#1487 = EDGE_CURVE('',#1488,#1481,#1490,.T.);
#1488 = VERTEX_POINT('',#1489);
#1489 = CARTESIAN_POINT('',(1.9939,-4.0513,8.4582));
#1490 = ( BOUNDED_CURVE() B_SPLINE_CURVE(2,(#1491,#1492,#1493,#1494,
#1495),.UNSPECIFIED.,.F.,.F.) B_SPLINE_CURVE_WITH_KNOTS((3,2,3),(0.,
0.558575173808,1.117150347617),.PIECEWISE_BEZIER_KNOTS.) CURVE() 
GEOMETRIC_REPRESENTATION_ITEM() RATIONAL_B_SPLINE_CURVE((1.,
0.707106781187,1.,0.707106781187,1.)) REPRESENTATION_ITEM('') );
#1491 = CARTESIAN_POINT('',(1.9939,-4.0513,8.4582));
#1492 = CARTESIAN_POINT('',(1.6383,-4.0513,8.4582));
#1493 = CARTESIAN_POINT('',(1.6383,-4.0513,8.1026));
#1494 = CARTESIAN_POINT('',(1.6383,-4.0513,7.747));
#1495 = CARTESIAN_POINT('',(1.9939,-4.0513,7.747));
#1496 = ORIENTED_EDGE('',*,*,#1497,.F.);
#1497 = EDGE_CURVE('',#1032,#1488,#1498,.T.);
#1498 = B_SPLINE_CURVE_WITH_KNOTS('',1,(#1499,#1500),.UNSPECIFIED.,.F.,
  .F.,(2,2),(0.,0.628617928475),.PIECEWISE_BEZIER_KNOTS.);
#1499 = CARTESIAN_POINT('',(1.9939,-4.4958,8.9027));
#1500 = CARTESIAN_POINT('',(1.9939,-4.0513,8.4582));
#1501 = ( BOUNDED_SURFACE() B_SPLINE_SURFACE(1,2,(
    (#1502,#1503,#1504,#1505,#1506,#1507,#1508,#1509,#1510)
    ,(#1511,#1512,#1513,#1514,#1515,#1516,#1517,#1518,#1519
)),.UNSPECIFIED.,.F.,.T.,.F.) B_SPLINE_SURFACE_WITH_KNOTS((2,2),(1,2,2,2
    ,2,2,1),(0.,1.287368751145),(-1.570796326795,0.,1.570796326795,
    3.14159265359,4.712388980385,6.28318530718,7.853981633974),
.UNSPECIFIED.) GEOMETRIC_REPRESENTATION_ITEM() RATIONAL_B_SPLINE_SURFACE
((
    (1.,0.707106781187,1.,0.707106781187,1.,0.707106781187,1.
      ,0.707106781187,1.)
    ,(1.,0.707106781187,1.,0.707106781187,1.,0.707106781187,1.
,0.707106781187,1.))) REPRESENTATION_ITEM('') SURFACE() );
#1502 = CARTESIAN_POINT('',(1.9939,-3.6957,8.1026));
#1503 = CARTESIAN_POINT('',(1.9939,-3.6957,8.1026));
#1504 = CARTESIAN_POINT('',(1.9939,-3.6957,8.1026));
#1505 = CARTESIAN_POINT('',(1.9939,-3.6957,8.1026));
#1506 = CARTESIAN_POINT('',(1.9939,-3.6957,8.1026));
#1507 = CARTESIAN_POINT('',(1.9939,-3.6957,8.1026));
#1508 = CARTESIAN_POINT('',(1.9939,-3.6957,8.1026));
#1509 = CARTESIAN_POINT('',(1.9939,-3.6957,8.1026));
#1510 = CARTESIAN_POINT('',(1.9939,-3.6957,8.1026));
#1511 = CARTESIAN_POINT('',(2.904207173822,-4.606007173822,8.1026));
#1512 = CARTESIAN_POINT('',(2.904207173822,-4.606007173822,
    9.012907173822));
#1513 = CARTESIAN_POINT('',(1.9939,-4.606007173822,9.012907173822));
#1514 = CARTESIAN_POINT('',(1.083592826178,-4.606007173822,
    9.012907173822));
#1515 = CARTESIAN_POINT('',(1.083592826178,-4.606007173822,8.1026));
#1516 = CARTESIAN_POINT('',(1.083592826178,-4.606007173822,
    7.192292826178));
#1517 = CARTESIAN_POINT('',(1.9939,-4.606007173822,7.192292826178));
#1518 = CARTESIAN_POINT('',(2.904207173822,-4.606007173822,
    7.192292826178));
#1519 = CARTESIAN_POINT('',(2.904207173822,-4.606007173822,8.1026));
#1520 = ADVANCED_FACE('',(#1521),#1534,.T.);
#1521 = FACE_BOUND('',#1522,.T.);
#1522 = EDGE_LOOP('',(#1523,#1531,#1532,#1533));
#1523 = ORIENTED_EDGE('',*,*,#1524,.F.);
#1524 = EDGE_CURVE('',#1481,#1488,#1525,.T.);
#1525 = ( BOUNDED_CURVE() B_SPLINE_CURVE(2,(#1526,#1527,#1528,#1529,
#1530),.UNSPECIFIED.,.F.,.F.) B_SPLINE_CURVE_WITH_KNOTS((3,2,3),(0.,
0.558575173808,1.117150347617),.PIECEWISE_BEZIER_KNOTS.) CURVE() 
GEOMETRIC_REPRESENTATION_ITEM() RATIONAL_B_SPLINE_CURVE((1.,
0.707106781187,1.,0.707106781187,1.)) REPRESENTATION_ITEM('') );
#1526 = CARTESIAN_POINT('',(1.9939,-4.0513,7.747));
#1527 = CARTESIAN_POINT('',(2.3495,-4.0513,7.747));
#1528 = CARTESIAN_POINT('',(2.3495,-4.0513,8.1026));
#1529 = CARTESIAN_POINT('',(2.3495,-4.0513,8.4582));
#1530 = CARTESIAN_POINT('',(1.9939,-4.0513,8.4582));
#1531 = ORIENTED_EDGE('',*,*,#1480,.T.);
#1532 = ORIENTED_EDGE('',*,*,#1031,.T.);
#1533 = ORIENTED_EDGE('',*,*,#1497,.T.);
#1534 = ( BOUNDED_SURFACE() B_SPLINE_SURFACE(1,2,(
    (#1535,#1536,#1537,#1538,#1539,#1540,#1541,#1542,#1543)
    ,(#1544,#1545,#1546,#1547,#1548,#1549,#1550,#1551,#1552
)),.UNSPECIFIED.,.F.,.T.,.F.) B_SPLINE_SURFACE_WITH_KNOTS((2,2),(1,2,2,2
    ,2,2,1),(0.,1.287368751145),(-1.570796326795,0.,1.570796326795,
    3.14159265359,4.712388980385,6.28318530718,7.853981633974),
.UNSPECIFIED.) GEOMETRIC_REPRESENTATION_ITEM() RATIONAL_B_SPLINE_SURFACE
((
    (1.,0.707106781187,1.,0.707106781187,1.,0.707106781187,1.
      ,0.707106781187,1.)
    ,(1.,0.707106781187,1.,0.707106781187,1.,0.707106781187,1.
,0.707106781187,1.))) REPRESENTATION_ITEM('') SURFACE() );
#1535 = CARTESIAN_POINT('',(1.9939,-3.6957,8.1026));
#1536 = CARTESIAN_POINT('',(1.9939,-3.6957,8.1026));
#1537 = CARTESIAN_POINT('',(1.9939,-3.6957,8.1026));
#1538 = CARTESIAN_POINT('',(1.9939,-3.6957,8.1026));
#1539 = CARTESIAN_POINT('',(1.9939,-3.6957,8.1026));
#1540 = CARTESIAN_POINT('',(1.9939,-3.6957,8.1026));
#1541 = CARTESIAN_POINT('',(1.9939,-3.6957,8.1026));
#1542 = CARTESIAN_POINT('',(1.9939,-3.6957,8.1026));
#1543 = CARTESIAN_POINT('',(1.9939,-3.6957,8.1026));
#1544 = CARTESIAN_POINT('',(1.083592826178,-4.606007173822,8.1026));
#1545 = CARTESIAN_POINT('',(1.083592826178,-4.606007173822,
    7.192292826178));
#1546 = CARTESIAN_POINT('',(1.9939,-4.606007173822,7.192292826178));
#1547 = CARTESIAN_POINT('',(2.904207173822,-4.606007173822,
    7.192292826178));
#1548 = CARTESIAN_POINT('',(2.904207173822,-4.606007173822,8.1026));
#1549 = CARTESIAN_POINT('',(2.904207173822,-4.606007173822,
    9.012907173822));
#1550 = CARTESIAN_POINT('',(1.9939,-4.606007173822,9.012907173822));
#1551 = CARTESIAN_POINT('',(1.083592826178,-4.606007173822,
    9.012907173822));
#1552 = CARTESIAN_POINT('',(1.083592826178,-4.606007173822,8.1026));
#1553 = ADVANCED_FACE('',(#1554),#1579,.F.);
#1554 = FACE_BOUND('',#1555,.F.);
#1555 = EDGE_LOOP('',(#1556,#1563,#1564,#1571));
#1556 = ORIENTED_EDGE('',*,*,#1557,.T.);
#1557 = EDGE_CURVE('',#1558,#1488,#1560,.T.);
#1558 = VERTEX_POINT('',#1559);
#1559 = CARTESIAN_POINT('',(1.9939,-3.699002,8.4582));
#1560 = B_SPLINE_CURVE_WITH_KNOTS('',1,(#1561,#1562),.UNSPECIFIED.,.F.,
  .F.,(2,2),(0.,0.352298),.PIECEWISE_BEZIER_KNOTS.);
#1561 = CARTESIAN_POINT('',(1.9939,-3.699002,8.4582));
#1562 = CARTESIAN_POINT('',(1.9939,-4.0513,8.4582));
#1563 = ORIENTED_EDGE('',*,*,#1524,.F.);
#1564 = ORIENTED_EDGE('',*,*,#1565,.T.);
#1565 = EDGE_CURVE('',#1481,#1566,#1568,.T.);
#1566 = VERTEX_POINT('',#1567);
#1567 = CARTESIAN_POINT('',(1.9939,-3.699002,7.747));
#1568 = B_SPLINE_CURVE_WITH_KNOTS('',1,(#1569,#1570),.UNSPECIFIED.,.F.,
  .F.,(2,2),(0.,0.352298),.PIECEWISE_BEZIER_KNOTS.);
#1569 = CARTESIAN_POINT('',(1.9939,-4.0513,7.747));
#1570 = CARTESIAN_POINT('',(1.9939,-3.699002,7.747));
#1571 = ORIENTED_EDGE('',*,*,#1572,.T.);
#1572 = EDGE_CURVE('',#1566,#1558,#1573,.T.);
#1573 = ( BOUNDED_CURVE() B_SPLINE_CURVE(2,(#1574,#1575,#1576,#1577,
#1578),.UNSPECIFIED.,.F.,.F.) B_SPLINE_CURVE_WITH_KNOTS((3,2,3),(0.,
0.558575173808,1.117150347617),.PIECEWISE_BEZIER_KNOTS.) CURVE() 
GEOMETRIC_REPRESENTATION_ITEM() RATIONAL_B_SPLINE_CURVE((1.,
0.707106781187,1.,0.707106781187,1.)) REPRESENTATION_ITEM('') );
#1574 = CARTESIAN_POINT('',(1.9939,-3.699002,7.747));
#1575 = CARTESIAN_POINT('',(2.3495,-3.699002,7.747));
#1576 = CARTESIAN_POINT('',(2.3495,-3.699002,8.1026));
#1577 = CARTESIAN_POINT('',(2.3495,-3.699002,8.4582));
#1578 = CARTESIAN_POINT('',(1.9939,-3.699002,8.4582));
#1579 = CYLINDRICAL_SURFACE('',#1580,0.3556);
#1580 = AXIS2_PLACEMENT_3D('',#1581,#1582,#1583);
#1581 = CARTESIAN_POINT('',(1.9939,-3.875151,8.1026));
#1582 = DIRECTION('',(0.,1.,0.));
#1583 = DIRECTION('',(0.,-0.,1.));
#1584 = ADVANCED_FACE('',(#1585),#1598,.F.);
#1585 = FACE_BOUND('',#1586,.F.);
#1586 = EDGE_LOOP('',(#1587,#1588,#1596,#1597));
#1587 = ORIENTED_EDGE('',*,*,#1557,.F.);
#1588 = ORIENTED_EDGE('',*,*,#1589,.T.);
#1589 = EDGE_CURVE('',#1558,#1566,#1590,.T.);
#1590 = ( BOUNDED_CURVE() B_SPLINE_CURVE(2,(#1591,#1592,#1593,#1594,
#1595),.UNSPECIFIED.,.F.,.F.) B_SPLINE_CURVE_WITH_KNOTS((3,2,3),(0.,
0.558575173808,1.117150347617),.PIECEWISE_BEZIER_KNOTS.) CURVE() 
GEOMETRIC_REPRESENTATION_ITEM() RATIONAL_B_SPLINE_CURVE((1.,
0.707106781187,1.,0.707106781187,1.)) REPRESENTATION_ITEM('') );
#1591 = CARTESIAN_POINT('',(1.9939,-3.699002,8.4582));
#1592 = CARTESIAN_POINT('',(1.6383,-3.699002,8.4582));
#1593 = CARTESIAN_POINT('',(1.6383,-3.699002,8.1026));
#1594 = CARTESIAN_POINT('',(1.6383,-3.699002,7.747));
#1595 = CARTESIAN_POINT('',(1.9939,-3.699002,7.747));
#1596 = ORIENTED_EDGE('',*,*,#1565,.F.);
#1597 = ORIENTED_EDGE('',*,*,#1487,.F.);
#1598 = CYLINDRICAL_SURFACE('',#1599,0.3556);
#1599 = AXIS2_PLACEMENT_3D('',#1600,#1601,#1602);
#1600 = CARTESIAN_POINT('',(1.9939,-3.875151,8.1026));
#1601 = DIRECTION('',(0.,1.,0.));
#1602 = DIRECTION('',(0.,-0.,1.));
#1603 = ADVANCED_FACE('',(#1604),#1629,.T.);
#1604 = FACE_BOUND('',#1605,.T.);
#1605 = EDGE_LOOP('',(#1606,#1607,#1614,#1624));
#1606 = ORIENTED_EDGE('',*,*,#1106,.T.);
#1607 = ORIENTED_EDGE('',*,*,#1608,.F.);
#1608 = EDGE_CURVE('',#1609,#1075,#1611,.T.);
#1609 = VERTEX_POINT('',#1610);
#1610 = CARTESIAN_POINT('',(-1.0033,-4.0513,3.7592));
#1611 = B_SPLINE_CURVE_WITH_KNOTS('',1,(#1612,#1613),.UNSPECIFIED.,.F.,
  .F.,(2,2),(0.,0.628617928475),.PIECEWISE_BEZIER_KNOTS.);
#1612 = CARTESIAN_POINT('',(-1.0033,-4.0513,3.7592));
#1613 = CARTESIAN_POINT('',(-1.0033,-4.4958,3.3147));
#1614 = ORIENTED_EDGE('',*,*,#1615,.F.);
#1615 = EDGE_CURVE('',#1616,#1609,#1618,.T.);
#1616 = VERTEX_POINT('',#1617);
#1617 = CARTESIAN_POINT('',(-1.0033,-4.0513,4.4704));
#1618 = ( BOUNDED_CURVE() B_SPLINE_CURVE(2,(#1619,#1620,#1621,#1622,
#1623),.UNSPECIFIED.,.F.,.F.) B_SPLINE_CURVE_WITH_KNOTS((3,2,3),(0.,
0.558575173808,1.117150347617),.PIECEWISE_BEZIER_KNOTS.) CURVE() 
GEOMETRIC_REPRESENTATION_ITEM() RATIONAL_B_SPLINE_CURVE((1.,
0.707106781187,1.,0.707106781187,1.)) REPRESENTATION_ITEM('') );
#1619 = CARTESIAN_POINT('',(-1.0033,-4.0513,4.4704));
#1620 = CARTESIAN_POINT('',(-1.3589,-4.0513,4.4704));
#1621 = CARTESIAN_POINT('',(-1.3589,-4.0513,4.1148));
#1622 = CARTESIAN_POINT('',(-1.3589,-4.0513,3.7592));
#1623 = CARTESIAN_POINT('',(-1.0033,-4.0513,3.7592));
#1624 = ORIENTED_EDGE('',*,*,#1625,.F.);
#1625 = EDGE_CURVE('',#1082,#1616,#1626,.T.);
#1626 = B_SPLINE_CURVE_WITH_KNOTS('',1,(#1627,#1628),.UNSPECIFIED.,.F.,
  .F.,(2,2),(0.,0.628617928475),.PIECEWISE_BEZIER_KNOTS.);
#1627 = CARTESIAN_POINT('',(-1.0033,-4.4958,4.9149));
#1628 = CARTESIAN_POINT('',(-1.0033,-4.0513,4.4704));
#1629 = ( BOUNDED_SURFACE() B_SPLINE_SURFACE(1,2,(
    (#1630,#1631,#1632,#1633,#1634,#1635,#1636,#1637,#1638)
    ,(#1639,#1640,#1641,#1642,#1643,#1644,#1645,#1646,#1647
)),.UNSPECIFIED.,.F.,.T.,.F.) B_SPLINE_SURFACE_WITH_KNOTS((2,2),(1,2,2,2
    ,2,2,1),(0.,1.287368751145),(-1.570796326795,0.,1.570796326795,
    3.14159265359,4.712388980385,6.28318530718,7.853981633974),
.UNSPECIFIED.) GEOMETRIC_REPRESENTATION_ITEM() RATIONAL_B_SPLINE_SURFACE
((
    (1.,0.707106781187,1.,0.707106781187,1.,0.707106781187,1.
      ,0.707106781187,1.)
    ,(1.,0.707106781187,1.,0.707106781187,1.,0.707106781187,1.
,0.707106781187,1.))) REPRESENTATION_ITEM('') SURFACE() );
#1630 = CARTESIAN_POINT('',(-1.0033,-3.6957,4.1148));
#1631 = CARTESIAN_POINT('',(-1.0033,-3.6957,4.1148));
#1632 = CARTESIAN_POINT('',(-1.0033,-3.6957,4.1148));
#1633 = CARTESIAN_POINT('',(-1.0033,-3.6957,4.1148));
#1634 = CARTESIAN_POINT('',(-1.0033,-3.6957,4.1148));
#1635 = CARTESIAN_POINT('',(-1.0033,-3.6957,4.1148));
#1636 = CARTESIAN_POINT('',(-1.0033,-3.6957,4.1148));
#1637 = CARTESIAN_POINT('',(-1.0033,-3.6957,4.1148));
#1638 = CARTESIAN_POINT('',(-1.0033,-3.6957,4.1148));
#1639 = CARTESIAN_POINT('',(-9.299282617802E-02,-4.606007173822,4.1148)
  );
#1640 = CARTESIAN_POINT('',(-9.299282617802E-02,-4.606007173822,
    5.025107173822));
#1641 = CARTESIAN_POINT('',(-1.0033,-4.606007173822,5.025107173822));
#1642 = CARTESIAN_POINT('',(-1.913607173822,-4.606007173822,
    5.025107173822));
#1643 = CARTESIAN_POINT('',(-1.913607173822,-4.606007173822,4.1148));
#1644 = CARTESIAN_POINT('',(-1.913607173822,-4.606007173822,
    3.204492826178));
#1645 = CARTESIAN_POINT('',(-1.0033,-4.606007173822,3.204492826178));
#1646 = CARTESIAN_POINT('',(-9.299282617802E-02,-4.606007173822,
    3.204492826178));
#1647 = CARTESIAN_POINT('',(-9.299282617802E-02,-4.606007173822,4.1148)
  );
#1648 = ADVANCED_FACE('',(#1649),#1662,.T.);
#1649 = FACE_BOUND('',#1650,.T.);
#1650 = EDGE_LOOP('',(#1651,#1659,#1660,#1661));
#1651 = ORIENTED_EDGE('',*,*,#1652,.F.);
#1652 = EDGE_CURVE('',#1609,#1616,#1653,.T.);
#1653 = ( BOUNDED_CURVE() B_SPLINE_CURVE(2,(#1654,#1655,#1656,#1657,
#1658),.UNSPECIFIED.,.F.,.F.) B_SPLINE_CURVE_WITH_KNOTS((3,2,3),(0.,
0.558575173808,1.117150347617),.PIECEWISE_BEZIER_KNOTS.) CURVE() 
GEOMETRIC_REPRESENTATION_ITEM() RATIONAL_B_SPLINE_CURVE((1.,
0.707106781187,1.,0.707106781187,1.)) REPRESENTATION_ITEM('') );
#1654 = CARTESIAN_POINT('',(-1.0033,-4.0513,3.7592));
#1655 = CARTESIAN_POINT('',(-0.6477,-4.0513,3.7592));
#1656 = CARTESIAN_POINT('',(-0.6477,-4.0513,4.1148));
#1657 = CARTESIAN_POINT('',(-0.6477,-4.0513,4.4704));
#1658 = CARTESIAN_POINT('',(-1.0033,-4.0513,4.4704));
#1659 = ORIENTED_EDGE('',*,*,#1608,.T.);
#1660 = ORIENTED_EDGE('',*,*,#1081,.T.);
#1661 = ORIENTED_EDGE('',*,*,#1625,.T.);
#1662 = ( BOUNDED_SURFACE() B_SPLINE_SURFACE(1,2,(
    (#1663,#1664,#1665,#1666,#1667,#1668,#1669,#1670,#1671)
    ,(#1672,#1673,#1674,#1675,#1676,#1677,#1678,#1679,#1680
)),.UNSPECIFIED.,.F.,.T.,.F.) B_SPLINE_SURFACE_WITH_KNOTS((2,2),(1,2,2,2
    ,2,2,1),(0.,1.287368751145),(-1.570796326795,0.,1.570796326795,
    3.14159265359,4.712388980385,6.28318530718,7.853981633974),
.UNSPECIFIED.) GEOMETRIC_REPRESENTATION_ITEM() RATIONAL_B_SPLINE_SURFACE
((
    (1.,0.707106781187,1.,0.707106781187,1.,0.707106781187,1.
      ,0.707106781187,1.)
    ,(1.,0.707106781187,1.,0.707106781187,1.,0.707106781187,1.
,0.707106781187,1.))) REPRESENTATION_ITEM('') SURFACE() );
#1663 = CARTESIAN_POINT('',(-1.0033,-3.6957,4.1148));
#1664 = CARTESIAN_POINT('',(-1.0033,-3.6957,4.1148));
#1665 = CARTESIAN_POINT('',(-1.0033,-3.6957,4.1148));
#1666 = CARTESIAN_POINT('',(-1.0033,-3.6957,4.1148));
#1667 = CARTESIAN_POINT('',(-1.0033,-3.6957,4.1148));
#1668 = CARTESIAN_POINT('',(-1.0033,-3.6957,4.1148));
#1669 = CARTESIAN_POINT('',(-1.0033,-3.6957,4.1148));
#1670 = CARTESIAN_POINT('',(-1.0033,-3.6957,4.1148));
#1671 = CARTESIAN_POINT('',(-1.0033,-3.6957,4.1148));
#1672 = CARTESIAN_POINT('',(-1.913607173822,-4.606007173822,4.1148));
#1673 = CARTESIAN_POINT('',(-1.913607173822,-4.606007173822,
    3.204492826178));
#1674 = CARTESIAN_POINT('',(-1.0033,-4.606007173822,3.204492826178));
#1675 = CARTESIAN_POINT('',(-9.299282617802E-02,-4.606007173822,
    3.204492826178));
#1676 = CARTESIAN_POINT('',(-9.299282617802E-02,-4.606007173822,4.1148)
  );
#1677 = CARTESIAN_POINT('',(-9.299282617802E-02,-4.606007173822,
    5.025107173822));
#1678 = CARTESIAN_POINT('',(-1.0033,-4.606007173822,5.025107173822));
#1679 = CARTESIAN_POINT('',(-1.913607173822,-4.606007173822,
    5.025107173822));
#1680 = CARTESIAN_POINT('',(-1.913607173822,-4.606007173822,4.1148));
#1681 = ADVANCED_FACE('',(#1682),#1707,.F.);
#1682 = FACE_BOUND('',#1683,.F.);
#1683 = EDGE_LOOP('',(#1684,#1691,#1692,#1699));
#1684 = ORIENTED_EDGE('',*,*,#1685,.T.);
#1685 = EDGE_CURVE('',#1686,#1616,#1688,.T.);
#1686 = VERTEX_POINT('',#1687);
#1687 = CARTESIAN_POINT('',(-1.0033,-3.699002,4.4704));
#1688 = B_SPLINE_CURVE_WITH_KNOTS('',1,(#1689,#1690),.UNSPECIFIED.,.F.,
  .F.,(2,2),(0.,0.352298),.PIECEWISE_BEZIER_KNOTS.);
#1689 = CARTESIAN_POINT('',(-1.0033,-3.699002,4.4704));
#1690 = CARTESIAN_POINT('',(-1.0033,-4.0513,4.4704));
#1691 = ORIENTED_EDGE('',*,*,#1652,.F.);
#1692 = ORIENTED_EDGE('',*,*,#1693,.T.);
#1693 = EDGE_CURVE('',#1609,#1694,#1696,.T.);
#1694 = VERTEX_POINT('',#1695);
#1695 = CARTESIAN_POINT('',(-1.0033,-3.699002,3.7592));
#1696 = B_SPLINE_CURVE_WITH_KNOTS('',1,(#1697,#1698),.UNSPECIFIED.,.F.,
  .F.,(2,2),(0.,0.352298),.PIECEWISE_BEZIER_KNOTS.);
#1697 = CARTESIAN_POINT('',(-1.0033,-4.0513,3.7592));
#1698 = CARTESIAN_POINT('',(-1.0033,-3.699002,3.7592));
#1699 = ORIENTED_EDGE('',*,*,#1700,.T.);
#1700 = EDGE_CURVE('',#1694,#1686,#1701,.T.);
#1701 = ( BOUNDED_CURVE() B_SPLINE_CURVE(2,(#1702,#1703,#1704,#1705,
#1706),.UNSPECIFIED.,.F.,.F.) B_SPLINE_CURVE_WITH_KNOTS((3,2,3),(0.,
0.558575173808,1.117150347617),.PIECEWISE_BEZIER_KNOTS.) CURVE() 
GEOMETRIC_REPRESENTATION_ITEM() RATIONAL_B_SPLINE_CURVE((1.,
0.707106781187,1.,0.707106781187,1.)) REPRESENTATION_ITEM('') );
#1702 = CARTESIAN_POINT('',(-1.0033,-3.699002,3.7592));
#1703 = CARTESIAN_POINT('',(-0.6477,-3.699002,3.7592));
#1704 = CARTESIAN_POINT('',(-0.6477,-3.699002,4.1148));
#1705 = CARTESIAN_POINT('',(-0.6477,-3.699002,4.4704));
#1706 = CARTESIAN_POINT('',(-1.0033,-3.699002,4.4704));
#1707 = CYLINDRICAL_SURFACE('',#1708,0.3556);
#1708 = AXIS2_PLACEMENT_3D('',#1709,#1710,#1711);
#1709 = CARTESIAN_POINT('',(-1.0033,-3.875151,4.1148));
#1710 = DIRECTION('',(0.,1.,0.));
#1711 = DIRECTION('',(0.,-0.,1.));
#1712 = ADVANCED_FACE('',(#1713),#1726,.F.);
#1713 = FACE_BOUND('',#1714,.F.);
#1714 = EDGE_LOOP('',(#1715,#1716,#1724,#1725));
#1715 = ORIENTED_EDGE('',*,*,#1685,.F.);
#1716 = ORIENTED_EDGE('',*,*,#1717,.T.);
#1717 = EDGE_CURVE('',#1686,#1694,#1718,.T.);
#1718 = ( BOUNDED_CURVE() B_SPLINE_CURVE(2,(#1719,#1720,#1721,#1722,
#1723),.UNSPECIFIED.,.F.,.F.) B_SPLINE_CURVE_WITH_KNOTS((3,2,3),(0.,
0.558575173808,1.117150347617),.PIECEWISE_BEZIER_KNOTS.) CURVE() 
GEOMETRIC_REPRESENTATION_ITEM() RATIONAL_B_SPLINE_CURVE((1.,
0.707106781187,1.,0.707106781187,1.)) REPRESENTATION_ITEM('') );
#1719 = CARTESIAN_POINT('',(-1.0033,-3.699002,4.4704));
#1720 = CARTESIAN_POINT('',(-1.3589,-3.699002,4.4704));
#1721 = CARTESIAN_POINT('',(-1.3589,-3.699002,4.1148));
#1722 = CARTESIAN_POINT('',(-1.3589,-3.699002,3.7592));
#1723 = CARTESIAN_POINT('',(-1.0033,-3.699002,3.7592));
#1724 = ORIENTED_EDGE('',*,*,#1693,.F.);
#1725 = ORIENTED_EDGE('',*,*,#1615,.F.);
#1726 = CYLINDRICAL_SURFACE('',#1727,0.3556);
#1727 = AXIS2_PLACEMENT_3D('',#1728,#1729,#1730);
#1728 = CARTESIAN_POINT('',(-1.0033,-3.875151,4.1148));
#1729 = DIRECTION('',(0.,1.,0.));
#1730 = DIRECTION('',(0.,-0.,1.));
#1731 = ADVANCED_FACE('',(#1732),#1757,.T.);
#1732 = FACE_BOUND('',#1733,.T.);
#1733 = EDGE_LOOP('',(#1734,#1735,#1742,#1752));
#1734 = ORIENTED_EDGE('',*,*,#1156,.T.);
#1735 = ORIENTED_EDGE('',*,*,#1736,.F.);
#1736 = EDGE_CURVE('',#1737,#1125,#1739,.T.);
#1737 = VERTEX_POINT('',#1738);
#1738 = CARTESIAN_POINT('',(-2.5019,-4.0513,5.7404));
#1739 = B_SPLINE_CURVE_WITH_KNOTS('',1,(#1740,#1741),.UNSPECIFIED.,.F.,
  .F.,(2,2),(0.,0.628617928475),.PIECEWISE_BEZIER_KNOTS.);
#1740 = CARTESIAN_POINT('',(-2.5019,-4.0513,5.7404));
#1741 = CARTESIAN_POINT('',(-2.5019,-4.4958,5.2959));
#1742 = ORIENTED_EDGE('',*,*,#1743,.F.);
#1743 = EDGE_CURVE('',#1744,#1737,#1746,.T.);
#1744 = VERTEX_POINT('',#1745);
#1745 = CARTESIAN_POINT('',(-2.5019,-4.0513,6.4516));
#1746 = ( BOUNDED_CURVE() B_SPLINE_CURVE(2,(#1747,#1748,#1749,#1750,
#1751),.UNSPECIFIED.,.F.,.F.) B_SPLINE_CURVE_WITH_KNOTS((3,2,3),(0.,
0.558575173808,1.117150347617),.PIECEWISE_BEZIER_KNOTS.) CURVE() 
GEOMETRIC_REPRESENTATION_ITEM() RATIONAL_B_SPLINE_CURVE((1.,
0.707106781187,1.,0.707106781187,1.)) REPRESENTATION_ITEM('') );
#1747 = CARTESIAN_POINT('',(-2.5019,-4.0513,6.4516));
#1748 = CARTESIAN_POINT('',(-2.8575,-4.0513,6.4516));
#1749 = CARTESIAN_POINT('',(-2.8575,-4.0513,6.096));
#1750 = CARTESIAN_POINT('',(-2.8575,-4.0513,5.7404));
#1751 = CARTESIAN_POINT('',(-2.5019,-4.0513,5.7404));
#1752 = ORIENTED_EDGE('',*,*,#1753,.F.);
#1753 = EDGE_CURVE('',#1132,#1744,#1754,.T.);
#1754 = B_SPLINE_CURVE_WITH_KNOTS('',1,(#1755,#1756),.UNSPECIFIED.,.F.,
  .F.,(2,2),(0.,0.628617928475),.PIECEWISE_BEZIER_KNOTS.);
#1755 = CARTESIAN_POINT('',(-2.5019,-4.4958,6.8961));
#1756 = CARTESIAN_POINT('',(-2.5019,-4.0513,6.4516));
#1757 = ( BOUNDED_SURFACE() B_SPLINE_SURFACE(1,2,(
    (#1758,#1759,#1760,#1761,#1762,#1763,#1764,#1765,#1766)
    ,(#1767,#1768,#1769,#1770,#1771,#1772,#1773,#1774,#1775
)),.UNSPECIFIED.,.F.,.T.,.F.) B_SPLINE_SURFACE_WITH_KNOTS((2,2),(1,2,2,2
    ,2,2,1),(0.,1.287368751145),(-1.570796326795,0.,1.570796326795,
    3.14159265359,4.712388980385,6.28318530718,7.853981633974),
.UNSPECIFIED.) GEOMETRIC_REPRESENTATION_ITEM() RATIONAL_B_SPLINE_SURFACE
((
    (1.,0.707106781187,1.,0.707106781187,1.,0.707106781187,1.
      ,0.707106781187,1.)
    ,(1.,0.707106781187,1.,0.707106781187,1.,0.707106781187,1.
,0.707106781187,1.))) REPRESENTATION_ITEM('') SURFACE() );
#1758 = CARTESIAN_POINT('',(-2.5019,-3.6957,6.096));
#1759 = CARTESIAN_POINT('',(-2.5019,-3.6957,6.096));
#1760 = CARTESIAN_POINT('',(-2.5019,-3.6957,6.096));
#1761 = CARTESIAN_POINT('',(-2.5019,-3.6957,6.096));
#1762 = CARTESIAN_POINT('',(-2.5019,-3.6957,6.096));
#1763 = CARTESIAN_POINT('',(-2.5019,-3.6957,6.096));
#1764 = CARTESIAN_POINT('',(-2.5019,-3.6957,6.096));
#1765 = CARTESIAN_POINT('',(-2.5019,-3.6957,6.096));
#1766 = CARTESIAN_POINT('',(-2.5019,-3.6957,6.096));
#1767 = CARTESIAN_POINT('',(-1.591592826178,-4.606007173822,6.096));
#1768 = CARTESIAN_POINT('',(-1.591592826178,-4.606007173822,
    7.006307173822));
#1769 = CARTESIAN_POINT('',(-2.5019,-4.606007173822,7.006307173822));
#1770 = CARTESIAN_POINT('',(-3.412207173822,-4.606007173822,
    7.006307173822));
#1771 = CARTESIAN_POINT('',(-3.412207173822,-4.606007173822,6.096));
#1772 = CARTESIAN_POINT('',(-3.412207173822,-4.606007173822,
    5.185692826178));
#1773 = CARTESIAN_POINT('',(-2.5019,-4.606007173822,5.185692826178));
#1774 = CARTESIAN_POINT('',(-1.591592826178,-4.606007173822,
    5.185692826178));
#1775 = CARTESIAN_POINT('',(-1.591592826178,-4.606007173822,6.096));
#1776 = ADVANCED_FACE('',(#1777),#1790,.T.);
#1777 = FACE_BOUND('',#1778,.T.);
#1778 = EDGE_LOOP('',(#1779,#1787,#1788,#1789));
#1779 = ORIENTED_EDGE('',*,*,#1780,.F.);
#1780 = EDGE_CURVE('',#1737,#1744,#1781,.T.);
#1781 = ( BOUNDED_CURVE() B_SPLINE_CURVE(2,(#1782,#1783,#1784,#1785,
#1786),.UNSPECIFIED.,.F.,.F.) B_SPLINE_CURVE_WITH_KNOTS((3,2,3),(0.,
0.558575173808,1.117150347617),.PIECEWISE_BEZIER_KNOTS.) CURVE() 
GEOMETRIC_REPRESENTATION_ITEM() RATIONAL_B_SPLINE_CURVE((1.,
0.707106781187,1.,0.707106781187,1.)) REPRESENTATION_ITEM('') );
#1782 = CARTESIAN_POINT('',(-2.5019,-4.0513,5.7404));
#1783 = CARTESIAN_POINT('',(-2.1463,-4.0513,5.7404));
#1784 = CARTESIAN_POINT('',(-2.1463,-4.0513,6.096));
#1785 = CARTESIAN_POINT('',(-2.1463,-4.0513,6.4516));
#1786 = CARTESIAN_POINT('',(-2.5019,-4.0513,6.4516));
#1787 = ORIENTED_EDGE('',*,*,#1736,.T.);
#1788 = ORIENTED_EDGE('',*,*,#1131,.T.);
#1789 = ORIENTED_EDGE('',*,*,#1753,.T.);
#1790 = ( BOUNDED_SURFACE() B_SPLINE_SURFACE(1,2,(
    (#1791,#1792,#1793,#1794,#1795,#1796,#1797,#1798,#1799)
    ,(#1800,#1801,#1802,#1803,#1804,#1805,#1806,#1807,#1808
)),.UNSPECIFIED.,.F.,.T.,.F.) B_SPLINE_SURFACE_WITH_KNOTS((2,2),(1,2,2,2
    ,2,2,1),(0.,1.287368751145),(-1.570796326795,0.,1.570796326795,
    3.14159265359,4.712388980385,6.28318530718,7.853981633974),
.UNSPECIFIED.) GEOMETRIC_REPRESENTATION_ITEM() RATIONAL_B_SPLINE_SURFACE
((
    (1.,0.707106781187,1.,0.707106781187,1.,0.707106781187,1.
      ,0.707106781187,1.)
    ,(1.,0.707106781187,1.,0.707106781187,1.,0.707106781187,1.
,0.707106781187,1.))) REPRESENTATION_ITEM('') SURFACE() );
#1791 = CARTESIAN_POINT('',(-2.5019,-3.6957,6.096));
#1792 = CARTESIAN_POINT('',(-2.5019,-3.6957,6.096));
#1793 = CARTESIAN_POINT('',(-2.5019,-3.6957,6.096));
#1794 = CARTESIAN_POINT('',(-2.5019,-3.6957,6.096));
#1795 = CARTESIAN_POINT('',(-2.5019,-3.6957,6.096));
#1796 = CARTESIAN_POINT('',(-2.5019,-3.6957,6.096));
#1797 = CARTESIAN_POINT('',(-2.5019,-3.6957,6.096));
#1798 = CARTESIAN_POINT('',(-2.5019,-3.6957,6.096));
#1799 = CARTESIAN_POINT('',(-2.5019,-3.6957,6.096));
#1800 = CARTESIAN_POINT('',(-3.412207173822,-4.606007173822,6.096));
#1801 = CARTESIAN_POINT('',(-3.412207173822,-4.606007173822,
    5.185692826178));
#1802 = CARTESIAN_POINT('',(-2.5019,-4.606007173822,5.185692826178));
#1803 = CARTESIAN_POINT('',(-1.591592826178,-4.606007173822,
    5.185692826178));
#1804 = CARTESIAN_POINT('',(-1.591592826178,-4.606007173822,6.096));
#1805 = CARTESIAN_POINT('',(-1.591592826178,-4.606007173822,
    7.006307173822));
#1806 = CARTESIAN_POINT('',(-2.5019,-4.606007173822,7.006307173822));
#1807 = CARTESIAN_POINT('',(-3.412207173822,-4.606007173822,
    7.006307173822));
#1808 = CARTESIAN_POINT('',(-3.412207173822,-4.606007173822,6.096));
#1809 = ADVANCED_FACE('',(#1810),#1835,.F.);
#1810 = FACE_BOUND('',#1811,.F.);
#1811 = EDGE_LOOP('',(#1812,#1819,#1820,#1827));
#1812 = ORIENTED_EDGE('',*,*,#1813,.T.);
#1813 = EDGE_CURVE('',#1814,#1744,#1816,.T.);
#1814 = VERTEX_POINT('',#1815);
#1815 = CARTESIAN_POINT('',(-2.5019,-3.699002,6.4516));
#1816 = B_SPLINE_CURVE_WITH_KNOTS('',1,(#1817,#1818),.UNSPECIFIED.,.F.,
  .F.,(2,2),(0.,0.352298),.PIECEWISE_BEZIER_KNOTS.);
#1817 = CARTESIAN_POINT('',(-2.5019,-3.699002,6.4516));
#1818 = CARTESIAN_POINT('',(-2.5019,-4.0513,6.4516));
#1819 = ORIENTED_EDGE('',*,*,#1780,.F.);
#1820 = ORIENTED_EDGE('',*,*,#1821,.T.);
#1821 = EDGE_CURVE('',#1737,#1822,#1824,.T.);
#1822 = VERTEX_POINT('',#1823);
#1823 = CARTESIAN_POINT('',(-2.5019,-3.699002,5.7404));
#1824 = B_SPLINE_CURVE_WITH_KNOTS('',1,(#1825,#1826),.UNSPECIFIED.,.F.,
  .F.,(2,2),(0.,0.352298),.PIECEWISE_BEZIER_KNOTS.);
#1825 = CARTESIAN_POINT('',(-2.5019,-4.0513,5.7404));
#1826 = CARTESIAN_POINT('',(-2.5019,-3.699002,5.7404));
#1827 = ORIENTED_EDGE('',*,*,#1828,.T.);
#1828 = EDGE_CURVE('',#1822,#1814,#1829,.T.);
#1829 = ( BOUNDED_CURVE() B_SPLINE_CURVE(2,(#1830,#1831,#1832,#1833,
#1834),.UNSPECIFIED.,.F.,.F.) B_SPLINE_CURVE_WITH_KNOTS((3,2,3),(0.,
0.558575173808,1.117150347617),.PIECEWISE_BEZIER_KNOTS.) CURVE() 
GEOMETRIC_REPRESENTATION_ITEM() RATIONAL_B_SPLINE_CURVE((1.,
0.707106781187,1.,0.707106781187,1.)) REPRESENTATION_ITEM('') );
#1830 = CARTESIAN_POINT('',(-2.5019,-3.699002,5.7404));
#1831 = CARTESIAN_POINT('',(-2.1463,-3.699002,5.7404));
#1832 = CARTESIAN_POINT('',(-2.1463,-3.699002,6.096));
#1833 = CARTESIAN_POINT('',(-2.1463,-3.699002,6.4516));
#1834 = CARTESIAN_POINT('',(-2.5019,-3.699002,6.4516));
#1835 = CYLINDRICAL_SURFACE('',#1836,0.3556);
#1836 = AXIS2_PLACEMENT_3D('',#1837,#1838,#1839);
#1837 = CARTESIAN_POINT('',(-2.5019,-3.875151,6.096));
#1838 = DIRECTION('',(0.,1.,0.));
#1839 = DIRECTION('',(0.,-0.,1.));
#1840 = ADVANCED_FACE('',(#1841),#1854,.F.);
#1841 = FACE_BOUND('',#1842,.F.);
#1842 = EDGE_LOOP('',(#1843,#1844,#1852,#1853));
#1843 = ORIENTED_EDGE('',*,*,#1813,.F.);
#1844 = ORIENTED_EDGE('',*,*,#1845,.T.);
#1845 = EDGE_CURVE('',#1814,#1822,#1846,.T.);
#1846 = ( BOUNDED_CURVE() B_SPLINE_CURVE(2,(#1847,#1848,#1849,#1850,
#1851),.UNSPECIFIED.,.F.,.F.) B_SPLINE_CURVE_WITH_KNOTS((3,2,3),(0.,
0.558575173808,1.117150347617),.PIECEWISE_BEZIER_KNOTS.) CURVE() 
GEOMETRIC_REPRESENTATION_ITEM() RATIONAL_B_SPLINE_CURVE((1.,
0.707106781187,1.,0.707106781187,1.)) REPRESENTATION_ITEM('') );
#1847 = CARTESIAN_POINT('',(-2.5019,-3.699002,6.4516));
#1848 = CARTESIAN_POINT('',(-2.8575,-3.699002,6.4516));
#1849 = CARTESIAN_POINT('',(-2.8575,-3.699002,6.096));
#1850 = CARTESIAN_POINT('',(-2.8575,-3.699002,5.7404));
#1851 = CARTESIAN_POINT('',(-2.5019,-3.699002,5.7404));
#1852 = ORIENTED_EDGE('',*,*,#1821,.F.);
#1853 = ORIENTED_EDGE('',*,*,#1743,.F.);
#1854 = CYLINDRICAL_SURFACE('',#1855,0.3556);
#1855 = AXIS2_PLACEMENT_3D('',#1856,#1857,#1858);
#1856 = CARTESIAN_POINT('',(-2.5019,-3.875151,6.096));
#1857 = DIRECTION('',(0.,1.,0.));
#1858 = DIRECTION('',(0.,-0.,1.));
#1859 = ADVANCED_FACE('',(#1860),#1885,.T.);
#1860 = FACE_BOUND('',#1861,.T.);
#1861 = EDGE_LOOP('',(#1862,#1863,#1870,#1880));
#1862 = ORIENTED_EDGE('',*,*,#1206,.T.);
#1863 = ORIENTED_EDGE('',*,*,#1864,.F.);
#1864 = EDGE_CURVE('',#1865,#1175,#1867,.T.);
#1865 = VERTEX_POINT('',#1866);
#1866 = CARTESIAN_POINT('',(-1.9939,-4.0513,7.747));
#1867 = B_SPLINE_CURVE_WITH_KNOTS('',1,(#1868,#1869),.UNSPECIFIED.,.F.,
  .F.,(2,2),(0.,0.628617928475),.PIECEWISE_BEZIER_KNOTS.);
#1868 = CARTESIAN_POINT('',(-1.9939,-4.0513,7.747));
#1869 = CARTESIAN_POINT('',(-1.9939,-4.4958,7.3025));
#1870 = ORIENTED_EDGE('',*,*,#1871,.F.);
#1871 = EDGE_CURVE('',#1872,#1865,#1874,.T.);
#1872 = VERTEX_POINT('',#1873);
#1873 = CARTESIAN_POINT('',(-1.9939,-4.0513,8.4582));
#1874 = ( BOUNDED_CURVE() B_SPLINE_CURVE(2,(#1875,#1876,#1877,#1878,
#1879),.UNSPECIFIED.,.F.,.F.) B_SPLINE_CURVE_WITH_KNOTS((3,2,3),(0.,
0.558575173808,1.117150347617),.PIECEWISE_BEZIER_KNOTS.) CURVE() 
GEOMETRIC_REPRESENTATION_ITEM() RATIONAL_B_SPLINE_CURVE((1.,
0.707106781187,1.,0.707106781187,1.)) REPRESENTATION_ITEM('') );
#1875 = CARTESIAN_POINT('',(-1.9939,-4.0513,8.4582));
#1876 = CARTESIAN_POINT('',(-2.3495,-4.0513,8.4582));
#1877 = CARTESIAN_POINT('',(-2.3495,-4.0513,8.1026));
#1878 = CARTESIAN_POINT('',(-2.3495,-4.0513,7.747));
#1879 = CARTESIAN_POINT('',(-1.9939,-4.0513,7.747));
#1880 = ORIENTED_EDGE('',*,*,#1881,.F.);
#1881 = EDGE_CURVE('',#1182,#1872,#1882,.T.);
#1882 = B_SPLINE_CURVE_WITH_KNOTS('',1,(#1883,#1884),.UNSPECIFIED.,.F.,
  .F.,(2,2),(0.,0.628617928475),.PIECEWISE_BEZIER_KNOTS.);
#1883 = CARTESIAN_POINT('',(-1.9939,-4.4958,8.9027));
#1884 = CARTESIAN_POINT('',(-1.9939,-4.0513,8.4582));
#1885 = ( BOUNDED_SURFACE() B_SPLINE_SURFACE(1,2,(
    (#1886,#1887,#1888,#1889,#1890,#1891,#1892,#1893,#1894)
    ,(#1895,#1896,#1897,#1898,#1899,#1900,#1901,#1902,#1903
)),.UNSPECIFIED.,.F.,.T.,.F.) B_SPLINE_SURFACE_WITH_KNOTS((2,2),(1,2,2,2
    ,2,2,1),(0.,1.287368751145),(-1.570796326795,0.,1.570796326795,
    3.14159265359,4.712388980385,6.28318530718,7.853981633974),
.UNSPECIFIED.) GEOMETRIC_REPRESENTATION_ITEM() RATIONAL_B_SPLINE_SURFACE
((
    (1.,0.707106781187,1.,0.707106781187,1.,0.707106781187,1.
      ,0.707106781187,1.)
    ,(1.,0.707106781187,1.,0.707106781187,1.,0.707106781187,1.
,0.707106781187,1.))) REPRESENTATION_ITEM('') SURFACE() );
#1886 = CARTESIAN_POINT('',(-1.9939,-3.6957,8.1026));
#1887 = CARTESIAN_POINT('',(-1.9939,-3.6957,8.1026));
#1888 = CARTESIAN_POINT('',(-1.9939,-3.6957,8.1026));
#1889 = CARTESIAN_POINT('',(-1.9939,-3.6957,8.1026));
#1890 = CARTESIAN_POINT('',(-1.9939,-3.6957,8.1026));
#1891 = CARTESIAN_POINT('',(-1.9939,-3.6957,8.1026));
#1892 = CARTESIAN_POINT('',(-1.9939,-3.6957,8.1026));
#1893 = CARTESIAN_POINT('',(-1.9939,-3.6957,8.1026));
#1894 = CARTESIAN_POINT('',(-1.9939,-3.6957,8.1026));
#1895 = CARTESIAN_POINT('',(-1.083592826178,-4.606007173822,8.1026));
#1896 = CARTESIAN_POINT('',(-1.083592826178,-4.606007173822,
    9.012907173822));
#1897 = CARTESIAN_POINT('',(-1.9939,-4.606007173822,9.012907173822));
#1898 = CARTESIAN_POINT('',(-2.904207173822,-4.606007173822,
    9.012907173822));
#1899 = CARTESIAN_POINT('',(-2.904207173822,-4.606007173822,8.1026));
#1900 = CARTESIAN_POINT('',(-2.904207173822,-4.606007173822,
    7.192292826178));
#1901 = CARTESIAN_POINT('',(-1.9939,-4.606007173822,7.192292826178));
#1902 = CARTESIAN_POINT('',(-1.083592826178,-4.606007173822,
    7.192292826178));
#1903 = CARTESIAN_POINT('',(-1.083592826178,-4.606007173822,8.1026));
#1904 = ADVANCED_FACE('',(#1905),#1918,.T.);
#1905 = FACE_BOUND('',#1906,.T.);
#1906 = EDGE_LOOP('',(#1907,#1915,#1916,#1917));
#1907 = ORIENTED_EDGE('',*,*,#1908,.F.);
#1908 = EDGE_CURVE('',#1865,#1872,#1909,.T.);
#1909 = ( BOUNDED_CURVE() B_SPLINE_CURVE(2,(#1910,#1911,#1912,#1913,
#1914),.UNSPECIFIED.,.F.,.F.) B_SPLINE_CURVE_WITH_KNOTS((3,2,3),(0.,
0.558575173808,1.117150347617),.PIECEWISE_BEZIER_KNOTS.) CURVE() 
GEOMETRIC_REPRESENTATION_ITEM() RATIONAL_B_SPLINE_CURVE((1.,
0.707106781187,1.,0.707106781187,1.)) REPRESENTATION_ITEM('') );
#1910 = CARTESIAN_POINT('',(-1.9939,-4.0513,7.747));
#1911 = CARTESIAN_POINT('',(-1.6383,-4.0513,7.747));
#1912 = CARTESIAN_POINT('',(-1.6383,-4.0513,8.1026));
#1913 = CARTESIAN_POINT('',(-1.6383,-4.0513,8.4582));
#1914 = CARTESIAN_POINT('',(-1.9939,-4.0513,8.4582));
#1915 = ORIENTED_EDGE('',*,*,#1864,.T.);
#1916 = ORIENTED_EDGE('',*,*,#1181,.T.);
#1917 = ORIENTED_EDGE('',*,*,#1881,.T.);
#1918 = ( BOUNDED_SURFACE() B_SPLINE_SURFACE(1,2,(
    (#1919,#1920,#1921,#1922,#1923,#1924,#1925,#1926,#1927)
    ,(#1928,#1929,#1930,#1931,#1932,#1933,#1934,#1935,#1936
)),.UNSPECIFIED.,.F.,.T.,.F.) B_SPLINE_SURFACE_WITH_KNOTS((2,2),(1,2,2,2
    ,2,2,1),(0.,1.287368751145),(-1.570796326795,0.,1.570796326795,
    3.14159265359,4.712388980385,6.28318530718,7.853981633974),
.UNSPECIFIED.) GEOMETRIC_REPRESENTATION_ITEM() RATIONAL_B_SPLINE_SURFACE
((
    (1.,0.707106781187,1.,0.707106781187,1.,0.707106781187,1.
      ,0.707106781187,1.)
    ,(1.,0.707106781187,1.,0.707106781187,1.,0.707106781187,1.
,0.707106781187,1.))) REPRESENTATION_ITEM('') SURFACE() );
#1919 = CARTESIAN_POINT('',(-1.9939,-3.6957,8.1026));
#1920 = CARTESIAN_POINT('',(-1.9939,-3.6957,8.1026));
#1921 = CARTESIAN_POINT('',(-1.9939,-3.6957,8.1026));
#1922 = CARTESIAN_POINT('',(-1.9939,-3.6957,8.1026));
#1923 = CARTESIAN_POINT('',(-1.9939,-3.6957,8.1026));
#1924 = CARTESIAN_POINT('',(-1.9939,-3.6957,8.1026));
#1925 = CARTESIAN_POINT('',(-1.9939,-3.6957,8.1026));
#1926 = CARTESIAN_POINT('',(-1.9939,-3.6957,8.1026));
#1927 = CARTESIAN_POINT('',(-1.9939,-3.6957,8.1026));
#1928 = CARTESIAN_POINT('',(-2.904207173822,-4.606007173822,8.1026));
#1929 = CARTESIAN_POINT('',(-2.904207173822,-4.606007173822,
    7.192292826178));
#1930 = CARTESIAN_POINT('',(-1.9939,-4.606007173822,7.192292826178));
#1931 = CARTESIAN_POINT('',(-1.083592826178,-4.606007173822,
    7.192292826178));
#1932 = CARTESIAN_POINT('',(-1.083592826178,-4.606007173822,8.1026));
#1933 = CARTESIAN_POINT('',(-1.083592826178,-4.606007173822,
    9.012907173822));
#1934 = CARTESIAN_POINT('',(-1.9939,-4.606007173822,9.012907173822));
#1935 = CARTESIAN_POINT('',(-2.904207173822,-4.606007173822,
    9.012907173822));
#1936 = CARTESIAN_POINT('',(-2.904207173822,-4.606007173822,8.1026));
#1937 = ADVANCED_FACE('',(#1938),#1963,.F.);
#1938 = FACE_BOUND('',#1939,.F.);
#1939 = EDGE_LOOP('',(#1940,#1947,#1948,#1955));
#1940 = ORIENTED_EDGE('',*,*,#1941,.T.);
#1941 = EDGE_CURVE('',#1942,#1872,#1944,.T.);
#1942 = VERTEX_POINT('',#1943);
#1943 = CARTESIAN_POINT('',(-1.9939,-3.699002,8.4582));
#1944 = B_SPLINE_CURVE_WITH_KNOTS('',1,(#1945,#1946),.UNSPECIFIED.,.F.,
  .F.,(2,2),(0.,0.352298),.PIECEWISE_BEZIER_KNOTS.);
#1945 = CARTESIAN_POINT('',(-1.9939,-3.699002,8.4582));
#1946 = CARTESIAN_POINT('',(-1.9939,-4.0513,8.4582));
#1947 = ORIENTED_EDGE('',*,*,#1908,.F.);
#1948 = ORIENTED_EDGE('',*,*,#1949,.T.);
#1949 = EDGE_CURVE('',#1865,#1950,#1952,.T.);
#1950 = VERTEX_POINT('',#1951);
#1951 = CARTESIAN_POINT('',(-1.9939,-3.699002,7.747));
#1952 = B_SPLINE_CURVE_WITH_KNOTS('',1,(#1953,#1954),.UNSPECIFIED.,.F.,
  .F.,(2,2),(0.,0.352298),.PIECEWISE_BEZIER_KNOTS.);
#1953 = CARTESIAN_POINT('',(-1.9939,-4.0513,7.747));
#1954 = CARTESIAN_POINT('',(-1.9939,-3.699002,7.747));
#1955 = ORIENTED_EDGE('',*,*,#1956,.T.);
#1956 = EDGE_CURVE('',#1950,#1942,#1957,.T.);
#1957 = ( BOUNDED_CURVE() B_SPLINE_CURVE(2,(#1958,#1959,#1960,#1961,
#1962),.UNSPECIFIED.,.F.,.F.) B_SPLINE_CURVE_WITH_KNOTS((3,2,3),(0.,
0.558575173808,1.117150347617),.PIECEWISE_BEZIER_KNOTS.) CURVE() 
GEOMETRIC_REPRESENTATION_ITEM() RATIONAL_B_SPLINE_CURVE((1.,
0.707106781187,1.,0.707106781187,1.)) REPRESENTATION_ITEM('') );
#1958 = CARTESIAN_POINT('',(-1.9939,-3.699002,7.747));
#1959 = CARTESIAN_POINT('',(-1.6383,-3.699002,7.747));
#1960 = CARTESIAN_POINT('',(-1.6383,-3.699002,8.1026));
#1961 = CARTESIAN_POINT('',(-1.6383,-3.699002,8.4582));
#1962 = CARTESIAN_POINT('',(-1.9939,-3.699002,8.4582));
#1963 = CYLINDRICAL_SURFACE('',#1964,0.3556);
#1964 = AXIS2_PLACEMENT_3D('',#1965,#1966,#1967);
#1965 = CARTESIAN_POINT('',(-1.9939,-3.875151,8.1026));
#1966 = DIRECTION('',(0.,1.,0.));
#1967 = DIRECTION('',(0.,-0.,1.));
#1968 = ADVANCED_FACE('',(#1969),#1982,.F.);
#1969 = FACE_BOUND('',#1970,.F.);
#1970 = EDGE_LOOP('',(#1971,#1972,#1980,#1981));
#1971 = ORIENTED_EDGE('',*,*,#1941,.F.);
#1972 = ORIENTED_EDGE('',*,*,#1973,.T.);
#1973 = EDGE_CURVE('',#1942,#1950,#1974,.T.);
#1974 = ( BOUNDED_CURVE() B_SPLINE_CURVE(2,(#1975,#1976,#1977,#1978,
#1979),.UNSPECIFIED.,.F.,.F.) B_SPLINE_CURVE_WITH_KNOTS((3,2,3),(0.,
0.558575173808,1.117150347617),.PIECEWISE_BEZIER_KNOTS.) CURVE() 
GEOMETRIC_REPRESENTATION_ITEM() RATIONAL_B_SPLINE_CURVE((1.,
0.707106781187,1.,0.707106781187,1.)) REPRESENTATION_ITEM('') );
#1975 = CARTESIAN_POINT('',(-1.9939,-3.699002,8.4582));
#1976 = CARTESIAN_POINT('',(-2.3495,-3.699002,8.4582));
#1977 = CARTESIAN_POINT('',(-2.3495,-3.699002,8.1026));
#1978 = CARTESIAN_POINT('',(-2.3495,-3.699002,7.747));
#1979 = CARTESIAN_POINT('',(-1.9939,-3.699002,7.747));
#1980 = ORIENTED_EDGE('',*,*,#1949,.F.);
#1981 = ORIENTED_EDGE('',*,*,#1871,.F.);
#1982 = CYLINDRICAL_SURFACE('',#1983,0.3556);
#1983 = AXIS2_PLACEMENT_3D('',#1984,#1985,#1986);
#1984 = CARTESIAN_POINT('',(-1.9939,-3.875151,8.1026));
#1985 = DIRECTION('',(0.,1.,0.));
#1986 = DIRECTION('',(0.,-0.,1.));
#1987 = ( GEOMETRIC_REPRESENTATION_CONTEXT(3) 
GLOBAL_UNCERTAINTY_ASSIGNED_CONTEXT((#1991)) 
GLOBAL_UNIT_ASSIGNED_CONTEXT((#1988,#1989,#1990)) REPRESENTATION_CONTEXT
('Context #1','3D Context with UNIT and UNCERTAINTY') );
#1988 = ( LENGTH_UNIT() NAMED_UNIT(*) SI_UNIT(.MILLI.,.METRE.) );
#1989 = ( NAMED_UNIT(*) PLANE_ANGLE_UNIT() SI_UNIT($,.RADIAN.) );
#1990 = ( NAMED_UNIT(*) SI_UNIT($,.STERADIAN.) SOLID_ANGLE_UNIT() );
#1991 = UNCERTAINTY_MEASURE_WITH_UNIT(LENGTH_MEASURE(1.E-05),#1988,
  'distance_accuracy_value','confusion accuracy');
#1992 = CONTEXT_DEPENDENT_SHAPE_REPRESENTATION(#1993,#1995);
#1993 = ( REPRESENTATION_RELATIONSHIP('','',#96,#10) 
REPRESENTATION_RELATIONSHIP_WITH_TRANSFORMATION(#1994) 
SHAPE_REPRESENTATION_RELATIONSHIP() );
#1994 = ITEM_DEFINED_TRANSFORMATION('','',#11,#15);
#1995 = PRODUCT_DEFINITION_SHAPE('Placement','Placement of an item',
  #1996);
#1996 = NEXT_ASSEMBLY_USAGE_OCCURRENCE('162','Document','',#5,#91,$);
#1997 = PRODUCT_RELATED_PRODUCT_CATEGORY('part',$,(#93));
#1998 = SHAPE_DEFINITION_REPRESENTATION(#1999,#2005);
#1999 = PRODUCT_DEFINITION_SHAPE('','',#2000);
#2000 = PRODUCT_DEFINITION('design','',#2001,#2004);
#2001 = PRODUCT_DEFINITION_FORMATION('','',#2002);
#2002 = PRODUCT('Document001','Document001','',(#2003));
#2003 = PRODUCT_CONTEXT('',#2,'mechanical');
#2004 = PRODUCT_DEFINITION_CONTEXT('part definition',#2,'design');
#2005 = MANIFOLD_SURFACE_SHAPE_REPRESENTATION('',(#11,#2006),#2152);
#2006 = SHELL_BASED_SURFACE_MODEL('',(#2007));
#2007 = OPEN_SHELL('',(#2008));
#2008 = ADVANCED_FACE('',(#2009),#2147,.T.);
#2009 = FACE_BOUND('',#2010,.T.);
#2010 = EDGE_LOOP('',(#2011,#2020,#2027,#2034,#2041,#2048,#2055,#2062,
    #2069,#2076,#2083,#2090,#2102,#2109,#2121,#2128,#2135,#2142));
#2011 = ORIENTED_EDGE('',*,*,#2012,.F.);
#2012 = EDGE_CURVE('',#2013,#2015,#2017,.T.);
#2013 = VERTEX_POINT('',#2014);
#2014 = CARTESIAN_POINT('',(1.11252,-4.699,0.85852));
#2015 = VERTEX_POINT('',#2016);
#2016 = CARTESIAN_POINT('',(1.11252,-4.37896,0.85852));
#2017 = B_SPLINE_CURVE_WITH_KNOTS('',1,(#2018,#2019),.UNSPECIFIED.,.F.,
  .F.,(2,2),(0.,0.32004),.PIECEWISE_BEZIER_KNOTS.);
#2018 = CARTESIAN_POINT('',(1.11252,-4.699,0.85852));
#2019 = CARTESIAN_POINT('',(1.11252,-4.37896,0.85852));
#2020 = ORIENTED_EDGE('',*,*,#2021,.F.);
#2021 = EDGE_CURVE('',#2022,#2013,#2024,.T.);
#2022 = VERTEX_POINT('',#2023);
#2023 = CARTESIAN_POINT('',(0.9525,-4.699,0.85852));
#2024 = B_SPLINE_CURVE_WITH_KNOTS('',1,(#2025,#2026),.UNSPECIFIED.,.F.,
  .F.,(2,2),(0.,0.16002),.PIECEWISE_BEZIER_KNOTS.);
#2025 = CARTESIAN_POINT('',(0.9525,-4.699,0.85852));
#2026 = CARTESIAN_POINT('',(1.11252,-4.699,0.85852));
#2027 = ORIENTED_EDGE('',*,*,#2028,.F.);
#2028 = EDGE_CURVE('',#2029,#2022,#2031,.T.);
#2029 = VERTEX_POINT('',#2030);
#2030 = CARTESIAN_POINT('',(0.9525,0.16002,0.85852));
#2031 = B_SPLINE_CURVE_WITH_KNOTS('',1,(#2032,#2033),.UNSPECIFIED.,.F.,
  .F.,(2,2),(0.,4.85902),.PIECEWISE_BEZIER_KNOTS.);
#2032 = CARTESIAN_POINT('',(0.9525,0.16002,0.85852));
#2033 = CARTESIAN_POINT('',(0.9525,-4.699,0.85852));
#2034 = ORIENTED_EDGE('',*,*,#2035,.F.);
#2035 = EDGE_CURVE('',#2036,#2029,#2038,.T.);
#2036 = VERTEX_POINT('',#2037);
#2037 = CARTESIAN_POINT('',(-0.9525,0.16002,0.85852));
#2038 = B_SPLINE_CURVE_WITH_KNOTS('',1,(#2039,#2040),.UNSPECIFIED.,.F.,
  .F.,(2,2),(0.,1.905),.PIECEWISE_BEZIER_KNOTS.);
#2039 = CARTESIAN_POINT('',(-0.9525,0.16002,0.85852));
#2040 = CARTESIAN_POINT('',(0.9525,0.16002,0.85852));
#2041 = ORIENTED_EDGE('',*,*,#2042,.F.);
#2042 = EDGE_CURVE('',#2043,#2036,#2045,.T.);
#2043 = VERTEX_POINT('',#2044);
#2044 = CARTESIAN_POINT('',(-0.9525,-4.699,0.85852));
#2045 = B_SPLINE_CURVE_WITH_KNOTS('',1,(#2046,#2047),.UNSPECIFIED.,.F.,
  .F.,(2,2),(0.,4.85902),.PIECEWISE_BEZIER_KNOTS.);
#2046 = CARTESIAN_POINT('',(-0.9525,-4.699,0.85852));
#2047 = CARTESIAN_POINT('',(-0.9525,0.16002,0.85852));
#2048 = ORIENTED_EDGE('',*,*,#2049,.F.);
#2049 = EDGE_CURVE('',#2050,#2043,#2052,.T.);
#2050 = VERTEX_POINT('',#2051);
#2051 = CARTESIAN_POINT('',(-1.11252,-4.699,0.85852));
#2052 = B_SPLINE_CURVE_WITH_KNOTS('',1,(#2053,#2054),.UNSPECIFIED.,.F.,
  .F.,(2,2),(0.,0.16002),.PIECEWISE_BEZIER_KNOTS.);
#2053 = CARTESIAN_POINT('',(-1.11252,-4.699,0.85852));
#2054 = CARTESIAN_POINT('',(-0.9525,-4.699,0.85852));
#2055 = ORIENTED_EDGE('',*,*,#2056,.F.);
#2056 = EDGE_CURVE('',#2057,#2050,#2059,.T.);
#2057 = VERTEX_POINT('',#2058);
#2058 = CARTESIAN_POINT('',(-1.11252,-4.37896,0.85852));
#2059 = B_SPLINE_CURVE_WITH_KNOTS('',1,(#2060,#2061),.UNSPECIFIED.,.F.,
  .F.,(2,2),(0.,0.32004),.PIECEWISE_BEZIER_KNOTS.);
#2060 = CARTESIAN_POINT('',(-1.11252,-4.37896,0.85852));
#2061 = CARTESIAN_POINT('',(-1.11252,-4.699,0.85852));
#2062 = ORIENTED_EDGE('',*,*,#2063,.F.);
#2063 = EDGE_CURVE('',#2064,#2057,#2066,.T.);
#2064 = VERTEX_POINT('',#2065);
#2065 = CARTESIAN_POINT('',(-5.2959,-4.37896,0.85852));
#2066 = B_SPLINE_CURVE_WITH_KNOTS('',1,(#2067,#2068),.UNSPECIFIED.,.F.,
  .F.,(2,2),(0.,4.18338),.PIECEWISE_BEZIER_KNOTS.);
#2067 = CARTESIAN_POINT('',(-5.2959,-4.37896,0.85852));
#2068 = CARTESIAN_POINT('',(-1.11252,-4.37896,0.85852));
#2069 = ORIENTED_EDGE('',*,*,#2070,.F.);
#2070 = EDGE_CURVE('',#2071,#2064,#2073,.T.);
#2071 = VERTEX_POINT('',#2072);
#2072 = CARTESIAN_POINT('',(-5.2959,2.7178,0.85852));
#2073 = B_SPLINE_CURVE_WITH_KNOTS('',1,(#2074,#2075),.UNSPECIFIED.,.F.,
  .F.,(2,2),(-7.09676,0.),.PIECEWISE_BEZIER_KNOTS.);
#2074 = CARTESIAN_POINT('',(-5.2959,2.7178,0.85852));
#2075 = CARTESIAN_POINT('',(-5.2959,-4.37896,0.85852));
#2076 = ORIENTED_EDGE('',*,*,#2077,.T.);
#2077 = EDGE_CURVE('',#2071,#2078,#2080,.T.);
#2078 = VERTEX_POINT('',#2079);
#2079 = CARTESIAN_POINT('',(-2.7559,2.7178,0.85852));
#2080 = B_SPLINE_CURVE_WITH_KNOTS('',1,(#2081,#2082),.UNSPECIFIED.,.F.,
  .F.,(2,2),(0.,2.54),.PIECEWISE_BEZIER_KNOTS.);
#2081 = CARTESIAN_POINT('',(-5.2959,2.7178,0.85852));
#2082 = CARTESIAN_POINT('',(-2.7559,2.7178,0.85852));
#2083 = ORIENTED_EDGE('',*,*,#2084,.T.);
#2084 = EDGE_CURVE('',#2078,#2085,#2087,.T.);
#2085 = VERTEX_POINT('',#2086);
#2086 = CARTESIAN_POINT('',(-2.547718181818,-3.0988,0.85852));
#2087 = B_SPLINE_CURVE_WITH_KNOTS('',1,(#2088,#2089),.UNSPECIFIED.,.F.,
  .F.,(2,2),(0.,5.820324323388),.PIECEWISE_BEZIER_KNOTS.);
#2088 = CARTESIAN_POINT('',(-2.7559,2.7178,0.85852));
#2089 = CARTESIAN_POINT('',(-2.547718181818,-3.0988,0.85852));
#2090 = ORIENTED_EDGE('',*,*,#2091,.T.);
#2091 = EDGE_CURVE('',#2085,#2092,#2094,.T.);
#2092 = VERTEX_POINT('',#2093);
#2093 = CARTESIAN_POINT('',(-1.3589,0.44704,0.85852));
#2094 = ( BOUNDED_CURVE() B_SPLINE_CURVE(2,(#2095,#2096,#2097,#2098,
#2099,#2100,#2101),.UNSPECIFIED.,.F.,.F.) B_SPLINE_CURVE_WITH_KNOTS((3,2
    ,2,3),(0.,0.637237922633,1.215261785277,4.405135138237),
.UNSPECIFIED.) CURVE() GEOMETRIC_REPRESENTATION_ITEM() 
RATIONAL_B_SPLINE_CURVE((1.,1.,1.,0.725826274275,1.,1.,1.)) 
REPRESENTATION_ITEM('') );
#2095 = CARTESIAN_POINT('',(-2.547718181818,-3.0988,0.85852));
#2096 = CARTESIAN_POINT('',(-2.229099220501,-3.0988,0.85852));
#2097 = CARTESIAN_POINT('',(-1.910480259185,-3.0988,0.85852));
#2098 = CARTESIAN_POINT('',(-1.549400000001,-3.0988,0.85852));
#2099 = CARTESIAN_POINT('',(-1.530028924822,-2.738239720686,0.85852));
#2100 = CARTESIAN_POINT('',(-1.444464462411,-1.145599860343,0.85852));
#2101 = CARTESIAN_POINT('',(-1.3589,0.44704,0.85852));
#2102 = ORIENTED_EDGE('',*,*,#2103,.T.);
#2103 = EDGE_CURVE('',#2092,#2104,#2106,.T.);
#2104 = VERTEX_POINT('',#2105);
#2105 = CARTESIAN_POINT('',(1.3589,0.44704,0.85852));
#2106 = B_SPLINE_CURVE_WITH_KNOTS('',1,(#2107,#2108),.UNSPECIFIED.,.F.,
  .F.,(2,2),(0.,2.7178),.PIECEWISE_BEZIER_KNOTS.);
#2107 = CARTESIAN_POINT('',(-1.3589,0.44704,0.85852));
#2108 = CARTESIAN_POINT('',(1.3589,0.44704,0.85852));
#2109 = ORIENTED_EDGE('',*,*,#2110,.T.);
#2110 = EDGE_CURVE('',#2104,#2111,#2113,.T.);
#2111 = VERTEX_POINT('',#2112);
#2112 = CARTESIAN_POINT('',(2.547718181818,-3.0988,0.85852));
#2113 = ( BOUNDED_CURVE() B_SPLINE_CURVE(2,(#2114,#2115,#2116,#2117,
#2118,#2119,#2120),.UNSPECIFIED.,.F.,.F.) B_SPLINE_CURVE_WITH_KNOTS((3,2
    ,2,3),(0.,3.18987335296,3.767897215604,4.405135138237),
.UNSPECIFIED.) CURVE() GEOMETRIC_REPRESENTATION_ITEM() 
RATIONAL_B_SPLINE_CURVE((1.,1.,1.,0.725826274275,1.,1.,1.)) 
REPRESENTATION_ITEM('') );
#2114 = CARTESIAN_POINT('',(1.3589,0.44704,0.85852));
#2115 = CARTESIAN_POINT('',(1.444464462411,-1.145599860343,0.85852));
#2116 = CARTESIAN_POINT('',(1.530028924822,-2.738239720686,0.85852));
#2117 = CARTESIAN_POINT('',(1.549400000001,-3.0988,0.85852));
#2118 = CARTESIAN_POINT('',(1.910480259185,-3.0988,0.85852));
#2119 = CARTESIAN_POINT('',(2.229099220501,-3.0988,0.85852));
#2120 = CARTESIAN_POINT('',(2.547718181818,-3.0988,0.85852));
#2121 = ORIENTED_EDGE('',*,*,#2122,.T.);
#2122 = EDGE_CURVE('',#2111,#2123,#2125,.T.);
#2123 = VERTEX_POINT('',#2124);
#2124 = CARTESIAN_POINT('',(2.7559,2.7178,0.85852));
#2125 = B_SPLINE_CURVE_WITH_KNOTS('',1,(#2126,#2127),.UNSPECIFIED.,.F.,
  .F.,(2,2),(0.,5.820324323388),.PIECEWISE_BEZIER_KNOTS.);
#2126 = CARTESIAN_POINT('',(2.547718181818,-3.0988,0.85852));
#2127 = CARTESIAN_POINT('',(2.7559,2.7178,0.85852));
#2128 = ORIENTED_EDGE('',*,*,#2129,.T.);
#2129 = EDGE_CURVE('',#2123,#2130,#2132,.T.);
#2130 = VERTEX_POINT('',#2131);
#2131 = CARTESIAN_POINT('',(5.2959,2.7178,0.85852));
#2132 = B_SPLINE_CURVE_WITH_KNOTS('',1,(#2133,#2134),.UNSPECIFIED.,.F.,
  .F.,(2,2),(0.,2.54),.PIECEWISE_BEZIER_KNOTS.);
#2133 = CARTESIAN_POINT('',(2.7559,2.7178,0.85852));
#2134 = CARTESIAN_POINT('',(5.2959,2.7178,0.85852));
#2135 = ORIENTED_EDGE('',*,*,#2136,.F.);
#2136 = EDGE_CURVE('',#2137,#2130,#2139,.T.);
#2137 = VERTEX_POINT('',#2138);
#2138 = CARTESIAN_POINT('',(5.2959,-4.37896,0.85852));
#2139 = B_SPLINE_CURVE_WITH_KNOTS('',1,(#2140,#2141),.UNSPECIFIED.,.F.,
  .F.,(2,2),(-7.09676,0.),.PIECEWISE_BEZIER_KNOTS.);
#2140 = CARTESIAN_POINT('',(5.2959,-4.37896,0.85852));
#2141 = CARTESIAN_POINT('',(5.2959,2.7178,0.85852));
#2142 = ORIENTED_EDGE('',*,*,#2143,.F.);
#2143 = EDGE_CURVE('',#2015,#2137,#2144,.T.);
#2144 = B_SPLINE_CURVE_WITH_KNOTS('',1,(#2145,#2146),.UNSPECIFIED.,.F.,
  .F.,(2,2),(0.,4.18338),.PIECEWISE_BEZIER_KNOTS.);
#2145 = CARTESIAN_POINT('',(1.11252,-4.37896,0.85852));
#2146 = CARTESIAN_POINT('',(5.2959,-4.37896,0.85852));
#2147 = PLANE('',#2148);
#2148 = AXIS2_PLACEMENT_3D('',#2149,#2150,#2151);
#2149 = CARTESIAN_POINT('',(6.385277173822,3.489677173822,0.85852));
#2150 = DIRECTION('',(0.,0.,-1.));
#2151 = DIRECTION('',(-1.,0.,-0.));
#2152 = ( GEOMETRIC_REPRESENTATION_CONTEXT(3) 
GLOBAL_UNCERTAINTY_ASSIGNED_CONTEXT((#2156)) 
GLOBAL_UNIT_ASSIGNED_CONTEXT((#2153,#2154,#2155)) REPRESENTATION_CONTEXT
('Context #1','3D Context with UNIT and UNCERTAINTY') );
#2153 = ( LENGTH_UNIT() NAMED_UNIT(*) SI_UNIT(.MILLI.,.METRE.) );
#2154 = ( NAMED_UNIT(*) PLANE_ANGLE_UNIT() SI_UNIT($,.RADIAN.) );
#2155 = ( NAMED_UNIT(*) SI_UNIT($,.STERADIAN.) SOLID_ANGLE_UNIT() );
#2156 = UNCERTAINTY_MEASURE_WITH_UNIT(LENGTH_MEASURE(1.E-07),#2153,
  'distance_accuracy_value','confusion accuracy');
#2157 = CONTEXT_DEPENDENT_SHAPE_REPRESENTATION(#2158,#2160);
#2158 = ( REPRESENTATION_RELATIONSHIP('','',#2005,#10) 
REPRESENTATION_RELATIONSHIP_WITH_TRANSFORMATION(#2159) 
SHAPE_REPRESENTATION_RELATIONSHIP() );
#2159 = ITEM_DEFINED_TRANSFORMATION('','',#11,#19);
#2160 = PRODUCT_DEFINITION_SHAPE('Placement','Placement of an item',
  #2161);
#2161 = NEXT_ASSEMBLY_USAGE_OCCURRENCE('163','Document001','',#5,#2000,$
  );
#2162 = PRODUCT_RELATED_PRODUCT_CATEGORY('part',$,(#2002));
#2163 = SHAPE_DEFINITION_REPRESENTATION(#2164,#2170);
#2164 = PRODUCT_DEFINITION_SHAPE('','',#2165);
#2165 = PRODUCT_DEFINITION('design','',#2166,#2169);
#2166 = PRODUCT_DEFINITION_FORMATION('','',#2167);
#2167 = PRODUCT('Document002','Document002','',(#2168));
#2168 = PRODUCT_CONTEXT('',#2,'mechanical');
#2169 = PRODUCT_DEFINITION_CONTEXT('part definition',#2,'design');
#2170 = MANIFOLD_SURFACE_SHAPE_REPRESENTATION('',(#11,#2171),#2209);
#2171 = SHELL_BASED_SURFACE_MODEL('',(#2172));
#2172 = OPEN_SHELL('',(#2173));
#2173 = ADVANCED_FACE('',(#2174),#2204,.T.);
#2174 = FACE_BOUND('',#2175,.T.);
#2175 = EDGE_LOOP('',(#2176,#2185,#2192,#2199));
#2176 = ORIENTED_EDGE('',*,*,#2177,.T.);
#2177 = EDGE_CURVE('',#2178,#2180,#2182,.T.);
#2178 = VERTEX_POINT('',#2179);
#2179 = CARTESIAN_POINT('',(6.6802,5.32312951049,2.2352));
#2180 = VERTEX_POINT('',#2181);
#2181 = CARTESIAN_POINT('',(6.6802,5.32312951049,4.7752));
#2182 = B_SPLINE_CURVE_WITH_KNOTS('',1,(#2183,#2184),.UNSPECIFIED.,.F.,
  .F.,(2,2),(0.,2.54),.PIECEWISE_BEZIER_KNOTS.);
#2183 = CARTESIAN_POINT('',(6.6802,5.32312951049,2.2352));
#2184 = CARTESIAN_POINT('',(6.6802,5.32312951049,4.7752));
#2185 = ORIENTED_EDGE('',*,*,#2186,.T.);
#2186 = EDGE_CURVE('',#2180,#2187,#2189,.T.);
#2187 = VERTEX_POINT('',#2188);
#2188 = CARTESIAN_POINT('',(6.6802,4.61264,4.7752));
#2189 = B_SPLINE_CURVE_WITH_KNOTS('',1,(#2190,#2191),.UNSPECIFIED.,.F.,
  .F.,(2,2),(0.,0.71048951049),.PIECEWISE_BEZIER_KNOTS.);
#2190 = CARTESIAN_POINT('',(6.6802,5.32312951049,4.7752));
#2191 = CARTESIAN_POINT('',(6.6802,4.61264,4.7752));
#2192 = ORIENTED_EDGE('',*,*,#2193,.T.);
#2193 = EDGE_CURVE('',#2187,#2194,#2196,.T.);
#2194 = VERTEX_POINT('',#2195);
#2195 = CARTESIAN_POINT('',(6.6802,4.61264,2.2352));
#2196 = B_SPLINE_CURVE_WITH_KNOTS('',1,(#2197,#2198),.UNSPECIFIED.,.F.,
  .F.,(2,2),(0.,2.54),.PIECEWISE_BEZIER_KNOTS.);
#2197 = CARTESIAN_POINT('',(6.6802,4.61264,4.7752));
#2198 = CARTESIAN_POINT('',(6.6802,4.61264,2.2352));
#2199 = ORIENTED_EDGE('',*,*,#2200,.F.);
#2200 = EDGE_CURVE('',#2178,#2194,#2201,.T.);
#2201 = B_SPLINE_CURVE_WITH_KNOTS('',1,(#2202,#2203),.UNSPECIFIED.,.F.,
  .F.,(2,2),(-0.71048951049,0.),.PIECEWISE_BEZIER_KNOTS.);
#2202 = CARTESIAN_POINT('',(6.6802,5.32312951049,2.2352));
#2203 = CARTESIAN_POINT('',(6.6802,4.61264,2.2352));
#2204 = PLANE('',#2205);
#2205 = AXIS2_PLACEMENT_3D('',#2206,#2207,#2208);
#2206 = CARTESIAN_POINT('',(6.6802,6.024375635361,1.951002826178));
#2207 = DIRECTION('',(1.,0.,0.));
#2208 = DIRECTION('',(-0.,0.,1.));
#2209 = ( GEOMETRIC_REPRESENTATION_CONTEXT(3) 
GLOBAL_UNCERTAINTY_ASSIGNED_CONTEXT((#2213)) 
GLOBAL_UNIT_ASSIGNED_CONTEXT((#2210,#2211,#2212)) REPRESENTATION_CONTEXT
('Context #1','3D Context with UNIT and UNCERTAINTY') );
#2210 = ( LENGTH_UNIT() NAMED_UNIT(*) SI_UNIT(.MILLI.,.METRE.) );
#2211 = ( NAMED_UNIT(*) PLANE_ANGLE_UNIT() SI_UNIT($,.RADIAN.) );
#2212 = ( NAMED_UNIT(*) SI_UNIT($,.STERADIAN.) SOLID_ANGLE_UNIT() );
#2213 = UNCERTAINTY_MEASURE_WITH_UNIT(LENGTH_MEASURE(1.E-07),#2210,
  'distance_accuracy_value','confusion accuracy');
#2214 = CONTEXT_DEPENDENT_SHAPE_REPRESENTATION(#2215,#2217);
#2215 = ( REPRESENTATION_RELATIONSHIP('','',#2170,#10) 
REPRESENTATION_RELATIONSHIP_WITH_TRANSFORMATION(#2216) 
SHAPE_REPRESENTATION_RELATIONSHIP() );
#2216 = ITEM_DEFINED_TRANSFORMATION('','',#11,#23);
#2217 = PRODUCT_DEFINITION_SHAPE('Placement','Placement of an item',
  #2218);
#2218 = NEXT_ASSEMBLY_USAGE_OCCURRENCE('164','Document002','',#5,#2165,$
  );
#2219 = PRODUCT_RELATED_PRODUCT_CATEGORY('part',$,(#2167));
#2220 = SHAPE_DEFINITION_REPRESENTATION(#2221,#2227);
#2221 = PRODUCT_DEFINITION_SHAPE('','',#2222);
#2222 = PRODUCT_DEFINITION('design','',#2223,#2226);
#2223 = PRODUCT_DEFINITION_FORMATION('','',#2224);
#2224 = PRODUCT('Document003','Document003','',(#2225));
#2225 = PRODUCT_CONTEXT('',#2,'mechanical');
#2226 = PRODUCT_DEFINITION_CONTEXT('part definition',#2,'design');
#2227 = MANIFOLD_SURFACE_SHAPE_REPRESENTATION('',(#11,#2228),#2266);
#2228 = SHELL_BASED_SURFACE_MODEL('',(#2229));
#2229 = OPEN_SHELL('',(#2230));
#2230 = ADVANCED_FACE('',(#2231),#2261,.T.);
#2231 = FACE_BOUND('',#2232,.T.);
#2232 = EDGE_LOOP('',(#2233,#2242,#2249,#2256));
#2233 = ORIENTED_EDGE('',*,*,#2234,.T.);
#2234 = EDGE_CURVE('',#2235,#2237,#2239,.T.);
#2235 = VERTEX_POINT('',#2236);
#2236 = CARTESIAN_POINT('',(-6.6802,5.32312951049,2.2352));
#2237 = VERTEX_POINT('',#2238);
#2238 = CARTESIAN_POINT('',(-6.6802,4.61264,2.2352));
#2239 = B_SPLINE_CURVE_WITH_KNOTS('',1,(#2240,#2241),.UNSPECIFIED.,.F.,
  .F.,(2,2),(0.,0.71048951049),.PIECEWISE_BEZIER_KNOTS.);
#2240 = CARTESIAN_POINT('',(-6.6802,5.32312951049,2.2352));
#2241 = CARTESIAN_POINT('',(-6.6802,4.61264,2.2352));
#2242 = ORIENTED_EDGE('',*,*,#2243,.F.);
#2243 = EDGE_CURVE('',#2244,#2237,#2246,.T.);
#2244 = VERTEX_POINT('',#2245);
#2245 = CARTESIAN_POINT('',(-6.6802,4.61264,4.7752));
#2246 = B_SPLINE_CURVE_WITH_KNOTS('',1,(#2247,#2248),.UNSPECIFIED.,.F.,
  .F.,(2,2),(-2.54,0.),.PIECEWISE_BEZIER_KNOTS.);
#2247 = CARTESIAN_POINT('',(-6.6802,4.61264,4.7752));
#2248 = CARTESIAN_POINT('',(-6.6802,4.61264,2.2352));
#2249 = ORIENTED_EDGE('',*,*,#2250,.F.);
#2250 = EDGE_CURVE('',#2251,#2244,#2253,.T.);
#2251 = VERTEX_POINT('',#2252);
#2252 = CARTESIAN_POINT('',(-6.6802,5.32312951049,4.7752));
#2253 = B_SPLINE_CURVE_WITH_KNOTS('',1,(#2254,#2255),.UNSPECIFIED.,.F.,
  .F.,(2,2),(-0.71048951049,0.),.PIECEWISE_BEZIER_KNOTS.);
#2254 = CARTESIAN_POINT('',(-6.6802,5.32312951049,4.7752));
#2255 = CARTESIAN_POINT('',(-6.6802,4.61264,4.7752));
#2256 = ORIENTED_EDGE('',*,*,#2257,.F.);
#2257 = EDGE_CURVE('',#2235,#2251,#2258,.T.);
#2258 = B_SPLINE_CURVE_WITH_KNOTS('',1,(#2259,#2260),.UNSPECIFIED.,.F.,
  .F.,(2,2),(-2.54,0.),.PIECEWISE_BEZIER_KNOTS.);
#2259 = CARTESIAN_POINT('',(-6.6802,5.32312951049,2.2352));
#2260 = CARTESIAN_POINT('',(-6.6802,5.32312951049,4.7752));
#2261 = PLANE('',#2262);
#2262 = AXIS2_PLACEMENT_3D('',#2263,#2264,#2265);
#2263 = CARTESIAN_POINT('',(-6.6802,6.024375635361,1.951002826178));
#2264 = DIRECTION('',(-1.,0.,0.));
#2265 = DIRECTION('',(0.,0.,-1.));
#2266 = ( GEOMETRIC_REPRESENTATION_CONTEXT(3) 
GLOBAL_UNCERTAINTY_ASSIGNED_CONTEXT((#2270)) 
GLOBAL_UNIT_ASSIGNED_CONTEXT((#2267,#2268,#2269)) REPRESENTATION_CONTEXT
('Context #1','3D Context with UNIT and UNCERTAINTY') );
#2267 = ( LENGTH_UNIT() NAMED_UNIT(*) SI_UNIT(.MILLI.,.METRE.) );
#2268 = ( NAMED_UNIT(*) PLANE_ANGLE_UNIT() SI_UNIT($,.RADIAN.) );
#2269 = ( NAMED_UNIT(*) SI_UNIT($,.STERADIAN.) SOLID_ANGLE_UNIT() );
#2270 = UNCERTAINTY_MEASURE_WITH_UNIT(LENGTH_MEASURE(1.E-07),#2267,
  'distance_accuracy_value','confusion accuracy');
#2271 = CONTEXT_DEPENDENT_SHAPE_REPRESENTATION(#2272,#2274);
#2272 = ( REPRESENTATION_RELATIONSHIP('','',#2227,#10) 
REPRESENTATION_RELATIONSHIP_WITH_TRANSFORMATION(#2273) 
SHAPE_REPRESENTATION_RELATIONSHIP() );
#2273 = ITEM_DEFINED_TRANSFORMATION('','',#11,#27);
#2274 = PRODUCT_DEFINITION_SHAPE('Placement','Placement of an item',
  #2275);
#2275 = NEXT_ASSEMBLY_USAGE_OCCURRENCE('165','Document003','',#5,#2222,$
  );
#2276 = PRODUCT_RELATED_PRODUCT_CATEGORY('part',$,(#2224));
#2277 = SHAPE_DEFINITION_REPRESENTATION(#2278,#2284);
#2278 = PRODUCT_DEFINITION_SHAPE('','',#2279);
#2279 = PRODUCT_DEFINITION('design','',#2280,#2283);
#2280 = PRODUCT_DEFINITION_FORMATION('','',#2281);
#2281 = PRODUCT('Document004','Document004','',(#2282));
#2282 = PRODUCT_CONTEXT('',#2,'mechanical');
#2283 = PRODUCT_DEFINITION_CONTEXT('part definition',#2,'design');
#2284 = MANIFOLD_SURFACE_SHAPE_REPRESENTATION('',(#11,#2285),#2315);
#2285 = SHELL_BASED_SURFACE_MODEL('',(#2286));
#2286 = OPEN_SHELL('',(#2287));
#2287 = ADVANCED_FACE('',(#2288),#2310,.T.);
#2288 = FACE_BOUND('',#2289,.T.);
#2289 = EDGE_LOOP('',(#2290,#2302));
#2290 = ORIENTED_EDGE('',*,*,#2291,.T.);
#2291 = EDGE_CURVE('',#2292,#2294,#2296,.T.);
#2292 = VERTEX_POINT('',#2293);
#2293 = CARTESIAN_POINT('',(-1.9939,-3.699002,7.747));
#2294 = VERTEX_POINT('',#2295);
#2295 = CARTESIAN_POINT('',(-1.9939,-3.699002,8.4582));
#2296 = ( BOUNDED_CURVE() B_SPLINE_CURVE(2,(#2297,#2298,#2299,#2300,
#2301),.UNSPECIFIED.,.F.,.F.) B_SPLINE_CURVE_WITH_KNOTS((3,2,3),(0.,
0.558575173808,1.117150347617),.PIECEWISE_BEZIER_KNOTS.) CURVE() 
GEOMETRIC_REPRESENTATION_ITEM() RATIONAL_B_SPLINE_CURVE((1.,
0.707106781187,1.,0.707106781187,1.)) REPRESENTATION_ITEM('') );
#2297 = CARTESIAN_POINT('',(-1.9939,-3.699002,7.747));
#2298 = CARTESIAN_POINT('',(-1.6383,-3.699002,7.747));
#2299 = CARTESIAN_POINT('',(-1.6383,-3.699002,8.1026));
#2300 = CARTESIAN_POINT('',(-1.6383,-3.699002,8.4582));
#2301 = CARTESIAN_POINT('',(-1.9939,-3.699002,8.4582));
#2302 = ORIENTED_EDGE('',*,*,#2303,.T.);
#2303 = EDGE_CURVE('',#2294,#2292,#2304,.T.);
#2304 = ( BOUNDED_CURVE() B_SPLINE_CURVE(2,(#2305,#2306,#2307,#2308,
#2309),.UNSPECIFIED.,.F.,.F.) B_SPLINE_CURVE_WITH_KNOTS((3,2,3),(0.,
0.558575173808,1.117150347617),.PIECEWISE_BEZIER_KNOTS.) CURVE() 
GEOMETRIC_REPRESENTATION_ITEM() RATIONAL_B_SPLINE_CURVE((1.,
0.707106781187,1.,0.707106781187,1.)) REPRESENTATION_ITEM('') );
#2305 = CARTESIAN_POINT('',(-1.9939,-3.699002,8.4582));
#2306 = CARTESIAN_POINT('',(-2.3495,-3.699002,8.4582));
#2307 = CARTESIAN_POINT('',(-2.3495,-3.699002,8.1026));
#2308 = CARTESIAN_POINT('',(-2.3495,-3.699002,7.747));
#2309 = CARTESIAN_POINT('',(-1.9939,-3.699002,7.747));
#2310 = PLANE('',#2311);
#2311 = AXIS2_PLACEMENT_3D('',#2312,#2313,#2314);
#2312 = CARTESIAN_POINT('',(-0.936982826178,-3.699002,9.159517173822));
#2313 = DIRECTION('',(0.,-1.,0.));
#2314 = DIRECTION('',(0.,-0.,-1.));
#2315 = ( GEOMETRIC_REPRESENTATION_CONTEXT(3) 
GLOBAL_UNCERTAINTY_ASSIGNED_CONTEXT((#2319)) 
GLOBAL_UNIT_ASSIGNED_CONTEXT((#2316,#2317,#2318)) REPRESENTATION_CONTEXT
('Context #1','3D Context with UNIT and UNCERTAINTY') );
#2316 = ( LENGTH_UNIT() NAMED_UNIT(*) SI_UNIT(.MILLI.,.METRE.) );
#2317 = ( NAMED_UNIT(*) PLANE_ANGLE_UNIT() SI_UNIT($,.RADIAN.) );
#2318 = ( NAMED_UNIT(*) SI_UNIT($,.STERADIAN.) SOLID_ANGLE_UNIT() );
#2319 = UNCERTAINTY_MEASURE_WITH_UNIT(LENGTH_MEASURE(1.E-07),#2316,
  'distance_accuracy_value','confusion accuracy');
#2320 = CONTEXT_DEPENDENT_SHAPE_REPRESENTATION(#2321,#2323);
#2321 = ( REPRESENTATION_RELATIONSHIP('','',#2284,#10) 
REPRESENTATION_RELATIONSHIP_WITH_TRANSFORMATION(#2322) 
SHAPE_REPRESENTATION_RELATIONSHIP() );
#2322 = ITEM_DEFINED_TRANSFORMATION('','',#11,#31);
#2323 = PRODUCT_DEFINITION_SHAPE('Placement','Placement of an item',
  #2324);
#2324 = NEXT_ASSEMBLY_USAGE_OCCURRENCE('166','Document004','',#5,#2279,$
  );
#2325 = PRODUCT_RELATED_PRODUCT_CATEGORY('part',$,(#2281));
#2326 = SHAPE_DEFINITION_REPRESENTATION(#2327,#2333);
#2327 = PRODUCT_DEFINITION_SHAPE('','',#2328);
#2328 = PRODUCT_DEFINITION('design','',#2329,#2332);
#2329 = PRODUCT_DEFINITION_FORMATION('','',#2330);
#2330 = PRODUCT('Document005','Document005','',(#2331));
#2331 = PRODUCT_CONTEXT('',#2,'mechanical');
#2332 = PRODUCT_DEFINITION_CONTEXT('part definition',#2,'design');
#2333 = MANIFOLD_SURFACE_SHAPE_REPRESENTATION('',(#11,#2334),#2364);
#2334 = SHELL_BASED_SURFACE_MODEL('',(#2335));
#2335 = OPEN_SHELL('',(#2336));
#2336 = ADVANCED_FACE('',(#2337),#2359,.T.);
#2337 = FACE_BOUND('',#2338,.T.);
#2338 = EDGE_LOOP('',(#2339,#2351));
#2339 = ORIENTED_EDGE('',*,*,#2340,.T.);
#2340 = EDGE_CURVE('',#2341,#2343,#2345,.T.);
#2341 = VERTEX_POINT('',#2342);
#2342 = CARTESIAN_POINT('',(-2.5019,-3.699002,5.7404));
#2343 = VERTEX_POINT('',#2344);
#2344 = CARTESIAN_POINT('',(-2.5019,-3.699002,6.4516));
#2345 = ( BOUNDED_CURVE() B_SPLINE_CURVE(2,(#2346,#2347,#2348,#2349,
#2350),.UNSPECIFIED.,.F.,.F.) B_SPLINE_CURVE_WITH_KNOTS((3,2,3),(0.,
0.558575173808,1.117150347617),.PIECEWISE_BEZIER_KNOTS.) CURVE() 
GEOMETRIC_REPRESENTATION_ITEM() RATIONAL_B_SPLINE_CURVE((1.,
0.707106781187,1.,0.707106781187,1.)) REPRESENTATION_ITEM('') );
#2346 = CARTESIAN_POINT('',(-2.5019,-3.699002,5.7404));
#2347 = CARTESIAN_POINT('',(-2.1463,-3.699002,5.7404));
#2348 = CARTESIAN_POINT('',(-2.1463,-3.699002,6.096));
#2349 = CARTESIAN_POINT('',(-2.1463,-3.699002,6.4516));
#2350 = CARTESIAN_POINT('',(-2.5019,-3.699002,6.4516));
#2351 = ORIENTED_EDGE('',*,*,#2352,.T.);
#2352 = EDGE_CURVE('',#2343,#2341,#2353,.T.);
#2353 = ( BOUNDED_CURVE() B_SPLINE_CURVE(2,(#2354,#2355,#2356,#2357,
#2358),.UNSPECIFIED.,.F.,.F.) B_SPLINE_CURVE_WITH_KNOTS((3,2,3),(0.,
0.558575173808,1.117150347617),.PIECEWISE_BEZIER_KNOTS.) CURVE() 
GEOMETRIC_REPRESENTATION_ITEM() RATIONAL_B_SPLINE_CURVE((1.,
0.707106781187,1.,0.707106781187,1.)) REPRESENTATION_ITEM('') );
#2354 = CARTESIAN_POINT('',(-2.5019,-3.699002,6.4516));
#2355 = CARTESIAN_POINT('',(-2.8575,-3.699002,6.4516));
#2356 = CARTESIAN_POINT('',(-2.8575,-3.699002,6.096));
#2357 = CARTESIAN_POINT('',(-2.8575,-3.699002,5.7404));
#2358 = CARTESIAN_POINT('',(-2.5019,-3.699002,5.7404));
#2359 = PLANE('',#2360);
#2360 = AXIS2_PLACEMENT_3D('',#2361,#2362,#2363);
#2361 = CARTESIAN_POINT('',(-1.444982826178,-3.699002,7.152917173822));
#2362 = DIRECTION('',(0.,-1.,0.));
#2363 = DIRECTION('',(0.,-0.,-1.));
#2364 = ( GEOMETRIC_REPRESENTATION_CONTEXT(3) 
GLOBAL_UNCERTAINTY_ASSIGNED_CONTEXT((#2368)) 
GLOBAL_UNIT_ASSIGNED_CONTEXT((#2365,#2366,#2367)) REPRESENTATION_CONTEXT
('Context #1','3D Context with UNIT and UNCERTAINTY') );
#2365 = ( LENGTH_UNIT() NAMED_UNIT(*) SI_UNIT(.MILLI.,.METRE.) );
#2366 = ( NAMED_UNIT(*) PLANE_ANGLE_UNIT() SI_UNIT($,.RADIAN.) );
#2367 = ( NAMED_UNIT(*) SI_UNIT($,.STERADIAN.) SOLID_ANGLE_UNIT() );
#2368 = UNCERTAINTY_MEASURE_WITH_UNIT(LENGTH_MEASURE(1.E-07),#2365,
  'distance_accuracy_value','confusion accuracy');
#2369 = CONTEXT_DEPENDENT_SHAPE_REPRESENTATION(#2370,#2372);
#2370 = ( REPRESENTATION_RELATIONSHIP('','',#2333,#10) 
REPRESENTATION_RELATIONSHIP_WITH_TRANSFORMATION(#2371) 
SHAPE_REPRESENTATION_RELATIONSHIP() );
#2371 = ITEM_DEFINED_TRANSFORMATION('','',#11,#35);
#2372 = PRODUCT_DEFINITION_SHAPE('Placement','Placement of an item',
  #2373);
#2373 = NEXT_ASSEMBLY_USAGE_OCCURRENCE('167','Document005','',#5,#2328,$
  );
#2374 = PRODUCT_RELATED_PRODUCT_CATEGORY('part',$,(#2330));
#2375 = SHAPE_DEFINITION_REPRESENTATION(#2376,#2382);
#2376 = PRODUCT_DEFINITION_SHAPE('','',#2377);
#2377 = PRODUCT_DEFINITION('design','',#2378,#2381);
#2378 = PRODUCT_DEFINITION_FORMATION('','',#2379);
#2379 = PRODUCT('Document006','Document006','',(#2380));
#2380 = PRODUCT_CONTEXT('',#2,'mechanical');
#2381 = PRODUCT_DEFINITION_CONTEXT('part definition',#2,'design');
#2382 = MANIFOLD_SURFACE_SHAPE_REPRESENTATION('',(#11,#2383),#2413);
#2383 = SHELL_BASED_SURFACE_MODEL('',(#2384));
#2384 = OPEN_SHELL('',(#2385));
#2385 = ADVANCED_FACE('',(#2386),#2408,.T.);
#2386 = FACE_BOUND('',#2387,.T.);
#2387 = EDGE_LOOP('',(#2388,#2400));
#2388 = ORIENTED_EDGE('',*,*,#2389,.T.);
#2389 = EDGE_CURVE('',#2390,#2392,#2394,.T.);
#2390 = VERTEX_POINT('',#2391);
#2391 = CARTESIAN_POINT('',(-1.0033,-3.699002,3.7592));
#2392 = VERTEX_POINT('',#2393);
#2393 = CARTESIAN_POINT('',(-1.0033,-3.699002,4.4704));
#2394 = ( BOUNDED_CURVE() B_SPLINE_CURVE(2,(#2395,#2396,#2397,#2398,
#2399),.UNSPECIFIED.,.F.,.F.) B_SPLINE_CURVE_WITH_KNOTS((3,2,3),(0.,
0.558575173808,1.117150347617),.PIECEWISE_BEZIER_KNOTS.) CURVE() 
GEOMETRIC_REPRESENTATION_ITEM() RATIONAL_B_SPLINE_CURVE((1.,
0.707106781187,1.,0.707106781187,1.)) REPRESENTATION_ITEM('') );
#2395 = CARTESIAN_POINT('',(-1.0033,-3.699002,3.7592));
#2396 = CARTESIAN_POINT('',(-0.6477,-3.699002,3.7592));
#2397 = CARTESIAN_POINT('',(-0.6477,-3.699002,4.1148));
#2398 = CARTESIAN_POINT('',(-0.6477,-3.699002,4.4704));
#2399 = CARTESIAN_POINT('',(-1.0033,-3.699002,4.4704));
#2400 = ORIENTED_EDGE('',*,*,#2401,.T.);
#2401 = EDGE_CURVE('',#2392,#2390,#2402,.T.);
#2402 = ( BOUNDED_CURVE() B_SPLINE_CURVE(2,(#2403,#2404,#2405,#2406,
#2407),.UNSPECIFIED.,.F.,.F.) B_SPLINE_CURVE_WITH_KNOTS((3,2,3),(0.,
0.558575173808,1.117150347617),.PIECEWISE_BEZIER_KNOTS.) CURVE() 
GEOMETRIC_REPRESENTATION_ITEM() RATIONAL_B_SPLINE_CURVE((1.,
0.707106781187,1.,0.707106781187,1.)) REPRESENTATION_ITEM('') );
#2403 = CARTESIAN_POINT('',(-1.0033,-3.699002,4.4704));
#2404 = CARTESIAN_POINT('',(-1.3589,-3.699002,4.4704));
#2405 = CARTESIAN_POINT('',(-1.3589,-3.699002,4.1148));
#2406 = CARTESIAN_POINT('',(-1.3589,-3.699002,3.7592));
#2407 = CARTESIAN_POINT('',(-1.0033,-3.699002,3.7592));
#2408 = PLANE('',#2409);
#2409 = AXIS2_PLACEMENT_3D('',#2410,#2411,#2412);
#2410 = CARTESIAN_POINT('',(5.361717382198E-02,-3.699002,5.171717173822)
  );
#2411 = DIRECTION('',(0.,-1.,0.));
#2412 = DIRECTION('',(0.,-0.,-1.));
#2413 = ( GEOMETRIC_REPRESENTATION_CONTEXT(3) 
GLOBAL_UNCERTAINTY_ASSIGNED_CONTEXT((#2417)) 
GLOBAL_UNIT_ASSIGNED_CONTEXT((#2414,#2415,#2416)) REPRESENTATION_CONTEXT
('Context #1','3D Context with UNIT and UNCERTAINTY') );
#2414 = ( LENGTH_UNIT() NAMED_UNIT(*) SI_UNIT(.MILLI.,.METRE.) );
#2415 = ( NAMED_UNIT(*) PLANE_ANGLE_UNIT() SI_UNIT($,.RADIAN.) );
#2416 = ( NAMED_UNIT(*) SI_UNIT($,.STERADIAN.) SOLID_ANGLE_UNIT() );
#2417 = UNCERTAINTY_MEASURE_WITH_UNIT(LENGTH_MEASURE(1.E-07),#2414,
  'distance_accuracy_value','confusion accuracy');
#2418 = CONTEXT_DEPENDENT_SHAPE_REPRESENTATION(#2419,#2421);
#2419 = ( REPRESENTATION_RELATIONSHIP('','',#2382,#10) 
REPRESENTATION_RELATIONSHIP_WITH_TRANSFORMATION(#2420) 
SHAPE_REPRESENTATION_RELATIONSHIP() );
#2420 = ITEM_DEFINED_TRANSFORMATION('','',#11,#39);
#2421 = PRODUCT_DEFINITION_SHAPE('Placement','Placement of an item',
  #2422);
#2422 = NEXT_ASSEMBLY_USAGE_OCCURRENCE('168','Document006','',#5,#2377,$
  );
#2423 = PRODUCT_RELATED_PRODUCT_CATEGORY('part',$,(#2379));
#2424 = SHAPE_DEFINITION_REPRESENTATION(#2425,#2431);
#2425 = PRODUCT_DEFINITION_SHAPE('','',#2426);
#2426 = PRODUCT_DEFINITION('design','',#2427,#2430);
#2427 = PRODUCT_DEFINITION_FORMATION('','',#2428);
#2428 = PRODUCT('Document007','Document007','',(#2429));
#2429 = PRODUCT_CONTEXT('',#2,'mechanical');
#2430 = PRODUCT_DEFINITION_CONTEXT('part definition',#2,'design');
#2431 = MANIFOLD_SURFACE_SHAPE_REPRESENTATION('',(#11,#2432),#2462);
#2432 = SHELL_BASED_SURFACE_MODEL('',(#2433));
#2433 = OPEN_SHELL('',(#2434));
#2434 = ADVANCED_FACE('',(#2435),#2457,.T.);
#2435 = FACE_BOUND('',#2436,.T.);
#2436 = EDGE_LOOP('',(#2437,#2449));
#2437 = ORIENTED_EDGE('',*,*,#2438,.T.);
#2438 = EDGE_CURVE('',#2439,#2441,#2443,.T.);
#2439 = VERTEX_POINT('',#2440);
#2440 = CARTESIAN_POINT('',(1.9939,-3.699002,7.747));
#2441 = VERTEX_POINT('',#2442);
#2442 = CARTESIAN_POINT('',(1.9939,-3.699002,8.4582));
#2443 = ( BOUNDED_CURVE() B_SPLINE_CURVE(2,(#2444,#2445,#2446,#2447,
#2448),.UNSPECIFIED.,.F.,.F.) B_SPLINE_CURVE_WITH_KNOTS((3,2,3),(0.,
0.558575173808,1.117150347617),.PIECEWISE_BEZIER_KNOTS.) CURVE() 
GEOMETRIC_REPRESENTATION_ITEM() RATIONAL_B_SPLINE_CURVE((1.,
0.707106781187,1.,0.707106781187,1.)) REPRESENTATION_ITEM('') );
#2444 = CARTESIAN_POINT('',(1.9939,-3.699002,7.747));
#2445 = CARTESIAN_POINT('',(2.3495,-3.699002,7.747));
#2446 = CARTESIAN_POINT('',(2.3495,-3.699002,8.1026));
#2447 = CARTESIAN_POINT('',(2.3495,-3.699002,8.4582));
#2448 = CARTESIAN_POINT('',(1.9939,-3.699002,8.4582));
#2449 = ORIENTED_EDGE('',*,*,#2450,.T.);
#2450 = EDGE_CURVE('',#2441,#2439,#2451,.T.);
#2451 = ( BOUNDED_CURVE() B_SPLINE_CURVE(2,(#2452,#2453,#2454,#2455,
#2456),.UNSPECIFIED.,.F.,.F.) B_SPLINE_CURVE_WITH_KNOTS((3,2,3),(0.,
0.558575173808,1.117150347617),.PIECEWISE_BEZIER_KNOTS.) CURVE() 
GEOMETRIC_REPRESENTATION_ITEM() RATIONAL_B_SPLINE_CURVE((1.,
0.707106781187,1.,0.707106781187,1.)) REPRESENTATION_ITEM('') );
#2452 = CARTESIAN_POINT('',(1.9939,-3.699002,8.4582));
#2453 = CARTESIAN_POINT('',(1.6383,-3.699002,8.4582));
#2454 = CARTESIAN_POINT('',(1.6383,-3.699002,8.1026));
#2455 = CARTESIAN_POINT('',(1.6383,-3.699002,7.747));
#2456 = CARTESIAN_POINT('',(1.9939,-3.699002,7.747));
#2457 = PLANE('',#2458);
#2458 = AXIS2_PLACEMENT_3D('',#2459,#2460,#2461);
#2459 = CARTESIAN_POINT('',(3.050817173822,-3.699002,9.159517173822));
#2460 = DIRECTION('',(0.,-1.,0.));
#2461 = DIRECTION('',(0.,-0.,-1.));
#2462 = ( GEOMETRIC_REPRESENTATION_CONTEXT(3) 
GLOBAL_UNCERTAINTY_ASSIGNED_CONTEXT((#2466)) 
GLOBAL_UNIT_ASSIGNED_CONTEXT((#2463,#2464,#2465)) REPRESENTATION_CONTEXT
('Context #1','3D Context with UNIT and UNCERTAINTY') );
#2463 = ( LENGTH_UNIT() NAMED_UNIT(*) SI_UNIT(.MILLI.,.METRE.) );
#2464 = ( NAMED_UNIT(*) PLANE_ANGLE_UNIT() SI_UNIT($,.RADIAN.) );
#2465 = ( NAMED_UNIT(*) SI_UNIT($,.STERADIAN.) SOLID_ANGLE_UNIT() );
#2466 = UNCERTAINTY_MEASURE_WITH_UNIT(LENGTH_MEASURE(1.E-07),#2463,
  'distance_accuracy_value','confusion accuracy');
#2467 = CONTEXT_DEPENDENT_SHAPE_REPRESENTATION(#2468,#2470);
#2468 = ( REPRESENTATION_RELATIONSHIP('','',#2431,#10) 
REPRESENTATION_RELATIONSHIP_WITH_TRANSFORMATION(#2469) 
SHAPE_REPRESENTATION_RELATIONSHIP() );
#2469 = ITEM_DEFINED_TRANSFORMATION('','',#11,#43);
#2470 = PRODUCT_DEFINITION_SHAPE('Placement','Placement of an item',
  #2471);
#2471 = NEXT_ASSEMBLY_USAGE_OCCURRENCE('169','Document007','',#5,#2426,$
  );
#2472 = PRODUCT_RELATED_PRODUCT_CATEGORY('part',$,(#2428));
#2473 = SHAPE_DEFINITION_REPRESENTATION(#2474,#2480);
#2474 = PRODUCT_DEFINITION_SHAPE('','',#2475);
#2475 = PRODUCT_DEFINITION('design','',#2476,#2479);
#2476 = PRODUCT_DEFINITION_FORMATION('','',#2477);
#2477 = PRODUCT('Document008','Document008','',(#2478));
#2478 = PRODUCT_CONTEXT('',#2,'mechanical');
#2479 = PRODUCT_DEFINITION_CONTEXT('part definition',#2,'design');
#2480 = MANIFOLD_SURFACE_SHAPE_REPRESENTATION('',(#11,#2481),#2511);
#2481 = SHELL_BASED_SURFACE_MODEL('',(#2482));
#2482 = OPEN_SHELL('',(#2483));
#2483 = ADVANCED_FACE('',(#2484),#2506,.T.);
#2484 = FACE_BOUND('',#2485,.T.);
#2485 = EDGE_LOOP('',(#2486,#2498));
#2486 = ORIENTED_EDGE('',*,*,#2487,.T.);
#2487 = EDGE_CURVE('',#2488,#2490,#2492,.T.);
#2488 = VERTEX_POINT('',#2489);
#2489 = CARTESIAN_POINT('',(2.5019,-3.699002,5.7404));
#2490 = VERTEX_POINT('',#2491);
#2491 = CARTESIAN_POINT('',(2.5019,-3.699002,6.4516));
#2492 = ( BOUNDED_CURVE() B_SPLINE_CURVE(2,(#2493,#2494,#2495,#2496,
#2497),.UNSPECIFIED.,.F.,.F.) B_SPLINE_CURVE_WITH_KNOTS((3,2,3),(0.,
0.558575173808,1.117150347617),.PIECEWISE_BEZIER_KNOTS.) CURVE() 
GEOMETRIC_REPRESENTATION_ITEM() RATIONAL_B_SPLINE_CURVE((1.,
0.707106781187,1.,0.707106781187,1.)) REPRESENTATION_ITEM('') );
#2493 = CARTESIAN_POINT('',(2.5019,-3.699002,5.7404));
#2494 = CARTESIAN_POINT('',(2.8575,-3.699002,5.7404));
#2495 = CARTESIAN_POINT('',(2.8575,-3.699002,6.096));
#2496 = CARTESIAN_POINT('',(2.8575,-3.699002,6.4516));
#2497 = CARTESIAN_POINT('',(2.5019,-3.699002,6.4516));
#2498 = ORIENTED_EDGE('',*,*,#2499,.T.);
#2499 = EDGE_CURVE('',#2490,#2488,#2500,.T.);
#2500 = ( BOUNDED_CURVE() B_SPLINE_CURVE(2,(#2501,#2502,#2503,#2504,
#2505),.UNSPECIFIED.,.F.,.F.) B_SPLINE_CURVE_WITH_KNOTS((3,2,3),(0.,
0.558575173808,1.117150347617),.PIECEWISE_BEZIER_KNOTS.) CURVE() 
GEOMETRIC_REPRESENTATION_ITEM() RATIONAL_B_SPLINE_CURVE((1.,
0.707106781187,1.,0.707106781187,1.)) REPRESENTATION_ITEM('') );
#2501 = CARTESIAN_POINT('',(2.5019,-3.699002,6.4516));
#2502 = CARTESIAN_POINT('',(2.1463,-3.699002,6.4516));
#2503 = CARTESIAN_POINT('',(2.1463,-3.699002,6.096));
#2504 = CARTESIAN_POINT('',(2.1463,-3.699002,5.7404));
#2505 = CARTESIAN_POINT('',(2.5019,-3.699002,5.7404));
#2506 = PLANE('',#2507);
#2507 = AXIS2_PLACEMENT_3D('',#2508,#2509,#2510);
#2508 = CARTESIAN_POINT('',(3.558817173822,-3.699002,7.152917173822));
#2509 = DIRECTION('',(0.,-1.,0.));
#2510 = DIRECTION('',(0.,-0.,-1.));
#2511 = ( GEOMETRIC_REPRESENTATION_CONTEXT(3) 
GLOBAL_UNCERTAINTY_ASSIGNED_CONTEXT((#2515)) 
GLOBAL_UNIT_ASSIGNED_CONTEXT((#2512,#2513,#2514)) REPRESENTATION_CONTEXT
('Context #1','3D Context with UNIT and UNCERTAINTY') );
#2512 = ( LENGTH_UNIT() NAMED_UNIT(*) SI_UNIT(.MILLI.,.METRE.) );
#2513 = ( NAMED_UNIT(*) PLANE_ANGLE_UNIT() SI_UNIT($,.RADIAN.) );
#2514 = ( NAMED_UNIT(*) SI_UNIT($,.STERADIAN.) SOLID_ANGLE_UNIT() );
#2515 = UNCERTAINTY_MEASURE_WITH_UNIT(LENGTH_MEASURE(1.E-07),#2512,
  'distance_accuracy_value','confusion accuracy');
#2516 = CONTEXT_DEPENDENT_SHAPE_REPRESENTATION(#2517,#2519);
#2517 = ( REPRESENTATION_RELATIONSHIP('','',#2480,#10) 
REPRESENTATION_RELATIONSHIP_WITH_TRANSFORMATION(#2518) 
SHAPE_REPRESENTATION_RELATIONSHIP() );
#2518 = ITEM_DEFINED_TRANSFORMATION('','',#11,#47);
#2519 = PRODUCT_DEFINITION_SHAPE('Placement','Placement of an item',
  #2520);
#2520 = NEXT_ASSEMBLY_USAGE_OCCURRENCE('170','Document008','',#5,#2475,$
  );
#2521 = PRODUCT_RELATED_PRODUCT_CATEGORY('part',$,(#2477));
#2522 = SHAPE_DEFINITION_REPRESENTATION(#2523,#2529);
#2523 = PRODUCT_DEFINITION_SHAPE('','',#2524);
#2524 = PRODUCT_DEFINITION('design','',#2525,#2528);
#2525 = PRODUCT_DEFINITION_FORMATION('','',#2526);
#2526 = PRODUCT('Document009','Document009','',(#2527));
#2527 = PRODUCT_CONTEXT('',#2,'mechanical');
#2528 = PRODUCT_DEFINITION_CONTEXT('part definition',#2,'design');
#2529 = MANIFOLD_SURFACE_SHAPE_REPRESENTATION('',(#11,#2530),#2560);
#2530 = SHELL_BASED_SURFACE_MODEL('',(#2531));
#2531 = OPEN_SHELL('',(#2532));
#2532 = ADVANCED_FACE('',(#2533),#2555,.T.);
#2533 = FACE_BOUND('',#2534,.T.);
#2534 = EDGE_LOOP('',(#2535,#2547));
#2535 = ORIENTED_EDGE('',*,*,#2536,.T.);
#2536 = EDGE_CURVE('',#2537,#2539,#2541,.T.);
#2537 = VERTEX_POINT('',#2538);
#2538 = CARTESIAN_POINT('',(1.0033,-3.699002,3.7592));
#2539 = VERTEX_POINT('',#2540);
#2540 = CARTESIAN_POINT('',(1.0033,-3.699002,4.4704));
#2541 = ( BOUNDED_CURVE() B_SPLINE_CURVE(2,(#2542,#2543,#2544,#2545,
#2546),.UNSPECIFIED.,.F.,.F.) B_SPLINE_CURVE_WITH_KNOTS((3,2,3),(0.,
0.558575173808,1.117150347617),.PIECEWISE_BEZIER_KNOTS.) CURVE() 
GEOMETRIC_REPRESENTATION_ITEM() RATIONAL_B_SPLINE_CURVE((1.,
0.707106781187,1.,0.707106781187,1.)) REPRESENTATION_ITEM('') );
#2542 = CARTESIAN_POINT('',(1.0033,-3.699002,3.7592));
#2543 = CARTESIAN_POINT('',(1.3589,-3.699002,3.7592));
#2544 = CARTESIAN_POINT('',(1.3589,-3.699002,4.1148));
#2545 = CARTESIAN_POINT('',(1.3589,-3.699002,4.4704));
#2546 = CARTESIAN_POINT('',(1.0033,-3.699002,4.4704));
#2547 = ORIENTED_EDGE('',*,*,#2548,.T.);
#2548 = EDGE_CURVE('',#2539,#2537,#2549,.T.);
#2549 = ( BOUNDED_CURVE() B_SPLINE_CURVE(2,(#2550,#2551,#2552,#2553,
#2554),.UNSPECIFIED.,.F.,.F.) B_SPLINE_CURVE_WITH_KNOTS((3,2,3),(0.,
0.558575173808,1.117150347617),.PIECEWISE_BEZIER_KNOTS.) CURVE() 
GEOMETRIC_REPRESENTATION_ITEM() RATIONAL_B_SPLINE_CURVE((1.,
0.707106781187,1.,0.707106781187,1.)) REPRESENTATION_ITEM('') );
#2550 = CARTESIAN_POINT('',(1.0033,-3.699002,4.4704));
#2551 = CARTESIAN_POINT('',(0.6477,-3.699002,4.4704));
#2552 = CARTESIAN_POINT('',(0.6477,-3.699002,4.1148));
#2553 = CARTESIAN_POINT('',(0.6477,-3.699002,3.7592));
#2554 = CARTESIAN_POINT('',(1.0033,-3.699002,3.7592));
#2555 = PLANE('',#2556);
#2556 = AXIS2_PLACEMENT_3D('',#2557,#2558,#2559);
#2557 = CARTESIAN_POINT('',(2.060217173822,-3.699002,5.171717173822));
#2558 = DIRECTION('',(0.,-1.,0.));
#2559 = DIRECTION('',(0.,-0.,-1.));
#2560 = ( GEOMETRIC_REPRESENTATION_CONTEXT(3) 
GLOBAL_UNCERTAINTY_ASSIGNED_CONTEXT((#2564)) 
GLOBAL_UNIT_ASSIGNED_CONTEXT((#2561,#2562,#2563)) REPRESENTATION_CONTEXT
('Context #1','3D Context with UNIT and UNCERTAINTY') );
#2561 = ( LENGTH_UNIT() NAMED_UNIT(*) SI_UNIT(.MILLI.,.METRE.) );
#2562 = ( NAMED_UNIT(*) PLANE_ANGLE_UNIT() SI_UNIT($,.RADIAN.) );
#2563 = ( NAMED_UNIT(*) SI_UNIT($,.STERADIAN.) SOLID_ANGLE_UNIT() );
#2564 = UNCERTAINTY_MEASURE_WITH_UNIT(LENGTH_MEASURE(1.E-07),#2561,
  'distance_accuracy_value','confusion accuracy');
#2565 = CONTEXT_DEPENDENT_SHAPE_REPRESENTATION(#2566,#2568);
#2566 = ( REPRESENTATION_RELATIONSHIP('','',#2529,#10) 
REPRESENTATION_RELATIONSHIP_WITH_TRANSFORMATION(#2567) 
SHAPE_REPRESENTATION_RELATIONSHIP() );
#2567 = ITEM_DEFINED_TRANSFORMATION('','',#11,#51);
#2568 = PRODUCT_DEFINITION_SHAPE('Placement','Placement of an item',
  #2569);
#2569 = NEXT_ASSEMBLY_USAGE_OCCURRENCE('171','Document009','',#5,#2524,$
  );
#2570 = PRODUCT_RELATED_PRODUCT_CATEGORY('part',$,(#2526));
#2571 = SHAPE_DEFINITION_REPRESENTATION(#2572,#2578);
#2572 = PRODUCT_DEFINITION_SHAPE('','',#2573);
#2573 = PRODUCT_DEFINITION('design','',#2574,#2577);
#2574 = PRODUCT_DEFINITION_FORMATION('','',#2575);
#2575 = PRODUCT('Document010','Document010','',(#2576));
#2576 = PRODUCT_CONTEXT('',#2,'mechanical');
#2577 = PRODUCT_DEFINITION_CONTEXT('part definition',#2,'design');
#2578 = MANIFOLD_SURFACE_SHAPE_REPRESENTATION('',(#11,#2579),#10326);
#2579 = SHELL_BASED_SURFACE_MODEL('',(#2580));
#2580 = OPEN_SHELL('',(#2581,#2617,#2645,#2673,#2693,#2841,#2881,#2910,
    #2933,#2955,#3036,#3059,#3116,#3139,#3155,#3183,#3213,#3241,#3305,
    #3321,#3351,#3381,#3398,#3568,#3596,#3624,#3680,#3708,#3736,#3764,
    #3792,#3822,#3850,#3878,#3906,#3936,#3964,#3992,#4020,#4076,#4104,
    #4132,#4160,#4188,#4217,#4328,#4348,#4368,#4388,#4408,#4428,#4524,
    #4625,#4714,#4731,#4825,#4856,#4950,#4967,#4984,#5001,#5095,#5126,
    #5220,#5232,#5275,#5298,#5335,#5429,#5446,#5477,#5489,#5585,#5686,
    #5775,#5792,#5886,#5917,#6011,#6028,#6045,#6062,#6156,#6187,#6281,
    #6293,#6389,#6490,#6579,#6596,#6690,#6721,#6815,#6832,#6849,#6866,
    #6960,#6991,#7085,#7097,#7193,#7294,#7383,#7400,#7494,#7525,#7619,
    #7636,#7653,#7670,#7764,#7795,#7889,#7901,#7997,#8098,#8121,#8222,
    #8259,#8360,#8383,#8406,#8429,#8530,#8567,#8668,#8684,#8705,#8735,
    #8763,#8793,#8821,#8841,#8869,#8897,#8925,#8981,#9287,#9350,#9399,
    #9431,#9463,#9479,#9567,#9590,#9695,#9711,#9722,#9734,#9757,#9774,
    #9797,#9808,#9824,#9836,#9858,#9894,#9910,#9926,#9942,#9954,#9966,
    #9978,#9990,#10012,#10034,#10056,#10078,#10094,#10108,#10146,#10184,
    #10203,#10222,#10238,#10266,#10288,#10310));
#2581 = ADVANCED_FACE('',(#2582),#2612,.T.);
#2582 = FACE_BOUND('',#2583,.T.);
#2583 = EDGE_LOOP('',(#2584,#2593,#2600,#2607));
#2584 = ORIENTED_EDGE('',*,*,#2585,.T.);
#2585 = EDGE_CURVE('',#2586,#2588,#2590,.T.);
#2586 = VERTEX_POINT('',#2587);
#2587 = CARTESIAN_POINT('',(-7.00024,5.88264,2.2352));
#2588 = VERTEX_POINT('',#2589);
#2589 = CARTESIAN_POINT('',(-7.00024,4.61264,2.2352));
#2590 = B_SPLINE_CURVE_WITH_KNOTS('',1,(#2591,#2592),.UNSPECIFIED.,.F.,
  .F.,(2,2),(0.,1.27),.PIECEWISE_BEZIER_KNOTS.);
#2591 = CARTESIAN_POINT('',(-7.00024,5.88264,2.2352));
#2592 = CARTESIAN_POINT('',(-7.00024,4.61264,2.2352));
#2593 = ORIENTED_EDGE('',*,*,#2594,.F.);
#2594 = EDGE_CURVE('',#2595,#2588,#2597,.T.);
#2595 = VERTEX_POINT('',#2596);
#2596 = CARTESIAN_POINT('',(-6.6802,4.61264,2.2352));
#2597 = B_SPLINE_CURVE_WITH_KNOTS('',1,(#2598,#2599),.UNSPECIFIED.,.F.,
  .F.,(2,2),(0.,0.32004),.PIECEWISE_BEZIER_KNOTS.);
#2598 = CARTESIAN_POINT('',(-6.6802,4.61264,2.2352));
#2599 = CARTESIAN_POINT('',(-7.00024,4.61264,2.2352));
#2600 = ORIENTED_EDGE('',*,*,#2601,.F.);
#2601 = EDGE_CURVE('',#2602,#2595,#2604,.T.);
#2602 = VERTEX_POINT('',#2603);
#2603 = CARTESIAN_POINT('',(-6.6802,5.32312951049,2.2352));
#2604 = B_SPLINE_CURVE_WITH_KNOTS('',1,(#2605,#2606),.UNSPECIFIED.,.F.,
  .F.,(2,2),(0.,0.71048951049),.PIECEWISE_BEZIER_KNOTS.);
#2605 = CARTESIAN_POINT('',(-6.6802,5.32312951049,2.2352));
#2606 = CARTESIAN_POINT('',(-6.6802,4.61264,2.2352));
#2607 = ORIENTED_EDGE('',*,*,#2608,.F.);
#2608 = EDGE_CURVE('',#2586,#2602,#2609,.T.);
#2609 = B_SPLINE_CURVE_WITH_KNOTS('',1,(#2610,#2611),.UNSPECIFIED.,.F.,
  .F.,(2,2),(-0.64457551107,0.),.PIECEWISE_BEZIER_KNOTS.);
#2610 = CARTESIAN_POINT('',(-7.00024,5.88264,2.2352));
#2611 = CARTESIAN_POINT('',(-6.6802,5.32312951049,2.2352));
#2612 = PLANE('',#2613);
#2613 = AXIS2_PLACEMENT_3D('',#2614,#2615,#2616);
#2614 = CARTESIAN_POINT('',(-7.662441173822,4.455442826178,2.2352));
#2615 = DIRECTION('',(0.,0.,1.));
#2616 = DIRECTION('',(1.,0.,-0.));
#2617 = ADVANCED_FACE('',(#2618),#2640,.T.);
#2618 = FACE_BOUND('',#2619,.T.);
#2619 = EDGE_LOOP('',(#2620,#2621,#2628,#2635));
#2620 = ORIENTED_EDGE('',*,*,#2608,.T.);
#2621 = ORIENTED_EDGE('',*,*,#2622,.T.);
#2622 = EDGE_CURVE('',#2602,#2623,#2625,.T.);
#2623 = VERTEX_POINT('',#2624);
#2624 = CARTESIAN_POINT('',(-6.6802,5.32312951049,4.7752));
#2625 = B_SPLINE_CURVE_WITH_KNOTS('',1,(#2626,#2627),.UNSPECIFIED.,.F.,
  .F.,(2,2),(-2.54,0.),.PIECEWISE_BEZIER_KNOTS.);
#2626 = CARTESIAN_POINT('',(-6.6802,5.32312951049,2.2352));
#2627 = CARTESIAN_POINT('',(-6.6802,5.32312951049,4.7752));
#2628 = ORIENTED_EDGE('',*,*,#2629,.T.);
#2629 = EDGE_CURVE('',#2623,#2630,#2632,.T.);
#2630 = VERTEX_POINT('',#2631);
#2631 = CARTESIAN_POINT('',(-7.00024,5.88264,4.7752));
#2632 = B_SPLINE_CURVE_WITH_KNOTS('',1,(#2633,#2634),.UNSPECIFIED.,.F.,
  .F.,(2,2),(-0.64457551107,0.),.PIECEWISE_BEZIER_KNOTS.);
#2633 = CARTESIAN_POINT('',(-6.6802,5.32312951049,4.7752));
#2634 = CARTESIAN_POINT('',(-7.00024,5.88264,4.7752));
#2635 = ORIENTED_EDGE('',*,*,#2636,.T.);
#2636 = EDGE_CURVE('',#2630,#2586,#2637,.T.);
#2637 = B_SPLINE_CURVE_WITH_KNOTS('',1,(#2638,#2639),.UNSPECIFIED.,.F.,
  .F.,(2,2),(0.,2.54),.PIECEWISE_BEZIER_KNOTS.);
#2638 = CARTESIAN_POINT('',(-7.00024,5.88264,4.7752));
#2639 = CARTESIAN_POINT('',(-7.00024,5.88264,2.2352));
#2640 = PLANE('',#2641);
#2641 = AXIS2_PLACEMENT_3D('',#2642,#2643,#2644);
#2642 = CARTESIAN_POINT('',(-7.350610656042,6.495176111962,
    1.951002826178));
#2643 = DIRECTION('',(-0.868029392834,-0.496512812701,0.));
#2644 = DIRECTION('',(0.496512812701,-0.868029392834,0.));
#2645 = ADVANCED_FACE('',(#2646),#2668,.T.);
#2646 = FACE_BOUND('',#2647,.T.);
#2647 = EDGE_LOOP('',(#2648,#2649,#2656,#2663));
#2648 = ORIENTED_EDGE('',*,*,#2629,.F.);
#2649 = ORIENTED_EDGE('',*,*,#2650,.T.);
#2650 = EDGE_CURVE('',#2623,#2651,#2653,.T.);
#2651 = VERTEX_POINT('',#2652);
#2652 = CARTESIAN_POINT('',(-6.6802,4.61264,4.7752));
#2653 = B_SPLINE_CURVE_WITH_KNOTS('',1,(#2654,#2655),.UNSPECIFIED.,.F.,
  .F.,(2,2),(-0.71048951049,0.),.PIECEWISE_BEZIER_KNOTS.);
#2654 = CARTESIAN_POINT('',(-6.6802,5.32312951049,4.7752));
#2655 = CARTESIAN_POINT('',(-6.6802,4.61264,4.7752));
#2656 = ORIENTED_EDGE('',*,*,#2657,.T.);
#2657 = EDGE_CURVE('',#2651,#2658,#2660,.T.);
#2658 = VERTEX_POINT('',#2659);
#2659 = CARTESIAN_POINT('',(-7.00024,4.61264,4.7752));
#2660 = B_SPLINE_CURVE_WITH_KNOTS('',1,(#2661,#2662),.UNSPECIFIED.,.F.,
  .F.,(2,2),(-0.32004,0.),.PIECEWISE_BEZIER_KNOTS.);
#2661 = CARTESIAN_POINT('',(-6.6802,4.61264,4.7752));
#2662 = CARTESIAN_POINT('',(-7.00024,4.61264,4.7752));
#2663 = ORIENTED_EDGE('',*,*,#2664,.T.);
#2664 = EDGE_CURVE('',#2658,#2630,#2665,.T.);
#2665 = B_SPLINE_CURVE_WITH_KNOTS('',1,(#2666,#2667),.UNSPECIFIED.,.F.,
  .F.,(2,2),(0.,1.27),.PIECEWISE_BEZIER_KNOTS.);
#2666 = CARTESIAN_POINT('',(-7.00024,4.61264,4.7752));
#2667 = CARTESIAN_POINT('',(-7.00024,5.88264,4.7752));
#2668 = PLANE('',#2669);
#2669 = AXIS2_PLACEMENT_3D('',#2670,#2671,#2672);
#2670 = CARTESIAN_POINT('',(-7.662441173822,4.455442826178,4.7752));
#2671 = DIRECTION('',(0.,0.,-1.));
#2672 = DIRECTION('',(-1.,0.,-0.));
#2673 = ADVANCED_FACE('',(#2674),#2688,.T.);
#2674 = FACE_BOUND('',#2675,.T.);
#2675 = EDGE_LOOP('',(#2676,#2677,#2682,#2683));
#2676 = ORIENTED_EDGE('',*,*,#2594,.T.);
#2677 = ORIENTED_EDGE('',*,*,#2678,.T.);
#2678 = EDGE_CURVE('',#2588,#2658,#2679,.T.);
#2679 = B_SPLINE_CURVE_WITH_KNOTS('',1,(#2680,#2681),.UNSPECIFIED.,.F.,
  .F.,(2,2),(0.,2.54),.PIECEWISE_BEZIER_KNOTS.);
#2680 = CARTESIAN_POINT('',(-7.00024,4.61264,2.2352));
#2681 = CARTESIAN_POINT('',(-7.00024,4.61264,4.7752));
#2682 = ORIENTED_EDGE('',*,*,#2657,.F.);
#2683 = ORIENTED_EDGE('',*,*,#2684,.T.);
#2684 = EDGE_CURVE('',#2651,#2595,#2685,.T.);
#2685 = B_SPLINE_CURVE_WITH_KNOTS('',1,(#2686,#2687),.UNSPECIFIED.,.F.,
  .F.,(2,2),(-2.54,0.),.PIECEWISE_BEZIER_KNOTS.);
#2686 = CARTESIAN_POINT('',(-6.6802,4.61264,4.7752));
#2687 = CARTESIAN_POINT('',(-6.6802,4.61264,2.2352));
#2688 = PLANE('',#2689);
#2689 = AXIS2_PLACEMENT_3D('',#2690,#2691,#2692);
#2690 = CARTESIAN_POINT('',(-6.017998826178,4.61264,1.951002826178));
#2691 = DIRECTION('',(0.,1.,0.));
#2692 = DIRECTION('',(0.,-0.,1.));
#2693 = ADVANCED_FACE('',(#2694,#2830),#2836,.T.);
#2694 = FACE_BOUND('',#2695,.T.);
#2695 = EDGE_LOOP('',(#2696,#2705,#2713,#2720,#2727,#2734,#2741,#2748,
    #2755,#2762,#2769,#2776,#2783,#2790,#2797,#2804,#2811,#2818,#2825));
#2696 = ORIENTED_EDGE('',*,*,#2697,.F.);
#2697 = EDGE_CURVE('',#2698,#2700,#2702,.T.);
#2698 = VERTEX_POINT('',#2699);
#2699 = CARTESIAN_POINT('',(-7.00024,-4.064,12.6746));
#2700 = VERTEX_POINT('',#2701);
#2701 = CARTESIAN_POINT('',(-7.00024,-4.191,12.6746));
#2702 = B_SPLINE_CURVE_WITH_KNOTS('',1,(#2703,#2704),.UNSPECIFIED.,.F.,
  .F.,(2,2),(0.,0.127),.PIECEWISE_BEZIER_KNOTS.);
#2703 = CARTESIAN_POINT('',(-7.00024,-4.064,12.6746));
#2704 = CARTESIAN_POINT('',(-7.00024,-4.191,12.6746));
#2705 = ORIENTED_EDGE('',*,*,#2706,.F.);
#2706 = EDGE_CURVE('',#2707,#2698,#2709,.T.);
#2707 = VERTEX_POINT('',#2708);
#2708 = CARTESIAN_POINT('',(-7.00024,-3.937,12.8016));
#2709 = ( BOUNDED_CURVE() B_SPLINE_CURVE(2,(#2710,#2711,#2712),
.UNSPECIFIED.,.F.,.F.) B_SPLINE_CURVE_WITH_KNOTS((3,3),(-0.199491133503,
0.),.PIECEWISE_BEZIER_KNOTS.) CURVE() GEOMETRIC_REPRESENTATION_ITEM() 
RATIONAL_B_SPLINE_CURVE((1.,0.707106781187,1.)) REPRESENTATION_ITEM('') 
  );
#2710 = CARTESIAN_POINT('',(-7.00024,-3.937,12.8016));
#2711 = CARTESIAN_POINT('',(-7.00024,-3.937,12.6746));
#2712 = CARTESIAN_POINT('',(-7.00024,-4.064,12.6746));
#2713 = ORIENTED_EDGE('',*,*,#2714,.F.);
#2714 = EDGE_CURVE('',#2715,#2707,#2717,.T.);
#2715 = VERTEX_POINT('',#2716);
#2716 = CARTESIAN_POINT('',(-7.00024,-3.937,13.0048));
#2717 = B_SPLINE_CURVE_WITH_KNOTS('',1,(#2718,#2719),.UNSPECIFIED.,.F.,
  .F.,(2,2),(0.,0.2032),.PIECEWISE_BEZIER_KNOTS.);
#2718 = CARTESIAN_POINT('',(-7.00024,-3.937,13.0048));
#2719 = CARTESIAN_POINT('',(-7.00024,-3.937,12.8016));
#2720 = ORIENTED_EDGE('',*,*,#2721,.F.);
#2721 = EDGE_CURVE('',#2722,#2715,#2724,.T.);
#2722 = VERTEX_POINT('',#2723);
#2723 = CARTESIAN_POINT('',(-7.00024,4.699,13.0048));
#2724 = B_SPLINE_CURVE_WITH_KNOTS('',1,(#2725,#2726),.UNSPECIFIED.,.F.,
  .F.,(2,2),(0.,8.636),.PIECEWISE_BEZIER_KNOTS.);
#2725 = CARTESIAN_POINT('',(-7.00024,4.699,13.0048));
#2726 = CARTESIAN_POINT('',(-7.00024,-3.937,13.0048));
#2727 = ORIENTED_EDGE('',*,*,#2728,.F.);
#2728 = EDGE_CURVE('',#2729,#2722,#2731,.T.);
#2729 = VERTEX_POINT('',#2730);
#2730 = CARTESIAN_POINT('',(-7.00024,4.699,12.43076));
#2731 = B_SPLINE_CURVE_WITH_KNOTS('',1,(#2732,#2733),.UNSPECIFIED.,.F.,
  .F.,(2,2),(0.,0.57404),.PIECEWISE_BEZIER_KNOTS.);
#2732 = CARTESIAN_POINT('',(-7.00024,4.699,12.43076));
#2733 = CARTESIAN_POINT('',(-7.00024,4.699,13.0048));
#2734 = ORIENTED_EDGE('',*,*,#2735,.F.);
#2735 = EDGE_CURVE('',#2736,#2729,#2738,.T.);
#2736 = VERTEX_POINT('',#2737);
#2737 = CARTESIAN_POINT('',(-7.00024,8.128,12.43076));
#2738 = B_SPLINE_CURVE_WITH_KNOTS('',1,(#2739,#2740),.UNSPECIFIED.,.F.,
  .F.,(2,2),(0.,3.429),.PIECEWISE_BEZIER_KNOTS.);
#2739 = CARTESIAN_POINT('',(-7.00024,8.128,12.43076));
#2740 = CARTESIAN_POINT('',(-7.00024,4.699,12.43076));
#2741 = ORIENTED_EDGE('',*,*,#2742,.F.);
#2742 = EDGE_CURVE('',#2743,#2736,#2745,.T.);
#2743 = VERTEX_POINT('',#2744);
#2744 = CARTESIAN_POINT('',(-7.00024,8.128,8.45312));
#2745 = B_SPLINE_CURVE_WITH_KNOTS('',1,(#2746,#2747),.UNSPECIFIED.,.F.,
  .F.,(2,2),(0.,3.97764),.PIECEWISE_BEZIER_KNOTS.);
#2746 = CARTESIAN_POINT('',(-7.00024,8.128,8.45312));
#2747 = CARTESIAN_POINT('',(-7.00024,8.128,12.43076));
#2748 = ORIENTED_EDGE('',*,*,#2749,.F.);
#2749 = EDGE_CURVE('',#2750,#2743,#2752,.T.);
#2750 = VERTEX_POINT('',#2751);
#2751 = CARTESIAN_POINT('',(-7.00024,4.699,8.45312));
#2752 = B_SPLINE_CURVE_WITH_KNOTS('',1,(#2753,#2754),.UNSPECIFIED.,.F.,
  .F.,(2,2),(0.,3.429),.PIECEWISE_BEZIER_KNOTS.);
#2753 = CARTESIAN_POINT('',(-7.00024,4.699,8.45312));
#2754 = CARTESIAN_POINT('',(-7.00024,8.128,8.45312));
#2755 = ORIENTED_EDGE('',*,*,#2756,.F.);
#2756 = EDGE_CURVE('',#2757,#2750,#2759,.T.);
#2757 = VERTEX_POINT('',#2758);
#2758 = CARTESIAN_POINT('',(-7.00024,4.699,7.30504));
#2759 = B_SPLINE_CURVE_WITH_KNOTS('',1,(#2760,#2761),.UNSPECIFIED.,.F.,
  .F.,(2,2),(0.,1.14808),.PIECEWISE_BEZIER_KNOTS.);
#2760 = CARTESIAN_POINT('',(-7.00024,4.699,7.30504));
#2761 = CARTESIAN_POINT('',(-7.00024,4.699,8.45312));
#2762 = ORIENTED_EDGE('',*,*,#2763,.F.);
#2763 = EDGE_CURVE('',#2764,#2757,#2766,.T.);
#2764 = VERTEX_POINT('',#2765);
#2765 = CARTESIAN_POINT('',(-7.00024,8.128,7.30504));
#2766 = B_SPLINE_CURVE_WITH_KNOTS('',1,(#2767,#2768),.UNSPECIFIED.,.F.,
  .F.,(2,2),(0.,3.429),.PIECEWISE_BEZIER_KNOTS.);
#2767 = CARTESIAN_POINT('',(-7.00024,8.128,7.30504));
#2768 = CARTESIAN_POINT('',(-7.00024,4.699,7.30504));
#2769 = ORIENTED_EDGE('',*,*,#2770,.F.);
#2770 = EDGE_CURVE('',#2771,#2764,#2773,.T.);
#2771 = VERTEX_POINT('',#2772);
#2772 = CARTESIAN_POINT('',(-7.00024,8.128,0.37592));
#2773 = B_SPLINE_CURVE_WITH_KNOTS('',1,(#2774,#2775),.UNSPECIFIED.,.F.,
  .F.,(2,2),(0.,6.92912),.PIECEWISE_BEZIER_KNOTS.);
#2774 = CARTESIAN_POINT('',(-7.00024,8.128,0.37592));
#2775 = CARTESIAN_POINT('',(-7.00024,8.128,7.30504));
#2776 = ORIENTED_EDGE('',*,*,#2777,.F.);
#2777 = EDGE_CURVE('',#2778,#2771,#2780,.T.);
#2778 = VERTEX_POINT('',#2779);
#2779 = CARTESIAN_POINT('',(-7.00024,1.8288,0.37592));
#2780 = B_SPLINE_CURVE_WITH_KNOTS('',1,(#2781,#2782),.UNSPECIFIED.,.F.,
  .F.,(2,2),(0.,6.2992),.PIECEWISE_BEZIER_KNOTS.);
#2781 = CARTESIAN_POINT('',(-7.00024,1.8288,0.37592));
#2782 = CARTESIAN_POINT('',(-7.00024,8.128,0.37592));
#2783 = ORIENTED_EDGE('',*,*,#2784,.F.);
#2784 = EDGE_CURVE('',#2785,#2778,#2787,.T.);
#2785 = VERTEX_POINT('',#2786);
#2786 = CARTESIAN_POINT('',(-7.00024,1.8288,-2.49428));
#2787 = B_SPLINE_CURVE_WITH_KNOTS('',1,(#2788,#2789),.UNSPECIFIED.,.F.,
  .F.,(2,2),(0.,2.8702),.PIECEWISE_BEZIER_KNOTS.);
#2788 = CARTESIAN_POINT('',(-7.00024,1.8288,-2.49428));
#2789 = CARTESIAN_POINT('',(-7.00024,1.8288,0.37592));
#2790 = ORIENTED_EDGE('',*,*,#2791,.F.);
#2791 = EDGE_CURVE('',#2792,#2785,#2794,.T.);
#2792 = VERTEX_POINT('',#2793);
#2793 = CARTESIAN_POINT('',(-7.00024,1.242212126503,-3.51028));
#2794 = B_SPLINE_CURVE_WITH_KNOTS('',1,(#2795,#2796),.UNSPECIFIED.,.F.,
  .F.,(2,2),(-1.173175746993,0.),.PIECEWISE_BEZIER_KNOTS.);
#2795 = CARTESIAN_POINT('',(-7.00024,1.242212126503,-3.51028));
#2796 = CARTESIAN_POINT('',(-7.00024,1.8288,-2.49428));
#2797 = ORIENTED_EDGE('',*,*,#2798,.F.);
#2798 = EDGE_CURVE('',#2799,#2792,#2801,.T.);
#2799 = VERTEX_POINT('',#2800);
#2800 = CARTESIAN_POINT('',(-7.00024,0.383387873497,-3.51028));
#2801 = B_SPLINE_CURVE_WITH_KNOTS('',1,(#2802,#2803),.UNSPECIFIED.,.F.,
  .F.,(2,2),(0.,0.858824253006),.PIECEWISE_BEZIER_KNOTS.);
#2802 = CARTESIAN_POINT('',(-7.00024,0.383387873497,-3.51028));
#2803 = CARTESIAN_POINT('',(-7.00024,1.242212126503,-3.51028));
#2804 = ORIENTED_EDGE('',*,*,#2805,.F.);
#2805 = EDGE_CURVE('',#2806,#2799,#2808,.T.);
#2806 = VERTEX_POINT('',#2807);
#2807 = CARTESIAN_POINT('',(-7.00024,-0.2032,-2.49428));
#2808 = B_SPLINE_CURVE_WITH_KNOTS('',1,(#2809,#2810),.UNSPECIFIED.,.F.,
  .F.,(2,2),(-1.173175746993,0.),.PIECEWISE_BEZIER_KNOTS.);
#2809 = CARTESIAN_POINT('',(-7.00024,-0.2032,-2.49428));
#2810 = CARTESIAN_POINT('',(-7.00024,0.383387873497,-3.51028));
#2811 = ORIENTED_EDGE('',*,*,#2812,.F.);
#2812 = EDGE_CURVE('',#2813,#2806,#2815,.T.);
#2813 = VERTEX_POINT('',#2814);
#2814 = CARTESIAN_POINT('',(-7.00024,-0.2032,0.37592));
#2815 = B_SPLINE_CURVE_WITH_KNOTS('',1,(#2816,#2817),.UNSPECIFIED.,.F.,
  .F.,(2,2),(0.,2.8702),.PIECEWISE_BEZIER_KNOTS.);
#2816 = CARTESIAN_POINT('',(-7.00024,-0.2032,0.37592));
#2817 = CARTESIAN_POINT('',(-7.00024,-0.2032,-2.49428));
#2818 = ORIENTED_EDGE('',*,*,#2819,.F.);
#2819 = EDGE_CURVE('',#2820,#2813,#2822,.T.);
#2820 = VERTEX_POINT('',#2821);
#2821 = CARTESIAN_POINT('',(-7.00024,-4.191,0.37592));
#2822 = B_SPLINE_CURVE_WITH_KNOTS('',1,(#2823,#2824),.UNSPECIFIED.,.F.,
  .F.,(2,2),(0.,3.9878),.PIECEWISE_BEZIER_KNOTS.);
#2823 = CARTESIAN_POINT('',(-7.00024,-4.191,0.37592));
#2824 = CARTESIAN_POINT('',(-7.00024,-0.2032,0.37592));
#2825 = ORIENTED_EDGE('',*,*,#2826,.F.);
#2826 = EDGE_CURVE('',#2700,#2820,#2827,.T.);
#2827 = B_SPLINE_CURVE_WITH_KNOTS('',1,(#2828,#2829),.UNSPECIFIED.,.F.,
  .F.,(2,2),(0.,12.29868),.PIECEWISE_BEZIER_KNOTS.);
#2828 = CARTESIAN_POINT('',(-7.00024,-4.191,12.6746));
#2829 = CARTESIAN_POINT('',(-7.00024,-4.191,0.37592));
#2830 = FACE_BOUND('',#2831,.T.);
#2831 = EDGE_LOOP('',(#2832,#2833,#2834,#2835));
#2832 = ORIENTED_EDGE('',*,*,#2664,.F.);
#2833 = ORIENTED_EDGE('',*,*,#2678,.F.);
#2834 = ORIENTED_EDGE('',*,*,#2585,.F.);
#2835 = ORIENTED_EDGE('',*,*,#2636,.F.);
#2836 = PLANE('',#2837);
#2837 = AXIS2_PLACEMENT_3D('',#2838,#2839,#2840);
#2838 = CARTESIAN_POINT('',(-7.00024,-5.453097173822,14.686505173822));
#2839 = DIRECTION('',(-1.,0.,0.));
#2840 = DIRECTION('',(0.,0.,-1.));
#2841 = ADVANCED_FACE('',(#2842),#2876,.T.);
#2842 = FACE_BOUND('',#2843,.T.);
#2843 = EDGE_LOOP('',(#2844,#2852,#2853,#2861,#2868));
#2844 = ORIENTED_EDGE('',*,*,#2845,.T.);
#2845 = EDGE_CURVE('',#2846,#2700,#2848,.T.);
#2846 = VERTEX_POINT('',#2847);
#2847 = CARTESIAN_POINT('',(-6.67004,-4.666868847478,12.6746));
#2848 = ( BOUNDED_CURVE() B_SPLINE_CURVE(2,(#2849,#2850,#2851),
.UNSPECIFIED.,.F.,.F.) B_SPLINE_CURVE_WITH_KNOTS((3,3),(-0.61631841336,
0.),.PIECEWISE_BEZIER_KNOTS.) CURVE() GEOMETRIC_REPRESENTATION_ITEM() 
RATIONAL_B_SPLINE_CURVE((1.,0.821583836258,1.)) REPRESENTATION_ITEM('') 
  );
#2849 = CARTESIAN_POINT('',(-6.67004,-4.666868847478,12.6746));
#2850 = CARTESIAN_POINT('',(-7.00024,-4.543495442576,12.6746));
#2851 = CARTESIAN_POINT('',(-7.00024,-4.191,12.6746));
#2852 = ORIENTED_EDGE('',*,*,#2826,.T.);
#2853 = ORIENTED_EDGE('',*,*,#2854,.T.);
#2854 = EDGE_CURVE('',#2820,#2855,#2857,.T.);
#2855 = VERTEX_POINT('',#2856);
#2856 = CARTESIAN_POINT('',(-6.49224,-4.699,0.37592));
#2857 = ( BOUNDED_CURVE() B_SPLINE_CURVE(2,(#2858,#2859,#2860),
.UNSPECIFIED.,.F.,.F.) B_SPLINE_CURVE_WITH_KNOTS((3,3),(-0.797964534012,
0.),.PIECEWISE_BEZIER_KNOTS.) CURVE() GEOMETRIC_REPRESENTATION_ITEM() 
RATIONAL_B_SPLINE_CURVE((1.,0.707106781187,1.)) REPRESENTATION_ITEM('') 
  );
#2858 = CARTESIAN_POINT('',(-7.00024,-4.191,0.37592));
#2859 = CARTESIAN_POINT('',(-7.00024,-4.699,0.37592));
#2860 = CARTESIAN_POINT('',(-6.49224,-4.699,0.37592));
#2861 = ORIENTED_EDGE('',*,*,#2862,.T.);
#2862 = EDGE_CURVE('',#2855,#2863,#2865,.T.);
#2863 = VERTEX_POINT('',#2864);
#2864 = CARTESIAN_POINT('',(-6.49224,-4.699,12.4968));
#2865 = B_SPLINE_CURVE_WITH_KNOTS('',1,(#2866,#2867),.UNSPECIFIED.,.F.,
  .F.,(2,2),(-12.12088,0.),.PIECEWISE_BEZIER_KNOTS.);
#2866 = CARTESIAN_POINT('',(-6.49224,-4.699,0.37592));
#2867 = CARTESIAN_POINT('',(-6.49224,-4.699,12.4968));
#2868 = ORIENTED_EDGE('',*,*,#2869,.T.);
#2869 = EDGE_CURVE('',#2863,#2846,#2870,.T.);
#2870 = B_SPLINE_CURVE_WITH_KNOTS('',3,(#2871,#2872,#2873,#2874,#2875),
  .UNSPECIFIED.,.F.,.F.,(4,1,4),(-0.25454446446,-0.12727223223,0.),
  .QUASI_UNIFORM_KNOTS.);
#2871 = CARTESIAN_POINT('',(-6.49224,-4.699,12.4968));
#2872 = CARTESIAN_POINT('',(-6.524569653436,-4.699,12.529129653436));
#2873 = CARTESIAN_POINT('',(-6.586831618481,-4.692852190863,
    12.591391618481));
#2874 = CARTESIAN_POINT('',(-6.643365721284,-4.676835221156,
    12.647925721284));
#2875 = CARTESIAN_POINT('',(-6.67004,-4.666868847478,12.6746));
#2876 = CYLINDRICAL_SURFACE('',#2877,0.508);
#2877 = AXIS2_PLACEMENT_3D('',#2878,#2879,#2880);
#2878 = CARTESIAN_POINT('',(-6.49224,-4.191,6.52526));
#2879 = DIRECTION('',(0.,0.,1.));
#2880 = DIRECTION('',(1.,0.,-0.));
#2881 = ADVANCED_FACE('',(#2882),#2905,.T.);
#2882 = FACE_BOUND('',#2883,.T.);
#2883 = EDGE_LOOP('',(#2884,#2891,#2898,#2903,#2904));
#2884 = ORIENTED_EDGE('',*,*,#2885,.F.);
#2885 = EDGE_CURVE('',#2886,#2846,#2888,.T.);
#2886 = VERTEX_POINT('',#2887);
#2887 = CARTESIAN_POINT('',(-6.36524,-4.666868847478,12.6746));
#2888 = B_SPLINE_CURVE_WITH_KNOTS('',1,(#2889,#2890),.UNSPECIFIED.,.F.,
  .F.,(2,2),(0.,0.3048),.PIECEWISE_BEZIER_KNOTS.);
#2889 = CARTESIAN_POINT('',(-6.36524,-4.666868847478,12.6746));
#2890 = CARTESIAN_POINT('',(-6.67004,-4.666868847478,12.6746));
#2891 = ORIENTED_EDGE('',*,*,#2892,.F.);
#2892 = EDGE_CURVE('',#2893,#2886,#2895,.T.);
#2893 = VERTEX_POINT('',#2894);
#2894 = CARTESIAN_POINT('',(-6.36524,-4.064,12.6746));
#2895 = B_SPLINE_CURVE_WITH_KNOTS('',1,(#2896,#2897),.UNSPECIFIED.,.F.,
  .F.,(2,2),(0.,0.602868847478),.PIECEWISE_BEZIER_KNOTS.);
#2896 = CARTESIAN_POINT('',(-6.36524,-4.064,12.6746));
#2897 = CARTESIAN_POINT('',(-6.36524,-4.666868847478,12.6746));
#2898 = ORIENTED_EDGE('',*,*,#2899,.F.);
#2899 = EDGE_CURVE('',#2698,#2893,#2900,.T.);
#2900 = B_SPLINE_CURVE_WITH_KNOTS('',1,(#2901,#2902),.UNSPECIFIED.,.F.,
  .F.,(2,2),(0.,0.635),.PIECEWISE_BEZIER_KNOTS.);
#2901 = CARTESIAN_POINT('',(-7.00024,-4.064,12.6746));
#2902 = CARTESIAN_POINT('',(-6.36524,-4.064,12.6746));
#2903 = ORIENTED_EDGE('',*,*,#2697,.T.);
#2904 = ORIENTED_EDGE('',*,*,#2845,.F.);
#2905 = PLANE('',#2906);
#2906 = AXIS2_PLACEMENT_3D('',#2907,#2908,#2909);
#2907 = CARTESIAN_POINT('',(-7.693937173822,-3.37351594143,12.6746));
#2908 = DIRECTION('',(0.,0.,1.));
#2909 = DIRECTION('',(1.,0.,-0.));
#2910 = ADVANCED_FACE('',(#2911),#2928,.F.);
#2911 = FACE_BOUND('',#2912,.F.);
#2912 = EDGE_LOOP('',(#2913,#2920,#2926,#2927));
#2913 = ORIENTED_EDGE('',*,*,#2914,.T.);
#2914 = EDGE_CURVE('',#2707,#2915,#2917,.T.);
#2915 = VERTEX_POINT('',#2916);
#2916 = CARTESIAN_POINT('',(-6.36524,-3.937,12.8016));
#2917 = B_SPLINE_CURVE_WITH_KNOTS('',1,(#2918,#2919),.UNSPECIFIED.,.F.,
  .F.,(2,2),(0.,0.635),.PIECEWISE_BEZIER_KNOTS.);
#2918 = CARTESIAN_POINT('',(-7.00024,-3.937,12.8016));
#2919 = CARTESIAN_POINT('',(-6.36524,-3.937,12.8016));
#2920 = ORIENTED_EDGE('',*,*,#2921,.T.);
#2921 = EDGE_CURVE('',#2915,#2893,#2922,.T.);
#2922 = ( BOUNDED_CURVE() B_SPLINE_CURVE(2,(#2923,#2924,#2925),
.UNSPECIFIED.,.F.,.F.) B_SPLINE_CURVE_WITH_KNOTS((3,3),(0.,
0.199491133503),.PIECEWISE_BEZIER_KNOTS.) CURVE() 
GEOMETRIC_REPRESENTATION_ITEM() RATIONAL_B_SPLINE_CURVE((1.,
0.707106781187,1.)) REPRESENTATION_ITEM('') );
#2923 = CARTESIAN_POINT('',(-6.36524,-3.937,12.8016));
#2924 = CARTESIAN_POINT('',(-6.36524,-3.937,12.6746));
#2925 = CARTESIAN_POINT('',(-6.36524,-4.064,12.6746));
#2926 = ORIENTED_EDGE('',*,*,#2899,.F.);
#2927 = ORIENTED_EDGE('',*,*,#2706,.F.);
#2928 = CYLINDRICAL_SURFACE('',#2929,0.127);
#2929 = AXIS2_PLACEMENT_3D('',#2930,#2931,#2932);
#2930 = CARTESIAN_POINT('',(-6.68274,-4.064,12.8016));
#2931 = DIRECTION('',(-1.,0.,0.));
#2932 = DIRECTION('',(0.,0.,-1.));
#2933 = ADVANCED_FACE('',(#2934),#2950,.T.);
#2934 = FACE_BOUND('',#2935,.T.);
#2935 = EDGE_LOOP('',(#2936,#2937,#2944,#2949));
#2936 = ORIENTED_EDGE('',*,*,#2914,.T.);
#2937 = ORIENTED_EDGE('',*,*,#2938,.T.);
#2938 = EDGE_CURVE('',#2915,#2939,#2941,.T.);
#2939 = VERTEX_POINT('',#2940);
#2940 = CARTESIAN_POINT('',(-6.36524,-3.937,13.0048));
#2941 = B_SPLINE_CURVE_WITH_KNOTS('',1,(#2942,#2943),.UNSPECIFIED.,.F.,
  .F.,(2,2),(-0.2032,0.),.PIECEWISE_BEZIER_KNOTS.);
#2942 = CARTESIAN_POINT('',(-6.36524,-3.937,12.8016));
#2943 = CARTESIAN_POINT('',(-6.36524,-3.937,13.0048));
#2944 = ORIENTED_EDGE('',*,*,#2945,.T.);
#2945 = EDGE_CURVE('',#2939,#2715,#2946,.T.);
#2946 = B_SPLINE_CURVE_WITH_KNOTS('',1,(#2947,#2948),.UNSPECIFIED.,.F.,
  .F.,(2,2),(-0.635,0.),.PIECEWISE_BEZIER_KNOTS.);
#2947 = CARTESIAN_POINT('',(-6.36524,-3.937,13.0048));
#2948 = CARTESIAN_POINT('',(-7.00024,-3.937,13.0048));
#2949 = ORIENTED_EDGE('',*,*,#2714,.T.);
#2950 = PLANE('',#2951);
#2951 = AXIS2_PLACEMENT_3D('',#2952,#2953,#2954);
#2952 = CARTESIAN_POINT('',(-7.693937173822,-3.937,12.151082826178));
#2953 = DIRECTION('',(0.,-1.,0.));
#2954 = DIRECTION('',(0.,-0.,-1.));
#2955 = ADVANCED_FACE('',(#2956),#3031,.T.);
#2956 = FACE_BOUND('',#2957,.T.);
#2957 = EDGE_LOOP('',(#2958,#2971,#2972,#2973,#2980,#2990,#2997,#3010,
    #3018,#3025));
#2958 = ORIENTED_EDGE('',*,*,#2959,.T.);
#2959 = EDGE_CURVE('',#2960,#2886,#2962,.T.);
#2960 = VERTEX_POINT('',#2961);
#2961 = CARTESIAN_POINT('',(-6.23824,-4.5974,12.8016));
#2962 = B_SPLINE_CURVE_WITH_KNOTS('',3,(#2963,#2964,#2965,#2966,#2967,
    #2968,#2969,#2970),.UNSPECIFIED.,.F.,.F.,(4,1,1,1,1,4),(0.,
    4.353617122065E-02,8.70723424413E-02,0.130608513662,0.174144684883,
    0.217680856103),.UNSPECIFIED.);
#2963 = CARTESIAN_POINT('',(-6.23824,-4.5974,12.8016));
#2964 = CARTESIAN_POINT('',(-6.23824,-4.607339396579,12.788347471229));
#2965 = CARTESIAN_POINT('',(-6.242338197711,-4.625178576123,
    12.761840933945));
#2966 = CARTESIAN_POINT('',(-6.261266494708,-4.645393187013,
    12.724933098242));
#2967 = CARTESIAN_POINT('',(-6.290072669887,-4.658230754308,
    12.696702791537));
#2968 = CARTESIAN_POINT('',(-6.325593799888,-4.665337161566,
    12.678782830775));
#2969 = CARTESIAN_POINT('',(-6.352016344765,-4.666868847478,12.6746));
#2970 = CARTESIAN_POINT('',(-6.36524,-4.666868847478,12.6746));
#2971 = ORIENTED_EDGE('',*,*,#2885,.T.);
#2972 = ORIENTED_EDGE('',*,*,#2869,.F.);
#2973 = ORIENTED_EDGE('',*,*,#2974,.T.);
#2974 = EDGE_CURVE('',#2863,#2975,#2977,.T.);
#2975 = VERTEX_POINT('',#2976);
#2976 = CARTESIAN_POINT('',(6.49224,-4.699,12.4968));
#2977 = B_SPLINE_CURVE_WITH_KNOTS('',1,(#2978,#2979),.UNSPECIFIED.,.F.,
  .F.,(2,2),(-12.98448,0.),.PIECEWISE_BEZIER_KNOTS.);
#2978 = CARTESIAN_POINT('',(-6.49224,-4.699,12.4968));
#2979 = CARTESIAN_POINT('',(6.49224,-4.699,12.4968));
#2980 = ORIENTED_EDGE('',*,*,#2981,.T.);
#2981 = EDGE_CURVE('',#2975,#2982,#2984,.T.);
#2982 = VERTEX_POINT('',#2983);
#2983 = CARTESIAN_POINT('',(6.67004,-4.666868847478,12.6746));
#2984 = B_SPLINE_CURVE_WITH_KNOTS('',3,(#2985,#2986,#2987,#2988,#2989),
  .UNSPECIFIED.,.F.,.F.,(4,1,4),(0.,0.12727223223,0.25454446446),
  .QUASI_UNIFORM_KNOTS.);
#2985 = CARTESIAN_POINT('',(6.49224,-4.699,12.4968));
#2986 = CARTESIAN_POINT('',(6.524569653436,-4.699,12.529129653436));
#2987 = CARTESIAN_POINT('',(6.586831618481,-4.692852190863,
    12.591391618481));
#2988 = CARTESIAN_POINT('',(6.643365721284,-4.676835221156,
    12.647925721284));
#2989 = CARTESIAN_POINT('',(6.67004,-4.666868847478,12.6746));
#2990 = ORIENTED_EDGE('',*,*,#2991,.T.);
#2991 = EDGE_CURVE('',#2982,#2992,#2994,.T.);
#2992 = VERTEX_POINT('',#2993);
#2993 = CARTESIAN_POINT('',(6.36524,-4.666868847478,12.6746));
#2994 = B_SPLINE_CURVE_WITH_KNOTS('',1,(#2995,#2996),.UNSPECIFIED.,.F.,
  .F.,(2,2),(-0.3048,0.),.PIECEWISE_BEZIER_KNOTS.);
#2995 = CARTESIAN_POINT('',(6.67004,-4.666868847478,12.6746));
#2996 = CARTESIAN_POINT('',(6.36524,-4.666868847478,12.6746));
#2997 = ORIENTED_EDGE('',*,*,#2998,.T.);
#2998 = EDGE_CURVE('',#2992,#2999,#3001,.T.);
#2999 = VERTEX_POINT('',#3000);
#3000 = CARTESIAN_POINT('',(6.23824,-4.5974,12.8016));
#3001 = B_SPLINE_CURVE_WITH_KNOTS('',3,(#3002,#3003,#3004,#3005,#3006,
    #3007,#3008,#3009),.UNSPECIFIED.,.F.,.F.,(4,1,1,1,1,4),(0.,
    4.353604304742E-02,8.707208609484E-02,0.130608129142,0.17414417219,
    0.217680215237),.UNSPECIFIED.);
#3002 = CARTESIAN_POINT('',(6.36524,-4.666868847478,12.6746));
#3003 = CARTESIAN_POINT('',(6.352020054329,-4.666868847478,12.6746));
#3004 = CARTESIAN_POINT('',(6.325604147698,-4.66533819607,
    12.678780028649));
#3005 = CARTESIAN_POINT('',(6.290083868304,-4.658233765265,
    12.696695524596));
#3006 = CARTESIAN_POINT('',(6.261283740359,-4.6454025689,12.724913024587
    ));
#3007 = CARTESIAN_POINT('',(6.242348871091,-4.625200635787,
    12.76180492683));
#3008 = CARTESIAN_POINT('',(6.23824,-4.607350247618,12.788333003176));
#3009 = CARTESIAN_POINT('',(6.23824,-4.5974,12.8016));
#3010 = ORIENTED_EDGE('',*,*,#3011,.T.);
#3011 = EDGE_CURVE('',#2999,#3012,#3014,.T.);
#3012 = VERTEX_POINT('',#3013);
#3013 = CARTESIAN_POINT('',(6.23824,-4.191,13.0048));
#3014 = ( BOUNDED_CURVE() B_SPLINE_CURVE(2,(#3015,#3016,#3017),
.UNSPECIFIED.,.F.,.F.) B_SPLINE_CURVE_WITH_KNOTS((3,3),(-0.471065970745,
0.),.PIECEWISE_BEZIER_KNOTS.) CURVE() GEOMETRIC_REPRESENTATION_ITEM() 
RATIONAL_B_SPLINE_CURVE((1.,0.894427191,1.)) REPRESENTATION_ITEM('') );
#3015 = CARTESIAN_POINT('',(6.23824,-4.5974,12.8016));
#3016 = CARTESIAN_POINT('',(6.23824,-4.445,13.0048));
#3017 = CARTESIAN_POINT('',(6.23824,-4.191,13.0048));
#3018 = ORIENTED_EDGE('',*,*,#3019,.F.);
#3019 = EDGE_CURVE('',#3020,#3012,#3022,.T.);
#3020 = VERTEX_POINT('',#3021);
#3021 = CARTESIAN_POINT('',(-6.23824,-4.191,13.0048));
#3022 = B_SPLINE_CURVE_WITH_KNOTS('',1,(#3023,#3024),.UNSPECIFIED.,.F.,
  .F.,(2,2),(-12.47648,0.),.PIECEWISE_BEZIER_KNOTS.);
#3023 = CARTESIAN_POINT('',(-6.23824,-4.191,13.0048));
#3024 = CARTESIAN_POINT('',(6.23824,-4.191,13.0048));
#3025 = ORIENTED_EDGE('',*,*,#3026,.T.);
#3026 = EDGE_CURVE('',#3020,#2960,#3027,.T.);
#3027 = ( BOUNDED_CURVE() B_SPLINE_CURVE(2,(#3028,#3029,#3030),
.UNSPECIFIED.,.F.,.F.) B_SPLINE_CURVE_WITH_KNOTS((3,3),(-0.471065970745,
0.),.PIECEWISE_BEZIER_KNOTS.) CURVE() GEOMETRIC_REPRESENTATION_ITEM() 
RATIONAL_B_SPLINE_CURVE((1.,0.894427191,1.)) REPRESENTATION_ITEM('') );
#3028 = CARTESIAN_POINT('',(-6.23824,-4.191,13.0048));
#3029 = CARTESIAN_POINT('',(-6.23824,-4.445,13.0048));
#3030 = CARTESIAN_POINT('',(-6.23824,-4.5974,12.8016));
#3031 = CYLINDRICAL_SURFACE('',#3032,0.508);
#3032 = AXIS2_PLACEMENT_3D('',#3033,#3034,#3035);
#3033 = CARTESIAN_POINT('',(0.,-4.191,12.4968));
#3034 = DIRECTION('',(-1.,0.,0.));
#3035 = DIRECTION('',(0.,0.,-1.));
#3036 = ADVANCED_FACE('',(#3037),#3054,.F.);
#3037 = FACE_BOUND('',#3038,.F.);
#3038 = EDGE_LOOP('',(#3039,#3040,#3041,#3049));
#3039 = ORIENTED_EDGE('',*,*,#2959,.T.);
#3040 = ORIENTED_EDGE('',*,*,#2892,.F.);
#3041 = ORIENTED_EDGE('',*,*,#3042,.T.);
#3042 = EDGE_CURVE('',#2893,#3043,#3045,.T.);
#3043 = VERTEX_POINT('',#3044);
#3044 = CARTESIAN_POINT('',(-6.23824,-4.064,12.8016));
#3045 = ( BOUNDED_CURVE() B_SPLINE_CURVE(2,(#3046,#3047,#3048),
.UNSPECIFIED.,.F.,.F.) B_SPLINE_CURVE_WITH_KNOTS((3,3),(0.,
0.199491133503),.PIECEWISE_BEZIER_KNOTS.) CURVE() 
GEOMETRIC_REPRESENTATION_ITEM() RATIONAL_B_SPLINE_CURVE((1.,
0.707106781187,1.)) REPRESENTATION_ITEM('') );
#3046 = CARTESIAN_POINT('',(-6.36524,-4.064,12.6746));
#3047 = CARTESIAN_POINT('',(-6.23824,-4.064,12.6746));
#3048 = CARTESIAN_POINT('',(-6.23824,-4.064,12.8016));
#3049 = ORIENTED_EDGE('',*,*,#3050,.T.);
#3050 = EDGE_CURVE('',#3043,#2960,#3051,.T.);
#3051 = B_SPLINE_CURVE_WITH_KNOTS('',1,(#3052,#3053),.UNSPECIFIED.,.F.,
  .F.,(2,2),(0.,0.5334),.PIECEWISE_BEZIER_KNOTS.);
#3052 = CARTESIAN_POINT('',(-6.23824,-4.064,12.8016));
#3053 = CARTESIAN_POINT('',(-6.23824,-4.5974,12.8016));
#3054 = CYLINDRICAL_SURFACE('',#3055,0.127);
#3055 = AXIS2_PLACEMENT_3D('',#3056,#3057,#3058);
#3056 = CARTESIAN_POINT('',(-6.36524,-4.365434423739,12.8016));
#3057 = DIRECTION('',(0.,-1.,0.));
#3058 = DIRECTION('',(0.,-0.,-1.));
#3059 = ADVANCED_FACE('',(#3060),#3070,.T.);
#3060 = FACE_BOUND('',#3061,.T.);
#3061 = EDGE_LOOP('',(#3062,#3068,#3069));
#3062 = ORIENTED_EDGE('',*,*,#3063,.F.);
#3063 = EDGE_CURVE('',#2915,#3043,#3064,.T.);
#3064 = ( BOUNDED_CURVE() B_SPLINE_CURVE(2,(#3065,#3066,#3067),
.UNSPECIFIED.,.F.,.F.) B_SPLINE_CURVE_WITH_KNOTS((3,3),(-0.199491133503,
0.),.PIECEWISE_BEZIER_KNOTS.) CURVE() GEOMETRIC_REPRESENTATION_ITEM() 
RATIONAL_B_SPLINE_CURVE((1.,0.707106781187,1.)) REPRESENTATION_ITEM('') 
  );
#3065 = CARTESIAN_POINT('',(-6.36524,-3.937,12.8016));
#3066 = CARTESIAN_POINT('',(-6.23824,-3.937,12.8016));
#3067 = CARTESIAN_POINT('',(-6.23824,-4.064,12.8016));
#3068 = ORIENTED_EDGE('',*,*,#2921,.T.);
#3069 = ORIENTED_EDGE('',*,*,#3042,.T.);
#3070 = ( BOUNDED_SURFACE() B_SPLINE_SURFACE(2,2,(
    (#3071,#3072,#3073,#3074,#3075,#3076,#3077,#3078,#3079)
    ,(#3080,#3081,#3082,#3083,#3084,#3085,#3086,#3087,#3088)
    ,(#3089,#3090,#3091,#3092,#3093,#3094,#3095,#3096,#3097)
    ,(#3098,#3099,#3100,#3101,#3102,#3103,#3104,#3105,#3106)
    ,(#3107,#3108,#3109,#3110,#3111,#3112,#3113,#3114,#3115
)),.UNSPECIFIED.,.F.,.T.,.F.) B_SPLINE_SURFACE_WITH_KNOTS((3,2,3),(1,2,2
    ,2,2,2,1),(-1.570796326795,0.,1.570796326795),(-1.570796326795,0.,
    1.570796326795,3.14159265359,4.712388980385,6.28318530718,
7.853981633974),.UNSPECIFIED.) GEOMETRIC_REPRESENTATION_ITEM() 
RATIONAL_B_SPLINE_SURFACE((
    (1.,0.707106781187,1.,0.707106781187,1.,0.707106781187,1.
      ,0.707106781187,1.)
    ,(0.707106781187,0.5,0.707106781187,0.5,0.707106781187,0.5
      ,0.707106781187,0.5,0.707106781187)
    ,(1.,0.707106781187,1.,0.707106781187,1.,0.707106781187,1.
      ,0.707106781187,1.)
    ,(0.707106781187,0.5,0.707106781187,0.5,0.707106781187,0.5
      ,0.707106781187,0.5,0.707106781187)
    ,(1.,0.707106781187,1.,0.707106781187,1.,0.707106781187,1.
,0.707106781187,1.))) REPRESENTATION_ITEM('') SURFACE() );
#3071 = CARTESIAN_POINT('',(-6.455042561209,-4.064,12.711797438787));
#3072 = CARTESIAN_POINT('',(-6.455042561209,-4.064,12.711797438787));
#3073 = CARTESIAN_POINT('',(-6.455042561209,-4.064,12.711797438787));
#3074 = CARTESIAN_POINT('',(-6.455042561209,-4.064,12.711797438787));
#3075 = CARTESIAN_POINT('',(-6.455042561209,-4.064,12.711797438787));
#3076 = CARTESIAN_POINT('',(-6.455042561209,-4.064,12.711797438787));
#3077 = CARTESIAN_POINT('',(-6.455042561209,-4.064,12.711797438787));
#3078 = CARTESIAN_POINT('',(-6.455042561209,-4.064,12.711797438787));
#3079 = CARTESIAN_POINT('',(-6.455042561209,-4.064,12.711797438787));
#3080 = CARTESIAN_POINT('',(-6.544845122421,-4.064,12.801599999996));
#3081 = CARTESIAN_POINT('',(-6.544845122421,-4.191,12.801599999996));
#3082 = CARTESIAN_POINT('',(-6.455042561209,-4.191,12.711797438787));
#3083 = CARTESIAN_POINT('',(-6.365239999996,-4.191,12.621994877579));
#3084 = CARTESIAN_POINT('',(-6.365239999996,-4.064,12.621994877579));
#3085 = CARTESIAN_POINT('',(-6.365239999996,-3.937,12.621994877579));
#3086 = CARTESIAN_POINT('',(-6.455042561209,-3.937,12.711797438787));
#3087 = CARTESIAN_POINT('',(-6.544845122421,-3.937,12.801599999996));
#3088 = CARTESIAN_POINT('',(-6.544845122421,-4.064,12.801599999996));
#3089 = CARTESIAN_POINT('',(-6.455042561213,-4.064,12.891402561209));
#3090 = CARTESIAN_POINT('',(-6.455042561213,-4.191,12.891402561209));
#3091 = CARTESIAN_POINT('',(-6.36524,-4.191,12.8016));
#3092 = CARTESIAN_POINT('',(-6.275437438787,-4.191,12.711797438791));
#3093 = CARTESIAN_POINT('',(-6.275437438787,-4.064,12.711797438791));
#3094 = CARTESIAN_POINT('',(-6.275437438787,-3.937,12.711797438791));
#3095 = CARTESIAN_POINT('',(-6.36524,-3.937,12.8016));
#3096 = CARTESIAN_POINT('',(-6.455042561213,-3.937,12.891402561209));
#3097 = CARTESIAN_POINT('',(-6.455042561213,-4.064,12.891402561209));
#3098 = CARTESIAN_POINT('',(-6.365240000004,-4.064,12.981205122421));
#3099 = CARTESIAN_POINT('',(-6.365240000004,-4.191,12.981205122421));
#3100 = CARTESIAN_POINT('',(-6.275437438791,-4.191,12.891402561213));
#3101 = CARTESIAN_POINT('',(-6.185634877579,-4.191,12.801600000004));
#3102 = CARTESIAN_POINT('',(-6.185634877579,-4.064,12.801600000004));
#3103 = CARTESIAN_POINT('',(-6.185634877579,-3.937,12.801600000004));
#3104 = CARTESIAN_POINT('',(-6.275437438791,-3.937,12.891402561213));
#3105 = CARTESIAN_POINT('',(-6.365240000004,-3.937,12.981205122421));
#3106 = CARTESIAN_POINT('',(-6.365240000004,-4.064,12.981205122421));
#3107 = CARTESIAN_POINT('',(-6.275437438791,-4.064,12.891402561213));
#3108 = CARTESIAN_POINT('',(-6.275437438791,-4.064,12.891402561213));
#3109 = CARTESIAN_POINT('',(-6.275437438791,-4.064,12.891402561213));
#3110 = CARTESIAN_POINT('',(-6.275437438791,-4.064,12.891402561213));
#3111 = CARTESIAN_POINT('',(-6.275437438791,-4.064,12.891402561213));
#3112 = CARTESIAN_POINT('',(-6.275437438791,-4.064,12.891402561213));
#3113 = CARTESIAN_POINT('',(-6.275437438791,-4.064,12.891402561213));
#3114 = CARTESIAN_POINT('',(-6.275437438791,-4.064,12.891402561213));
#3115 = CARTESIAN_POINT('',(-6.275437438791,-4.064,12.891402561213));
#3116 = ADVANCED_FACE('',(#3117),#3134,.F.);
#3117 = FACE_BOUND('',#3118,.F.);
#3118 = EDGE_LOOP('',(#3119,#3126,#3127,#3128));
#3119 = ORIENTED_EDGE('',*,*,#3120,.T.);
#3120 = EDGE_CURVE('',#3121,#3043,#3123,.T.);
#3121 = VERTEX_POINT('',#3122);
#3122 = CARTESIAN_POINT('',(-6.23824,-4.064,13.0048));
#3123 = B_SPLINE_CURVE_WITH_KNOTS('',1,(#3124,#3125),.UNSPECIFIED.,.F.,
  .F.,(2,2),(0.,0.2032),.PIECEWISE_BEZIER_KNOTS.);
#3124 = CARTESIAN_POINT('',(-6.23824,-4.064,13.0048));
#3125 = CARTESIAN_POINT('',(-6.23824,-4.064,12.8016));
#3126 = ORIENTED_EDGE('',*,*,#3063,.F.);
#3127 = ORIENTED_EDGE('',*,*,#2938,.T.);
#3128 = ORIENTED_EDGE('',*,*,#3129,.T.);
#3129 = EDGE_CURVE('',#2939,#3121,#3130,.T.);
#3130 = ( BOUNDED_CURVE() B_SPLINE_CURVE(2,(#3131,#3132,#3133),
.UNSPECIFIED.,.F.,.F.) B_SPLINE_CURVE_WITH_KNOTS((3,3),(0.,
0.199491133503),.PIECEWISE_BEZIER_KNOTS.) CURVE() 
GEOMETRIC_REPRESENTATION_ITEM() RATIONAL_B_SPLINE_CURVE((1.,
0.707106781187,1.)) REPRESENTATION_ITEM('') );
#3131 = CARTESIAN_POINT('',(-6.36524,-3.937,13.0048));
#3132 = CARTESIAN_POINT('',(-6.23824,-3.937,13.0048));
#3133 = CARTESIAN_POINT('',(-6.23824,-4.064,13.0048));
#3134 = CYLINDRICAL_SURFACE('',#3135,0.127);
#3135 = AXIS2_PLACEMENT_3D('',#3136,#3137,#3138);
#3136 = CARTESIAN_POINT('',(-6.36524,-4.064,12.9032));
#3137 = DIRECTION('',(0.,0.,-1.));
#3138 = DIRECTION('',(-1.,0.,-0.));
#3139 = ADVANCED_FACE('',(#3140),#3150,.T.);
#3140 = FACE_BOUND('',#3141,.T.);
#3141 = EDGE_LOOP('',(#3142,#3147,#3148,#3149));
#3142 = ORIENTED_EDGE('',*,*,#3143,.F.);
#3143 = EDGE_CURVE('',#3121,#3020,#3144,.T.);
#3144 = B_SPLINE_CURVE_WITH_KNOTS('',1,(#3145,#3146),.UNSPECIFIED.,.F.,
  .F.,(2,2),(-0.127,0.),.PIECEWISE_BEZIER_KNOTS.);
#3145 = CARTESIAN_POINT('',(-6.23824,-4.064,13.0048));
#3146 = CARTESIAN_POINT('',(-6.23824,-4.191,13.0048));
#3147 = ORIENTED_EDGE('',*,*,#3120,.T.);
#3148 = ORIENTED_EDGE('',*,*,#3050,.T.);
#3149 = ORIENTED_EDGE('',*,*,#3026,.F.);
#3150 = PLANE('',#3151);
#3151 = AXIS2_PLACEMENT_3D('',#3152,#3153,#3154);
#3152 = CARTESIAN_POINT('',(-6.23824,-3.380462826178,12.151082826178));
#3153 = DIRECTION('',(-1.,0.,0.));
#3154 = DIRECTION('',(0.,0.,-1.));
#3155 = ADVANCED_FACE('',(#3156),#3178,.T.);
#3156 = FACE_BOUND('',#3157,.T.);
#3157 = EDGE_LOOP('',(#3158,#3165,#3172,#3177));
#3158 = ORIENTED_EDGE('',*,*,#3159,.F.);
#3159 = EDGE_CURVE('',#3160,#2999,#3162,.T.);
#3160 = VERTEX_POINT('',#3161);
#3161 = CARTESIAN_POINT('',(6.23824,-4.064,12.8016));
#3162 = B_SPLINE_CURVE_WITH_KNOTS('',1,(#3163,#3164),.UNSPECIFIED.,.F.,
  .F.,(2,2),(0.,0.5334),.PIECEWISE_BEZIER_KNOTS.);
#3163 = CARTESIAN_POINT('',(6.23824,-4.064,12.8016));
#3164 = CARTESIAN_POINT('',(6.23824,-4.5974,12.8016));
#3165 = ORIENTED_EDGE('',*,*,#3166,.F.);
#3166 = EDGE_CURVE('',#3167,#3160,#3169,.T.);
#3167 = VERTEX_POINT('',#3168);
#3168 = CARTESIAN_POINT('',(6.23824,-4.064,13.0048));
#3169 = B_SPLINE_CURVE_WITH_KNOTS('',1,(#3170,#3171),.UNSPECIFIED.,.F.,
  .F.,(2,2),(0.,0.2032),.PIECEWISE_BEZIER_KNOTS.);
#3170 = CARTESIAN_POINT('',(6.23824,-4.064,13.0048));
#3171 = CARTESIAN_POINT('',(6.23824,-4.064,12.8016));
#3172 = ORIENTED_EDGE('',*,*,#3173,.F.);
#3173 = EDGE_CURVE('',#3012,#3167,#3174,.T.);
#3174 = B_SPLINE_CURVE_WITH_KNOTS('',1,(#3175,#3176),.UNSPECIFIED.,.F.,
  .F.,(2,2),(-0.127,0.),.PIECEWISE_BEZIER_KNOTS.);
#3175 = CARTESIAN_POINT('',(6.23824,-4.191,13.0048));
#3176 = CARTESIAN_POINT('',(6.23824,-4.064,13.0048));
#3177 = ORIENTED_EDGE('',*,*,#3011,.F.);
#3178 = PLANE('',#3179);
#3179 = AXIS2_PLACEMENT_3D('',#3180,#3181,#3182);
#3180 = CARTESIAN_POINT('',(6.23824,-3.380462826178,13.655317173822));
#3181 = DIRECTION('',(1.,0.,0.));
#3182 = DIRECTION('',(-0.,0.,1.));
#3183 = ADVANCED_FACE('',(#3184),#3208,.F.);
#3184 = FACE_BOUND('',#3185,.F.);
#3185 = EDGE_LOOP('',(#3186,#3195,#3201,#3202));
#3186 = ORIENTED_EDGE('',*,*,#3187,.T.);
#3187 = EDGE_CURVE('',#3188,#3190,#3192,.T.);
#3188 = VERTEX_POINT('',#3189);
#3189 = CARTESIAN_POINT('',(6.36524,-3.937,13.0048));
#3190 = VERTEX_POINT('',#3191);
#3191 = CARTESIAN_POINT('',(6.36524,-3.937,12.8016));
#3192 = B_SPLINE_CURVE_WITH_KNOTS('',1,(#3193,#3194),.UNSPECIFIED.,.F.,
  .F.,(2,2),(-0.2032,0.),.PIECEWISE_BEZIER_KNOTS.);
#3193 = CARTESIAN_POINT('',(6.36524,-3.937,13.0048));
#3194 = CARTESIAN_POINT('',(6.36524,-3.937,12.8016));
#3195 = ORIENTED_EDGE('',*,*,#3196,.T.);
#3196 = EDGE_CURVE('',#3190,#3160,#3197,.T.);
#3197 = ( BOUNDED_CURVE() B_SPLINE_CURVE(2,(#3198,#3199,#3200),
.UNSPECIFIED.,.F.,.F.) B_SPLINE_CURVE_WITH_KNOTS((3,3),(0.,
0.199491133503),.PIECEWISE_BEZIER_KNOTS.) CURVE() 
GEOMETRIC_REPRESENTATION_ITEM() RATIONAL_B_SPLINE_CURVE((1.,
0.707106781187,1.)) REPRESENTATION_ITEM('') );
#3198 = CARTESIAN_POINT('',(6.36524,-3.937,12.8016));
#3199 = CARTESIAN_POINT('',(6.23824,-3.937,12.8016));
#3200 = CARTESIAN_POINT('',(6.23824,-4.064,12.8016));
#3201 = ORIENTED_EDGE('',*,*,#3166,.F.);
#3202 = ORIENTED_EDGE('',*,*,#3203,.T.);
#3203 = EDGE_CURVE('',#3167,#3188,#3204,.T.);
#3204 = ( BOUNDED_CURVE() B_SPLINE_CURVE(2,(#3205,#3206,#3207),
.UNSPECIFIED.,.F.,.F.) B_SPLINE_CURVE_WITH_KNOTS((3,3),(0.,
0.199491133503),.PIECEWISE_BEZIER_KNOTS.) CURVE() 
GEOMETRIC_REPRESENTATION_ITEM() RATIONAL_B_SPLINE_CURVE((1.,
0.707106781187,1.)) REPRESENTATION_ITEM('') );
#3205 = CARTESIAN_POINT('',(6.23824,-4.064,13.0048));
#3206 = CARTESIAN_POINT('',(6.23824,-3.937,13.0048));
#3207 = CARTESIAN_POINT('',(6.36524,-3.937,13.0048));
#3208 = CYLINDRICAL_SURFACE('',#3209,0.127);
#3209 = AXIS2_PLACEMENT_3D('',#3210,#3211,#3212);
#3210 = CARTESIAN_POINT('',(6.36524,-4.064,12.9032));
#3211 = DIRECTION('',(0.,0.,1.));
#3212 = DIRECTION('',(1.,0.,-0.));
#3213 = ADVANCED_FACE('',(#3214),#3236,.T.);
#3214 = FACE_BOUND('',#3215,.T.);
#3215 = EDGE_LOOP('',(#3216,#3217,#3224,#3231));
#3216 = ORIENTED_EDGE('',*,*,#3187,.T.);
#3217 = ORIENTED_EDGE('',*,*,#3218,.T.);
#3218 = EDGE_CURVE('',#3190,#3219,#3221,.T.);
#3219 = VERTEX_POINT('',#3220);
#3220 = CARTESIAN_POINT('',(7.00024,-3.937,12.8016));
#3221 = B_SPLINE_CURVE_WITH_KNOTS('',1,(#3222,#3223),.UNSPECIFIED.,.F.,
  .F.,(2,2),(-0.635,0.),.PIECEWISE_BEZIER_KNOTS.);
#3222 = CARTESIAN_POINT('',(6.36524,-3.937,12.8016));
#3223 = CARTESIAN_POINT('',(7.00024,-3.937,12.8016));
#3224 = ORIENTED_EDGE('',*,*,#3225,.T.);
#3225 = EDGE_CURVE('',#3219,#3226,#3228,.T.);
#3226 = VERTEX_POINT('',#3227);
#3227 = CARTESIAN_POINT('',(7.00024,-3.937,13.0048));
#3228 = B_SPLINE_CURVE_WITH_KNOTS('',1,(#3229,#3230),.UNSPECIFIED.,.F.,
  .F.,(2,2),(-0.2032,0.),.PIECEWISE_BEZIER_KNOTS.);
#3229 = CARTESIAN_POINT('',(7.00024,-3.937,12.8016));
#3230 = CARTESIAN_POINT('',(7.00024,-3.937,13.0048));
#3231 = ORIENTED_EDGE('',*,*,#3232,.T.);
#3232 = EDGE_CURVE('',#3226,#3188,#3233,.T.);
#3233 = B_SPLINE_CURVE_WITH_KNOTS('',1,(#3234,#3235),.UNSPECIFIED.,.F.,
  .F.,(2,2),(-0.635,0.),.PIECEWISE_BEZIER_KNOTS.);
#3234 = CARTESIAN_POINT('',(7.00024,-3.937,13.0048));
#3235 = CARTESIAN_POINT('',(6.36524,-3.937,13.0048));
#3236 = PLANE('',#3237);
#3237 = AXIS2_PLACEMENT_3D('',#3238,#3239,#3240);
#3238 = CARTESIAN_POINT('',(5.671542826178,-3.937,12.151082826178));
#3239 = DIRECTION('',(0.,-1.,0.));
#3240 = DIRECTION('',(0.,-0.,-1.));
#3241 = ADVANCED_FACE('',(#3242),#3259,.T.);
#3242 = FACE_BOUND('',#3243,.T.);
#3243 = EDGE_LOOP('',(#3244,#3252,#3253));
#3244 = ORIENTED_EDGE('',*,*,#3245,.F.);
#3245 = EDGE_CURVE('',#3190,#3246,#3248,.T.);
#3246 = VERTEX_POINT('',#3247);
#3247 = CARTESIAN_POINT('',(6.36524,-4.064,12.6746));
#3248 = ( BOUNDED_CURVE() B_SPLINE_CURVE(2,(#3249,#3250,#3251),
.UNSPECIFIED.,.F.,.F.) B_SPLINE_CURVE_WITH_KNOTS((3,3),(-0.199491133503,
0.),.PIECEWISE_BEZIER_KNOTS.) CURVE() GEOMETRIC_REPRESENTATION_ITEM() 
RATIONAL_B_SPLINE_CURVE((1.,0.707106781187,1.)) REPRESENTATION_ITEM('') 
  );
#3249 = CARTESIAN_POINT('',(6.36524,-3.937,12.8016));
#3250 = CARTESIAN_POINT('',(6.36524,-3.937,12.6746));
#3251 = CARTESIAN_POINT('',(6.36524,-4.064,12.6746));
#3252 = ORIENTED_EDGE('',*,*,#3196,.T.);
#3253 = ORIENTED_EDGE('',*,*,#3254,.F.);
#3254 = EDGE_CURVE('',#3246,#3160,#3255,.T.);
#3255 = ( BOUNDED_CURVE() B_SPLINE_CURVE(2,(#3256,#3257,#3258),
.UNSPECIFIED.,.F.,.F.) B_SPLINE_CURVE_WITH_KNOTS((3,3),(0.,
0.199491133503),.PIECEWISE_BEZIER_KNOTS.) CURVE() 
GEOMETRIC_REPRESENTATION_ITEM() RATIONAL_B_SPLINE_CURVE((1.,
0.707106781187,1.)) REPRESENTATION_ITEM('') );
#3256 = CARTESIAN_POINT('',(6.36524,-4.064,12.6746));
#3257 = CARTESIAN_POINT('',(6.23824,-4.064,12.6746));
#3258 = CARTESIAN_POINT('',(6.23824,-4.064,12.8016));
#3259 = ( BOUNDED_SURFACE() B_SPLINE_SURFACE(2,2,(
    (#3260,#3261,#3262,#3263,#3264,#3265,#3266,#3267,#3268)
    ,(#3269,#3270,#3271,#3272,#3273,#3274,#3275,#3276,#3277)
    ,(#3278,#3279,#3280,#3281,#3282,#3283,#3284,#3285,#3286)
    ,(#3287,#3288,#3289,#3290,#3291,#3292,#3293,#3294,#3295)
    ,(#3296,#3297,#3298,#3299,#3300,#3301,#3302,#3303,#3304
)),.UNSPECIFIED.,.F.,.T.,.F.) B_SPLINE_SURFACE_WITH_KNOTS((3,2,3),(1,2,2
    ,2,2,2,1),(-1.570796326795,0.,1.570796326795),(-1.570796326795,0.,
    1.570796326795,3.14159265359,4.712388980385,6.28318530718,
7.853981633974),.UNSPECIFIED.) GEOMETRIC_REPRESENTATION_ITEM() 
RATIONAL_B_SPLINE_SURFACE((
    (1.,0.707106781187,1.,0.707106781187,1.,0.707106781187,1.
      ,0.707106781187,1.)
    ,(0.707106781187,0.5,0.707106781187,0.5,0.707106781187,0.5
      ,0.707106781187,0.5,0.707106781187)
    ,(1.,0.707106781187,1.,0.707106781187,1.,0.707106781187,1.
      ,0.707106781187,1.)
    ,(0.707106781187,0.5,0.707106781187,0.5,0.707106781187,0.5
      ,0.707106781187,0.5,0.707106781187)
    ,(1.,0.707106781187,1.,0.707106781187,1.,0.707106781187,1.
,0.707106781187,1.))) REPRESENTATION_ITEM('') SURFACE() );
#3260 = CARTESIAN_POINT('',(6.275437438787,-4.064,12.891402561209));
#3261 = CARTESIAN_POINT('',(6.275437438787,-4.064,12.891402561209));
#3262 = CARTESIAN_POINT('',(6.275437438787,-4.064,12.891402561209));
#3263 = CARTESIAN_POINT('',(6.275437438787,-4.064,12.891402561209));
#3264 = CARTESIAN_POINT('',(6.275437438787,-4.064,12.891402561209));
#3265 = CARTESIAN_POINT('',(6.275437438787,-4.064,12.891402561209));
#3266 = CARTESIAN_POINT('',(6.275437438787,-4.064,12.891402561209));
#3267 = CARTESIAN_POINT('',(6.275437438787,-4.064,12.891402561209));
#3268 = CARTESIAN_POINT('',(6.275437438787,-4.064,12.891402561209));
#3269 = CARTESIAN_POINT('',(6.365239999996,-4.064,12.981205122421));
#3270 = CARTESIAN_POINT('',(6.365239999996,-4.191,12.981205122421));
#3271 = CARTESIAN_POINT('',(6.275437438787,-4.191,12.891402561209));
#3272 = CARTESIAN_POINT('',(6.185634877579,-4.191,12.801599999996));
#3273 = CARTESIAN_POINT('',(6.185634877579,-4.064,12.801599999996));
#3274 = CARTESIAN_POINT('',(6.185634877579,-3.937,12.801599999996));
#3275 = CARTESIAN_POINT('',(6.275437438787,-3.937,12.891402561209));
#3276 = CARTESIAN_POINT('',(6.365239999996,-3.937,12.981205122421));
#3277 = CARTESIAN_POINT('',(6.365239999996,-4.064,12.981205122421));
#3278 = CARTESIAN_POINT('',(6.455042561209,-4.064,12.891402561213));
#3279 = CARTESIAN_POINT('',(6.455042561209,-4.191,12.891402561213));
#3280 = CARTESIAN_POINT('',(6.36524,-4.191,12.8016));
#3281 = CARTESIAN_POINT('',(6.275437438791,-4.191,12.711797438787));
#3282 = CARTESIAN_POINT('',(6.275437438791,-4.064,12.711797438787));
#3283 = CARTESIAN_POINT('',(6.275437438791,-3.937,12.711797438787));
#3284 = CARTESIAN_POINT('',(6.36524,-3.937,12.8016));
#3285 = CARTESIAN_POINT('',(6.455042561209,-3.937,12.891402561213));
#3286 = CARTESIAN_POINT('',(6.455042561209,-4.064,12.891402561213));
#3287 = CARTESIAN_POINT('',(6.544845122421,-4.064,12.801600000004));
#3288 = CARTESIAN_POINT('',(6.544845122421,-4.191,12.801600000004));
#3289 = CARTESIAN_POINT('',(6.455042561213,-4.191,12.711797438791));
#3290 = CARTESIAN_POINT('',(6.365240000004,-4.191,12.621994877579));
#3291 = CARTESIAN_POINT('',(6.365240000004,-4.064,12.621994877579));
#3292 = CARTESIAN_POINT('',(6.365240000004,-3.937,12.621994877579));
#3293 = CARTESIAN_POINT('',(6.455042561213,-3.937,12.711797438791));
#3294 = CARTESIAN_POINT('',(6.544845122421,-3.937,12.801600000004));
#3295 = CARTESIAN_POINT('',(6.544845122421,-4.064,12.801600000004));
#3296 = CARTESIAN_POINT('',(6.455042561213,-4.064,12.711797438791));
#3297 = CARTESIAN_POINT('',(6.455042561213,-4.064,12.711797438791));
#3298 = CARTESIAN_POINT('',(6.455042561213,-4.064,12.711797438791));
#3299 = CARTESIAN_POINT('',(6.455042561213,-4.064,12.711797438791));
#3300 = CARTESIAN_POINT('',(6.455042561213,-4.064,12.711797438791));
#3301 = CARTESIAN_POINT('',(6.455042561213,-4.064,12.711797438791));
#3302 = CARTESIAN_POINT('',(6.455042561213,-4.064,12.711797438791));
#3303 = CARTESIAN_POINT('',(6.455042561213,-4.064,12.711797438791));
#3304 = CARTESIAN_POINT('',(6.455042561213,-4.064,12.711797438791));
#3305 = ADVANCED_FACE('',(#3306),#3316,.F.);
#3306 = FACE_BOUND('',#3307,.F.);
#3307 = EDGE_LOOP('',(#3308,#3309,#3310,#3311));
#3308 = ORIENTED_EDGE('',*,*,#2998,.T.);
#3309 = ORIENTED_EDGE('',*,*,#3159,.F.);
#3310 = ORIENTED_EDGE('',*,*,#3254,.F.);
#3311 = ORIENTED_EDGE('',*,*,#3312,.T.);
#3312 = EDGE_CURVE('',#3246,#2992,#3313,.T.);
#3313 = B_SPLINE_CURVE_WITH_KNOTS('',1,(#3314,#3315),.UNSPECIFIED.,.F.,
  .F.,(2,2),(0.,0.602868847478),.PIECEWISE_BEZIER_KNOTS.);
#3314 = CARTESIAN_POINT('',(6.36524,-4.064,12.6746));
#3315 = CARTESIAN_POINT('',(6.36524,-4.666868847478,12.6746));
#3316 = CYLINDRICAL_SURFACE('',#3317,0.127);
#3317 = AXIS2_PLACEMENT_3D('',#3318,#3319,#3320);
#3318 = CARTESIAN_POINT('',(6.36524,-4.365434423739,12.8016));
#3319 = DIRECTION('',(0.,-1.,0.));
#3320 = DIRECTION('',(0.,-0.,-1.));
#3321 = ADVANCED_FACE('',(#3322),#3346,.T.);
#3322 = FACE_BOUND('',#3323,.T.);
#3323 = EDGE_LOOP('',(#3324,#3333,#3338,#3339,#3340));
#3324 = ORIENTED_EDGE('',*,*,#3325,.F.);
#3325 = EDGE_CURVE('',#3326,#3328,#3330,.T.);
#3326 = VERTEX_POINT('',#3327);
#3327 = CARTESIAN_POINT('',(7.00024,-4.064,12.6746));
#3328 = VERTEX_POINT('',#3329);
#3329 = CARTESIAN_POINT('',(7.00024,-4.191,12.6746));
#3330 = B_SPLINE_CURVE_WITH_KNOTS('',1,(#3331,#3332),.UNSPECIFIED.,.F.,
  .F.,(2,2),(0.,0.127),.PIECEWISE_BEZIER_KNOTS.);
#3331 = CARTESIAN_POINT('',(7.00024,-4.064,12.6746));
#3332 = CARTESIAN_POINT('',(7.00024,-4.191,12.6746));
#3333 = ORIENTED_EDGE('',*,*,#3334,.F.);
#3334 = EDGE_CURVE('',#3246,#3326,#3335,.T.);
#3335 = B_SPLINE_CURVE_WITH_KNOTS('',1,(#3336,#3337),.UNSPECIFIED.,.F.,
  .F.,(2,2),(0.,0.635),.PIECEWISE_BEZIER_KNOTS.);
#3336 = CARTESIAN_POINT('',(6.36524,-4.064,12.6746));
#3337 = CARTESIAN_POINT('',(7.00024,-4.064,12.6746));
#3338 = ORIENTED_EDGE('',*,*,#3312,.T.);
#3339 = ORIENTED_EDGE('',*,*,#2991,.F.);
#3340 = ORIENTED_EDGE('',*,*,#3341,.F.);
#3341 = EDGE_CURVE('',#3328,#2982,#3342,.T.);
#3342 = ( BOUNDED_CURVE() B_SPLINE_CURVE(2,(#3343,#3344,#3345),
.UNSPECIFIED.,.F.,.F.) B_SPLINE_CURVE_WITH_KNOTS((3,3),(-0.61631841336,
0.),.PIECEWISE_BEZIER_KNOTS.) CURVE() GEOMETRIC_REPRESENTATION_ITEM() 
RATIONAL_B_SPLINE_CURVE((1.,0.821583836258,1.)) REPRESENTATION_ITEM('') 
  );
#3343 = CARTESIAN_POINT('',(7.00024,-4.191,12.6746));
#3344 = CARTESIAN_POINT('',(7.00024,-4.543495442576,12.6746));
#3345 = CARTESIAN_POINT('',(6.67004,-4.666868847478,12.6746));
#3346 = PLANE('',#3347);
#3347 = AXIS2_PLACEMENT_3D('',#3348,#3349,#3350);
#3348 = CARTESIAN_POINT('',(5.671542826178,-3.37351594143,12.6746));
#3349 = DIRECTION('',(0.,0.,1.));
#3350 = DIRECTION('',(1.,0.,-0.));
#3351 = ADVANCED_FACE('',(#3352),#3376,.T.);
#3352 = FACE_BOUND('',#3353,.T.);
#3353 = EDGE_LOOP('',(#3354,#3364,#3369,#3370,#3371));
#3354 = ORIENTED_EDGE('',*,*,#3355,.T.);
#3355 = EDGE_CURVE('',#3356,#3358,#3360,.T.);
#3356 = VERTEX_POINT('',#3357);
#3357 = CARTESIAN_POINT('',(6.49224,-4.699,0.37592));
#3358 = VERTEX_POINT('',#3359);
#3359 = CARTESIAN_POINT('',(7.00024,-4.191,0.37592));
#3360 = ( BOUNDED_CURVE() B_SPLINE_CURVE(2,(#3361,#3362,#3363),
.UNSPECIFIED.,.F.,.F.) B_SPLINE_CURVE_WITH_KNOTS((3,3),(-0.797964534012,
0.),.PIECEWISE_BEZIER_KNOTS.) CURVE() GEOMETRIC_REPRESENTATION_ITEM() 
RATIONAL_B_SPLINE_CURVE((1.,0.707106781187,1.)) REPRESENTATION_ITEM('') 
  );
#3361 = CARTESIAN_POINT('',(6.49224,-4.699,0.37592));
#3362 = CARTESIAN_POINT('',(7.00024,-4.699,0.37592));
#3363 = CARTESIAN_POINT('',(7.00024,-4.191,0.37592));
#3364 = ORIENTED_EDGE('',*,*,#3365,.T.);
#3365 = EDGE_CURVE('',#3358,#3328,#3366,.T.);
#3366 = B_SPLINE_CURVE_WITH_KNOTS('',1,(#3367,#3368),.UNSPECIFIED.,.F.,
  .F.,(2,2),(-12.29868,0.),.PIECEWISE_BEZIER_KNOTS.);
#3367 = CARTESIAN_POINT('',(7.00024,-4.191,0.37592));
#3368 = CARTESIAN_POINT('',(7.00024,-4.191,12.6746));
#3369 = ORIENTED_EDGE('',*,*,#3341,.T.);
#3370 = ORIENTED_EDGE('',*,*,#2981,.F.);
#3371 = ORIENTED_EDGE('',*,*,#3372,.T.);
#3372 = EDGE_CURVE('',#2975,#3356,#3373,.T.);
#3373 = B_SPLINE_CURVE_WITH_KNOTS('',1,(#3374,#3375),.UNSPECIFIED.,.F.,
  .F.,(2,2),(-12.12088,0.),.PIECEWISE_BEZIER_KNOTS.);
#3374 = CARTESIAN_POINT('',(6.49224,-4.699,12.4968));
#3375 = CARTESIAN_POINT('',(6.49224,-4.699,0.37592));
#3376 = CYLINDRICAL_SURFACE('',#3377,0.508);
#3377 = AXIS2_PLACEMENT_3D('',#3378,#3379,#3380);
#3378 = CARTESIAN_POINT('',(6.49224,-4.191,6.52526));
#3379 = DIRECTION('',(0.,0.,-1.));
#3380 = DIRECTION('',(-1.,0.,-0.));
#3381 = ADVANCED_FACE('',(#3382),#3393,.F.);
#3382 = FACE_BOUND('',#3383,.F.);
#3383 = EDGE_LOOP('',(#3384,#3385,#3386,#3387));
#3384 = ORIENTED_EDGE('',*,*,#3334,.F.);
#3385 = ORIENTED_EDGE('',*,*,#3245,.F.);
#3386 = ORIENTED_EDGE('',*,*,#3218,.T.);
#3387 = ORIENTED_EDGE('',*,*,#3388,.T.);
#3388 = EDGE_CURVE('',#3219,#3326,#3389,.T.);
#3389 = ( BOUNDED_CURVE() B_SPLINE_CURVE(2,(#3390,#3391,#3392),
.UNSPECIFIED.,.F.,.F.) B_SPLINE_CURVE_WITH_KNOTS((3,3),(0.,
0.199491133503),.PIECEWISE_BEZIER_KNOTS.) CURVE() 
GEOMETRIC_REPRESENTATION_ITEM() RATIONAL_B_SPLINE_CURVE((1.,
0.707106781187,1.)) REPRESENTATION_ITEM('') );
#3390 = CARTESIAN_POINT('',(7.00024,-3.937,12.8016));
#3391 = CARTESIAN_POINT('',(7.00024,-3.937,12.6746));
#3392 = CARTESIAN_POINT('',(7.00024,-4.064,12.6746));
#3393 = CYLINDRICAL_SURFACE('',#3394,0.127);
#3394 = AXIS2_PLACEMENT_3D('',#3395,#3396,#3397);
#3395 = CARTESIAN_POINT('',(6.68274,-4.064,12.8016));
#3396 = DIRECTION('',(-1.,0.,0.));
#3397 = DIRECTION('',(0.,0.,-1.));
#3398 = ADVANCED_FACE('',(#3399,#3465),#3563,.T.);
#3399 = FACE_BOUND('',#3400,.T.);
#3400 = EDGE_LOOP('',(#3401,#3402,#3403,#3410,#3417,#3424,#3431,#3438,
    #3445,#3452,#3459,#3464));
#3401 = ORIENTED_EDGE('',*,*,#2974,.F.);
#3402 = ORIENTED_EDGE('',*,*,#2862,.F.);
#3403 = ORIENTED_EDGE('',*,*,#3404,.F.);
#3404 = EDGE_CURVE('',#3405,#2855,#3407,.T.);
#3405 = VERTEX_POINT('',#3406);
#3406 = CARTESIAN_POINT('',(-1.11252,-4.699,0.37592));
#3407 = B_SPLINE_CURVE_WITH_KNOTS('',1,(#3408,#3409),.UNSPECIFIED.,.F.,
  .F.,(2,2),(-5.37972,0.),.PIECEWISE_BEZIER_KNOTS.);
#3408 = CARTESIAN_POINT('',(-1.11252,-4.699,0.37592));
#3409 = CARTESIAN_POINT('',(-6.49224,-4.699,0.37592));
#3410 = ORIENTED_EDGE('',*,*,#3411,.T.);
#3411 = EDGE_CURVE('',#3405,#3412,#3414,.T.);
#3412 = VERTEX_POINT('',#3413);
#3413 = CARTESIAN_POINT('',(-1.11252,-4.699,0.85852));
#3414 = B_SPLINE_CURVE_WITH_KNOTS('',1,(#3415,#3416),.UNSPECIFIED.,.F.,
  .F.,(2,2),(-0.4826,0.),.PIECEWISE_BEZIER_KNOTS.);
#3415 = CARTESIAN_POINT('',(-1.11252,-4.699,0.37592));
#3416 = CARTESIAN_POINT('',(-1.11252,-4.699,0.85852));
#3417 = ORIENTED_EDGE('',*,*,#3418,.T.);
#3418 = EDGE_CURVE('',#3412,#3419,#3421,.T.);
#3419 = VERTEX_POINT('',#3420);
#3420 = CARTESIAN_POINT('',(-0.9525,-4.699,0.85852));
#3421 = B_SPLINE_CURVE_WITH_KNOTS('',1,(#3422,#3423),.UNSPECIFIED.,.F.,
  .F.,(2,2),(0.,0.16002),.PIECEWISE_BEZIER_KNOTS.);
#3422 = CARTESIAN_POINT('',(-1.11252,-4.699,0.85852));
#3423 = CARTESIAN_POINT('',(-0.9525,-4.699,0.85852));
#3424 = ORIENTED_EDGE('',*,*,#3425,.T.);
#3425 = EDGE_CURVE('',#3419,#3426,#3428,.T.);
#3426 = VERTEX_POINT('',#3427);
#3427 = CARTESIAN_POINT('',(-0.9525,-4.699,0.69596));
#3428 = B_SPLINE_CURVE_WITH_KNOTS('',1,(#3429,#3430),.UNSPECIFIED.,.F.,
  .F.,(2,2),(-0.16256,0.),.PIECEWISE_BEZIER_KNOTS.);
#3429 = CARTESIAN_POINT('',(-0.9525,-4.699,0.85852));
#3430 = CARTESIAN_POINT('',(-0.9525,-4.699,0.69596));
#3431 = ORIENTED_EDGE('',*,*,#3432,.T.);
#3432 = EDGE_CURVE('',#3426,#3433,#3435,.T.);
#3433 = VERTEX_POINT('',#3434);
#3434 = CARTESIAN_POINT('',(0.9525,-4.699,0.69596));
#3435 = B_SPLINE_CURVE_WITH_KNOTS('',1,(#3436,#3437),.UNSPECIFIED.,.F.,
  .F.,(2,2),(-1.905,0.),.PIECEWISE_BEZIER_KNOTS.);
#3436 = CARTESIAN_POINT('',(-0.9525,-4.699,0.69596));
#3437 = CARTESIAN_POINT('',(0.9525,-4.699,0.69596));
#3438 = ORIENTED_EDGE('',*,*,#3439,.T.);
#3439 = EDGE_CURVE('',#3433,#3440,#3442,.T.);
#3440 = VERTEX_POINT('',#3441);
#3441 = CARTESIAN_POINT('',(0.9525,-4.699,0.85852));
#3442 = B_SPLINE_CURVE_WITH_KNOTS('',1,(#3443,#3444),.UNSPECIFIED.,.F.,
  .F.,(2,2),(-0.16256,0.),.PIECEWISE_BEZIER_KNOTS.);
#3443 = CARTESIAN_POINT('',(0.9525,-4.699,0.69596));
#3444 = CARTESIAN_POINT('',(0.9525,-4.699,0.85852));
#3445 = ORIENTED_EDGE('',*,*,#3446,.T.);
#3446 = EDGE_CURVE('',#3440,#3447,#3449,.T.);
#3447 = VERTEX_POINT('',#3448);
#3448 = CARTESIAN_POINT('',(1.11252,-4.699,0.85852));
#3449 = B_SPLINE_CURVE_WITH_KNOTS('',1,(#3450,#3451),.UNSPECIFIED.,.F.,
  .F.,(2,2),(0.,0.16002),.PIECEWISE_BEZIER_KNOTS.);
#3450 = CARTESIAN_POINT('',(0.9525,-4.699,0.85852));
#3451 = CARTESIAN_POINT('',(1.11252,-4.699,0.85852));
#3452 = ORIENTED_EDGE('',*,*,#3453,.T.);
#3453 = EDGE_CURVE('',#3447,#3454,#3456,.T.);
#3454 = VERTEX_POINT('',#3455);
#3455 = CARTESIAN_POINT('',(1.11252,-4.699,0.37592));
#3456 = B_SPLINE_CURVE_WITH_KNOTS('',1,(#3457,#3458),.UNSPECIFIED.,.F.,
  .F.,(2,2),(0.,0.4826),.PIECEWISE_BEZIER_KNOTS.);
#3457 = CARTESIAN_POINT('',(1.11252,-4.699,0.85852));
#3458 = CARTESIAN_POINT('',(1.11252,-4.699,0.37592));
#3459 = ORIENTED_EDGE('',*,*,#3460,.F.);
#3460 = EDGE_CURVE('',#3356,#3454,#3461,.T.);
#3461 = B_SPLINE_CURVE_WITH_KNOTS('',1,(#3462,#3463),.UNSPECIFIED.,.F.,
  .F.,(2,2),(-5.37972,0.),.PIECEWISE_BEZIER_KNOTS.);
#3462 = CARTESIAN_POINT('',(6.49224,-4.699,0.37592));
#3463 = CARTESIAN_POINT('',(1.11252,-4.699,0.37592));
#3464 = ORIENTED_EDGE('',*,*,#3372,.F.);
#3465 = FACE_BOUND('',#3466,.T.);
#3466 = EDGE_LOOP('',(#3467,#3477,#3485,#3493,#3501,#3509,#3517,#3525,
    #3533,#3541,#3549,#3557));
#3467 = ORIENTED_EDGE('',*,*,#3468,.T.);
#3468 = EDGE_CURVE('',#3469,#3471,#3473,.T.);
#3469 = VERTEX_POINT('',#3470);
#3470 = CARTESIAN_POINT('',(-4.601462787589,-4.699,8.117862303624));
#3471 = VERTEX_POINT('',#3472);
#3472 = CARTESIAN_POINT('',(-3.699762787589,-4.699,9.679652516809));
#3473 = ( BOUNDED_CURVE() B_SPLINE_CURVE(2,(#3474,#3475,#3476),
.UNSPECIFIED.,.F.,.F.) B_SPLINE_CURVE_WITH_KNOTS((3,3),(0.,
1.813836681037),.PIECEWISE_BEZIER_KNOTS.) CURVE() 
GEOMETRIC_REPRESENTATION_ITEM() RATIONAL_B_SPLINE_CURVE((1.,
0.982758124269,1.)) REPRESENTATION_ITEM('') );
#3474 = CARTESIAN_POINT('',(-4.601462787589,-4.699,8.117862303624));
#3475 = CARTESIAN_POINT('',(-4.297530170325,-4.699,8.983580200687));
#3476 = CARTESIAN_POINT('',(-3.699762787589,-4.699,9.679652516809));
#3477 = ORIENTED_EDGE('',*,*,#3478,.T.);
#3478 = EDGE_CURVE('',#3471,#3479,#3481,.T.);
#3479 = VERTEX_POINT('',#3480);
#3480 = CARTESIAN_POINT('',(-0.889,-4.699,11.297486781279));
#3481 = ( BOUNDED_CURVE() B_SPLINE_CURVE(2,(#3482,#3483,#3484),
.UNSPECIFIED.,.F.,.F.) B_SPLINE_CURVE_WITH_KNOTS((3,3),(0.,
3.306055945606),.PIECEWISE_BEZIER_KNOTS.) CURVE() 
GEOMETRIC_REPRESENTATION_ITEM() RATIONAL_B_SPLINE_CURVE((1.,
0.943101810954,1.)) REPRESENTATION_ITEM('') );
#3482 = CARTESIAN_POINT('',(-3.699762787589,-4.699,9.679652516809));
#3483 = CARTESIAN_POINT('',(-2.579576753465,-4.699,10.984057055732));
#3484 = CARTESIAN_POINT('',(-0.889,-4.699,11.297486781279));
#3485 = ORIENTED_EDGE('',*,*,#3486,.T.);
#3486 = EDGE_CURVE('',#3479,#3487,#3489,.T.);
#3487 = VERTEX_POINT('',#3488);
#3488 = CARTESIAN_POINT('',(0.889,-4.699,11.297486781279));
#3489 = ( BOUNDED_CURVE() B_SPLINE_CURVE(2,(#3490,#3491,#3492),
.UNSPECIFIED.,.F.,.F.) B_SPLINE_CURVE_WITH_KNOTS((3,3),(0.,
1.787997463102),.PIECEWISE_BEZIER_KNOTS.) CURVE() 
GEOMETRIC_REPRESENTATION_ITEM() RATIONAL_B_SPLINE_CURVE((1.,
0.983244500754,1.)) REPRESENTATION_ITEM('') );
#3490 = CARTESIAN_POINT('',(-0.889,-4.699,11.297486781279));
#3491 = CARTESIAN_POINT('',(0.,-4.699,11.46230569615));
#3492 = CARTESIAN_POINT('',(0.889,-4.699,11.297486781279));
#3493 = ORIENTED_EDGE('',*,*,#3494,.T.);
#3494 = EDGE_CURVE('',#3487,#3495,#3497,.T.);
#3495 = VERTEX_POINT('',#3496);
#3496 = CARTESIAN_POINT('',(3.699762787589,-4.699,9.679652516809));
#3497 = ( BOUNDED_CURVE() B_SPLINE_CURVE(2,(#3498,#3499,#3500),
.UNSPECIFIED.,.F.,.F.) B_SPLINE_CURVE_WITH_KNOTS((3,3),(0.,
3.306055945606),.PIECEWISE_BEZIER_KNOTS.) CURVE() 
GEOMETRIC_REPRESENTATION_ITEM() RATIONAL_B_SPLINE_CURVE((1.,
0.943101810954,1.)) REPRESENTATION_ITEM('') );
#3498 = CARTESIAN_POINT('',(0.889,-4.699,11.297486781279));
#3499 = CARTESIAN_POINT('',(2.579576753465,-4.699,10.984057055732));
#3500 = CARTESIAN_POINT('',(3.699762787589,-4.699,9.679652516809));
#3501 = ORIENTED_EDGE('',*,*,#3502,.T.);
#3502 = EDGE_CURVE('',#3495,#3503,#3505,.T.);
#3503 = VERTEX_POINT('',#3504);
#3504 = CARTESIAN_POINT('',(4.601462787589,-4.699,8.117862303624));
#3505 = ( BOUNDED_CURVE() B_SPLINE_CURVE(2,(#3506,#3507,#3508),
.UNSPECIFIED.,.F.,.F.) B_SPLINE_CURVE_WITH_KNOTS((3,3),(0.,
1.813836681037),.PIECEWISE_BEZIER_KNOTS.) CURVE() 
GEOMETRIC_REPRESENTATION_ITEM() RATIONAL_B_SPLINE_CURVE((1.,
0.982758124269,1.)) REPRESENTATION_ITEM('') );
#3506 = CARTESIAN_POINT('',(3.699762787589,-4.699,9.679652516809));
#3507 = CARTESIAN_POINT('',(4.297530170325,-4.699,8.983580200687));
#3508 = CARTESIAN_POINT('',(4.601462787589,-4.699,8.117862303624));
#3509 = ORIENTED_EDGE('',*,*,#3510,.T.);
#3510 = EDGE_CURVE('',#3503,#3511,#3513,.T.);
#3511 = VERTEX_POINT('',#3512);
#3512 = CARTESIAN_POINT('',(4.601462787589,-4.699,4.886937696376));
#3513 = ( BOUNDED_CURVE() B_SPLINE_CURVE(2,(#3514,#3515,#3516),
.UNSPECIFIED.,.F.,.F.) B_SPLINE_CURVE_WITH_KNOTS((3,3),(0.,
3.293136336638),.PIECEWISE_BEZIER_KNOTS.) CURVE() 
GEOMETRIC_REPRESENTATION_ITEM() RATIONAL_B_SPLINE_CURVE((1.,
0.943541418059,1.)) REPRESENTATION_ITEM('') );
#3514 = CARTESIAN_POINT('',(4.601462787589,-4.699,8.117862303624));
#3515 = CARTESIAN_POINT('',(5.168612534289,-4.699,6.5024));
#3516 = CARTESIAN_POINT('',(4.601462787589,-4.699,4.886937696376));
#3517 = ORIENTED_EDGE('',*,*,#3518,.T.);
#3518 = EDGE_CURVE('',#3511,#3519,#3521,.T.);
#3519 = VERTEX_POINT('',#3520);
#3520 = CARTESIAN_POINT('',(3.699762787589,-4.699,3.325147483191));
#3521 = ( BOUNDED_CURVE() B_SPLINE_CURVE(2,(#3522,#3523,#3524),
.UNSPECIFIED.,.F.,.F.) B_SPLINE_CURVE_WITH_KNOTS((3,3),(0.,
1.813836681037),.PIECEWISE_BEZIER_KNOTS.) CURVE() 
GEOMETRIC_REPRESENTATION_ITEM() RATIONAL_B_SPLINE_CURVE((1.,
0.982758124269,1.)) REPRESENTATION_ITEM('') );
#3522 = CARTESIAN_POINT('',(4.601462787589,-4.699,4.886937696376));
#3523 = CARTESIAN_POINT('',(4.297530170325,-4.699,4.021219799313));
#3524 = CARTESIAN_POINT('',(3.699762787589,-4.699,3.325147483191));
#3525 = ORIENTED_EDGE('',*,*,#3526,.T.);
#3526 = EDGE_CURVE('',#3519,#3527,#3529,.T.);
#3527 = VERTEX_POINT('',#3528);
#3528 = CARTESIAN_POINT('',(0.9017,-4.699,1.709685179567));
#3529 = ( BOUNDED_CURVE() B_SPLINE_CURVE(2,(#3530,#3531,#3532),
.UNSPECIFIED.,.F.,.F.) B_SPLINE_CURVE_WITH_KNOTS((3,3),(0.,
3.293136336638),.PIECEWISE_BEZIER_KNOTS.) CURVE() 
GEOMETRIC_REPRESENTATION_ITEM() RATIONAL_B_SPLINE_CURVE((1.,
0.943541418059,1.)) REPRESENTATION_ITEM('') );
#3530 = CARTESIAN_POINT('',(3.699762787589,-4.699,3.325147483191));
#3531 = CARTESIAN_POINT('',(2.584306267145,-4.699,2.026250242987));
#3532 = CARTESIAN_POINT('',(0.9017,-4.699,1.709685179567));
#3533 = ORIENTED_EDGE('',*,*,#3534,.T.);
#3534 = EDGE_CURVE('',#3527,#3535,#3537,.T.);
#3535 = VERTEX_POINT('',#3536);
#3536 = CARTESIAN_POINT('',(-0.9017,-4.699,1.709685179567));
#3537 = ( BOUNDED_CURVE() B_SPLINE_CURVE(2,(#3538,#3539,#3540),
.UNSPECIFIED.,.F.,.F.) B_SPLINE_CURVE_WITH_KNOTS((3,3),(0.,
1.813836681037),.PIECEWISE_BEZIER_KNOTS.) CURVE() 
GEOMETRIC_REPRESENTATION_ITEM() RATIONAL_B_SPLINE_CURVE((1.,
0.982758124269,1.)) REPRESENTATION_ITEM('') );
#3538 = CARTESIAN_POINT('',(0.9017,-4.699,1.709685179567));
#3539 = CARTESIAN_POINT('',(0.,-4.699,1.540039598625));
#3540 = CARTESIAN_POINT('',(-0.9017,-4.699,1.709685179567));
#3541 = ORIENTED_EDGE('',*,*,#3542,.T.);
#3542 = EDGE_CURVE('',#3535,#3543,#3545,.T.);
#3543 = VERTEX_POINT('',#3544);
#3544 = CARTESIAN_POINT('',(-3.699762787589,-4.699,3.325147483191));
#3545 = ( BOUNDED_CURVE() B_SPLINE_CURVE(2,(#3546,#3547,#3548),
.UNSPECIFIED.,.F.,.F.) B_SPLINE_CURVE_WITH_KNOTS((3,3),(0.,
3.293136336638),.PIECEWISE_BEZIER_KNOTS.) CURVE() 
GEOMETRIC_REPRESENTATION_ITEM() RATIONAL_B_SPLINE_CURVE((1.,
0.943541418059,1.)) REPRESENTATION_ITEM('') );
#3546 = CARTESIAN_POINT('',(-0.9017,-4.699,1.709685179567));
#3547 = CARTESIAN_POINT('',(-2.584306267145,-4.699,2.026250242987));
#3548 = CARTESIAN_POINT('',(-3.699762787589,-4.699,3.325147483191));
#3549 = ORIENTED_EDGE('',*,*,#3550,.T.);
#3550 = EDGE_CURVE('',#3543,#3551,#3553,.T.);
#3551 = VERTEX_POINT('',#3552);
#3552 = CARTESIAN_POINT('',(-4.601462787589,-4.699,4.886937696376));
#3553 = ( BOUNDED_CURVE() B_SPLINE_CURVE(2,(#3554,#3555,#3556),
.UNSPECIFIED.,.F.,.F.) B_SPLINE_CURVE_WITH_KNOTS((3,3),(0.,
1.813836681037),.PIECEWISE_BEZIER_KNOTS.) CURVE() 
GEOMETRIC_REPRESENTATION_ITEM() RATIONAL_B_SPLINE_CURVE((1.,
0.982758124269,1.)) REPRESENTATION_ITEM('') );
#3554 = CARTESIAN_POINT('',(-3.699762787589,-4.699,3.325147483191));
#3555 = CARTESIAN_POINT('',(-4.297530170325,-4.699,4.021219799313));
#3556 = CARTESIAN_POINT('',(-4.601462787589,-4.699,4.886937696376));
#3557 = ORIENTED_EDGE('',*,*,#3558,.T.);
#3558 = EDGE_CURVE('',#3551,#3469,#3559,.T.);
#3559 = ( BOUNDED_CURVE() B_SPLINE_CURVE(2,(#3560,#3561,#3562),
.UNSPECIFIED.,.F.,.F.) B_SPLINE_CURVE_WITH_KNOTS((3,3),(0.,
3.293136336638),.PIECEWISE_BEZIER_KNOTS.) CURVE() 
GEOMETRIC_REPRESENTATION_ITEM() RATIONAL_B_SPLINE_CURVE((1.,
0.943541418059,1.)) REPRESENTATION_ITEM('') );
#3560 = CARTESIAN_POINT('',(-4.601462787589,-4.699,4.886937696376));
#3561 = CARTESIAN_POINT('',(-5.168612534289,-4.699,6.5024));
#3562 = CARTESIAN_POINT('',(-4.601462787589,-4.699,8.117862303624));
#3563 = PLANE('',#3564);
#3564 = AXIS2_PLACEMENT_3D('',#3565,#3566,#3567);
#3565 = CARTESIAN_POINT('',(-7.820885173822,-4.699,13.739085173822));
#3566 = DIRECTION('',(0.,-1.,0.));
#3567 = DIRECTION('',(0.,-0.,-1.));
#3568 = ADVANCED_FACE('',(#3569),#3591,.T.);
#3569 = FACE_BOUND('',#3570,.T.);
#3570 = EDGE_LOOP('',(#3571,#3572,#3579,#3586));
#3571 = ORIENTED_EDGE('',*,*,#3453,.F.);
#3572 = ORIENTED_EDGE('',*,*,#3573,.T.);
#3573 = EDGE_CURVE('',#3447,#3574,#3576,.T.);
#3574 = VERTEX_POINT('',#3575);
#3575 = CARTESIAN_POINT('',(1.11252,-4.37896,0.85852));
#3576 = B_SPLINE_CURVE_WITH_KNOTS('',1,(#3577,#3578),.UNSPECIFIED.,.F.,
  .F.,(2,2),(0.,0.32004),.PIECEWISE_BEZIER_KNOTS.);
#3577 = CARTESIAN_POINT('',(1.11252,-4.699,0.85852));
#3578 = CARTESIAN_POINT('',(1.11252,-4.37896,0.85852));
#3579 = ORIENTED_EDGE('',*,*,#3580,.T.);
#3580 = EDGE_CURVE('',#3574,#3581,#3583,.T.);
#3581 = VERTEX_POINT('',#3582);
#3582 = CARTESIAN_POINT('',(1.11252,-4.37896,0.37592));
#3583 = B_SPLINE_CURVE_WITH_KNOTS('',1,(#3584,#3585),.UNSPECIFIED.,.F.,
  .F.,(2,2),(0.,0.4826),.PIECEWISE_BEZIER_KNOTS.);
#3584 = CARTESIAN_POINT('',(1.11252,-4.37896,0.85852));
#3585 = CARTESIAN_POINT('',(1.11252,-4.37896,0.37592));
#3586 = ORIENTED_EDGE('',*,*,#3587,.F.);
#3587 = EDGE_CURVE('',#3454,#3581,#3588,.T.);
#3588 = B_SPLINE_CURVE_WITH_KNOTS('',1,(#3589,#3590),.UNSPECIFIED.,.F.,
  .F.,(2,2),(-0.32004,0.),.PIECEWISE_BEZIER_KNOTS.);
#3589 = CARTESIAN_POINT('',(1.11252,-4.699,0.37592));
#3590 = CARTESIAN_POINT('',(1.11252,-4.37896,0.37592));
#3591 = PLANE('',#3592);
#3592 = AXIS2_PLACEMENT_3D('',#3593,#3594,#3595);
#3593 = CARTESIAN_POINT('',(1.11252,-3.716758826178,-0.302537173822));
#3594 = DIRECTION('',(-1.,0.,0.));
#3595 = DIRECTION('',(0.,0.,-1.));
#3596 = ADVANCED_FACE('',(#3597),#3619,.T.);
#3597 = FACE_BOUND('',#3598,.T.);
#3598 = EDGE_LOOP('',(#3599,#3600,#3607,#3614));
#3599 = ORIENTED_EDGE('',*,*,#3580,.F.);
#3600 = ORIENTED_EDGE('',*,*,#3601,.T.);
#3601 = EDGE_CURVE('',#3574,#3602,#3604,.T.);
#3602 = VERTEX_POINT('',#3603);
#3603 = CARTESIAN_POINT('',(5.2959,-4.37896,0.85852));
#3604 = B_SPLINE_CURVE_WITH_KNOTS('',1,(#3605,#3606),.UNSPECIFIED.,.F.,
  .F.,(2,2),(0.,4.18338),.PIECEWISE_BEZIER_KNOTS.);
#3605 = CARTESIAN_POINT('',(1.11252,-4.37896,0.85852));
#3606 = CARTESIAN_POINT('',(5.2959,-4.37896,0.85852));
#3607 = ORIENTED_EDGE('',*,*,#3608,.F.);
#3608 = EDGE_CURVE('',#3609,#3602,#3611,.T.);
#3609 = VERTEX_POINT('',#3610);
#3610 = CARTESIAN_POINT('',(5.2959,-4.37896,0.37592));
#3611 = B_SPLINE_CURVE_WITH_KNOTS('',1,(#3612,#3613),.UNSPECIFIED.,.F.,
  .F.,(2,2),(-0.4826,0.),.PIECEWISE_BEZIER_KNOTS.);
#3612 = CARTESIAN_POINT('',(5.2959,-4.37896,0.37592));
#3613 = CARTESIAN_POINT('',(5.2959,-4.37896,0.85852));
#3614 = ORIENTED_EDGE('',*,*,#3615,.F.);
#3615 = EDGE_CURVE('',#3581,#3609,#3616,.T.);
#3616 = B_SPLINE_CURVE_WITH_KNOTS('',1,(#3617,#3618),.UNSPECIFIED.,.F.,
  .F.,(2,2),(-4.18338,0.),.PIECEWISE_BEZIER_KNOTS.);
#3617 = CARTESIAN_POINT('',(1.11252,-4.37896,0.37592));
#3618 = CARTESIAN_POINT('',(5.2959,-4.37896,0.37592));
#3619 = PLANE('',#3620);
#3620 = AXIS2_PLACEMENT_3D('',#3621,#3622,#3623);
#3621 = CARTESIAN_POINT('',(5.744435173822,-4.37896,1.536977173822));
#3622 = DIRECTION('',(0.,1.,0.));
#3623 = DIRECTION('',(0.,-0.,1.));
#3624 = ADVANCED_FACE('',(#3625),#3675,.T.);
#3625 = FACE_BOUND('',#3626,.T.);
#3626 = EDGE_LOOP('',(#3627,#3636,#3643,#3650,#3657,#3662,#3663,#3670));
#3627 = ORIENTED_EDGE('',*,*,#3628,.F.);
#3628 = EDGE_CURVE('',#3629,#3631,#3633,.T.);
#3629 = VERTEX_POINT('',#3630);
#3630 = CARTESIAN_POINT('',(5.2959,3.556,0.37592));
#3631 = VERTEX_POINT('',#3632);
#3632 = CARTESIAN_POINT('',(5.2959,2.7178,0.37592));
#3633 = B_SPLINE_CURVE_WITH_KNOTS('',1,(#3634,#3635),.UNSPECIFIED.,.F.,
  .F.,(2,2),(-0.8382,0.),.PIECEWISE_BEZIER_KNOTS.);
#3634 = CARTESIAN_POINT('',(5.2959,3.556,0.37592));
#3635 = CARTESIAN_POINT('',(5.2959,2.7178,0.37592));
#3636 = ORIENTED_EDGE('',*,*,#3637,.F.);
#3637 = EDGE_CURVE('',#3638,#3629,#3640,.T.);
#3638 = VERTEX_POINT('',#3639);
#3639 = CARTESIAN_POINT('',(5.2959,3.556,-8.881784197001E-16));
#3640 = B_SPLINE_CURVE_WITH_KNOTS('',1,(#3641,#3642),.UNSPECIFIED.,.F.,
  .F.,(2,2),(-0.37592,0.),.PIECEWISE_BEZIER_KNOTS.);
#3641 = CARTESIAN_POINT('',(5.2959,3.556,-8.881784197001E-16));
#3642 = CARTESIAN_POINT('',(5.2959,3.556,0.37592));
#3643 = ORIENTED_EDGE('',*,*,#3644,.T.);
#3644 = EDGE_CURVE('',#3638,#3645,#3647,.T.);
#3645 = VERTEX_POINT('',#3646);
#3646 = CARTESIAN_POINT('',(5.2959,-2.7686,-8.881784197001E-16));
#3647 = B_SPLINE_CURVE_WITH_KNOTS('',1,(#3648,#3649),.UNSPECIFIED.,.F.,
  .F.,(2,2),(0.,6.3246),.PIECEWISE_BEZIER_KNOTS.);
#3648 = CARTESIAN_POINT('',(5.2959,3.556,-8.881784197001E-16));
#3649 = CARTESIAN_POINT('',(5.2959,-2.7686,-8.881784197001E-16));
#3650 = ORIENTED_EDGE('',*,*,#3651,.T.);
#3651 = EDGE_CURVE('',#3645,#3652,#3654,.T.);
#3652 = VERTEX_POINT('',#3653);
#3653 = CARTESIAN_POINT('',(5.2959,-2.7686,0.37592));
#3654 = B_SPLINE_CURVE_WITH_KNOTS('',1,(#3655,#3656),.UNSPECIFIED.,.F.,
  .F.,(2,2),(-0.37592,0.),.PIECEWISE_BEZIER_KNOTS.);
#3655 = CARTESIAN_POINT('',(5.2959,-2.7686,-8.881784197001E-16));
#3656 = CARTESIAN_POINT('',(5.2959,-2.7686,0.37592));
#3657 = ORIENTED_EDGE('',*,*,#3658,.F.);
#3658 = EDGE_CURVE('',#3609,#3652,#3659,.T.);
#3659 = B_SPLINE_CURVE_WITH_KNOTS('',1,(#3660,#3661),.UNSPECIFIED.,.F.,
  .F.,(2,2),(-1.61036,0.),.PIECEWISE_BEZIER_KNOTS.);
#3660 = CARTESIAN_POINT('',(5.2959,-4.37896,0.37592));
#3661 = CARTESIAN_POINT('',(5.2959,-2.7686,0.37592));
#3662 = ORIENTED_EDGE('',*,*,#3608,.T.);
#3663 = ORIENTED_EDGE('',*,*,#3664,.T.);
#3664 = EDGE_CURVE('',#3602,#3665,#3667,.T.);
#3665 = VERTEX_POINT('',#3666);
#3666 = CARTESIAN_POINT('',(5.2959,2.7178,0.85852));
#3667 = B_SPLINE_CURVE_WITH_KNOTS('',1,(#3668,#3669),.UNSPECIFIED.,.F.,
  .F.,(2,2),(-7.09676,0.),.PIECEWISE_BEZIER_KNOTS.);
#3668 = CARTESIAN_POINT('',(5.2959,-4.37896,0.85852));
#3669 = CARTESIAN_POINT('',(5.2959,2.7178,0.85852));
#3670 = ORIENTED_EDGE('',*,*,#3671,.T.);
#3671 = EDGE_CURVE('',#3665,#3631,#3672,.T.);
#3672 = B_SPLINE_CURVE_WITH_KNOTS('',1,(#3673,#3674),.UNSPECIFIED.,.F.,
  .F.,(2,2),(-0.4826,0.),.PIECEWISE_BEZIER_KNOTS.);
#3673 = CARTESIAN_POINT('',(5.2959,2.7178,0.85852));
#3674 = CARTESIAN_POINT('',(5.2959,2.7178,0.37592));
#3675 = PLANE('',#3676);
#3676 = AXIS2_PLACEMENT_3D('',#3677,#3678,#3679);
#3677 = CARTESIAN_POINT('',(5.2959,-5.202653173822,1.574569173822));
#3678 = DIRECTION('',(-1.,0.,0.));
#3679 = DIRECTION('',(0.,0.,-1.));
#3680 = ADVANCED_FACE('',(#3681),#3703,.T.);
#3681 = FACE_BOUND('',#3682,.T.);
#3682 = EDGE_LOOP('',(#3683,#3690,#3697,#3702));
#3683 = ORIENTED_EDGE('',*,*,#3684,.F.);
#3684 = EDGE_CURVE('',#3685,#3629,#3687,.T.);
#3685 = VERTEX_POINT('',#3686);
#3686 = CARTESIAN_POINT('',(5.9055,3.556,0.37592));
#3687 = B_SPLINE_CURVE_WITH_KNOTS('',1,(#3688,#3689),.UNSPECIFIED.,.F.,
  .F.,(2,2),(-0.6096,0.),.PIECEWISE_BEZIER_KNOTS.);
#3688 = CARTESIAN_POINT('',(5.9055,3.556,0.37592));
#3689 = CARTESIAN_POINT('',(5.2959,3.556,0.37592));
#3690 = ORIENTED_EDGE('',*,*,#3691,.F.);
#3691 = EDGE_CURVE('',#3692,#3685,#3694,.T.);
#3692 = VERTEX_POINT('',#3693);
#3693 = CARTESIAN_POINT('',(5.9055,3.556,-8.881784197001E-16));
#3694 = B_SPLINE_CURVE_WITH_KNOTS('',1,(#3695,#3696),.UNSPECIFIED.,.F.,
  .F.,(2,2),(-0.37592,0.),.PIECEWISE_BEZIER_KNOTS.);
#3695 = CARTESIAN_POINT('',(5.9055,3.556,-8.881784197001E-16));
#3696 = CARTESIAN_POINT('',(5.9055,3.556,0.37592));
#3697 = ORIENTED_EDGE('',*,*,#3698,.T.);
#3698 = EDGE_CURVE('',#3692,#3638,#3699,.T.);
#3699 = B_SPLINE_CURVE_WITH_KNOTS('',1,(#3700,#3701),.UNSPECIFIED.,.F.,
  .F.,(2,2),(0.,0.6096),.PIECEWISE_BEZIER_KNOTS.);
#3700 = CARTESIAN_POINT('',(5.9055,3.556,-8.881784197001E-16));
#3701 = CARTESIAN_POINT('',(5.2959,3.556,-8.881784197001E-16));
#3702 = ORIENTED_EDGE('',*,*,#3637,.T.);
#3703 = PLANE('',#3704);
#3704 = AXIS2_PLACEMENT_3D('',#3705,#3706,#3707);
#3705 = CARTESIAN_POINT('',(4.604742826178,3.556,1.043709173822));
#3706 = DIRECTION('',(0.,1.,0.));
#3707 = DIRECTION('',(0.,-0.,1.));
#3708 = ADVANCED_FACE('',(#3709),#3731,.T.);
#3709 = FACE_BOUND('',#3710,.T.);
#3710 = EDGE_LOOP('',(#3711,#3712,#3719,#3726));
#3711 = ORIENTED_EDGE('',*,*,#3671,.F.);
#3712 = ORIENTED_EDGE('',*,*,#3713,.F.);
#3713 = EDGE_CURVE('',#3714,#3665,#3716,.T.);
#3714 = VERTEX_POINT('',#3715);
#3715 = CARTESIAN_POINT('',(2.7559,2.7178,0.85852));
#3716 = B_SPLINE_CURVE_WITH_KNOTS('',1,(#3717,#3718),.UNSPECIFIED.,.F.,
  .F.,(2,2),(0.,2.54),.PIECEWISE_BEZIER_KNOTS.);
#3717 = CARTESIAN_POINT('',(2.7559,2.7178,0.85852));
#3718 = CARTESIAN_POINT('',(5.2959,2.7178,0.85852));
#3719 = ORIENTED_EDGE('',*,*,#3720,.F.);
#3720 = EDGE_CURVE('',#3721,#3714,#3723,.T.);
#3721 = VERTEX_POINT('',#3722);
#3722 = CARTESIAN_POINT('',(2.7559,2.7178,0.37592));
#3723 = B_SPLINE_CURVE_WITH_KNOTS('',1,(#3724,#3725),.UNSPECIFIED.,.F.,
  .F.,(2,2),(0.,0.4826),.PIECEWISE_BEZIER_KNOTS.);
#3724 = CARTESIAN_POINT('',(2.7559,2.7178,0.37592));
#3725 = CARTESIAN_POINT('',(2.7559,2.7178,0.85852));
#3726 = ORIENTED_EDGE('',*,*,#3727,.F.);
#3727 = EDGE_CURVE('',#3631,#3721,#3728,.T.);
#3728 = B_SPLINE_CURVE_WITH_KNOTS('',1,(#3729,#3730),.UNSPECIFIED.,.F.,
  .F.,(2,2),(-2.54,0.),.PIECEWISE_BEZIER_KNOTS.);
#3729 = CARTESIAN_POINT('',(5.2959,2.7178,0.37592));
#3730 = CARTESIAN_POINT('',(2.7559,2.7178,0.37592));
#3731 = PLANE('',#3732);
#3732 = AXIS2_PLACEMENT_3D('',#3733,#3734,#3735);
#3733 = CARTESIAN_POINT('',(2.471702826178,2.7178,1.536977173822));
#3734 = DIRECTION('',(0.,-1.,0.));
#3735 = DIRECTION('',(0.,-0.,-1.));
#3736 = ADVANCED_FACE('',(#3737),#3759,.T.);
#3737 = FACE_BOUND('',#3738,.T.);
#3738 = EDGE_LOOP('',(#3739,#3746,#3747,#3754));
#3739 = ORIENTED_EDGE('',*,*,#3740,.F.);
#3740 = EDGE_CURVE('',#3721,#3741,#3743,.T.);
#3741 = VERTEX_POINT('',#3742);
#3742 = CARTESIAN_POINT('',(2.547718181818,-3.0988,0.37592));
#3743 = B_SPLINE_CURVE_WITH_KNOTS('',1,(#3744,#3745),.UNSPECIFIED.,.F.,
  .F.,(2,2),(0.,5.820324323388),.PIECEWISE_BEZIER_KNOTS.);
#3744 = CARTESIAN_POINT('',(2.7559,2.7178,0.37592));
#3745 = CARTESIAN_POINT('',(2.547718181818,-3.0988,0.37592));
#3746 = ORIENTED_EDGE('',*,*,#3720,.T.);
#3747 = ORIENTED_EDGE('',*,*,#3748,.F.);
#3748 = EDGE_CURVE('',#3749,#3714,#3751,.T.);
#3749 = VERTEX_POINT('',#3750);
#3750 = CARTESIAN_POINT('',(2.547718181818,-3.0988,0.85852));
#3751 = B_SPLINE_CURVE_WITH_KNOTS('',1,(#3752,#3753),.UNSPECIFIED.,.F.,
  .F.,(2,2),(0.,5.820324323388),.PIECEWISE_BEZIER_KNOTS.);
#3752 = CARTESIAN_POINT('',(2.547718181818,-3.0988,0.85852));
#3753 = CARTESIAN_POINT('',(2.7559,2.7178,0.85852));
#3754 = ORIENTED_EDGE('',*,*,#3755,.F.);
#3755 = EDGE_CURVE('',#3741,#3749,#3756,.T.);
#3756 = B_SPLINE_CURVE_WITH_KNOTS('',1,(#3757,#3758),.UNSPECIFIED.,.F.,
  .F.,(2,2),(0.,0.4826),.PIECEWISE_BEZIER_KNOTS.);
#3757 = CARTESIAN_POINT('',(2.547718181818,-3.0988,0.37592));
#3758 = CARTESIAN_POINT('',(2.547718181818,-3.0988,0.85852));
#3759 = PLANE('',#3760);
#3760 = AXIS2_PLACEMENT_3D('',#3761,#3762,#3763);
#3761 = CARTESIAN_POINT('',(2.525781963327,-3.711697944658,
    1.536977173822));
#3762 = DIRECTION('',(0.99936011755,-3.576807865247E-02,
    1.109512612396E-16));
#3763 = DIRECTION('',(3.576807865247E-02,0.99936011755,
    -1.54074395551E-33));
#3764 = ADVANCED_FACE('',(#3765),#3787,.T.);
#3765 = FACE_BOUND('',#3766,.T.);
#3766 = EDGE_LOOP('',(#3767,#3768,#3775,#3782));
#3767 = ORIENTED_EDGE('',*,*,#3755,.T.);
#3768 = ORIENTED_EDGE('',*,*,#3769,.F.);
#3769 = EDGE_CURVE('',#3770,#3749,#3772,.T.);
#3770 = VERTEX_POINT('',#3771);
#3771 = CARTESIAN_POINT('',(1.910480259185,-3.0988,0.85852));
#3772 = B_SPLINE_CURVE_WITH_KNOTS('',1,(#3773,#3774),.UNSPECIFIED.,.F.,
  .F.,(2,2),(0.,0.637237922633),.PIECEWISE_BEZIER_KNOTS.);
#3773 = CARTESIAN_POINT('',(1.910480259185,-3.0988,0.85852));
#3774 = CARTESIAN_POINT('',(2.547718181818,-3.0988,0.85852));
#3775 = ORIENTED_EDGE('',*,*,#3776,.F.);
#3776 = EDGE_CURVE('',#3777,#3770,#3779,.T.);
#3777 = VERTEX_POINT('',#3778);
#3778 = CARTESIAN_POINT('',(1.910480259185,-3.0988,0.37592));
#3779 = B_SPLINE_CURVE_WITH_KNOTS('',1,(#3780,#3781),.UNSPECIFIED.,.F.,
  .F.,(2,2),(0.,0.4826),.PIECEWISE_BEZIER_KNOTS.);
#3780 = CARTESIAN_POINT('',(1.910480259185,-3.0988,0.37592));
#3781 = CARTESIAN_POINT('',(1.910480259185,-3.0988,0.85852));
#3782 = ORIENTED_EDGE('',*,*,#3783,.F.);
#3783 = EDGE_CURVE('',#3741,#3777,#3784,.T.);
#3784 = B_SPLINE_CURVE_WITH_KNOTS('',1,(#3785,#3786),.UNSPECIFIED.,.F.,
  .F.,(2,2),(-0.637237922633,0.),.PIECEWISE_BEZIER_KNOTS.);
#3785 = CARTESIAN_POINT('',(2.547718181818,-3.0988,0.37592));
#3786 = CARTESIAN_POINT('',(1.910480259185,-3.0988,0.37592));
#3787 = PLANE('',#3788);
#3788 = AXIS2_PLACEMENT_3D('',#3789,#3790,#3791);
#3789 = CARTESIAN_POINT('',(1.2165592931,-3.0988,1.536977173822));
#3790 = DIRECTION('',(0.,-1.,0.));
#3791 = DIRECTION('',(0.,-0.,-1.));
#3792 = ADVANCED_FACE('',(#3793),#3817,.T.);
#3793 = FACE_BOUND('',#3794,.T.);
#3794 = EDGE_LOOP('',(#3795,#3803,#3804,#3812));
#3795 = ORIENTED_EDGE('',*,*,#3796,.F.);
#3796 = EDGE_CURVE('',#3777,#3797,#3799,.T.);
#3797 = VERTEX_POINT('',#3798);
#3798 = CARTESIAN_POINT('',(1.530028924822,-2.738239720686,0.37592));
#3799 = ( BOUNDED_CURVE() B_SPLINE_CURVE(2,(#3800,#3801,#3802),
.UNSPECIFIED.,.F.,.F.) B_SPLINE_CURVE_WITH_KNOTS((3,3),(0.,
0.578023862644),.PIECEWISE_BEZIER_KNOTS.) CURVE() 
GEOMETRIC_REPRESENTATION_ITEM() RATIONAL_B_SPLINE_CURVE((1.,
0.725826274275,1.)) REPRESENTATION_ITEM('') );
#3800 = CARTESIAN_POINT('',(1.910480259185,-3.0988,0.37592));
#3801 = CARTESIAN_POINT('',(1.549400000001,-3.0988,0.37592));
#3802 = CARTESIAN_POINT('',(1.530028924822,-2.738239720686,0.37592));
#3803 = ORIENTED_EDGE('',*,*,#3776,.T.);
#3804 = ORIENTED_EDGE('',*,*,#3805,.T.);
#3805 = EDGE_CURVE('',#3770,#3806,#3808,.T.);
#3806 = VERTEX_POINT('',#3807);
#3807 = CARTESIAN_POINT('',(1.530028924822,-2.738239720686,0.85852));
#3808 = ( BOUNDED_CURVE() B_SPLINE_CURVE(2,(#3809,#3810,#3811),
.UNSPECIFIED.,.F.,.F.) B_SPLINE_CURVE_WITH_KNOTS((3,3),(-0.578023862644,
0.),.PIECEWISE_BEZIER_KNOTS.) CURVE() GEOMETRIC_REPRESENTATION_ITEM() 
RATIONAL_B_SPLINE_CURVE((1.,0.725826274275,1.)) REPRESENTATION_ITEM('') 
  );
#3809 = CARTESIAN_POINT('',(1.910480259185,-3.0988,0.85852));
#3810 = CARTESIAN_POINT('',(1.549400000001,-3.0988,0.85852));
#3811 = CARTESIAN_POINT('',(1.530028924822,-2.738239720686,0.85852));
#3812 = ORIENTED_EDGE('',*,*,#3813,.T.);
#3813 = EDGE_CURVE('',#3806,#3797,#3814,.T.);
#3814 = B_SPLINE_CURVE_WITH_KNOTS('',1,(#3815,#3816),.UNSPECIFIED.,.F.,
  .F.,(2,2),(-0.4826,0.),.PIECEWISE_BEZIER_KNOTS.);
#3815 = CARTESIAN_POINT('',(1.530028924822,-2.738239720686,0.85852));
#3816 = CARTESIAN_POINT('',(1.530028924822,-2.738239720686,0.37592));
#3817 = CYLINDRICAL_SURFACE('',#3818,0.381);
#3818 = AXIS2_PLACEMENT_3D('',#3819,#3820,#3821);
#3819 = CARTESIAN_POINT('',(1.910480259185,-2.7178,0.61722));
#3820 = DIRECTION('',(0.,0.,-1.));
#3821 = DIRECTION('',(-1.,0.,-0.));
#3822 = ADVANCED_FACE('',(#3823),#3845,.T.);
#3823 = FACE_BOUND('',#3824,.T.);
#3824 = EDGE_LOOP('',(#3825,#3826,#3833,#3840));
#3825 = ORIENTED_EDGE('',*,*,#3813,.F.);
#3826 = ORIENTED_EDGE('',*,*,#3827,.F.);
#3827 = EDGE_CURVE('',#3828,#3806,#3830,.T.);
#3828 = VERTEX_POINT('',#3829);
#3829 = CARTESIAN_POINT('',(1.3589,0.44704,0.85852));
#3830 = B_SPLINE_CURVE_WITH_KNOTS('',1,(#3831,#3832),.UNSPECIFIED.,.F.,
  .F.,(2,2),(0.,3.18987335296),.PIECEWISE_BEZIER_KNOTS.);
#3831 = CARTESIAN_POINT('',(1.3589,0.44704,0.85852));
#3832 = CARTESIAN_POINT('',(1.530028924822,-2.738239720686,0.85852));
#3833 = ORIENTED_EDGE('',*,*,#3834,.F.);
#3834 = EDGE_CURVE('',#3835,#3828,#3837,.T.);
#3835 = VERTEX_POINT('',#3836);
#3836 = CARTESIAN_POINT('',(1.3589,0.44704,0.37592));
#3837 = B_SPLINE_CURVE_WITH_KNOTS('',1,(#3838,#3839),.UNSPECIFIED.,.F.,
  .F.,(2,2),(0.,0.4826),.PIECEWISE_BEZIER_KNOTS.);
#3838 = CARTESIAN_POINT('',(1.3589,0.44704,0.37592));
#3839 = CARTESIAN_POINT('',(1.3589,0.44704,0.85852));
#3840 = ORIENTED_EDGE('',*,*,#3841,.F.);
#3841 = EDGE_CURVE('',#3797,#3835,#3842,.T.);
#3842 = B_SPLINE_CURVE_WITH_KNOTS('',1,(#3843,#3844),.UNSPECIFIED.,.F.,
  .F.,(2,2),(0.,3.18987335296),.PIECEWISE_BEZIER_KNOTS.);
#3843 = CARTESIAN_POINT('',(1.530028924822,-2.738239720686,0.37592));
#3844 = CARTESIAN_POINT('',(1.3589,0.44704,0.37592));
#3845 = PLANE('',#3846);
#3846 = AXIS2_PLACEMENT_3D('',#3847,#3848,#3849);
#3847 = CARTESIAN_POINT('',(1.340082526412,0.797295908393,1.536977173822
    ));
#3848 = DIRECTION('',(-0.99855993271,-5.364756085478E-02,
    -5.543121143815E-17));
#3849 = DIRECTION('',(5.364756085478E-02,-0.99855993271,0.));
#3850 = ADVANCED_FACE('',(#3851),#3873,.T.);
#3851 = FACE_BOUND('',#3852,.T.);
#3852 = EDGE_LOOP('',(#3853,#3854,#3861,#3868));
#3853 = ORIENTED_EDGE('',*,*,#3834,.T.);
#3854 = ORIENTED_EDGE('',*,*,#3855,.F.);
#3855 = EDGE_CURVE('',#3856,#3828,#3858,.T.);
#3856 = VERTEX_POINT('',#3857);
#3857 = CARTESIAN_POINT('',(-1.3589,0.44704,0.85852));
#3858 = B_SPLINE_CURVE_WITH_KNOTS('',1,(#3859,#3860),.UNSPECIFIED.,.F.,
  .F.,(2,2),(0.,2.7178),.PIECEWISE_BEZIER_KNOTS.);
#3859 = CARTESIAN_POINT('',(-1.3589,0.44704,0.85852));
#3860 = CARTESIAN_POINT('',(1.3589,0.44704,0.85852));
#3861 = ORIENTED_EDGE('',*,*,#3862,.F.);
#3862 = EDGE_CURVE('',#3863,#3856,#3865,.T.);
#3863 = VERTEX_POINT('',#3864);
#3864 = CARTESIAN_POINT('',(-1.3589,0.44704,0.37592));
#3865 = B_SPLINE_CURVE_WITH_KNOTS('',1,(#3866,#3867),.UNSPECIFIED.,.F.,
  .F.,(2,2),(0.,0.4826),.PIECEWISE_BEZIER_KNOTS.);
#3866 = CARTESIAN_POINT('',(-1.3589,0.44704,0.37592));
#3867 = CARTESIAN_POINT('',(-1.3589,0.44704,0.85852));
#3868 = ORIENTED_EDGE('',*,*,#3869,.F.);
#3869 = EDGE_CURVE('',#3835,#3863,#3870,.T.);
#3870 = B_SPLINE_CURVE_WITH_KNOTS('',1,(#3871,#3872),.UNSPECIFIED.,.F.,
  .F.,(2,2),(-2.7178,0.),.PIECEWISE_BEZIER_KNOTS.);
#3871 = CARTESIAN_POINT('',(1.3589,0.44704,0.37592));
#3872 = CARTESIAN_POINT('',(-1.3589,0.44704,0.37592));
#3873 = PLANE('',#3874);
#3874 = AXIS2_PLACEMENT_3D('',#3875,#3876,#3877);
#3875 = CARTESIAN_POINT('',(-1.660877173822,0.44704,1.536977173822));
#3876 = DIRECTION('',(0.,-1.,0.));
#3877 = DIRECTION('',(0.,-0.,-1.));
#3878 = ADVANCED_FACE('',(#3879),#3901,.T.);
#3879 = FACE_BOUND('',#3880,.T.);
#3880 = EDGE_LOOP('',(#3881,#3882,#3889,#3896));
#3881 = ORIENTED_EDGE('',*,*,#3862,.T.);
#3882 = ORIENTED_EDGE('',*,*,#3883,.F.);
#3883 = EDGE_CURVE('',#3884,#3856,#3886,.T.);
#3884 = VERTEX_POINT('',#3885);
#3885 = CARTESIAN_POINT('',(-1.530028924822,-2.738239720686,0.85852));
#3886 = B_SPLINE_CURVE_WITH_KNOTS('',1,(#3887,#3888),.UNSPECIFIED.,.F.,
  .F.,(2,2),(0.,3.18987335296),.PIECEWISE_BEZIER_KNOTS.);
#3887 = CARTESIAN_POINT('',(-1.530028924822,-2.738239720686,0.85852));
#3888 = CARTESIAN_POINT('',(-1.3589,0.44704,0.85852));
#3889 = ORIENTED_EDGE('',*,*,#3890,.F.);
#3890 = EDGE_CURVE('',#3891,#3884,#3893,.T.);
#3891 = VERTEX_POINT('',#3892);
#3892 = CARTESIAN_POINT('',(-1.530028924822,-2.738239720686,0.37592));
#3893 = B_SPLINE_CURVE_WITH_KNOTS('',1,(#3894,#3895),.UNSPECIFIED.,.F.,
  .F.,(2,2),(0.,0.4826),.PIECEWISE_BEZIER_KNOTS.);
#3894 = CARTESIAN_POINT('',(-1.530028924822,-2.738239720686,0.37592));
#3895 = CARTESIAN_POINT('',(-1.530028924822,-2.738239720686,0.85852));
#3896 = ORIENTED_EDGE('',*,*,#3897,.F.);
#3897 = EDGE_CURVE('',#3863,#3891,#3898,.T.);
#3898 = B_SPLINE_CURVE_WITH_KNOTS('',1,(#3899,#3900),.UNSPECIFIED.,.F.,
  .F.,(2,2),(0.,3.18987335296),.PIECEWISE_BEZIER_KNOTS.);
#3899 = CARTESIAN_POINT('',(-1.3589,0.44704,0.37592));
#3900 = CARTESIAN_POINT('',(-1.530028924822,-2.738239720686,0.37592));
#3901 = PLANE('',#3902);
#3902 = AXIS2_PLACEMENT_3D('',#3903,#3904,#3905);
#3903 = CARTESIAN_POINT('',(-1.54884639841,-3.088495629079,
    1.536977173822));
#3904 = DIRECTION('',(0.99855993271,-5.364756085478E-02,
    -1.489018931899E-18));
#3905 = DIRECTION('',(5.364756085478E-02,0.99855993271,0.));
#3906 = ADVANCED_FACE('',(#3907),#3931,.T.);
#3907 = FACE_BOUND('',#3908,.T.);
#3908 = EDGE_LOOP('',(#3909,#3917,#3918,#3926));
#3909 = ORIENTED_EDGE('',*,*,#3910,.F.);
#3910 = EDGE_CURVE('',#3891,#3911,#3913,.T.);
#3911 = VERTEX_POINT('',#3912);
#3912 = CARTESIAN_POINT('',(-1.910480259185,-3.0988,0.37592));
#3913 = ( BOUNDED_CURVE() B_SPLINE_CURVE(2,(#3914,#3915,#3916),
.UNSPECIFIED.,.F.,.F.) B_SPLINE_CURVE_WITH_KNOTS((3,3),(0.,
0.578023862644),.PIECEWISE_BEZIER_KNOTS.) CURVE() 
GEOMETRIC_REPRESENTATION_ITEM() RATIONAL_B_SPLINE_CURVE((1.,
0.725826274275,1.)) REPRESENTATION_ITEM('') );
#3914 = CARTESIAN_POINT('',(-1.530028924822,-2.738239720686,0.37592));
#3915 = CARTESIAN_POINT('',(-1.549400000001,-3.0988,0.37592));
#3916 = CARTESIAN_POINT('',(-1.910480259185,-3.0988,0.37592));
#3917 = ORIENTED_EDGE('',*,*,#3890,.T.);
#3918 = ORIENTED_EDGE('',*,*,#3919,.T.);
#3919 = EDGE_CURVE('',#3884,#3920,#3922,.T.);
#3920 = VERTEX_POINT('',#3921);
#3921 = CARTESIAN_POINT('',(-1.910480259185,-3.0988,0.85852));
#3922 = ( BOUNDED_CURVE() B_SPLINE_CURVE(2,(#3923,#3924,#3925),
.UNSPECIFIED.,.F.,.F.) B_SPLINE_CURVE_WITH_KNOTS((3,3),(-0.578023862644,
0.),.PIECEWISE_BEZIER_KNOTS.) CURVE() GEOMETRIC_REPRESENTATION_ITEM() 
RATIONAL_B_SPLINE_CURVE((1.,0.725826274275,1.)) REPRESENTATION_ITEM('') 
  );
#3923 = CARTESIAN_POINT('',(-1.530028924822,-2.738239720686,0.85852));
#3924 = CARTESIAN_POINT('',(-1.549400000001,-3.0988,0.85852));
#3925 = CARTESIAN_POINT('',(-1.910480259185,-3.0988,0.85852));
#3926 = ORIENTED_EDGE('',*,*,#3927,.T.);
#3927 = EDGE_CURVE('',#3920,#3911,#3928,.T.);
#3928 = B_SPLINE_CURVE_WITH_KNOTS('',1,(#3929,#3930),.UNSPECIFIED.,.F.,
  .F.,(2,2),(0.,0.4826),.PIECEWISE_BEZIER_KNOTS.);
#3929 = CARTESIAN_POINT('',(-1.910480259185,-3.0988,0.85852));
#3930 = CARTESIAN_POINT('',(-1.910480259185,-3.0988,0.37592));
#3931 = CYLINDRICAL_SURFACE('',#3932,0.381);
#3932 = AXIS2_PLACEMENT_3D('',#3933,#3934,#3935);
#3933 = CARTESIAN_POINT('',(-1.910480259185,-2.7178,0.61722));
#3934 = DIRECTION('',(0.,0.,-1.));
#3935 = DIRECTION('',(-1.,0.,-0.));
#3936 = ADVANCED_FACE('',(#3937),#3959,.T.);
#3937 = FACE_BOUND('',#3938,.T.);
#3938 = EDGE_LOOP('',(#3939,#3940,#3947,#3954));
#3939 = ORIENTED_EDGE('',*,*,#3927,.F.);
#3940 = ORIENTED_EDGE('',*,*,#3941,.F.);
#3941 = EDGE_CURVE('',#3942,#3920,#3944,.T.);
#3942 = VERTEX_POINT('',#3943);
#3943 = CARTESIAN_POINT('',(-2.547718181818,-3.0988,0.85852));
#3944 = B_SPLINE_CURVE_WITH_KNOTS('',1,(#3945,#3946),.UNSPECIFIED.,.F.,
  .F.,(2,2),(0.,0.637237922633),.PIECEWISE_BEZIER_KNOTS.);
#3945 = CARTESIAN_POINT('',(-2.547718181818,-3.0988,0.85852));
#3946 = CARTESIAN_POINT('',(-1.910480259185,-3.0988,0.85852));
#3947 = ORIENTED_EDGE('',*,*,#3948,.F.);
#3948 = EDGE_CURVE('',#3949,#3942,#3951,.T.);
#3949 = VERTEX_POINT('',#3950);
#3950 = CARTESIAN_POINT('',(-2.547718181818,-3.0988,0.37592));
#3951 = B_SPLINE_CURVE_WITH_KNOTS('',1,(#3952,#3953),.UNSPECIFIED.,.F.,
  .F.,(2,2),(0.,0.4826),.PIECEWISE_BEZIER_KNOTS.);
#3952 = CARTESIAN_POINT('',(-2.547718181818,-3.0988,0.37592));
#3953 = CARTESIAN_POINT('',(-2.547718181818,-3.0988,0.85852));
#3954 = ORIENTED_EDGE('',*,*,#3955,.F.);
#3955 = EDGE_CURVE('',#3911,#3949,#3956,.T.);
#3956 = B_SPLINE_CURVE_WITH_KNOTS('',1,(#3957,#3958),.UNSPECIFIED.,.F.,
  .F.,(2,2),(-0.637237922633,0.),.PIECEWISE_BEZIER_KNOTS.);
#3957 = CARTESIAN_POINT('',(-1.910480259185,-3.0988,0.37592));
#3958 = CARTESIAN_POINT('',(-2.547718181818,-3.0988,0.37592));
#3959 = PLANE('',#3960);
#3960 = AXIS2_PLACEMENT_3D('',#3961,#3962,#3963);
#3961 = CARTESIAN_POINT('',(-3.241639147903,-3.0988,1.536977173822));
#3962 = DIRECTION('',(0.,-1.,0.));
#3963 = DIRECTION('',(0.,-0.,-1.));
#3964 = ADVANCED_FACE('',(#3965),#3987,.T.);
#3965 = FACE_BOUND('',#3966,.T.);
#3966 = EDGE_LOOP('',(#3967,#3974,#3981,#3986));
#3967 = ORIENTED_EDGE('',*,*,#3968,.F.);
#3968 = EDGE_CURVE('',#3969,#3942,#3971,.T.);
#3969 = VERTEX_POINT('',#3970);
#3970 = CARTESIAN_POINT('',(-2.7559,2.7178,0.85852));
#3971 = B_SPLINE_CURVE_WITH_KNOTS('',1,(#3972,#3973),.UNSPECIFIED.,.F.,
  .F.,(2,2),(0.,5.820324323388),.PIECEWISE_BEZIER_KNOTS.);
#3972 = CARTESIAN_POINT('',(-2.7559,2.7178,0.85852));
#3973 = CARTESIAN_POINT('',(-2.547718181818,-3.0988,0.85852));
#3974 = ORIENTED_EDGE('',*,*,#3975,.F.);
#3975 = EDGE_CURVE('',#3976,#3969,#3978,.T.);
#3976 = VERTEX_POINT('',#3977);
#3977 = CARTESIAN_POINT('',(-2.7559,2.7178,0.37592));
#3978 = B_SPLINE_CURVE_WITH_KNOTS('',1,(#3979,#3980),.UNSPECIFIED.,.F.,
  .F.,(2,2),(0.,0.4826),.PIECEWISE_BEZIER_KNOTS.);
#3979 = CARTESIAN_POINT('',(-2.7559,2.7178,0.37592));
#3980 = CARTESIAN_POINT('',(-2.7559,2.7178,0.85852));
#3981 = ORIENTED_EDGE('',*,*,#3982,.F.);
#3982 = EDGE_CURVE('',#3949,#3976,#3983,.T.);
#3983 = B_SPLINE_CURVE_WITH_KNOTS('',1,(#3984,#3985),.UNSPECIFIED.,.F.,
  .F.,(2,2),(0.,5.820324323388),.PIECEWISE_BEZIER_KNOTS.);
#3984 = CARTESIAN_POINT('',(-2.547718181818,-3.0988,0.37592));
#3985 = CARTESIAN_POINT('',(-2.7559,2.7178,0.37592));
#3986 = ORIENTED_EDGE('',*,*,#3948,.T.);
#3987 = PLANE('',#3988);
#3988 = AXIS2_PLACEMENT_3D('',#3989,#3990,#3991);
#3989 = CARTESIAN_POINT('',(-2.777836218492,3.330697944658,
    1.536977173822));
#3990 = DIRECTION('',(-0.99936011755,-3.576807865247E-02,0.));
#3991 = DIRECTION('',(3.576807865247E-02,-0.99936011755,0.));
#3992 = ADVANCED_FACE('',(#3993),#4015,.T.);
#3993 = FACE_BOUND('',#3994,.T.);
#3994 = EDGE_LOOP('',(#3995,#3996,#4003,#4010));
#3995 = ORIENTED_EDGE('',*,*,#3975,.T.);
#3996 = ORIENTED_EDGE('',*,*,#3997,.F.);
#3997 = EDGE_CURVE('',#3998,#3969,#4000,.T.);
#3998 = VERTEX_POINT('',#3999);
#3999 = CARTESIAN_POINT('',(-5.2959,2.7178,0.85852));
#4000 = B_SPLINE_CURVE_WITH_KNOTS('',1,(#4001,#4002),.UNSPECIFIED.,.F.,
  .F.,(2,2),(0.,2.54),.PIECEWISE_BEZIER_KNOTS.);
#4001 = CARTESIAN_POINT('',(-5.2959,2.7178,0.85852));
#4002 = CARTESIAN_POINT('',(-2.7559,2.7178,0.85852));
#4003 = ORIENTED_EDGE('',*,*,#4004,.F.);
#4004 = EDGE_CURVE('',#4005,#3998,#4007,.T.);
#4005 = VERTEX_POINT('',#4006);
#4006 = CARTESIAN_POINT('',(-5.2959,2.7178,0.37592));
#4007 = B_SPLINE_CURVE_WITH_KNOTS('',1,(#4008,#4009),.UNSPECIFIED.,.F.,
  .F.,(2,2),(0.,0.4826),.PIECEWISE_BEZIER_KNOTS.);
#4008 = CARTESIAN_POINT('',(-5.2959,2.7178,0.37592));
#4009 = CARTESIAN_POINT('',(-5.2959,2.7178,0.85852));
#4010 = ORIENTED_EDGE('',*,*,#4011,.F.);
#4011 = EDGE_CURVE('',#3976,#4005,#4012,.T.);
#4012 = B_SPLINE_CURVE_WITH_KNOTS('',1,(#4013,#4014),.UNSPECIFIED.,.F.,
  .F.,(2,2),(-2.54,0.),.PIECEWISE_BEZIER_KNOTS.);
#4013 = CARTESIAN_POINT('',(-2.7559,2.7178,0.37592));
#4014 = CARTESIAN_POINT('',(-5.2959,2.7178,0.37592));
#4015 = PLANE('',#4016);
#4016 = AXIS2_PLACEMENT_3D('',#4017,#4018,#4019);
#4017 = CARTESIAN_POINT('',(-5.580097173822,2.7178,1.536977173822));
#4018 = DIRECTION('',(0.,-1.,0.));
#4019 = DIRECTION('',(0.,-0.,-1.));
#4020 = ADVANCED_FACE('',(#4021),#4071,.T.);
#4021 = FACE_BOUND('',#4022,.T.);
#4022 = EDGE_LOOP('',(#4023,#4032,#4039,#4046,#4051,#4052,#4059,#4066));
#4023 = ORIENTED_EDGE('',*,*,#4024,.T.);
#4024 = EDGE_CURVE('',#4025,#4027,#4029,.T.);
#4025 = VERTEX_POINT('',#4026);
#4026 = CARTESIAN_POINT('',(-5.2959,-2.7686,0.37592));
#4027 = VERTEX_POINT('',#4028);
#4028 = CARTESIAN_POINT('',(-5.2959,-2.7686,-8.881784197001E-16));
#4029 = B_SPLINE_CURVE_WITH_KNOTS('',1,(#4030,#4031),.UNSPECIFIED.,.F.,
  .F.,(2,2),(-0.37592,0.),.PIECEWISE_BEZIER_KNOTS.);
#4030 = CARTESIAN_POINT('',(-5.2959,-2.7686,0.37592));
#4031 = CARTESIAN_POINT('',(-5.2959,-2.7686,-8.881784197001E-16));
#4032 = ORIENTED_EDGE('',*,*,#4033,.T.);
#4033 = EDGE_CURVE('',#4027,#4034,#4036,.T.);
#4034 = VERTEX_POINT('',#4035);
#4035 = CARTESIAN_POINT('',(-5.2959,3.556,-8.881784197001E-16));
#4036 = B_SPLINE_CURVE_WITH_KNOTS('',1,(#4037,#4038),.UNSPECIFIED.,.F.,
  .F.,(2,2),(-6.3246,0.),.PIECEWISE_BEZIER_KNOTS.);
#4037 = CARTESIAN_POINT('',(-5.2959,-2.7686,-8.881784197001E-16));
#4038 = CARTESIAN_POINT('',(-5.2959,3.556,-8.881784197001E-16));
#4039 = ORIENTED_EDGE('',*,*,#4040,.T.);
#4040 = EDGE_CURVE('',#4034,#4041,#4043,.T.);
#4041 = VERTEX_POINT('',#4042);
#4042 = CARTESIAN_POINT('',(-5.2959,3.556,0.37592));
#4043 = B_SPLINE_CURVE_WITH_KNOTS('',1,(#4044,#4045),.UNSPECIFIED.,.F.,
  .F.,(2,2),(-0.37592,0.),.PIECEWISE_BEZIER_KNOTS.);
#4044 = CARTESIAN_POINT('',(-5.2959,3.556,-8.881784197001E-16));
#4045 = CARTESIAN_POINT('',(-5.2959,3.556,0.37592));
#4046 = ORIENTED_EDGE('',*,*,#4047,.F.);
#4047 = EDGE_CURVE('',#4005,#4041,#4048,.T.);
#4048 = B_SPLINE_CURVE_WITH_KNOTS('',1,(#4049,#4050),.UNSPECIFIED.,.F.,
  .F.,(2,2),(-0.8382,0.),.PIECEWISE_BEZIER_KNOTS.);
#4049 = CARTESIAN_POINT('',(-5.2959,2.7178,0.37592));
#4050 = CARTESIAN_POINT('',(-5.2959,3.556,0.37592));
#4051 = ORIENTED_EDGE('',*,*,#4004,.T.);
#4052 = ORIENTED_EDGE('',*,*,#4053,.T.);
#4053 = EDGE_CURVE('',#3998,#4054,#4056,.T.);
#4054 = VERTEX_POINT('',#4055);
#4055 = CARTESIAN_POINT('',(-5.2959,-4.37896,0.85852));
#4056 = B_SPLINE_CURVE_WITH_KNOTS('',1,(#4057,#4058),.UNSPECIFIED.,.F.,
  .F.,(2,2),(-7.09676,0.),.PIECEWISE_BEZIER_KNOTS.);
#4057 = CARTESIAN_POINT('',(-5.2959,2.7178,0.85852));
#4058 = CARTESIAN_POINT('',(-5.2959,-4.37896,0.85852));
#4059 = ORIENTED_EDGE('',*,*,#4060,.T.);
#4060 = EDGE_CURVE('',#4054,#4061,#4063,.T.);
#4061 = VERTEX_POINT('',#4062);
#4062 = CARTESIAN_POINT('',(-5.2959,-4.37896,0.37592));
#4063 = B_SPLINE_CURVE_WITH_KNOTS('',1,(#4064,#4065),.UNSPECIFIED.,.F.,
  .F.,(2,2),(-0.4826,0.),.PIECEWISE_BEZIER_KNOTS.);
#4064 = CARTESIAN_POINT('',(-5.2959,-4.37896,0.85852));
#4065 = CARTESIAN_POINT('',(-5.2959,-4.37896,0.37592));
#4066 = ORIENTED_EDGE('',*,*,#4067,.F.);
#4067 = EDGE_CURVE('',#4025,#4061,#4068,.T.);
#4068 = B_SPLINE_CURVE_WITH_KNOTS('',1,(#4069,#4070),.UNSPECIFIED.,.F.,
  .F.,(2,2),(-1.61036,0.),.PIECEWISE_BEZIER_KNOTS.);
#4069 = CARTESIAN_POINT('',(-5.2959,-2.7686,0.37592));
#4070 = CARTESIAN_POINT('',(-5.2959,-4.37896,0.37592));
#4071 = PLANE('',#4072);
#4072 = AXIS2_PLACEMENT_3D('',#4073,#4074,#4075);
#4073 = CARTESIAN_POINT('',(-5.2959,4.379693173822,1.574569173822));
#4074 = DIRECTION('',(1.,0.,0.));
#4075 = DIRECTION('',(-0.,0.,1.));
#4076 = ADVANCED_FACE('',(#4077),#4099,.T.);
#4077 = FACE_BOUND('',#4078,.T.);
#4078 = EDGE_LOOP('',(#4079,#4086,#4093,#4098));
#4079 = ORIENTED_EDGE('',*,*,#4080,.F.);
#4080 = EDGE_CURVE('',#4081,#4025,#4083,.T.);
#4081 = VERTEX_POINT('',#4082);
#4082 = CARTESIAN_POINT('',(-6.1976,-2.7686,0.37592));
#4083 = B_SPLINE_CURVE_WITH_KNOTS('',1,(#4084,#4085),.UNSPECIFIED.,.F.,
  .F.,(2,2),(-0.9017,0.),.PIECEWISE_BEZIER_KNOTS.);
#4084 = CARTESIAN_POINT('',(-6.1976,-2.7686,0.37592));
#4085 = CARTESIAN_POINT('',(-5.2959,-2.7686,0.37592));
#4086 = ORIENTED_EDGE('',*,*,#4087,.T.);
#4087 = EDGE_CURVE('',#4081,#4088,#4090,.T.);
#4088 = VERTEX_POINT('',#4089);
#4089 = CARTESIAN_POINT('',(-6.1976,-2.7686,-8.881784197001E-16));
#4090 = B_SPLINE_CURVE_WITH_KNOTS('',1,(#4091,#4092),.UNSPECIFIED.,.F.,
  .F.,(2,2),(-0.37592,0.),.PIECEWISE_BEZIER_KNOTS.);
#4091 = CARTESIAN_POINT('',(-6.1976,-2.7686,0.37592));
#4092 = CARTESIAN_POINT('',(-6.1976,-2.7686,-8.881784197001E-16));
#4093 = ORIENTED_EDGE('',*,*,#4094,.T.);
#4094 = EDGE_CURVE('',#4088,#4027,#4095,.T.);
#4095 = B_SPLINE_CURVE_WITH_KNOTS('',1,(#4096,#4097),.UNSPECIFIED.,.F.,
  .F.,(2,2),(-0.9017,0.),.PIECEWISE_BEZIER_KNOTS.);
#4096 = CARTESIAN_POINT('',(-6.1976,-2.7686,-8.881784197001E-16));
#4097 = CARTESIAN_POINT('',(-5.2959,-2.7686,-8.881784197001E-16));
#4098 = ORIENTED_EDGE('',*,*,#4024,.F.);
#4099 = PLANE('',#4100);
#4100 = AXIS2_PLACEMENT_3D('',#4101,#4102,#4103);
#4101 = CARTESIAN_POINT('',(-4.575532826178,-2.7686,1.043709173822));
#4102 = DIRECTION('',(0.,-1.,0.));
#4103 = DIRECTION('',(0.,-0.,-1.));
#4104 = ADVANCED_FACE('',(#4105),#4127,.T.);
#4105 = FACE_BOUND('',#4106,.T.);
#4106 = EDGE_LOOP('',(#4107,#4114,#4121,#4126));
#4107 = ORIENTED_EDGE('',*,*,#4108,.F.);
#4108 = EDGE_CURVE('',#4109,#4081,#4111,.T.);
#4109 = VERTEX_POINT('',#4110);
#4110 = CARTESIAN_POINT('',(-6.1976,2.3622,0.37592));
#4111 = B_SPLINE_CURVE_WITH_KNOTS('',1,(#4112,#4113),.UNSPECIFIED.,.F.,
  .F.,(2,2),(-5.1308,0.),.PIECEWISE_BEZIER_KNOTS.);
#4112 = CARTESIAN_POINT('',(-6.1976,2.3622,0.37592));
#4113 = CARTESIAN_POINT('',(-6.1976,-2.7686,0.37592));
#4114 = ORIENTED_EDGE('',*,*,#4115,.F.);
#4115 = EDGE_CURVE('',#4116,#4109,#4118,.T.);
#4116 = VERTEX_POINT('',#4117);
#4117 = CARTESIAN_POINT('',(-6.1976,2.3622,-8.881784197001E-16));
#4118 = B_SPLINE_CURVE_WITH_KNOTS('',1,(#4119,#4120),.UNSPECIFIED.,.F.,
  .F.,(2,2),(-0.37592,0.),.PIECEWISE_BEZIER_KNOTS.);
#4119 = CARTESIAN_POINT('',(-6.1976,2.3622,-8.881784197001E-16));
#4120 = CARTESIAN_POINT('',(-6.1976,2.3622,0.37592));
#4121 = ORIENTED_EDGE('',*,*,#4122,.T.);
#4122 = EDGE_CURVE('',#4116,#4088,#4123,.T.);
#4123 = B_SPLINE_CURVE_WITH_KNOTS('',1,(#4124,#4125),.UNSPECIFIED.,.F.,
  .F.,(2,2),(0.,5.1308),.PIECEWISE_BEZIER_KNOTS.);
#4124 = CARTESIAN_POINT('',(-6.1976,2.3622,-8.881784197001E-16));
#4125 = CARTESIAN_POINT('',(-6.1976,-2.7686,-8.881784197001E-16));
#4126 = ORIENTED_EDGE('',*,*,#4087,.F.);
#4127 = PLANE('',#4128);
#4128 = AXIS2_PLACEMENT_3D('',#4129,#4130,#4131);
#4129 = CARTESIAN_POINT('',(-6.1976,-3.311877173822,1.043709173822));
#4130 = DIRECTION('',(-1.,0.,0.));
#4131 = DIRECTION('',(0.,0.,-1.));
#4132 = ADVANCED_FACE('',(#4133),#4155,.T.);
#4133 = FACE_BOUND('',#4134,.T.);
#4134 = EDGE_LOOP('',(#4135,#4142,#4149,#4154));
#4135 = ORIENTED_EDGE('',*,*,#4136,.F.);
#4136 = EDGE_CURVE('',#4137,#4109,#4139,.T.);
#4137 = VERTEX_POINT('',#4138);
#4138 = CARTESIAN_POINT('',(-6.6675,2.3622,0.37592));
#4139 = B_SPLINE_CURVE_WITH_KNOTS('',1,(#4140,#4141),.UNSPECIFIED.,.F.,
  .F.,(2,2),(-0.4699,0.),.PIECEWISE_BEZIER_KNOTS.);
#4140 = CARTESIAN_POINT('',(-6.6675,2.3622,0.37592));
#4141 = CARTESIAN_POINT('',(-6.1976,2.3622,0.37592));
#4142 = ORIENTED_EDGE('',*,*,#4143,.T.);
#4143 = EDGE_CURVE('',#4137,#4144,#4146,.T.);
#4144 = VERTEX_POINT('',#4145);
#4145 = CARTESIAN_POINT('',(-6.6675,2.3622,-8.881784197001E-16));
#4146 = B_SPLINE_CURVE_WITH_KNOTS('',1,(#4147,#4148),.UNSPECIFIED.,.F.,
  .F.,(2,2),(-0.37592,0.),.PIECEWISE_BEZIER_KNOTS.);
#4147 = CARTESIAN_POINT('',(-6.6675,2.3622,0.37592));
#4148 = CARTESIAN_POINT('',(-6.6675,2.3622,-8.881784197001E-16));
#4149 = ORIENTED_EDGE('',*,*,#4150,.T.);
#4150 = EDGE_CURVE('',#4144,#4116,#4151,.T.);
#4151 = B_SPLINE_CURVE_WITH_KNOTS('',1,(#4152,#4153),.UNSPECIFIED.,.F.,
  .F.,(2,2),(0.,0.4699),.PIECEWISE_BEZIER_KNOTS.);
#4152 = CARTESIAN_POINT('',(-6.6675,2.3622,-8.881784197001E-16));
#4153 = CARTESIAN_POINT('',(-6.1976,2.3622,-8.881784197001E-16));
#4154 = ORIENTED_EDGE('',*,*,#4115,.T.);
#4155 = PLANE('',#4156);
#4156 = AXIS2_PLACEMENT_3D('',#4157,#4158,#4159);
#4157 = CARTESIAN_POINT('',(-5.520412826178,2.3622,1.043709173822));
#4158 = DIRECTION('',(0.,-1.,0.));
#4159 = DIRECTION('',(0.,-0.,-1.));
#4160 = ADVANCED_FACE('',(#4161),#4183,.T.);
#4161 = FACE_BOUND('',#4162,.T.);
#4162 = EDGE_LOOP('',(#4163,#4170,#4171,#4178));
#4163 = ORIENTED_EDGE('',*,*,#4164,.F.);
#4164 = EDGE_CURVE('',#4041,#4165,#4167,.T.);
#4165 = VERTEX_POINT('',#4166);
#4166 = CARTESIAN_POINT('',(-5.9055,3.556,0.37592));
#4167 = B_SPLINE_CURVE_WITH_KNOTS('',1,(#4168,#4169),.UNSPECIFIED.,.F.,
  .F.,(2,2),(-0.6096,0.),.PIECEWISE_BEZIER_KNOTS.);
#4168 = CARTESIAN_POINT('',(-5.2959,3.556,0.37592));
#4169 = CARTESIAN_POINT('',(-5.9055,3.556,0.37592));
#4170 = ORIENTED_EDGE('',*,*,#4040,.F.);
#4171 = ORIENTED_EDGE('',*,*,#4172,.T.);
#4172 = EDGE_CURVE('',#4034,#4173,#4175,.T.);
#4173 = VERTEX_POINT('',#4174);
#4174 = CARTESIAN_POINT('',(-5.9055,3.556,-8.881784197001E-16));
#4175 = B_SPLINE_CURVE_WITH_KNOTS('',1,(#4176,#4177),.UNSPECIFIED.,.F.,
  .F.,(2,2),(0.,0.6096),.PIECEWISE_BEZIER_KNOTS.);
#4176 = CARTESIAN_POINT('',(-5.2959,3.556,-8.881784197001E-16));
#4177 = CARTESIAN_POINT('',(-5.9055,3.556,-8.881784197001E-16));
#4178 = ORIENTED_EDGE('',*,*,#4179,.F.);
#4179 = EDGE_CURVE('',#4165,#4173,#4180,.T.);
#4180 = B_SPLINE_CURVE_WITH_KNOTS('',1,(#4181,#4182),.UNSPECIFIED.,.F.,
  .F.,(2,2),(-0.37592,0.),.PIECEWISE_BEZIER_KNOTS.);
#4181 = CARTESIAN_POINT('',(-5.9055,3.556,0.37592));
#4182 = CARTESIAN_POINT('',(-5.9055,3.556,-8.881784197001E-16));
#4183 = PLANE('',#4184);
#4184 = AXIS2_PLACEMENT_3D('',#4185,#4186,#4187);
#4185 = CARTESIAN_POINT('',(-6.596657173822,3.556,1.043709173822));
#4186 = DIRECTION('',(0.,1.,0.));
#4187 = DIRECTION('',(0.,-0.,1.));
#4188 = ADVANCED_FACE('',(#4189),#4212,.F.);
#4189 = FACE_BOUND('',#4190,.F.);
#4190 = EDGE_LOOP('',(#4191,#4198,#4206,#4211));
#4191 = ORIENTED_EDGE('',*,*,#4192,.T.);
#4192 = EDGE_CURVE('',#3495,#4193,#4195,.T.);
#4193 = VERTEX_POINT('',#4194);
#4194 = CARTESIAN_POINT('',(3.699762787589,-4.37896,9.679652516809));
#4195 = B_SPLINE_CURVE_WITH_KNOTS('',1,(#4196,#4197),.UNSPECIFIED.,.F.,
  .F.,(2,2),(0.,0.32004),.PIECEWISE_BEZIER_KNOTS.);
#4196 = CARTESIAN_POINT('',(3.699762787589,-4.699,9.679652516809));
#4197 = CARTESIAN_POINT('',(3.699762787589,-4.37896,9.679652516809));
#4198 = ORIENTED_EDGE('',*,*,#4199,.F.);
#4199 = EDGE_CURVE('',#4200,#4193,#4202,.T.);
#4200 = VERTEX_POINT('',#4201);
#4201 = CARTESIAN_POINT('',(0.889,-4.37896,11.297486781279));
#4202 = ( BOUNDED_CURVE() B_SPLINE_CURVE(2,(#4203,#4204,#4205),
.UNSPECIFIED.,.F.,.F.) B_SPLINE_CURVE_WITH_KNOTS((3,3),(-3.306055945606,
0.),.PIECEWISE_BEZIER_KNOTS.) CURVE() GEOMETRIC_REPRESENTATION_ITEM() 
RATIONAL_B_SPLINE_CURVE((1.,0.943101810954,1.)) REPRESENTATION_ITEM('') 
  );
#4203 = CARTESIAN_POINT('',(0.889,-4.37896,11.297486781279));
#4204 = CARTESIAN_POINT('',(2.579576753465,-4.37896,10.984057055732));
#4205 = CARTESIAN_POINT('',(3.699762787589,-4.37896,9.679652516809));
#4206 = ORIENTED_EDGE('',*,*,#4207,.T.);
#4207 = EDGE_CURVE('',#4200,#3487,#4208,.T.);
#4208 = B_SPLINE_CURVE_WITH_KNOTS('',1,(#4209,#4210),.UNSPECIFIED.,.F.,
  .F.,(2,2),(0.,0.32004),.PIECEWISE_BEZIER_KNOTS.);
#4209 = CARTESIAN_POINT('',(0.889,-4.37896,11.297486781279));
#4210 = CARTESIAN_POINT('',(0.889,-4.699,11.297486781279));
#4211 = ORIENTED_EDGE('',*,*,#3494,.T.);
#4212 = CYLINDRICAL_SURFACE('',#4213,4.8768);
#4213 = AXIS2_PLACEMENT_3D('',#4214,#4215,#4216);
#4214 = CARTESIAN_POINT('',(0.,-4.53898,6.5024));
#4215 = DIRECTION('',(0.,-1.,0.));
#4216 = DIRECTION('',(0.,-0.,-1.));
#4217 = ADVANCED_FACE('',(#4218,#4234),#4323,.T.);
#4218 = FACE_BOUND('',#4219,.T.);
#4219 = EDGE_LOOP('',(#4220));
#4220 = ORIENTED_EDGE('',*,*,#4221,.T.);
#4221 = EDGE_CURVE('',#4222,#4222,#4224,.T.);
#4222 = VERTEX_POINT('',#4223);
#4223 = CARTESIAN_POINT('',(5.2324,-4.37896,6.5024));
#4224 = ( BOUNDED_CURVE() B_SPLINE_CURVE(2,(#4225,#4226,#4227,#4228,
    #4229,#4230,#4231,#4232,#4233),.UNSPECIFIED.,.T.,.F.) 
B_SPLINE_CURVE_WITH_KNOTS((1,2,2,2,2,2,1),(-8.219034700322,0.,
    8.219034700322,16.438069400643,24.657104100965,32.876138801287,
41.095173501608),.UNSPECIFIED.) CURVE() GEOMETRIC_REPRESENTATION_ITEM() 
RATIONAL_B_SPLINE_CURVE((1.,0.707106781187,1.,0.707106781187,1.,
0.707106781187,1.,0.707106781187,1.)) REPRESENTATION_ITEM('') );
#4225 = CARTESIAN_POINT('',(5.2324,-4.37896,6.5024));
#4226 = CARTESIAN_POINT('',(5.2324,-4.37896,1.27));
#4227 = CARTESIAN_POINT('',(3.203920955929E-16,-4.37896,1.27));
#4228 = CARTESIAN_POINT('',(-5.2324,-4.37896,1.27));
#4229 = CARTESIAN_POINT('',(-5.2324,-4.37896,6.5024));
#4230 = CARTESIAN_POINT('',(-5.2324,-4.37896,11.7348));
#4231 = CARTESIAN_POINT('',(-3.203920955929E-16,-4.37896,11.7348));
#4232 = CARTESIAN_POINT('',(5.2324,-4.37896,11.7348));
#4233 = CARTESIAN_POINT('',(5.2324,-4.37896,6.5024));
#4234 = FACE_BOUND('',#4235,.T.);
#4235 = EDGE_LOOP('',(#4236,#4246,#4254,#4262,#4270,#4278,#4286,#4294,
    #4300,#4301,#4309,#4317));
#4236 = ORIENTED_EDGE('',*,*,#4237,.F.);
#4237 = EDGE_CURVE('',#4238,#4240,#4242,.T.);
#4238 = VERTEX_POINT('',#4239);
#4239 = CARTESIAN_POINT('',(-4.601462787589,-4.37896,4.886937696376));
#4240 = VERTEX_POINT('',#4241);
#4241 = CARTESIAN_POINT('',(-4.601462787589,-4.37896,8.117862303624));
#4242 = ( BOUNDED_CURVE() B_SPLINE_CURVE(2,(#4243,#4244,#4245),
.UNSPECIFIED.,.F.,.F.) B_SPLINE_CURVE_WITH_KNOTS((3,3),(-3.293136336638,
0.),.PIECEWISE_BEZIER_KNOTS.) CURVE() GEOMETRIC_REPRESENTATION_ITEM() 
RATIONAL_B_SPLINE_CURVE((1.,0.943541418059,1.)) REPRESENTATION_ITEM('') 
  );
#4243 = CARTESIAN_POINT('',(-4.601462787589,-4.37896,4.886937696376));
#4244 = CARTESIAN_POINT('',(-5.168612534289,-4.37896,6.5024));
#4245 = CARTESIAN_POINT('',(-4.601462787589,-4.37896,8.117862303624));
#4246 = ORIENTED_EDGE('',*,*,#4247,.F.);
#4247 = EDGE_CURVE('',#4248,#4238,#4250,.T.);
#4248 = VERTEX_POINT('',#4249);
#4249 = CARTESIAN_POINT('',(-3.699762787589,-4.37896,3.325147483191));
#4250 = ( BOUNDED_CURVE() B_SPLINE_CURVE(2,(#4251,#4252,#4253),
.UNSPECIFIED.,.F.,.F.) B_SPLINE_CURVE_WITH_KNOTS((3,3),(-1.813836681037,
0.),.PIECEWISE_BEZIER_KNOTS.) CURVE() GEOMETRIC_REPRESENTATION_ITEM() 
RATIONAL_B_SPLINE_CURVE((1.,0.982758124269,1.)) REPRESENTATION_ITEM('') 
  );
#4251 = CARTESIAN_POINT('',(-3.699762787589,-4.37896,3.325147483191));
#4252 = CARTESIAN_POINT('',(-4.297530170325,-4.37896,4.021219799313));
#4253 = CARTESIAN_POINT('',(-4.601462787589,-4.37896,4.886937696376));
#4254 = ORIENTED_EDGE('',*,*,#4255,.F.);
#4255 = EDGE_CURVE('',#4256,#4248,#4258,.T.);
#4256 = VERTEX_POINT('',#4257);
#4257 = CARTESIAN_POINT('',(-0.9017,-4.37896,1.709685179567));
#4258 = ( BOUNDED_CURVE() B_SPLINE_CURVE(2,(#4259,#4260,#4261),
.UNSPECIFIED.,.F.,.F.) B_SPLINE_CURVE_WITH_KNOTS((3,3),(-3.293136336638,
0.),.PIECEWISE_BEZIER_KNOTS.) CURVE() GEOMETRIC_REPRESENTATION_ITEM() 
RATIONAL_B_SPLINE_CURVE((1.,0.943541418059,1.)) REPRESENTATION_ITEM('') 
  );
#4259 = CARTESIAN_POINT('',(-0.9017,-4.37896,1.709685179567));
#4260 = CARTESIAN_POINT('',(-2.584306267145,-4.37896,2.026250242987));
#4261 = CARTESIAN_POINT('',(-3.699762787589,-4.37896,3.325147483191));
#4262 = ORIENTED_EDGE('',*,*,#4263,.F.);
#4263 = EDGE_CURVE('',#4264,#4256,#4266,.T.);
#4264 = VERTEX_POINT('',#4265);
#4265 = CARTESIAN_POINT('',(0.9017,-4.37896,1.709685179567));
#4266 = ( BOUNDED_CURVE() B_SPLINE_CURVE(2,(#4267,#4268,#4269),
.UNSPECIFIED.,.F.,.F.) B_SPLINE_CURVE_WITH_KNOTS((3,3),(-1.813836681037,
0.),.PIECEWISE_BEZIER_KNOTS.) CURVE() GEOMETRIC_REPRESENTATION_ITEM() 
RATIONAL_B_SPLINE_CURVE((1.,0.982758124269,1.)) REPRESENTATION_ITEM('') 
  );
#4267 = CARTESIAN_POINT('',(0.9017,-4.37896,1.709685179567));
#4268 = CARTESIAN_POINT('',(0.,-4.37896,1.540039598625));
#4269 = CARTESIAN_POINT('',(-0.9017,-4.37896,1.709685179567));
#4270 = ORIENTED_EDGE('',*,*,#4271,.F.);
#4271 = EDGE_CURVE('',#4272,#4264,#4274,.T.);
#4272 = VERTEX_POINT('',#4273);
#4273 = CARTESIAN_POINT('',(3.699762787589,-4.37896,3.325147483191));
#4274 = ( BOUNDED_CURVE() B_SPLINE_CURVE(2,(#4275,#4276,#4277),
.UNSPECIFIED.,.F.,.F.) B_SPLINE_CURVE_WITH_KNOTS((3,3),(-3.293136336638,
0.),.PIECEWISE_BEZIER_KNOTS.) CURVE() GEOMETRIC_REPRESENTATION_ITEM() 
RATIONAL_B_SPLINE_CURVE((1.,0.943541418059,1.)) REPRESENTATION_ITEM('') 
  );
#4275 = CARTESIAN_POINT('',(3.699762787589,-4.37896,3.325147483191));
#4276 = CARTESIAN_POINT('',(2.584306267145,-4.37896,2.026250242987));
#4277 = CARTESIAN_POINT('',(0.9017,-4.37896,1.709685179567));
#4278 = ORIENTED_EDGE('',*,*,#4279,.F.);
#4279 = EDGE_CURVE('',#4280,#4272,#4282,.T.);
#4280 = VERTEX_POINT('',#4281);
#4281 = CARTESIAN_POINT('',(4.601462787589,-4.37896,4.886937696376));
#4282 = ( BOUNDED_CURVE() B_SPLINE_CURVE(2,(#4283,#4284,#4285),
.UNSPECIFIED.,.F.,.F.) B_SPLINE_CURVE_WITH_KNOTS((3,3),(-1.813836681037,
0.),.PIECEWISE_BEZIER_KNOTS.) CURVE() GEOMETRIC_REPRESENTATION_ITEM() 
RATIONAL_B_SPLINE_CURVE((1.,0.982758124269,1.)) REPRESENTATION_ITEM('') 
  );
#4283 = CARTESIAN_POINT('',(4.601462787589,-4.37896,4.886937696376));
#4284 = CARTESIAN_POINT('',(4.297530170325,-4.37896,4.021219799313));
#4285 = CARTESIAN_POINT('',(3.699762787589,-4.37896,3.325147483191));
#4286 = ORIENTED_EDGE('',*,*,#4287,.F.);
#4287 = EDGE_CURVE('',#4288,#4280,#4290,.T.);
#4288 = VERTEX_POINT('',#4289);
#4289 = CARTESIAN_POINT('',(4.601462787589,-4.37896,8.117862303624));
#4290 = ( BOUNDED_CURVE() B_SPLINE_CURVE(2,(#4291,#4292,#4293),
.UNSPECIFIED.,.F.,.F.) B_SPLINE_CURVE_WITH_KNOTS((3,3),(-3.293136336638,
0.),.PIECEWISE_BEZIER_KNOTS.) CURVE() GEOMETRIC_REPRESENTATION_ITEM() 
RATIONAL_B_SPLINE_CURVE((1.,0.943541418059,1.)) REPRESENTATION_ITEM('') 
  );
#4291 = CARTESIAN_POINT('',(4.601462787589,-4.37896,8.117862303624));
#4292 = CARTESIAN_POINT('',(5.168612534289,-4.37896,6.5024));
#4293 = CARTESIAN_POINT('',(4.601462787589,-4.37896,4.886937696376));
#4294 = ORIENTED_EDGE('',*,*,#4295,.F.);
#4295 = EDGE_CURVE('',#4193,#4288,#4296,.T.);
#4296 = ( BOUNDED_CURVE() B_SPLINE_CURVE(2,(#4297,#4298,#4299),
.UNSPECIFIED.,.F.,.F.) B_SPLINE_CURVE_WITH_KNOTS((3,3),(-1.813836681037,
0.),.PIECEWISE_BEZIER_KNOTS.) CURVE() GEOMETRIC_REPRESENTATION_ITEM() 
RATIONAL_B_SPLINE_CURVE((1.,0.982758124269,1.)) REPRESENTATION_ITEM('') 
  );
#4297 = CARTESIAN_POINT('',(3.699762787589,-4.37896,9.679652516809));
#4298 = CARTESIAN_POINT('',(4.297530170325,-4.37896,8.983580200687));
#4299 = CARTESIAN_POINT('',(4.601462787589,-4.37896,8.117862303624));
#4300 = ORIENTED_EDGE('',*,*,#4199,.F.);
#4301 = ORIENTED_EDGE('',*,*,#4302,.F.);
#4302 = EDGE_CURVE('',#4303,#4200,#4305,.T.);
#4303 = VERTEX_POINT('',#4304);
#4304 = CARTESIAN_POINT('',(-0.889,-4.37896,11.297486781279));
#4305 = ( BOUNDED_CURVE() B_SPLINE_CURVE(2,(#4306,#4307,#4308),
.UNSPECIFIED.,.F.,.F.) B_SPLINE_CURVE_WITH_KNOTS((3,3),(-1.787997463102,
0.),.PIECEWISE_BEZIER_KNOTS.) CURVE() GEOMETRIC_REPRESENTATION_ITEM() 
RATIONAL_B_SPLINE_CURVE((1.,0.983244500754,1.)) REPRESENTATION_ITEM('') 
  );
#4306 = CARTESIAN_POINT('',(-0.889,-4.37896,11.297486781279));
#4307 = CARTESIAN_POINT('',(0.,-4.37896,11.46230569615));
#4308 = CARTESIAN_POINT('',(0.889,-4.37896,11.297486781279));
#4309 = ORIENTED_EDGE('',*,*,#4310,.F.);
#4310 = EDGE_CURVE('',#4311,#4303,#4313,.T.);
#4311 = VERTEX_POINT('',#4312);
#4312 = CARTESIAN_POINT('',(-3.699762787589,-4.37896,9.679652516809));
#4313 = ( BOUNDED_CURVE() B_SPLINE_CURVE(2,(#4314,#4315,#4316),
.UNSPECIFIED.,.F.,.F.) B_SPLINE_CURVE_WITH_KNOTS((3,3),(-3.306055945606,
0.),.PIECEWISE_BEZIER_KNOTS.) CURVE() GEOMETRIC_REPRESENTATION_ITEM() 
RATIONAL_B_SPLINE_CURVE((1.,0.943101810954,1.)) REPRESENTATION_ITEM('') 
  );
#4314 = CARTESIAN_POINT('',(-3.699762787589,-4.37896,9.679652516809));
#4315 = CARTESIAN_POINT('',(-2.579576753465,-4.37896,10.984057055732));
#4316 = CARTESIAN_POINT('',(-0.889,-4.37896,11.297486781279));
#4317 = ORIENTED_EDGE('',*,*,#4318,.F.);
#4318 = EDGE_CURVE('',#4240,#4311,#4319,.T.);
#4319 = ( BOUNDED_CURVE() B_SPLINE_CURVE(2,(#4320,#4321,#4322),
.UNSPECIFIED.,.F.,.F.) B_SPLINE_CURVE_WITH_KNOTS((3,3),(-1.813836681037,
0.),.PIECEWISE_BEZIER_KNOTS.) CURVE() GEOMETRIC_REPRESENTATION_ITEM() 
RATIONAL_B_SPLINE_CURVE((1.,0.982758124269,1.)) REPRESENTATION_ITEM('') 
  );
#4320 = CARTESIAN_POINT('',(-4.601462787589,-4.37896,8.117862303624));
#4321 = CARTESIAN_POINT('',(-4.297530170325,-4.37896,8.983580200687));
#4322 = CARTESIAN_POINT('',(-3.699762787589,-4.37896,9.679652516809));
#4323 = PLANE('',#4324);
#4324 = AXIS2_PLACEMENT_3D('',#4325,#4326,#4327);
#4325 = CARTESIAN_POINT('',(6.309077173822,-4.37896,0.193322826178));
#4326 = DIRECTION('',(0.,1.,0.));
#4327 = DIRECTION('',(0.,-0.,1.));
#4328 = ADVANCED_FACE('',(#4329),#4343,.F.);
#4329 = FACE_BOUND('',#4330,.F.);
#4330 = EDGE_LOOP('',(#4331,#4336,#4337,#4342));
#4331 = ORIENTED_EDGE('',*,*,#4332,.T.);
#4332 = EDGE_CURVE('',#3511,#4280,#4333,.T.);
#4333 = B_SPLINE_CURVE_WITH_KNOTS('',1,(#4334,#4335),.UNSPECIFIED.,.F.,
  .F.,(2,2),(0.,0.32004),.PIECEWISE_BEZIER_KNOTS.);
#4334 = CARTESIAN_POINT('',(4.601462787589,-4.699,4.886937696376));
#4335 = CARTESIAN_POINT('',(4.601462787589,-4.37896,4.886937696376));
#4336 = ORIENTED_EDGE('',*,*,#4287,.F.);
#4337 = ORIENTED_EDGE('',*,*,#4338,.T.);
#4338 = EDGE_CURVE('',#4288,#3503,#4339,.T.);
#4339 = B_SPLINE_CURVE_WITH_KNOTS('',1,(#4340,#4341),.UNSPECIFIED.,.F.,
  .F.,(2,2),(0.,0.32004),.PIECEWISE_BEZIER_KNOTS.);
#4340 = CARTESIAN_POINT('',(4.601462787589,-4.37896,8.117862303624));
#4341 = CARTESIAN_POINT('',(4.601462787589,-4.699,8.117862303624));
#4342 = ORIENTED_EDGE('',*,*,#3510,.T.);
#4343 = CYLINDRICAL_SURFACE('',#4344,4.8768);
#4344 = AXIS2_PLACEMENT_3D('',#4345,#4346,#4347);
#4345 = CARTESIAN_POINT('',(0.,-4.53898,6.5024));
#4346 = DIRECTION('',(0.,-1.,0.));
#4347 = DIRECTION('',(0.,-0.,-1.));
#4348 = ADVANCED_FACE('',(#4349),#4363,.F.);
#4349 = FACE_BOUND('',#4350,.F.);
#4350 = EDGE_LOOP('',(#4351,#4356,#4357,#4362));
#4351 = ORIENTED_EDGE('',*,*,#4352,.T.);
#4352 = EDGE_CURVE('',#3527,#4264,#4353,.T.);
#4353 = B_SPLINE_CURVE_WITH_KNOTS('',1,(#4354,#4355),.UNSPECIFIED.,.F.,
  .F.,(2,2),(-0.32004,0.),.PIECEWISE_BEZIER_KNOTS.);
#4354 = CARTESIAN_POINT('',(0.9017,-4.699,1.709685179567));
#4355 = CARTESIAN_POINT('',(0.9017,-4.37896,1.709685179567));
#4356 = ORIENTED_EDGE('',*,*,#4271,.F.);
#4357 = ORIENTED_EDGE('',*,*,#4358,.T.);
#4358 = EDGE_CURVE('',#4272,#3519,#4359,.T.);
#4359 = B_SPLINE_CURVE_WITH_KNOTS('',1,(#4360,#4361),.UNSPECIFIED.,.F.,
  .F.,(2,2),(0.,0.32004),.PIECEWISE_BEZIER_KNOTS.);
#4360 = CARTESIAN_POINT('',(3.699762787589,-4.37896,3.325147483191));
#4361 = CARTESIAN_POINT('',(3.699762787589,-4.699,3.325147483191));
#4362 = ORIENTED_EDGE('',*,*,#3526,.T.);
#4363 = CYLINDRICAL_SURFACE('',#4364,4.8768);
#4364 = AXIS2_PLACEMENT_3D('',#4365,#4366,#4367);
#4365 = CARTESIAN_POINT('',(0.,-4.53898,6.5024));
#4366 = DIRECTION('',(0.,-1.,0.));
#4367 = DIRECTION('',(0.,-0.,-1.));
#4368 = ADVANCED_FACE('',(#4369),#4383,.F.);
#4369 = FACE_BOUND('',#4370,.F.);
#4370 = EDGE_LOOP('',(#4371,#4376,#4377,#4382));
#4371 = ORIENTED_EDGE('',*,*,#4372,.T.);
#4372 = EDGE_CURVE('',#3543,#4248,#4373,.T.);
#4373 = B_SPLINE_CURVE_WITH_KNOTS('',1,(#4374,#4375),.UNSPECIFIED.,.F.,
  .F.,(2,2),(0.,0.32004),.PIECEWISE_BEZIER_KNOTS.);
#4374 = CARTESIAN_POINT('',(-3.699762787589,-4.699,3.325147483191));
#4375 = CARTESIAN_POINT('',(-3.699762787589,-4.37896,3.325147483191));
#4376 = ORIENTED_EDGE('',*,*,#4255,.F.);
#4377 = ORIENTED_EDGE('',*,*,#4378,.T.);
#4378 = EDGE_CURVE('',#4256,#3535,#4379,.T.);
#4379 = B_SPLINE_CURVE_WITH_KNOTS('',1,(#4380,#4381),.UNSPECIFIED.,.F.,
  .F.,(2,2),(0.,0.32004),.PIECEWISE_BEZIER_KNOTS.);
#4380 = CARTESIAN_POINT('',(-0.9017,-4.37896,1.709685179567));
#4381 = CARTESIAN_POINT('',(-0.9017,-4.699,1.709685179567));
#4382 = ORIENTED_EDGE('',*,*,#3542,.T.);
#4383 = CYLINDRICAL_SURFACE('',#4384,4.8768);
#4384 = AXIS2_PLACEMENT_3D('',#4385,#4386,#4387);
#4385 = CARTESIAN_POINT('',(0.,-4.53898,6.5024));
#4386 = DIRECTION('',(0.,-1.,0.));
#4387 = DIRECTION('',(0.,-0.,-1.));
#4388 = ADVANCED_FACE('',(#4389),#4403,.F.);
#4389 = FACE_BOUND('',#4390,.F.);
#4390 = EDGE_LOOP('',(#4391,#4396,#4397,#4402));
#4391 = ORIENTED_EDGE('',*,*,#4392,.F.);
#4392 = EDGE_CURVE('',#3471,#4311,#4393,.T.);
#4393 = B_SPLINE_CURVE_WITH_KNOTS('',1,(#4394,#4395),.UNSPECIFIED.,.F.,
  .F.,(2,2),(0.,0.32004),.PIECEWISE_BEZIER_KNOTS.);
#4394 = CARTESIAN_POINT('',(-3.699762787589,-4.699,9.679652516809));
#4395 = CARTESIAN_POINT('',(-3.699762787589,-4.37896,9.679652516809));
#4396 = ORIENTED_EDGE('',*,*,#3478,.T.);
#4397 = ORIENTED_EDGE('',*,*,#4398,.T.);
#4398 = EDGE_CURVE('',#3479,#4303,#4399,.T.);
#4399 = B_SPLINE_CURVE_WITH_KNOTS('',1,(#4400,#4401),.UNSPECIFIED.,.F.,
  .F.,(2,2),(0.,0.32004),.PIECEWISE_BEZIER_KNOTS.);
#4400 = CARTESIAN_POINT('',(-0.889,-4.699,11.297486781279));
#4401 = CARTESIAN_POINT('',(-0.889,-4.37896,11.297486781279));
#4402 = ORIENTED_EDGE('',*,*,#4310,.F.);
#4403 = CYLINDRICAL_SURFACE('',#4404,4.8768);
#4404 = AXIS2_PLACEMENT_3D('',#4405,#4406,#4407);
#4405 = CARTESIAN_POINT('',(0.,-4.53898,6.5024));
#4406 = DIRECTION('',(0.,-1.,0.));
#4407 = DIRECTION('',(0.,-0.,-1.));
#4408 = ADVANCED_FACE('',(#4409),#4423,.F.);
#4409 = FACE_BOUND('',#4410,.F.);
#4410 = EDGE_LOOP('',(#4411,#4416,#4417,#4422));
#4411 = ORIENTED_EDGE('',*,*,#4412,.T.);
#4412 = EDGE_CURVE('',#3469,#4240,#4413,.T.);
#4413 = B_SPLINE_CURVE_WITH_KNOTS('',1,(#4414,#4415),.UNSPECIFIED.,.F.,
  .F.,(2,2),(0.,0.32004),.PIECEWISE_BEZIER_KNOTS.);
#4414 = CARTESIAN_POINT('',(-4.601462787589,-4.699,8.117862303624));
#4415 = CARTESIAN_POINT('',(-4.601462787589,-4.37896,8.117862303624));
#4416 = ORIENTED_EDGE('',*,*,#4237,.F.);
#4417 = ORIENTED_EDGE('',*,*,#4418,.T.);
#4418 = EDGE_CURVE('',#4238,#3551,#4419,.T.);
#4419 = B_SPLINE_CURVE_WITH_KNOTS('',1,(#4420,#4421),.UNSPECIFIED.,.F.,
  .F.,(2,2),(0.,0.32004),.PIECEWISE_BEZIER_KNOTS.);
#4420 = CARTESIAN_POINT('',(-4.601462787589,-4.37896,4.886937696376));
#4421 = CARTESIAN_POINT('',(-4.601462787589,-4.699,4.886937696376));
#4422 = ORIENTED_EDGE('',*,*,#3558,.T.);
#4423 = CYLINDRICAL_SURFACE('',#4424,4.8768);
#4424 = AXIS2_PLACEMENT_3D('',#4425,#4426,#4427);
#4425 = CARTESIAN_POINT('',(0.,-4.53898,6.5024));
#4426 = DIRECTION('',(0.,-1.,0.));
#4427 = DIRECTION('',(0.,-0.,-1.));
#4428 = ADVANCED_FACE('',(#4429),#4519,.T.);
#4429 = FACE_BOUND('',#4430,.T.);
#4430 = EDGE_LOOP('',(#4431,#4439,#4440,#4447,#4455,#4462,#4470,#4477,
    #4484,#4491,#4499,#4506,#4514));
#4431 = ORIENTED_EDGE('',*,*,#4432,.T.);
#4432 = EDGE_CURVE('',#4433,#3495,#4435,.T.);
#4433 = VERTEX_POINT('',#4434);
#4434 = CARTESIAN_POINT('',(3.487797211217,-4.4196,9.4976224247));
#4435 = ( BOUNDED_CURVE() B_SPLINE_CURVE(2,(#4436,#4437,#4438),
.UNSPECIFIED.,.F.,.F.) B_SPLINE_CURVE_WITH_KNOTS((3,3),(0.,
0.438880493706),.PIECEWISE_BEZIER_KNOTS.) CURVE() 
GEOMETRIC_REPRESENTATION_ITEM() RATIONAL_B_SPLINE_CURVE((1.,
0.707106781186,1.)) REPRESENTATION_ITEM('') );
#4436 = CARTESIAN_POINT('',(3.487797211217,-4.4196,9.4976224247));
#4437 = CARTESIAN_POINT('',(3.487797211217,-4.699,9.4976224247));
#4438 = CARTESIAN_POINT('',(3.699762787589,-4.699,9.679652516809));
#4439 = ORIENTED_EDGE('',*,*,#4192,.T.);
#4440 = ORIENTED_EDGE('',*,*,#4441,.T.);
#4441 = EDGE_CURVE('',#4193,#4442,#4444,.T.);
#4442 = VERTEX_POINT('',#4443);
#4443 = CARTESIAN_POINT('',(3.699762787589,-2.253794090512,
    9.679652516809));
#4444 = B_SPLINE_CURVE_WITH_KNOTS('',1,(#4445,#4446),.UNSPECIFIED.,.F.,
  .F.,(2,2),(-2.125165909488,0.),.PIECEWISE_BEZIER_KNOTS.);
#4445 = CARTESIAN_POINT('',(3.699762787589,-4.37896,9.679652516809));
#4446 = CARTESIAN_POINT('',(3.699762787589,-2.253794090512,
    9.679652516809));
#4447 = ORIENTED_EDGE('',*,*,#4448,.T.);
#4448 = EDGE_CURVE('',#4442,#4449,#4451,.T.);
#4449 = VERTEX_POINT('',#4450);
#4450 = CARTESIAN_POINT('',(3.645548419169,-1.987094090512,
    9.633094737729));
#4451 = ( BOUNDED_CURVE() B_SPLINE_CURVE(2,(#4452,#4453,#4454),
.UNSPECIFIED.,.F.,.F.) B_SPLINE_CURVE_WITH_KNOTS((3,3),(0.,
0.279287586904),.PIECEWISE_BEZIER_KNOTS.) CURVE() 
GEOMETRIC_REPRESENTATION_ITEM() RATIONAL_B_SPLINE_CURVE((1.,
0.965925826289,1.)) REPRESENTATION_ITEM('') );
#4452 = CARTESIAN_POINT('',(3.699762787589,-2.253794090512,
    9.679652516809));
#4453 = CARTESIAN_POINT('',(3.69976278759,-2.110869991269,9.679652516809
    ));
#4454 = CARTESIAN_POINT('',(3.645548419169,-1.987094090512,
    9.633094737729));
#4455 = ORIENTED_EDGE('',*,*,#4456,.T.);
#4456 = EDGE_CURVE('',#4449,#4457,#4459,.T.);
#4457 = VERTEX_POINT('',#4458);
#4458 = CARTESIAN_POINT('',(3.513613577132,-1.685875900757,
    9.519792795691));
#4459 = B_SPLINE_CURVE_WITH_KNOTS('',1,(#4460,#4461),.UNSPECIFIED.,.F.,
  .F.,(2,2),(0.,0.347816805879),.PIECEWISE_BEZIER_KNOTS.);
#4460 = CARTESIAN_POINT('',(3.645548419169,-1.987094090512,
    9.633094737729));
#4461 = CARTESIAN_POINT('',(3.513613577132,-1.685875900757,
    9.519792795691));
#4462 = ORIENTED_EDGE('',*,*,#4463,.T.);
#4463 = EDGE_CURVE('',#4457,#4464,#4466,.T.);
#4464 = VERTEX_POINT('',#4465);
#4465 = CARTESIAN_POINT('',(3.487797211217,-1.558875900757,9.4976224247)
  );
#4466 = ( BOUNDED_CURVE() B_SPLINE_CURVE(2,(#4467,#4468,#4469),
.UNSPECIFIED.,.F.,.F.) B_SPLINE_CURVE_WITH_KNOTS((3,3),(0.,
0.132994089002),.PIECEWISE_BEZIER_KNOTS.) CURVE() 
GEOMETRIC_REPRESENTATION_ITEM() RATIONAL_B_SPLINE_CURVE((1.,
0.965925826287,1.)) REPRESENTATION_ITEM('') );
#4467 = CARTESIAN_POINT('',(3.513613577132,-1.685875900757,
    9.519792795691));
#4468 = CARTESIAN_POINT('',(3.487797211217,-1.626934995635,9.4976224247)
  );
#4469 = CARTESIAN_POINT('',(3.487797211217,-1.558875900757,9.4976224247)
  );
#4470 = ORIENTED_EDGE('',*,*,#4471,.T.);
#4471 = EDGE_CURVE('',#4464,#4472,#4474,.T.);
#4472 = VERTEX_POINT('',#4473);
#4473 = CARTESIAN_POINT('',(3.487797211217,-0.9652,9.4976224247));
#4474 = B_SPLINE_CURVE_WITH_KNOTS('',1,(#4475,#4476),.UNSPECIFIED.,.F.,
  .F.,(2,2),(-0.593675900757,0.),.PIECEWISE_BEZIER_KNOTS.);
#4475 = CARTESIAN_POINT('',(3.487797211217,-1.558875900757,9.4976224247)
  );
#4476 = CARTESIAN_POINT('',(3.487797211217,-0.9652,9.4976224247));
#4477 = ORIENTED_EDGE('',*,*,#4478,.T.);
#4478 = EDGE_CURVE('',#4472,#4479,#4481,.T.);
#4479 = VERTEX_POINT('',#4480);
#4480 = CARTESIAN_POINT('',(3.275831634845,-0.9652,9.315592332591));
#4481 = B_SPLINE_CURVE_WITH_KNOTS('',1,(#4482,#4483),.UNSPECIFIED.,.F.,
  .F.,(2,2),(-0.2794,0.),.PIECEWISE_BEZIER_KNOTS.);
#4482 = CARTESIAN_POINT('',(3.487797211217,-0.9652,9.4976224247));
#4483 = CARTESIAN_POINT('',(3.275831634845,-0.9652,9.315592332591));
#4484 = ORIENTED_EDGE('',*,*,#4485,.T.);
#4485 = EDGE_CURVE('',#4479,#4486,#4488,.T.);
#4486 = VERTEX_POINT('',#4487);
#4487 = CARTESIAN_POINT('',(3.275831634845,-1.558875900757,
    9.315592332591));
#4488 = B_SPLINE_CURVE_WITH_KNOTS('',1,(#4489,#4490),.UNSPECIFIED.,.F.,
  .F.,(2,2),(-0.593675900757,0.),.PIECEWISE_BEZIER_KNOTS.);
#4489 = CARTESIAN_POINT('',(3.275831634845,-0.9652,9.315592332591));
#4490 = CARTESIAN_POINT('',(3.275831634845,-1.558875900757,
    9.315592332591));
#4491 = ORIENTED_EDGE('',*,*,#4492,.T.);
#4492 = EDGE_CURVE('',#4486,#4493,#4495,.T.);
#4493 = VERTEX_POINT('',#4494);
#4494 = CARTESIAN_POINT('',(3.330046003265,-1.825575900757,
    9.362150111671));
#4495 = ( BOUNDED_CURVE() B_SPLINE_CURVE(2,(#4496,#4497,#4498),
.UNSPECIFIED.,.F.,.F.) B_SPLINE_CURVE_WITH_KNOTS((3,3),(0.,
0.279287586904),.PIECEWISE_BEZIER_KNOTS.) CURVE() 
GEOMETRIC_REPRESENTATION_ITEM() RATIONAL_B_SPLINE_CURVE((1.,
0.965925826289,1.)) REPRESENTATION_ITEM('') );
#4496 = CARTESIAN_POINT('',(3.275831634845,-1.558875900757,
    9.315592332591));
#4497 = CARTESIAN_POINT('',(3.275831634844,-1.7018,9.315592332591));
#4498 = CARTESIAN_POINT('',(3.330046003265,-1.825575900757,
    9.362150111671));
#4499 = ORIENTED_EDGE('',*,*,#4500,.T.);
#4500 = EDGE_CURVE('',#4493,#4501,#4503,.T.);
#4501 = VERTEX_POINT('',#4502);
#4502 = CARTESIAN_POINT('',(3.461980845302,-2.126794090512,9.47545205371
    ));
#4503 = B_SPLINE_CURVE_WITH_KNOTS('',1,(#4504,#4505),.UNSPECIFIED.,.F.,
  .F.,(2,2),(0.,0.34781680588),.PIECEWISE_BEZIER_KNOTS.);
#4504 = CARTESIAN_POINT('',(3.330046003265,-1.825575900757,
    9.362150111671));
#4505 = CARTESIAN_POINT('',(3.461980845302,-2.126794090512,9.47545205371
    ));
#4506 = ORIENTED_EDGE('',*,*,#4507,.T.);
#4507 = EDGE_CURVE('',#4501,#4508,#4510,.T.);
#4508 = VERTEX_POINT('',#4509);
#4509 = CARTESIAN_POINT('',(3.487797211217,-2.253794090512,9.4976224247)
  );
#4510 = ( BOUNDED_CURVE() B_SPLINE_CURVE(2,(#4511,#4512,#4513),
.UNSPECIFIED.,.F.,.F.) B_SPLINE_CURVE_WITH_KNOTS((3,3),(0.,
0.132994089002),.PIECEWISE_BEZIER_KNOTS.) CURVE() 
GEOMETRIC_REPRESENTATION_ITEM() RATIONAL_B_SPLINE_CURVE((1.,
0.965925826288,1.)) REPRESENTATION_ITEM('') );
#4511 = CARTESIAN_POINT('',(3.461980845302,-2.126794090512,9.47545205371
    ));
#4512 = CARTESIAN_POINT('',(3.487797211217,-2.185734995634,9.4976224247)
  );
#4513 = CARTESIAN_POINT('',(3.487797211217,-2.253794090512,9.4976224247)
  );
#4514 = ORIENTED_EDGE('',*,*,#4515,.T.);
#4515 = EDGE_CURVE('',#4508,#4433,#4516,.T.);
#4516 = B_SPLINE_CURVE_WITH_KNOTS('',1,(#4517,#4518),.UNSPECIFIED.,.F.,
  .F.,(2,2),(-2.165805909488,0.),.PIECEWISE_BEZIER_KNOTS.);
#4517 = CARTESIAN_POINT('',(3.487797211217,-2.253794090512,9.4976224247)
  );
#4518 = CARTESIAN_POINT('',(3.487797211217,-4.4196,9.4976224247));
#4519 = PLANE('',#4520);
#4520 = AXIS2_PLACEMENT_3D('',#4521,#4522,#4523);
#4521 = CARTESIAN_POINT('',(4.229648293393,-0.561622826178,
    10.134703327792));
#4522 = DIRECTION('',(-0.651503550855,0.,0.758645584725));
#4523 = DIRECTION('',(0.758645584725,0.,0.651503550855));
#4524 = ADVANCED_FACE('',(#4525),#4543,.T.);
#4525 = FACE_BOUND('',#4526,.T.);
#4526 = EDGE_LOOP('',(#4527,#4528,#4529,#4537));
#4527 = ORIENTED_EDGE('',*,*,#3502,.F.);
#4528 = ORIENTED_EDGE('',*,*,#4432,.F.);
#4529 = ORIENTED_EDGE('',*,*,#4530,.T.);
#4530 = EDGE_CURVE('',#4433,#4531,#4533,.T.);
#4531 = VERTEX_POINT('',#4532);
#4532 = CARTESIAN_POINT('',(4.337837315384,-4.4196,8.025309775812));
#4533 = ( BOUNDED_CURVE() B_SPLINE_CURVE(2,(#4534,#4535,#4536),
.UNSPECIFIED.,.F.,.F.) B_SPLINE_CURVE_WITH_KNOTS((3,3),(-1.70991895452,
0.),.PIECEWISE_BEZIER_KNOTS.) CURVE() GEOMETRIC_REPRESENTATION_ITEM() 
RATIONAL_B_SPLINE_CURVE((1.,0.982758124269,1.)) REPRESENTATION_ITEM('') 
  );
#4534 = CARTESIAN_POINT('',(3.487797211217,-4.4196,9.4976224247));
#4535 = CARTESIAN_POINT('',(4.051317504317,-4.4196,8.841429251689));
#4536 = CARTESIAN_POINT('',(4.337837315384,-4.4196,8.025309775812));
#4537 = ORIENTED_EDGE('',*,*,#4538,.T.);
#4538 = EDGE_CURVE('',#4531,#3503,#4539,.T.);
#4539 = ( BOUNDED_CURVE() B_SPLINE_CURVE(2,(#4540,#4541,#4542),
.UNSPECIFIED.,.F.,.F.) B_SPLINE_CURVE_WITH_KNOTS((3,3),(-0.438880493706,
0.),.PIECEWISE_BEZIER_KNOTS.) CURVE() GEOMETRIC_REPRESENTATION_ITEM() 
RATIONAL_B_SPLINE_CURVE((1.,0.707106781186,1.)) REPRESENTATION_ITEM('') 
  );
#4540 = CARTESIAN_POINT('',(4.337837315384,-4.4196,8.025309775812));
#4541 = CARTESIAN_POINT('',(4.337837315383,-4.699,8.025309775812));
#4542 = CARTESIAN_POINT('',(4.601462787589,-4.699,8.117862303624));
#4543 = ( BOUNDED_SURFACE() B_SPLINE_SURFACE(2,2,(
    (#4544,#4545,#4546,#4547,#4548,#4549,#4550,#4551,#4552)
    ,(#4553,#4554,#4555,#4556,#4557,#4558,#4559,#4560,#4561)
    ,(#4562,#4563,#4564,#4565,#4566,#4567,#4568,#4569,#4570)
    ,(#4571,#4572,#4573,#4574,#4575,#4576,#4577,#4578,#4579)
    ,(#4580,#4581,#4582,#4583,#4584,#4585,#4586,#4587,#4588)
    ,(#4589,#4590,#4591,#4592,#4593,#4594,#4595,#4596,#4597)
    ,(#4598,#4599,#4600,#4601,#4602,#4603,#4604,#4605,#4606)
    ,(#4607,#4608,#4609,#4610,#4611,#4612,#4613,#4614,#4615)
    ,(#4616,#4617,#4618,#4619,#4620,#4621,#4622,#4623,#4624
)),.UNSPECIFIED.,.T.,.T.,.F.) B_SPLINE_SURFACE_WITH_KNOTS((1,2,2,2,2,2,1
    ),(1,2,2,2,2,2,1),(-7.660459526513,0.,7.660459526513,15.320919053027
    ,22.98137857954,30.641838106053,38.302297632567),(-0.438880493707,0.
    ,0.438880493706,0.877760987413,1.316641481119,1.755521974826,
2.194402468532),.UNSPECIFIED.) GEOMETRIC_REPRESENTATION_ITEM() 
RATIONAL_B_SPLINE_SURFACE((
    (1.,0.707106781187,1.,0.707106781187,1.,0.707106781187,1.
      ,0.707106781187,1.)
    ,(0.707106781187,0.5,0.707106781187,0.5,0.707106781187,0.5
      ,0.707106781187,0.5,0.707106781187)
    ,(1.,0.707106781187,1.,0.707106781187,1.,0.707106781187,1.
      ,0.707106781187,1.)
    ,(0.707106781187,0.5,0.707106781187,0.5,0.707106781187,0.5
      ,0.707106781187,0.5,0.707106781187)
    ,(1.,0.707106781187,1.,0.707106781187,1.,0.707106781187,1.
      ,0.707106781187,1.)
    ,(0.707106781187,0.5,0.707106781187,0.5,0.707106781187,0.5
      ,0.707106781187,0.5,0.707106781187)
    ,(1.,0.707106781187,1.,0.707106781187,1.,0.707106781187,1.
      ,0.707106781187,1.)
    ,(0.707106781187,0.5,0.707106781187,0.5,0.707106781187,0.5
      ,0.707106781187,0.5,0.707106781187)
    ,(1.,0.707106781187,1.,0.707106781187,1.,0.707106781187,1.
,0.707106781187,1.))) REPRESENTATION_ITEM('') SURFACE() );
#4544 = CARTESIAN_POINT('',(-4.865088259795,-4.4196,4.794385168564));
#4545 = CARTESIAN_POINT('',(-4.865088259795,-4.699,4.794385168564));
#4546 = CARTESIAN_POINT('',(-4.601462787589,-4.699,4.886937696376));
#4547 = CARTESIAN_POINT('',(-4.337837315384,-4.699,4.979490224188));
#4548 = CARTESIAN_POINT('',(-4.337837315384,-4.4196,4.979490224188));
#4549 = CARTESIAN_POINT('',(-4.337837315384,-4.1402,4.979490224188));
#4550 = CARTESIAN_POINT('',(-4.601462787589,-4.1402,4.886937696376));
#4551 = CARTESIAN_POINT('',(-4.865088259795,-4.1402,4.794385168564));
#4552 = CARTESIAN_POINT('',(-4.865088259795,-4.4196,4.794385168564));
#4553 = CARTESIAN_POINT('',(-3.157073428359,-4.4196,-7.070309123082E-02)
  );
#4554 = CARTESIAN_POINT('',(-3.157073428359,-4.699,-7.070309123082E-02)
  );
#4555 = CARTESIAN_POINT('',(-2.986000483965,-4.699,0.285474908787));
#4556 = CARTESIAN_POINT('',(-2.814927539572,-4.699,0.641652908804));
#4557 = CARTESIAN_POINT('',(-2.814927539572,-4.4196,0.641652908804));
#4558 = CARTESIAN_POINT('',(-2.814927539572,-4.1402,0.641652908804));
#4559 = CARTESIAN_POINT('',(-2.986000483965,-4.1402,0.285474908787));
#4560 = CARTESIAN_POINT('',(-3.157073428359,-4.1402,-7.070309123082E-02)
  );
#4561 = CARTESIAN_POINT('',(-3.157073428359,-4.4196,-7.070309123082E-02)
  );
#4562 = CARTESIAN_POINT('',(1.708014831436,-4.4196,1.637311740205));
#4563 = CARTESIAN_POINT('',(1.708014831436,-4.699,1.637311740205));
#4564 = CARTESIAN_POINT('',(1.615462303624,-4.699,1.900937212411));
#4565 = CARTESIAN_POINT('',(1.522909775812,-4.699,2.164562684616));
#4566 = CARTESIAN_POINT('',(1.522909775812,-4.4196,2.164562684616));
#4567 = CARTESIAN_POINT('',(1.522909775812,-4.1402,2.164562684616));
#4568 = CARTESIAN_POINT('',(1.615462303624,-4.1402,1.900937212411));
#4569 = CARTESIAN_POINT('',(1.708014831436,-4.1402,1.637311740205));
#4570 = CARTESIAN_POINT('',(1.708014831436,-4.4196,1.637311740205));
#4571 = CARTESIAN_POINT('',(6.573103091231,-4.4196,3.345326571641));
#4572 = CARTESIAN_POINT('',(6.573103091231,-4.699,3.345326571641));
#4573 = CARTESIAN_POINT('',(6.216925091213,-4.699,3.516399516035));
#4574 = CARTESIAN_POINT('',(5.860747091196,-4.699,3.687472460428));
#4575 = CARTESIAN_POINT('',(5.860747091196,-4.4196,3.687472460428));
#4576 = CARTESIAN_POINT('',(5.860747091196,-4.1402,3.687472460428));
#4577 = CARTESIAN_POINT('',(6.216925091213,-4.1402,3.516399516035));
#4578 = CARTESIAN_POINT('',(6.573103091231,-4.1402,3.345326571641));
#4579 = CARTESIAN_POINT('',(6.573103091231,-4.4196,3.345326571641));
#4580 = CARTESIAN_POINT('',(4.865088259795,-4.4196,8.210414831436));
#4581 = CARTESIAN_POINT('',(4.865088259795,-4.699,8.210414831436));
#4582 = CARTESIAN_POINT('',(4.601462787589,-4.699,8.117862303624));
#4583 = CARTESIAN_POINT('',(4.337837315384,-4.699,8.025309775812));
#4584 = CARTESIAN_POINT('',(4.337837315384,-4.4196,8.025309775812));
#4585 = CARTESIAN_POINT('',(4.337837315384,-4.1402,8.025309775812));
#4586 = CARTESIAN_POINT('',(4.601462787589,-4.1402,8.117862303624));
#4587 = CARTESIAN_POINT('',(4.865088259795,-4.1402,8.210414831436));
#4588 = CARTESIAN_POINT('',(4.865088259795,-4.4196,8.210414831436));
#4589 = CARTESIAN_POINT('',(3.157073428359,-4.4196,13.075503091231));
#4590 = CARTESIAN_POINT('',(3.157073428359,-4.699,13.075503091231));
#4591 = CARTESIAN_POINT('',(2.986000483965,-4.699,12.719325091213));
#4592 = CARTESIAN_POINT('',(2.814927539572,-4.699,12.363147091196));
#4593 = CARTESIAN_POINT('',(2.814927539572,-4.4196,12.363147091196));
#4594 = CARTESIAN_POINT('',(2.814927539572,-4.1402,12.363147091196));
#4595 = CARTESIAN_POINT('',(2.986000483965,-4.1402,12.719325091213));
#4596 = CARTESIAN_POINT('',(3.157073428359,-4.1402,13.075503091231));
#4597 = CARTESIAN_POINT('',(3.157073428359,-4.4196,13.075503091231));
#4598 = CARTESIAN_POINT('',(-1.708014831436,-4.4196,11.367488259795));
#4599 = CARTESIAN_POINT('',(-1.708014831436,-4.699,11.367488259795));
#4600 = CARTESIAN_POINT('',(-1.615462303624,-4.699,11.103862787589));
#4601 = CARTESIAN_POINT('',(-1.522909775812,-4.699,10.840237315384));
#4602 = CARTESIAN_POINT('',(-1.522909775812,-4.4196,10.840237315384));
#4603 = CARTESIAN_POINT('',(-1.522909775812,-4.1402,10.840237315384));
#4604 = CARTESIAN_POINT('',(-1.615462303624,-4.1402,11.103862787589));
#4605 = CARTESIAN_POINT('',(-1.708014831436,-4.1402,11.367488259795));
#4606 = CARTESIAN_POINT('',(-1.708014831436,-4.4196,11.367488259795));
#4607 = CARTESIAN_POINT('',(-6.573103091231,-4.4196,9.659473428359));
#4608 = CARTESIAN_POINT('',(-6.573103091231,-4.699,9.659473428359));
#4609 = CARTESIAN_POINT('',(-6.216925091213,-4.699,9.488400483965));
#4610 = CARTESIAN_POINT('',(-5.860747091196,-4.699,9.317327539572));
#4611 = CARTESIAN_POINT('',(-5.860747091196,-4.4196,9.317327539572));
#4612 = CARTESIAN_POINT('',(-5.860747091196,-4.1402,9.317327539572));
#4613 = CARTESIAN_POINT('',(-6.216925091213,-4.1402,9.488400483965));
#4614 = CARTESIAN_POINT('',(-6.573103091231,-4.1402,9.659473428359));
#4615 = CARTESIAN_POINT('',(-6.573103091231,-4.4196,9.659473428359));
#4616 = CARTESIAN_POINT('',(-4.865088259795,-4.4196,4.794385168564));
#4617 = CARTESIAN_POINT('',(-4.865088259795,-4.699,4.794385168564));
#4618 = CARTESIAN_POINT('',(-4.601462787589,-4.699,4.886937696376));
#4619 = CARTESIAN_POINT('',(-4.337837315384,-4.699,4.979490224188));
#4620 = CARTESIAN_POINT('',(-4.337837315384,-4.4196,4.979490224188));
#4621 = CARTESIAN_POINT('',(-4.337837315384,-4.1402,4.979490224188));
#4622 = CARTESIAN_POINT('',(-4.601462787589,-4.1402,4.886937696376));
#4623 = CARTESIAN_POINT('',(-4.865088259795,-4.1402,4.794385168564));
#4624 = CARTESIAN_POINT('',(-4.865088259795,-4.4196,4.794385168564));
#4625 = ADVANCED_FACE('',(#4626),#4709,.T.);
#4626 = FACE_BOUND('',#4627,.T.);
#4627 = EDGE_LOOP('',(#4628,#4635,#4643,#4650,#4658,#4665,#4672,#4679,
    #4687,#4694,#4702,#4707,#4708));
#4628 = ORIENTED_EDGE('',*,*,#4629,.F.);
#4629 = EDGE_CURVE('',#4630,#4531,#4632,.T.);
#4630 = VERTEX_POINT('',#4631);
#4631 = CARTESIAN_POINT('',(4.337837315384,-2.253794090512,
    8.025309775812));
#4632 = B_SPLINE_CURVE_WITH_KNOTS('',1,(#4633,#4634),.UNSPECIFIED.,.F.,
  .F.,(2,2),(0.,2.165805909488),.PIECEWISE_BEZIER_KNOTS.);
#4633 = CARTESIAN_POINT('',(4.337837315384,-2.253794090512,
    8.025309775812));
#4634 = CARTESIAN_POINT('',(4.337837315384,-4.4196,8.025309775812));
#4635 = ORIENTED_EDGE('',*,*,#4636,.F.);
#4636 = EDGE_CURVE('',#4637,#4630,#4639,.T.);
#4637 = VERTEX_POINT('',#4638);
#4638 = CARTESIAN_POINT('',(4.305729027937,-2.126794090512,
    8.014037332592));
#4639 = ( BOUNDED_CURVE() B_SPLINE_CURVE(2,(#4640,#4641,#4642),
.UNSPECIFIED.,.F.,.F.) B_SPLINE_CURVE_WITH_KNOTS((3,3),(-0.132994089002,
0.),.PIECEWISE_BEZIER_KNOTS.) CURVE() GEOMETRIC_REPRESENTATION_ITEM() 
RATIONAL_B_SPLINE_CURVE((1.,0.965925826288,1.)) REPRESENTATION_ITEM('') 
  );
#4640 = CARTESIAN_POINT('',(4.305729027937,-2.126794090512,
    8.014037332592));
#4641 = CARTESIAN_POINT('',(4.337837315384,-2.185734995634,
    8.025309775812));
#4642 = CARTESIAN_POINT('',(4.337837315384,-2.253794090512,
    8.025309775812));
#4643 = ORIENTED_EDGE('',*,*,#4644,.F.);
#4644 = EDGE_CURVE('',#4645,#4637,#4647,.T.);
#4645 = VERTEX_POINT('',#4646);
#4646 = CARTESIAN_POINT('',(4.141639246815,-1.825575900757,
    7.956429378763));
#4647 = B_SPLINE_CURVE_WITH_KNOTS('',1,(#4648,#4649),.UNSPECIFIED.,.F.,
  .F.,(2,2),(-0.34781680588,0.),.PIECEWISE_BEZIER_KNOTS.);
#4648 = CARTESIAN_POINT('',(4.141639246815,-1.825575900757,
    7.956429378763));
#4649 = CARTESIAN_POINT('',(4.305729027937,-2.126794090512,
    8.014037332592));
#4650 = ORIENTED_EDGE('',*,*,#4651,.F.);
#4651 = EDGE_CURVE('',#4652,#4645,#4654,.T.);
#4652 = VERTEX_POINT('',#4653);
#4653 = CARTESIAN_POINT('',(4.074211843178,-1.558875900757,
    7.932757248001));
#4654 = ( BOUNDED_CURVE() B_SPLINE_CURVE(2,(#4655,#4656,#4657),
.UNSPECIFIED.,.F.,.F.) B_SPLINE_CURVE_WITH_KNOTS((3,3),(-0.279287586904,
0.),.PIECEWISE_BEZIER_KNOTS.) CURVE() GEOMETRIC_REPRESENTATION_ITEM() 
RATIONAL_B_SPLINE_CURVE((1.,0.96592582629,1.)) REPRESENTATION_ITEM('') 
  );
#4655 = CARTESIAN_POINT('',(4.074211843178,-1.558875900757,
    7.932757248001));
#4656 = CARTESIAN_POINT('',(4.074211843178,-1.7018,7.932757248));
#4657 = CARTESIAN_POINT('',(4.141639246815,-1.825575900757,
    7.956429378763));
#4658 = ORIENTED_EDGE('',*,*,#4659,.F.);
#4659 = EDGE_CURVE('',#4660,#4652,#4662,.T.);
#4660 = VERTEX_POINT('',#4661);
#4661 = CARTESIAN_POINT('',(4.074211843178,-0.9652,7.932757248001));
#4662 = B_SPLINE_CURVE_WITH_KNOTS('',1,(#4663,#4664),.UNSPECIFIED.,.F.,
  .F.,(2,2),(0.,0.593675900757),.PIECEWISE_BEZIER_KNOTS.);
#4663 = CARTESIAN_POINT('',(4.074211843178,-0.9652,7.932757248001));
#4664 = CARTESIAN_POINT('',(4.074211843178,-1.558875900757,
    7.932757248001));
#4665 = ORIENTED_EDGE('',*,*,#4666,.F.);
#4666 = EDGE_CURVE('',#4667,#4660,#4669,.T.);
#4667 = VERTEX_POINT('',#4668);
#4668 = CARTESIAN_POINT('',(4.337837315384,-0.9652,8.025309775812));
#4669 = B_SPLINE_CURVE_WITH_KNOTS('',1,(#4670,#4671),.UNSPECIFIED.,.F.,
  .F.,(2,2),(0.,0.2794),.PIECEWISE_BEZIER_KNOTS.);
#4670 = CARTESIAN_POINT('',(4.337837315384,-0.9652,8.025309775812));
#4671 = CARTESIAN_POINT('',(4.074211843178,-0.9652,7.932757248001));
#4672 = ORIENTED_EDGE('',*,*,#4673,.F.);
#4673 = EDGE_CURVE('',#4674,#4667,#4676,.T.);
#4674 = VERTEX_POINT('',#4675);
#4675 = CARTESIAN_POINT('',(4.337837315384,-1.558875900757,
    8.025309775812));
#4676 = B_SPLINE_CURVE_WITH_KNOTS('',1,(#4677,#4678),.UNSPECIFIED.,.F.,
  .F.,(2,2),(0.,0.593675900757),.PIECEWISE_BEZIER_KNOTS.);
#4677 = CARTESIAN_POINT('',(4.337837315384,-1.558875900757,
    8.025309775812));
#4678 = CARTESIAN_POINT('',(4.337837315384,-0.9652,8.025309775812));
#4679 = ORIENTED_EDGE('',*,*,#4680,.F.);
#4680 = EDGE_CURVE('',#4681,#4674,#4683,.T.);
#4681 = VERTEX_POINT('',#4682);
#4682 = CARTESIAN_POINT('',(4.36994560283,-1.685875900757,8.036582219033
    ));
#4683 = ( BOUNDED_CURVE() B_SPLINE_CURVE(2,(#4684,#4685,#4686),
.UNSPECIFIED.,.F.,.F.) B_SPLINE_CURVE_WITH_KNOTS((3,3),(-0.132994089002,
0.),.PIECEWISE_BEZIER_KNOTS.) CURVE() GEOMETRIC_REPRESENTATION_ITEM() 
RATIONAL_B_SPLINE_CURVE((1.,0.965925826289,1.)) REPRESENTATION_ITEM('') 
  );
#4684 = CARTESIAN_POINT('',(4.36994560283,-1.685875900757,8.036582219033
    ));
#4685 = CARTESIAN_POINT('',(4.337837315384,-1.626934995635,
    8.025309775812));
#4686 = CARTESIAN_POINT('',(4.337837315384,-1.558875900757,
    8.025309775812));
#4687 = ORIENTED_EDGE('',*,*,#4688,.F.);
#4688 = EDGE_CURVE('',#4689,#4681,#4691,.T.);
#4689 = VERTEX_POINT('',#4690);
#4690 = CARTESIAN_POINT('',(4.534035383952,-1.987094090512,
    8.094190172862));
#4691 = B_SPLINE_CURVE_WITH_KNOTS('',1,(#4692,#4693),.UNSPECIFIED.,.F.,
  .F.,(2,2),(-0.34781680588,0.),.PIECEWISE_BEZIER_KNOTS.);
#4692 = CARTESIAN_POINT('',(4.534035383952,-1.987094090512,
    8.094190172862));
#4693 = CARTESIAN_POINT('',(4.36994560283,-1.685875900757,8.036582219033
    ));
#4694 = ORIENTED_EDGE('',*,*,#4695,.F.);
#4695 = EDGE_CURVE('',#4696,#4689,#4698,.T.);
#4696 = VERTEX_POINT('',#4697);
#4697 = CARTESIAN_POINT('',(4.601462787589,-2.253794090512,
    8.117862303624));
#4698 = ( BOUNDED_CURVE() B_SPLINE_CURVE(2,(#4699,#4700,#4701),
.UNSPECIFIED.,.F.,.F.) B_SPLINE_CURVE_WITH_KNOTS((3,3),(-0.279287586904,
0.),.PIECEWISE_BEZIER_KNOTS.) CURVE() GEOMETRIC_REPRESENTATION_ITEM() 
RATIONAL_B_SPLINE_CURVE((1.,0.965925826288,1.)) REPRESENTATION_ITEM('') 
  );
#4699 = CARTESIAN_POINT('',(4.601462787589,-2.253794090512,
    8.117862303624));
#4700 = CARTESIAN_POINT('',(4.60146278759,-2.110869991269,8.117862303624
    ));
#4701 = CARTESIAN_POINT('',(4.534035383952,-1.987094090512,
    8.094190172862));
#4702 = ORIENTED_EDGE('',*,*,#4703,.F.);
#4703 = EDGE_CURVE('',#4288,#4696,#4704,.T.);
#4704 = B_SPLINE_CURVE_WITH_KNOTS('',1,(#4705,#4706),.UNSPECIFIED.,.F.,
  .F.,(2,2),(0.,2.125165909488),.PIECEWISE_BEZIER_KNOTS.);
#4705 = CARTESIAN_POINT('',(4.601462787589,-4.37896,8.117862303624));
#4706 = CARTESIAN_POINT('',(4.601462787589,-2.253794090512,
    8.117862303624));
#4707 = ORIENTED_EDGE('',*,*,#4338,.T.);
#4708 = ORIENTED_EDGE('',*,*,#4538,.F.);
#4709 = PLANE('',#4710);
#4710 = AXIS2_PLACEMENT_3D('',#4711,#4712,#4713);
#4711 = CARTESIAN_POINT('',(5.256634582564,-0.561622826178,
    8.347877276261));
#4712 = DIRECTION('',(0.331254573414,-1.047541407016E-16,-0.943541418059
    ));
#4713 = DIRECTION('',(-0.943541418059,6.162975822039E-33,-0.331254573414
    ));
#4714 = ADVANCED_FACE('',(#4715),#4726,.T.);
#4715 = FACE_BOUND('',#4716,.T.);
#4716 = EDGE_LOOP('',(#4717,#4718,#4719,#4725));
#4717 = ORIENTED_EDGE('',*,*,#4295,.T.);
#4718 = ORIENTED_EDGE('',*,*,#4703,.T.);
#4719 = ORIENTED_EDGE('',*,*,#4720,.T.);
#4720 = EDGE_CURVE('',#4696,#4442,#4721,.T.);
#4721 = ( BOUNDED_CURVE() B_SPLINE_CURVE(2,(#4722,#4723,#4724),
.UNSPECIFIED.,.F.,.F.) B_SPLINE_CURVE_WITH_KNOTS((3,3),(-1.813836681037,
0.),.PIECEWISE_BEZIER_KNOTS.) CURVE() GEOMETRIC_REPRESENTATION_ITEM() 
RATIONAL_B_SPLINE_CURVE((1.,0.982758124269,1.)) REPRESENTATION_ITEM('') 
  );
#4722 = CARTESIAN_POINT('',(4.601462787589,-2.253794090512,
    8.117862303624));
#4723 = CARTESIAN_POINT('',(4.297530170325,-2.253794090512,
    8.983580200687));
#4724 = CARTESIAN_POINT('',(3.699762787589,-2.253794090512,
    9.679652516809));
#4725 = ORIENTED_EDGE('',*,*,#4441,.F.);
#4726 = CYLINDRICAL_SURFACE('',#4727,4.8768);
#4727 = AXIS2_PLACEMENT_3D('',#4728,#4729,#4730);
#4728 = CARTESIAN_POINT('',(0.,-3.316377045256,6.5024));
#4729 = DIRECTION('',(0.,-1.,0.));
#4730 = DIRECTION('',(0.,-0.,-1.));
#4731 = ADVANCED_FACE('',(#4732),#4743,.T.);
#4732 = FACE_BOUND('',#4733,.T.);
#4733 = EDGE_LOOP('',(#4734,#4735,#4741,#4742));
#4734 = ORIENTED_EDGE('',*,*,#4695,.T.);
#4735 = ORIENTED_EDGE('',*,*,#4736,.T.);
#4736 = EDGE_CURVE('',#4689,#4449,#4737,.T.);
#4737 = ( BOUNDED_CURVE() B_SPLINE_CURVE(2,(#4738,#4739,#4740),
.UNSPECIFIED.,.F.,.F.) B_SPLINE_CURVE_WITH_KNOTS((3,3),(-1.787257676995,
0.),.PIECEWISE_BEZIER_KNOTS.) CURVE() GEOMETRIC_REPRESENTATION_ITEM() 
RATIONAL_B_SPLINE_CURVE((1.,0.982758124269,1.)) REPRESENTATION_ITEM('') 
  );
#4738 = CARTESIAN_POINT('',(4.534035383952,-1.987094090512,
    8.094190172862));
#4739 = CARTESIAN_POINT('',(4.234556434621,-1.987094090512,
    8.947222297427));
#4740 = CARTESIAN_POINT('',(3.645548419169,-1.987094090512,
    9.633094737729));
#4741 = ORIENTED_EDGE('',*,*,#4448,.F.);
#4742 = ORIENTED_EDGE('',*,*,#4720,.F.);
#4743 = ( BOUNDED_SURFACE() B_SPLINE_SURFACE(2,2,(
    (#4744,#4745,#4746,#4747,#4748,#4749,#4750,#4751,#4752)
    ,(#4753,#4754,#4755,#4756,#4757,#4758,#4759,#4760,#4761)
    ,(#4762,#4763,#4764,#4765,#4766,#4767,#4768,#4769,#4770)
    ,(#4771,#4772,#4773,#4774,#4775,#4776,#4777,#4778,#4779)
    ,(#4780,#4781,#4782,#4783,#4784,#4785,#4786,#4787,#4788)
    ,(#4789,#4790,#4791,#4792,#4793,#4794,#4795,#4796,#4797)
    ,(#4798,#4799,#4800,#4801,#4802,#4803,#4804,#4805,#4806)
    ,(#4807,#4808,#4809,#4810,#4811,#4812,#4813,#4814,#4815)
    ,(#4816,#4817,#4818,#4819,#4820,#4821,#4822,#4823,#4824
)),.UNSPECIFIED.,.T.,.T.,.F.) B_SPLINE_SURFACE_WITH_KNOTS((1,2,2,2,2,2,1
    ),(1,2,2,2,2,2,1),(-6.822596765801,0.,6.822596765801,13.645193531602
    ,20.467790297403,27.290387063204,34.112983829005),(-0.837862760712,
    0.,0.837862760712,1.675725521425,2.513588282137,3.35145104285,
4.189313803562),.UNSPECIFIED.) GEOMETRIC_REPRESENTATION_ITEM() 
RATIONAL_B_SPLINE_SURFACE((
    (1.,0.707106781187,1.,0.707106781187,1.,0.707106781187,1.
      ,0.707106781187,1.)
    ,(0.707106781187,0.5,0.707106781187,0.5,0.707106781187,0.5
      ,0.707106781187,0.5,0.707106781187)
    ,(1.,0.707106781187,1.,0.707106781187,1.,0.707106781187,1.
      ,0.707106781187,1.)
    ,(0.707106781187,0.5,0.707106781187,0.5,0.707106781187,0.5
      ,0.707106781187,0.5,0.707106781187)
    ,(1.,0.707106781187,1.,0.707106781187,1.,0.707106781187,1.
      ,0.707106781187,1.)
    ,(0.707106781187,0.5,0.707106781187,0.5,0.707106781187,0.5
      ,0.707106781187,0.5,0.707106781187)
    ,(1.,0.707106781187,1.,0.707106781187,1.,0.707106781187,1.
      ,0.707106781187,1.)
    ,(0.707106781187,0.5,0.707106781187,0.5,0.707106781187,0.5
      ,0.707106781187,0.5,0.707106781187)
    ,(1.,0.707106781187,1.,0.707106781187,1.,0.707106781187,1.
,0.707106781187,1.))) REPRESENTATION_ITEM('') SURFACE() );
#4744 = CARTESIAN_POINT('',(-4.601462787589,-2.253794090512,
    4.886937696376));
#4745 = CARTESIAN_POINT('',(-4.601462787589,-2.787194090512,
    4.886937696376));
#4746 = CARTESIAN_POINT('',(-4.098177795197,-2.787194090512,
    5.063628885835));
#4747 = CARTESIAN_POINT('',(-3.594892802804,-2.787194090512,
    5.240320075294));
#4748 = CARTESIAN_POINT('',(-3.594892802804,-2.253794090512,
    5.240320075294));
#4749 = CARTESIAN_POINT('',(-3.594892802804,-1.720394090512,
    5.240320075294));
#4750 = CARTESIAN_POINT('',(-4.098177795197,-1.720394090512,
    5.063628885835));
#4751 = CARTESIAN_POINT('',(-4.601462787589,-1.720394090512,
    4.886937696376));
#4752 = CARTESIAN_POINT('',(-4.601462787589,-2.253794090512,
    4.886937696376));
#4753 = CARTESIAN_POINT('',(-2.986000483965,-2.253794090512,
    0.285474908787));
#4754 = CARTESIAN_POINT('',(-2.986000483965,-2.787194090512,
    0.285474908787));
#4755 = CARTESIAN_POINT('',(-2.659406681032,-2.787194090512,
    0.965451090638));
#4756 = CARTESIAN_POINT('',(-2.332812878098,-2.787194090512,
    1.64542727249));
#4757 = CARTESIAN_POINT('',(-2.332812878098,-2.253794090512,
    1.64542727249));
#4758 = CARTESIAN_POINT('',(-2.332812878098,-1.720394090512,
    1.64542727249));
#4759 = CARTESIAN_POINT('',(-2.659406681032,-1.720394090512,
    0.965451090638));
#4760 = CARTESIAN_POINT('',(-2.986000483965,-1.720394090512,
    0.285474908787));
#4761 = CARTESIAN_POINT('',(-2.986000483965,-2.253794090512,
    0.285474908787));
#4762 = CARTESIAN_POINT('',(1.615462303624,-2.253794090512,
    1.900937212411));
#4763 = CARTESIAN_POINT('',(1.615462303624,-2.787194090512,
    1.900937212411));
#4764 = CARTESIAN_POINT('',(1.438771114165,-2.787194090512,
    2.404222204803));
#4765 = CARTESIAN_POINT('',(1.262079924706,-2.787194090512,
    2.907507197196));
#4766 = CARTESIAN_POINT('',(1.262079924706,-2.253794090512,
    2.907507197196));
#4767 = CARTESIAN_POINT('',(1.262079924706,-1.720394090512,
    2.907507197196));
#4768 = CARTESIAN_POINT('',(1.438771114165,-1.720394090512,
    2.404222204803));
#4769 = CARTESIAN_POINT('',(1.615462303624,-1.720394090512,
    1.900937212411));
#4770 = CARTESIAN_POINT('',(1.615462303624,-2.253794090512,
    1.900937212411));
#4771 = CARTESIAN_POINT('',(6.216925091213,-2.253794090512,
    3.516399516035));
#4772 = CARTESIAN_POINT('',(6.216925091213,-2.787194090512,
    3.516399516035));
#4773 = CARTESIAN_POINT('',(5.536948909362,-2.787194090512,
    3.842993318968));
#4774 = CARTESIAN_POINT('',(4.85697272751,-2.787194090512,4.169587121902
    ));
#4775 = CARTESIAN_POINT('',(4.85697272751,-2.253794090512,4.169587121902
    ));
#4776 = CARTESIAN_POINT('',(4.85697272751,-1.720394090512,4.169587121902
    ));
#4777 = CARTESIAN_POINT('',(5.536948909362,-1.720394090512,
    3.842993318968));
#4778 = CARTESIAN_POINT('',(6.216925091213,-1.720394090512,
    3.516399516035));
#4779 = CARTESIAN_POINT('',(6.216925091213,-2.253794090512,
    3.516399516035));
#4780 = CARTESIAN_POINT('',(4.601462787589,-2.253794090512,
    8.117862303624));
#4781 = CARTESIAN_POINT('',(4.601462787589,-2.787194090512,
    8.117862303624));
#4782 = CARTESIAN_POINT('',(4.098177795197,-2.787194090512,
    7.941171114165));
#4783 = CARTESIAN_POINT('',(3.594892802804,-2.787194090512,
    7.764479924706));
#4784 = CARTESIAN_POINT('',(3.594892802804,-2.253794090512,
    7.764479924706));
#4785 = CARTESIAN_POINT('',(3.594892802804,-1.720394090512,
    7.764479924706));
#4786 = CARTESIAN_POINT('',(4.098177795197,-1.720394090512,
    7.941171114165));
#4787 = CARTESIAN_POINT('',(4.601462787589,-1.720394090512,
    8.117862303624));
#4788 = CARTESIAN_POINT('',(4.601462787589,-2.253794090512,
    8.117862303624));
#4789 = CARTESIAN_POINT('',(2.986000483965,-2.253794090512,
    12.719325091213));
#4790 = CARTESIAN_POINT('',(2.986000483965,-2.787194090512,
    12.719325091213));
#4791 = CARTESIAN_POINT('',(2.659406681032,-2.787194090512,
    12.039348909362));
#4792 = CARTESIAN_POINT('',(2.332812878098,-2.787194090512,
    11.359372727511));
#4793 = CARTESIAN_POINT('',(2.332812878098,-2.253794090512,
    11.359372727511));
#4794 = CARTESIAN_POINT('',(2.332812878098,-1.720394090512,
    11.359372727511));
#4795 = CARTESIAN_POINT('',(2.659406681032,-1.720394090512,
    12.039348909362));
#4796 = CARTESIAN_POINT('',(2.986000483965,-1.720394090512,
    12.719325091213));
#4797 = CARTESIAN_POINT('',(2.986000483965,-2.253794090512,
    12.719325091213));
#4798 = CARTESIAN_POINT('',(-1.615462303624,-2.253794090512,
    11.103862787589));
#4799 = CARTESIAN_POINT('',(-1.615462303624,-2.787194090512,
    11.103862787589));
#4800 = CARTESIAN_POINT('',(-1.438771114165,-2.787194090512,
    10.600577795197));
#4801 = CARTESIAN_POINT('',(-1.262079924706,-2.787194090512,
    10.097292802804));
#4802 = CARTESIAN_POINT('',(-1.262079924706,-2.253794090512,
    10.097292802804));
#4803 = CARTESIAN_POINT('',(-1.262079924706,-1.720394090512,
    10.097292802804));
#4804 = CARTESIAN_POINT('',(-1.438771114165,-1.720394090512,
    10.600577795197));
#4805 = CARTESIAN_POINT('',(-1.615462303624,-1.720394090512,
    11.103862787589));
#4806 = CARTESIAN_POINT('',(-1.615462303624,-2.253794090512,
    11.103862787589));
#4807 = CARTESIAN_POINT('',(-6.216925091213,-2.253794090512,
    9.488400483965));
#4808 = CARTESIAN_POINT('',(-6.216925091213,-2.787194090512,
    9.488400483965));
#4809 = CARTESIAN_POINT('',(-5.536948909362,-2.787194090512,
    9.161806681032));
#4810 = CARTESIAN_POINT('',(-4.85697272751,-2.787194090512,
    8.835212878098));
#4811 = CARTESIAN_POINT('',(-4.85697272751,-2.253794090512,
    8.835212878098));
#4812 = CARTESIAN_POINT('',(-4.85697272751,-1.720394090512,
    8.835212878098));
#4813 = CARTESIAN_POINT('',(-5.536948909362,-1.720394090512,
    9.161806681032));
#4814 = CARTESIAN_POINT('',(-6.216925091213,-1.720394090512,
    9.488400483965));
#4815 = CARTESIAN_POINT('',(-6.216925091213,-2.253794090512,
    9.488400483965));
#4816 = CARTESIAN_POINT('',(-4.601462787589,-2.253794090512,
    4.886937696376));
#4817 = CARTESIAN_POINT('',(-4.601462787589,-2.787194090512,
    4.886937696376));
#4818 = CARTESIAN_POINT('',(-4.098177795197,-2.787194090512,
    5.063628885835));
#4819 = CARTESIAN_POINT('',(-3.594892802804,-2.787194090512,
    5.240320075294));
#4820 = CARTESIAN_POINT('',(-3.594892802804,-2.253794090512,
    5.240320075294));
#4821 = CARTESIAN_POINT('',(-3.594892802804,-1.720394090512,
    5.240320075294));
#4822 = CARTESIAN_POINT('',(-4.098177795197,-1.720394090512,
    5.063628885835));
#4823 = CARTESIAN_POINT('',(-4.601462787589,-1.720394090512,
    4.886937696376));
#4824 = CARTESIAN_POINT('',(-4.601462787589,-2.253794090512,
    4.886937696376));
#4825 = ADVANCED_FACE('',(#4826),#4837,.T.);
#4826 = FACE_BOUND('',#4827,.T.);
#4827 = EDGE_LOOP('',(#4828,#4829,#4835,#4836));
#4828 = ORIENTED_EDGE('',*,*,#4688,.T.);
#4829 = ORIENTED_EDGE('',*,*,#4830,.T.);
#4830 = EDGE_CURVE('',#4681,#4457,#4831,.T.);
#4831 = ( BOUNDED_CURVE() B_SPLINE_CURVE(2,(#4832,#4833,#4834),
.UNSPECIFIED.,.F.,.F.) B_SPLINE_CURVE_WITH_KNOTS((3,3),(-1.72257562311,
0.),.PIECEWISE_BEZIER_KNOTS.) CURVE() GEOMETRIC_REPRESENTATION_ITEM() 
RATIONAL_B_SPLINE_CURVE((1.,0.982758124269,1.)) REPRESENTATION_ITEM('') 
  );
#4832 = CARTESIAN_POINT('',(4.36994560283,-1.685875900757,8.036582219033
    ));
#4833 = CARTESIAN_POINT('',(4.081304997509,-1.685875900757,
    8.858742538957));
#4834 = CARTESIAN_POINT('',(3.513613577132,-1.685875900757,
    9.519792795691));
#4835 = ORIENTED_EDGE('',*,*,#4456,.F.);
#4836 = ORIENTED_EDGE('',*,*,#4736,.F.);
#4837 = ( BOUNDED_SURFACE() B_SPLINE_SURFACE(2,1,(
    (#4838,#4839)
    ,(#4840,#4841)
    ,(#4842,#4843)
    ,(#4844,#4845)
    ,(#4846,#4847)
    ,(#4848,#4849)
    ,(#4850,#4851)
    ,(#4852,#4853)
    ,(#4854,#4855
)),.UNSPECIFIED.,.T.,.F.,.F.) B_SPLINE_SURFACE_WITH_KNOTS((1,2,2,2,2,2,1
    ),(2,2),(-1.570796326795,0.,1.570796326795,3.14159265359,
    4.712388980385,6.28318530718,7.853981633974),(0.,10.603706459297),
.UNSPECIFIED.) GEOMETRIC_REPRESENTATION_ITEM() RATIONAL_B_SPLINE_SURFACE
((
    (1.,1.)
    ,(0.707106781187,0.707106781187)
    ,(1.,1.)
    ,(0.707106781187,0.707106781187)
    ,(1.,1.)
    ,(0.707106781187,0.707106781187)
    ,(1.,1.)
    ,(0.707106781187,0.707106781187)
,(1.,1.))) REPRESENTATION_ITEM('') SURFACE() );
#4838 = CARTESIAN_POINT('',(0.,6.335995387083,6.5024));
#4839 = CARTESIAN_POINT('',(-5.002518114642,-2.847083780942,
    4.746136870111));
#4840 = CARTESIAN_POINT('',(0.,6.335995387083,6.5024));
#4841 = CARTESIAN_POINT('',(-3.246254984753,-2.847083780942,
    -0.256381244532));
#4842 = CARTESIAN_POINT('',(0.,6.335995387083,6.5024));
#4843 = CARTESIAN_POINT('',(1.756263129889,-2.847083780942,
    1.499881885358));
#4844 = CARTESIAN_POINT('',(0.,6.335995387083,6.5024));
#4845 = CARTESIAN_POINT('',(6.758781244532,-2.847083780942,
    3.256145015247));
#4846 = CARTESIAN_POINT('',(0.,6.335995387083,6.5024));
#4847 = CARTESIAN_POINT('',(5.002518114642,-2.847083780942,
    8.258663129889));
#4848 = CARTESIAN_POINT('',(0.,6.335995387083,6.5024));
#4849 = CARTESIAN_POINT('',(3.246254984753,-2.847083780942,
    13.261181244532));
#4850 = CARTESIAN_POINT('',(0.,6.335995387083,6.5024));
#4851 = CARTESIAN_POINT('',(-1.756263129889,-2.847083780942,
    11.504918114642));
#4852 = CARTESIAN_POINT('',(0.,6.335995387083,6.5024));
#4853 = CARTESIAN_POINT('',(-6.758781244532,-2.847083780942,
    9.748654984753));
#4854 = CARTESIAN_POINT('',(0.,6.335995387083,6.5024));
#4855 = CARTESIAN_POINT('',(-5.002518114642,-2.847083780942,
    4.746136870111));
#4856 = ADVANCED_FACE('',(#4857),#4868,.T.);
#4857 = FACE_BOUND('',#4858,.T.);
#4858 = EDGE_LOOP('',(#4859,#4865,#4866,#4867));
#4859 = ORIENTED_EDGE('',*,*,#4860,.F.);
#4860 = EDGE_CURVE('',#4464,#4674,#4861,.T.);
#4861 = ( BOUNDED_CURVE() B_SPLINE_CURVE(2,(#4862,#4863,#4864),
.UNSPECIFIED.,.F.,.F.) B_SPLINE_CURVE_WITH_KNOTS((3,3),(0.,1.70991895452
),.PIECEWISE_BEZIER_KNOTS.) CURVE() GEOMETRIC_REPRESENTATION_ITEM() 
RATIONAL_B_SPLINE_CURVE((1.,0.982758124269,1.)) REPRESENTATION_ITEM('') 
  );
#4862 = CARTESIAN_POINT('',(3.487797211217,-1.558875900757,9.4976224247)
  );
#4863 = CARTESIAN_POINT('',(4.051317504317,-1.558875900757,
    8.841429251689));
#4864 = CARTESIAN_POINT('',(4.337837315384,-1.558875900757,
    8.025309775812));
#4865 = ORIENTED_EDGE('',*,*,#4463,.F.);
#4866 = ORIENTED_EDGE('',*,*,#4830,.F.);
#4867 = ORIENTED_EDGE('',*,*,#4680,.T.);
#4868 = ( BOUNDED_SURFACE() B_SPLINE_SURFACE(2,2,(
    (#4869,#4870,#4871,#4872,#4873,#4874,#4875,#4876,#4877)
    ,(#4878,#4879,#4880,#4881,#4882,#4883,#4884,#4885,#4886)
    ,(#4887,#4888,#4889,#4890,#4891,#4892,#4893,#4894,#4895)
    ,(#4896,#4897,#4898,#4899,#4900,#4901,#4902,#4903,#4904)
    ,(#4905,#4906,#4907,#4908,#4909,#4910,#4911,#4912,#4913)
    ,(#4914,#4915,#4916,#4917,#4918,#4919,#4920,#4921,#4922)
    ,(#4923,#4924,#4925,#4926,#4927,#4928,#4929,#4930,#4931)
    ,(#4932,#4933,#4934,#4935,#4936,#4937,#4938,#4939,#4940)
    ,(#4941,#4942,#4943,#4944,#4945,#4946,#4947,#4948,#4949
)),.UNSPECIFIED.,.T.,.T.,.F.) B_SPLINE_SURFACE_WITH_KNOTS((1,2,2,2,2,2,1
    ),(1,2,2,2,2,2,1),(-0.398982267006,0.,0.398982267006,0.797964534012,
    1.196946801018,1.595929068024,1.99491133503),(-7.620561299813,0.,
    7.620561299813,15.241122599626,22.861683899438,30.482245199251,
38.102806499064),.UNSPECIFIED.) GEOMETRIC_REPRESENTATION_ITEM() 
RATIONAL_B_SPLINE_SURFACE((
    (1.,0.707106781187,1.,0.707106781187,1.,0.707106781187,1.
      ,0.707106781187,1.)
    ,(0.707106781187,0.5,0.707106781187,0.5,0.707106781187,0.5
      ,0.707106781187,0.5,0.707106781187)
    ,(1.,0.707106781187,1.,0.707106781187,1.,0.707106781187,1.
      ,0.707106781187,1.)
    ,(0.707106781187,0.5,0.707106781187,0.5,0.707106781187,0.5
      ,0.707106781187,0.5,0.707106781187)
    ,(1.,0.707106781187,1.,0.707106781187,1.,0.707106781187,1.
      ,0.707106781187,1.)
    ,(0.707106781187,0.5,0.707106781187,0.5,0.707106781187,0.5
      ,0.707106781187,0.5,0.707106781187)
    ,(1.,0.707106781187,1.,0.707106781187,1.,0.707106781187,1.
      ,0.707106781187,1.)
    ,(0.707106781187,0.5,0.707106781187,0.5,0.707106781187,0.5
      ,0.707106781187,0.5,0.707106781187)
    ,(1.,0.707106781187,1.,0.707106781187,1.,0.707106781187,1.
,0.707106781187,1.))) REPRESENTATION_ITEM('') SURFACE() );
#4869 = CARTESIAN_POINT('',(-4.817156355758,-1.558875900757,
    4.811212900894));
#4870 = CARTESIAN_POINT('',(-3.125969256651,-1.558875900757,
    -5.943454864019E-03));
#4871 = CARTESIAN_POINT('',(1.691187099106,-1.558875900757,
    1.685243644242));
#4872 = CARTESIAN_POINT('',(6.508343454864,-1.558875900757,
    3.376430743349));
#4873 = CARTESIAN_POINT('',(4.817156355758,-1.558875900757,
    8.193587099106));
#4874 = CARTESIAN_POINT('',(3.125969256651,-1.558875900757,
    13.010743454864));
#4875 = CARTESIAN_POINT('',(-1.691187099106,-1.558875900757,
    11.319556355758));
#4876 = CARTESIAN_POINT('',(-6.508343454864,-1.558875900757,
    9.628369256651));
#4877 = CARTESIAN_POINT('',(-4.817156355758,-1.558875900757,
    4.811212900894));
#4878 = CARTESIAN_POINT('',(-4.817156355758,-1.812875900757,
    4.811212900894));
#4879 = CARTESIAN_POINT('',(-3.125969256651,-1.812875900757,
    -5.94345486402E-03));
#4880 = CARTESIAN_POINT('',(1.691187099106,-1.812875900757,
    1.685243644242));
#4881 = CARTESIAN_POINT('',(6.508343454864,-1.812875900757,
    3.376430743349));
#4882 = CARTESIAN_POINT('',(4.817156355758,-1.812875900757,
    8.193587099106));
#4883 = CARTESIAN_POINT('',(3.125969256651,-1.812875900757,
    13.010743454864));
#4884 = CARTESIAN_POINT('',(-1.691187099106,-1.812875900757,
    11.319556355758));
#4885 = CARTESIAN_POINT('',(-6.508343454864,-1.812875900757,
    9.628369256651));
#4886 = CARTESIAN_POINT('',(-4.817156355758,-1.812875900757,
    4.811212900894));
#4887 = CARTESIAN_POINT('',(-4.577496835571,-1.812875900757,
    4.895351562541));
#4888 = CARTESIAN_POINT('',(-2.970448398111,-1.812875900757,
    0.31785472697));
#4889 = CARTESIAN_POINT('',(1.607048437459,-1.812875900757,
    1.924903164429));
#4890 = CARTESIAN_POINT('',(6.18454527303,-1.812875900757,3.531951601889
    ));
#4891 = CARTESIAN_POINT('',(4.577496835571,-1.812875900757,
    8.109448437459));
#4892 = CARTESIAN_POINT('',(2.970448398111,-1.812875900757,
    12.68694527303));
#4893 = CARTESIAN_POINT('',(-1.607048437459,-1.812875900757,
    11.079896835571));
#4894 = CARTESIAN_POINT('',(-6.18454527303,-1.812875900757,
    9.472848398111));
#4895 = CARTESIAN_POINT('',(-4.577496835571,-1.812875900757,
    4.895351562541));
#4896 = CARTESIAN_POINT('',(-4.337837315384,-1.812875900757,
    4.979490224188));
#4897 = CARTESIAN_POINT('',(-2.814927539572,-1.812875900757,
    0.641652908804));
#4898 = CARTESIAN_POINT('',(1.522909775812,-1.812875900757,
    2.164562684616));
#4899 = CARTESIAN_POINT('',(5.860747091196,-1.812875900757,
    3.687472460428));
#4900 = CARTESIAN_POINT('',(4.337837315384,-1.812875900757,
    8.025309775812));
#4901 = CARTESIAN_POINT('',(2.814927539572,-1.812875900757,
    12.363147091196));
#4902 = CARTESIAN_POINT('',(-1.522909775812,-1.812875900757,
    10.840237315384));
#4903 = CARTESIAN_POINT('',(-5.860747091196,-1.812875900757,
    9.317327539572));
#4904 = CARTESIAN_POINT('',(-4.337837315384,-1.812875900757,
    4.979490224188));
#4905 = CARTESIAN_POINT('',(-4.337837315384,-1.558875900757,
    4.979490224188));
#4906 = CARTESIAN_POINT('',(-2.814927539572,-1.558875900757,
    0.641652908804));
#4907 = CARTESIAN_POINT('',(1.522909775812,-1.558875900757,
    2.164562684616));
#4908 = CARTESIAN_POINT('',(5.860747091196,-1.558875900757,
    3.687472460428));
#4909 = CARTESIAN_POINT('',(4.337837315384,-1.558875900757,
    8.025309775812));
#4910 = CARTESIAN_POINT('',(2.814927539572,-1.558875900757,
    12.363147091196));
#4911 = CARTESIAN_POINT('',(-1.522909775812,-1.558875900757,
    10.840237315384));
#4912 = CARTESIAN_POINT('',(-5.860747091196,-1.558875900757,
    9.317327539572));
#4913 = CARTESIAN_POINT('',(-4.337837315384,-1.558875900757,
    4.979490224188));
#4914 = CARTESIAN_POINT('',(-4.337837315384,-1.304875900757,
    4.979490224188));
#4915 = CARTESIAN_POINT('',(-2.814927539572,-1.304875900757,
    0.641652908804));
#4916 = CARTESIAN_POINT('',(1.522909775812,-1.304875900757,
    2.164562684616));
#4917 = CARTESIAN_POINT('',(5.860747091196,-1.304875900757,
    3.687472460428));
#4918 = CARTESIAN_POINT('',(4.337837315384,-1.304875900757,
    8.025309775812));
#4919 = CARTESIAN_POINT('',(2.814927539572,-1.304875900757,
    12.363147091196));
#4920 = CARTESIAN_POINT('',(-1.522909775812,-1.304875900757,
    10.840237315384));
#4921 = CARTESIAN_POINT('',(-5.860747091196,-1.304875900757,
    9.317327539572));
#4922 = CARTESIAN_POINT('',(-4.337837315384,-1.304875900757,
    4.979490224188));
#4923 = CARTESIAN_POINT('',(-4.577496835571,-1.304875900757,
    4.895351562541));
#4924 = CARTESIAN_POINT('',(-2.970448398111,-1.304875900757,
    0.31785472697));
#4925 = CARTESIAN_POINT('',(1.607048437459,-1.304875900757,
    1.924903164429));
#4926 = CARTESIAN_POINT('',(6.18454527303,-1.304875900757,3.531951601889
    ));
#4927 = CARTESIAN_POINT('',(4.577496835571,-1.304875900757,
    8.109448437459));
#4928 = CARTESIAN_POINT('',(2.970448398111,-1.304875900757,
    12.68694527303));
#4929 = CARTESIAN_POINT('',(-1.607048437459,-1.304875900757,
    11.079896835571));
#4930 = CARTESIAN_POINT('',(-6.18454527303,-1.304875900757,
    9.472848398111));
#4931 = CARTESIAN_POINT('',(-4.577496835571,-1.304875900757,
    4.895351562541));
#4932 = CARTESIAN_POINT('',(-4.817156355758,-1.304875900757,
    4.811212900894));
#4933 = CARTESIAN_POINT('',(-3.125969256651,-1.304875900757,
    -5.94345486402E-03));
#4934 = CARTESIAN_POINT('',(1.691187099106,-1.304875900757,
    1.685243644242));
#4935 = CARTESIAN_POINT('',(6.508343454864,-1.304875900757,
    3.376430743349));
#4936 = CARTESIAN_POINT('',(4.817156355758,-1.304875900757,
    8.193587099106));
#4937 = CARTESIAN_POINT('',(3.125969256651,-1.304875900757,
    13.010743454864));
#4938 = CARTESIAN_POINT('',(-1.691187099106,-1.304875900757,
    11.319556355758));
#4939 = CARTESIAN_POINT('',(-6.508343454864,-1.304875900757,
    9.628369256651));
#4940 = CARTESIAN_POINT('',(-4.817156355758,-1.304875900757,
    4.811212900894));
#4941 = CARTESIAN_POINT('',(-4.817156355758,-1.558875900757,
    4.811212900894));
#4942 = CARTESIAN_POINT('',(-3.125969256651,-1.558875900757,
    -5.943454864019E-03));
#4943 = CARTESIAN_POINT('',(1.691187099106,-1.558875900757,
    1.685243644242));
#4944 = CARTESIAN_POINT('',(6.508343454864,-1.558875900757,
    3.376430743349));
#4945 = CARTESIAN_POINT('',(4.817156355758,-1.558875900757,
    8.193587099106));
#4946 = CARTESIAN_POINT('',(3.125969256651,-1.558875900757,
    13.010743454864));
#4947 = CARTESIAN_POINT('',(-1.691187099106,-1.558875900757,
    11.319556355758));
#4948 = CARTESIAN_POINT('',(-6.508343454864,-1.558875900757,
    9.628369256651));
#4949 = CARTESIAN_POINT('',(-4.817156355758,-1.558875900757,
    4.811212900894));
#4950 = ADVANCED_FACE('',(#4951),#4962,.T.);
#4951 = FACE_BOUND('',#4952,.T.);
#4952 = EDGE_LOOP('',(#4953,#4954,#4960,#4961));
#4953 = ORIENTED_EDGE('',*,*,#4673,.T.);
#4954 = ORIENTED_EDGE('',*,*,#4955,.T.);
#4955 = EDGE_CURVE('',#4667,#4472,#4956,.T.);
#4956 = ( BOUNDED_CURVE() B_SPLINE_CURVE(2,(#4957,#4958,#4959),
.UNSPECIFIED.,.F.,.F.) B_SPLINE_CURVE_WITH_KNOTS((3,3),(-1.70991895452,
0.),.PIECEWISE_BEZIER_KNOTS.) CURVE() GEOMETRIC_REPRESENTATION_ITEM() 
RATIONAL_B_SPLINE_CURVE((1.,0.982758124269,1.)) REPRESENTATION_ITEM('') 
  );
#4957 = CARTESIAN_POINT('',(4.337837315384,-0.9652,8.025309775812));
#4958 = CARTESIAN_POINT('',(4.051317504317,-0.9652,8.841429251689));
#4959 = CARTESIAN_POINT('',(3.487797211217,-0.9652,9.4976224247));
#4960 = ORIENTED_EDGE('',*,*,#4471,.F.);
#4961 = ORIENTED_EDGE('',*,*,#4860,.T.);
#4962 = CYLINDRICAL_SURFACE('',#4963,4.5974);
#4963 = AXIS2_PLACEMENT_3D('',#4964,#4965,#4966);
#4964 = CARTESIAN_POINT('',(0.,-1.262037950378,6.5024));
#4965 = DIRECTION('',(0.,-1.,0.));
#4966 = DIRECTION('',(0.,-0.,-1.));
#4967 = ADVANCED_FACE('',(#4968),#4979,.T.);
#4968 = FACE_BOUND('',#4969,.T.);
#4969 = EDGE_LOOP('',(#4970,#4976,#4977,#4978));
#4970 = ORIENTED_EDGE('',*,*,#4971,.F.);
#4971 = EDGE_CURVE('',#4479,#4660,#4972,.T.);
#4972 = ( BOUNDED_CURVE() B_SPLINE_CURVE(2,(#4973,#4974,#4975),
.UNSPECIFIED.,.F.,.F.) B_SPLINE_CURVE_WITH_KNOTS((3,3),(-1.606001228001,
0.),.PIECEWISE_BEZIER_KNOTS.) CURVE() GEOMETRIC_REPRESENTATION_ITEM() 
RATIONAL_B_SPLINE_CURVE((1.,0.982758124269,1.)) REPRESENTATION_ITEM('') 
  );
#4973 = CARTESIAN_POINT('',(3.275831634845,-0.9652,9.315592332591));
#4974 = CARTESIAN_POINT('',(3.805104838308,-0.9652,8.699278302692));
#4975 = CARTESIAN_POINT('',(4.074211843178,-0.9652,7.932757248001));
#4976 = ORIENTED_EDGE('',*,*,#4478,.F.);
#4977 = ORIENTED_EDGE('',*,*,#4955,.F.);
#4978 = ORIENTED_EDGE('',*,*,#4666,.T.);
#4979 = PLANE('',#4980);
#4980 = AXIS2_PLACEMENT_3D('',#4981,#4982,#4983);
#4981 = CARTESIAN_POINT('',(4.327767869557,-0.9652,10.101501436878));
#4982 = DIRECTION('',(0.,1.,0.));
#4983 = DIRECTION('',(0.,-0.,1.));
#4984 = ADVANCED_FACE('',(#4985),#4996,.F.);
#4985 = FACE_BOUND('',#4986,.F.);
#4986 = EDGE_LOOP('',(#4987,#4988,#4989,#4990));
#4987 = ORIENTED_EDGE('',*,*,#4659,.F.);
#4988 = ORIENTED_EDGE('',*,*,#4971,.F.);
#4989 = ORIENTED_EDGE('',*,*,#4485,.T.);
#4990 = ORIENTED_EDGE('',*,*,#4991,.T.);
#4991 = EDGE_CURVE('',#4486,#4652,#4992,.T.);
#4992 = ( BOUNDED_CURVE() B_SPLINE_CURVE(2,(#4993,#4994,#4995),
.UNSPECIFIED.,.F.,.F.) B_SPLINE_CURVE_WITH_KNOTS((3,3),(-1.606001228001,
0.),.PIECEWISE_BEZIER_KNOTS.) CURVE() GEOMETRIC_REPRESENTATION_ITEM() 
RATIONAL_B_SPLINE_CURVE((1.,0.982758124269,1.)) REPRESENTATION_ITEM('') 
  );
#4993 = CARTESIAN_POINT('',(3.275831634845,-1.558875900757,
    9.315592332591));
#4994 = CARTESIAN_POINT('',(3.805104838308,-1.558875900757,
    8.699278302692));
#4995 = CARTESIAN_POINT('',(4.074211843178,-1.558875900757,
    7.932757248001));
#4996 = CYLINDRICAL_SURFACE('',#4997,4.318);
#4997 = AXIS2_PLACEMENT_3D('',#4998,#4999,#5000);
#4998 = CARTESIAN_POINT('',(-4.440892098501E-16,-1.262037950378,6.5024)
  );
#4999 = DIRECTION('',(0.,-1.,0.));
#5000 = DIRECTION('',(0.,-0.,-1.));
#5001 = ADVANCED_FACE('',(#5002),#5013,.T.);
#5002 = FACE_BOUND('',#5003,.T.);
#5003 = EDGE_LOOP('',(#5004,#5005,#5011,#5012));
#5004 = ORIENTED_EDGE('',*,*,#4651,.T.);
#5005 = ORIENTED_EDGE('',*,*,#5006,.T.);
#5006 = EDGE_CURVE('',#4645,#4493,#5007,.T.);
#5007 = ( BOUNDED_CURVE() B_SPLINE_CURVE(2,(#5008,#5009,#5010),
.UNSPECIFIED.,.F.,.F.) B_SPLINE_CURVE_WITH_KNOTS((3,3),(-1.632580232042,
0.),.PIECEWISE_BEZIER_KNOTS.) CURVE() GEOMETRIC_REPRESENTATION_ITEM() 
RATIONAL_B_SPLINE_CURVE((1.,0.982758124269,1.)) REPRESENTATION_ITEM('') 
  );
#5008 = CARTESIAN_POINT('',(4.141639246815,-1.825575900757,
    7.956429378763));
#5009 = CARTESIAN_POINT('',(3.868078574012,-1.825575900757,
    8.735636205952));
#5010 = CARTESIAN_POINT('',(3.330046003265,-1.825575900757,
    9.362150111671));
#5011 = ORIENTED_EDGE('',*,*,#4492,.F.);
#5012 = ORIENTED_EDGE('',*,*,#4991,.T.);
#5013 = ( BOUNDED_SURFACE() B_SPLINE_SURFACE(2,2,(
    (#5014,#5015,#5016,#5017,#5018,#5019,#5020,#5021,#5022)
    ,(#5023,#5024,#5025,#5026,#5027,#5028,#5029,#5030,#5031)
    ,(#5032,#5033,#5034,#5035,#5036,#5037,#5038,#5039,#5040)
    ,(#5041,#5042,#5043,#5044,#5045,#5046,#5047,#5048,#5049)
    ,(#5050,#5051,#5052,#5053,#5054,#5055,#5056,#5057,#5058)
    ,(#5059,#5060,#5061,#5062,#5063,#5064,#5065,#5066,#5067)
    ,(#5068,#5069,#5070,#5071,#5072,#5073,#5074,#5075,#5076)
    ,(#5077,#5078,#5079,#5080,#5081,#5082,#5083,#5084,#5085)
    ,(#5086,#5087,#5088,#5089,#5090,#5091,#5092,#5093,#5094
)),.UNSPECIFIED.,.T.,.T.,.F.) B_SPLINE_SURFACE_WITH_KNOTS((1,2,2,2,2,2,1
    ),(1,2,2,2,2,2,1),(-7.620561299813,0.,7.620561299813,15.241122599626
    ,22.861683899438,30.482245199251,38.102806499064),(-0.837862760712,
    0.,0.837862760712,1.675725521425,2.513588282137,3.35145104285,
4.189313803562),.UNSPECIFIED.) GEOMETRIC_REPRESENTATION_ITEM() 
RATIONAL_B_SPLINE_SURFACE((
    (1.,0.707106781187,1.,0.707106781187,1.,0.707106781187,1.
      ,0.707106781187,1.)
    ,(0.707106781187,0.5,0.707106781187,0.5,0.707106781187,0.5
      ,0.707106781187,0.5,0.707106781187)
    ,(1.,0.707106781187,1.,0.707106781187,1.,0.707106781187,1.
      ,0.707106781187,1.)
    ,(0.707106781187,0.5,0.707106781187,0.5,0.707106781187,0.5
      ,0.707106781187,0.5,0.707106781187)
    ,(1.,0.707106781187,1.,0.707106781187,1.,0.707106781187,1.
      ,0.707106781187,1.)
    ,(0.707106781187,0.5,0.707106781187,0.5,0.707106781187,0.5
      ,0.707106781187,0.5,0.707106781187)
    ,(1.,0.707106781187,1.,0.707106781187,1.,0.707106781187,1.
      ,0.707106781187,1.)
    ,(0.707106781187,0.5,0.707106781187,0.5,0.707106781187,0.5
      ,0.707106781187,0.5,0.707106781187)
    ,(1.,0.707106781187,1.,0.707106781187,1.,0.707106781187,1.
,0.707106781187,1.))) REPRESENTATION_ITEM('') SURFACE() );
#5014 = CARTESIAN_POINT('',(-5.080781827963,-1.558875900757,
    4.718660373082));
#5015 = CARTESIAN_POINT('',(-5.080781827963,-2.092275900757,
    4.718660373082));
#5016 = CARTESIAN_POINT('',(-4.577496835571,-2.092275900757,
    4.895351562541));
#5017 = CARTESIAN_POINT('',(-4.074211843178,-2.092275900757,5.072042752)
  );
#5018 = CARTESIAN_POINT('',(-4.074211843178,-1.558875900757,5.072042752)
  );
#5019 = CARTESIAN_POINT('',(-4.074211843178,-1.025475900757,5.072042752)
  );
#5020 = CARTESIAN_POINT('',(-4.577496835571,-1.025475900757,
    4.895351562541));
#5021 = CARTESIAN_POINT('',(-5.080781827963,-1.025475900757,
    4.718660373082));
#5022 = CARTESIAN_POINT('',(-5.080781827963,-1.558875900757,
    4.718660373082));
#5023 = CARTESIAN_POINT('',(-3.297042201045,-1.558875900757,
    -0.362121454881));
#5024 = CARTESIAN_POINT('',(-3.297042201045,-2.092275900757,
    -0.362121454881));
#5025 = CARTESIAN_POINT('',(-2.970448398111,-2.092275900757,
    0.31785472697));
#5026 = CARTESIAN_POINT('',(-2.643854595178,-2.092275900757,
    0.997830908821));
#5027 = CARTESIAN_POINT('',(-2.643854595178,-1.558875900757,
    0.997830908821));
#5028 = CARTESIAN_POINT('',(-2.643854595178,-1.025475900757,
    0.997830908821));
#5029 = CARTESIAN_POINT('',(-2.970448398111,-1.025475900757,
    0.31785472697));
#5030 = CARTESIAN_POINT('',(-3.297042201045,-1.025475900757,
    -0.362121454881));
#5031 = CARTESIAN_POINT('',(-3.297042201045,-1.558875900757,
    -0.362121454881));
#5032 = CARTESIAN_POINT('',(1.783739626918,-1.558875900757,
    1.421618172037));
#5033 = CARTESIAN_POINT('',(1.783739626918,-2.092275900757,
    1.421618172037));
#5034 = CARTESIAN_POINT('',(1.607048437459,-2.092275900757,
    1.924903164429));
#5035 = CARTESIAN_POINT('',(1.430357248,-2.092275900757,2.428188156822)
  );
#5036 = CARTESIAN_POINT('',(1.430357248,-1.558875900757,2.428188156822)
  );
#5037 = CARTESIAN_POINT('',(1.430357248,-1.025475900757,2.428188156822)
  );
#5038 = CARTESIAN_POINT('',(1.607048437459,-1.025475900757,
    1.924903164429));
#5039 = CARTESIAN_POINT('',(1.783739626918,-1.025475900757,
    1.421618172037));
#5040 = CARTESIAN_POINT('',(1.783739626918,-1.558875900757,
    1.421618172037));
#5041 = CARTESIAN_POINT('',(6.864521454881,-1.558875900757,
    3.205357798955));
#5042 = CARTESIAN_POINT('',(6.864521454881,-2.092275900757,
    3.205357798955));
#5043 = CARTESIAN_POINT('',(6.18454527303,-2.092275900757,3.531951601889
    ));
#5044 = CARTESIAN_POINT('',(5.504569091179,-2.092275900757,
    3.858545404822));
#5045 = CARTESIAN_POINT('',(5.504569091179,-1.558875900757,
    3.858545404822));
#5046 = CARTESIAN_POINT('',(5.504569091179,-1.025475900757,
    3.858545404822));
#5047 = CARTESIAN_POINT('',(6.18454527303,-1.025475900757,3.531951601889
    ));
#5048 = CARTESIAN_POINT('',(6.864521454881,-1.025475900757,
    3.205357798955));
#5049 = CARTESIAN_POINT('',(6.864521454881,-1.558875900757,
    3.205357798955));
#5050 = CARTESIAN_POINT('',(5.080781827963,-1.558875900757,
    8.286139626918));
#5051 = CARTESIAN_POINT('',(5.080781827963,-2.092275900757,
    8.286139626918));
#5052 = CARTESIAN_POINT('',(4.577496835571,-2.092275900757,
    8.109448437459));
#5053 = CARTESIAN_POINT('',(4.074211843178,-2.092275900757,7.932757248)
  );
#5054 = CARTESIAN_POINT('',(4.074211843178,-1.558875900757,7.932757248)
  );
#5055 = CARTESIAN_POINT('',(4.074211843178,-1.025475900757,7.932757248)
  );
#5056 = CARTESIAN_POINT('',(4.577496835571,-1.025475900757,
    8.109448437459));
#5057 = CARTESIAN_POINT('',(5.080781827963,-1.025475900757,
    8.286139626918));
#5058 = CARTESIAN_POINT('',(5.080781827963,-1.558875900757,
    8.286139626918));
#5059 = CARTESIAN_POINT('',(3.297042201045,-1.558875900757,
    13.366921454881));
#5060 = CARTESIAN_POINT('',(3.297042201045,-2.092275900757,
    13.366921454881));
#5061 = CARTESIAN_POINT('',(2.970448398111,-2.092275900757,
    12.68694527303));
#5062 = CARTESIAN_POINT('',(2.643854595178,-2.092275900757,
    12.006969091178));
#5063 = CARTESIAN_POINT('',(2.643854595178,-1.558875900757,
    12.006969091178));
#5064 = CARTESIAN_POINT('',(2.643854595178,-1.025475900757,
    12.006969091178));
#5065 = CARTESIAN_POINT('',(2.970448398111,-1.025475900757,
    12.68694527303));
#5066 = CARTESIAN_POINT('',(3.297042201045,-1.025475900757,
    13.366921454881));
#5067 = CARTESIAN_POINT('',(3.297042201045,-1.558875900757,
    13.366921454881));
#5068 = CARTESIAN_POINT('',(-1.783739626918,-1.558875900757,
    11.583181827963));
#5069 = CARTESIAN_POINT('',(-1.783739626918,-2.092275900757,
    11.583181827963));
#5070 = CARTESIAN_POINT('',(-1.607048437459,-2.092275900757,
    11.079896835571));
#5071 = CARTESIAN_POINT('',(-1.430357248,-2.092275900757,10.576611843178
    ));
#5072 = CARTESIAN_POINT('',(-1.430357248,-1.558875900757,10.576611843178
    ));
#5073 = CARTESIAN_POINT('',(-1.430357248,-1.025475900757,10.576611843178
    ));
#5074 = CARTESIAN_POINT('',(-1.607048437459,-1.025475900757,
    11.079896835571));
#5075 = CARTESIAN_POINT('',(-1.783739626918,-1.025475900757,
    11.583181827963));
#5076 = CARTESIAN_POINT('',(-1.783739626918,-1.558875900757,
    11.583181827963));
#5077 = CARTESIAN_POINT('',(-6.864521454881,-1.558875900757,
    9.799442201045));
#5078 = CARTESIAN_POINT('',(-6.864521454881,-2.092275900757,
    9.799442201045));
#5079 = CARTESIAN_POINT('',(-6.18454527303,-2.092275900757,
    9.472848398111));
#5080 = CARTESIAN_POINT('',(-5.504569091179,-2.092275900757,
    9.146254595178));
#5081 = CARTESIAN_POINT('',(-5.504569091179,-1.558875900757,
    9.146254595178));
#5082 = CARTESIAN_POINT('',(-5.504569091179,-1.025475900757,
    9.146254595178));
#5083 = CARTESIAN_POINT('',(-6.18454527303,-1.025475900757,
    9.472848398111));
#5084 = CARTESIAN_POINT('',(-6.864521454881,-1.025475900757,
    9.799442201045));
#5085 = CARTESIAN_POINT('',(-6.864521454881,-1.558875900757,
    9.799442201045));
#5086 = CARTESIAN_POINT('',(-5.080781827963,-1.558875900757,
    4.718660373082));
#5087 = CARTESIAN_POINT('',(-5.080781827963,-2.092275900757,
    4.718660373082));
#5088 = CARTESIAN_POINT('',(-4.577496835571,-2.092275900757,
    4.895351562541));
#5089 = CARTESIAN_POINT('',(-4.074211843178,-2.092275900757,5.072042752)
  );
#5090 = CARTESIAN_POINT('',(-4.074211843178,-1.558875900757,5.072042752)
  );
#5091 = CARTESIAN_POINT('',(-4.074211843178,-1.025475900757,5.072042752)
  );
#5092 = CARTESIAN_POINT('',(-4.577496835571,-1.025475900757,
    4.895351562541));
#5093 = CARTESIAN_POINT('',(-5.080781827963,-1.025475900757,
    4.718660373082));
#5094 = CARTESIAN_POINT('',(-5.080781827963,-1.558875900757,
    4.718660373082));
#5095 = ADVANCED_FACE('',(#5096),#5107,.T.);
#5096 = FACE_BOUND('',#5097,.T.);
#5097 = EDGE_LOOP('',(#5098,#5104,#5105,#5106));
#5098 = ORIENTED_EDGE('',*,*,#5099,.T.);
#5099 = EDGE_CURVE('',#4637,#4501,#5100,.T.);
#5100 = ( BOUNDED_CURVE() B_SPLINE_CURVE(2,(#5101,#5102,#5103),
.UNSPECIFIED.,.F.,.F.) B_SPLINE_CURVE_WITH_KNOTS((3,3),(0.,
1.697262285929),.PIECEWISE_BEZIER_KNOTS.) CURVE() 
GEOMETRIC_REPRESENTATION_ITEM() RATIONAL_B_SPLINE_CURVE((1.,
0.982758124269,1.)) REPRESENTATION_ITEM('') );
#5101 = CARTESIAN_POINT('',(4.305729027937,-2.126794090512,
    8.014037332592));
#5102 = CARTESIAN_POINT('',(4.021330011124,-2.126794090512,
    8.824115964423));
#5103 = CARTESIAN_POINT('',(3.461980845302,-2.126794090512,9.47545205371
    ));
#5104 = ORIENTED_EDGE('',*,*,#4500,.F.);
#5105 = ORIENTED_EDGE('',*,*,#5006,.F.);
#5106 = ORIENTED_EDGE('',*,*,#4644,.T.);
#5107 = ( BOUNDED_SURFACE() B_SPLINE_SURFACE(1,2,(
    (#5108,#5109,#5110,#5111,#5112,#5113,#5114,#5115,#5116)
    ,(#5117,#5118,#5119,#5120,#5121,#5122,#5123,#5124,#5125
)),.UNSPECIFIED.,.F.,.T.,.F.) B_SPLINE_SURFACE_WITH_KNOTS((2,2),(1,2,2,2
    ,2,2,1),(0.,10.071377964097),(-1.570796326795,0.,1.570796326795,
    3.14159265359,4.712388980385,6.28318530718,7.853981633974),
.UNSPECIFIED.) GEOMETRIC_REPRESENTATION_ITEM() RATIONAL_B_SPLINE_SURFACE
((
    (1.,0.707106781187,1.,0.707106781187,1.,0.707106781187,1.
      ,0.707106781187,1.)
    ,(1.,0.707106781187,1.,0.707106781187,1.,0.707106781187,1.
,0.707106781187,1.))) REPRESENTATION_ITEM('') SURFACE() );
#5108 = CARTESIAN_POINT('',(0.,5.777195387082,6.5024));
#5109 = CARTESIAN_POINT('',(0.,5.777195387082,6.5024));
#5110 = CARTESIAN_POINT('',(0.,5.777195387082,6.5024));
#5111 = CARTESIAN_POINT('',(0.,5.777195387082,6.5024));
#5112 = CARTESIAN_POINT('',(0.,5.777195387082,6.5024));
#5113 = CARTESIAN_POINT('',(0.,5.777195387082,6.5024));
#5114 = CARTESIAN_POINT('',(0.,5.777195387082,6.5024));
#5115 = CARTESIAN_POINT('',(0.,5.777195387082,6.5024));
#5116 = CARTESIAN_POINT('',(0.,5.777195387082,6.5024));
#5117 = CARTESIAN_POINT('',(-4.751381123026,-2.944873780942,
    4.834304994407));
#5118 = CARTESIAN_POINT('',(-3.083286117433,-2.944873780942,
    8.292387138179E-02));
#5119 = CARTESIAN_POINT('',(1.668095005593,-2.944873780942,
    1.751018876974));
#5120 = CARTESIAN_POINT('',(6.419476128618,-2.944873780942,
    3.419113882567));
#5121 = CARTESIAN_POINT('',(4.751381123026,-2.944873780942,
    8.170495005593));
#5122 = CARTESIAN_POINT('',(3.083286117433,-2.944873780942,
    12.921876128618));
#5123 = CARTESIAN_POINT('',(-1.668095005593,-2.944873780942,
    11.253781123025));
#5124 = CARTESIAN_POINT('',(-6.419476128618,-2.944873780942,
    9.585686117433));
#5125 = CARTESIAN_POINT('',(-4.751381123026,-2.944873780942,
    4.834304994407));
#5126 = ADVANCED_FACE('',(#5127),#5138,.T.);
#5127 = FACE_BOUND('',#5128,.T.);
#5128 = EDGE_LOOP('',(#5129,#5135,#5136,#5137));
#5129 = ORIENTED_EDGE('',*,*,#5130,.T.);
#5130 = EDGE_CURVE('',#4630,#4508,#5131,.T.);
#5131 = ( BOUNDED_CURVE() B_SPLINE_CURVE(2,(#5132,#5133,#5134),
.UNSPECIFIED.,.F.,.F.) B_SPLINE_CURVE_WITH_KNOTS((3,3),(13.645193531602,
15.260641825651),.PIECEWISE_BEZIER_KNOTS.) CURVE() 
GEOMETRIC_REPRESENTATION_ITEM() RATIONAL_B_SPLINE_CURVE((1.,
0.982758124269,1.)) REPRESENTATION_ITEM('') );
#5132 = CARTESIAN_POINT('',(4.337837315384,-2.253794090512,
    8.025309775812));
#5133 = CARTESIAN_POINT('',(4.051317504317,-2.253794090512,
    8.841429251689));
#5134 = CARTESIAN_POINT('',(3.487797211217,-2.253794090512,9.4976224247)
  );
#5135 = ORIENTED_EDGE('',*,*,#4507,.F.);
#5136 = ORIENTED_EDGE('',*,*,#5099,.F.);
#5137 = ORIENTED_EDGE('',*,*,#4636,.T.);
#5138 = ( BOUNDED_SURFACE() B_SPLINE_SURFACE(2,2,(
    (#5139,#5140,#5141,#5142,#5143,#5144,#5145,#5146,#5147)
    ,(#5148,#5149,#5150,#5151,#5152,#5153,#5154,#5155,#5156)
    ,(#5157,#5158,#5159,#5160,#5161,#5162,#5163,#5164,#5165)
    ,(#5166,#5167,#5168,#5169,#5170,#5171,#5172,#5173,#5174)
    ,(#5175,#5176,#5177,#5178,#5179,#5180,#5181,#5182,#5183)
    ,(#5184,#5185,#5186,#5187,#5188,#5189,#5190,#5191,#5192)
    ,(#5193,#5194,#5195,#5196,#5197,#5198,#5199,#5200,#5201)
    ,(#5202,#5203,#5204,#5205,#5206,#5207,#5208,#5209,#5210)
    ,(#5211,#5212,#5213,#5214,#5215,#5216,#5217,#5218,#5219
)),.UNSPECIFIED.,.T.,.T.,.F.) B_SPLINE_SURFACE_WITH_KNOTS((1,2,2,2,2,2,1
    ),(1,2,2,2,2,2,1),(-0.398982267006,0.,0.398982267006,0.797964534012,
    1.196946801018,1.595929068024,1.99491133503),(-6.822596765801,0.,
    6.822596765801,13.645193531602,20.467790297403,27.290387063204,
34.112983829005),.UNSPECIFIED.) GEOMETRIC_REPRESENTATION_ITEM() 
RATIONAL_B_SPLINE_SURFACE((
    (1.,0.707106781187,1.,0.707106781187,1.,0.707106781187,1.
      ,0.707106781187,1.)
    ,(0.707106781187,0.5,0.707106781187,0.5,0.707106781187,0.5
      ,0.707106781187,0.5,0.707106781187)
    ,(1.,0.707106781187,1.,0.707106781187,1.,0.707106781187,1.
      ,0.707106781187,1.)
    ,(0.707106781187,0.5,0.707106781187,0.5,0.707106781187,0.5
      ,0.707106781187,0.5,0.707106781187)
    ,(1.,0.707106781187,1.,0.707106781187,1.,0.707106781187,1.
      ,0.707106781187,1.)
    ,(0.707106781187,0.5,0.707106781187,0.5,0.707106781187,0.5
      ,0.707106781187,0.5,0.707106781187)
    ,(1.,0.707106781187,1.,0.707106781187,1.,0.707106781187,1.
      ,0.707106781187,1.)
    ,(0.707106781187,0.5,0.707106781187,0.5,0.707106781187,0.5
      ,0.707106781187,0.5,0.707106781187)
    ,(1.,0.707106781187,1.,0.707106781187,1.,0.707106781187,1.
,0.707106781187,1.))) REPRESENTATION_ITEM('') SURFACE() );
#5139 = CARTESIAN_POINT('',(-4.337837315384,-2.253794090512,
    4.979490224188));
#5140 = CARTESIAN_POINT('',(-2.814927539572,-2.253794090512,
    0.641652908804));
#5141 = CARTESIAN_POINT('',(1.522909775812,-2.253794090512,
    2.164562684616));
#5142 = CARTESIAN_POINT('',(5.860747091196,-2.253794090512,
    3.687472460428));
#5143 = CARTESIAN_POINT('',(4.337837315384,-2.253794090512,
    8.025309775812));
#5144 = CARTESIAN_POINT('',(2.814927539572,-2.253794090512,
    12.363147091196));
#5145 = CARTESIAN_POINT('',(-1.522909775812,-2.253794090512,
    10.840237315384));
#5146 = CARTESIAN_POINT('',(-5.860747091196,-2.253794090512,
    9.317327539572));
#5147 = CARTESIAN_POINT('',(-4.337837315384,-2.253794090512,
    4.979490224188));
#5148 = CARTESIAN_POINT('',(-4.337837315384,-2.507794090512,
    4.979490224188));
#5149 = CARTESIAN_POINT('',(-2.814927539572,-2.507794090512,
    0.641652908804));
#5150 = CARTESIAN_POINT('',(1.522909775812,-2.507794090512,
    2.164562684616));
#5151 = CARTESIAN_POINT('',(5.860747091196,-2.507794090512,
    3.687472460428));
#5152 = CARTESIAN_POINT('',(4.337837315384,-2.507794090512,
    8.025309775812));
#5153 = CARTESIAN_POINT('',(2.814927539572,-2.507794090512,
    12.363147091196));
#5154 = CARTESIAN_POINT('',(-1.522909775812,-2.507794090512,
    10.840237315384));
#5155 = CARTESIAN_POINT('',(-5.860747091196,-2.507794090512,
    9.317327539572));
#5156 = CARTESIAN_POINT('',(-4.337837315384,-2.507794090512,
    4.979490224188));
#5157 = CARTESIAN_POINT('',(-4.098177795197,-2.507794090512,
    5.063628885835));
#5158 = CARTESIAN_POINT('',(-2.659406681032,-2.507794090512,
    0.965451090638));
#5159 = CARTESIAN_POINT('',(1.438771114165,-2.507794090512,
    2.404222204803));
#5160 = CARTESIAN_POINT('',(5.536948909362,-2.507794090512,
    3.842993318968));
#5161 = CARTESIAN_POINT('',(4.098177795197,-2.507794090512,
    7.941171114165));
#5162 = CARTESIAN_POINT('',(2.659406681032,-2.507794090512,
    12.039348909362));
#5163 = CARTESIAN_POINT('',(-1.438771114165,-2.507794090512,
    10.600577795197));
#5164 = CARTESIAN_POINT('',(-5.536948909362,-2.507794090512,
    9.161806681032));
#5165 = CARTESIAN_POINT('',(-4.098177795197,-2.507794090512,
    5.063628885835));
#5166 = CARTESIAN_POINT('',(-3.85851827501,-2.507794090512,
    5.147767547482));
#5167 = CARTESIAN_POINT('',(-2.503885822492,-2.507794090512,
    1.289249272472));
#5168 = CARTESIAN_POINT('',(1.354632452518,-2.507794090512,2.64388172499
    ));
#5169 = CARTESIAN_POINT('',(5.213150727528,-2.507794090512,
    3.998514177508));
#5170 = CARTESIAN_POINT('',(3.85851827501,-2.507794090512,7.857032452518
    ));
#5171 = CARTESIAN_POINT('',(2.503885822492,-2.507794090512,
    11.715550727528));
#5172 = CARTESIAN_POINT('',(-1.354632452518,-2.507794090512,
    10.36091827501));
#5173 = CARTESIAN_POINT('',(-5.213150727528,-2.507794090512,
    9.006285822492));
#5174 = CARTESIAN_POINT('',(-3.85851827501,-2.507794090512,
    5.147767547482));
#5175 = CARTESIAN_POINT('',(-3.85851827501,-2.253794090512,
    5.147767547482));
#5176 = CARTESIAN_POINT('',(-2.503885822492,-2.253794090512,
    1.289249272472));
#5177 = CARTESIAN_POINT('',(1.354632452518,-2.253794090512,2.64388172499
    ));
#5178 = CARTESIAN_POINT('',(5.213150727528,-2.253794090512,
    3.998514177508));
#5179 = CARTESIAN_POINT('',(3.85851827501,-2.253794090512,7.857032452518
    ));
#5180 = CARTESIAN_POINT('',(2.503885822492,-2.253794090512,
    11.715550727528));
#5181 = CARTESIAN_POINT('',(-1.354632452518,-2.253794090512,
    10.36091827501));
#5182 = CARTESIAN_POINT('',(-5.213150727528,-2.253794090512,
    9.006285822492));
#5183 = CARTESIAN_POINT('',(-3.85851827501,-2.253794090512,
    5.147767547482));
#5184 = CARTESIAN_POINT('',(-3.85851827501,-1.999794090512,
    5.147767547482));
#5185 = CARTESIAN_POINT('',(-2.503885822492,-1.999794090512,
    1.289249272472));
#5186 = CARTESIAN_POINT('',(1.354632452518,-1.999794090512,2.64388172499
    ));
#5187 = CARTESIAN_POINT('',(5.213150727528,-1.999794090512,
    3.998514177508));
#5188 = CARTESIAN_POINT('',(3.85851827501,-1.999794090512,7.857032452518
    ));
#5189 = CARTESIAN_POINT('',(2.503885822492,-1.999794090512,
    11.715550727528));
#5190 = CARTESIAN_POINT('',(-1.354632452518,-1.999794090512,
    10.36091827501));
#5191 = CARTESIAN_POINT('',(-5.213150727528,-1.999794090512,
    9.006285822492));
#5192 = CARTESIAN_POINT('',(-3.85851827501,-1.999794090512,
    5.147767547482));
#5193 = CARTESIAN_POINT('',(-4.098177795197,-1.999794090512,
    5.063628885835));
#5194 = CARTESIAN_POINT('',(-2.659406681032,-1.999794090512,
    0.965451090638));
#5195 = CARTESIAN_POINT('',(1.438771114165,-1.999794090512,
    2.404222204803));
#5196 = CARTESIAN_POINT('',(5.536948909362,-1.999794090512,
    3.842993318968));
#5197 = CARTESIAN_POINT('',(4.098177795197,-1.999794090512,
    7.941171114165));
#5198 = CARTESIAN_POINT('',(2.659406681032,-1.999794090512,
    12.039348909362));
#5199 = CARTESIAN_POINT('',(-1.438771114165,-1.999794090512,
    10.600577795197));
#5200 = CARTESIAN_POINT('',(-5.536948909362,-1.999794090512,
    9.161806681032));
#5201 = CARTESIAN_POINT('',(-4.098177795197,-1.999794090512,
    5.063628885835));
#5202 = CARTESIAN_POINT('',(-4.337837315384,-1.999794090512,
    4.979490224188));
#5203 = CARTESIAN_POINT('',(-2.814927539572,-1.999794090512,
    0.641652908804));
#5204 = CARTESIAN_POINT('',(1.522909775812,-1.999794090512,
    2.164562684616));
#5205 = CARTESIAN_POINT('',(5.860747091196,-1.999794090512,
    3.687472460428));
#5206 = CARTESIAN_POINT('',(4.337837315384,-1.999794090512,
    8.025309775812));
#5207 = CARTESIAN_POINT('',(2.814927539572,-1.999794090512,
    12.363147091196));
#5208 = CARTESIAN_POINT('',(-1.522909775812,-1.999794090512,
    10.840237315384));
#5209 = CARTESIAN_POINT('',(-5.860747091196,-1.999794090512,
    9.317327539572));
#5210 = CARTESIAN_POINT('',(-4.337837315384,-1.999794090512,
    4.979490224188));
#5211 = CARTESIAN_POINT('',(-4.337837315384,-2.253794090512,
    4.979490224188));
#5212 = CARTESIAN_POINT('',(-2.814927539572,-2.253794090512,
    0.641652908804));
#5213 = CARTESIAN_POINT('',(1.522909775812,-2.253794090512,
    2.164562684616));
#5214 = CARTESIAN_POINT('',(5.860747091196,-2.253794090512,
    3.687472460428));
#5215 = CARTESIAN_POINT('',(4.337837315384,-2.253794090512,
    8.025309775812));
#5216 = CARTESIAN_POINT('',(2.814927539572,-2.253794090512,
    12.363147091196));
#5217 = CARTESIAN_POINT('',(-1.522909775812,-2.253794090512,
    10.840237315384));
#5218 = CARTESIAN_POINT('',(-5.860747091196,-2.253794090512,
    9.317327539572));
#5219 = CARTESIAN_POINT('',(-4.337837315384,-2.253794090512,
    4.979490224188));
#5220 = ADVANCED_FACE('',(#5221),#5227,.F.);
#5221 = FACE_BOUND('',#5222,.F.);
#5222 = EDGE_LOOP('',(#5223,#5224,#5225,#5226));
#5223 = ORIENTED_EDGE('',*,*,#4629,.F.);
#5224 = ORIENTED_EDGE('',*,*,#5130,.T.);
#5225 = ORIENTED_EDGE('',*,*,#4515,.T.);
#5226 = ORIENTED_EDGE('',*,*,#4530,.T.);
#5227 = CYLINDRICAL_SURFACE('',#5228,4.5974);
#5228 = AXIS2_PLACEMENT_3D('',#5229,#5230,#5231);
#5229 = CARTESIAN_POINT('',(0.,-3.336697045256,6.5024));
#5230 = DIRECTION('',(0.,-1.,0.));
#5231 = DIRECTION('',(0.,-0.,-1.));
#5232 = ADVANCED_FACE('',(#5233),#5270,.T.);
#5233 = FACE_BOUND('',#5234,.T.);
#5234 = EDGE_LOOP('',(#5235,#5243,#5250,#5257,#5264,#5269));
#5235 = ORIENTED_EDGE('',*,*,#5236,.F.);
#5236 = EDGE_CURVE('',#5237,#3487,#5239,.T.);
#5237 = VERTEX_POINT('',#5238);
#5238 = CARTESIAN_POINT('',(0.8334375,-4.3942,10.997793857449));
#5239 = ( BOUNDED_CURVE() B_SPLINE_CURVE(2,(#5240,#5241,#5242),
.UNSPECIFIED.,.F.,.F.) B_SPLINE_CURVE_WITH_KNOTS((3,3),(-0.478778720407,
0.),.PIECEWISE_BEZIER_KNOTS.) CURVE() GEOMETRIC_REPRESENTATION_ITEM() 
RATIONAL_B_SPLINE_CURVE((1.,0.707106781187,1.)) REPRESENTATION_ITEM('') 
  );
#5240 = CARTESIAN_POINT('',(0.8334375,-4.3942,10.997793857449));
#5241 = CARTESIAN_POINT('',(0.8334375,-4.699,10.997793857449));
#5242 = CARTESIAN_POINT('',(0.889,-4.699,11.297486781279));
#5243 = ORIENTED_EDGE('',*,*,#5244,.F.);
#5244 = EDGE_CURVE('',#5245,#5237,#5247,.T.);
#5245 = VERTEX_POINT('',#5246);
#5246 = CARTESIAN_POINT('',(0.8334375,-3.660422595498,10.997793857449));
#5247 = B_SPLINE_CURVE_WITH_KNOTS('',1,(#5248,#5249),.UNSPECIFIED.,.F.,
  .F.,(2,2),(0.,0.733777404502),.PIECEWISE_BEZIER_KNOTS.);
#5248 = CARTESIAN_POINT('',(0.8334375,-3.660422595498,10.997793857449));
#5249 = CARTESIAN_POINT('',(0.8334375,-4.3942,10.997793857449));
#5250 = ORIENTED_EDGE('',*,*,#5251,.F.);
#5251 = EDGE_CURVE('',#5252,#5245,#5254,.T.);
#5252 = VERTEX_POINT('',#5253);
#5253 = CARTESIAN_POINT('',(0.858903645833,-3.2766,11.135153114205));
#5254 = B_SPLINE_CURVE_WITH_KNOTS('',1,(#5255,#5256),.UNSPECIFIED.,.F.,
  .F.,(2,2),(-0.408455474703,0.),.PIECEWISE_BEZIER_KNOTS.);
#5255 = CARTESIAN_POINT('',(0.858903645833,-3.2766,11.135153114205));
#5256 = CARTESIAN_POINT('',(0.8334375,-3.660422595498,10.997793857449));
#5257 = ORIENTED_EDGE('',*,*,#5258,.F.);
#5258 = EDGE_CURVE('',#5259,#5252,#5261,.T.);
#5259 = VERTEX_POINT('',#5260);
#5260 = CARTESIAN_POINT('',(0.889,-3.2766,11.297486781279));
#5261 = B_SPLINE_CURVE_WITH_KNOTS('',1,(#5262,#5263),.UNSPECIFIED.,.F.,
  .F.,(2,2),(0.,0.165099999999),.PIECEWISE_BEZIER_KNOTS.);
#5262 = CARTESIAN_POINT('',(0.889,-3.2766,11.297486781279));
#5263 = CARTESIAN_POINT('',(0.858903645833,-3.2766,11.135153114205));
#5264 = ORIENTED_EDGE('',*,*,#5265,.F.);
#5265 = EDGE_CURVE('',#4200,#5259,#5266,.T.);
#5266 = B_SPLINE_CURVE_WITH_KNOTS('',1,(#5267,#5268),.UNSPECIFIED.,.F.,
  .F.,(2,2),(0.,1.10236),.PIECEWISE_BEZIER_KNOTS.);
#5267 = CARTESIAN_POINT('',(0.889,-4.37896,11.297486781279));
#5268 = CARTESIAN_POINT('',(0.889,-3.2766,11.297486781279));
#5269 = ORIENTED_EDGE('',*,*,#4207,.T.);
#5270 = PLANE('',#5271);
#5271 = AXIS2_PLACEMENT_3D('',#5272,#5273,#5274);
#5272 = CARTESIAN_POINT('',(1.010347168951,-3.104162826178,
    11.952008947512));
#5273 = DIRECTION('',(0.983244500754,-5.366324512292E-17,-0.182291666667
    ));
#5274 = DIRECTION('',(0.182291666667,0.,0.983244500754));
#5275 = ADVANCED_FACE('',(#5276),#5293,.T.);
#5276 = FACE_BOUND('',#5277,.T.);
#5277 = EDGE_LOOP('',(#5278,#5279,#5280,#5288));
#5278 = ORIENTED_EDGE('',*,*,#4302,.T.);
#5279 = ORIENTED_EDGE('',*,*,#5265,.T.);
#5280 = ORIENTED_EDGE('',*,*,#5281,.T.);
#5281 = EDGE_CURVE('',#5259,#5282,#5284,.T.);
#5282 = VERTEX_POINT('',#5283);
#5283 = CARTESIAN_POINT('',(-0.889,-3.2766,11.297486781279));
#5284 = ( BOUNDED_CURVE() B_SPLINE_CURVE(2,(#5285,#5286,#5287),
.UNSPECIFIED.,.F.,.F.) B_SPLINE_CURVE_WITH_KNOTS((3,3),(-1.787997463102,
0.),.PIECEWISE_BEZIER_KNOTS.) CURVE() GEOMETRIC_REPRESENTATION_ITEM() 
RATIONAL_B_SPLINE_CURVE((1.,0.983244500754,1.)) REPRESENTATION_ITEM('') 
  );
#5285 = CARTESIAN_POINT('',(0.889,-3.2766,11.297486781279));
#5286 = CARTESIAN_POINT('',(0.,-3.2766,11.46230569615));
#5287 = CARTESIAN_POINT('',(-0.889,-3.2766,11.297486781279));
#5288 = ORIENTED_EDGE('',*,*,#5289,.T.);
#5289 = EDGE_CURVE('',#5282,#4303,#5290,.T.);
#5290 = B_SPLINE_CURVE_WITH_KNOTS('',1,(#5291,#5292),.UNSPECIFIED.,.F.,
  .F.,(2,2),(-1.10236,0.),.PIECEWISE_BEZIER_KNOTS.);
#5291 = CARTESIAN_POINT('',(-0.889,-3.2766,11.297486781279));
#5292 = CARTESIAN_POINT('',(-0.889,-4.37896,11.297486781279));
#5293 = CYLINDRICAL_SURFACE('',#5294,4.8768);
#5294 = AXIS2_PLACEMENT_3D('',#5295,#5296,#5297);
#5295 = CARTESIAN_POINT('',(-7.319998187165E-16,-3.82778,6.5024));
#5296 = DIRECTION('',(0.,-1.,0.));
#5297 = DIRECTION('',(0.,-0.,-1.));
#5298 = ADVANCED_FACE('',(#5299),#5330,.T.);
#5299 = FACE_BOUND('',#5300,.T.);
#5300 = EDGE_LOOP('',(#5301,#5302,#5303,#5310,#5317,#5324));
#5301 = ORIENTED_EDGE('',*,*,#4398,.T.);
#5302 = ORIENTED_EDGE('',*,*,#5289,.F.);
#5303 = ORIENTED_EDGE('',*,*,#5304,.T.);
#5304 = EDGE_CURVE('',#5282,#5305,#5307,.T.);
#5305 = VERTEX_POINT('',#5306);
#5306 = CARTESIAN_POINT('',(-0.858903645833,-3.2766,11.135153114205));
#5307 = B_SPLINE_CURVE_WITH_KNOTS('',1,(#5308,#5309),.UNSPECIFIED.,.F.,
  .F.,(2,2),(-0.165099999999,0.),.PIECEWISE_BEZIER_KNOTS.);
#5308 = CARTESIAN_POINT('',(-0.889,-3.2766,11.297486781279));
#5309 = CARTESIAN_POINT('',(-0.858903645833,-3.2766,11.135153114205));
#5310 = ORIENTED_EDGE('',*,*,#5311,.T.);
#5311 = EDGE_CURVE('',#5305,#5312,#5314,.T.);
#5312 = VERTEX_POINT('',#5313);
#5313 = CARTESIAN_POINT('',(-0.8334375,-3.660422595498,10.997793857449)
  );
#5314 = B_SPLINE_CURVE_WITH_KNOTS('',1,(#5315,#5316),.UNSPECIFIED.,.F.,
  .F.,(2,2),(0.,0.408455474703),.PIECEWISE_BEZIER_KNOTS.);
#5315 = CARTESIAN_POINT('',(-0.858903645833,-3.2766,11.135153114205));
#5316 = CARTESIAN_POINT('',(-0.8334375,-3.660422595498,10.997793857449)
  );
#5317 = ORIENTED_EDGE('',*,*,#5318,.T.);
#5318 = EDGE_CURVE('',#5312,#5319,#5321,.T.);
#5319 = VERTEX_POINT('',#5320);
#5320 = CARTESIAN_POINT('',(-0.8334375,-4.3942,10.997793857449));
#5321 = B_SPLINE_CURVE_WITH_KNOTS('',1,(#5322,#5323),.UNSPECIFIED.,.F.,
  .F.,(2,2),(-0.733777404502,0.),.PIECEWISE_BEZIER_KNOTS.);
#5322 = CARTESIAN_POINT('',(-0.8334375,-3.660422595498,10.997793857449)
  );
#5323 = CARTESIAN_POINT('',(-0.8334375,-4.3942,10.997793857449));
#5324 = ORIENTED_EDGE('',*,*,#5325,.T.);
#5325 = EDGE_CURVE('',#5319,#3479,#5326,.T.);
#5326 = ( BOUNDED_CURVE() B_SPLINE_CURVE(2,(#5327,#5328,#5329),
.UNSPECIFIED.,.F.,.F.) B_SPLINE_CURVE_WITH_KNOTS((3,3),(0.,
0.478778720407),.PIECEWISE_BEZIER_KNOTS.) CURVE() 
GEOMETRIC_REPRESENTATION_ITEM() RATIONAL_B_SPLINE_CURVE((1.,
0.707106781187,1.)) REPRESENTATION_ITEM('') );
#5327 = CARTESIAN_POINT('',(-0.8334375,-4.3942,10.997793857449));
#5328 = CARTESIAN_POINT('',(-0.8334375,-4.699,10.997793857449));
#5329 = CARTESIAN_POINT('',(-0.889,-4.699,11.297486781279));
#5330 = PLANE('',#5331);
#5331 = AXIS2_PLACEMENT_3D('',#5332,#5333,#5334);
#5332 = CARTESIAN_POINT('',(-1.010347168951,-3.104162826178,
    11.952008947512));
#5333 = DIRECTION('',(-0.983244500754,0.,-0.182291666667));
#5334 = DIRECTION('',(0.182291666667,0.,-0.983244500754));
#5335 = ADVANCED_FACE('',(#5336),#5347,.T.);
#5336 = FACE_BOUND('',#5337,.T.);
#5337 = EDGE_LOOP('',(#5338,#5339,#5340,#5346));
#5338 = ORIENTED_EDGE('',*,*,#3486,.F.);
#5339 = ORIENTED_EDGE('',*,*,#5325,.F.);
#5340 = ORIENTED_EDGE('',*,*,#5341,.T.);
#5341 = EDGE_CURVE('',#5319,#5237,#5342,.T.);
#5342 = ( BOUNDED_CURVE() B_SPLINE_CURVE(2,(#5343,#5344,#5345),
.UNSPECIFIED.,.F.,.F.) B_SPLINE_CURVE_WITH_KNOTS((3,3),(-1.676247621658,
0.),.PIECEWISE_BEZIER_KNOTS.) CURVE() GEOMETRIC_REPRESENTATION_ITEM() 
RATIONAL_B_SPLINE_CURVE((1.,0.983244500754,1.)) REPRESENTATION_ITEM('') 
  );
#5343 = CARTESIAN_POINT('',(-0.8334375,-4.3942,10.997793857449));
#5344 = CARTESIAN_POINT('',(0.,-4.3942,11.15231159014));
#5345 = CARTESIAN_POINT('',(0.8334375,-4.3942,10.997793857449));
#5346 = ORIENTED_EDGE('',*,*,#5236,.T.);
#5347 = ( BOUNDED_SURFACE() B_SPLINE_SURFACE(2,2,(
    (#5348,#5349,#5350,#5351,#5352,#5353,#5354,#5355,#5356)
    ,(#5357,#5358,#5359,#5360,#5361,#5362,#5363,#5364,#5365)
    ,(#5366,#5367,#5368,#5369,#5370,#5371,#5372,#5373,#5374)
    ,(#5375,#5376,#5377,#5378,#5379,#5380,#5381,#5382,#5383)
    ,(#5384,#5385,#5386,#5387,#5388,#5389,#5390,#5391,#5392)
    ,(#5393,#5394,#5395,#5396,#5397,#5398,#5399,#5400,#5401)
    ,(#5402,#5403,#5404,#5405,#5406,#5407,#5408,#5409,#5410)
    ,(#5411,#5412,#5413,#5414,#5415,#5416,#5417,#5418,#5419)
    ,(#5420,#5421,#5422,#5423,#5424,#5425,#5426,#5427,#5428
)),.UNSPECIFIED.,.T.,.T.,.F.) B_SPLINE_SURFACE_WITH_KNOTS((1,2,2,2,2,2,1
    ),(1,2,2,2,2,2,1),(-7.660459526513,0.,7.660459526513,15.320919053027
    ,22.98137857954,30.641838106053,38.302297632567),(-0.478778720407,0.
    ,0.478778720407,0.957557440814,1.436336161221,1.915114881628,
2.393893602035),.UNSPECIFIED.) GEOMETRIC_REPRESENTATION_ITEM() 
RATIONAL_B_SPLINE_SURFACE((
    (1.,0.707106781187,1.,0.707106781187,1.,0.707106781187,1.
      ,0.707106781187,1.)
    ,(0.707106781187,0.5,0.707106781187,0.5,0.707106781187,0.5
      ,0.707106781187,0.5,0.707106781187)
    ,(1.,0.707106781187,1.,0.707106781187,1.,0.707106781187,1.
      ,0.707106781187,1.)
    ,(0.707106781187,0.5,0.707106781187,0.5,0.707106781187,0.5
      ,0.707106781187,0.5,0.707106781187)
    ,(1.,0.707106781187,1.,0.707106781187,1.,0.707106781187,1.
      ,0.707106781187,1.)
    ,(0.707106781187,0.5,0.707106781187,0.5,0.707106781187,0.5
      ,0.707106781187,0.5,0.707106781187)
    ,(1.,0.707106781187,1.,0.707106781187,1.,0.707106781187,1.
      ,0.707106781187,1.)
    ,(0.707106781187,0.5,0.707106781187,0.5,0.707106781187,0.5
      ,0.707106781187,0.5,0.707106781187)
    ,(1.,0.707106781187,1.,0.707106781187,1.,0.707106781187,1.
,0.707106781187,1.))) REPRESENTATION_ITEM('') SURFACE() );
#5348 = CARTESIAN_POINT('',(-0.9445625,-4.3942,1.407620294891));
#5349 = CARTESIAN_POINT('',(-0.9445625,-4.699,1.407620294891));
#5350 = CARTESIAN_POINT('',(-0.889,-4.699,1.707313218721));
#5351 = CARTESIAN_POINT('',(-0.8334375,-4.699,2.007006142551));
#5352 = CARTESIAN_POINT('',(-0.8334375,-4.3942,2.007006142551));
#5353 = CARTESIAN_POINT('',(-0.8334375,-4.0894,2.007006142551));
#5354 = CARTESIAN_POINT('',(-0.889,-4.0894,1.707313218721));
#5355 = CARTESIAN_POINT('',(-0.9445625,-4.0894,1.407620294891));
#5356 = CARTESIAN_POINT('',(-0.9445625,-4.3942,1.407620294891));
#5357 = CARTESIAN_POINT('',(4.150217205109,-4.3942,0.463057794891));
#5358 = CARTESIAN_POINT('',(4.150217205109,-4.699,0.463057794891));
#5359 = CARTESIAN_POINT('',(3.906086781279,-4.699,0.818313218721));
#5360 = CARTESIAN_POINT('',(3.661956357449,-4.699,1.173568642551));
#5361 = CARTESIAN_POINT('',(3.661956357449,-4.3942,1.173568642551));
#5362 = CARTESIAN_POINT('',(3.661956357449,-4.0894,1.173568642551));
#5363 = CARTESIAN_POINT('',(3.906086781279,-4.0894,0.818313218721));
#5364 = CARTESIAN_POINT('',(4.150217205109,-4.0894,0.463057794891));
#5365 = CARTESIAN_POINT('',(4.150217205109,-4.3942,0.463057794891));
#5366 = CARTESIAN_POINT('',(5.094779705109,-4.3942,5.5578375));
#5367 = CARTESIAN_POINT('',(5.094779705109,-4.699,5.5578375));
#5368 = CARTESIAN_POINT('',(4.795086781279,-4.699,5.6134));
#5369 = CARTESIAN_POINT('',(4.495393857449,-4.699,5.6689625));
#5370 = CARTESIAN_POINT('',(4.495393857449,-4.3942,5.6689625));
#5371 = CARTESIAN_POINT('',(4.495393857449,-4.0894,5.6689625));
#5372 = CARTESIAN_POINT('',(4.795086781279,-4.0894,5.6134));
#5373 = CARTESIAN_POINT('',(5.094779705109,-4.0894,5.5578375));
#5374 = CARTESIAN_POINT('',(5.094779705109,-4.3942,5.5578375));
#5375 = CARTESIAN_POINT('',(6.039342205109,-4.3942,10.652617205109));
#5376 = CARTESIAN_POINT('',(6.039342205109,-4.699,10.652617205109));
#5377 = CARTESIAN_POINT('',(5.684086781279,-4.699,10.408486781279));
#5378 = CARTESIAN_POINT('',(5.328831357449,-4.699,10.164356357449));
#5379 = CARTESIAN_POINT('',(5.328831357449,-4.3942,10.164356357449));
#5380 = CARTESIAN_POINT('',(5.328831357449,-4.0894,10.164356357449));
#5381 = CARTESIAN_POINT('',(5.684086781279,-4.0894,10.408486781279));
#5382 = CARTESIAN_POINT('',(6.039342205109,-4.0894,10.652617205109));
#5383 = CARTESIAN_POINT('',(6.039342205109,-4.3942,10.652617205109));
#5384 = CARTESIAN_POINT('',(0.9445625,-4.3942,11.597179705109));
#5385 = CARTESIAN_POINT('',(0.9445625,-4.699,11.597179705109));
#5386 = CARTESIAN_POINT('',(0.889,-4.699,11.297486781279));
#5387 = CARTESIAN_POINT('',(0.8334375,-4.699,10.997793857449));
#5388 = CARTESIAN_POINT('',(0.8334375,-4.3942,10.997793857449));
#5389 = CARTESIAN_POINT('',(0.8334375,-4.0894,10.997793857449));
#5390 = CARTESIAN_POINT('',(0.889,-4.0894,11.297486781279));
#5391 = CARTESIAN_POINT('',(0.9445625,-4.0894,11.597179705109));
#5392 = CARTESIAN_POINT('',(0.9445625,-4.3942,11.597179705109));
#5393 = CARTESIAN_POINT('',(-4.150217205109,-4.3942,12.541742205109));
#5394 = CARTESIAN_POINT('',(-4.150217205109,-4.699,12.541742205109));
#5395 = CARTESIAN_POINT('',(-3.906086781279,-4.699,12.18648678128));
#5396 = CARTESIAN_POINT('',(-3.661956357449,-4.699,11.83123135745));
#5397 = CARTESIAN_POINT('',(-3.661956357449,-4.3942,11.83123135745));
#5398 = CARTESIAN_POINT('',(-3.661956357449,-4.0894,11.83123135745));
#5399 = CARTESIAN_POINT('',(-3.906086781279,-4.0894,12.18648678128));
#5400 = CARTESIAN_POINT('',(-4.150217205109,-4.0894,12.541742205109));
#5401 = CARTESIAN_POINT('',(-4.150217205109,-4.3942,12.541742205109));
#5402 = CARTESIAN_POINT('',(-5.094779705109,-4.3942,7.4469625));
#5403 = CARTESIAN_POINT('',(-5.094779705109,-4.699,7.4469625));
#5404 = CARTESIAN_POINT('',(-4.795086781279,-4.699,7.3914));
#5405 = CARTESIAN_POINT('',(-4.495393857449,-4.699,7.3358375));
#5406 = CARTESIAN_POINT('',(-4.495393857449,-4.3942,7.3358375));
#5407 = CARTESIAN_POINT('',(-4.495393857449,-4.0894,7.3358375));
#5408 = CARTESIAN_POINT('',(-4.795086781279,-4.0894,7.3914));
#5409 = CARTESIAN_POINT('',(-5.094779705109,-4.0894,7.4469625));
#5410 = CARTESIAN_POINT('',(-5.094779705109,-4.3942,7.4469625));
#5411 = CARTESIAN_POINT('',(-6.039342205109,-4.3942,2.352182794891));
#5412 = CARTESIAN_POINT('',(-6.039342205109,-4.699,2.352182794891));
#5413 = CARTESIAN_POINT('',(-5.684086781279,-4.699,2.596313218721));
#5414 = CARTESIAN_POINT('',(-5.328831357449,-4.699,2.840443642551));
#5415 = CARTESIAN_POINT('',(-5.328831357449,-4.3942,2.840443642551));
#5416 = CARTESIAN_POINT('',(-5.328831357449,-4.0894,2.840443642551));
#5417 = CARTESIAN_POINT('',(-5.684086781279,-4.0894,2.596313218721));
#5418 = CARTESIAN_POINT('',(-6.039342205109,-4.0894,2.352182794891));
#5419 = CARTESIAN_POINT('',(-6.039342205109,-4.3942,2.352182794891));
#5420 = CARTESIAN_POINT('',(-0.9445625,-4.3942,1.407620294891));
#5421 = CARTESIAN_POINT('',(-0.9445625,-4.699,1.407620294891));
#5422 = CARTESIAN_POINT('',(-0.889,-4.699,1.707313218721));
#5423 = CARTESIAN_POINT('',(-0.8334375,-4.699,2.007006142551));
#5424 = CARTESIAN_POINT('',(-0.8334375,-4.3942,2.007006142551));
#5425 = CARTESIAN_POINT('',(-0.8334375,-4.0894,2.007006142551));
#5426 = CARTESIAN_POINT('',(-0.889,-4.0894,1.707313218721));
#5427 = CARTESIAN_POINT('',(-0.9445625,-4.0894,1.407620294891));
#5428 = CARTESIAN_POINT('',(-0.9445625,-4.3942,1.407620294891));
#5429 = ADVANCED_FACE('',(#5430),#5441,.F.);
#5430 = FACE_BOUND('',#5431,.F.);
#5431 = EDGE_LOOP('',(#5432,#5433,#5439,#5440));
#5432 = ORIENTED_EDGE('',*,*,#5244,.F.);
#5433 = ORIENTED_EDGE('',*,*,#5434,.T.);
#5434 = EDGE_CURVE('',#5245,#5312,#5435,.T.);
#5435 = ( BOUNDED_CURVE() B_SPLINE_CURVE(2,(#5436,#5437,#5438),
.UNSPECIFIED.,.F.,.F.) B_SPLINE_CURVE_WITH_KNOTS((3,3),(0.,
1.676247621658),.PIECEWISE_BEZIER_KNOTS.) CURVE() 
GEOMETRIC_REPRESENTATION_ITEM() RATIONAL_B_SPLINE_CURVE((1.,
0.983244500754,1.)) REPRESENTATION_ITEM('') );
#5436 = CARTESIAN_POINT('',(0.8334375,-3.660422595498,10.997793857449));
#5437 = CARTESIAN_POINT('',(0.,-3.660422595498,11.15231159014));
#5438 = CARTESIAN_POINT('',(-0.8334375,-3.660422595498,10.997793857449)
  );
#5439 = ORIENTED_EDGE('',*,*,#5318,.T.);
#5440 = ORIENTED_EDGE('',*,*,#5341,.T.);
#5441 = CYLINDRICAL_SURFACE('',#5442,4.572);
#5442 = AXIS2_PLACEMENT_3D('',#5443,#5444,#5445);
#5443 = CARTESIAN_POINT('',(0.,-4.027311297749,6.5024));
#5444 = DIRECTION('',(0.,-1.,0.));
#5445 = DIRECTION('',(0.,-0.,-1.));
#5446 = ADVANCED_FACE('',(#5447),#5458,.T.);
#5447 = FACE_BOUND('',#5448,.T.);
#5448 = EDGE_LOOP('',(#5449,#5450,#5451,#5457));
#5449 = ORIENTED_EDGE('',*,*,#5434,.T.);
#5450 = ORIENTED_EDGE('',*,*,#5311,.F.);
#5451 = ORIENTED_EDGE('',*,*,#5452,.F.);
#5452 = EDGE_CURVE('',#5252,#5305,#5453,.T.);
#5453 = ( BOUNDED_CURVE() B_SPLINE_CURVE(2,(#5454,#5455,#5456),
.UNSPECIFIED.,.F.,.F.) B_SPLINE_CURVE_WITH_KNOTS((3,3),(0.,
1.727466298986),.PIECEWISE_BEZIER_KNOTS.) CURVE() 
GEOMETRIC_REPRESENTATION_ITEM() RATIONAL_B_SPLINE_CURVE((1.,
0.983244500755,1.)) REPRESENTATION_ITEM('') );
#5454 = CARTESIAN_POINT('',(0.858903645833,-3.2766,11.135153114205));
#5455 = CARTESIAN_POINT('',(0.,-3.2766,11.294392222061));
#5456 = CARTESIAN_POINT('',(-0.858903645833,-3.2766,11.135153114205));
#5457 = ORIENTED_EDGE('',*,*,#5251,.T.);
#5458 = ( BOUNDED_SURFACE() B_SPLINE_SURFACE(1,2,(
    (#5459,#5460,#5461,#5462,#5463,#5464,#5465,#5466,#5467)
    ,(#5468,#5469,#5470,#5471,#5472,#5473,#5474,#5475,#5476
)),.UNSPECIFIED.,.F.,.T.,.F.) B_SPLINE_SURFACE_WITH_KNOTS((2,2),(1,2,2,2
    ,2,2,1),(0.,15.183155342549),(-1.570796326795,0.,1.570796326795,
    3.14159265359,4.712388980385,6.28318530718,7.853981633974),
.UNSPECIFIED.) GEOMETRIC_REPRESENTATION_ITEM() RATIONAL_B_SPLINE_SURFACE
((
    (1.,0.707106781187,1.,0.707106781187,1.,0.707106781187,1.
      ,0.707106781187,1.)
    ,(1.,0.707106781187,1.,0.707106781187,1.,0.707106781187,1.
,0.707106781187,1.))) REPRESENTATION_ITEM('') SURFACE() );
#5459 = CARTESIAN_POINT('',(0.,-16.22188935724,6.5024));
#5460 = CARTESIAN_POINT('',(0.,-16.22188935724,6.5024));
#5461 = CARTESIAN_POINT('',(0.,-16.22188935724,6.5024));
#5462 = CARTESIAN_POINT('',(0.,-16.22188935724,6.5024));
#5463 = CARTESIAN_POINT('',(0.,-16.22188935724,6.5024));
#5464 = CARTESIAN_POINT('',(0.,-16.22188935724,6.5024));
#5465 = CARTESIAN_POINT('',(0.,-16.22188935724,6.5024));
#5466 = CARTESIAN_POINT('',(0.,-16.22188935724,6.5024));
#5467 = CARTESIAN_POINT('',(0.,-16.22188935724,6.5024));
#5468 = CARTESIAN_POINT('',(-0.946630592832,-1.954390321605,
    1.396465419072));
#5469 = CARTESIAN_POINT('',(-6.05256517376,-1.954390321605,
    2.343096011905));
#5470 = CARTESIAN_POINT('',(-5.105934580928,-1.954390321605,
    7.449030592832));
#5471 = CARTESIAN_POINT('',(-4.159303988095,-1.954390321605,
    12.55496517376));
#5472 = CARTESIAN_POINT('',(0.946630592832,-1.954390321605,
    11.608334580928));
#5473 = CARTESIAN_POINT('',(6.05256517376,-1.954390321605,
    10.661703988095));
#5474 = CARTESIAN_POINT('',(5.105934580928,-1.954390321605,
    5.555769407168));
#5475 = CARTESIAN_POINT('',(4.159303988095,-1.954390321605,0.44983482624
    ));
#5476 = CARTESIAN_POINT('',(-0.946630592832,-1.954390321605,
    1.396465419072));
#5477 = ADVANCED_FACE('',(#5478),#5484,.T.);
#5478 = FACE_BOUND('',#5479,.T.);
#5479 = EDGE_LOOP('',(#5480,#5481,#5482,#5483));
#5480 = ORIENTED_EDGE('',*,*,#5452,.T.);
#5481 = ORIENTED_EDGE('',*,*,#5304,.F.);
#5482 = ORIENTED_EDGE('',*,*,#5281,.F.);
#5483 = ORIENTED_EDGE('',*,*,#5258,.T.);
#5484 = PLANE('',#5485);
#5485 = AXIS2_PLACEMENT_3D('',#5486,#5487,#5488);
#5486 = CARTESIAN_POINT('',(-0.914715189342,-3.2766,12.508410405157));
#5487 = DIRECTION('',(0.,1.,0.));
#5488 = DIRECTION('',(0.,-0.,1.));
#5489 = ADVANCED_FACE('',(#5490),#5580,.T.);
#5490 = FACE_BOUND('',#5491,.T.);
#5491 = EDGE_LOOP('',(#5492,#5500,#5501,#5508,#5516,#5523,#5531,#5538,
    #5545,#5552,#5560,#5567,#5575));
#5492 = ORIENTED_EDGE('',*,*,#5493,.T.);
#5493 = EDGE_CURVE('',#5494,#3511,#5496,.T.);
#5494 = VERTEX_POINT('',#5495);
#5495 = CARTESIAN_POINT('',(4.337837315384,-4.4196,4.979490224188));
#5496 = ( BOUNDED_CURVE() B_SPLINE_CURVE(2,(#5497,#5498,#5499),
.UNSPECIFIED.,.F.,.F.) B_SPLINE_CURVE_WITH_KNOTS((3,3),(0.,
0.438880493706),.PIECEWISE_BEZIER_KNOTS.) CURVE() 
GEOMETRIC_REPRESENTATION_ITEM() RATIONAL_B_SPLINE_CURVE((1.,
0.707106781186,1.)) REPRESENTATION_ITEM('') );
#5497 = CARTESIAN_POINT('',(4.337837315384,-4.4196,4.979490224188));
#5498 = CARTESIAN_POINT('',(4.337837315383,-4.699,4.979490224188));
#5499 = CARTESIAN_POINT('',(4.601462787589,-4.699,4.886937696376));
#5500 = ORIENTED_EDGE('',*,*,#4332,.T.);
#5501 = ORIENTED_EDGE('',*,*,#5502,.T.);
#5502 = EDGE_CURVE('',#4280,#5503,#5505,.T.);
#5503 = VERTEX_POINT('',#5504);
#5504 = CARTESIAN_POINT('',(4.601462787589,-2.253794090512,
    4.886937696376));
#5505 = B_SPLINE_CURVE_WITH_KNOTS('',1,(#5506,#5507),.UNSPECIFIED.,.F.,
  .F.,(2,2),(-2.125165909488,0.),.PIECEWISE_BEZIER_KNOTS.);
#5506 = CARTESIAN_POINT('',(4.601462787589,-4.37896,4.886937696376));
#5507 = CARTESIAN_POINT('',(4.601462787589,-2.253794090512,
    4.886937696376));
#5508 = ORIENTED_EDGE('',*,*,#5509,.T.);
#5509 = EDGE_CURVE('',#5503,#5510,#5512,.T.);
#5510 = VERTEX_POINT('',#5511);
#5511 = CARTESIAN_POINT('',(4.534035383952,-1.987094090512,
    4.910609827138));
#5512 = ( BOUNDED_CURVE() B_SPLINE_CURVE(2,(#5513,#5514,#5515),
.UNSPECIFIED.,.F.,.F.) B_SPLINE_CURVE_WITH_KNOTS((3,3),(0.,
0.279287586904),.PIECEWISE_BEZIER_KNOTS.) CURVE() 
GEOMETRIC_REPRESENTATION_ITEM() RATIONAL_B_SPLINE_CURVE((1.,
0.965925826288,1.)) REPRESENTATION_ITEM('') );
#5513 = CARTESIAN_POINT('',(4.601462787589,-2.253794090512,
    4.886937696376));
#5514 = CARTESIAN_POINT('',(4.60146278759,-2.110869991269,4.886937696376
    ));
#5515 = CARTESIAN_POINT('',(4.534035383952,-1.987094090512,
    4.910609827138));
#5516 = ORIENTED_EDGE('',*,*,#5517,.T.);
#5517 = EDGE_CURVE('',#5510,#5518,#5520,.T.);
#5518 = VERTEX_POINT('',#5519);
#5519 = CARTESIAN_POINT('',(4.36994560283,-1.685875900757,4.968217780967
    ));
#5520 = B_SPLINE_CURVE_WITH_KNOTS('',1,(#5521,#5522),.UNSPECIFIED.,.F.,
  .F.,(2,2),(0.,0.34781680588),.PIECEWISE_BEZIER_KNOTS.);
#5521 = CARTESIAN_POINT('',(4.534035383952,-1.987094090512,
    4.910609827138));
#5522 = CARTESIAN_POINT('',(4.36994560283,-1.685875900757,4.968217780967
    ));
#5523 = ORIENTED_EDGE('',*,*,#5524,.T.);
#5524 = EDGE_CURVE('',#5518,#5525,#5527,.T.);
#5525 = VERTEX_POINT('',#5526);
#5526 = CARTESIAN_POINT('',(4.337837315384,-1.558875900757,
    4.979490224188));
#5527 = ( BOUNDED_CURVE() B_SPLINE_CURVE(2,(#5528,#5529,#5530),
.UNSPECIFIED.,.F.,.F.) B_SPLINE_CURVE_WITH_KNOTS((3,3),(0.,
0.132994089002),.PIECEWISE_BEZIER_KNOTS.) CURVE() 
GEOMETRIC_REPRESENTATION_ITEM() RATIONAL_B_SPLINE_CURVE((1.,
0.965925826289,1.)) REPRESENTATION_ITEM('') );
#5528 = CARTESIAN_POINT('',(4.36994560283,-1.685875900757,4.968217780967
    ));
#5529 = CARTESIAN_POINT('',(4.337837315384,-1.626934995635,
    4.979490224188));
#5530 = CARTESIAN_POINT('',(4.337837315384,-1.558875900757,
    4.979490224188));
#5531 = ORIENTED_EDGE('',*,*,#5532,.T.);
#5532 = EDGE_CURVE('',#5525,#5533,#5535,.T.);
#5533 = VERTEX_POINT('',#5534);
#5534 = CARTESIAN_POINT('',(4.337837315384,-0.9652,4.979490224188));
#5535 = B_SPLINE_CURVE_WITH_KNOTS('',1,(#5536,#5537),.UNSPECIFIED.,.F.,
  .F.,(2,2),(-0.593675900757,0.),.PIECEWISE_BEZIER_KNOTS.);
#5536 = CARTESIAN_POINT('',(4.337837315384,-1.558875900757,
    4.979490224188));
#5537 = CARTESIAN_POINT('',(4.337837315384,-0.9652,4.979490224188));
#5538 = ORIENTED_EDGE('',*,*,#5539,.T.);
#5539 = EDGE_CURVE('',#5533,#5540,#5542,.T.);
#5540 = VERTEX_POINT('',#5541);
#5541 = CARTESIAN_POINT('',(4.074211843178,-0.9652,5.072042751999));
#5542 = B_SPLINE_CURVE_WITH_KNOTS('',1,(#5543,#5544),.UNSPECIFIED.,.F.,
  .F.,(2,2),(-0.2794,0.),.PIECEWISE_BEZIER_KNOTS.);
#5543 = CARTESIAN_POINT('',(4.337837315384,-0.9652,4.979490224188));
#5544 = CARTESIAN_POINT('',(4.074211843178,-0.9652,5.072042751999));
#5545 = ORIENTED_EDGE('',*,*,#5546,.T.);
#5546 = EDGE_CURVE('',#5540,#5547,#5549,.T.);
#5547 = VERTEX_POINT('',#5548);
#5548 = CARTESIAN_POINT('',(4.074211843178,-1.558875900757,
    5.072042751999));
#5549 = B_SPLINE_CURVE_WITH_KNOTS('',1,(#5550,#5551),.UNSPECIFIED.,.F.,
  .F.,(2,2),(-0.593675900757,0.),.PIECEWISE_BEZIER_KNOTS.);
#5550 = CARTESIAN_POINT('',(4.074211843178,-0.9652,5.072042751999));
#5551 = CARTESIAN_POINT('',(4.074211843178,-1.558875900757,
    5.072042751999));
#5552 = ORIENTED_EDGE('',*,*,#5553,.T.);
#5553 = EDGE_CURVE('',#5547,#5554,#5556,.T.);
#5554 = VERTEX_POINT('',#5555);
#5555 = CARTESIAN_POINT('',(4.141639246815,-1.825575900757,
    5.048370621237));
#5556 = ( BOUNDED_CURVE() B_SPLINE_CURVE(2,(#5557,#5558,#5559),
.UNSPECIFIED.,.F.,.F.) B_SPLINE_CURVE_WITH_KNOTS((3,3),(0.,
0.279287586904),.PIECEWISE_BEZIER_KNOTS.) CURVE() 
GEOMETRIC_REPRESENTATION_ITEM() RATIONAL_B_SPLINE_CURVE((1.,
0.96592582629,1.)) REPRESENTATION_ITEM('') );
#5557 = CARTESIAN_POINT('',(4.074211843178,-1.558875900757,
    5.072042751999));
#5558 = CARTESIAN_POINT('',(4.074211843178,-1.7018,5.072042752));
#5559 = CARTESIAN_POINT('',(4.141639246815,-1.825575900757,
    5.048370621237));
#5560 = ORIENTED_EDGE('',*,*,#5561,.T.);
#5561 = EDGE_CURVE('',#5554,#5562,#5564,.T.);
#5562 = VERTEX_POINT('',#5563);
#5563 = CARTESIAN_POINT('',(4.305729027937,-2.126794090512,
    4.990762667408));
#5564 = B_SPLINE_CURVE_WITH_KNOTS('',1,(#5565,#5566),.UNSPECIFIED.,.F.,
  .F.,(2,2),(0.,0.34781680588),.PIECEWISE_BEZIER_KNOTS.);
#5565 = CARTESIAN_POINT('',(4.141639246815,-1.825575900757,
    5.048370621237));
#5566 = CARTESIAN_POINT('',(4.305729027937,-2.126794090512,
    4.990762667408));
#5567 = ORIENTED_EDGE('',*,*,#5568,.T.);
#5568 = EDGE_CURVE('',#5562,#5569,#5571,.T.);
#5569 = VERTEX_POINT('',#5570);
#5570 = CARTESIAN_POINT('',(4.337837315384,-2.253794090512,
    4.979490224188));
#5571 = ( BOUNDED_CURVE() B_SPLINE_CURVE(2,(#5572,#5573,#5574),
.UNSPECIFIED.,.F.,.F.) B_SPLINE_CURVE_WITH_KNOTS((3,3),(0.,
0.132994089002),.PIECEWISE_BEZIER_KNOTS.) CURVE() 
GEOMETRIC_REPRESENTATION_ITEM() RATIONAL_B_SPLINE_CURVE((1.,
0.965925826288,1.)) REPRESENTATION_ITEM('') );
#5572 = CARTESIAN_POINT('',(4.305729027937,-2.126794090512,
    4.990762667408));
#5573 = CARTESIAN_POINT('',(4.337837315384,-2.185734995634,
    4.979490224188));
#5574 = CARTESIAN_POINT('',(4.337837315384,-2.253794090512,
    4.979490224188));
#5575 = ORIENTED_EDGE('',*,*,#5576,.T.);
#5576 = EDGE_CURVE('',#5569,#5494,#5577,.T.);
#5577 = B_SPLINE_CURVE_WITH_KNOTS('',1,(#5578,#5579),.UNSPECIFIED.,.F.,
  .F.,(2,2),(-2.165805909488,0.),.PIECEWISE_BEZIER_KNOTS.);
#5578 = CARTESIAN_POINT('',(4.337837315384,-2.253794090512,
    4.979490224188));
#5579 = CARTESIAN_POINT('',(4.337837315384,-4.4196,4.979490224188));
#5580 = PLANE('',#5581);
#5581 = AXIS2_PLACEMENT_3D('',#5582,#5583,#5584);
#5582 = CARTESIAN_POINT('',(5.256634582564,-0.561622826178,
    4.656922723739));
#5583 = DIRECTION('',(0.331254573414,0.,0.943541418059));
#5584 = DIRECTION('',(0.943541418059,0.,-0.331254573414));
#5585 = ADVANCED_FACE('',(#5586),#5604,.T.);
#5586 = FACE_BOUND('',#5587,.T.);
#5587 = EDGE_LOOP('',(#5588,#5596,#5597,#5598));
#5588 = ORIENTED_EDGE('',*,*,#5589,.T.);
#5589 = EDGE_CURVE('',#5590,#3519,#5592,.T.);
#5590 = VERTEX_POINT('',#5591);
#5591 = CARTESIAN_POINT('',(3.487797211217,-4.4196,3.5071775753));
#5592 = ( BOUNDED_CURVE() B_SPLINE_CURVE(2,(#5593,#5594,#5595),
.UNSPECIFIED.,.F.,.F.) B_SPLINE_CURVE_WITH_KNOTS((3,3),(-0.438880493706,
0.),.PIECEWISE_BEZIER_KNOTS.) CURVE() GEOMETRIC_REPRESENTATION_ITEM() 
RATIONAL_B_SPLINE_CURVE((1.,0.707106781186,1.)) REPRESENTATION_ITEM('') 
  );
#5593 = CARTESIAN_POINT('',(3.487797211217,-4.4196,3.5071775753));
#5594 = CARTESIAN_POINT('',(3.487797211217,-4.699,3.5071775753));
#5595 = CARTESIAN_POINT('',(3.699762787589,-4.699,3.325147483191));
#5596 = ORIENTED_EDGE('',*,*,#3518,.F.);
#5597 = ORIENTED_EDGE('',*,*,#5493,.F.);
#5598 = ORIENTED_EDGE('',*,*,#5599,.T.);
#5599 = EDGE_CURVE('',#5494,#5590,#5600,.T.);
#5600 = ( BOUNDED_CURVE() B_SPLINE_CURVE(2,(#5601,#5602,#5603),
.UNSPECIFIED.,.F.,.F.) B_SPLINE_CURVE_WITH_KNOTS((3,3),(-1.70991895452,
0.),.PIECEWISE_BEZIER_KNOTS.) CURVE() GEOMETRIC_REPRESENTATION_ITEM() 
RATIONAL_B_SPLINE_CURVE((1.,0.982758124269,1.)) REPRESENTATION_ITEM('') 
  );
#5601 = CARTESIAN_POINT('',(4.337837315384,-4.4196,4.979490224188));
#5602 = CARTESIAN_POINT('',(4.051317504317,-4.4196,4.163370748311));
#5603 = CARTESIAN_POINT('',(3.487797211217,-4.4196,3.5071775753));
#5604 = ( BOUNDED_SURFACE() B_SPLINE_SURFACE(2,2,(
    (#5605,#5606,#5607,#5608,#5609,#5610,#5611,#5612,#5613)
    ,(#5614,#5615,#5616,#5617,#5618,#5619,#5620,#5621,#5622)
    ,(#5623,#5624,#5625,#5626,#5627,#5628,#5629,#5630,#5631)
    ,(#5632,#5633,#5634,#5635,#5636,#5637,#5638,#5639,#5640)
    ,(#5641,#5642,#5643,#5644,#5645,#5646,#5647,#5648,#5649)
    ,(#5650,#5651,#5652,#5653,#5654,#5655,#5656,#5657,#5658)
    ,(#5659,#5660,#5661,#5662,#5663,#5664,#5665,#5666,#5667)
    ,(#5668,#5669,#5670,#5671,#5672,#5673,#5674,#5675,#5676)
    ,(#5677,#5678,#5679,#5680,#5681,#5682,#5683,#5684,#5685
)),.UNSPECIFIED.,.T.,.T.,.F.) B_SPLINE_SURFACE_WITH_KNOTS((1,2,2,2,2,2,1
    ),(1,2,2,2,2,2,1),(-7.660459526513,0.,7.660459526513,15.320919053027
    ,22.98137857954,30.641838106053,38.302297632567),(-0.438880493707,0.
    ,0.438880493706,0.877760987413,1.316641481119,1.755521974826,
2.194402468532),.UNSPECIFIED.) GEOMETRIC_REPRESENTATION_ITEM() 
RATIONAL_B_SPLINE_SURFACE((
    (1.,0.707106781187,1.,0.707106781187,1.,0.707106781187,1.
      ,0.707106781187,1.)
    ,(0.707106781187,0.5,0.707106781187,0.5,0.707106781187,0.5
      ,0.707106781187,0.5,0.707106781187)
    ,(1.,0.707106781187,1.,0.707106781187,1.,0.707106781187,1.
      ,0.707106781187,1.)
    ,(0.707106781187,0.5,0.707106781187,0.5,0.707106781187,0.5
      ,0.707106781187,0.5,0.707106781187)
    ,(1.,0.707106781187,1.,0.707106781187,1.,0.707106781187,1.
      ,0.707106781187,1.)
    ,(0.707106781187,0.5,0.707106781187,0.5,0.707106781187,0.5
      ,0.707106781187,0.5,0.707106781187)
    ,(1.,0.707106781187,1.,0.707106781187,1.,0.707106781187,1.
      ,0.707106781187,1.)
    ,(0.707106781187,0.5,0.707106781187,0.5,0.707106781187,0.5
      ,0.707106781187,0.5,0.707106781187)
    ,(1.,0.707106781187,1.,0.707106781187,1.,0.707106781187,1.
,0.707106781187,1.))) REPRESENTATION_ITEM('') SURFACE() );
#5605 = CARTESIAN_POINT('',(-3.911728363962,-4.4196,9.861682608918));
#5606 = CARTESIAN_POINT('',(-3.911728363962,-4.699,9.861682608918));
#5607 = CARTESIAN_POINT('',(-3.699762787589,-4.699,9.679652516809));
#5608 = CARTESIAN_POINT('',(-3.487797211217,-4.699,9.4976224247));
#5609 = CARTESIAN_POINT('',(-3.487797211217,-4.4196,9.4976224247));
#5610 = CARTESIAN_POINT('',(-3.487797211217,-4.1402,9.4976224247));
#5611 = CARTESIAN_POINT('',(-3.699762787589,-4.1402,9.679652516809));
#5612 = CARTESIAN_POINT('',(-3.911728363962,-4.1402,9.861682608918));
#5613 = CARTESIAN_POINT('',(-3.911728363962,-4.4196,9.861682608918));
#5614 = CARTESIAN_POINT('',(-7.27101097288,-4.4196,5.949954244956));
#5615 = CARTESIAN_POINT('',(-7.27101097288,-4.699,5.949954244956));
#5616 = CARTESIAN_POINT('',(-6.877015304398,-4.699,5.97988972922));
#5617 = CARTESIAN_POINT('',(-6.483019635917,-4.699,6.009825213483));
#5618 = CARTESIAN_POINT('',(-6.483019635917,-4.4196,6.009825213483));
#5619 = CARTESIAN_POINT('',(-6.483019635917,-4.1402,6.009825213483));
#5620 = CARTESIAN_POINT('',(-6.877015304398,-4.1402,5.97988972922));
#5621 = CARTESIAN_POINT('',(-7.27101097288,-4.1402,5.949954244956));
#5622 = CARTESIAN_POINT('',(-7.27101097288,-4.4196,5.949954244956));
#5623 = CARTESIAN_POINT('',(-3.359282608918,-4.4196,2.590671636038));
#5624 = CARTESIAN_POINT('',(-3.359282608918,-4.699,2.590671636038));
#5625 = CARTESIAN_POINT('',(-3.177252516809,-4.699,2.802637212411));
#5626 = CARTESIAN_POINT('',(-2.9952224247,-4.699,3.014602788783));
#5627 = CARTESIAN_POINT('',(-2.9952224247,-4.4196,3.014602788783));
#5628 = CARTESIAN_POINT('',(-2.9952224247,-4.1402,3.014602788783));
#5629 = CARTESIAN_POINT('',(-3.177252516809,-4.1402,2.802637212411));
#5630 = CARTESIAN_POINT('',(-3.359282608918,-4.1402,2.590671636038));
#5631 = CARTESIAN_POINT('',(-3.359282608918,-4.4196,2.590671636038));
#5632 = CARTESIAN_POINT('',(0.552445755044,-4.4196,-0.76861097288));
#5633 = CARTESIAN_POINT('',(0.552445755044,-4.699,-0.76861097288));
#5634 = CARTESIAN_POINT('',(0.52251027078,-4.699,-0.374615304398));
#5635 = CARTESIAN_POINT('',(0.492574786517,-4.699,1.938036408279E-02));
#5636 = CARTESIAN_POINT('',(0.492574786517,-4.4196,1.938036408279E-02));
#5637 = CARTESIAN_POINT('',(0.492574786517,-4.1402,1.938036408279E-02));
#5638 = CARTESIAN_POINT('',(0.52251027078,-4.1402,-0.374615304398));
#5639 = CARTESIAN_POINT('',(0.552445755044,-4.1402,-0.76861097288));
#5640 = CARTESIAN_POINT('',(0.552445755044,-4.4196,-0.76861097288));
#5641 = CARTESIAN_POINT('',(3.911728363962,-4.4196,3.143117391082));
#5642 = CARTESIAN_POINT('',(3.911728363962,-4.699,3.143117391082));
#5643 = CARTESIAN_POINT('',(3.699762787589,-4.699,3.325147483191));
#5644 = CARTESIAN_POINT('',(3.487797211217,-4.699,3.5071775753));
#5645 = CARTESIAN_POINT('',(3.487797211217,-4.4196,3.5071775753));
#5646 = CARTESIAN_POINT('',(3.487797211217,-4.1402,3.5071775753));
#5647 = CARTESIAN_POINT('',(3.699762787589,-4.1402,3.325147483191));
#5648 = CARTESIAN_POINT('',(3.911728363962,-4.1402,3.143117391082));
#5649 = CARTESIAN_POINT('',(3.911728363962,-4.4196,3.143117391082));
#5650 = CARTESIAN_POINT('',(7.27101097288,-4.4196,7.054845755044));
#5651 = CARTESIAN_POINT('',(7.27101097288,-4.699,7.054845755044));
#5652 = CARTESIAN_POINT('',(6.877015304398,-4.699,7.02491027078));
#5653 = CARTESIAN_POINT('',(6.483019635917,-4.699,6.994974786517));
#5654 = CARTESIAN_POINT('',(6.483019635917,-4.4196,6.994974786517));
#5655 = CARTESIAN_POINT('',(6.483019635917,-4.1402,6.994974786517));
#5656 = CARTESIAN_POINT('',(6.877015304398,-4.1402,7.02491027078));
#5657 = CARTESIAN_POINT('',(7.27101097288,-4.1402,7.054845755044));
#5658 = CARTESIAN_POINT('',(7.27101097288,-4.4196,7.054845755044));
#5659 = CARTESIAN_POINT('',(3.359282608918,-4.4196,10.414128363962));
#5660 = CARTESIAN_POINT('',(3.359282608918,-4.699,10.414128363962));
#5661 = CARTESIAN_POINT('',(3.177252516809,-4.699,10.202162787589));
#5662 = CARTESIAN_POINT('',(2.9952224247,-4.699,9.990197211217));
#5663 = CARTESIAN_POINT('',(2.9952224247,-4.4196,9.990197211217));
#5664 = CARTESIAN_POINT('',(2.9952224247,-4.1402,9.990197211217));
#5665 = CARTESIAN_POINT('',(3.177252516809,-4.1402,10.202162787589));
#5666 = CARTESIAN_POINT('',(3.359282608918,-4.1402,10.414128363962));
#5667 = CARTESIAN_POINT('',(3.359282608918,-4.4196,10.414128363962));
#5668 = CARTESIAN_POINT('',(-0.552445755044,-4.4196,13.773410972879));
#5669 = CARTESIAN_POINT('',(-0.552445755044,-4.699,13.773410972879));
#5670 = CARTESIAN_POINT('',(-0.52251027078,-4.699,13.379415304398));
#5671 = CARTESIAN_POINT('',(-0.492574786517,-4.699,12.985419635917));
#5672 = CARTESIAN_POINT('',(-0.492574786517,-4.4196,12.985419635917));
#5673 = CARTESIAN_POINT('',(-0.492574786517,-4.1402,12.985419635917));
#5674 = CARTESIAN_POINT('',(-0.52251027078,-4.1402,13.379415304398));
#5675 = CARTESIAN_POINT('',(-0.552445755044,-4.1402,13.773410972879));
#5676 = CARTESIAN_POINT('',(-0.552445755044,-4.4196,13.773410972879));
#5677 = CARTESIAN_POINT('',(-3.911728363962,-4.4196,9.861682608918));
#5678 = CARTESIAN_POINT('',(-3.911728363962,-4.699,9.861682608918));
#5679 = CARTESIAN_POINT('',(-3.699762787589,-4.699,9.679652516809));
#5680 = CARTESIAN_POINT('',(-3.487797211217,-4.699,9.4976224247));
#5681 = CARTESIAN_POINT('',(-3.487797211217,-4.4196,9.4976224247));
#5682 = CARTESIAN_POINT('',(-3.487797211217,-4.1402,9.4976224247));
#5683 = CARTESIAN_POINT('',(-3.699762787589,-4.1402,9.679652516809));
#5684 = CARTESIAN_POINT('',(-3.911728363962,-4.1402,9.861682608918));
#5685 = CARTESIAN_POINT('',(-3.911728363962,-4.4196,9.861682608918));
#5686 = ADVANCED_FACE('',(#5687),#5770,.T.);
#5687 = FACE_BOUND('',#5688,.T.);
#5688 = EDGE_LOOP('',(#5689,#5696,#5704,#5711,#5719,#5726,#5733,#5740,
    #5748,#5755,#5763,#5768,#5769));
#5689 = ORIENTED_EDGE('',*,*,#5690,.F.);
#5690 = EDGE_CURVE('',#5691,#5590,#5693,.T.);
#5691 = VERTEX_POINT('',#5692);
#5692 = CARTESIAN_POINT('',(3.487797211217,-2.253794090512,3.5071775753)
  );
#5693 = B_SPLINE_CURVE_WITH_KNOTS('',1,(#5694,#5695),.UNSPECIFIED.,.F.,
  .F.,(2,2),(0.,2.165805909488),.PIECEWISE_BEZIER_KNOTS.);
#5694 = CARTESIAN_POINT('',(3.487797211217,-2.253794090512,3.5071775753)
  );
#5695 = CARTESIAN_POINT('',(3.487797211217,-4.4196,3.5071775753));
#5696 = ORIENTED_EDGE('',*,*,#5697,.F.);
#5697 = EDGE_CURVE('',#5698,#5691,#5700,.T.);
#5698 = VERTEX_POINT('',#5699);
#5699 = CARTESIAN_POINT('',(3.461980845302,-2.126794090512,3.52934794629
    ));
#5700 = ( BOUNDED_CURVE() B_SPLINE_CURVE(2,(#5701,#5702,#5703),
.UNSPECIFIED.,.F.,.F.) B_SPLINE_CURVE_WITH_KNOTS((3,3),(-0.132994089002,
0.),.PIECEWISE_BEZIER_KNOTS.) CURVE() GEOMETRIC_REPRESENTATION_ITEM() 
RATIONAL_B_SPLINE_CURVE((1.,0.965925826288,1.)) REPRESENTATION_ITEM('') 
  );
#5701 = CARTESIAN_POINT('',(3.461980845302,-2.126794090512,3.52934794629
    ));
#5702 = CARTESIAN_POINT('',(3.487797211217,-2.185734995634,3.5071775753)
  );
#5703 = CARTESIAN_POINT('',(3.487797211217,-2.253794090512,3.5071775753)
  );
#5704 = ORIENTED_EDGE('',*,*,#5705,.F.);
#5705 = EDGE_CURVE('',#5706,#5698,#5708,.T.);
#5706 = VERTEX_POINT('',#5707);
#5707 = CARTESIAN_POINT('',(3.330046003265,-1.825575900757,
    3.642649888329));
#5708 = B_SPLINE_CURVE_WITH_KNOTS('',1,(#5709,#5710),.UNSPECIFIED.,.F.,
  .F.,(2,2),(-0.34781680588,0.),.PIECEWISE_BEZIER_KNOTS.);
#5709 = CARTESIAN_POINT('',(3.330046003265,-1.825575900757,
    3.642649888329));
#5710 = CARTESIAN_POINT('',(3.461980845302,-2.126794090512,3.52934794629
    ));
#5711 = ORIENTED_EDGE('',*,*,#5712,.F.);
#5712 = EDGE_CURVE('',#5713,#5706,#5715,.T.);
#5713 = VERTEX_POINT('',#5714);
#5714 = CARTESIAN_POINT('',(3.275831634845,-1.558875900757,
    3.689207667409));
#5715 = ( BOUNDED_CURVE() B_SPLINE_CURVE(2,(#5716,#5717,#5718),
.UNSPECIFIED.,.F.,.F.) B_SPLINE_CURVE_WITH_KNOTS((3,3),(-0.279287586904,
0.),.PIECEWISE_BEZIER_KNOTS.) CURVE() GEOMETRIC_REPRESENTATION_ITEM() 
RATIONAL_B_SPLINE_CURVE((1.,0.965925826289,1.)) REPRESENTATION_ITEM('') 
  );
#5716 = CARTESIAN_POINT('',(3.275831634845,-1.558875900757,
    3.689207667409));
#5717 = CARTESIAN_POINT('',(3.275831634844,-1.7018,3.689207667409));
#5718 = CARTESIAN_POINT('',(3.330046003265,-1.825575900757,
    3.642649888329));
#5719 = ORIENTED_EDGE('',*,*,#5720,.F.);
#5720 = EDGE_CURVE('',#5721,#5713,#5723,.T.);
#5721 = VERTEX_POINT('',#5722);
#5722 = CARTESIAN_POINT('',(3.275831634845,-0.9652,3.689207667409));
#5723 = B_SPLINE_CURVE_WITH_KNOTS('',1,(#5724,#5725),.UNSPECIFIED.,.F.,
  .F.,(2,2),(0.,0.593675900757),.PIECEWISE_BEZIER_KNOTS.);
#5724 = CARTESIAN_POINT('',(3.275831634845,-0.9652,3.689207667409));
#5725 = CARTESIAN_POINT('',(3.275831634845,-1.558875900757,
    3.689207667409));
#5726 = ORIENTED_EDGE('',*,*,#5727,.F.);
#5727 = EDGE_CURVE('',#5728,#5721,#5730,.T.);
#5728 = VERTEX_POINT('',#5729);
#5729 = CARTESIAN_POINT('',(3.487797211217,-0.9652,3.5071775753));
#5730 = B_SPLINE_CURVE_WITH_KNOTS('',1,(#5731,#5732),.UNSPECIFIED.,.F.,
  .F.,(2,2),(0.,0.2794),.PIECEWISE_BEZIER_KNOTS.);
#5731 = CARTESIAN_POINT('',(3.487797211217,-0.9652,3.5071775753));
#5732 = CARTESIAN_POINT('',(3.275831634845,-0.9652,3.689207667409));
#5733 = ORIENTED_EDGE('',*,*,#5734,.F.);
#5734 = EDGE_CURVE('',#5735,#5728,#5737,.T.);
#5735 = VERTEX_POINT('',#5736);
#5736 = CARTESIAN_POINT('',(3.487797211217,-1.558875900757,3.5071775753)
  );
#5737 = B_SPLINE_CURVE_WITH_KNOTS('',1,(#5738,#5739),.UNSPECIFIED.,.F.,
  .F.,(2,2),(0.,0.593675900757),.PIECEWISE_BEZIER_KNOTS.);
#5738 = CARTESIAN_POINT('',(3.487797211217,-1.558875900757,3.5071775753)
  );
#5739 = CARTESIAN_POINT('',(3.487797211217,-0.9652,3.5071775753));
#5740 = ORIENTED_EDGE('',*,*,#5741,.F.);
#5741 = EDGE_CURVE('',#5742,#5735,#5744,.T.);
#5742 = VERTEX_POINT('',#5743);
#5743 = CARTESIAN_POINT('',(3.513613577132,-1.685875900757,
    3.485007204309));
#5744 = ( BOUNDED_CURVE() B_SPLINE_CURVE(2,(#5745,#5746,#5747),
.UNSPECIFIED.,.F.,.F.) B_SPLINE_CURVE_WITH_KNOTS((3,3),(-0.132994089002,
0.),.PIECEWISE_BEZIER_KNOTS.) CURVE() GEOMETRIC_REPRESENTATION_ITEM() 
RATIONAL_B_SPLINE_CURVE((1.,0.965925826287,1.)) REPRESENTATION_ITEM('') 
  );
#5745 = CARTESIAN_POINT('',(3.513613577132,-1.685875900757,
    3.485007204309));
#5746 = CARTESIAN_POINT('',(3.487797211217,-1.626934995635,3.5071775753)
  );
#5747 = CARTESIAN_POINT('',(3.487797211217,-1.558875900757,3.5071775753)
  );
#5748 = ORIENTED_EDGE('',*,*,#5749,.F.);
#5749 = EDGE_CURVE('',#5750,#5742,#5752,.T.);
#5750 = VERTEX_POINT('',#5751);
#5751 = CARTESIAN_POINT('',(3.645548419169,-1.987094090512,
    3.371705262271));
#5752 = B_SPLINE_CURVE_WITH_KNOTS('',1,(#5753,#5754),.UNSPECIFIED.,.F.,
  .F.,(2,2),(-0.347816805879,0.),.PIECEWISE_BEZIER_KNOTS.);
#5753 = CARTESIAN_POINT('',(3.645548419169,-1.987094090512,
    3.371705262271));
#5754 = CARTESIAN_POINT('',(3.513613577132,-1.685875900757,
    3.485007204309));
#5755 = ORIENTED_EDGE('',*,*,#5756,.F.);
#5756 = EDGE_CURVE('',#5757,#5750,#5759,.T.);
#5757 = VERTEX_POINT('',#5758);
#5758 = CARTESIAN_POINT('',(3.699762787589,-2.253794090512,
    3.325147483191));
#5759 = ( BOUNDED_CURVE() B_SPLINE_CURVE(2,(#5760,#5761,#5762),
.UNSPECIFIED.,.F.,.F.) B_SPLINE_CURVE_WITH_KNOTS((3,3),(-0.279287586904,
0.),.PIECEWISE_BEZIER_KNOTS.) CURVE() GEOMETRIC_REPRESENTATION_ITEM() 
RATIONAL_B_SPLINE_CURVE((1.,0.965925826289,1.)) REPRESENTATION_ITEM('') 
  );
#5760 = CARTESIAN_POINT('',(3.699762787589,-2.253794090512,
    3.325147483191));
#5761 = CARTESIAN_POINT('',(3.69976278759,-2.110869991269,3.325147483191
    ));
#5762 = CARTESIAN_POINT('',(3.645548419169,-1.987094090512,
    3.371705262271));
#5763 = ORIENTED_EDGE('',*,*,#5764,.F.);
#5764 = EDGE_CURVE('',#4272,#5757,#5765,.T.);
#5765 = B_SPLINE_CURVE_WITH_KNOTS('',1,(#5766,#5767),.UNSPECIFIED.,.F.,
  .F.,(2,2),(0.,2.125165909488),.PIECEWISE_BEZIER_KNOTS.);
#5766 = CARTESIAN_POINT('',(3.699762787589,-4.37896,3.325147483191));
#5767 = CARTESIAN_POINT('',(3.699762787589,-2.253794090512,
    3.325147483191));
#5768 = ORIENTED_EDGE('',*,*,#4358,.T.);
#5769 = ORIENTED_EDGE('',*,*,#5589,.F.);
#5770 = PLANE('',#5771);
#5771 = AXIS2_PLACEMENT_3D('',#5772,#5773,#5774);
#5772 = CARTESIAN_POINT('',(4.229648293393,-0.561622826178,
    2.870096672209));
#5773 = DIRECTION('',(-0.651503550855,0.,-0.758645584725));
#5774 = DIRECTION('',(-0.758645584725,0.,0.651503550855));
#5775 = ADVANCED_FACE('',(#5776),#5787,.T.);
#5776 = FACE_BOUND('',#5777,.T.);
#5777 = EDGE_LOOP('',(#5778,#5779,#5785,#5786));
#5778 = ORIENTED_EDGE('',*,*,#5764,.T.);
#5779 = ORIENTED_EDGE('',*,*,#5780,.T.);
#5780 = EDGE_CURVE('',#5757,#5503,#5781,.T.);
#5781 = ( BOUNDED_CURVE() B_SPLINE_CURVE(2,(#5782,#5783,#5784),
.UNSPECIFIED.,.F.,.F.) B_SPLINE_CURVE_WITH_KNOTS((3,3),(-1.813836681037,
0.),.PIECEWISE_BEZIER_KNOTS.) CURVE() GEOMETRIC_REPRESENTATION_ITEM() 
RATIONAL_B_SPLINE_CURVE((1.,0.982758124269,1.)) REPRESENTATION_ITEM('') 
  );
#5782 = CARTESIAN_POINT('',(3.699762787589,-2.253794090512,
    3.325147483191));
#5783 = CARTESIAN_POINT('',(4.297530170325,-2.253794090512,
    4.021219799313));
#5784 = CARTESIAN_POINT('',(4.601462787589,-2.253794090512,
    4.886937696376));
#5785 = ORIENTED_EDGE('',*,*,#5502,.F.);
#5786 = ORIENTED_EDGE('',*,*,#4279,.T.);
#5787 = CYLINDRICAL_SURFACE('',#5788,4.8768);
#5788 = AXIS2_PLACEMENT_3D('',#5789,#5790,#5791);
#5789 = CARTESIAN_POINT('',(-3.321096785091E-16,-3.316377045256,6.5024)
  );
#5790 = DIRECTION('',(0.,-1.,0.));
#5791 = DIRECTION('',(0.,-0.,-1.));
#5792 = ADVANCED_FACE('',(#5793),#5804,.T.);
#5793 = FACE_BOUND('',#5794,.T.);
#5794 = EDGE_LOOP('',(#5795,#5796,#5802,#5803));
#5795 = ORIENTED_EDGE('',*,*,#5756,.T.);
#5796 = ORIENTED_EDGE('',*,*,#5797,.T.);
#5797 = EDGE_CURVE('',#5750,#5510,#5798,.T.);
#5798 = ( BOUNDED_CURVE() B_SPLINE_CURVE(2,(#5799,#5800,#5801),
.UNSPECIFIED.,.F.,.F.) B_SPLINE_CURVE_WITH_KNOTS((3,3),(-1.787257676995,
0.),.PIECEWISE_BEZIER_KNOTS.) CURVE() GEOMETRIC_REPRESENTATION_ITEM() 
RATIONAL_B_SPLINE_CURVE((1.,0.982758124269,1.)) REPRESENTATION_ITEM('') 
  );
#5799 = CARTESIAN_POINT('',(3.645548419169,-1.987094090512,
    3.371705262271));
#5800 = CARTESIAN_POINT('',(4.234556434621,-1.987094090512,
    4.057577702573));
#5801 = CARTESIAN_POINT('',(4.534035383952,-1.987094090512,
    4.910609827138));
#5802 = ORIENTED_EDGE('',*,*,#5509,.F.);
#5803 = ORIENTED_EDGE('',*,*,#5780,.F.);
#5804 = ( BOUNDED_SURFACE() B_SPLINE_SURFACE(2,2,(
    (#5805,#5806,#5807,#5808,#5809,#5810,#5811,#5812,#5813)
    ,(#5814,#5815,#5816,#5817,#5818,#5819,#5820,#5821,#5822)
    ,(#5823,#5824,#5825,#5826,#5827,#5828,#5829,#5830,#5831)
    ,(#5832,#5833,#5834,#5835,#5836,#5837,#5838,#5839,#5840)
    ,(#5841,#5842,#5843,#5844,#5845,#5846,#5847,#5848,#5849)
    ,(#5850,#5851,#5852,#5853,#5854,#5855,#5856,#5857,#5858)
    ,(#5859,#5860,#5861,#5862,#5863,#5864,#5865,#5866,#5867)
    ,(#5868,#5869,#5870,#5871,#5872,#5873,#5874,#5875,#5876)
    ,(#5877,#5878,#5879,#5880,#5881,#5882,#5883,#5884,#5885
)),.UNSPECIFIED.,.T.,.T.,.F.) B_SPLINE_SURFACE_WITH_KNOTS((1,2,2,2,2,2,1
    ),(1,2,2,2,2,2,1),(-6.822596765801,0.,6.822596765801,13.645193531602
    ,20.467790297403,27.290387063204,34.112983829005),(-0.837862760712,
    0.,0.837862760712,1.675725521425,2.513588282137,3.35145104285,
4.189313803562),.UNSPECIFIED.) GEOMETRIC_REPRESENTATION_ITEM() 
RATIONAL_B_SPLINE_SURFACE((
    (1.,0.707106781187,1.,0.707106781187,1.,0.707106781187,1.
      ,0.707106781187,1.)
    ,(0.707106781187,0.5,0.707106781187,0.5,0.707106781187,0.5
      ,0.707106781187,0.5,0.707106781187)
    ,(1.,0.707106781187,1.,0.707106781187,1.,0.707106781187,1.
      ,0.707106781187,1.)
    ,(0.707106781187,0.5,0.707106781187,0.5,0.707106781187,0.5
      ,0.707106781187,0.5,0.707106781187)
    ,(1.,0.707106781187,1.,0.707106781187,1.,0.707106781187,1.
      ,0.707106781187,1.)
    ,(0.707106781187,0.5,0.707106781187,0.5,0.707106781187,0.5
      ,0.707106781187,0.5,0.707106781187)
    ,(1.,0.707106781187,1.,0.707106781187,1.,0.707106781187,1.
      ,0.707106781187,1.)
    ,(0.707106781187,0.5,0.707106781187,0.5,0.707106781187,0.5
      ,0.707106781187,0.5,0.707106781187)
    ,(1.,0.707106781187,1.,0.707106781187,1.,0.707106781187,1.
,0.707106781187,1.))) REPRESENTATION_ITEM('') SURFACE() );
#5805 = CARTESIAN_POINT('',(-3.699762787589,-2.253794090512,
    9.679652516809));
#5806 = CARTESIAN_POINT('',(-3.699762787589,-2.787194090512,
    9.679652516809));
#5807 = CARTESIAN_POINT('',(-3.295101232697,-2.787194090512,
    9.332140522783));
#5808 = CARTESIAN_POINT('',(-2.890439677804,-2.787194090512,
    8.984628528757));
#5809 = CARTESIAN_POINT('',(-2.890439677804,-2.253794090512,
    8.984628528757));
#5810 = CARTESIAN_POINT('',(-2.890439677804,-1.720394090512,
    8.984628528757));
#5811 = CARTESIAN_POINT('',(-3.295101232697,-1.720394090512,
    9.332140522783));
#5812 = CARTESIAN_POINT('',(-3.699762787589,-1.720394090512,
    9.679652516809));
#5813 = CARTESIAN_POINT('',(-3.699762787589,-2.253794090512,
    9.679652516809));
#5814 = CARTESIAN_POINT('',(-6.877015304398,-2.253794090512,
    5.97988972922));
#5815 = CARTESIAN_POINT('',(-6.877015304398,-2.787194090512,
    5.97988972922));
#5816 = CARTESIAN_POINT('',(-6.12484175548,-2.787194090512,
    6.037039290086));
#5817 = CARTESIAN_POINT('',(-5.372668206561,-2.787194090512,
    6.094188850953));
#5818 = CARTESIAN_POINT('',(-5.372668206561,-2.253794090512,
    6.094188850953));
#5819 = CARTESIAN_POINT('',(-5.372668206561,-1.720394090512,
    6.094188850953));
#5820 = CARTESIAN_POINT('',(-6.12484175548,-1.720394090512,
    6.037039290086));
#5821 = CARTESIAN_POINT('',(-6.877015304398,-1.720394090512,
    5.97988972922));
#5822 = CARTESIAN_POINT('',(-6.877015304398,-2.253794090512,
    5.97988972922));
#5823 = CARTESIAN_POINT('',(-3.177252516809,-2.253794090512,
    2.802637212411));
#5824 = CARTESIAN_POINT('',(-3.177252516809,-2.787194090512,
    2.802637212411));
#5825 = CARTESIAN_POINT('',(-2.829740522783,-2.787194090512,
    3.207298767303));
#5826 = CARTESIAN_POINT('',(-2.482228528757,-2.787194090512,
    3.611960322196));
#5827 = CARTESIAN_POINT('',(-2.482228528757,-2.253794090512,
    3.611960322196));
#5828 = CARTESIAN_POINT('',(-2.482228528757,-1.720394090512,
    3.611960322196));
#5829 = CARTESIAN_POINT('',(-2.829740522783,-1.720394090512,
    3.207298767303));
#5830 = CARTESIAN_POINT('',(-3.177252516809,-1.720394090512,
    2.802637212411));
#5831 = CARTESIAN_POINT('',(-3.177252516809,-2.253794090512,
    2.802637212411));
#5832 = CARTESIAN_POINT('',(0.52251027078,-2.253794090512,
    -0.374615304398));
#5833 = CARTESIAN_POINT('',(0.52251027078,-2.787194090512,
    -0.374615304398));
#5834 = CARTESIAN_POINT('',(0.465360709914,-2.787194090512,0.37755824452
    ));
#5835 = CARTESIAN_POINT('',(0.408211149047,-2.787194090512,
    1.129731793439));
#5836 = CARTESIAN_POINT('',(0.408211149047,-2.253794090512,
    1.129731793439));
#5837 = CARTESIAN_POINT('',(0.408211149047,-1.720394090512,
    1.129731793439));
#5838 = CARTESIAN_POINT('',(0.465360709914,-1.720394090512,0.37755824452
    ));
#5839 = CARTESIAN_POINT('',(0.52251027078,-1.720394090512,
    -0.374615304398));
#5840 = CARTESIAN_POINT('',(0.52251027078,-2.253794090512,
    -0.374615304398));
#5841 = CARTESIAN_POINT('',(3.699762787589,-2.253794090512,
    3.325147483191));
#5842 = CARTESIAN_POINT('',(3.699762787589,-2.787194090512,
    3.325147483191));
#5843 = CARTESIAN_POINT('',(3.295101232697,-2.787194090512,
    3.672659477217));
#5844 = CARTESIAN_POINT('',(2.890439677804,-2.787194090512,
    4.020171471243));
#5845 = CARTESIAN_POINT('',(2.890439677804,-2.253794090512,
    4.020171471243));
#5846 = CARTESIAN_POINT('',(2.890439677804,-1.720394090512,
    4.020171471243));
#5847 = CARTESIAN_POINT('',(3.295101232697,-1.720394090512,
    3.672659477217));
#5848 = CARTESIAN_POINT('',(3.699762787589,-1.720394090512,
    3.325147483191));
#5849 = CARTESIAN_POINT('',(3.699762787589,-2.253794090512,
    3.325147483191));
#5850 = CARTESIAN_POINT('',(6.877015304398,-2.253794090512,7.02491027078
    ));
#5851 = CARTESIAN_POINT('',(6.877015304398,-2.787194090512,7.02491027078
    ));
#5852 = CARTESIAN_POINT('',(6.12484175548,-2.787194090512,6.967760709914
    ));
#5853 = CARTESIAN_POINT('',(5.372668206561,-2.787194090512,
    6.910611149047));
#5854 = CARTESIAN_POINT('',(5.372668206561,-2.253794090512,
    6.910611149047));
#5855 = CARTESIAN_POINT('',(5.372668206561,-1.720394090512,
    6.910611149047));
#5856 = CARTESIAN_POINT('',(6.12484175548,-1.720394090512,6.967760709914
    ));
#5857 = CARTESIAN_POINT('',(6.877015304398,-1.720394090512,7.02491027078
    ));
#5858 = CARTESIAN_POINT('',(6.877015304398,-2.253794090512,7.02491027078
    ));
#5859 = CARTESIAN_POINT('',(3.177252516809,-2.253794090512,
    10.202162787589));
#5860 = CARTESIAN_POINT('',(3.177252516809,-2.787194090512,
    10.202162787589));
#5861 = CARTESIAN_POINT('',(2.829740522783,-2.787194090512,
    9.797501232697));
#5862 = CARTESIAN_POINT('',(2.482228528757,-2.787194090512,
    9.392839677804));
#5863 = CARTESIAN_POINT('',(2.482228528757,-2.253794090512,
    9.392839677804));
#5864 = CARTESIAN_POINT('',(2.482228528757,-1.720394090512,
    9.392839677804));
#5865 = CARTESIAN_POINT('',(2.829740522783,-1.720394090512,
    9.797501232697));
#5866 = CARTESIAN_POINT('',(3.177252516809,-1.720394090512,
    10.202162787589));
#5867 = CARTESIAN_POINT('',(3.177252516809,-2.253794090512,
    10.202162787589));
#5868 = CARTESIAN_POINT('',(-0.52251027078,-2.253794090512,
    13.379415304398));
#5869 = CARTESIAN_POINT('',(-0.52251027078,-2.787194090512,
    13.379415304398));
#5870 = CARTESIAN_POINT('',(-0.465360709914,-2.787194090512,
    12.62724175548));
#5871 = CARTESIAN_POINT('',(-0.408211149047,-2.787194090512,
    11.875068206561));
#5872 = CARTESIAN_POINT('',(-0.408211149047,-2.253794090512,
    11.875068206561));
#5873 = CARTESIAN_POINT('',(-0.408211149047,-1.720394090512,
    11.875068206561));
#5874 = CARTESIAN_POINT('',(-0.465360709914,-1.720394090512,
    12.62724175548));
#5875 = CARTESIAN_POINT('',(-0.52251027078,-1.720394090512,
    13.379415304398));
#5876 = CARTESIAN_POINT('',(-0.52251027078,-2.253794090512,
    13.379415304398));
#5877 = CARTESIAN_POINT('',(-3.699762787589,-2.253794090512,
    9.679652516809));
#5878 = CARTESIAN_POINT('',(-3.699762787589,-2.787194090512,
    9.679652516809));
#5879 = CARTESIAN_POINT('',(-3.295101232697,-2.787194090512,
    9.332140522783));
#5880 = CARTESIAN_POINT('',(-2.890439677804,-2.787194090512,
    8.984628528757));
#5881 = CARTESIAN_POINT('',(-2.890439677804,-2.253794090512,
    8.984628528757));
#5882 = CARTESIAN_POINT('',(-2.890439677804,-1.720394090512,
    8.984628528757));
#5883 = CARTESIAN_POINT('',(-3.295101232697,-1.720394090512,
    9.332140522783));
#5884 = CARTESIAN_POINT('',(-3.699762787589,-1.720394090512,
    9.679652516809));
#5885 = CARTESIAN_POINT('',(-3.699762787589,-2.253794090512,
    9.679652516809));
#5886 = ADVANCED_FACE('',(#5887),#5898,.T.);
#5887 = FACE_BOUND('',#5888,.T.);
#5888 = EDGE_LOOP('',(#5889,#5890,#5896,#5897));
#5889 = ORIENTED_EDGE('',*,*,#5749,.T.);
#5890 = ORIENTED_EDGE('',*,*,#5891,.T.);
#5891 = EDGE_CURVE('',#5742,#5518,#5892,.T.);
#5892 = ( BOUNDED_CURVE() B_SPLINE_CURVE(2,(#5893,#5894,#5895),
.UNSPECIFIED.,.F.,.F.) B_SPLINE_CURVE_WITH_KNOTS((3,3),(-1.72257562311,
0.),.PIECEWISE_BEZIER_KNOTS.) CURVE() GEOMETRIC_REPRESENTATION_ITEM() 
RATIONAL_B_SPLINE_CURVE((1.,0.982758124269,1.)) REPRESENTATION_ITEM('') 
  );
#5893 = CARTESIAN_POINT('',(3.513613577132,-1.685875900757,
    3.485007204309));
#5894 = CARTESIAN_POINT('',(4.081304997509,-1.685875900757,
    4.146057461043));
#5895 = CARTESIAN_POINT('',(4.36994560283,-1.685875900757,4.968217780967
    ));
#5896 = ORIENTED_EDGE('',*,*,#5517,.F.);
#5897 = ORIENTED_EDGE('',*,*,#5797,.F.);
#5898 = ( BOUNDED_SURFACE() B_SPLINE_SURFACE(2,1,(
    (#5899,#5900)
    ,(#5901,#5902)
    ,(#5903,#5904)
    ,(#5905,#5906)
    ,(#5907,#5908)
    ,(#5909,#5910)
    ,(#5911,#5912)
    ,(#5913,#5914)
    ,(#5915,#5916
)),.UNSPECIFIED.,.T.,.F.,.F.) B_SPLINE_SURFACE_WITH_KNOTS((1,2,2,2,2,2,1
    ),(2,2),(-1.570796326795,0.,1.570796326795,3.14159265359,
    4.712388980385,6.28318530718,7.853981633974),(0.,10.603706459297),
.UNSPECIFIED.) GEOMETRIC_REPRESENTATION_ITEM() RATIONAL_B_SPLINE_SURFACE
((
    (1.,1.)
    ,(0.707106781187,0.707106781187)
    ,(1.,1.)
    ,(0.707106781187,0.707106781187)
    ,(1.,1.)
    ,(0.707106781187,0.707106781187)
    ,(1.,1.)
    ,(0.707106781187,0.707106781187)
,(1.,1.))) REPRESENTATION_ITEM('') SURFACE() );
#5899 = CARTESIAN_POINT('',(0.,6.335995387083,6.5024));
#5900 = CARTESIAN_POINT('',(-4.022227543535,-2.847083780942,
    9.956576205227));
#5901 = CARTESIAN_POINT('',(0.,6.335995387083,6.5024));
#5902 = CARTESIAN_POINT('',(-7.476403748763,-2.847083780942,
    5.934348661692));
#5903 = CARTESIAN_POINT('',(0.,6.335995387083,6.5024));
#5904 = CARTESIAN_POINT('',(-3.454176205227,-2.847083780942,
    2.480172456465));
#5905 = CARTESIAN_POINT('',(0.,6.335995387083,6.5024));
#5906 = CARTESIAN_POINT('',(0.568051338308,-2.847083780942,
    -0.974003748763));
#5907 = CARTESIAN_POINT('',(0.,6.335995387083,6.5024));
#5908 = CARTESIAN_POINT('',(4.022227543535,-2.847083780942,
    3.048223794773));
#5909 = CARTESIAN_POINT('',(0.,6.335995387083,6.5024));
#5910 = CARTESIAN_POINT('',(7.476403748763,-2.847083780942,
    7.070451338308));
#5911 = CARTESIAN_POINT('',(0.,6.335995387083,6.5024));
#5912 = CARTESIAN_POINT('',(3.454176205227,-2.847083780942,
    10.524627543535));
#5913 = CARTESIAN_POINT('',(0.,6.335995387083,6.5024));
#5914 = CARTESIAN_POINT('',(-0.568051338308,-2.847083780942,
    13.978803748763));
#5915 = CARTESIAN_POINT('',(0.,6.335995387083,6.5024));
#5916 = CARTESIAN_POINT('',(-4.022227543535,-2.847083780942,
    9.956576205227));
#5917 = ADVANCED_FACE('',(#5918),#5929,.T.);
#5918 = FACE_BOUND('',#5919,.T.);
#5919 = EDGE_LOOP('',(#5920,#5926,#5927,#5928));
#5920 = ORIENTED_EDGE('',*,*,#5921,.F.);
#5921 = EDGE_CURVE('',#5525,#5735,#5922,.T.);
#5922 = ( BOUNDED_CURVE() B_SPLINE_CURVE(2,(#5923,#5924,#5925),
.UNSPECIFIED.,.F.,.F.) B_SPLINE_CURVE_WITH_KNOTS((3,3),(0.,1.70991895452
),.PIECEWISE_BEZIER_KNOTS.) CURVE() GEOMETRIC_REPRESENTATION_ITEM() 
RATIONAL_B_SPLINE_CURVE((1.,0.982758124269,1.)) REPRESENTATION_ITEM('') 
  );
#5923 = CARTESIAN_POINT('',(4.337837315384,-1.558875900757,
    4.979490224188));
#5924 = CARTESIAN_POINT('',(4.051317504317,-1.558875900757,
    4.163370748311));
#5925 = CARTESIAN_POINT('',(3.487797211217,-1.558875900757,3.5071775753)
  );
#5926 = ORIENTED_EDGE('',*,*,#5524,.F.);
#5927 = ORIENTED_EDGE('',*,*,#5891,.F.);
#5928 = ORIENTED_EDGE('',*,*,#5741,.T.);
#5929 = ( BOUNDED_SURFACE() B_SPLINE_SURFACE(2,2,(
    (#5930,#5931,#5932,#5933,#5934,#5935,#5936,#5937,#5938)
    ,(#5939,#5940,#5941,#5942,#5943,#5944,#5945,#5946,#5947)
    ,(#5948,#5949,#5950,#5951,#5952,#5953,#5954,#5955,#5956)
    ,(#5957,#5958,#5959,#5960,#5961,#5962,#5963,#5964,#5965)
    ,(#5966,#5967,#5968,#5969,#5970,#5971,#5972,#5973,#5974)
    ,(#5975,#5976,#5977,#5978,#5979,#5980,#5981,#5982,#5983)
    ,(#5984,#5985,#5986,#5987,#5988,#5989,#5990,#5991,#5992)
    ,(#5993,#5994,#5995,#5996,#5997,#5998,#5999,#6000,#6001)
    ,(#6002,#6003,#6004,#6005,#6006,#6007,#6008,#6009,#6010
)),.UNSPECIFIED.,.T.,.T.,.F.) B_SPLINE_SURFACE_WITH_KNOTS((1,2,2,2,2,2,1
    ),(1,2,2,2,2,2,1),(-0.398982267006,0.,0.398982267006,0.797964534012,
    1.196946801018,1.595929068024,1.99491133503),(-7.620561299813,0.,
    7.620561299813,15.241122599626,22.861683899438,30.482245199251,
38.102806499064),.UNSPECIFIED.) GEOMETRIC_REPRESENTATION_ITEM() 
RATIONAL_B_SPLINE_SURFACE((
    (1.,0.707106781187,1.,0.707106781187,1.,0.707106781187,1.
      ,0.707106781187,1.)
    ,(0.707106781187,0.5,0.707106781187,0.5,0.707106781187,0.5
      ,0.707106781187,0.5,0.707106781187)
    ,(1.,0.707106781187,1.,0.707106781187,1.,0.707106781187,1.
      ,0.707106781187,1.)
    ,(0.707106781187,0.5,0.707106781187,0.5,0.707106781187,0.5
      ,0.707106781187,0.5,0.707106781187)
    ,(1.,0.707106781187,1.,0.707106781187,1.,0.707106781187,1.
      ,0.707106781187,1.)
    ,(0.707106781187,0.5,0.707106781187,0.5,0.707106781187,0.5
      ,0.707106781187,0.5,0.707106781187)
    ,(1.,0.707106781187,1.,0.707106781187,1.,0.707106781187,1.
      ,0.707106781187,1.)
    ,(0.707106781187,0.5,0.707106781187,0.5,0.707106781187,0.5
      ,0.707106781187,0.5,0.707106781187)
    ,(1.,0.707106781187,1.,0.707106781187,1.,0.707106781187,1.
,0.707106781187,1.))) REPRESENTATION_ITEM('') SURFACE() );
#5930 = CARTESIAN_POINT('',(-3.873189168257,-1.558875900757,
    9.828586228535));
#5931 = CARTESIAN_POINT('',(-7.199375396792,-1.558875900757,
    5.955397060277));
#5932 = CARTESIAN_POINT('',(-3.326186228535,-1.558875900757,
    2.629210831743));
#5933 = CARTESIAN_POINT('',(0.547002939723,-1.558875900757,
    -0.696975396792));
#5934 = CARTESIAN_POINT('',(3.873189168257,-1.558875900757,
    3.176213771465));
#5935 = CARTESIAN_POINT('',(7.199375396792,-1.558875900757,
    7.049402939723));
#5936 = CARTESIAN_POINT('',(3.326186228535,-1.558875900757,
    10.375589168258));
#5937 = CARTESIAN_POINT('',(-0.547002939723,-1.558875900757,
    13.701775396792));
#5938 = CARTESIAN_POINT('',(-3.873189168257,-1.558875900757,
    9.828586228535));
#5939 = CARTESIAN_POINT('',(-3.873189168257,-1.812875900757,
    9.828586228535));
#5940 = CARTESIAN_POINT('',(-7.199375396792,-1.812875900757,
    5.955397060277));
#5941 = CARTESIAN_POINT('',(-3.326186228535,-1.812875900757,
    2.629210831743));
#5942 = CARTESIAN_POINT('',(0.547002939723,-1.812875900757,
    -0.696975396792));
#5943 = CARTESIAN_POINT('',(3.873189168257,-1.812875900757,
    3.176213771465));
#5944 = CARTESIAN_POINT('',(7.199375396792,-1.812875900757,
    7.049402939723));
#5945 = CARTESIAN_POINT('',(3.326186228535,-1.812875900757,
    10.375589168258));
#5946 = CARTESIAN_POINT('',(-0.547002939723,-1.812875900757,
    13.701775396792));
#5947 = CARTESIAN_POINT('',(-3.873189168257,-1.812875900757,
    9.828586228535));
#5948 = CARTESIAN_POINT('',(-3.680493189737,-1.812875900757,
    9.663104326617));
#5949 = CARTESIAN_POINT('',(-6.841197516355,-1.812875900757,
    5.98261113688));
#5950 = CARTESIAN_POINT('',(-3.160704326617,-1.812875900757,
    2.821906810263));
#5951 = CARTESIAN_POINT('',(0.51978886312,-1.812875900757,
    -0.338797516355));
#5952 = CARTESIAN_POINT('',(3.680493189737,-1.812875900757,
    3.341695673383));
#5953 = CARTESIAN_POINT('',(6.841197516355,-1.812875900757,7.02218886312
    ));
#5954 = CARTESIAN_POINT('',(3.160704326617,-1.812875900757,
    10.182893189737));
#5955 = CARTESIAN_POINT('',(-0.51978886312,-1.812875900757,
    13.343597516355));
#5956 = CARTESIAN_POINT('',(-3.680493189737,-1.812875900757,
    9.663104326617));
#5957 = CARTESIAN_POINT('',(-3.487797211217,-1.812875900757,9.4976224247
    ));
#5958 = CARTESIAN_POINT('',(-6.483019635917,-1.812875900757,
    6.009825213483));
#5959 = CARTESIAN_POINT('',(-2.9952224247,-1.812875900757,3.014602788783
    ));
#5960 = CARTESIAN_POINT('',(0.492574786517,-1.812875900757,
    1.938036408279E-02));
#5961 = CARTESIAN_POINT('',(3.487797211217,-1.812875900757,3.5071775753)
  );
#5962 = CARTESIAN_POINT('',(6.483019635917,-1.812875900757,
    6.994974786517));
#5963 = CARTESIAN_POINT('',(2.9952224247,-1.812875900757,9.990197211217)
  );
#5964 = CARTESIAN_POINT('',(-0.492574786517,-1.812875900757,
    12.985419635917));
#5965 = CARTESIAN_POINT('',(-3.487797211217,-1.812875900757,9.4976224247
    ));
#5966 = CARTESIAN_POINT('',(-3.487797211217,-1.558875900757,9.4976224247
    ));
#5967 = CARTESIAN_POINT('',(-6.483019635917,-1.558875900757,
    6.009825213483));
#5968 = CARTESIAN_POINT('',(-2.9952224247,-1.558875900757,3.014602788783
    ));
#5969 = CARTESIAN_POINT('',(0.492574786517,-1.558875900757,
    1.93803640828E-02));
#5970 = CARTESIAN_POINT('',(3.487797211217,-1.558875900757,3.5071775753)
  );
#5971 = CARTESIAN_POINT('',(6.483019635917,-1.558875900757,
    6.994974786517));
#5972 = CARTESIAN_POINT('',(2.9952224247,-1.558875900757,9.990197211217)
  );
#5973 = CARTESIAN_POINT('',(-0.492574786517,-1.558875900757,
    12.985419635917));
#5974 = CARTESIAN_POINT('',(-3.487797211217,-1.558875900757,9.4976224247
    ));
#5975 = CARTESIAN_POINT('',(-3.487797211217,-1.304875900757,9.4976224247
    ));
#5976 = CARTESIAN_POINT('',(-6.483019635917,-1.304875900757,
    6.009825213483));
#5977 = CARTESIAN_POINT('',(-2.9952224247,-1.304875900757,3.014602788783
    ));
#5978 = CARTESIAN_POINT('',(0.492574786517,-1.304875900757,
    1.938036408279E-02));
#5979 = CARTESIAN_POINT('',(3.487797211217,-1.304875900757,3.5071775753)
  );
#5980 = CARTESIAN_POINT('',(6.483019635917,-1.304875900757,
    6.994974786517));
#5981 = CARTESIAN_POINT('',(2.9952224247,-1.304875900757,9.990197211217)
  );
#5982 = CARTESIAN_POINT('',(-0.492574786517,-1.304875900757,
    12.985419635917));
#5983 = CARTESIAN_POINT('',(-3.487797211217,-1.304875900757,9.4976224247
    ));
#5984 = CARTESIAN_POINT('',(-3.680493189737,-1.304875900757,
    9.663104326617));
#5985 = CARTESIAN_POINT('',(-6.841197516355,-1.304875900757,
    5.98261113688));
#5986 = CARTESIAN_POINT('',(-3.160704326617,-1.304875900757,
    2.821906810263));
#5987 = CARTESIAN_POINT('',(0.51978886312,-1.304875900757,
    -0.338797516355));
#5988 = CARTESIAN_POINT('',(3.680493189737,-1.304875900757,
    3.341695673383));
#5989 = CARTESIAN_POINT('',(6.841197516355,-1.304875900757,7.02218886312
    ));
#5990 = CARTESIAN_POINT('',(3.160704326617,-1.304875900757,
    10.182893189737));
#5991 = CARTESIAN_POINT('',(-0.51978886312,-1.304875900757,
    13.343597516355));
#5992 = CARTESIAN_POINT('',(-3.680493189737,-1.304875900757,
    9.663104326617));
#5993 = CARTESIAN_POINT('',(-3.873189168257,-1.304875900757,
    9.828586228535));
#5994 = CARTESIAN_POINT('',(-7.199375396792,-1.304875900757,
    5.955397060277));
#5995 = CARTESIAN_POINT('',(-3.326186228535,-1.304875900757,
    2.629210831743));
#5996 = CARTESIAN_POINT('',(0.547002939723,-1.304875900757,
    -0.696975396792));
#5997 = CARTESIAN_POINT('',(3.873189168257,-1.304875900757,
    3.176213771465));
#5998 = CARTESIAN_POINT('',(7.199375396792,-1.304875900757,
    7.049402939723));
#5999 = CARTESIAN_POINT('',(3.326186228535,-1.304875900757,
    10.375589168258));
#6000 = CARTESIAN_POINT('',(-0.547002939723,-1.304875900757,
    13.701775396792));
#6001 = CARTESIAN_POINT('',(-3.873189168257,-1.304875900757,
    9.828586228535));
#6002 = CARTESIAN_POINT('',(-3.873189168257,-1.558875900757,
    9.828586228535));
#6003 = CARTESIAN_POINT('',(-7.199375396792,-1.558875900757,
    5.955397060277));
#6004 = CARTESIAN_POINT('',(-3.326186228535,-1.558875900757,
    2.629210831743));
#6005 = CARTESIAN_POINT('',(0.547002939723,-1.558875900757,
    -0.696975396792));
#6006 = CARTESIAN_POINT('',(3.873189168257,-1.558875900757,
    3.176213771465));
#6007 = CARTESIAN_POINT('',(7.199375396792,-1.558875900757,
    7.049402939723));
#6008 = CARTESIAN_POINT('',(3.326186228535,-1.558875900757,
    10.375589168258));
#6009 = CARTESIAN_POINT('',(-0.547002939723,-1.558875900757,
    13.701775396792));
#6010 = CARTESIAN_POINT('',(-3.873189168257,-1.558875900757,
    9.828586228535));
#6011 = ADVANCED_FACE('',(#6012),#6023,.T.);
#6012 = FACE_BOUND('',#6013,.T.);
#6013 = EDGE_LOOP('',(#6014,#6015,#6021,#6022));
#6014 = ORIENTED_EDGE('',*,*,#5734,.T.);
#6015 = ORIENTED_EDGE('',*,*,#6016,.T.);
#6016 = EDGE_CURVE('',#5728,#5533,#6017,.T.);
#6017 = ( BOUNDED_CURVE() B_SPLINE_CURVE(2,(#6018,#6019,#6020),
.UNSPECIFIED.,.F.,.F.) B_SPLINE_CURVE_WITH_KNOTS((3,3),(-1.70991895452,
0.),.PIECEWISE_BEZIER_KNOTS.) CURVE() GEOMETRIC_REPRESENTATION_ITEM() 
RATIONAL_B_SPLINE_CURVE((1.,0.982758124269,1.)) REPRESENTATION_ITEM('') 
  );
#6018 = CARTESIAN_POINT('',(3.487797211217,-0.9652,3.5071775753));
#6019 = CARTESIAN_POINT('',(4.051317504317,-0.9652,4.163370748311));
#6020 = CARTESIAN_POINT('',(4.337837315384,-0.9652,4.979490224188));
#6021 = ORIENTED_EDGE('',*,*,#5532,.F.);
#6022 = ORIENTED_EDGE('',*,*,#5921,.T.);
#6023 = CYLINDRICAL_SURFACE('',#6024,4.5974);
#6024 = AXIS2_PLACEMENT_3D('',#6025,#6026,#6027);
#6025 = CARTESIAN_POINT('',(-1.107032261697E-16,-1.262037950378,6.5024)
  );
#6026 = DIRECTION('',(0.,-1.,0.));
#6027 = DIRECTION('',(0.,-0.,-1.));
#6028 = ADVANCED_FACE('',(#6029),#6040,.T.);
#6029 = FACE_BOUND('',#6030,.T.);
#6030 = EDGE_LOOP('',(#6031,#6037,#6038,#6039));
#6031 = ORIENTED_EDGE('',*,*,#6032,.F.);
#6032 = EDGE_CURVE('',#5540,#5721,#6033,.T.);
#6033 = ( BOUNDED_CURVE() B_SPLINE_CURVE(2,(#6034,#6035,#6036),
.UNSPECIFIED.,.F.,.F.) B_SPLINE_CURVE_WITH_KNOTS((3,3),(-1.606001228001,
0.),.PIECEWISE_BEZIER_KNOTS.) CURVE() GEOMETRIC_REPRESENTATION_ITEM() 
RATIONAL_B_SPLINE_CURVE((1.,0.982758124269,1.)) REPRESENTATION_ITEM('') 
  );
#6034 = CARTESIAN_POINT('',(4.074211843178,-0.9652,5.072042751999));
#6035 = CARTESIAN_POINT('',(3.805104838308,-0.9652,4.305521697308));
#6036 = CARTESIAN_POINT('',(3.275831634845,-0.9652,3.689207667409));
#6037 = ORIENTED_EDGE('',*,*,#5539,.F.);
#6038 = ORIENTED_EDGE('',*,*,#6016,.F.);
#6039 = ORIENTED_EDGE('',*,*,#5727,.T.);
#6040 = PLANE('',#6041);
#6041 = AXIS2_PLACEMENT_3D('',#6042,#6043,#6044);
#6042 = CARTESIAN_POINT('',(5.432226448733,-0.9652,4.436030304741));
#6043 = DIRECTION('',(0.,1.,0.));
#6044 = DIRECTION('',(0.,-0.,1.));
#6045 = ADVANCED_FACE('',(#6046),#6057,.F.);
#6046 = FACE_BOUND('',#6047,.F.);
#6047 = EDGE_LOOP('',(#6048,#6049,#6050,#6051));
#6048 = ORIENTED_EDGE('',*,*,#5720,.F.);
#6049 = ORIENTED_EDGE('',*,*,#6032,.F.);
#6050 = ORIENTED_EDGE('',*,*,#5546,.T.);
#6051 = ORIENTED_EDGE('',*,*,#6052,.T.);
#6052 = EDGE_CURVE('',#5547,#5713,#6053,.T.);
#6053 = ( BOUNDED_CURVE() B_SPLINE_CURVE(2,(#6054,#6055,#6056),
.UNSPECIFIED.,.F.,.F.) B_SPLINE_CURVE_WITH_KNOTS((3,3),(0.,
1.606001228001),.PIECEWISE_BEZIER_KNOTS.) CURVE() 
GEOMETRIC_REPRESENTATION_ITEM() RATIONAL_B_SPLINE_CURVE((1.,
0.982758124269,1.)) REPRESENTATION_ITEM('') );
#6054 = CARTESIAN_POINT('',(4.074211843178,-1.558875900757,
    5.072042751999));
#6055 = CARTESIAN_POINT('',(3.805104838308,-1.558875900757,
    4.305521697308));
#6056 = CARTESIAN_POINT('',(3.275831634845,-1.558875900757,
    3.689207667409));
#6057 = CYLINDRICAL_SURFACE('',#6058,4.318);
#6058 = AXIS2_PLACEMENT_3D('',#6059,#6060,#6061);
#6059 = CARTESIAN_POINT('',(0.,-1.262037950378,6.5024));
#6060 = DIRECTION('',(0.,-1.,0.));
#6061 = DIRECTION('',(0.,-0.,-1.));
#6062 = ADVANCED_FACE('',(#6063),#6074,.T.);
#6063 = FACE_BOUND('',#6064,.T.);
#6064 = EDGE_LOOP('',(#6065,#6066,#6072,#6073));
#6065 = ORIENTED_EDGE('',*,*,#5712,.T.);
#6066 = ORIENTED_EDGE('',*,*,#6067,.T.);
#6067 = EDGE_CURVE('',#5706,#5554,#6068,.T.);
#6068 = ( BOUNDED_CURVE() B_SPLINE_CURVE(2,(#6069,#6070,#6071),
.UNSPECIFIED.,.F.,.F.) B_SPLINE_CURVE_WITH_KNOTS((3,3),(-1.632580232042,
0.),.PIECEWISE_BEZIER_KNOTS.) CURVE() GEOMETRIC_REPRESENTATION_ITEM() 
RATIONAL_B_SPLINE_CURVE((1.,0.982758124269,1.)) REPRESENTATION_ITEM('') 
  );
#6069 = CARTESIAN_POINT('',(3.330046003265,-1.825575900757,
    3.642649888329));
#6070 = CARTESIAN_POINT('',(3.868078574012,-1.825575900757,
    4.269163794048));
#6071 = CARTESIAN_POINT('',(4.141639246815,-1.825575900757,
    5.048370621237));
#6072 = ORIENTED_EDGE('',*,*,#5553,.F.);
#6073 = ORIENTED_EDGE('',*,*,#6052,.T.);
#6074 = ( BOUNDED_SURFACE() B_SPLINE_SURFACE(2,2,(
    (#6075,#6076,#6077,#6078,#6079,#6080,#6081,#6082,#6083)
    ,(#6084,#6085,#6086,#6087,#6088,#6089,#6090,#6091,#6092)
    ,(#6093,#6094,#6095,#6096,#6097,#6098,#6099,#6100,#6101)
    ,(#6102,#6103,#6104,#6105,#6106,#6107,#6108,#6109,#6110)
    ,(#6111,#6112,#6113,#6114,#6115,#6116,#6117,#6118,#6119)
    ,(#6120,#6121,#6122,#6123,#6124,#6125,#6126,#6127,#6128)
    ,(#6129,#6130,#6131,#6132,#6133,#6134,#6135,#6136,#6137)
    ,(#6138,#6139,#6140,#6141,#6142,#6143,#6144,#6145,#6146)
    ,(#6147,#6148,#6149,#6150,#6151,#6152,#6153,#6154,#6155
)),.UNSPECIFIED.,.T.,.T.,.F.) B_SPLINE_SURFACE_WITH_KNOTS((1,2,2,2,2,2,1
    ),(1,2,2,2,2,2,1),(-7.620561299813,0.,7.620561299813,15.241122599626
    ,22.861683899438,30.482245199251,38.102806499064),(-0.837862760712,
    0.,0.837862760712,1.675725521425,2.513588282137,3.35145104285,
4.189313803562),.UNSPECIFIED.) GEOMETRIC_REPRESENTATION_ITEM() 
RATIONAL_B_SPLINE_SURFACE((
    (1.,0.707106781187,1.,0.707106781187,1.,0.707106781187,1.
      ,0.707106781187,1.)
    ,(0.707106781187,0.5,0.707106781187,0.5,0.707106781187,0.5
      ,0.707106781187,0.5,0.707106781187)
    ,(1.,0.707106781187,1.,0.707106781187,1.,0.707106781187,1.
      ,0.707106781187,1.)
    ,(0.707106781187,0.5,0.707106781187,0.5,0.707106781187,0.5
      ,0.707106781187,0.5,0.707106781187)
    ,(1.,0.707106781187,1.,0.707106781187,1.,0.707106781187,1.
      ,0.707106781187,1.)
    ,(0.707106781187,0.5,0.707106781187,0.5,0.707106781187,0.5
      ,0.707106781187,0.5,0.707106781187)
    ,(1.,0.707106781187,1.,0.707106781187,1.,0.707106781187,1.
      ,0.707106781187,1.)
    ,(0.707106781187,0.5,0.707106781187,0.5,0.707106781187,0.5
      ,0.707106781187,0.5,0.707106781187)
    ,(1.,0.707106781187,1.,0.707106781187,1.,0.707106781187,1.
,0.707106781187,1.))) REPRESENTATION_ITEM('') SURFACE() );
#6075 = CARTESIAN_POINT('',(-4.08515474463,-1.558875900757,
    10.010616320643));
#6076 = CARTESIAN_POINT('',(-4.08515474463,-2.092275900757,
    10.010616320643));
#6077 = CARTESIAN_POINT('',(-3.680493189737,-2.092275900757,
    9.663104326617));
#6078 = CARTESIAN_POINT('',(-3.275831634845,-2.092275900757,
    9.315592332591));
#6079 = CARTESIAN_POINT('',(-3.275831634845,-1.558875900757,
    9.315592332591));
#6080 = CARTESIAN_POINT('',(-3.275831634845,-1.025475900757,
    9.315592332591));
#6081 = CARTESIAN_POINT('',(-3.680493189737,-1.025475900757,
    9.663104326617));
#6082 = CARTESIAN_POINT('',(-4.08515474463,-1.025475900757,
    10.010616320643));
#6083 = CARTESIAN_POINT('',(-4.08515474463,-1.558875900757,
    10.010616320643));
#6084 = CARTESIAN_POINT('',(-7.593371065273,-1.558875900757,
    5.925461576014));
#6085 = CARTESIAN_POINT('',(-7.593371065273,-2.092275900757,
    5.925461576014));
#6086 = CARTESIAN_POINT('',(-6.841197516355,-2.092275900757,
    5.98261113688));
#6087 = CARTESIAN_POINT('',(-6.089023967436,-2.092275900757,
    6.039760697747));
#6088 = CARTESIAN_POINT('',(-6.089023967436,-1.558875900757,
    6.039760697747));
#6089 = CARTESIAN_POINT('',(-6.089023967436,-1.025475900757,
    6.039760697747));
#6090 = CARTESIAN_POINT('',(-6.841197516355,-1.025475900757,
    5.98261113688));
#6091 = CARTESIAN_POINT('',(-7.593371065273,-1.025475900757,
    5.925461576014));
#6092 = CARTESIAN_POINT('',(-7.593371065273,-1.558875900757,
    5.925461576014));
#6093 = CARTESIAN_POINT('',(-3.508216320643,-1.558875900757,
    2.41724525537));
#6094 = CARTESIAN_POINT('',(-3.508216320643,-2.092275900757,
    2.41724525537));
#6095 = CARTESIAN_POINT('',(-3.160704326617,-2.092275900757,
    2.821906810263));
#6096 = CARTESIAN_POINT('',(-2.813192332591,-2.092275900757,
    3.226568365155));
#6097 = CARTESIAN_POINT('',(-2.813192332591,-1.558875900757,
    3.226568365155));
#6098 = CARTESIAN_POINT('',(-2.813192332591,-1.025475900757,
    3.226568365155));
#6099 = CARTESIAN_POINT('',(-3.160704326617,-1.025475900757,
    2.821906810263));
#6100 = CARTESIAN_POINT('',(-3.508216320643,-1.025475900757,
    2.41724525537));
#6101 = CARTESIAN_POINT('',(-3.508216320643,-1.558875900757,
    2.41724525537));
#6102 = CARTESIAN_POINT('',(0.576938423986,-1.558875900757,
    -1.090971065273));
#6103 = CARTESIAN_POINT('',(0.576938423986,-2.092275900757,
    -1.090971065273));
#6104 = CARTESIAN_POINT('',(0.51978886312,-2.092275900757,
    -0.338797516355));
#6105 = CARTESIAN_POINT('',(0.462639302253,-2.092275900757,
    0.413376032564));
#6106 = CARTESIAN_POINT('',(0.462639302253,-1.558875900757,
    0.413376032564));
#6107 = CARTESIAN_POINT('',(0.462639302253,-1.025475900757,
    0.413376032564));
#6108 = CARTESIAN_POINT('',(0.51978886312,-1.025475900757,
    -0.338797516355));
#6109 = CARTESIAN_POINT('',(0.576938423986,-1.025475900757,
    -1.090971065273));
#6110 = CARTESIAN_POINT('',(0.576938423986,-1.558875900757,
    -1.090971065273));
#6111 = CARTESIAN_POINT('',(4.08515474463,-1.558875900757,2.994183679357
    ));
#6112 = CARTESIAN_POINT('',(4.08515474463,-2.092275900757,2.994183679357
    ));
#6113 = CARTESIAN_POINT('',(3.680493189737,-2.092275900757,
    3.341695673383));
#6114 = CARTESIAN_POINT('',(3.275831634845,-2.092275900757,
    3.689207667409));
#6115 = CARTESIAN_POINT('',(3.275831634845,-1.558875900757,
    3.689207667409));
#6116 = CARTESIAN_POINT('',(3.275831634845,-1.025475900757,
    3.689207667409));
#6117 = CARTESIAN_POINT('',(3.680493189737,-1.025475900757,
    3.341695673383));
#6118 = CARTESIAN_POINT('',(4.08515474463,-1.025475900757,2.994183679357
    ));
#6119 = CARTESIAN_POINT('',(4.08515474463,-1.558875900757,2.994183679357
    ));
#6120 = CARTESIAN_POINT('',(7.593371065273,-1.558875900757,
    7.079338423986));
#6121 = CARTESIAN_POINT('',(7.593371065273,-2.092275900757,
    7.079338423986));
#6122 = CARTESIAN_POINT('',(6.841197516355,-2.092275900757,7.02218886312
    ));
#6123 = CARTESIAN_POINT('',(6.089023967436,-2.092275900757,
    6.965039302253));
#6124 = CARTESIAN_POINT('',(6.089023967436,-1.558875900757,
    6.965039302253));
#6125 = CARTESIAN_POINT('',(6.089023967436,-1.025475900757,
    6.965039302253));
#6126 = CARTESIAN_POINT('',(6.841197516355,-1.025475900757,7.02218886312
    ));
#6127 = CARTESIAN_POINT('',(7.593371065273,-1.025475900757,
    7.079338423986));
#6128 = CARTESIAN_POINT('',(7.593371065273,-1.558875900757,
    7.079338423986));
#6129 = CARTESIAN_POINT('',(3.508216320643,-1.558875900757,
    10.58755474463));
#6130 = CARTESIAN_POINT('',(3.508216320643,-2.092275900757,
    10.58755474463));
#6131 = CARTESIAN_POINT('',(3.160704326617,-2.092275900757,
    10.182893189737));
#6132 = CARTESIAN_POINT('',(2.813192332591,-2.092275900757,
    9.778231634845));
#6133 = CARTESIAN_POINT('',(2.813192332591,-1.558875900757,
    9.778231634845));
#6134 = CARTESIAN_POINT('',(2.813192332591,-1.025475900757,
    9.778231634845));
#6135 = CARTESIAN_POINT('',(3.160704326617,-1.025475900757,
    10.182893189737));
#6136 = CARTESIAN_POINT('',(3.508216320643,-1.025475900757,
    10.58755474463));
#6137 = CARTESIAN_POINT('',(3.508216320643,-1.558875900757,
    10.58755474463));
#6138 = CARTESIAN_POINT('',(-0.576938423986,-1.558875900757,
    14.095771065273));
#6139 = CARTESIAN_POINT('',(-0.576938423986,-2.092275900757,
    14.095771065273));
#6140 = CARTESIAN_POINT('',(-0.51978886312,-2.092275900757,
    13.343597516355));
#6141 = CARTESIAN_POINT('',(-0.462639302253,-2.092275900757,
    12.591423967436));
#6142 = CARTESIAN_POINT('',(-0.462639302253,-1.558875900757,
    12.591423967436));
#6143 = CARTESIAN_POINT('',(-0.462639302253,-1.025475900757,
    12.591423967436));
#6144 = CARTESIAN_POINT('',(-0.51978886312,-1.025475900757,
    13.343597516355));
#6145 = CARTESIAN_POINT('',(-0.576938423986,-1.025475900757,
    14.095771065273));
#6146 = CARTESIAN_POINT('',(-0.576938423986,-1.558875900757,
    14.095771065273));
#6147 = CARTESIAN_POINT('',(-4.08515474463,-1.558875900757,
    10.010616320643));
#6148 = CARTESIAN_POINT('',(-4.08515474463,-2.092275900757,
    10.010616320643));
#6149 = CARTESIAN_POINT('',(-3.680493189737,-2.092275900757,
    9.663104326617));
#6150 = CARTESIAN_POINT('',(-3.275831634845,-2.092275900757,
    9.315592332591));
#6151 = CARTESIAN_POINT('',(-3.275831634845,-1.558875900757,
    9.315592332591));
#6152 = CARTESIAN_POINT('',(-3.275831634845,-1.025475900757,
    9.315592332591));
#6153 = CARTESIAN_POINT('',(-3.680493189737,-1.025475900757,
    9.663104326617));
#6154 = CARTESIAN_POINT('',(-4.08515474463,-1.025475900757,
    10.010616320643));
#6155 = CARTESIAN_POINT('',(-4.08515474463,-1.558875900757,
    10.010616320643));
#6156 = ADVANCED_FACE('',(#6157),#6168,.T.);
#6157 = FACE_BOUND('',#6158,.T.);
#6158 = EDGE_LOOP('',(#6159,#6165,#6166,#6167));
#6159 = ORIENTED_EDGE('',*,*,#6160,.F.);
#6160 = EDGE_CURVE('',#5562,#5698,#6161,.T.);
#6161 = ( BOUNDED_CURVE() B_SPLINE_CURVE(2,(#6162,#6163,#6164),
.UNSPECIFIED.,.F.,.F.) B_SPLINE_CURVE_WITH_KNOTS((3,3),(0.,
1.697262285929),.PIECEWISE_BEZIER_KNOTS.) CURVE() 
GEOMETRIC_REPRESENTATION_ITEM() RATIONAL_B_SPLINE_CURVE((1.,
0.982758124269,1.)) REPRESENTATION_ITEM('') );
#6162 = CARTESIAN_POINT('',(4.305729027937,-2.126794090512,
    4.990762667408));
#6163 = CARTESIAN_POINT('',(4.021330011124,-2.126794090512,
    4.180684035577));
#6164 = CARTESIAN_POINT('',(3.461980845302,-2.126794090512,3.52934794629
    ));
#6165 = ORIENTED_EDGE('',*,*,#5561,.F.);
#6166 = ORIENTED_EDGE('',*,*,#6067,.F.);
#6167 = ORIENTED_EDGE('',*,*,#5705,.T.);
#6168 = ( BOUNDED_SURFACE() B_SPLINE_SURFACE(1,2,(
    (#6169,#6170,#6171,#6172,#6173,#6174,#6175,#6176,#6177)
    ,(#6178,#6179,#6180,#6181,#6182,#6183,#6184,#6185,#6186
)),.UNSPECIFIED.,.F.,.T.,.F.) B_SPLINE_SURFACE_WITH_KNOTS((2,2),(1,2,2,2
    ,2,2,1),(0.,10.071377964097),(-1.570796326795,0.,1.570796326795,
    3.14159265359,4.712388980385,6.28318530718,7.853981633974),
.UNSPECIFIED.) GEOMETRIC_REPRESENTATION_ITEM() RATIONAL_B_SPLINE_SURFACE
((
    (1.,0.707106781187,1.,0.707106781187,1.,0.707106781187,1.
      ,0.707106781187,1.)
    ,(1.,0.707106781187,1.,0.707106781187,1.,0.707106781187,1.
,0.707106781187,1.))) REPRESENTATION_ITEM('') SURFACE() );
#6169 = CARTESIAN_POINT('',(0.,5.777195387082,6.5024));
#6170 = CARTESIAN_POINT('',(0.,5.777195387082,6.5024));
#6171 = CARTESIAN_POINT('',(0.,5.777195387082,6.5024));
#6172 = CARTESIAN_POINT('',(0.,5.777195387082,6.5024));
#6173 = CARTESIAN_POINT('',(0.,5.777195387082,6.5024));
#6174 = CARTESIAN_POINT('',(0.,5.777195387082,6.5024));
#6175 = CARTESIAN_POINT('',(0.,5.777195387082,6.5024));
#6176 = CARTESIAN_POINT('',(0.,5.777195387082,6.5024));
#6177 = CARTESIAN_POINT('',(0.,5.777195387082,6.5024));
#6178 = CARTESIAN_POINT('',(-3.820303212282,-2.944873780942,
    9.783169252806));
#6179 = CARTESIAN_POINT('',(-7.101072465088,-2.944873780942,
    5.962866040524));
#6180 = CARTESIAN_POINT('',(-3.280769252806,-2.944873780942,
    2.682096787718));
#6181 = CARTESIAN_POINT('',(0.539533959476,-2.944873780942,
    -0.598672465088));
#6182 = CARTESIAN_POINT('',(3.820303212282,-2.944873780942,
    3.221630747194));
#6183 = CARTESIAN_POINT('',(7.101072465088,-2.944873780942,
    7.041933959476));
#6184 = CARTESIAN_POINT('',(3.280769252806,-2.944873780942,
    10.322703212282));
#6185 = CARTESIAN_POINT('',(-0.539533959476,-2.944873780942,
    13.603472465088));
#6186 = CARTESIAN_POINT('',(-3.820303212282,-2.944873780942,
    9.783169252806));
#6187 = ADVANCED_FACE('',(#6188),#6199,.T.);
#6188 = FACE_BOUND('',#6189,.T.);
#6189 = EDGE_LOOP('',(#6190,#6196,#6197,#6198));
#6190 = ORIENTED_EDGE('',*,*,#6191,.T.);
#6191 = EDGE_CURVE('',#5691,#5569,#6192,.T.);
#6192 = ( BOUNDED_CURVE() B_SPLINE_CURVE(2,(#6193,#6194,#6195),
.UNSPECIFIED.,.F.,.F.) B_SPLINE_CURVE_WITH_KNOTS((3,3),(13.645193531602,
15.260641825651),.PIECEWISE_BEZIER_KNOTS.) CURVE() 
GEOMETRIC_REPRESENTATION_ITEM() RATIONAL_B_SPLINE_CURVE((1.,
0.982758124269,1.)) REPRESENTATION_ITEM('') );
#6193 = CARTESIAN_POINT('',(3.487797211217,-2.253794090512,3.5071775753)
  );
#6194 = CARTESIAN_POINT('',(4.051317504317,-2.253794090512,
    4.163370748311));
#6195 = CARTESIAN_POINT('',(4.337837315384,-2.253794090512,
    4.979490224188));
#6196 = ORIENTED_EDGE('',*,*,#5568,.F.);
#6197 = ORIENTED_EDGE('',*,*,#6160,.T.);
#6198 = ORIENTED_EDGE('',*,*,#5697,.T.);
#6199 = ( BOUNDED_SURFACE() B_SPLINE_SURFACE(2,2,(
    (#6200,#6201,#6202,#6203,#6204,#6205,#6206,#6207,#6208)
    ,(#6209,#6210,#6211,#6212,#6213,#6214,#6215,#6216,#6217)
    ,(#6218,#6219,#6220,#6221,#6222,#6223,#6224,#6225,#6226)
    ,(#6227,#6228,#6229,#6230,#6231,#6232,#6233,#6234,#6235)
    ,(#6236,#6237,#6238,#6239,#6240,#6241,#6242,#6243,#6244)
    ,(#6245,#6246,#6247,#6248,#6249,#6250,#6251,#6252,#6253)
    ,(#6254,#6255,#6256,#6257,#6258,#6259,#6260,#6261,#6262)
    ,(#6263,#6264,#6265,#6266,#6267,#6268,#6269,#6270,#6271)
    ,(#6272,#6273,#6274,#6275,#6276,#6277,#6278,#6279,#6280
)),.UNSPECIFIED.,.T.,.T.,.F.) B_SPLINE_SURFACE_WITH_KNOTS((1,2,2,2,2,2,1
    ),(1,2,2,2,2,2,1),(-0.398982267006,0.,0.398982267006,0.797964534012,
    1.196946801018,1.595929068024,1.99491133503),(-6.822596765801,0.,
    6.822596765801,13.645193531602,20.467790297403,27.290387063204,
34.112983829005),.UNSPECIFIED.) GEOMETRIC_REPRESENTATION_ITEM() 
RATIONAL_B_SPLINE_SURFACE((
    (1.,0.707106781187,1.,0.707106781187,1.,0.707106781187,1.
      ,0.707106781187,1.)
    ,(0.707106781187,0.5,0.707106781187,0.5,0.707106781187,0.5
      ,0.707106781187,0.5,0.707106781187)
    ,(1.,0.707106781187,1.,0.707106781187,1.,0.707106781187,1.
      ,0.707106781187,1.)
    ,(0.707106781187,0.5,0.707106781187,0.5,0.707106781187,0.5
      ,0.707106781187,0.5,0.707106781187)
    ,(1.,0.707106781187,1.,0.707106781187,1.,0.707106781187,1.
      ,0.707106781187,1.)
    ,(0.707106781187,0.5,0.707106781187,0.5,0.707106781187,0.5
      ,0.707106781187,0.5,0.707106781187)
    ,(1.,0.707106781187,1.,0.707106781187,1.,0.707106781187,1.
      ,0.707106781187,1.)
    ,(0.707106781187,0.5,0.707106781187,0.5,0.707106781187,0.5
      ,0.707106781187,0.5,0.707106781187)
    ,(1.,0.707106781187,1.,0.707106781187,1.,0.707106781187,1.
,0.707106781187,1.))) REPRESENTATION_ITEM('') SURFACE() );
#6200 = CARTESIAN_POINT('',(-3.487797211217,-2.253794090512,9.4976224247
    ));
#6201 = CARTESIAN_POINT('',(-6.483019635917,-2.253794090512,
    6.009825213483));
#6202 = CARTESIAN_POINT('',(-2.9952224247,-2.253794090512,3.014602788783
    ));
#6203 = CARTESIAN_POINT('',(0.492574786517,-2.253794090512,
    1.938036408279E-02));
#6204 = CARTESIAN_POINT('',(3.487797211217,-2.253794090512,3.5071775753)
  );
#6205 = CARTESIAN_POINT('',(6.483019635917,-2.253794090512,
    6.994974786517));
#6206 = CARTESIAN_POINT('',(2.9952224247,-2.253794090512,9.990197211217)
  );
#6207 = CARTESIAN_POINT('',(-0.492574786517,-2.253794090512,
    12.985419635917));
#6208 = CARTESIAN_POINT('',(-3.487797211217,-2.253794090512,9.4976224247
    ));
#6209 = CARTESIAN_POINT('',(-3.487797211217,-2.507794090512,9.4976224247
    ));
#6210 = CARTESIAN_POINT('',(-6.483019635917,-2.507794090512,
    6.009825213483));
#6211 = CARTESIAN_POINT('',(-2.9952224247,-2.507794090512,3.014602788783
    ));
#6212 = CARTESIAN_POINT('',(0.492574786517,-2.507794090512,
    1.938036408279E-02));
#6213 = CARTESIAN_POINT('',(3.487797211217,-2.507794090512,3.5071775753)
  );
#6214 = CARTESIAN_POINT('',(6.483019635917,-2.507794090512,
    6.994974786517));
#6215 = CARTESIAN_POINT('',(2.9952224247,-2.507794090512,9.990197211217)
  );
#6216 = CARTESIAN_POINT('',(-0.492574786517,-2.507794090512,
    12.985419635917));
#6217 = CARTESIAN_POINT('',(-3.487797211217,-2.507794090512,9.4976224247
    ));
#6218 = CARTESIAN_POINT('',(-3.295101232697,-2.507794090512,
    9.332140522783));
#6219 = CARTESIAN_POINT('',(-6.12484175548,-2.507794090512,
    6.037039290086));
#6220 = CARTESIAN_POINT('',(-2.829740522783,-2.507794090512,
    3.207298767303));
#6221 = CARTESIAN_POINT('',(0.465360709914,-2.507794090512,0.37755824452
    ));
#6222 = CARTESIAN_POINT('',(3.295101232697,-2.507794090512,
    3.672659477217));
#6223 = CARTESIAN_POINT('',(6.12484175548,-2.507794090512,6.967760709914
    ));
#6224 = CARTESIAN_POINT('',(2.829740522783,-2.507794090512,
    9.797501232697));
#6225 = CARTESIAN_POINT('',(-0.465360709914,-2.507794090512,
    12.62724175548));
#6226 = CARTESIAN_POINT('',(-3.295101232697,-2.507794090512,
    9.332140522783));
#6227 = CARTESIAN_POINT('',(-3.102405254176,-2.507794090512,
    9.166658620866));
#6228 = CARTESIAN_POINT('',(-5.766663875042,-2.507794090512,
    6.06425336669));
#6229 = CARTESIAN_POINT('',(-2.664258620866,-2.507794090512,
    3.399994745824));
#6230 = CARTESIAN_POINT('',(0.43814663331,-2.507794090512,0.735736124958
    ));
#6231 = CARTESIAN_POINT('',(3.102405254176,-2.507794090512,
    3.838141379134));
#6232 = CARTESIAN_POINT('',(5.766663875042,-2.507794090512,6.94054663331
    ));
#6233 = CARTESIAN_POINT('',(2.664258620866,-2.507794090512,
    9.604805254176));
#6234 = CARTESIAN_POINT('',(-0.43814663331,-2.507794090512,
    12.269063875042));
#6235 = CARTESIAN_POINT('',(-3.102405254176,-2.507794090512,
    9.166658620866));
#6236 = CARTESIAN_POINT('',(-3.102405254176,-2.253794090512,
    9.166658620866));
#6237 = CARTESIAN_POINT('',(-5.766663875042,-2.253794090512,
    6.06425336669));
#6238 = CARTESIAN_POINT('',(-2.664258620866,-2.253794090512,
    3.399994745824));
#6239 = CARTESIAN_POINT('',(0.43814663331,-2.253794090512,0.735736124958
    ));
#6240 = CARTESIAN_POINT('',(3.102405254176,-2.253794090512,
    3.838141379134));
#6241 = CARTESIAN_POINT('',(5.766663875042,-2.253794090512,6.94054663331
    ));
#6242 = CARTESIAN_POINT('',(2.664258620866,-2.253794090512,
    9.604805254176));
#6243 = CARTESIAN_POINT('',(-0.43814663331,-2.253794090512,
    12.269063875042));
#6244 = CARTESIAN_POINT('',(-3.102405254176,-2.253794090512,
    9.166658620866));
#6245 = CARTESIAN_POINT('',(-3.102405254176,-1.999794090512,
    9.166658620866));
#6246 = CARTESIAN_POINT('',(-5.766663875042,-1.999794090512,
    6.06425336669));
#6247 = CARTESIAN_POINT('',(-2.664258620866,-1.999794090512,
    3.399994745824));
#6248 = CARTESIAN_POINT('',(0.43814663331,-1.999794090512,0.735736124958
    ));
#6249 = CARTESIAN_POINT('',(3.102405254176,-1.999794090512,
    3.838141379134));
#6250 = CARTESIAN_POINT('',(5.766663875042,-1.999794090512,6.94054663331
    ));
#6251 = CARTESIAN_POINT('',(2.664258620866,-1.999794090512,
    9.604805254176));
#6252 = CARTESIAN_POINT('',(-0.43814663331,-1.999794090512,
    12.269063875042));
#6253 = CARTESIAN_POINT('',(-3.102405254176,-1.999794090512,
    9.166658620866));
#6254 = CARTESIAN_POINT('',(-3.295101232697,-1.999794090512,
    9.332140522783));
#6255 = CARTESIAN_POINT('',(-6.12484175548,-1.999794090512,
    6.037039290086));
#6256 = CARTESIAN_POINT('',(-2.829740522783,-1.999794090512,
    3.207298767303));
#6257 = CARTESIAN_POINT('',(0.465360709914,-1.999794090512,0.37755824452
    ));
#6258 = CARTESIAN_POINT('',(3.295101232697,-1.999794090512,
    3.672659477217));
#6259 = CARTESIAN_POINT('',(6.12484175548,-1.999794090512,6.967760709914
    ));
#6260 = CARTESIAN_POINT('',(2.829740522783,-1.999794090512,
    9.797501232697));
#6261 = CARTESIAN_POINT('',(-0.465360709914,-1.999794090512,
    12.62724175548));
#6262 = CARTESIAN_POINT('',(-3.295101232697,-1.999794090512,
    9.332140522783));
#6263 = CARTESIAN_POINT('',(-3.487797211217,-1.999794090512,9.4976224247
    ));
#6264 = CARTESIAN_POINT('',(-6.483019635917,-1.999794090512,
    6.009825213483));
#6265 = CARTESIAN_POINT('',(-2.9952224247,-1.999794090512,3.014602788783
    ));
#6266 = CARTESIAN_POINT('',(0.492574786517,-1.999794090512,
    1.938036408279E-02));
#6267 = CARTESIAN_POINT('',(3.487797211217,-1.999794090512,3.5071775753)
  );
#6268 = CARTESIAN_POINT('',(6.483019635917,-1.999794090512,
    6.994974786517));
#6269 = CARTESIAN_POINT('',(2.9952224247,-1.999794090512,9.990197211217)
  );
#6270 = CARTESIAN_POINT('',(-0.492574786517,-1.999794090512,
    12.985419635917));
#6271 = CARTESIAN_POINT('',(-3.487797211217,-1.999794090512,9.4976224247
    ));
#6272 = CARTESIAN_POINT('',(-3.487797211217,-2.253794090512,9.4976224247
    ));
#6273 = CARTESIAN_POINT('',(-6.483019635917,-2.253794090512,
    6.009825213483));
#6274 = CARTESIAN_POINT('',(-2.9952224247,-2.253794090512,3.014602788783
    ));
#6275 = CARTESIAN_POINT('',(0.492574786517,-2.253794090512,
    1.938036408279E-02));
#6276 = CARTESIAN_POINT('',(3.487797211217,-2.253794090512,3.5071775753)
  );
#6277 = CARTESIAN_POINT('',(6.483019635917,-2.253794090512,
    6.994974786517));
#6278 = CARTESIAN_POINT('',(2.9952224247,-2.253794090512,9.990197211217)
  );
#6279 = CARTESIAN_POINT('',(-0.492574786517,-2.253794090512,
    12.985419635917));
#6280 = CARTESIAN_POINT('',(-3.487797211217,-2.253794090512,9.4976224247
    ));
#6281 = ADVANCED_FACE('',(#6282),#6288,.F.);
#6282 = FACE_BOUND('',#6283,.F.);
#6283 = EDGE_LOOP('',(#6284,#6285,#6286,#6287));
#6284 = ORIENTED_EDGE('',*,*,#5690,.F.);
#6285 = ORIENTED_EDGE('',*,*,#6191,.T.);
#6286 = ORIENTED_EDGE('',*,*,#5576,.T.);
#6287 = ORIENTED_EDGE('',*,*,#5599,.T.);
#6288 = CYLINDRICAL_SURFACE('',#6289,4.5974);
#6289 = AXIS2_PLACEMENT_3D('',#6290,#6291,#6292);
#6290 = CARTESIAN_POINT('',(-1.107032261697E-16,-3.336697045256,6.5024)
  );
#6291 = DIRECTION('',(0.,-1.,0.));
#6292 = DIRECTION('',(0.,-0.,-1.));
#6293 = ADVANCED_FACE('',(#6294),#6384,.T.);
#6294 = FACE_BOUND('',#6295,.T.);
#6295 = EDGE_LOOP('',(#6296,#6304,#6305,#6312,#6320,#6327,#6335,#6342,
    #6349,#6356,#6364,#6371,#6379));
#6296 = ORIENTED_EDGE('',*,*,#6297,.T.);
#6297 = EDGE_CURVE('',#6298,#3527,#6300,.T.);
#6298 = VERTEX_POINT('',#6299);
#6299 = CARTESIAN_POINT('',(0.850040104167,-4.4196,1.984267799487));
#6300 = ( BOUNDED_CURVE() B_SPLINE_CURVE(2,(#6301,#6302,#6303),
.UNSPECIFIED.,.F.,.F.) B_SPLINE_CURVE_WITH_KNOTS((3,3),(0.,
0.438880493706),.PIECEWISE_BEZIER_KNOTS.) CURVE() 
GEOMETRIC_REPRESENTATION_ITEM() RATIONAL_B_SPLINE_CURVE((1.,
0.707106781186,1.)) REPRESENTATION_ITEM('') );
#6301 = CARTESIAN_POINT('',(0.850040104167,-4.4196,1.984267799487));
#6302 = CARTESIAN_POINT('',(0.850040104167,-4.699,1.984267799488));
#6303 = CARTESIAN_POINT('',(0.9017,-4.699,1.709685179567));
#6304 = ORIENTED_EDGE('',*,*,#4352,.T.);
#6305 = ORIENTED_EDGE('',*,*,#6306,.T.);
#6306 = EDGE_CURVE('',#4264,#6307,#6309,.T.);
#6307 = VERTEX_POINT('',#6308);
#6308 = CARTESIAN_POINT('',(0.9017,-2.253794090512,1.709685179567));
#6309 = B_SPLINE_CURVE_WITH_KNOTS('',1,(#6310,#6311),.UNSPECIFIED.,.F.,
  .F.,(2,2),(-2.125165909488,0.),.PIECEWISE_BEZIER_KNOTS.);
#6310 = CARTESIAN_POINT('',(0.9017,-4.37896,1.709685179567));
#6311 = CARTESIAN_POINT('',(0.9017,-2.253794090512,1.709685179567));
#6312 = ORIENTED_EDGE('',*,*,#6313,.T.);
#6313 = EDGE_CURVE('',#6307,#6314,#6316,.T.);
#6314 = VERTEX_POINT('',#6315);
#6315 = CARTESIAN_POINT('',(0.888486964783,-1.987094090512,
    1.779915089409));
#6316 = ( BOUNDED_CURVE() B_SPLINE_CURVE(2,(#6317,#6318,#6319),
.UNSPECIFIED.,.F.,.F.) B_SPLINE_CURVE_WITH_KNOTS((3,3),(0.,
0.279287586904),.PIECEWISE_BEZIER_KNOTS.) CURVE() 
GEOMETRIC_REPRESENTATION_ITEM() RATIONAL_B_SPLINE_CURVE((1.,
0.96592582629,1.)) REPRESENTATION_ITEM('') );
#6317 = CARTESIAN_POINT('',(0.9017,-2.253794090512,1.709685179567));
#6318 = CARTESIAN_POINT('',(0.9017,-2.110869991269,1.709685179567));
#6319 = CARTESIAN_POINT('',(0.888486964783,-1.987094090512,
    1.779915089409));
#6320 = ORIENTED_EDGE('',*,*,#6321,.T.);
#6321 = EDGE_CURVE('',#6314,#6322,#6324,.T.);
#6322 = VERTEX_POINT('',#6323);
#6323 = CARTESIAN_POINT('',(0.856332025698,-1.685875900757,
    1.950824985277));
#6324 = B_SPLINE_CURVE_WITH_KNOTS('',1,(#6325,#6326),.UNSPECIFIED.,.F.,
  .F.,(2,2),(0.,0.34781680588),.PIECEWISE_BEZIER_KNOTS.);
#6325 = CARTESIAN_POINT('',(0.888486964783,-1.987094090512,
    1.779915089409));
#6326 = CARTESIAN_POINT('',(0.856332025698,-1.685875900757,
    1.950824985277));
#6327 = ORIENTED_EDGE('',*,*,#6328,.T.);
#6328 = EDGE_CURVE('',#6322,#6329,#6331,.T.);
#6329 = VERTEX_POINT('',#6330);
#6330 = CARTESIAN_POINT('',(0.850040104167,-1.558875900757,
    1.984267799487));
#6331 = ( BOUNDED_CURVE() B_SPLINE_CURVE(2,(#6332,#6333,#6334),
.UNSPECIFIED.,.F.,.F.) B_SPLINE_CURVE_WITH_KNOTS((3,3),(0.,
0.132994089002),.PIECEWISE_BEZIER_KNOTS.) CURVE() 
GEOMETRIC_REPRESENTATION_ITEM() RATIONAL_B_SPLINE_CURVE((1.,
0.965925826289,1.)) REPRESENTATION_ITEM('') );
#6332 = CARTESIAN_POINT('',(0.856332025698,-1.685875900757,
    1.950824985277));
#6333 = CARTESIAN_POINT('',(0.850040104167,-1.626934995634,
    1.984267799487));
#6334 = CARTESIAN_POINT('',(0.850040104167,-1.558875900757,
    1.984267799487));
#6335 = ORIENTED_EDGE('',*,*,#6336,.T.);
#6336 = EDGE_CURVE('',#6329,#6337,#6339,.T.);
#6337 = VERTEX_POINT('',#6338);
#6338 = CARTESIAN_POINT('',(0.850040104167,-0.9652,1.984267799487));
#6339 = B_SPLINE_CURVE_WITH_KNOTS('',1,(#6340,#6341),.UNSPECIFIED.,.F.,
  .F.,(2,2),(-0.593675900757,0.),.PIECEWISE_BEZIER_KNOTS.);
#6340 = CARTESIAN_POINT('',(0.850040104167,-1.558875900757,
    1.984267799487));
#6341 = CARTESIAN_POINT('',(0.850040104167,-0.9652,1.984267799487));
#6342 = ORIENTED_EDGE('',*,*,#6343,.T.);
#6343 = EDGE_CURVE('',#6337,#6344,#6346,.T.);
#6344 = VERTEX_POINT('',#6345);
#6345 = CARTESIAN_POINT('',(0.798380208333,-0.9652,2.258850419408));
#6346 = B_SPLINE_CURVE_WITH_KNOTS('',1,(#6347,#6348),.UNSPECIFIED.,.F.,
  .F.,(2,2),(-0.2794,0.),.PIECEWISE_BEZIER_KNOTS.);
#6347 = CARTESIAN_POINT('',(0.850040104167,-0.9652,1.984267799487));
#6348 = CARTESIAN_POINT('',(0.798380208333,-0.9652,2.258850419408));
#6349 = ORIENTED_EDGE('',*,*,#6350,.T.);
#6350 = EDGE_CURVE('',#6344,#6351,#6353,.T.);
#6351 = VERTEX_POINT('',#6352);
#6352 = CARTESIAN_POINT('',(0.798380208333,-1.558875900757,
    2.258850419408));
#6353 = B_SPLINE_CURVE_WITH_KNOTS('',1,(#6354,#6355),.UNSPECIFIED.,.F.,
  .F.,(2,2),(-0.593675900757,0.),.PIECEWISE_BEZIER_KNOTS.);
#6354 = CARTESIAN_POINT('',(0.798380208333,-0.9652,2.258850419408));
#6355 = CARTESIAN_POINT('',(0.798380208333,-1.558875900757,
    2.258850419408));
#6356 = ORIENTED_EDGE('',*,*,#6357,.T.);
#6357 = EDGE_CURVE('',#6351,#6358,#6360,.T.);
#6358 = VERTEX_POINT('',#6359);
#6359 = CARTESIAN_POINT('',(0.81159324355,-1.825575900757,2.188620509566
    ));
#6360 = ( BOUNDED_CURVE() B_SPLINE_CURVE(2,(#6361,#6362,#6363),
.UNSPECIFIED.,.F.,.F.) B_SPLINE_CURVE_WITH_KNOTS((3,3),(0.,
0.279287586904),.PIECEWISE_BEZIER_KNOTS.) CURVE() 
GEOMETRIC_REPRESENTATION_ITEM() RATIONAL_B_SPLINE_CURVE((1.,
0.96592582629,1.)) REPRESENTATION_ITEM('') );
#6361 = CARTESIAN_POINT('',(0.798380208333,-1.558875900757,
    2.258850419408));
#6362 = CARTESIAN_POINT('',(0.798380208333,-1.7018,2.258850419408));
#6363 = CARTESIAN_POINT('',(0.81159324355,-1.825575900757,2.188620509566
    ));
#6364 = ORIENTED_EDGE('',*,*,#6365,.T.);
#6365 = EDGE_CURVE('',#6358,#6366,#6368,.T.);
#6366 = VERTEX_POINT('',#6367);
#6367 = CARTESIAN_POINT('',(0.843748182635,-2.126794090512,
    2.017710613698));
#6368 = B_SPLINE_CURVE_WITH_KNOTS('',1,(#6369,#6370),.UNSPECIFIED.,.F.,
  .F.,(2,2),(0.,0.34781680588),.PIECEWISE_BEZIER_KNOTS.);
#6369 = CARTESIAN_POINT('',(0.81159324355,-1.825575900757,2.188620509566
    ));
#6370 = CARTESIAN_POINT('',(0.843748182635,-2.126794090512,
    2.017710613698));
#6371 = ORIENTED_EDGE('',*,*,#6372,.T.);
#6372 = EDGE_CURVE('',#6366,#6373,#6375,.T.);
#6373 = VERTEX_POINT('',#6374);
#6374 = CARTESIAN_POINT('',(0.850040104167,-2.253794090512,
    1.984267799487));
#6375 = ( BOUNDED_CURVE() B_SPLINE_CURVE(2,(#6376,#6377,#6378),
.UNSPECIFIED.,.F.,.F.) B_SPLINE_CURVE_WITH_KNOTS((3,3),(0.,
0.132994089002),.PIECEWISE_BEZIER_KNOTS.) CURVE() 
GEOMETRIC_REPRESENTATION_ITEM() RATIONAL_B_SPLINE_CURVE((1.,
0.965925826291,1.)) REPRESENTATION_ITEM('') );
#6376 = CARTESIAN_POINT('',(0.843748182635,-2.126794090512,
    2.017710613698));
#6377 = CARTESIAN_POINT('',(0.850040104167,-2.185734995635,
    1.984267799488));
#6378 = CARTESIAN_POINT('',(0.850040104167,-2.253794090512,
    1.984267799487));
#6379 = ORIENTED_EDGE('',*,*,#6380,.T.);
#6380 = EDGE_CURVE('',#6373,#6298,#6381,.T.);
#6381 = B_SPLINE_CURVE_WITH_KNOTS('',1,(#6382,#6383),.UNSPECIFIED.,.F.,
  .F.,(2,2),(-2.165805909488,0.),.PIECEWISE_BEZIER_KNOTS.);
#6382 = CARTESIAN_POINT('',(0.850040104167,-2.253794090512,
    1.984267799487));
#6383 = CARTESIAN_POINT('',(0.850040104167,-4.4196,1.984267799487));
#6384 = PLANE('',#6385);
#6385 = AXIS2_PLACEMENT_3D('',#6386,#6387,#6388);
#6386 = CARTESIAN_POINT('',(1.029488878427,-0.561622826178,
    1.030461877444));
#6387 = DIRECTION('',(0.982758124269,0.,0.184895833333));
#6388 = DIRECTION('',(-0.184895833333,0.,0.982758124269));
#6389 = ADVANCED_FACE('',(#6390),#6408,.T.);
#6390 = FACE_BOUND('',#6391,.T.);
#6391 = EDGE_LOOP('',(#6392,#6400,#6401,#6402));
#6392 = ORIENTED_EDGE('',*,*,#6393,.T.);
#6393 = EDGE_CURVE('',#6394,#3535,#6396,.T.);
#6394 = VERTEX_POINT('',#6395);
#6395 = CARTESIAN_POINT('',(-0.850040104167,-4.4196,1.984267799487));
#6396 = ( BOUNDED_CURVE() B_SPLINE_CURVE(2,(#6397,#6398,#6399),
.UNSPECIFIED.,.F.,.F.) B_SPLINE_CURVE_WITH_KNOTS((3,3),(-0.438880493706,
0.),.PIECEWISE_BEZIER_KNOTS.) CURVE() GEOMETRIC_REPRESENTATION_ITEM() 
RATIONAL_B_SPLINE_CURVE((1.,0.707106781186,1.)) REPRESENTATION_ITEM('') 
  );
#6397 = CARTESIAN_POINT('',(-0.850040104167,-4.4196,1.984267799487));
#6398 = CARTESIAN_POINT('',(-0.850040104167,-4.699,1.984267799488));
#6399 = CARTESIAN_POINT('',(-0.9017,-4.699,1.709685179567));
#6400 = ORIENTED_EDGE('',*,*,#3534,.F.);
#6401 = ORIENTED_EDGE('',*,*,#6297,.F.);
#6402 = ORIENTED_EDGE('',*,*,#6403,.T.);
#6403 = EDGE_CURVE('',#6298,#6394,#6404,.T.);
#6404 = ( BOUNDED_CURVE() B_SPLINE_CURVE(2,(#6405,#6406,#6407),
.UNSPECIFIED.,.F.,.F.) B_SPLINE_CURVE_WITH_KNOTS((3,3),(-1.709918954519,
0.),.PIECEWISE_BEZIER_KNOTS.) CURVE() GEOMETRIC_REPRESENTATION_ITEM() 
RATIONAL_B_SPLINE_CURVE((1.,0.982758124269,1.)) REPRESENTATION_ITEM('') 
  );
#6405 = CARTESIAN_POINT('',(0.850040104167,-4.4196,1.984267799487));
#6406 = CARTESIAN_POINT('',(0.,-4.4196,1.824341496621));
#6407 = CARTESIAN_POINT('',(-0.850040104167,-4.4196,1.984267799487));
#6408 = ( BOUNDED_SURFACE() B_SPLINE_SURFACE(2,2,(
    (#6409,#6410,#6411,#6412,#6413,#6414,#6415,#6416,#6417)
    ,(#6418,#6419,#6420,#6421,#6422,#6423,#6424,#6425,#6426)
    ,(#6427,#6428,#6429,#6430,#6431,#6432,#6433,#6434,#6435)
    ,(#6436,#6437,#6438,#6439,#6440,#6441,#6442,#6443,#6444)
    ,(#6445,#6446,#6447,#6448,#6449,#6450,#6451,#6452,#6453)
    ,(#6454,#6455,#6456,#6457,#6458,#6459,#6460,#6461,#6462)
    ,(#6463,#6464,#6465,#6466,#6467,#6468,#6469,#6470,#6471)
    ,(#6472,#6473,#6474,#6475,#6476,#6477,#6478,#6479,#6480)
    ,(#6481,#6482,#6483,#6484,#6485,#6486,#6487,#6488,#6489
)),.UNSPECIFIED.,.T.,.T.,.F.) B_SPLINE_SURFACE_WITH_KNOTS((1,2,2,2,2,2,1
    ),(1,2,2,2,2,2,1),(-7.660459526513,0.,7.660459526513,15.320919053027
    ,22.98137857954,30.641838106053,38.302297632567),(-0.438880493707,0.
    ,0.438880493706,0.877760987413,1.316641481119,1.755521974826,
2.194402468532),.UNSPECIFIED.) GEOMETRIC_REPRESENTATION_ITEM() 
RATIONAL_B_SPLINE_SURFACE((
    (1.,0.707106781187,1.,0.707106781187,1.,0.707106781187,1.
      ,0.707106781187,1.)
    ,(0.707106781187,0.5,0.707106781187,0.5,0.707106781187,0.5
      ,0.707106781187,0.5,0.707106781187)
    ,(1.,0.707106781187,1.,0.707106781187,1.,0.707106781187,1.
      ,0.707106781187,1.)
    ,(0.707106781187,0.5,0.707106781187,0.5,0.707106781187,0.5
      ,0.707106781187,0.5,0.707106781187)
    ,(1.,0.707106781187,1.,0.707106781187,1.,0.707106781187,1.
      ,0.707106781187,1.)
    ,(0.707106781187,0.5,0.707106781187,0.5,0.707106781187,0.5
      ,0.707106781187,0.5,0.707106781187)
    ,(1.,0.707106781187,1.,0.707106781187,1.,0.707106781187,1.
      ,0.707106781187,1.)
    ,(0.707106781187,0.5,0.707106781187,0.5,0.707106781187,0.5
      ,0.707106781187,0.5,0.707106781187)
    ,(1.,0.707106781187,1.,0.707106781187,1.,0.707106781187,1.
,0.707106781187,1.))) REPRESENTATION_ITEM('') SURFACE() );
#6409 = CARTESIAN_POINT('',(0.953359895833,-4.4196,11.569697440354));
#6410 = CARTESIAN_POINT('',(0.953359895833,-4.699,11.569697440354));
#6411 = CARTESIAN_POINT('',(0.9017,-4.699,11.295114820433));
#6412 = CARTESIAN_POINT('',(0.850040104167,-4.699,11.020532200513));
#6413 = CARTESIAN_POINT('',(0.850040104167,-4.4196,11.020532200513));
#6414 = CARTESIAN_POINT('',(0.850040104167,-4.1402,11.020532200513));
#6415 = CARTESIAN_POINT('',(0.9017,-4.1402,11.295114820433));
#6416 = CARTESIAN_POINT('',(0.953359895833,-4.1402,11.569697440354));
#6417 = CARTESIAN_POINT('',(0.953359895833,-4.4196,11.569697440354));
#6418 = CARTESIAN_POINT('',(-4.113937544521,-4.4196,12.523057336187));
#6419 = CARTESIAN_POINT('',(-4.113937544521,-4.699,12.523057336187));
#6420 = CARTESIAN_POINT('',(-3.891014820433,-4.699,12.196814820433));
#6421 = CARTESIAN_POINT('',(-3.668092096346,-4.699,11.870572304679));
#6422 = CARTESIAN_POINT('',(-3.668092096346,-4.4196,11.870572304679));
#6423 = CARTESIAN_POINT('',(-3.668092096346,-4.1402,11.870572304679));
#6424 = CARTESIAN_POINT('',(-3.891014820433,-4.1402,12.196814820433));
#6425 = CARTESIAN_POINT('',(-4.113937544521,-4.1402,12.523057336187));
#6426 = CARTESIAN_POINT('',(-4.113937544521,-4.4196,12.523057336187));
#6427 = CARTESIAN_POINT('',(-5.067297440354,-4.4196,7.455759895833));
#6428 = CARTESIAN_POINT('',(-5.067297440354,-4.699,7.455759895833));
#6429 = CARTESIAN_POINT('',(-4.792714820433,-4.699,7.4041));
#6430 = CARTESIAN_POINT('',(-4.518132200513,-4.699,7.352440104167));
#6431 = CARTESIAN_POINT('',(-4.518132200513,-4.4196,7.352440104167));
#6432 = CARTESIAN_POINT('',(-4.518132200513,-4.1402,7.352440104167));
#6433 = CARTESIAN_POINT('',(-4.792714820433,-4.1402,7.4041));
#6434 = CARTESIAN_POINT('',(-5.067297440354,-4.1402,7.455759895833));
#6435 = CARTESIAN_POINT('',(-5.067297440354,-4.4196,7.455759895833));
#6436 = CARTESIAN_POINT('',(-6.020657336187,-4.4196,2.388462455479));
#6437 = CARTESIAN_POINT('',(-6.020657336187,-4.699,2.388462455479));
#6438 = CARTESIAN_POINT('',(-5.694414820433,-4.699,2.611385179567));
#6439 = CARTESIAN_POINT('',(-5.368172304679,-4.699,2.834307903654));
#6440 = CARTESIAN_POINT('',(-5.368172304679,-4.4196,2.834307903654));
#6441 = CARTESIAN_POINT('',(-5.368172304679,-4.1402,2.834307903654));
#6442 = CARTESIAN_POINT('',(-5.694414820433,-4.1402,2.611385179567));
#6443 = CARTESIAN_POINT('',(-6.020657336187,-4.1402,2.388462455479));
#6444 = CARTESIAN_POINT('',(-6.020657336187,-4.4196,2.388462455479));
#6445 = CARTESIAN_POINT('',(-0.953359895833,-4.4196,1.435102559646));
#6446 = CARTESIAN_POINT('',(-0.953359895833,-4.699,1.435102559646));
#6447 = CARTESIAN_POINT('',(-0.9017,-4.699,1.709685179567));
#6448 = CARTESIAN_POINT('',(-0.850040104167,-4.699,1.984267799487));
#6449 = CARTESIAN_POINT('',(-0.850040104167,-4.4196,1.984267799487));
#6450 = CARTESIAN_POINT('',(-0.850040104167,-4.1402,1.984267799487));
#6451 = CARTESIAN_POINT('',(-0.9017,-4.1402,1.709685179567));
#6452 = CARTESIAN_POINT('',(-0.953359895833,-4.1402,1.435102559646));
#6453 = CARTESIAN_POINT('',(-0.953359895833,-4.4196,1.435102559646));
#6454 = CARTESIAN_POINT('',(4.113937544521,-4.4196,0.481742663813));
#6455 = CARTESIAN_POINT('',(4.113937544521,-4.699,0.481742663813));
#6456 = CARTESIAN_POINT('',(3.891014820433,-4.699,0.807985179567));
#6457 = CARTESIAN_POINT('',(3.668092096346,-4.699,1.134227695321));
#6458 = CARTESIAN_POINT('',(3.668092096346,-4.4196,1.134227695321));
#6459 = CARTESIAN_POINT('',(3.668092096346,-4.1402,1.134227695321));
#6460 = CARTESIAN_POINT('',(3.891014820433,-4.1402,0.807985179567));
#6461 = CARTESIAN_POINT('',(4.113937544521,-4.1402,0.481742663813));
#6462 = CARTESIAN_POINT('',(4.113937544521,-4.4196,0.481742663813));
#6463 = CARTESIAN_POINT('',(5.067297440354,-4.4196,5.549040104167));
#6464 = CARTESIAN_POINT('',(5.067297440354,-4.699,5.549040104167));
#6465 = CARTESIAN_POINT('',(4.792714820433,-4.699,5.6007));
#6466 = CARTESIAN_POINT('',(4.518132200513,-4.699,5.652359895833));
#6467 = CARTESIAN_POINT('',(4.518132200513,-4.4196,5.652359895833));
#6468 = CARTESIAN_POINT('',(4.518132200513,-4.1402,5.652359895833));
#6469 = CARTESIAN_POINT('',(4.792714820433,-4.1402,5.6007));
#6470 = CARTESIAN_POINT('',(5.067297440354,-4.1402,5.549040104167));
#6471 = CARTESIAN_POINT('',(5.067297440354,-4.4196,5.549040104167));
#6472 = CARTESIAN_POINT('',(6.020657336187,-4.4196,10.616337544521));
#6473 = CARTESIAN_POINT('',(6.020657336187,-4.699,10.616337544521));
#6474 = CARTESIAN_POINT('',(5.694414820433,-4.699,10.393414820433));
#6475 = CARTESIAN_POINT('',(5.368172304679,-4.699,10.170492096346));
#6476 = CARTESIAN_POINT('',(5.368172304679,-4.4196,10.170492096346));
#6477 = CARTESIAN_POINT('',(5.368172304679,-4.1402,10.170492096346));
#6478 = CARTESIAN_POINT('',(5.694414820433,-4.1402,10.393414820433));
#6479 = CARTESIAN_POINT('',(6.020657336187,-4.1402,10.616337544521));
#6480 = CARTESIAN_POINT('',(6.020657336187,-4.4196,10.616337544521));
#6481 = CARTESIAN_POINT('',(0.953359895833,-4.4196,11.569697440354));
#6482 = CARTESIAN_POINT('',(0.953359895833,-4.699,11.569697440354));
#6483 = CARTESIAN_POINT('',(0.9017,-4.699,11.295114820433));
#6484 = CARTESIAN_POINT('',(0.850040104167,-4.699,11.020532200513));
#6485 = CARTESIAN_POINT('',(0.850040104167,-4.4196,11.020532200513));
#6486 = CARTESIAN_POINT('',(0.850040104167,-4.1402,11.020532200513));
#6487 = CARTESIAN_POINT('',(0.9017,-4.1402,11.295114820433));
#6488 = CARTESIAN_POINT('',(0.953359895833,-4.1402,11.569697440354));
#6489 = CARTESIAN_POINT('',(0.953359895833,-4.4196,11.569697440354));
#6490 = ADVANCED_FACE('',(#6491),#6574,.T.);
#6491 = FACE_BOUND('',#6492,.T.);
#6492 = EDGE_LOOP('',(#6493,#6500,#6508,#6515,#6523,#6530,#6537,#6544,
    #6552,#6559,#6567,#6572,#6573));
#6493 = ORIENTED_EDGE('',*,*,#6494,.F.);
#6494 = EDGE_CURVE('',#6495,#6394,#6497,.T.);
#6495 = VERTEX_POINT('',#6496);
#6496 = CARTESIAN_POINT('',(-0.850040104167,-2.253794090512,
    1.984267799487));
#6497 = B_SPLINE_CURVE_WITH_KNOTS('',1,(#6498,#6499),.UNSPECIFIED.,.F.,
  .F.,(2,2),(0.,2.165805909488),.PIECEWISE_BEZIER_KNOTS.);
#6498 = CARTESIAN_POINT('',(-0.850040104167,-2.253794090512,
    1.984267799487));
#6499 = CARTESIAN_POINT('',(-0.850040104167,-4.4196,1.984267799487));
#6500 = ORIENTED_EDGE('',*,*,#6501,.F.);
#6501 = EDGE_CURVE('',#6502,#6495,#6504,.T.);
#6502 = VERTEX_POINT('',#6503);
#6503 = CARTESIAN_POINT('',(-0.843748182635,-2.126794090512,
    2.017710613698));
#6504 = ( BOUNDED_CURVE() B_SPLINE_CURVE(2,(#6505,#6506,#6507),
.UNSPECIFIED.,.F.,.F.) B_SPLINE_CURVE_WITH_KNOTS((3,3),(-0.132994089002,
0.),.PIECEWISE_BEZIER_KNOTS.) CURVE() GEOMETRIC_REPRESENTATION_ITEM() 
RATIONAL_B_SPLINE_CURVE((1.,0.965925826291,1.)) REPRESENTATION_ITEM('') 
  );
#6505 = CARTESIAN_POINT('',(-0.843748182635,-2.126794090512,
    2.017710613698));
#6506 = CARTESIAN_POINT('',(-0.850040104167,-2.185734995635,
    1.984267799488));
#6507 = CARTESIAN_POINT('',(-0.850040104167,-2.253794090512,
    1.984267799487));
#6508 = ORIENTED_EDGE('',*,*,#6509,.F.);
#6509 = EDGE_CURVE('',#6510,#6502,#6512,.T.);
#6510 = VERTEX_POINT('',#6511);
#6511 = CARTESIAN_POINT('',(-0.81159324355,-1.825575900757,
    2.188620509566));
#6512 = B_SPLINE_CURVE_WITH_KNOTS('',1,(#6513,#6514),.UNSPECIFIED.,.F.,
  .F.,(2,2),(-0.34781680588,0.),.PIECEWISE_BEZIER_KNOTS.);
#6513 = CARTESIAN_POINT('',(-0.81159324355,-1.825575900757,
    2.188620509566));
#6514 = CARTESIAN_POINT('',(-0.843748182635,-2.126794090512,
    2.017710613698));
#6515 = ORIENTED_EDGE('',*,*,#6516,.F.);
#6516 = EDGE_CURVE('',#6517,#6510,#6519,.T.);
#6517 = VERTEX_POINT('',#6518);
#6518 = CARTESIAN_POINT('',(-0.798380208333,-1.558875900757,
    2.258850419408));
#6519 = ( BOUNDED_CURVE() B_SPLINE_CURVE(2,(#6520,#6521,#6522),
.UNSPECIFIED.,.F.,.F.) B_SPLINE_CURVE_WITH_KNOTS((3,3),(-0.279287586904,
0.),.PIECEWISE_BEZIER_KNOTS.) CURVE() GEOMETRIC_REPRESENTATION_ITEM() 
RATIONAL_B_SPLINE_CURVE((1.,0.96592582629,1.)) REPRESENTATION_ITEM('') 
  );
#6520 = CARTESIAN_POINT('',(-0.798380208333,-1.558875900757,
    2.258850419408));
#6521 = CARTESIAN_POINT('',(-0.798380208333,-1.7018,2.258850419408));
#6522 = CARTESIAN_POINT('',(-0.81159324355,-1.825575900757,
    2.188620509566));
#6523 = ORIENTED_EDGE('',*,*,#6524,.F.);
#6524 = EDGE_CURVE('',#6525,#6517,#6527,.T.);
#6525 = VERTEX_POINT('',#6526);
#6526 = CARTESIAN_POINT('',(-0.798380208333,-0.9652,2.258850419408));
#6527 = B_SPLINE_CURVE_WITH_KNOTS('',1,(#6528,#6529),.UNSPECIFIED.,.F.,
  .F.,(2,2),(0.,0.593675900757),.PIECEWISE_BEZIER_KNOTS.);
#6528 = CARTESIAN_POINT('',(-0.798380208333,-0.9652,2.258850419408));
#6529 = CARTESIAN_POINT('',(-0.798380208333,-1.558875900757,
    2.258850419408));
#6530 = ORIENTED_EDGE('',*,*,#6531,.F.);
#6531 = EDGE_CURVE('',#6532,#6525,#6534,.T.);
#6532 = VERTEX_POINT('',#6533);
#6533 = CARTESIAN_POINT('',(-0.850040104167,-0.9652,1.984267799487));
#6534 = B_SPLINE_CURVE_WITH_KNOTS('',1,(#6535,#6536),.UNSPECIFIED.,.F.,
  .F.,(2,2),(0.,0.2794),.PIECEWISE_BEZIER_KNOTS.);
#6535 = CARTESIAN_POINT('',(-0.850040104167,-0.9652,1.984267799487));
#6536 = CARTESIAN_POINT('',(-0.798380208333,-0.9652,2.258850419408));
#6537 = ORIENTED_EDGE('',*,*,#6538,.F.);
#6538 = EDGE_CURVE('',#6539,#6532,#6541,.T.);
#6539 = VERTEX_POINT('',#6540);
#6540 = CARTESIAN_POINT('',(-0.850040104167,-1.558875900757,
    1.984267799487));
#6541 = B_SPLINE_CURVE_WITH_KNOTS('',1,(#6542,#6543),.UNSPECIFIED.,.F.,
  .F.,(2,2),(0.,0.593675900757),.PIECEWISE_BEZIER_KNOTS.);
#6542 = CARTESIAN_POINT('',(-0.850040104167,-1.558875900757,
    1.984267799487));
#6543 = CARTESIAN_POINT('',(-0.850040104167,-0.9652,1.984267799487));
#6544 = ORIENTED_EDGE('',*,*,#6545,.F.);
#6545 = EDGE_CURVE('',#6546,#6539,#6548,.T.);
#6546 = VERTEX_POINT('',#6547);
#6547 = CARTESIAN_POINT('',(-0.856332025698,-1.685875900757,
    1.950824985277));
#6548 = ( BOUNDED_CURVE() B_SPLINE_CURVE(2,(#6549,#6550,#6551),
.UNSPECIFIED.,.F.,.F.) B_SPLINE_CURVE_WITH_KNOTS((3,3),(-0.132994089002,
0.),.PIECEWISE_BEZIER_KNOTS.) CURVE() GEOMETRIC_REPRESENTATION_ITEM() 
RATIONAL_B_SPLINE_CURVE((1.,0.965925826289,1.)) REPRESENTATION_ITEM('') 
  );
#6549 = CARTESIAN_POINT('',(-0.856332025698,-1.685875900757,
    1.950824985277));
#6550 = CARTESIAN_POINT('',(-0.850040104167,-1.626934995634,
    1.984267799487));
#6551 = CARTESIAN_POINT('',(-0.850040104167,-1.558875900757,
    1.984267799487));
#6552 = ORIENTED_EDGE('',*,*,#6553,.F.);
#6553 = EDGE_CURVE('',#6554,#6546,#6556,.T.);
#6554 = VERTEX_POINT('',#6555);
#6555 = CARTESIAN_POINT('',(-0.888486964784,-1.987094090512,
    1.779915089409));
#6556 = B_SPLINE_CURVE_WITH_KNOTS('',1,(#6557,#6558),.UNSPECIFIED.,.F.,
  .F.,(2,2),(-0.34781680588,0.),.PIECEWISE_BEZIER_KNOTS.);
#6557 = CARTESIAN_POINT('',(-0.888486964784,-1.987094090512,
    1.779915089409));
#6558 = CARTESIAN_POINT('',(-0.856332025698,-1.685875900757,
    1.950824985277));
#6559 = ORIENTED_EDGE('',*,*,#6560,.F.);
#6560 = EDGE_CURVE('',#6561,#6554,#6563,.T.);
#6561 = VERTEX_POINT('',#6562);
#6562 = CARTESIAN_POINT('',(-0.9017,-2.253794090512,1.709685179567));
#6563 = ( BOUNDED_CURVE() B_SPLINE_CURVE(2,(#6564,#6565,#6566),
.UNSPECIFIED.,.F.,.F.) B_SPLINE_CURVE_WITH_KNOTS((3,3),(-0.279287586904,
0.),.PIECEWISE_BEZIER_KNOTS.) CURVE() GEOMETRIC_REPRESENTATION_ITEM() 
RATIONAL_B_SPLINE_CURVE((1.,0.96592582629,1.)) REPRESENTATION_ITEM('') 
  );
#6564 = CARTESIAN_POINT('',(-0.9017,-2.253794090512,1.709685179567));
#6565 = CARTESIAN_POINT('',(-0.9017,-2.110869991269,1.709685179567));
#6566 = CARTESIAN_POINT('',(-0.888486964784,-1.987094090512,
    1.779915089409));
#6567 = ORIENTED_EDGE('',*,*,#6568,.F.);
#6568 = EDGE_CURVE('',#4256,#6561,#6569,.T.);
#6569 = B_SPLINE_CURVE_WITH_KNOTS('',1,(#6570,#6571),.UNSPECIFIED.,.F.,
  .F.,(2,2),(0.,2.125165909488),.PIECEWISE_BEZIER_KNOTS.);
#6570 = CARTESIAN_POINT('',(-0.9017,-4.37896,1.709685179567));
#6571 = CARTESIAN_POINT('',(-0.9017,-2.253794090512,1.709685179567));
#6572 = ORIENTED_EDGE('',*,*,#4378,.T.);
#6573 = ORIENTED_EDGE('',*,*,#6393,.F.);
#6574 = PLANE('',#6575);
#6575 = AXIS2_PLACEMENT_3D('',#6576,#6577,#6578);
#6576 = CARTESIAN_POINT('',(-1.029488878427,-0.561622826178,
    1.030461877444));
#6577 = DIRECTION('',(-0.982758124269,0.,0.184895833333));
#6578 = DIRECTION('',(-0.184895833333,0.,-0.982758124269));
#6579 = ADVANCED_FACE('',(#6580),#6591,.T.);
#6580 = FACE_BOUND('',#6581,.T.);
#6581 = EDGE_LOOP('',(#6582,#6583,#6589,#6590));
#6582 = ORIENTED_EDGE('',*,*,#6568,.T.);
#6583 = ORIENTED_EDGE('',*,*,#6584,.T.);
#6584 = EDGE_CURVE('',#6561,#6307,#6585,.T.);
#6585 = ( BOUNDED_CURVE() B_SPLINE_CURVE(2,(#6586,#6587,#6588),
.UNSPECIFIED.,.F.,.F.) B_SPLINE_CURVE_WITH_KNOTS((3,3),(-1.813836681037,
0.),.PIECEWISE_BEZIER_KNOTS.) CURVE() GEOMETRIC_REPRESENTATION_ITEM() 
RATIONAL_B_SPLINE_CURVE((1.,0.982758124269,1.)) REPRESENTATION_ITEM('') 
  );
#6586 = CARTESIAN_POINT('',(-0.9017,-2.253794090512,1.709685179567));
#6587 = CARTESIAN_POINT('',(0.,-2.253794090512,1.540039598625));
#6588 = CARTESIAN_POINT('',(0.9017,-2.253794090512,1.709685179567));
#6589 = ORIENTED_EDGE('',*,*,#6306,.F.);
#6590 = ORIENTED_EDGE('',*,*,#4263,.T.);
#6591 = CYLINDRICAL_SURFACE('',#6592,4.8768);
#6592 = AXIS2_PLACEMENT_3D('',#6593,#6594,#6595);
#6593 = CARTESIAN_POINT('',(0.,-3.316377045256,6.5024));
#6594 = DIRECTION('',(0.,-1.,0.));
#6595 = DIRECTION('',(0.,-0.,-1.));
#6596 = ADVANCED_FACE('',(#6597),#6608,.T.);
#6597 = FACE_BOUND('',#6598,.T.);
#6598 = EDGE_LOOP('',(#6599,#6600,#6606,#6607));
#6599 = ORIENTED_EDGE('',*,*,#6560,.T.);
#6600 = ORIENTED_EDGE('',*,*,#6601,.T.);
#6601 = EDGE_CURVE('',#6554,#6314,#6602,.T.);
#6602 = ( BOUNDED_CURVE() B_SPLINE_CURVE(2,(#6603,#6604,#6605),
.UNSPECIFIED.,.F.,.F.) B_SPLINE_CURVE_WITH_KNOTS((3,3),(-1.787257676996,
0.),.PIECEWISE_BEZIER_KNOTS.) CURVE() GEOMETRIC_REPRESENTATION_ITEM() 
RATIONAL_B_SPLINE_CURVE((1.,0.982758124269,1.)) REPRESENTATION_ITEM('') 
  );
#6603 = CARTESIAN_POINT('',(-0.888486964784,-1.987094090512,
    1.779915089409));
#6604 = CARTESIAN_POINT('',(-5.018597634657E-14,-1.987094090512,
    1.612755405146));
#6605 = CARTESIAN_POINT('',(0.888486964783,-1.987094090512,
    1.779915089409));
#6606 = ORIENTED_EDGE('',*,*,#6313,.F.);
#6607 = ORIENTED_EDGE('',*,*,#6584,.F.);
#6608 = ( BOUNDED_SURFACE() B_SPLINE_SURFACE(2,2,(
    (#6609,#6610,#6611,#6612,#6613,#6614,#6615,#6616,#6617)
    ,(#6618,#6619,#6620,#6621,#6622,#6623,#6624,#6625,#6626)
    ,(#6627,#6628,#6629,#6630,#6631,#6632,#6633,#6634,#6635)
    ,(#6636,#6637,#6638,#6639,#6640,#6641,#6642,#6643,#6644)
    ,(#6645,#6646,#6647,#6648,#6649,#6650,#6651,#6652,#6653)
    ,(#6654,#6655,#6656,#6657,#6658,#6659,#6660,#6661,#6662)
    ,(#6663,#6664,#6665,#6666,#6667,#6668,#6669,#6670,#6671)
    ,(#6672,#6673,#6674,#6675,#6676,#6677,#6678,#6679,#6680)
    ,(#6681,#6682,#6683,#6684,#6685,#6686,#6687,#6688,#6689
)),.UNSPECIFIED.,.T.,.T.,.F.) B_SPLINE_SURFACE_WITH_KNOTS((1,2,2,2,2,2,1
    ),(1,2,2,2,2,2,1),(-6.822596765801,0.,6.822596765801,13.645193531602
    ,20.467790297403,27.290387063204,34.112983829005),(-0.837862760712,
    0.,0.837862760712,1.675725521425,2.513588282137,3.35145104285,
4.189313803562),.UNSPECIFIED.) GEOMETRIC_REPRESENTATION_ITEM() 
RATIONAL_B_SPLINE_SURFACE((
    (1.,0.707106781187,1.,0.707106781187,1.,0.707106781187,1.
      ,0.707106781187,1.)
    ,(0.707106781187,0.5,0.707106781187,0.5,0.707106781187,0.5
      ,0.707106781187,0.5,0.707106781187)
    ,(1.,0.707106781187,1.,0.707106781187,1.,0.707106781187,1.
      ,0.707106781187,1.)
    ,(0.707106781187,0.5,0.707106781187,0.5,0.707106781187,0.5
      ,0.707106781187,0.5,0.707106781187)
    ,(1.,0.707106781187,1.,0.707106781187,1.,0.707106781187,1.
      ,0.707106781187,1.)
    ,(0.707106781187,0.5,0.707106781187,0.5,0.707106781187,0.5
      ,0.707106781187,0.5,0.707106781187)
    ,(1.,0.707106781187,1.,0.707106781187,1.,0.707106781187,1.
      ,0.707106781187,1.)
    ,(0.707106781187,0.5,0.707106781187,0.5,0.707106781187,0.5
      ,0.707106781187,0.5,0.707106781187)
    ,(1.,0.707106781187,1.,0.707106781187,1.,0.707106781187,1.
,0.707106781187,1.))) REPRESENTATION_ITEM('') SURFACE() );
#6609 = CARTESIAN_POINT('',(0.9017,-2.253794090512,11.295114820433));
#6610 = CARTESIAN_POINT('',(0.9017,-2.787194090512,11.295114820433));
#6611 = CARTESIAN_POINT('',(0.8030765625,-2.787194090512,10.770911636948
    ));
#6612 = CARTESIAN_POINT('',(0.704453125,-2.787194090512,10.246708453463)
  );
#6613 = CARTESIAN_POINT('',(0.704453125,-2.253794090512,10.246708453463)
  );
#6614 = CARTESIAN_POINT('',(0.704453125,-1.720394090512,10.246708453463)
  );
#6615 = CARTESIAN_POINT('',(0.8030765625,-1.720394090512,10.770911636948
    ));
#6616 = CARTESIAN_POINT('',(0.9017,-1.720394090512,11.295114820433));
#6617 = CARTESIAN_POINT('',(0.9017,-2.253794090512,11.295114820433));
#6618 = CARTESIAN_POINT('',(-3.891014820433,-2.253794090512,
    12.196814820433));
#6619 = CARTESIAN_POINT('',(-3.891014820433,-2.787194090512,
    12.196814820433));
#6620 = CARTESIAN_POINT('',(-3.465435074448,-2.787194090512,
    11.573988199448));
#6621 = CARTESIAN_POINT('',(-3.039855328464,-2.787194090512,
    10.951161578463));
#6622 = CARTESIAN_POINT('',(-3.039855328464,-2.253794090512,
    10.951161578463));
#6623 = CARTESIAN_POINT('',(-3.039855328464,-1.720394090512,
    10.951161578463));
#6624 = CARTESIAN_POINT('',(-3.465435074448,-1.720394090512,
    11.573988199448));
#6625 = CARTESIAN_POINT('',(-3.891014820433,-1.720394090512,
    12.196814820433));
#6626 = CARTESIAN_POINT('',(-3.891014820433,-2.253794090512,
    12.196814820433));
#6627 = CARTESIAN_POINT('',(-4.792714820433,-2.253794090512,7.4041));
#6628 = CARTESIAN_POINT('',(-4.792714820433,-2.787194090512,7.4041));
#6629 = CARTESIAN_POINT('',(-4.268511636948,-2.787194090512,7.3054765625
    ));
#6630 = CARTESIAN_POINT('',(-3.744308453463,-2.787194090512,7.206853125)
  );
#6631 = CARTESIAN_POINT('',(-3.744308453463,-2.253794090512,7.206853125)
  );
#6632 = CARTESIAN_POINT('',(-3.744308453463,-1.720394090512,7.206853125)
  );
#6633 = CARTESIAN_POINT('',(-4.268511636948,-1.720394090512,7.3054765625
    ));
#6634 = CARTESIAN_POINT('',(-4.792714820433,-1.720394090512,7.4041));
#6635 = CARTESIAN_POINT('',(-4.792714820433,-2.253794090512,7.4041));
#6636 = CARTESIAN_POINT('',(-5.694414820433,-2.253794090512,
    2.611385179567));
#6637 = CARTESIAN_POINT('',(-5.694414820433,-2.787194090512,
    2.611385179567));
#6638 = CARTESIAN_POINT('',(-5.071588199448,-2.787194090512,
    3.036964925552));
#6639 = CARTESIAN_POINT('',(-4.448761578463,-2.787194090512,
    3.462544671536));
#6640 = CARTESIAN_POINT('',(-4.448761578463,-2.253794090512,
    3.462544671536));
#6641 = CARTESIAN_POINT('',(-4.448761578463,-1.720394090512,
    3.462544671536));
#6642 = CARTESIAN_POINT('',(-5.071588199448,-1.720394090512,
    3.036964925552));
#6643 = CARTESIAN_POINT('',(-5.694414820433,-1.720394090512,
    2.611385179567));
#6644 = CARTESIAN_POINT('',(-5.694414820433,-2.253794090512,
    2.611385179567));
#6645 = CARTESIAN_POINT('',(-0.9017,-2.253794090512,1.709685179567));
#6646 = CARTESIAN_POINT('',(-0.9017,-2.787194090512,1.709685179567));
#6647 = CARTESIAN_POINT('',(-0.8030765625,-2.787194090512,2.233888363052
    ));
#6648 = CARTESIAN_POINT('',(-0.704453125,-2.787194090512,2.758091546537)
  );
#6649 = CARTESIAN_POINT('',(-0.704453125,-2.253794090512,2.758091546537)
  );
#6650 = CARTESIAN_POINT('',(-0.704453125,-1.720394090512,2.758091546537)
  );
#6651 = CARTESIAN_POINT('',(-0.8030765625,-1.720394090512,2.233888363052
    ));
#6652 = CARTESIAN_POINT('',(-0.9017,-1.720394090512,1.709685179567));
#6653 = CARTESIAN_POINT('',(-0.9017,-2.253794090512,1.709685179567));
#6654 = CARTESIAN_POINT('',(3.891014820433,-2.253794090512,
    0.807985179567));
#6655 = CARTESIAN_POINT('',(3.891014820433,-2.787194090512,
    0.807985179567));
#6656 = CARTESIAN_POINT('',(3.465435074448,-2.787194090512,
    1.430811800552));
#6657 = CARTESIAN_POINT('',(3.039855328464,-2.787194090512,
    2.053638421537));
#6658 = CARTESIAN_POINT('',(3.039855328464,-2.253794090512,
    2.053638421537));
#6659 = CARTESIAN_POINT('',(3.039855328464,-1.720394090512,
    2.053638421537));
#6660 = CARTESIAN_POINT('',(3.465435074448,-1.720394090512,
    1.430811800552));
#6661 = CARTESIAN_POINT('',(3.891014820433,-1.720394090512,
    0.807985179567));
#6662 = CARTESIAN_POINT('',(3.891014820433,-2.253794090512,
    0.807985179567));
#6663 = CARTESIAN_POINT('',(4.792714820433,-2.253794090512,5.6007));
#6664 = CARTESIAN_POINT('',(4.792714820433,-2.787194090512,5.6007));
#6665 = CARTESIAN_POINT('',(4.268511636948,-2.787194090512,5.6993234375)
  );
#6666 = CARTESIAN_POINT('',(3.744308453463,-2.787194090512,5.797946875)
  );
#6667 = CARTESIAN_POINT('',(3.744308453463,-2.253794090512,5.797946875)
  );
#6668 = CARTESIAN_POINT('',(3.744308453463,-1.720394090512,5.797946875)
  );
#6669 = CARTESIAN_POINT('',(4.268511636948,-1.720394090512,5.6993234375)
  );
#6670 = CARTESIAN_POINT('',(4.792714820433,-1.720394090512,5.6007));
#6671 = CARTESIAN_POINT('',(4.792714820433,-2.253794090512,5.6007));
#6672 = CARTESIAN_POINT('',(5.694414820433,-2.253794090512,
    10.393414820433));
#6673 = CARTESIAN_POINT('',(5.694414820433,-2.787194090512,
    10.393414820433));
#6674 = CARTESIAN_POINT('',(5.071588199448,-2.787194090512,
    9.967835074448));
#6675 = CARTESIAN_POINT('',(4.448761578463,-2.787194090512,
    9.542255328464));
#6676 = CARTESIAN_POINT('',(4.448761578463,-2.253794090512,
    9.542255328464));
#6677 = CARTESIAN_POINT('',(4.448761578463,-1.720394090512,
    9.542255328464));
#6678 = CARTESIAN_POINT('',(5.071588199448,-1.720394090512,
    9.967835074448));
#6679 = CARTESIAN_POINT('',(5.694414820433,-1.720394090512,
    10.393414820433));
#6680 = CARTESIAN_POINT('',(5.694414820433,-2.253794090512,
    10.393414820433));
#6681 = CARTESIAN_POINT('',(0.9017,-2.253794090512,11.295114820433));
#6682 = CARTESIAN_POINT('',(0.9017,-2.787194090512,11.295114820433));
#6683 = CARTESIAN_POINT('',(0.8030765625,-2.787194090512,10.770911636948
    ));
#6684 = CARTESIAN_POINT('',(0.704453125,-2.787194090512,10.246708453463)
  );
#6685 = CARTESIAN_POINT('',(0.704453125,-2.253794090512,10.246708453463)
  );
#6686 = CARTESIAN_POINT('',(0.704453125,-1.720394090512,10.246708453463)
  );
#6687 = CARTESIAN_POINT('',(0.8030765625,-1.720394090512,10.770911636948
    ));
#6688 = CARTESIAN_POINT('',(0.9017,-1.720394090512,11.295114820433));
#6689 = CARTESIAN_POINT('',(0.9017,-2.253794090512,11.295114820433));
#6690 = ADVANCED_FACE('',(#6691),#6702,.T.);
#6691 = FACE_BOUND('',#6692,.T.);
#6692 = EDGE_LOOP('',(#6693,#6694,#6700,#6701));
#6693 = ORIENTED_EDGE('',*,*,#6553,.T.);
#6694 = ORIENTED_EDGE('',*,*,#6695,.T.);
#6695 = EDGE_CURVE('',#6546,#6322,#6696,.T.);
#6696 = ( BOUNDED_CURVE() B_SPLINE_CURVE(2,(#6697,#6698,#6699),
.UNSPECIFIED.,.F.,.F.) B_SPLINE_CURVE_WITH_KNOTS((3,3),(-1.72257562311,
0.),.PIECEWISE_BEZIER_KNOTS.) CURVE() GEOMETRIC_REPRESENTATION_ITEM() 
RATIONAL_B_SPLINE_CURVE((1.,0.982758124269,1.)) REPRESENTATION_ITEM('') 
  );
#6697 = CARTESIAN_POINT('',(-0.856332025698,-1.685875900757,
    1.950824985277));
#6698 = CARTESIAN_POINT('',(0.,-1.685875900757,1.789714922086));
#6699 = CARTESIAN_POINT('',(0.856332025698,-1.685875900757,
    1.950824985277));
#6700 = ORIENTED_EDGE('',*,*,#6321,.F.);
#6701 = ORIENTED_EDGE('',*,*,#6601,.F.);
#6702 = ( BOUNDED_SURFACE() B_SPLINE_SURFACE(2,1,(
    (#6703,#6704)
    ,(#6705,#6706)
    ,(#6707,#6708)
    ,(#6709,#6710)
    ,(#6711,#6712)
    ,(#6713,#6714)
    ,(#6715,#6716)
    ,(#6717,#6718)
    ,(#6719,#6720
)),.UNSPECIFIED.,.T.,.F.,.F.) B_SPLINE_SURFACE_WITH_KNOTS((1,2,2,2,2,2,1
    ),(2,2),(-1.570796326795,0.,1.570796326795,3.14159265359,
    4.712388980385,6.28318530718,7.853981633974),(0.,10.603706459297),
.UNSPECIFIED.) GEOMETRIC_REPRESENTATION_ITEM() RATIONAL_B_SPLINE_SURFACE
((
    (1.,1.)
    ,(0.707106781187,0.707106781187)
    ,(1.,1.)
    ,(0.707106781187,0.707106781187)
    ,(1.,1.)
    ,(0.707106781187,0.707106781187)
    ,(1.,1.)
    ,(0.707106781187,0.707106781187)
,(1.,1.))) REPRESENTATION_ITEM('') SURFACE() );
#6703 = CARTESIAN_POINT('',(0.,6.335995387083,6.5024));
#6704 = CARTESIAN_POINT('',(0.980290571107,-2.847083780942,
    11.712839335117));
#6705 = CARTESIAN_POINT('',(0.,6.335995387083,6.5024));
#6706 = CARTESIAN_POINT('',(-4.23014876401,-2.847083780942,
    12.693129906224));
#6707 = CARTESIAN_POINT('',(0.,6.335995387083,6.5024));
#6708 = CARTESIAN_POINT('',(-5.210439335117,-2.847083780942,
    7.482690571107));
#6709 = CARTESIAN_POINT('',(0.,6.335995387083,6.5024));
#6710 = CARTESIAN_POINT('',(-6.190729906224,-2.847083780942,
    2.27225123599));
#6711 = CARTESIAN_POINT('',(0.,6.335995387083,6.5024));
#6712 = CARTESIAN_POINT('',(-0.980290571107,-2.847083780942,
    1.291960664883));
#6713 = CARTESIAN_POINT('',(0.,6.335995387083,6.5024));
#6714 = CARTESIAN_POINT('',(4.23014876401,-2.847083780942,0.311670093776
    ));
#6715 = CARTESIAN_POINT('',(0.,6.335995387083,6.5024));
#6716 = CARTESIAN_POINT('',(5.210439335117,-2.847083780942,
    5.522109428893));
#6717 = CARTESIAN_POINT('',(0.,6.335995387083,6.5024));
#6718 = CARTESIAN_POINT('',(6.190729906224,-2.847083780942,
    10.73254876401));
#6719 = CARTESIAN_POINT('',(0.,6.335995387083,6.5024));
#6720 = CARTESIAN_POINT('',(0.980290571107,-2.847083780942,
    11.712839335117));
#6721 = ADVANCED_FACE('',(#6722),#6733,.T.);
#6722 = FACE_BOUND('',#6723,.T.);
#6723 = EDGE_LOOP('',(#6724,#6730,#6731,#6732));
#6724 = ORIENTED_EDGE('',*,*,#6725,.F.);
#6725 = EDGE_CURVE('',#6329,#6539,#6726,.T.);
#6726 = ( BOUNDED_CURVE() B_SPLINE_CURVE(2,(#6727,#6728,#6729),
.UNSPECIFIED.,.F.,.F.) B_SPLINE_CURVE_WITH_KNOTS((3,3),(0.,
1.709918954519),.PIECEWISE_BEZIER_KNOTS.) CURVE() 
GEOMETRIC_REPRESENTATION_ITEM() RATIONAL_B_SPLINE_CURVE((1.,
0.982758124269,1.)) REPRESENTATION_ITEM('') );
#6727 = CARTESIAN_POINT('',(0.850040104167,-1.558875900757,
    1.984267799487));
#6728 = CARTESIAN_POINT('',(0.,-1.558875900757,1.824341496621));
#6729 = CARTESIAN_POINT('',(-0.850040104167,-1.558875900757,
    1.984267799487));
#6730 = ORIENTED_EDGE('',*,*,#6328,.F.);
#6731 = ORIENTED_EDGE('',*,*,#6695,.F.);
#6732 = ORIENTED_EDGE('',*,*,#6545,.T.);
#6733 = ( BOUNDED_SURFACE() B_SPLINE_SURFACE(2,2,(
    (#6734,#6735,#6736,#6737,#6738,#6739,#6740,#6741,#6742)
    ,(#6743,#6744,#6745,#6746,#6747,#6748,#6749,#6750,#6751)
    ,(#6752,#6753,#6754,#6755,#6756,#6757,#6758,#6759,#6760)
    ,(#6761,#6762,#6763,#6764,#6765,#6766,#6767,#6768,#6769)
    ,(#6770,#6771,#6772,#6773,#6774,#6775,#6776,#6777,#6778)
    ,(#6779,#6780,#6781,#6782,#6783,#6784,#6785,#6786,#6787)
    ,(#6788,#6789,#6790,#6791,#6792,#6793,#6794,#6795,#6796)
    ,(#6797,#6798,#6799,#6800,#6801,#6802,#6803,#6804,#6805)
    ,(#6806,#6807,#6808,#6809,#6810,#6811,#6812,#6813,#6814
)),.UNSPECIFIED.,.T.,.T.,.F.) B_SPLINE_SURFACE_WITH_KNOTS((1,2,2,2,2,2,1
    ),(1,2,2,2,2,2,1),(-0.398982267006,0.,0.398982267006,0.797964534012,
    1.196946801018,1.595929068024,1.99491133503),(-7.620561299813,0.,
    7.620561299813,15.241122599626,22.861683899438,30.482245199251,
38.102806499064),.UNSPECIFIED.) GEOMETRIC_REPRESENTATION_ITEM() 
RATIONAL_B_SPLINE_SURFACE((
    (1.,0.707106781187,1.,0.707106781187,1.,0.707106781187,1.
      ,0.707106781187,1.)
    ,(0.707106781187,0.5,0.707106781187,0.5,0.707106781187,0.5
      ,0.707106781187,0.5,0.707106781187)
    ,(1.,0.707106781187,1.,0.707106781187,1.,0.707106781187,1.
      ,0.707106781187,1.)
    ,(0.707106781187,0.5,0.707106781187,0.5,0.707106781187,0.5
      ,0.707106781187,0.5,0.707106781187)
    ,(1.,0.707106781187,1.,0.707106781187,1.,0.707106781187,1.
      ,0.707106781187,1.)
    ,(0.707106781187,0.5,0.707106781187,0.5,0.707106781187,0.5
      ,0.707106781187,0.5,0.707106781187)
    ,(1.,0.707106781187,1.,0.707106781187,1.,0.707106781187,1.
      ,0.707106781187,1.)
    ,(0.707106781187,0.5,0.707106781187,0.5,0.707106781187,0.5
      ,0.707106781187,0.5,0.707106781187)
    ,(1.,0.707106781187,1.,0.707106781187,1.,0.707106781187,1.
,0.707106781187,1.))) REPRESENTATION_ITEM('') SURFACE() );
#6734 = CARTESIAN_POINT('',(0.9439671875,-1.558875900757,11.519773327641
    ));
#6735 = CARTESIAN_POINT('',(-4.073406140141,-1.558875900757,
    12.463740515141));
#6736 = CARTESIAN_POINT('',(-5.017373327641,-1.558875900757,7.4463671875
    ));
#6737 = CARTESIAN_POINT('',(-5.961340515141,-1.558875900757,
    2.428993859859));
#6738 = CARTESIAN_POINT('',(-0.9439671875,-1.558875900757,1.485026672359
    ));
#6739 = CARTESIAN_POINT('',(4.073406140141,-1.558875900757,
    0.541059484859));
#6740 = CARTESIAN_POINT('',(5.017373327641,-1.558875900757,5.5584328125)
  );
#6741 = CARTESIAN_POINT('',(5.961340515141,-1.558875900757,
    10.575806140141));
#6742 = CARTESIAN_POINT('',(0.9439671875,-1.558875900757,11.519773327641
    ));
#6743 = CARTESIAN_POINT('',(0.9439671875,-1.812875900757,11.519773327641
    ));
#6744 = CARTESIAN_POINT('',(-4.073406140141,-1.812875900757,
    12.463740515141));
#6745 = CARTESIAN_POINT('',(-5.017373327641,-1.812875900757,7.4463671875
    ));
#6746 = CARTESIAN_POINT('',(-5.961340515141,-1.812875900757,
    2.428993859859));
#6747 = CARTESIAN_POINT('',(-0.9439671875,-1.812875900757,1.485026672359
    ));
#6748 = CARTESIAN_POINT('',(4.073406140141,-1.812875900757,
    0.541059484859));
#6749 = CARTESIAN_POINT('',(5.017373327641,-1.812875900757,5.5584328125)
  );
#6750 = CARTESIAN_POINT('',(5.961340515141,-1.812875900757,
    10.575806140141));
#6751 = CARTESIAN_POINT('',(0.9439671875,-1.812875900757,11.519773327641
    ));
#6752 = CARTESIAN_POINT('',(0.897003645833,-1.812875900757,
    11.270152764077));
#6753 = CARTESIAN_POINT('',(-3.870749118244,-1.812875900757,
    12.16715640991));
#6754 = CARTESIAN_POINT('',(-4.767752764077,-1.812875900757,
    7.399403645833));
#6755 = CARTESIAN_POINT('',(-5.66475640991,-1.812875900757,
    2.631650881756));
#6756 = CARTESIAN_POINT('',(-0.897003645833,-1.812875900757,
    1.734647235923));
#6757 = CARTESIAN_POINT('',(3.870749118244,-1.812875900757,0.83764359009
    ));
#6758 = CARTESIAN_POINT('',(4.767752764077,-1.812875900757,
    5.605396354167));
#6759 = CARTESIAN_POINT('',(5.66475640991,-1.812875900757,
    10.373149118244));
#6760 = CARTESIAN_POINT('',(0.897003645833,-1.812875900757,
    11.270152764077));
#6761 = CARTESIAN_POINT('',(0.850040104167,-1.812875900757,
    11.020532200513));
#6762 = CARTESIAN_POINT('',(-3.668092096346,-1.812875900757,
    11.870572304679));
#6763 = CARTESIAN_POINT('',(-4.518132200513,-1.812875900757,
    7.352440104167));
#6764 = CARTESIAN_POINT('',(-5.368172304679,-1.812875900757,
    2.834307903654));
#6765 = CARTESIAN_POINT('',(-0.850040104167,-1.812875900757,
    1.984267799487));
#6766 = CARTESIAN_POINT('',(3.668092096346,-1.812875900757,
    1.134227695321));
#6767 = CARTESIAN_POINT('',(4.518132200513,-1.812875900757,
    5.652359895833));
#6768 = CARTESIAN_POINT('',(5.368172304679,-1.812875900757,
    10.170492096346));
#6769 = CARTESIAN_POINT('',(0.850040104167,-1.812875900757,
    11.020532200513));
#6770 = CARTESIAN_POINT('',(0.850040104167,-1.558875900757,
    11.020532200513));
#6771 = CARTESIAN_POINT('',(-3.668092096346,-1.558875900757,
    11.870572304679));
#6772 = CARTESIAN_POINT('',(-4.518132200513,-1.558875900757,
    7.352440104167));
#6773 = CARTESIAN_POINT('',(-5.368172304679,-1.558875900757,
    2.834307903654));
#6774 = CARTESIAN_POINT('',(-0.850040104167,-1.558875900757,
    1.984267799487));
#6775 = CARTESIAN_POINT('',(3.668092096346,-1.558875900757,
    1.134227695321));
#6776 = CARTESIAN_POINT('',(4.518132200513,-1.558875900757,
    5.652359895833));
#6777 = CARTESIAN_POINT('',(5.368172304679,-1.558875900757,
    10.170492096346));
#6778 = CARTESIAN_POINT('',(0.850040104167,-1.558875900757,
    11.020532200513));
#6779 = CARTESIAN_POINT('',(0.850040104167,-1.304875900757,
    11.020532200513));
#6780 = CARTESIAN_POINT('',(-3.668092096346,-1.304875900757,
    11.870572304679));
#6781 = CARTESIAN_POINT('',(-4.518132200513,-1.304875900757,
    7.352440104167));
#6782 = CARTESIAN_POINT('',(-5.368172304679,-1.304875900757,
    2.834307903654));
#6783 = CARTESIAN_POINT('',(-0.850040104167,-1.304875900757,
    1.984267799487));
#6784 = CARTESIAN_POINT('',(3.668092096346,-1.304875900757,
    1.134227695321));
#6785 = CARTESIAN_POINT('',(4.518132200513,-1.304875900757,
    5.652359895833));
#6786 = CARTESIAN_POINT('',(5.368172304679,-1.304875900757,
    10.170492096346));
#6787 = CARTESIAN_POINT('',(0.850040104167,-1.304875900757,
    11.020532200513));
#6788 = CARTESIAN_POINT('',(0.897003645833,-1.304875900757,
    11.270152764077));
#6789 = CARTESIAN_POINT('',(-3.870749118244,-1.304875900757,
    12.16715640991));
#6790 = CARTESIAN_POINT('',(-4.767752764077,-1.304875900757,
    7.399403645833));
#6791 = CARTESIAN_POINT('',(-5.66475640991,-1.304875900757,
    2.631650881756));
#6792 = CARTESIAN_POINT('',(-0.897003645833,-1.304875900757,
    1.734647235923));
#6793 = CARTESIAN_POINT('',(3.870749118244,-1.304875900757,0.83764359009
    ));
#6794 = CARTESIAN_POINT('',(4.767752764077,-1.304875900757,
    5.605396354167));
#6795 = CARTESIAN_POINT('',(5.66475640991,-1.304875900757,
    10.373149118244));
#6796 = CARTESIAN_POINT('',(0.897003645833,-1.304875900757,
    11.270152764077));
#6797 = CARTESIAN_POINT('',(0.9439671875,-1.304875900757,11.519773327641
    ));
#6798 = CARTESIAN_POINT('',(-4.073406140141,-1.304875900757,
    12.463740515141));
#6799 = CARTESIAN_POINT('',(-5.017373327641,-1.304875900757,7.4463671875
    ));
#6800 = CARTESIAN_POINT('',(-5.961340515141,-1.304875900757,
    2.428993859859));
#6801 = CARTESIAN_POINT('',(-0.9439671875,-1.304875900757,1.485026672359
    ));
#6802 = CARTESIAN_POINT('',(4.073406140141,-1.304875900757,
    0.541059484859));
#6803 = CARTESIAN_POINT('',(5.017373327641,-1.304875900757,5.5584328125)
  );
#6804 = CARTESIAN_POINT('',(5.961340515141,-1.304875900757,
    10.575806140141));
#6805 = CARTESIAN_POINT('',(0.9439671875,-1.304875900757,11.519773327641
    ));
#6806 = CARTESIAN_POINT('',(0.9439671875,-1.558875900757,11.519773327641
    ));
#6807 = CARTESIAN_POINT('',(-4.073406140141,-1.558875900757,
    12.463740515141));
#6808 = CARTESIAN_POINT('',(-5.017373327641,-1.558875900757,7.4463671875
    ));
#6809 = CARTESIAN_POINT('',(-5.961340515141,-1.558875900757,
    2.428993859859));
#6810 = CARTESIAN_POINT('',(-0.9439671875,-1.558875900757,1.485026672359
    ));
#6811 = CARTESIAN_POINT('',(4.073406140141,-1.558875900757,
    0.541059484859));
#6812 = CARTESIAN_POINT('',(5.017373327641,-1.558875900757,5.5584328125)
  );
#6813 = CARTESIAN_POINT('',(5.961340515141,-1.558875900757,
    10.575806140141));
#6814 = CARTESIAN_POINT('',(0.9439671875,-1.558875900757,11.519773327641
    ));
#6815 = ADVANCED_FACE('',(#6816),#6827,.T.);
#6816 = FACE_BOUND('',#6817,.T.);
#6817 = EDGE_LOOP('',(#6818,#6819,#6825,#6826));
#6818 = ORIENTED_EDGE('',*,*,#6538,.T.);
#6819 = ORIENTED_EDGE('',*,*,#6820,.T.);
#6820 = EDGE_CURVE('',#6532,#6337,#6821,.T.);
#6821 = ( BOUNDED_CURVE() B_SPLINE_CURVE(2,(#6822,#6823,#6824),
.UNSPECIFIED.,.F.,.F.) B_SPLINE_CURVE_WITH_KNOTS((3,3),(-1.709918954519,
0.),.PIECEWISE_BEZIER_KNOTS.) CURVE() GEOMETRIC_REPRESENTATION_ITEM() 
RATIONAL_B_SPLINE_CURVE((1.,0.982758124269,1.)) REPRESENTATION_ITEM('') 
  );
#6822 = CARTESIAN_POINT('',(-0.850040104167,-0.9652,1.984267799487));
#6823 = CARTESIAN_POINT('',(0.,-0.9652,1.824341496621));
#6824 = CARTESIAN_POINT('',(0.850040104167,-0.9652,1.984267799487));
#6825 = ORIENTED_EDGE('',*,*,#6336,.F.);
#6826 = ORIENTED_EDGE('',*,*,#6725,.T.);
#6827 = CYLINDRICAL_SURFACE('',#6828,4.5974);
#6828 = AXIS2_PLACEMENT_3D('',#6829,#6830,#6831);
#6829 = CARTESIAN_POINT('',(-7.333298692732E-16,-1.262037950378,6.5024)
  );
#6830 = DIRECTION('',(0.,-1.,0.));
#6831 = DIRECTION('',(0.,-0.,-1.));
#6832 = ADVANCED_FACE('',(#6833),#6844,.T.);
#6833 = FACE_BOUND('',#6834,.T.);
#6834 = EDGE_LOOP('',(#6835,#6841,#6842,#6843));
#6835 = ORIENTED_EDGE('',*,*,#6836,.F.);
#6836 = EDGE_CURVE('',#6344,#6525,#6837,.T.);
#6837 = ( BOUNDED_CURVE() B_SPLINE_CURVE(2,(#6838,#6839,#6840),
.UNSPECIFIED.,.F.,.F.) B_SPLINE_CURVE_WITH_KNOTS((3,3),(-1.606001228001,
0.),.PIECEWISE_BEZIER_KNOTS.) CURVE() GEOMETRIC_REPRESENTATION_ITEM() 
RATIONAL_B_SPLINE_CURVE((1.,0.982758124269,1.)) REPRESENTATION_ITEM('') 
  );
#6838 = CARTESIAN_POINT('',(0.798380208333,-0.9652,2.258850419408));
#6839 = CARTESIAN_POINT('',(0.,-0.9652,2.108643394616));
#6840 = CARTESIAN_POINT('',(-0.798380208333,-0.9652,2.258850419408));
#6841 = ORIENTED_EDGE('',*,*,#6343,.F.);
#6842 = ORIENTED_EDGE('',*,*,#6820,.F.);
#6843 = ORIENTED_EDGE('',*,*,#6531,.T.);
#6844 = PLANE('',#6845);
#6845 = AXIS2_PLACEMENT_3D('',#6846,#6847,#6848);
#6846 = CARTESIAN_POINT('',(0.867499441734,-0.9652,0.779362857561));
#6847 = DIRECTION('',(0.,1.,0.));
#6848 = DIRECTION('',(0.,-0.,1.));
#6849 = ADVANCED_FACE('',(#6850),#6861,.F.);
#6850 = FACE_BOUND('',#6851,.F.);
#6851 = EDGE_LOOP('',(#6852,#6853,#6854,#6855));
#6852 = ORIENTED_EDGE('',*,*,#6524,.F.);
#6853 = ORIENTED_EDGE('',*,*,#6836,.F.);
#6854 = ORIENTED_EDGE('',*,*,#6350,.T.);
#6855 = ORIENTED_EDGE('',*,*,#6856,.T.);
#6856 = EDGE_CURVE('',#6351,#6517,#6857,.T.);
#6857 = ( BOUNDED_CURVE() B_SPLINE_CURVE(2,(#6858,#6859,#6860),
.UNSPECIFIED.,.F.,.F.) B_SPLINE_CURVE_WITH_KNOTS((3,3),(-1.606001228001,
0.),.PIECEWISE_BEZIER_KNOTS.) CURVE() GEOMETRIC_REPRESENTATION_ITEM() 
RATIONAL_B_SPLINE_CURVE((1.,0.982758124269,1.)) REPRESENTATION_ITEM('') 
  );
#6858 = CARTESIAN_POINT('',(0.798380208333,-1.558875900757,
    2.258850419408));
#6859 = CARTESIAN_POINT('',(0.,-1.558875900757,2.108643394616));
#6860 = CARTESIAN_POINT('',(-0.798380208333,-1.558875900757,
    2.258850419408));
#6861 = CYLINDRICAL_SURFACE('',#6862,4.318);
#6862 = AXIS2_PLACEMENT_3D('',#6863,#6864,#6865);
#6863 = CARTESIAN_POINT('',(-3.666649346366E-16,-1.262037950378,6.5024)
  );
#6864 = DIRECTION('',(0.,-1.,0.));
#6865 = DIRECTION('',(0.,-0.,-1.));
#6866 = ADVANCED_FACE('',(#6867),#6878,.T.);
#6867 = FACE_BOUND('',#6868,.T.);
#6868 = EDGE_LOOP('',(#6869,#6870,#6876,#6877));
#6869 = ORIENTED_EDGE('',*,*,#6516,.T.);
#6870 = ORIENTED_EDGE('',*,*,#6871,.T.);
#6871 = EDGE_CURVE('',#6510,#6358,#6872,.T.);
#6872 = ( BOUNDED_CURVE() B_SPLINE_CURVE(2,(#6873,#6874,#6875),
.UNSPECIFIED.,.F.,.F.) B_SPLINE_CURVE_WITH_KNOTS((3,3),(-1.632580232042,
0.),.PIECEWISE_BEZIER_KNOTS.) CURVE() GEOMETRIC_REPRESENTATION_ITEM() 
RATIONAL_B_SPLINE_CURVE((1.,0.982758124269,1.)) REPRESENTATION_ITEM('') 
  );
#6873 = CARTESIAN_POINT('',(-0.81159324355,-1.825575900757,
    2.188620509566));
#6874 = CARTESIAN_POINT('',(0.,-1.825575900757,2.035927588095));
#6875 = CARTESIAN_POINT('',(0.81159324355,-1.825575900757,2.188620509566
    ));
#6876 = ORIENTED_EDGE('',*,*,#6357,.F.);
#6877 = ORIENTED_EDGE('',*,*,#6856,.T.);
#6878 = ( BOUNDED_SURFACE() B_SPLINE_SURFACE(2,2,(
    (#6879,#6880,#6881,#6882,#6883,#6884,#6885,#6886,#6887)
    ,(#6888,#6889,#6890,#6891,#6892,#6893,#6894,#6895,#6896)
    ,(#6897,#6898,#6899,#6900,#6901,#6902,#6903,#6904,#6905)
    ,(#6906,#6907,#6908,#6909,#6910,#6911,#6912,#6913,#6914)
    ,(#6915,#6916,#6917,#6918,#6919,#6920,#6921,#6922,#6923)
    ,(#6924,#6925,#6926,#6927,#6928,#6929,#6930,#6931,#6932)
    ,(#6933,#6934,#6935,#6936,#6937,#6938,#6939,#6940,#6941)
    ,(#6942,#6943,#6944,#6945,#6946,#6947,#6948,#6949,#6950)
    ,(#6951,#6952,#6953,#6954,#6955,#6956,#6957,#6958,#6959
)),.UNSPECIFIED.,.T.,.T.,.F.) B_SPLINE_SURFACE_WITH_KNOTS((1,2,2,2,2,2,1
    ),(1,2,2,2,2,2,1),(-7.620561299813,0.,7.620561299813,15.241122599626
    ,22.861683899438,30.482245199251,38.102806499064),(-0.837862760712,
    0.,0.837862760712,1.675725521425,2.513588282137,3.35145104285,
4.189313803562),.UNSPECIFIED.) GEOMETRIC_REPRESENTATION_ITEM() 
RATIONAL_B_SPLINE_SURFACE((
    (1.,0.707106781187,1.,0.707106781187,1.,0.707106781187,1.
      ,0.707106781187,1.)
    ,(0.707106781187,0.5,0.707106781187,0.5,0.707106781187,0.5
      ,0.707106781187,0.5,0.707106781187)
    ,(1.,0.707106781187,1.,0.707106781187,1.,0.707106781187,1.
      ,0.707106781187,1.)
    ,(0.707106781187,0.5,0.707106781187,0.5,0.707106781187,0.5
      ,0.707106781187,0.5,0.707106781187)
    ,(1.,0.707106781187,1.,0.707106781187,1.,0.707106781187,1.
      ,0.707106781187,1.)
    ,(0.707106781187,0.5,0.707106781187,0.5,0.707106781187,0.5
      ,0.707106781187,0.5,0.707106781187)
    ,(1.,0.707106781187,1.,0.707106781187,1.,0.707106781187,1.
      ,0.707106781187,1.)
    ,(0.707106781187,0.5,0.707106781187,0.5,0.707106781187,0.5
      ,0.707106781187,0.5,0.707106781187)
    ,(1.,0.707106781187,1.,0.707106781187,1.,0.707106781187,1.
,0.707106781187,1.))) REPRESENTATION_ITEM('') SURFACE() );
#6879 = CARTESIAN_POINT('',(0.995627083333,-1.558875900757,
    11.794355947562));
#6880 = CARTESIAN_POINT('',(0.995627083333,-2.092275900757,
    11.794355947562));
#6881 = CARTESIAN_POINT('',(0.897003645833,-2.092275900757,
    11.270152764077));
#6882 = CARTESIAN_POINT('',(0.798380208333,-2.092275900757,
    10.745949580592));
#6883 = CARTESIAN_POINT('',(0.798380208333,-1.558875900757,
    10.745949580592));
#6884 = CARTESIAN_POINT('',(0.798380208333,-1.025475900757,
    10.745949580592));
#6885 = CARTESIAN_POINT('',(0.897003645833,-1.025475900757,
    11.270152764077));
#6886 = CARTESIAN_POINT('',(0.995627083333,-1.025475900757,
    11.794355947562));
#6887 = CARTESIAN_POINT('',(0.995627083333,-1.558875900757,
    11.794355947562));
#6888 = CARTESIAN_POINT('',(-4.296328864229,-1.558875900757,
    12.789983030895));
#6889 = CARTESIAN_POINT('',(-4.296328864229,-2.092275900757,
    12.789983030895));
#6890 = CARTESIAN_POINT('',(-3.870749118244,-2.092275900757,
    12.16715640991));
#6891 = CARTESIAN_POINT('',(-3.445169372259,-2.092275900757,
    11.544329788925));
#6892 = CARTESIAN_POINT('',(-3.445169372259,-1.558875900757,
    11.544329788925));
#6893 = CARTESIAN_POINT('',(-3.445169372259,-1.025475900757,
    11.544329788925));
#6894 = CARTESIAN_POINT('',(-3.870749118244,-1.025475900757,
    12.16715640991));
#6895 = CARTESIAN_POINT('',(-4.296328864229,-1.025475900757,
    12.789983030895));
#6896 = CARTESIAN_POINT('',(-4.296328864229,-1.558875900757,
    12.789983030895));
#6897 = CARTESIAN_POINT('',(-5.291955947562,-1.558875900757,
    7.498027083333));
#6898 = CARTESIAN_POINT('',(-5.291955947562,-2.092275900757,
    7.498027083333));
#6899 = CARTESIAN_POINT('',(-4.767752764077,-2.092275900757,
    7.399403645833));
#6900 = CARTESIAN_POINT('',(-4.243549580592,-2.092275900757,
    7.300780208333));
#6901 = CARTESIAN_POINT('',(-4.243549580592,-1.558875900757,
    7.300780208333));
#6902 = CARTESIAN_POINT('',(-4.243549580592,-1.025475900757,
    7.300780208333));
#6903 = CARTESIAN_POINT('',(-4.767752764077,-1.025475900757,
    7.399403645833));
#6904 = CARTESIAN_POINT('',(-5.291955947562,-1.025475900757,
    7.498027083333));
#6905 = CARTESIAN_POINT('',(-5.291955947562,-1.558875900757,
    7.498027083333));
#6906 = CARTESIAN_POINT('',(-6.287583030895,-1.558875900757,
    2.206071135771));
#6907 = CARTESIAN_POINT('',(-6.287583030895,-2.092275900757,
    2.206071135771));
#6908 = CARTESIAN_POINT('',(-5.66475640991,-2.092275900757,
    2.631650881756));
#6909 = CARTESIAN_POINT('',(-5.041929788925,-2.092275900757,
    3.057230627741));
#6910 = CARTESIAN_POINT('',(-5.041929788925,-1.558875900757,
    3.057230627741));
#6911 = CARTESIAN_POINT('',(-5.041929788925,-1.025475900757,
    3.057230627741));
#6912 = CARTESIAN_POINT('',(-5.66475640991,-1.025475900757,
    2.631650881756));
#6913 = CARTESIAN_POINT('',(-6.287583030895,-1.025475900757,
    2.206071135771));
#6914 = CARTESIAN_POINT('',(-6.287583030895,-1.558875900757,
    2.206071135771));
#6915 = CARTESIAN_POINT('',(-0.995627083333,-1.558875900757,
    1.210444052438));
#6916 = CARTESIAN_POINT('',(-0.995627083333,-2.092275900757,
    1.210444052438));
#6917 = CARTESIAN_POINT('',(-0.897003645833,-2.092275900757,
    1.734647235923));
#6918 = CARTESIAN_POINT('',(-0.798380208333,-2.092275900757,
    2.258850419408));
#6919 = CARTESIAN_POINT('',(-0.798380208333,-1.558875900757,
    2.258850419408));
#6920 = CARTESIAN_POINT('',(-0.798380208333,-1.025475900757,
    2.258850419408));
#6921 = CARTESIAN_POINT('',(-0.897003645833,-1.025475900757,
    1.734647235923));
#6922 = CARTESIAN_POINT('',(-0.995627083333,-1.025475900757,
    1.210444052438));
#6923 = CARTESIAN_POINT('',(-0.995627083333,-1.558875900757,
    1.210444052438));
#6924 = CARTESIAN_POINT('',(4.296328864229,-1.558875900757,
    0.214816969105));
#6925 = CARTESIAN_POINT('',(4.296328864229,-2.092275900757,
    0.214816969105));
#6926 = CARTESIAN_POINT('',(3.870749118244,-2.092275900757,0.83764359009
    ));
#6927 = CARTESIAN_POINT('',(3.445169372259,-2.092275900757,
    1.460470211075));
#6928 = CARTESIAN_POINT('',(3.445169372259,-1.558875900757,
    1.460470211075));
#6929 = CARTESIAN_POINT('',(3.445169372259,-1.025475900757,
    1.460470211075));
#6930 = CARTESIAN_POINT('',(3.870749118244,-1.025475900757,0.83764359009
    ));
#6931 = CARTESIAN_POINT('',(4.296328864229,-1.025475900757,
    0.214816969105));
#6932 = CARTESIAN_POINT('',(4.296328864229,-1.558875900757,
    0.214816969105));
#6933 = CARTESIAN_POINT('',(5.291955947562,-1.558875900757,
    5.506772916667));
#6934 = CARTESIAN_POINT('',(5.291955947562,-2.092275900757,
    5.506772916667));
#6935 = CARTESIAN_POINT('',(4.767752764077,-2.092275900757,
    5.605396354167));
#6936 = CARTESIAN_POINT('',(4.243549580592,-2.092275900757,
    5.704019791667));
#6937 = CARTESIAN_POINT('',(4.243549580592,-1.558875900757,
    5.704019791667));
#6938 = CARTESIAN_POINT('',(4.243549580592,-1.025475900757,
    5.704019791667));
#6939 = CARTESIAN_POINT('',(4.767752764077,-1.025475900757,
    5.605396354167));
#6940 = CARTESIAN_POINT('',(5.291955947562,-1.025475900757,
    5.506772916667));
#6941 = CARTESIAN_POINT('',(5.291955947562,-1.558875900757,
    5.506772916667));
#6942 = CARTESIAN_POINT('',(6.287583030895,-1.558875900757,
    10.798728864229));
#6943 = CARTESIAN_POINT('',(6.287583030895,-2.092275900757,
    10.798728864229));
#6944 = CARTESIAN_POINT('',(5.66475640991,-2.092275900757,
    10.373149118244));
#6945 = CARTESIAN_POINT('',(5.041929788925,-2.092275900757,
    9.947569372259));
#6946 = CARTESIAN_POINT('',(5.041929788925,-1.558875900757,
    9.947569372259));
#6947 = CARTESIAN_POINT('',(5.041929788925,-1.025475900757,
    9.947569372259));
#6948 = CARTESIAN_POINT('',(5.66475640991,-1.025475900757,
    10.373149118244));
#6949 = CARTESIAN_POINT('',(6.287583030895,-1.025475900757,
    10.798728864229));
#6950 = CARTESIAN_POINT('',(6.287583030895,-1.558875900757,
    10.798728864229));
#6951 = CARTESIAN_POINT('',(0.995627083333,-1.558875900757,
    11.794355947562));
#6952 = CARTESIAN_POINT('',(0.995627083333,-2.092275900757,
    11.794355947562));
#6953 = CARTESIAN_POINT('',(0.897003645833,-2.092275900757,
    11.270152764077));
#6954 = CARTESIAN_POINT('',(0.798380208333,-2.092275900757,
    10.745949580592));
#6955 = CARTESIAN_POINT('',(0.798380208333,-1.558875900757,
    10.745949580592));
#6956 = CARTESIAN_POINT('',(0.798380208333,-1.025475900757,
    10.745949580592));
#6957 = CARTESIAN_POINT('',(0.897003645833,-1.025475900757,
    11.270152764077));
#6958 = CARTESIAN_POINT('',(0.995627083333,-1.025475900757,
    11.794355947562));
#6959 = CARTESIAN_POINT('',(0.995627083333,-1.558875900757,
    11.794355947562));
#6960 = ADVANCED_FACE('',(#6961),#6972,.T.);
#6961 = FACE_BOUND('',#6962,.T.);
#6962 = EDGE_LOOP('',(#6963,#6969,#6970,#6971));
#6963 = ORIENTED_EDGE('',*,*,#6964,.F.);
#6964 = EDGE_CURVE('',#6366,#6502,#6965,.T.);
#6965 = ( BOUNDED_CURVE() B_SPLINE_CURVE(2,(#6966,#6967,#6968),
.UNSPECIFIED.,.F.,.F.) B_SPLINE_CURVE_WITH_KNOTS((3,3),(0.,
1.697262285928),.PIECEWISE_BEZIER_KNOTS.) CURVE() 
GEOMETRIC_REPRESENTATION_ITEM() RATIONAL_B_SPLINE_CURVE((1.,
0.982758124269,1.)) REPRESENTATION_ITEM('') );
#6966 = CARTESIAN_POINT('',(0.843748182635,-2.126794090512,
    2.017710613698));
#6967 = CARTESIAN_POINT('',(0.,-2.126794090512,1.858968071155));
#6968 = CARTESIAN_POINT('',(-0.843748182635,-2.126794090512,
    2.017710613698));
#6969 = ORIENTED_EDGE('',*,*,#6365,.F.);
#6970 = ORIENTED_EDGE('',*,*,#6871,.F.);
#6971 = ORIENTED_EDGE('',*,*,#6509,.T.);
#6972 = ( BOUNDED_SURFACE() B_SPLINE_SURFACE(1,2,(
    (#6973,#6974,#6975,#6976,#6977,#6978,#6979,#6980,#6981)
    ,(#6982,#6983,#6984,#6985,#6986,#6987,#6988,#6989,#6990
)),.UNSPECIFIED.,.F.,.T.,.F.) B_SPLINE_SURFACE_WITH_KNOTS((2,2),(1,2,2,2
    ,2,2,1),(0.,10.071377964097),(-1.570796326795,0.,1.570796326795,
    3.14159265359,4.712388980385,6.28318530718,7.853981633974),
.UNSPECIFIED.) GEOMETRIC_REPRESENTATION_ITEM() RATIONAL_B_SPLINE_SURFACE
((
    (1.,0.707106781187,1.,0.707106781187,1.,0.707106781187,1.
      ,0.707106781187,1.)
    ,(1.,0.707106781187,1.,0.707106781187,1.,0.707106781187,1.
,0.707106781187,1.))) REPRESENTATION_ITEM('') SURFACE() );
#6973 = CARTESIAN_POINT('',(0.,5.777195387082,6.5024));
#6974 = CARTESIAN_POINT('',(0.,5.777195387082,6.5024));
#6975 = CARTESIAN_POINT('',(0.,5.777195387082,6.5024));
#6976 = CARTESIAN_POINT('',(0.,5.777195387082,6.5024));
#6977 = CARTESIAN_POINT('',(0.,5.777195387082,6.5024));
#6978 = CARTESIAN_POINT('',(0.,5.777195387082,6.5024));
#6979 = CARTESIAN_POINT('',(0.,5.777195387082,6.5024));
#6980 = CARTESIAN_POINT('',(0.,5.777195387082,6.5024));
#6981 = CARTESIAN_POINT('',(0.,5.777195387082,6.5024));
#6982 = CARTESIAN_POINT('',(0.931077910743,-2.944873780942,
    11.451264258398));
#6983 = CARTESIAN_POINT('',(-4.017786347655,-2.944873780942,
    12.382342169142));
#6984 = CARTESIAN_POINT('',(-4.948864258398,-2.944873780942,
    7.433477910743));
#6985 = CARTESIAN_POINT('',(-5.879942169142,-2.944873780942,
    2.484613652345));
#6986 = CARTESIAN_POINT('',(-0.931077910743,-2.944873780942,
    1.553535741602));
#6987 = CARTESIAN_POINT('',(4.017786347655,-2.944873780942,
    0.622457830858));
#6988 = CARTESIAN_POINT('',(4.948864258398,-2.944873780942,
    5.571322089257));
#6989 = CARTESIAN_POINT('',(5.879942169142,-2.944873780942,
    10.520186347655));
#6990 = CARTESIAN_POINT('',(0.931077910743,-2.944873780942,
    11.451264258398));
#6991 = ADVANCED_FACE('',(#6992),#7003,.T.);
#6992 = FACE_BOUND('',#6993,.T.);
#6993 = EDGE_LOOP('',(#6994,#7000,#7001,#7002));
#6994 = ORIENTED_EDGE('',*,*,#6995,.T.);
#6995 = EDGE_CURVE('',#6495,#6373,#6996,.T.);
#6996 = ( BOUNDED_CURVE() B_SPLINE_CURVE(2,(#6997,#6998,#6999),
.UNSPECIFIED.,.F.,.F.) B_SPLINE_CURVE_WITH_KNOTS((3,3),(13.645193531602,
15.26064182565),.PIECEWISE_BEZIER_KNOTS.) CURVE() 
GEOMETRIC_REPRESENTATION_ITEM() RATIONAL_B_SPLINE_CURVE((1.,
0.982758124269,1.)) REPRESENTATION_ITEM('') );
#6997 = CARTESIAN_POINT('',(-0.850040104167,-2.253794090512,
    1.984267799487));
#6998 = CARTESIAN_POINT('',(0.,-2.253794090512,1.824341496621));
#6999 = CARTESIAN_POINT('',(0.850040104167,-2.253794090512,
    1.984267799487));
#7000 = ORIENTED_EDGE('',*,*,#6372,.F.);
#7001 = ORIENTED_EDGE('',*,*,#6964,.T.);
#7002 = ORIENTED_EDGE('',*,*,#6501,.T.);
#7003 = ( BOUNDED_SURFACE() B_SPLINE_SURFACE(2,2,(
    (#7004,#7005,#7006,#7007,#7008,#7009,#7010,#7011,#7012)
    ,(#7013,#7014,#7015,#7016,#7017,#7018,#7019,#7020,#7021)
    ,(#7022,#7023,#7024,#7025,#7026,#7027,#7028,#7029,#7030)
    ,(#7031,#7032,#7033,#7034,#7035,#7036,#7037,#7038,#7039)
    ,(#7040,#7041,#7042,#7043,#7044,#7045,#7046,#7047,#7048)
    ,(#7049,#7050,#7051,#7052,#7053,#7054,#7055,#7056,#7057)
    ,(#7058,#7059,#7060,#7061,#7062,#7063,#7064,#7065,#7066)
    ,(#7067,#7068,#7069,#7070,#7071,#7072,#7073,#7074,#7075)
    ,(#7076,#7077,#7078,#7079,#7080,#7081,#7082,#7083,#7084
)),.UNSPECIFIED.,.T.,.T.,.F.) B_SPLINE_SURFACE_WITH_KNOTS((1,2,2,2,2,2,1
    ),(1,2,2,2,2,2,1),(-0.398982267006,0.,0.398982267006,0.797964534012,
    1.196946801018,1.595929068024,1.99491133503),(-6.822596765801,0.,
    6.822596765801,13.645193531602,20.467790297403,27.290387063204,
34.112983829005),.UNSPECIFIED.) GEOMETRIC_REPRESENTATION_ITEM() 
RATIONAL_B_SPLINE_SURFACE((
    (1.,0.707106781187,1.,0.707106781187,1.,0.707106781187,1.
      ,0.707106781187,1.)
    ,(0.707106781187,0.5,0.707106781187,0.5,0.707106781187,0.5
      ,0.707106781187,0.5,0.707106781187)
    ,(1.,0.707106781187,1.,0.707106781187,1.,0.707106781187,1.
      ,0.707106781187,1.)
    ,(0.707106781187,0.5,0.707106781187,0.5,0.707106781187,0.5
      ,0.707106781187,0.5,0.707106781187)
    ,(1.,0.707106781187,1.,0.707106781187,1.,0.707106781187,1.
      ,0.707106781187,1.)
    ,(0.707106781187,0.5,0.707106781187,0.5,0.707106781187,0.5
      ,0.707106781187,0.5,0.707106781187)
    ,(1.,0.707106781187,1.,0.707106781187,1.,0.707106781187,1.
      ,0.707106781187,1.)
    ,(0.707106781187,0.5,0.707106781187,0.5,0.707106781187,0.5
      ,0.707106781187,0.5,0.707106781187)
    ,(1.,0.707106781187,1.,0.707106781187,1.,0.707106781187,1.
,0.707106781187,1.))) REPRESENTATION_ITEM('') SURFACE() );
#7004 = CARTESIAN_POINT('',(0.850040104167,-2.253794090512,
    11.020532200513));
#7005 = CARTESIAN_POINT('',(-3.668092096346,-2.253794090512,
    11.870572304679));
#7006 = CARTESIAN_POINT('',(-4.518132200513,-2.253794090512,
    7.352440104167));
#7007 = CARTESIAN_POINT('',(-5.368172304679,-2.253794090512,
    2.834307903654));
#7008 = CARTESIAN_POINT('',(-0.850040104167,-2.253794090512,
    1.984267799487));
#7009 = CARTESIAN_POINT('',(3.668092096346,-2.253794090512,
    1.134227695321));
#7010 = CARTESIAN_POINT('',(4.518132200513,-2.253794090512,
    5.652359895833));
#7011 = CARTESIAN_POINT('',(5.368172304679,-2.253794090512,
    10.170492096346));
#7012 = CARTESIAN_POINT('',(0.850040104167,-2.253794090512,
    11.020532200513));
#7013 = CARTESIAN_POINT('',(0.850040104167,-2.507794090512,
    11.020532200513));
#7014 = CARTESIAN_POINT('',(-3.668092096346,-2.507794090512,
    11.870572304679));
#7015 = CARTESIAN_POINT('',(-4.518132200513,-2.507794090512,
    7.352440104167));
#7016 = CARTESIAN_POINT('',(-5.368172304679,-2.507794090512,
    2.834307903654));
#7017 = CARTESIAN_POINT('',(-0.850040104167,-2.507794090512,
    1.984267799487));
#7018 = CARTESIAN_POINT('',(3.668092096346,-2.507794090512,
    1.134227695321));
#7019 = CARTESIAN_POINT('',(4.518132200513,-2.507794090512,
    5.652359895833));
#7020 = CARTESIAN_POINT('',(5.368172304679,-2.507794090512,
    10.170492096346));
#7021 = CARTESIAN_POINT('',(0.850040104167,-2.507794090512,
    11.020532200513));
#7022 = CARTESIAN_POINT('',(0.8030765625,-2.507794090512,10.770911636948
    ));
#7023 = CARTESIAN_POINT('',(-3.465435074448,-2.507794090512,
    11.573988199448));
#7024 = CARTESIAN_POINT('',(-4.268511636948,-2.507794090512,7.3054765625
    ));
#7025 = CARTESIAN_POINT('',(-5.071588199448,-2.507794090512,
    3.036964925552));
#7026 = CARTESIAN_POINT('',(-0.8030765625,-2.507794090512,2.233888363052
    ));
#7027 = CARTESIAN_POINT('',(3.465435074448,-2.507794090512,
    1.430811800552));
#7028 = CARTESIAN_POINT('',(4.268511636948,-2.507794090512,5.6993234375)
  );
#7029 = CARTESIAN_POINT('',(5.071588199448,-2.507794090512,
    9.967835074448));
#7030 = CARTESIAN_POINT('',(0.8030765625,-2.507794090512,10.770911636948
    ));
#7031 = CARTESIAN_POINT('',(0.756113020833,-2.507794090512,
    10.521291073384));
#7032 = CARTESIAN_POINT('',(-3.262778052551,-2.507794090512,
    11.277404094217));
#7033 = CARTESIAN_POINT('',(-4.018891073384,-2.507794090512,
    7.258513020833));
#7034 = CARTESIAN_POINT('',(-4.775004094217,-2.507794090512,
    3.239621947449));
#7035 = CARTESIAN_POINT('',(-0.756113020833,-2.507794090512,
    2.483508926616));
#7036 = CARTESIAN_POINT('',(3.262778052551,-2.507794090512,
    1.727395905783));
#7037 = CARTESIAN_POINT('',(4.018891073384,-2.507794090512,
    5.746286979167));
#7038 = CARTESIAN_POINT('',(4.775004094217,-2.507794090512,
    9.765178052551));
#7039 = CARTESIAN_POINT('',(0.756113020833,-2.507794090512,
    10.521291073384));
#7040 = CARTESIAN_POINT('',(0.756113020833,-2.253794090512,
    10.521291073384));
#7041 = CARTESIAN_POINT('',(-3.262778052551,-2.253794090512,
    11.277404094217));
#7042 = CARTESIAN_POINT('',(-4.018891073384,-2.253794090512,
    7.258513020833));
#7043 = CARTESIAN_POINT('',(-4.775004094217,-2.253794090512,
    3.239621947449));
#7044 = CARTESIAN_POINT('',(-0.756113020833,-2.253794090512,
    2.483508926616));
#7045 = CARTESIAN_POINT('',(3.262778052551,-2.253794090512,
    1.727395905783));
#7046 = CARTESIAN_POINT('',(4.018891073384,-2.253794090512,
    5.746286979167));
#7047 = CARTESIAN_POINT('',(4.775004094217,-2.253794090512,
    9.765178052551));
#7048 = CARTESIAN_POINT('',(0.756113020833,-2.253794090512,
    10.521291073384));
#7049 = CARTESIAN_POINT('',(0.756113020833,-1.999794090512,
    10.521291073384));
#7050 = CARTESIAN_POINT('',(-3.262778052551,-1.999794090512,
    11.277404094217));
#7051 = CARTESIAN_POINT('',(-4.018891073384,-1.999794090512,
    7.258513020833));
#7052 = CARTESIAN_POINT('',(-4.775004094217,-1.999794090512,
    3.239621947449));
#7053 = CARTESIAN_POINT('',(-0.756113020833,-1.999794090512,
    2.483508926616));
#7054 = CARTESIAN_POINT('',(3.262778052551,-1.999794090512,
    1.727395905783));
#7055 = CARTESIAN_POINT('',(4.018891073384,-1.999794090512,
    5.746286979167));
#7056 = CARTESIAN_POINT('',(4.775004094217,-1.999794090512,
    9.765178052551));
#7057 = CARTESIAN_POINT('',(0.756113020833,-1.999794090512,
    10.521291073384));
#7058 = CARTESIAN_POINT('',(0.8030765625,-1.999794090512,10.770911636948
    ));
#7059 = CARTESIAN_POINT('',(-3.465435074448,-1.999794090512,
    11.573988199448));
#7060 = CARTESIAN_POINT('',(-4.268511636948,-1.999794090512,7.3054765625
    ));
#7061 = CARTESIAN_POINT('',(-5.071588199448,-1.999794090512,
    3.036964925552));
#7062 = CARTESIAN_POINT('',(-0.8030765625,-1.999794090512,2.233888363052
    ));
#7063 = CARTESIAN_POINT('',(3.465435074448,-1.999794090512,
    1.430811800552));
#7064 = CARTESIAN_POINT('',(4.268511636948,-1.999794090512,5.6993234375)
  );
#7065 = CARTESIAN_POINT('',(5.071588199448,-1.999794090512,
    9.967835074448));
#7066 = CARTESIAN_POINT('',(0.8030765625,-1.999794090512,10.770911636948
    ));
#7067 = CARTESIAN_POINT('',(0.850040104167,-1.999794090512,
    11.020532200513));
#7068 = CARTESIAN_POINT('',(-3.668092096346,-1.999794090512,
    11.870572304679));
#7069 = CARTESIAN_POINT('',(-4.518132200513,-1.999794090512,
    7.352440104167));
#7070 = CARTESIAN_POINT('',(-5.368172304679,-1.999794090512,
    2.834307903654));
#7071 = CARTESIAN_POINT('',(-0.850040104167,-1.999794090512,
    1.984267799487));
#7072 = CARTESIAN_POINT('',(3.668092096346,-1.999794090512,
    1.134227695321));
#7073 = CARTESIAN_POINT('',(4.518132200513,-1.999794090512,
    5.652359895833));
#7074 = CARTESIAN_POINT('',(5.368172304679,-1.999794090512,
    10.170492096346));
#7075 = CARTESIAN_POINT('',(0.850040104167,-1.999794090512,
    11.020532200513));
#7076 = CARTESIAN_POINT('',(0.850040104167,-2.253794090512,
    11.020532200513));
#7077 = CARTESIAN_POINT('',(-3.668092096346,-2.253794090512,
    11.870572304679));
#7078 = CARTESIAN_POINT('',(-4.518132200513,-2.253794090512,
    7.352440104167));
#7079 = CARTESIAN_POINT('',(-5.368172304679,-2.253794090512,
    2.834307903654));
#7080 = CARTESIAN_POINT('',(-0.850040104167,-2.253794090512,
    1.984267799487));
#7081 = CARTESIAN_POINT('',(3.668092096346,-2.253794090512,
    1.134227695321));
#7082 = CARTESIAN_POINT('',(4.518132200513,-2.253794090512,
    5.652359895833));
#7083 = CARTESIAN_POINT('',(5.368172304679,-2.253794090512,
    10.170492096346));
#7084 = CARTESIAN_POINT('',(0.850040104167,-2.253794090512,
    11.020532200513));
#7085 = ADVANCED_FACE('',(#7086),#7092,.F.);
#7086 = FACE_BOUND('',#7087,.F.);
#7087 = EDGE_LOOP('',(#7088,#7089,#7090,#7091));
#7088 = ORIENTED_EDGE('',*,*,#6494,.F.);
#7089 = ORIENTED_EDGE('',*,*,#6995,.T.);
#7090 = ORIENTED_EDGE('',*,*,#6380,.T.);
#7091 = ORIENTED_EDGE('',*,*,#6403,.T.);
#7092 = CYLINDRICAL_SURFACE('',#7093,4.5974);
#7093 = AXIS2_PLACEMENT_3D('',#7094,#7095,#7096);
#7094 = CARTESIAN_POINT('',(-7.333298692732E-16,-3.336697045256,6.5024)
  );
#7095 = DIRECTION('',(0.,-1.,0.));
#7096 = DIRECTION('',(0.,-0.,-1.));
#7097 = ADVANCED_FACE('',(#7098),#7188,.T.);
#7098 = FACE_BOUND('',#7099,.T.);
#7099 = EDGE_LOOP('',(#7100,#7108,#7109,#7116,#7124,#7131,#7139,#7146,
    #7153,#7160,#7168,#7175,#7183));
#7100 = ORIENTED_EDGE('',*,*,#7101,.T.);
#7101 = EDGE_CURVE('',#7102,#3543,#7104,.T.);
#7102 = VERTEX_POINT('',#7103);
#7103 = CARTESIAN_POINT('',(-3.487797211217,-4.4196,3.5071775753));
#7104 = ( BOUNDED_CURVE() B_SPLINE_CURVE(2,(#7105,#7106,#7107),
.UNSPECIFIED.,.F.,.F.) B_SPLINE_CURVE_WITH_KNOTS((3,3),(0.,
0.438880493706),.PIECEWISE_BEZIER_KNOTS.) CURVE() 
GEOMETRIC_REPRESENTATION_ITEM() RATIONAL_B_SPLINE_CURVE((1.,
0.707106781186,1.)) REPRESENTATION_ITEM('') );
#7105 = CARTESIAN_POINT('',(-3.487797211217,-4.4196,3.5071775753));
#7106 = CARTESIAN_POINT('',(-3.487797211217,-4.699,3.5071775753));
#7107 = CARTESIAN_POINT('',(-3.699762787589,-4.699,3.325147483191));
#7108 = ORIENTED_EDGE('',*,*,#4372,.T.);
#7109 = ORIENTED_EDGE('',*,*,#7110,.T.);
#7110 = EDGE_CURVE('',#4248,#7111,#7113,.T.);
#7111 = VERTEX_POINT('',#7112);
#7112 = CARTESIAN_POINT('',(-3.699762787589,-2.253794090512,
    3.325147483191));
#7113 = B_SPLINE_CURVE_WITH_KNOTS('',1,(#7114,#7115),.UNSPECIFIED.,.F.,
  .F.,(2,2),(-2.125165909488,0.),.PIECEWISE_BEZIER_KNOTS.);
#7114 = CARTESIAN_POINT('',(-3.699762787589,-4.37896,3.325147483191));
#7115 = CARTESIAN_POINT('',(-3.699762787589,-2.253794090512,
    3.325147483191));
#7116 = ORIENTED_EDGE('',*,*,#7117,.T.);
#7117 = EDGE_CURVE('',#7111,#7118,#7120,.T.);
#7118 = VERTEX_POINT('',#7119);
#7119 = CARTESIAN_POINT('',(-3.645548419169,-1.987094090512,
    3.371705262271));
#7120 = ( BOUNDED_CURVE() B_SPLINE_CURVE(2,(#7121,#7122,#7123),
.UNSPECIFIED.,.F.,.F.) B_SPLINE_CURVE_WITH_KNOTS((3,3),(0.,
0.279287586904),.PIECEWISE_BEZIER_KNOTS.) CURVE() 
GEOMETRIC_REPRESENTATION_ITEM() RATIONAL_B_SPLINE_CURVE((1.,
0.965925826289,1.)) REPRESENTATION_ITEM('') );
#7121 = CARTESIAN_POINT('',(-3.699762787589,-2.253794090512,
    3.325147483191));
#7122 = CARTESIAN_POINT('',(-3.69976278759,-2.110869991269,
    3.325147483191));
#7123 = CARTESIAN_POINT('',(-3.645548419169,-1.987094090512,
    3.371705262271));
#7124 = ORIENTED_EDGE('',*,*,#7125,.T.);
#7125 = EDGE_CURVE('',#7118,#7126,#7128,.T.);
#7126 = VERTEX_POINT('',#7127);
#7127 = CARTESIAN_POINT('',(-3.513613577132,-1.685875900757,
    3.485007204309));
#7128 = B_SPLINE_CURVE_WITH_KNOTS('',1,(#7129,#7130),.UNSPECIFIED.,.F.,
  .F.,(2,2),(0.,0.347816805879),.PIECEWISE_BEZIER_KNOTS.);
#7129 = CARTESIAN_POINT('',(-3.645548419169,-1.987094090512,
    3.371705262271));
#7130 = CARTESIAN_POINT('',(-3.513613577132,-1.685875900757,
    3.485007204309));
#7131 = ORIENTED_EDGE('',*,*,#7132,.T.);
#7132 = EDGE_CURVE('',#7126,#7133,#7135,.T.);
#7133 = VERTEX_POINT('',#7134);
#7134 = CARTESIAN_POINT('',(-3.487797211217,-1.558875900757,3.5071775753
    ));
#7135 = ( BOUNDED_CURVE() B_SPLINE_CURVE(2,(#7136,#7137,#7138),
.UNSPECIFIED.,.F.,.F.) B_SPLINE_CURVE_WITH_KNOTS((3,3),(0.,
0.132994089002),.PIECEWISE_BEZIER_KNOTS.) CURVE() 
GEOMETRIC_REPRESENTATION_ITEM() RATIONAL_B_SPLINE_CURVE((1.,
0.965925826287,1.)) REPRESENTATION_ITEM('') );
#7136 = CARTESIAN_POINT('',(-3.513613577132,-1.685875900757,
    3.485007204309));
#7137 = CARTESIAN_POINT('',(-3.487797211217,-1.626934995635,3.5071775753
    ));
#7138 = CARTESIAN_POINT('',(-3.487797211217,-1.558875900757,3.5071775753
    ));
#7139 = ORIENTED_EDGE('',*,*,#7140,.T.);
#7140 = EDGE_CURVE('',#7133,#7141,#7143,.T.);
#7141 = VERTEX_POINT('',#7142);
#7142 = CARTESIAN_POINT('',(-3.487797211217,-0.9652,3.5071775753));
#7143 = B_SPLINE_CURVE_WITH_KNOTS('',1,(#7144,#7145),.UNSPECIFIED.,.F.,
  .F.,(2,2),(-0.593675900757,0.),.PIECEWISE_BEZIER_KNOTS.);
#7144 = CARTESIAN_POINT('',(-3.487797211217,-1.558875900757,3.5071775753
    ));
#7145 = CARTESIAN_POINT('',(-3.487797211217,-0.9652,3.5071775753));
#7146 = ORIENTED_EDGE('',*,*,#7147,.T.);
#7147 = EDGE_CURVE('',#7141,#7148,#7150,.T.);
#7148 = VERTEX_POINT('',#7149);
#7149 = CARTESIAN_POINT('',(-3.275831634845,-0.9652,3.689207667409));
#7150 = B_SPLINE_CURVE_WITH_KNOTS('',1,(#7151,#7152),.UNSPECIFIED.,.F.,
  .F.,(2,2),(-0.2794,0.),.PIECEWISE_BEZIER_KNOTS.);
#7151 = CARTESIAN_POINT('',(-3.487797211217,-0.9652,3.5071775753));
#7152 = CARTESIAN_POINT('',(-3.275831634845,-0.9652,3.689207667409));
#7153 = ORIENTED_EDGE('',*,*,#7154,.T.);
#7154 = EDGE_CURVE('',#7148,#7155,#7157,.T.);
#7155 = VERTEX_POINT('',#7156);
#7156 = CARTESIAN_POINT('',(-3.275831634845,-1.558875900757,
    3.689207667409));
#7157 = B_SPLINE_CURVE_WITH_KNOTS('',1,(#7158,#7159),.UNSPECIFIED.,.F.,
  .F.,(2,2),(-0.593675900757,0.),.PIECEWISE_BEZIER_KNOTS.);
#7158 = CARTESIAN_POINT('',(-3.275831634845,-0.9652,3.689207667409));
#7159 = CARTESIAN_POINT('',(-3.275831634845,-1.558875900757,
    3.689207667409));
#7160 = ORIENTED_EDGE('',*,*,#7161,.T.);
#7161 = EDGE_CURVE('',#7155,#7162,#7164,.T.);
#7162 = VERTEX_POINT('',#7163);
#7163 = CARTESIAN_POINT('',(-3.330046003265,-1.825575900757,
    3.642649888329));
#7164 = ( BOUNDED_CURVE() B_SPLINE_CURVE(2,(#7165,#7166,#7167),
.UNSPECIFIED.,.F.,.F.) B_SPLINE_CURVE_WITH_KNOTS((3,3),(0.,
0.279287586904),.PIECEWISE_BEZIER_KNOTS.) CURVE() 
GEOMETRIC_REPRESENTATION_ITEM() RATIONAL_B_SPLINE_CURVE((1.,
0.965925826289,1.)) REPRESENTATION_ITEM('') );
#7165 = CARTESIAN_POINT('',(-3.275831634845,-1.558875900757,
    3.689207667409));
#7166 = CARTESIAN_POINT('',(-3.275831634844,-1.7018,3.689207667409));
#7167 = CARTESIAN_POINT('',(-3.330046003265,-1.825575900757,
    3.642649888329));
#7168 = ORIENTED_EDGE('',*,*,#7169,.T.);
#7169 = EDGE_CURVE('',#7162,#7170,#7172,.T.);
#7170 = VERTEX_POINT('',#7171);
#7171 = CARTESIAN_POINT('',(-3.461980845302,-2.126794090512,
    3.52934794629));
#7172 = B_SPLINE_CURVE_WITH_KNOTS('',1,(#7173,#7174),.UNSPECIFIED.,.F.,
  .F.,(2,2),(0.,0.34781680588),.PIECEWISE_BEZIER_KNOTS.);
#7173 = CARTESIAN_POINT('',(-3.330046003265,-1.825575900757,
    3.642649888329));
#7174 = CARTESIAN_POINT('',(-3.461980845302,-2.126794090512,
    3.52934794629));
#7175 = ORIENTED_EDGE('',*,*,#7176,.T.);
#7176 = EDGE_CURVE('',#7170,#7177,#7179,.T.);
#7177 = VERTEX_POINT('',#7178);
#7178 = CARTESIAN_POINT('',(-3.487797211217,-2.253794090512,3.5071775753
    ));
#7179 = ( BOUNDED_CURVE() B_SPLINE_CURVE(2,(#7180,#7181,#7182),
.UNSPECIFIED.,.F.,.F.) B_SPLINE_CURVE_WITH_KNOTS((3,3),(0.,
0.132994089002),.PIECEWISE_BEZIER_KNOTS.) CURVE() 
GEOMETRIC_REPRESENTATION_ITEM() RATIONAL_B_SPLINE_CURVE((1.,
0.965925826288,1.)) REPRESENTATION_ITEM('') );
#7180 = CARTESIAN_POINT('',(-3.461980845302,-2.126794090512,
    3.52934794629));
#7181 = CARTESIAN_POINT('',(-3.487797211217,-2.185734995634,3.5071775753
    ));
#7182 = CARTESIAN_POINT('',(-3.487797211217,-2.253794090512,3.5071775753
    ));
#7183 = ORIENTED_EDGE('',*,*,#7184,.T.);
#7184 = EDGE_CURVE('',#7177,#7102,#7185,.T.);
#7185 = B_SPLINE_CURVE_WITH_KNOTS('',1,(#7186,#7187),.UNSPECIFIED.,.F.,
  .F.,(2,2),(-2.165805909488,0.),.PIECEWISE_BEZIER_KNOTS.);
#7186 = CARTESIAN_POINT('',(-3.487797211217,-2.253794090512,3.5071775753
    ));
#7187 = CARTESIAN_POINT('',(-3.487797211217,-4.4196,3.5071775753));
#7188 = PLANE('',#7189);
#7189 = AXIS2_PLACEMENT_3D('',#7190,#7191,#7192);
#7190 = CARTESIAN_POINT('',(-4.229648293393,-0.561622826178,
    2.870096672209));
#7191 = DIRECTION('',(0.651503550855,0.,-0.758645584725));
#7192 = DIRECTION('',(-0.758645584725,0.,-0.651503550855));
#7193 = ADVANCED_FACE('',(#7194),#7212,.T.);
#7194 = FACE_BOUND('',#7195,.T.);
#7195 = EDGE_LOOP('',(#7196,#7204,#7205,#7206));
#7196 = ORIENTED_EDGE('',*,*,#7197,.T.);
#7197 = EDGE_CURVE('',#7198,#3551,#7200,.T.);
#7198 = VERTEX_POINT('',#7199);
#7199 = CARTESIAN_POINT('',(-4.337837315384,-4.4196,4.979490224188));
#7200 = ( BOUNDED_CURVE() B_SPLINE_CURVE(2,(#7201,#7202,#7203),
.UNSPECIFIED.,.F.,.F.) B_SPLINE_CURVE_WITH_KNOTS((3,3),(-0.438880493706,
0.),.PIECEWISE_BEZIER_KNOTS.) CURVE() GEOMETRIC_REPRESENTATION_ITEM() 
RATIONAL_B_SPLINE_CURVE((1.,0.707106781186,1.)) REPRESENTATION_ITEM('') 
  );
#7201 = CARTESIAN_POINT('',(-4.337837315384,-4.4196,4.979490224188));
#7202 = CARTESIAN_POINT('',(-4.337837315383,-4.699,4.979490224188));
#7203 = CARTESIAN_POINT('',(-4.601462787589,-4.699,4.886937696376));
#7204 = ORIENTED_EDGE('',*,*,#3550,.F.);
#7205 = ORIENTED_EDGE('',*,*,#7101,.F.);
#7206 = ORIENTED_EDGE('',*,*,#7207,.T.);
#7207 = EDGE_CURVE('',#7102,#7198,#7208,.T.);
#7208 = ( BOUNDED_CURVE() B_SPLINE_CURVE(2,(#7209,#7210,#7211),
.UNSPECIFIED.,.F.,.F.) B_SPLINE_CURVE_WITH_KNOTS((3,3),(-1.70991895452,
0.),.PIECEWISE_BEZIER_KNOTS.) CURVE() GEOMETRIC_REPRESENTATION_ITEM() 
RATIONAL_B_SPLINE_CURVE((1.,0.982758124269,1.)) REPRESENTATION_ITEM('') 
  );
#7209 = CARTESIAN_POINT('',(-3.487797211217,-4.4196,3.5071775753));
#7210 = CARTESIAN_POINT('',(-4.051317504317,-4.4196,4.163370748311));
#7211 = CARTESIAN_POINT('',(-4.337837315384,-4.4196,4.979490224188));
#7212 = ( BOUNDED_SURFACE() B_SPLINE_SURFACE(2,2,(
    (#7213,#7214,#7215,#7216,#7217,#7218,#7219,#7220,#7221)
    ,(#7222,#7223,#7224,#7225,#7226,#7227,#7228,#7229,#7230)
    ,(#7231,#7232,#7233,#7234,#7235,#7236,#7237,#7238,#7239)
    ,(#7240,#7241,#7242,#7243,#7244,#7245,#7246,#7247,#7248)
    ,(#7249,#7250,#7251,#7252,#7253,#7254,#7255,#7256,#7257)
    ,(#7258,#7259,#7260,#7261,#7262,#7263,#7264,#7265,#7266)
    ,(#7267,#7268,#7269,#7270,#7271,#7272,#7273,#7274,#7275)
    ,(#7276,#7277,#7278,#7279,#7280,#7281,#7282,#7283,#7284)
    ,(#7285,#7286,#7287,#7288,#7289,#7290,#7291,#7292,#7293
)),.UNSPECIFIED.,.T.,.T.,.F.) B_SPLINE_SURFACE_WITH_KNOTS((1,2,2,2,2,2,1
    ),(1,2,2,2,2,2,1),(-7.660459526513,0.,7.660459526513,15.320919053027
    ,22.98137857954,30.641838106053,38.302297632567),(-0.438880493707,0.
    ,0.438880493706,0.877760987413,1.316641481119,1.755521974826,
2.194402468532),.UNSPECIFIED.) GEOMETRIC_REPRESENTATION_ITEM() 
RATIONAL_B_SPLINE_SURFACE((
    (1.,0.707106781187,1.,0.707106781187,1.,0.707106781187,1.
      ,0.707106781187,1.)
    ,(0.707106781187,0.5,0.707106781187,0.5,0.707106781187,0.5
      ,0.707106781187,0.5,0.707106781187)
    ,(1.,0.707106781187,1.,0.707106781187,1.,0.707106781187,1.
      ,0.707106781187,1.)
    ,(0.707106781187,0.5,0.707106781187,0.5,0.707106781187,0.5
      ,0.707106781187,0.5,0.707106781187)
    ,(1.,0.707106781187,1.,0.707106781187,1.,0.707106781187,1.
      ,0.707106781187,1.)
    ,(0.707106781187,0.5,0.707106781187,0.5,0.707106781187,0.5
      ,0.707106781187,0.5,0.707106781187)
    ,(1.,0.707106781187,1.,0.707106781187,1.,0.707106781187,1.
      ,0.707106781187,1.)
    ,(0.707106781187,0.5,0.707106781187,0.5,0.707106781187,0.5
      ,0.707106781187,0.5,0.707106781187)
    ,(1.,0.707106781187,1.,0.707106781187,1.,0.707106781187,1.
,0.707106781187,1.))) REPRESENTATION_ITEM('') SURFACE() );
#7213 = CARTESIAN_POINT('',(4.865088259795,-4.4196,8.210414831436));
#7214 = CARTESIAN_POINT('',(4.865088259795,-4.699,8.210414831436));
#7215 = CARTESIAN_POINT('',(4.601462787589,-4.699,8.117862303624));
#7216 = CARTESIAN_POINT('',(4.337837315384,-4.699,8.025309775812));
#7217 = CARTESIAN_POINT('',(4.337837315384,-4.4196,8.025309775812));
#7218 = CARTESIAN_POINT('',(4.337837315384,-4.1402,8.025309775812));
#7219 = CARTESIAN_POINT('',(4.601462787589,-4.1402,8.117862303624));
#7220 = CARTESIAN_POINT('',(4.865088259795,-4.1402,8.210414831436));
#7221 = CARTESIAN_POINT('',(4.865088259795,-4.4196,8.210414831436));
#7222 = CARTESIAN_POINT('',(3.157073428359,-4.4196,13.075503091231));
#7223 = CARTESIAN_POINT('',(3.157073428359,-4.699,13.075503091231));
#7224 = CARTESIAN_POINT('',(2.986000483965,-4.699,12.719325091213));
#7225 = CARTESIAN_POINT('',(2.814927539572,-4.699,12.363147091196));
#7226 = CARTESIAN_POINT('',(2.814927539572,-4.4196,12.363147091196));
#7227 = CARTESIAN_POINT('',(2.814927539572,-4.1402,12.363147091196));
#7228 = CARTESIAN_POINT('',(2.986000483965,-4.1402,12.719325091213));
#7229 = CARTESIAN_POINT('',(3.157073428359,-4.1402,13.075503091231));
#7230 = CARTESIAN_POINT('',(3.157073428359,-4.4196,13.075503091231));
#7231 = CARTESIAN_POINT('',(-1.708014831436,-4.4196,11.367488259795));
#7232 = CARTESIAN_POINT('',(-1.708014831436,-4.699,11.367488259795));
#7233 = CARTESIAN_POINT('',(-1.615462303624,-4.699,11.103862787589));
#7234 = CARTESIAN_POINT('',(-1.522909775812,-4.699,10.840237315384));
#7235 = CARTESIAN_POINT('',(-1.522909775812,-4.4196,10.840237315384));
#7236 = CARTESIAN_POINT('',(-1.522909775812,-4.1402,10.840237315384));
#7237 = CARTESIAN_POINT('',(-1.615462303624,-4.1402,11.103862787589));
#7238 = CARTESIAN_POINT('',(-1.708014831436,-4.1402,11.367488259795));
#7239 = CARTESIAN_POINT('',(-1.708014831436,-4.4196,11.367488259795));
#7240 = CARTESIAN_POINT('',(-6.573103091231,-4.4196,9.659473428359));
#7241 = CARTESIAN_POINT('',(-6.573103091231,-4.699,9.659473428359));
#7242 = CARTESIAN_POINT('',(-6.216925091213,-4.699,9.488400483965));
#7243 = CARTESIAN_POINT('',(-5.860747091196,-4.699,9.317327539572));
#7244 = CARTESIAN_POINT('',(-5.860747091196,-4.4196,9.317327539572));
#7245 = CARTESIAN_POINT('',(-5.860747091196,-4.1402,9.317327539572));
#7246 = CARTESIAN_POINT('',(-6.216925091213,-4.1402,9.488400483965));
#7247 = CARTESIAN_POINT('',(-6.573103091231,-4.1402,9.659473428359));
#7248 = CARTESIAN_POINT('',(-6.573103091231,-4.4196,9.659473428359));
#7249 = CARTESIAN_POINT('',(-4.865088259795,-4.4196,4.794385168564));
#7250 = CARTESIAN_POINT('',(-4.865088259795,-4.699,4.794385168564));
#7251 = CARTESIAN_POINT('',(-4.601462787589,-4.699,4.886937696376));
#7252 = CARTESIAN_POINT('',(-4.337837315384,-4.699,4.979490224188));
#7253 = CARTESIAN_POINT('',(-4.337837315384,-4.4196,4.979490224188));
#7254 = CARTESIAN_POINT('',(-4.337837315384,-4.1402,4.979490224188));
#7255 = CARTESIAN_POINT('',(-4.601462787589,-4.1402,4.886937696376));
#7256 = CARTESIAN_POINT('',(-4.865088259795,-4.1402,4.794385168564));
#7257 = CARTESIAN_POINT('',(-4.865088259795,-4.4196,4.794385168564));
#7258 = CARTESIAN_POINT('',(-3.157073428359,-4.4196,-7.070309123082E-02)
  );
#7259 = CARTESIAN_POINT('',(-3.157073428359,-4.699,-7.070309123082E-02)
  );
#7260 = CARTESIAN_POINT('',(-2.986000483965,-4.699,0.285474908787));
#7261 = CARTESIAN_POINT('',(-2.814927539572,-4.699,0.641652908804));
#7262 = CARTESIAN_POINT('',(-2.814927539572,-4.4196,0.641652908804));
#7263 = CARTESIAN_POINT('',(-2.814927539572,-4.1402,0.641652908804));
#7264 = CARTESIAN_POINT('',(-2.986000483965,-4.1402,0.285474908787));
#7265 = CARTESIAN_POINT('',(-3.157073428359,-4.1402,-7.070309123082E-02)
  );
#7266 = CARTESIAN_POINT('',(-3.157073428359,-4.4196,-7.070309123082E-02)
  );
#7267 = CARTESIAN_POINT('',(1.708014831436,-4.4196,1.637311740205));
#7268 = CARTESIAN_POINT('',(1.708014831436,-4.699,1.637311740205));
#7269 = CARTESIAN_POINT('',(1.615462303624,-4.699,1.900937212411));
#7270 = CARTESIAN_POINT('',(1.522909775812,-4.699,2.164562684616));
#7271 = CARTESIAN_POINT('',(1.522909775812,-4.4196,2.164562684616));
#7272 = CARTESIAN_POINT('',(1.522909775812,-4.1402,2.164562684616));
#7273 = CARTESIAN_POINT('',(1.615462303624,-4.1402,1.900937212411));
#7274 = CARTESIAN_POINT('',(1.708014831436,-4.1402,1.637311740205));
#7275 = CARTESIAN_POINT('',(1.708014831436,-4.4196,1.637311740205));
#7276 = CARTESIAN_POINT('',(6.573103091231,-4.4196,3.345326571641));
#7277 = CARTESIAN_POINT('',(6.573103091231,-4.699,3.345326571641));
#7278 = CARTESIAN_POINT('',(6.216925091213,-4.699,3.516399516035));
#7279 = CARTESIAN_POINT('',(5.860747091196,-4.699,3.687472460428));
#7280 = CARTESIAN_POINT('',(5.860747091196,-4.4196,3.687472460428));
#7281 = CARTESIAN_POINT('',(5.860747091196,-4.1402,3.687472460428));
#7282 = CARTESIAN_POINT('',(6.216925091213,-4.1402,3.516399516035));
#7283 = CARTESIAN_POINT('',(6.573103091231,-4.1402,3.345326571641));
#7284 = CARTESIAN_POINT('',(6.573103091231,-4.4196,3.345326571641));
#7285 = CARTESIAN_POINT('',(4.865088259795,-4.4196,8.210414831436));
#7286 = CARTESIAN_POINT('',(4.865088259795,-4.699,8.210414831436));
#7287 = CARTESIAN_POINT('',(4.601462787589,-4.699,8.117862303624));
#7288 = CARTESIAN_POINT('',(4.337837315384,-4.699,8.025309775812));
#7289 = CARTESIAN_POINT('',(4.337837315384,-4.4196,8.025309775812));
#7290 = CARTESIAN_POINT('',(4.337837315384,-4.1402,8.025309775812));
#7291 = CARTESIAN_POINT('',(4.601462787589,-4.1402,8.117862303624));
#7292 = CARTESIAN_POINT('',(4.865088259795,-4.1402,8.210414831436));
#7293 = CARTESIAN_POINT('',(4.865088259795,-4.4196,8.210414831436));
#7294 = ADVANCED_FACE('',(#7295),#7378,.T.);
#7295 = FACE_BOUND('',#7296,.T.);
#7296 = EDGE_LOOP('',(#7297,#7304,#7312,#7319,#7327,#7334,#7341,#7348,
    #7356,#7363,#7371,#7376,#7377));
#7297 = ORIENTED_EDGE('',*,*,#7298,.F.);
#7298 = EDGE_CURVE('',#7299,#7198,#7301,.T.);
#7299 = VERTEX_POINT('',#7300);
#7300 = CARTESIAN_POINT('',(-4.337837315384,-2.253794090512,
    4.979490224188));
#7301 = B_SPLINE_CURVE_WITH_KNOTS('',1,(#7302,#7303),.UNSPECIFIED.,.F.,
  .F.,(2,2),(0.,2.165805909488),.PIECEWISE_BEZIER_KNOTS.);
#7302 = CARTESIAN_POINT('',(-4.337837315384,-2.253794090512,
    4.979490224188));
#7303 = CARTESIAN_POINT('',(-4.337837315384,-4.4196,4.979490224188));
#7304 = ORIENTED_EDGE('',*,*,#7305,.F.);
#7305 = EDGE_CURVE('',#7306,#7299,#7308,.T.);
#7306 = VERTEX_POINT('',#7307);
#7307 = CARTESIAN_POINT('',(-4.305729027937,-2.126794090512,
    4.990762667408));
#7308 = ( BOUNDED_CURVE() B_SPLINE_CURVE(2,(#7309,#7310,#7311),
.UNSPECIFIED.,.F.,.F.) B_SPLINE_CURVE_WITH_KNOTS((3,3),(-0.132994089002,
0.),.PIECEWISE_BEZIER_KNOTS.) CURVE() GEOMETRIC_REPRESENTATION_ITEM() 
RATIONAL_B_SPLINE_CURVE((1.,0.965925826288,1.)) REPRESENTATION_ITEM('') 
  );
#7309 = CARTESIAN_POINT('',(-4.305729027937,-2.126794090512,
    4.990762667408));
#7310 = CARTESIAN_POINT('',(-4.337837315384,-2.185734995634,
    4.979490224188));
#7311 = CARTESIAN_POINT('',(-4.337837315384,-2.253794090512,
    4.979490224188));
#7312 = ORIENTED_EDGE('',*,*,#7313,.F.);
#7313 = EDGE_CURVE('',#7314,#7306,#7316,.T.);
#7314 = VERTEX_POINT('',#7315);
#7315 = CARTESIAN_POINT('',(-4.141639246815,-1.825575900757,
    5.048370621237));
#7316 = B_SPLINE_CURVE_WITH_KNOTS('',1,(#7317,#7318),.UNSPECIFIED.,.F.,
  .F.,(2,2),(-0.34781680588,0.),.PIECEWISE_BEZIER_KNOTS.);
#7317 = CARTESIAN_POINT('',(-4.141639246815,-1.825575900757,
    5.048370621237));
#7318 = CARTESIAN_POINT('',(-4.305729027937,-2.126794090512,
    4.990762667408));
#7319 = ORIENTED_EDGE('',*,*,#7320,.F.);
#7320 = EDGE_CURVE('',#7321,#7314,#7323,.T.);
#7321 = VERTEX_POINT('',#7322);
#7322 = CARTESIAN_POINT('',(-4.074211843178,-1.558875900757,
    5.072042751999));
#7323 = ( BOUNDED_CURVE() B_SPLINE_CURVE(2,(#7324,#7325,#7326),
.UNSPECIFIED.,.F.,.F.) B_SPLINE_CURVE_WITH_KNOTS((3,3),(-0.279287586904,
0.),.PIECEWISE_BEZIER_KNOTS.) CURVE() GEOMETRIC_REPRESENTATION_ITEM() 
RATIONAL_B_SPLINE_CURVE((1.,0.96592582629,1.)) REPRESENTATION_ITEM('') 
  );
#7324 = CARTESIAN_POINT('',(-4.074211843178,-1.558875900757,
    5.072042751999));
#7325 = CARTESIAN_POINT('',(-4.074211843178,-1.7018,5.072042752));
#7326 = CARTESIAN_POINT('',(-4.141639246815,-1.825575900757,
    5.048370621237));
#7327 = ORIENTED_EDGE('',*,*,#7328,.F.);
#7328 = EDGE_CURVE('',#7329,#7321,#7331,.T.);
#7329 = VERTEX_POINT('',#7330);
#7330 = CARTESIAN_POINT('',(-4.074211843178,-0.9652,5.072042751999));
#7331 = B_SPLINE_CURVE_WITH_KNOTS('',1,(#7332,#7333),.UNSPECIFIED.,.F.,
  .F.,(2,2),(0.,0.593675900757),.PIECEWISE_BEZIER_KNOTS.);
#7332 = CARTESIAN_POINT('',(-4.074211843178,-0.9652,5.072042751999));
#7333 = CARTESIAN_POINT('',(-4.074211843178,-1.558875900757,
    5.072042751999));
#7334 = ORIENTED_EDGE('',*,*,#7335,.F.);
#7335 = EDGE_CURVE('',#7336,#7329,#7338,.T.);
#7336 = VERTEX_POINT('',#7337);
#7337 = CARTESIAN_POINT('',(-4.337837315384,-0.9652,4.979490224188));
#7338 = B_SPLINE_CURVE_WITH_KNOTS('',1,(#7339,#7340),.UNSPECIFIED.,.F.,
  .F.,(2,2),(0.,0.2794),.PIECEWISE_BEZIER_KNOTS.);
#7339 = CARTESIAN_POINT('',(-4.337837315384,-0.9652,4.979490224188));
#7340 = CARTESIAN_POINT('',(-4.074211843178,-0.9652,5.072042751999));
#7341 = ORIENTED_EDGE('',*,*,#7342,.F.);
#7342 = EDGE_CURVE('',#7343,#7336,#7345,.T.);
#7343 = VERTEX_POINT('',#7344);
#7344 = CARTESIAN_POINT('',(-4.337837315384,-1.558875900757,
    4.979490224188));
#7345 = B_SPLINE_CURVE_WITH_KNOTS('',1,(#7346,#7347),.UNSPECIFIED.,.F.,
  .F.,(2,2),(0.,0.593675900757),.PIECEWISE_BEZIER_KNOTS.);
#7346 = CARTESIAN_POINT('',(-4.337837315384,-1.558875900757,
    4.979490224188));
#7347 = CARTESIAN_POINT('',(-4.337837315384,-0.9652,4.979490224188));
#7348 = ORIENTED_EDGE('',*,*,#7349,.F.);
#7349 = EDGE_CURVE('',#7350,#7343,#7352,.T.);
#7350 = VERTEX_POINT('',#7351);
#7351 = CARTESIAN_POINT('',(-4.36994560283,-1.685875900757,
    4.968217780967));
#7352 = ( BOUNDED_CURVE() B_SPLINE_CURVE(2,(#7353,#7354,#7355),
.UNSPECIFIED.,.F.,.F.) B_SPLINE_CURVE_WITH_KNOTS((3,3),(-0.132994089002,
0.),.PIECEWISE_BEZIER_KNOTS.) CURVE() GEOMETRIC_REPRESENTATION_ITEM() 
RATIONAL_B_SPLINE_CURVE((1.,0.965925826289,1.)) REPRESENTATION_ITEM('') 
  );
#7353 = CARTESIAN_POINT('',(-4.36994560283,-1.685875900757,
    4.968217780967));
#7354 = CARTESIAN_POINT('',(-4.337837315384,-1.626934995635,
    4.979490224188));
#7355 = CARTESIAN_POINT('',(-4.337837315384,-1.558875900757,
    4.979490224188));
#7356 = ORIENTED_EDGE('',*,*,#7357,.F.);
#7357 = EDGE_CURVE('',#7358,#7350,#7360,.T.);
#7358 = VERTEX_POINT('',#7359);
#7359 = CARTESIAN_POINT('',(-4.534035383952,-1.987094090512,
    4.910609827138));
#7360 = B_SPLINE_CURVE_WITH_KNOTS('',1,(#7361,#7362),.UNSPECIFIED.,.F.,
  .F.,(2,2),(-0.34781680588,0.),.PIECEWISE_BEZIER_KNOTS.);
#7361 = CARTESIAN_POINT('',(-4.534035383952,-1.987094090512,
    4.910609827138));
#7362 = CARTESIAN_POINT('',(-4.36994560283,-1.685875900757,
    4.968217780967));
#7363 = ORIENTED_EDGE('',*,*,#7364,.F.);
#7364 = EDGE_CURVE('',#7365,#7358,#7367,.T.);
#7365 = VERTEX_POINT('',#7366);
#7366 = CARTESIAN_POINT('',(-4.601462787589,-2.253794090512,
    4.886937696376));
#7367 = ( BOUNDED_CURVE() B_SPLINE_CURVE(2,(#7368,#7369,#7370),
.UNSPECIFIED.,.F.,.F.) B_SPLINE_CURVE_WITH_KNOTS((3,3),(-0.279287586904,
0.),.PIECEWISE_BEZIER_KNOTS.) CURVE() GEOMETRIC_REPRESENTATION_ITEM() 
RATIONAL_B_SPLINE_CURVE((1.,0.965925826288,1.)) REPRESENTATION_ITEM('') 
  );
#7368 = CARTESIAN_POINT('',(-4.601462787589,-2.253794090512,
    4.886937696376));
#7369 = CARTESIAN_POINT('',(-4.60146278759,-2.110869991269,
    4.886937696376));
#7370 = CARTESIAN_POINT('',(-4.534035383952,-1.987094090512,
    4.910609827138));
#7371 = ORIENTED_EDGE('',*,*,#7372,.F.);
#7372 = EDGE_CURVE('',#4238,#7365,#7373,.T.);
#7373 = B_SPLINE_CURVE_WITH_KNOTS('',1,(#7374,#7375),.UNSPECIFIED.,.F.,
  .F.,(2,2),(0.,2.125165909488),.PIECEWISE_BEZIER_KNOTS.);
#7374 = CARTESIAN_POINT('',(-4.601462787589,-4.37896,4.886937696376));
#7375 = CARTESIAN_POINT('',(-4.601462787589,-2.253794090512,
    4.886937696376));
#7376 = ORIENTED_EDGE('',*,*,#4418,.T.);
#7377 = ORIENTED_EDGE('',*,*,#7197,.F.);
#7378 = PLANE('',#7379);
#7379 = AXIS2_PLACEMENT_3D('',#7380,#7381,#7382);
#7380 = CARTESIAN_POINT('',(-5.256634582564,-0.561622826178,
    4.656922723739));
#7381 = DIRECTION('',(-0.331254573414,0.,0.943541418059));
#7382 = DIRECTION('',(0.943541418059,0.,0.331254573414));
#7383 = ADVANCED_FACE('',(#7384),#7395,.T.);
#7384 = FACE_BOUND('',#7385,.T.);
#7385 = EDGE_LOOP('',(#7386,#7387,#7393,#7394));
#7386 = ORIENTED_EDGE('',*,*,#7372,.T.);
#7387 = ORIENTED_EDGE('',*,*,#7388,.T.);
#7388 = EDGE_CURVE('',#7365,#7111,#7389,.T.);
#7389 = ( BOUNDED_CURVE() B_SPLINE_CURVE(2,(#7390,#7391,#7392),
.UNSPECIFIED.,.F.,.F.) B_SPLINE_CURVE_WITH_KNOTS((3,3),(-1.813836681037,
0.),.PIECEWISE_BEZIER_KNOTS.) CURVE() GEOMETRIC_REPRESENTATION_ITEM() 
RATIONAL_B_SPLINE_CURVE((1.,0.982758124269,1.)) REPRESENTATION_ITEM('') 
  );
#7390 = CARTESIAN_POINT('',(-4.601462787589,-2.253794090512,
    4.886937696376));
#7391 = CARTESIAN_POINT('',(-4.297530170325,-2.253794090512,
    4.021219799313));
#7392 = CARTESIAN_POINT('',(-3.699762787589,-2.253794090512,
    3.325147483191));
#7393 = ORIENTED_EDGE('',*,*,#7110,.F.);
#7394 = ORIENTED_EDGE('',*,*,#4247,.T.);
#7395 = CYLINDRICAL_SURFACE('',#7396,4.8768);
#7396 = AXIS2_PLACEMENT_3D('',#7397,#7398,#7399);
#7397 = CARTESIAN_POINT('',(-4.440892098501E-16,-3.316377045256,6.5024)
  );
#7398 = DIRECTION('',(0.,-1.,0.));
#7399 = DIRECTION('',(0.,-0.,-1.));
#7400 = ADVANCED_FACE('',(#7401),#7412,.T.);
#7401 = FACE_BOUND('',#7402,.T.);
#7402 = EDGE_LOOP('',(#7403,#7404,#7410,#7411));
#7403 = ORIENTED_EDGE('',*,*,#7364,.T.);
#7404 = ORIENTED_EDGE('',*,*,#7405,.T.);
#7405 = EDGE_CURVE('',#7358,#7118,#7406,.T.);
#7406 = ( BOUNDED_CURVE() B_SPLINE_CURVE(2,(#7407,#7408,#7409),
.UNSPECIFIED.,.F.,.F.) B_SPLINE_CURVE_WITH_KNOTS((3,3),(-1.787257676995,
0.),.PIECEWISE_BEZIER_KNOTS.) CURVE() GEOMETRIC_REPRESENTATION_ITEM() 
RATIONAL_B_SPLINE_CURVE((1.,0.982758124269,1.)) REPRESENTATION_ITEM('') 
  );
#7407 = CARTESIAN_POINT('',(-4.534035383952,-1.987094090512,
    4.910609827138));
#7408 = CARTESIAN_POINT('',(-4.234556434621,-1.987094090512,
    4.057577702573));
#7409 = CARTESIAN_POINT('',(-3.645548419169,-1.987094090512,
    3.371705262271));
#7410 = ORIENTED_EDGE('',*,*,#7117,.F.);
#7411 = ORIENTED_EDGE('',*,*,#7388,.F.);
#7412 = ( BOUNDED_SURFACE() B_SPLINE_SURFACE(2,2,(
    (#7413,#7414,#7415,#7416,#7417,#7418,#7419,#7420,#7421)
    ,(#7422,#7423,#7424,#7425,#7426,#7427,#7428,#7429,#7430)
    ,(#7431,#7432,#7433,#7434,#7435,#7436,#7437,#7438,#7439)
    ,(#7440,#7441,#7442,#7443,#7444,#7445,#7446,#7447,#7448)
    ,(#7449,#7450,#7451,#7452,#7453,#7454,#7455,#7456,#7457)
    ,(#7458,#7459,#7460,#7461,#7462,#7463,#7464,#7465,#7466)
    ,(#7467,#7468,#7469,#7470,#7471,#7472,#7473,#7474,#7475)
    ,(#7476,#7477,#7478,#7479,#7480,#7481,#7482,#7483,#7484)
    ,(#7485,#7486,#7487,#7488,#7489,#7490,#7491,#7492,#7493
)),.UNSPECIFIED.,.T.,.T.,.F.) B_SPLINE_SURFACE_WITH_KNOTS((1,2,2,2,2,2,1
    ),(1,2,2,2,2,2,1),(-6.822596765801,0.,6.822596765801,13.645193531602
    ,20.467790297403,27.290387063204,34.112983829005),(-0.837862760712,
    0.,0.837862760712,1.675725521425,2.513588282137,3.35145104285,
4.189313803562),.UNSPECIFIED.) GEOMETRIC_REPRESENTATION_ITEM() 
RATIONAL_B_SPLINE_SURFACE((
    (1.,0.707106781187,1.,0.707106781187,1.,0.707106781187,1.
      ,0.707106781187,1.)
    ,(0.707106781187,0.5,0.707106781187,0.5,0.707106781187,0.5
      ,0.707106781187,0.5,0.707106781187)
    ,(1.,0.707106781187,1.,0.707106781187,1.,0.707106781187,1.
      ,0.707106781187,1.)
    ,(0.707106781187,0.5,0.707106781187,0.5,0.707106781187,0.5
      ,0.707106781187,0.5,0.707106781187)
    ,(1.,0.707106781187,1.,0.707106781187,1.,0.707106781187,1.
      ,0.707106781187,1.)
    ,(0.707106781187,0.5,0.707106781187,0.5,0.707106781187,0.5
      ,0.707106781187,0.5,0.707106781187)
    ,(1.,0.707106781187,1.,0.707106781187,1.,0.707106781187,1.
      ,0.707106781187,1.)
    ,(0.707106781187,0.5,0.707106781187,0.5,0.707106781187,0.5
      ,0.707106781187,0.5,0.707106781187)
    ,(1.,0.707106781187,1.,0.707106781187,1.,0.707106781187,1.
,0.707106781187,1.))) REPRESENTATION_ITEM('') SURFACE() );
#7413 = CARTESIAN_POINT('',(4.601462787589,-2.253794090512,
    8.117862303624));
#7414 = CARTESIAN_POINT('',(4.601462787589,-2.787194090512,
    8.117862303624));
#7415 = CARTESIAN_POINT('',(4.098177795197,-2.787194090512,
    7.941171114165));
#7416 = CARTESIAN_POINT('',(3.594892802804,-2.787194090512,
    7.764479924706));
#7417 = CARTESIAN_POINT('',(3.594892802804,-2.253794090512,
    7.764479924706));
#7418 = CARTESIAN_POINT('',(3.594892802804,-1.720394090512,
    7.764479924706));
#7419 = CARTESIAN_POINT('',(4.098177795197,-1.720394090512,
    7.941171114165));
#7420 = CARTESIAN_POINT('',(4.601462787589,-1.720394090512,
    8.117862303624));
#7421 = CARTESIAN_POINT('',(4.601462787589,-2.253794090512,
    8.117862303624));
#7422 = CARTESIAN_POINT('',(2.986000483965,-2.253794090512,
    12.719325091213));
#7423 = CARTESIAN_POINT('',(2.986000483965,-2.787194090512,
    12.719325091213));
#7424 = CARTESIAN_POINT('',(2.659406681032,-2.787194090512,
    12.039348909362));
#7425 = CARTESIAN_POINT('',(2.332812878098,-2.787194090512,
    11.359372727511));
#7426 = CARTESIAN_POINT('',(2.332812878098,-2.253794090512,
    11.359372727511));
#7427 = CARTESIAN_POINT('',(2.332812878098,-1.720394090512,
    11.359372727511));
#7428 = CARTESIAN_POINT('',(2.659406681032,-1.720394090512,
    12.039348909362));
#7429 = CARTESIAN_POINT('',(2.986000483965,-1.720394090512,
    12.719325091213));
#7430 = CARTESIAN_POINT('',(2.986000483965,-2.253794090512,
    12.719325091213));
#7431 = CARTESIAN_POINT('',(-1.615462303624,-2.253794090512,
    11.103862787589));
#7432 = CARTESIAN_POINT('',(-1.615462303624,-2.787194090512,
    11.103862787589));
#7433 = CARTESIAN_POINT('',(-1.438771114165,-2.787194090512,
    10.600577795197));
#7434 = CARTESIAN_POINT('',(-1.262079924706,-2.787194090512,
    10.097292802804));
#7435 = CARTESIAN_POINT('',(-1.262079924706,-2.253794090512,
    10.097292802804));
#7436 = CARTESIAN_POINT('',(-1.262079924706,-1.720394090512,
    10.097292802804));
#7437 = CARTESIAN_POINT('',(-1.438771114165,-1.720394090512,
    10.600577795197));
#7438 = CARTESIAN_POINT('',(-1.615462303624,-1.720394090512,
    11.103862787589));
#7439 = CARTESIAN_POINT('',(-1.615462303624,-2.253794090512,
    11.103862787589));
#7440 = CARTESIAN_POINT('',(-6.216925091213,-2.253794090512,
    9.488400483965));
#7441 = CARTESIAN_POINT('',(-6.216925091213,-2.787194090512,
    9.488400483965));
#7442 = CARTESIAN_POINT('',(-5.536948909362,-2.787194090512,
    9.161806681032));
#7443 = CARTESIAN_POINT('',(-4.85697272751,-2.787194090512,
    8.835212878098));
#7444 = CARTESIAN_POINT('',(-4.85697272751,-2.253794090512,
    8.835212878098));
#7445 = CARTESIAN_POINT('',(-4.85697272751,-1.720394090512,
    8.835212878098));
#7446 = CARTESIAN_POINT('',(-5.536948909362,-1.720394090512,
    9.161806681032));
#7447 = CARTESIAN_POINT('',(-6.216925091213,-1.720394090512,
    9.488400483965));
#7448 = CARTESIAN_POINT('',(-6.216925091213,-2.253794090512,
    9.488400483965));
#7449 = CARTESIAN_POINT('',(-4.601462787589,-2.253794090512,
    4.886937696376));
#7450 = CARTESIAN_POINT('',(-4.601462787589,-2.787194090512,
    4.886937696376));
#7451 = CARTESIAN_POINT('',(-4.098177795197,-2.787194090512,
    5.063628885835));
#7452 = CARTESIAN_POINT('',(-3.594892802804,-2.787194090512,
    5.240320075294));
#7453 = CARTESIAN_POINT('',(-3.594892802804,-2.253794090512,
    5.240320075294));
#7454 = CARTESIAN_POINT('',(-3.594892802804,-1.720394090512,
    5.240320075294));
#7455 = CARTESIAN_POINT('',(-4.098177795197,-1.720394090512,
    5.063628885835));
#7456 = CARTESIAN_POINT('',(-4.601462787589,-1.720394090512,
    4.886937696376));
#7457 = CARTESIAN_POINT('',(-4.601462787589,-2.253794090512,
    4.886937696376));
#7458 = CARTESIAN_POINT('',(-2.986000483965,-2.253794090512,
    0.285474908787));
#7459 = CARTESIAN_POINT('',(-2.986000483965,-2.787194090512,
    0.285474908787));
#7460 = CARTESIAN_POINT('',(-2.659406681032,-2.787194090512,
    0.965451090638));
#7461 = CARTESIAN_POINT('',(-2.332812878098,-2.787194090512,
    1.64542727249));
#7462 = CARTESIAN_POINT('',(-2.332812878098,-2.253794090512,
    1.64542727249));
#7463 = CARTESIAN_POINT('',(-2.332812878098,-1.720394090512,
    1.64542727249));
#7464 = CARTESIAN_POINT('',(-2.659406681032,-1.720394090512,
    0.965451090638));
#7465 = CARTESIAN_POINT('',(-2.986000483965,-1.720394090512,
    0.285474908787));
#7466 = CARTESIAN_POINT('',(-2.986000483965,-2.253794090512,
    0.285474908787));
#7467 = CARTESIAN_POINT('',(1.615462303624,-2.253794090512,
    1.900937212411));
#7468 = CARTESIAN_POINT('',(1.615462303624,-2.787194090512,
    1.900937212411));
#7469 = CARTESIAN_POINT('',(1.438771114165,-2.787194090512,
    2.404222204803));
#7470 = CARTESIAN_POINT('',(1.262079924706,-2.787194090512,
    2.907507197196));
#7471 = CARTESIAN_POINT('',(1.262079924706,-2.253794090512,
    2.907507197196));
#7472 = CARTESIAN_POINT('',(1.262079924706,-1.720394090512,
    2.907507197196));
#7473 = CARTESIAN_POINT('',(1.438771114165,-1.720394090512,
    2.404222204803));
#7474 = CARTESIAN_POINT('',(1.615462303624,-1.720394090512,
    1.900937212411));
#7475 = CARTESIAN_POINT('',(1.615462303624,-2.253794090512,
    1.900937212411));
#7476 = CARTESIAN_POINT('',(6.216925091213,-2.253794090512,
    3.516399516035));
#7477 = CARTESIAN_POINT('',(6.216925091213,-2.787194090512,
    3.516399516035));
#7478 = CARTESIAN_POINT('',(5.536948909362,-2.787194090512,
    3.842993318968));
#7479 = CARTESIAN_POINT('',(4.85697272751,-2.787194090512,4.169587121902
    ));
#7480 = CARTESIAN_POINT('',(4.85697272751,-2.253794090512,4.169587121902
    ));
#7481 = CARTESIAN_POINT('',(4.85697272751,-1.720394090512,4.169587121902
    ));
#7482 = CARTESIAN_POINT('',(5.536948909362,-1.720394090512,
    3.842993318968));
#7483 = CARTESIAN_POINT('',(6.216925091213,-1.720394090512,
    3.516399516035));
#7484 = CARTESIAN_POINT('',(6.216925091213,-2.253794090512,
    3.516399516035));
#7485 = CARTESIAN_POINT('',(4.601462787589,-2.253794090512,
    8.117862303624));
#7486 = CARTESIAN_POINT('',(4.601462787589,-2.787194090512,
    8.117862303624));
#7487 = CARTESIAN_POINT('',(4.098177795197,-2.787194090512,
    7.941171114165));
#7488 = CARTESIAN_POINT('',(3.594892802804,-2.787194090512,
    7.764479924706));
#7489 = CARTESIAN_POINT('',(3.594892802804,-2.253794090512,
    7.764479924706));
#7490 = CARTESIAN_POINT('',(3.594892802804,-1.720394090512,
    7.764479924706));
#7491 = CARTESIAN_POINT('',(4.098177795197,-1.720394090512,
    7.941171114165));
#7492 = CARTESIAN_POINT('',(4.601462787589,-1.720394090512,
    8.117862303624));
#7493 = CARTESIAN_POINT('',(4.601462787589,-2.253794090512,
    8.117862303624));
#7494 = ADVANCED_FACE('',(#7495),#7506,.T.);
#7495 = FACE_BOUND('',#7496,.T.);
#7496 = EDGE_LOOP('',(#7497,#7498,#7504,#7505));
#7497 = ORIENTED_EDGE('',*,*,#7357,.T.);
#7498 = ORIENTED_EDGE('',*,*,#7499,.T.);
#7499 = EDGE_CURVE('',#7350,#7126,#7500,.T.);
#7500 = ( BOUNDED_CURVE() B_SPLINE_CURVE(2,(#7501,#7502,#7503),
.UNSPECIFIED.,.F.,.F.) B_SPLINE_CURVE_WITH_KNOTS((3,3),(-1.72257562311,
0.),.PIECEWISE_BEZIER_KNOTS.) CURVE() GEOMETRIC_REPRESENTATION_ITEM() 
RATIONAL_B_SPLINE_CURVE((1.,0.982758124269,1.)) REPRESENTATION_ITEM('') 
  );
#7501 = CARTESIAN_POINT('',(-4.36994560283,-1.685875900757,
    4.968217780967));
#7502 = CARTESIAN_POINT('',(-4.081304997509,-1.685875900757,
    4.146057461043));
#7503 = CARTESIAN_POINT('',(-3.513613577132,-1.685875900757,
    3.485007204309));
#7504 = ORIENTED_EDGE('',*,*,#7125,.F.);
#7505 = ORIENTED_EDGE('',*,*,#7405,.F.);
#7506 = ( BOUNDED_SURFACE() B_SPLINE_SURFACE(2,1,(
    (#7507,#7508)
    ,(#7509,#7510)
    ,(#7511,#7512)
    ,(#7513,#7514)
    ,(#7515,#7516)
    ,(#7517,#7518)
    ,(#7519,#7520)
    ,(#7521,#7522)
    ,(#7523,#7524
)),.UNSPECIFIED.,.T.,.F.,.F.) B_SPLINE_SURFACE_WITH_KNOTS((1,2,2,2,2,2,1
    ),(2,2),(-1.570796326795,0.,1.570796326795,3.14159265359,
    4.712388980385,6.28318530718,7.853981633974),(0.,10.603706459297),
.UNSPECIFIED.) GEOMETRIC_REPRESENTATION_ITEM() RATIONAL_B_SPLINE_SURFACE
((
    (1.,1.)
    ,(0.707106781187,0.707106781187)
    ,(1.,1.)
    ,(0.707106781187,0.707106781187)
    ,(1.,1.)
    ,(0.707106781187,0.707106781187)
    ,(1.,1.)
    ,(0.707106781187,0.707106781187)
,(1.,1.))) REPRESENTATION_ITEM('') SURFACE() );
#7507 = CARTESIAN_POINT('',(0.,6.335995387083,6.5024));
#7508 = CARTESIAN_POINT('',(5.002518114642,-2.847083780942,
    8.258663129889));
#7509 = CARTESIAN_POINT('',(0.,6.335995387083,6.5024));
#7510 = CARTESIAN_POINT('',(3.246254984753,-2.847083780942,
    13.261181244532));
#7511 = CARTESIAN_POINT('',(0.,6.335995387083,6.5024));
#7512 = CARTESIAN_POINT('',(-1.756263129889,-2.847083780942,
    11.504918114642));
#7513 = CARTESIAN_POINT('',(0.,6.335995387083,6.5024));
#7514 = CARTESIAN_POINT('',(-6.758781244532,-2.847083780942,
    9.748654984753));
#7515 = CARTESIAN_POINT('',(0.,6.335995387083,6.5024));
#7516 = CARTESIAN_POINT('',(-5.002518114642,-2.847083780942,
    4.746136870111));
#7517 = CARTESIAN_POINT('',(0.,6.335995387083,6.5024));
#7518 = CARTESIAN_POINT('',(-3.246254984753,-2.847083780942,
    -0.256381244532));
#7519 = CARTESIAN_POINT('',(0.,6.335995387083,6.5024));
#7520 = CARTESIAN_POINT('',(1.756263129889,-2.847083780942,
    1.499881885358));
#7521 = CARTESIAN_POINT('',(0.,6.335995387083,6.5024));
#7522 = CARTESIAN_POINT('',(6.758781244532,-2.847083780942,
    3.256145015247));
#7523 = CARTESIAN_POINT('',(0.,6.335995387083,6.5024));
#7524 = CARTESIAN_POINT('',(5.002518114642,-2.847083780942,
    8.258663129889));
#7525 = ADVANCED_FACE('',(#7526),#7537,.T.);
#7526 = FACE_BOUND('',#7527,.T.);
#7527 = EDGE_LOOP('',(#7528,#7534,#7535,#7536));
#7528 = ORIENTED_EDGE('',*,*,#7529,.F.);
#7529 = EDGE_CURVE('',#7133,#7343,#7530,.T.);
#7530 = ( BOUNDED_CURVE() B_SPLINE_CURVE(2,(#7531,#7532,#7533),
.UNSPECIFIED.,.F.,.F.) B_SPLINE_CURVE_WITH_KNOTS((3,3),(0.,1.70991895452
),.PIECEWISE_BEZIER_KNOTS.) CURVE() GEOMETRIC_REPRESENTATION_ITEM() 
RATIONAL_B_SPLINE_CURVE((1.,0.982758124269,1.)) REPRESENTATION_ITEM('') 
  );
#7531 = CARTESIAN_POINT('',(-3.487797211217,-1.558875900757,3.5071775753
    ));
#7532 = CARTESIAN_POINT('',(-4.051317504317,-1.558875900757,
    4.163370748311));
#7533 = CARTESIAN_POINT('',(-4.337837315384,-1.558875900757,
    4.979490224188));
#7534 = ORIENTED_EDGE('',*,*,#7132,.F.);
#7535 = ORIENTED_EDGE('',*,*,#7499,.F.);
#7536 = ORIENTED_EDGE('',*,*,#7349,.T.);
#7537 = ( BOUNDED_SURFACE() B_SPLINE_SURFACE(2,2,(
    (#7538,#7539,#7540,#7541,#7542,#7543,#7544,#7545,#7546)
    ,(#7547,#7548,#7549,#7550,#7551,#7552,#7553,#7554,#7555)
    ,(#7556,#7557,#7558,#7559,#7560,#7561,#7562,#7563,#7564)
    ,(#7565,#7566,#7567,#7568,#7569,#7570,#7571,#7572,#7573)
    ,(#7574,#7575,#7576,#7577,#7578,#7579,#7580,#7581,#7582)
    ,(#7583,#7584,#7585,#7586,#7587,#7588,#7589,#7590,#7591)
    ,(#7592,#7593,#7594,#7595,#7596,#7597,#7598,#7599,#7600)
    ,(#7601,#7602,#7603,#7604,#7605,#7606,#7607,#7608,#7609)
    ,(#7610,#7611,#7612,#7613,#7614,#7615,#7616,#7617,#7618
)),.UNSPECIFIED.,.T.,.T.,.F.) B_SPLINE_SURFACE_WITH_KNOTS((1,2,2,2,2,2,1
    ),(1,2,2,2,2,2,1),(-0.398982267006,0.,0.398982267006,0.797964534012,
    1.196946801018,1.595929068024,1.99491133503),(-7.620561299813,0.,
    7.620561299813,15.241122599626,22.861683899438,30.482245199251,
38.102806499064),.UNSPECIFIED.) GEOMETRIC_REPRESENTATION_ITEM() 
RATIONAL_B_SPLINE_SURFACE((
    (1.,0.707106781187,1.,0.707106781187,1.,0.707106781187,1.
      ,0.707106781187,1.)
    ,(0.707106781187,0.5,0.707106781187,0.5,0.707106781187,0.5
      ,0.707106781187,0.5,0.707106781187)
    ,(1.,0.707106781187,1.,0.707106781187,1.,0.707106781187,1.
      ,0.707106781187,1.)
    ,(0.707106781187,0.5,0.707106781187,0.5,0.707106781187,0.5
      ,0.707106781187,0.5,0.707106781187)
    ,(1.,0.707106781187,1.,0.707106781187,1.,0.707106781187,1.
      ,0.707106781187,1.)
    ,(0.707106781187,0.5,0.707106781187,0.5,0.707106781187,0.5
      ,0.707106781187,0.5,0.707106781187)
    ,(1.,0.707106781187,1.,0.707106781187,1.,0.707106781187,1.
      ,0.707106781187,1.)
    ,(0.707106781187,0.5,0.707106781187,0.5,0.707106781187,0.5
      ,0.707106781187,0.5,0.707106781187)
    ,(1.,0.707106781187,1.,0.707106781187,1.,0.707106781187,1.
,0.707106781187,1.))) REPRESENTATION_ITEM('') SURFACE() );
#7538 = CARTESIAN_POINT('',(4.817156355758,-1.558875900757,
    8.193587099106));
#7539 = CARTESIAN_POINT('',(3.125969256651,-1.558875900757,
    13.010743454864));
#7540 = CARTESIAN_POINT('',(-1.691187099106,-1.558875900757,
    11.319556355758));
#7541 = CARTESIAN_POINT('',(-6.508343454864,-1.558875900757,
    9.628369256651));
#7542 = CARTESIAN_POINT('',(-4.817156355758,-1.558875900757,
    4.811212900894));
#7543 = CARTESIAN_POINT('',(-3.125969256651,-1.558875900757,
    -5.943454864016E-03));
#7544 = CARTESIAN_POINT('',(1.691187099106,-1.558875900757,
    1.685243644242));
#7545 = CARTESIAN_POINT('',(6.508343454864,-1.558875900757,
    3.376430743349));
#7546 = CARTESIAN_POINT('',(4.817156355758,-1.558875900757,
    8.193587099106));
#7547 = CARTESIAN_POINT('',(4.817156355758,-1.812875900757,
    8.193587099106));
#7548 = CARTESIAN_POINT('',(3.125969256651,-1.812875900757,
    13.010743454864));
#7549 = CARTESIAN_POINT('',(-1.691187099106,-1.812875900757,
    11.319556355758));
#7550 = CARTESIAN_POINT('',(-6.508343454864,-1.812875900757,
    9.628369256651));
#7551 = CARTESIAN_POINT('',(-4.817156355758,-1.812875900757,
    4.811212900894));
#7552 = CARTESIAN_POINT('',(-3.125969256651,-1.812875900757,
    -5.943454864017E-03));
#7553 = CARTESIAN_POINT('',(1.691187099106,-1.812875900757,
    1.685243644242));
#7554 = CARTESIAN_POINT('',(6.508343454864,-1.812875900757,
    3.376430743349));
#7555 = CARTESIAN_POINT('',(4.817156355758,-1.812875900757,
    8.193587099106));
#7556 = CARTESIAN_POINT('',(4.577496835571,-1.812875900757,
    8.109448437459));
#7557 = CARTESIAN_POINT('',(2.970448398111,-1.812875900757,
    12.68694527303));
#7558 = CARTESIAN_POINT('',(-1.607048437459,-1.812875900757,
    11.079896835571));
#7559 = CARTESIAN_POINT('',(-6.18454527303,-1.812875900757,
    9.472848398111));
#7560 = CARTESIAN_POINT('',(-4.577496835571,-1.812875900757,
    4.895351562541));
#7561 = CARTESIAN_POINT('',(-2.970448398111,-1.812875900757,
    0.31785472697));
#7562 = CARTESIAN_POINT('',(1.607048437459,-1.812875900757,
    1.924903164429));
#7563 = CARTESIAN_POINT('',(6.18454527303,-1.812875900757,3.531951601889
    ));
#7564 = CARTESIAN_POINT('',(4.577496835571,-1.812875900757,
    8.109448437459));
#7565 = CARTESIAN_POINT('',(4.337837315384,-1.812875900757,
    8.025309775812));
#7566 = CARTESIAN_POINT('',(2.814927539572,-1.812875900757,
    12.363147091196));
#7567 = CARTESIAN_POINT('',(-1.522909775812,-1.812875900757,
    10.840237315384));
#7568 = CARTESIAN_POINT('',(-5.860747091196,-1.812875900757,
    9.317327539572));
#7569 = CARTESIAN_POINT('',(-4.337837315384,-1.812875900757,
    4.979490224188));
#7570 = CARTESIAN_POINT('',(-2.814927539572,-1.812875900757,
    0.641652908804));
#7571 = CARTESIAN_POINT('',(1.522909775812,-1.812875900757,
    2.164562684616));
#7572 = CARTESIAN_POINT('',(5.860747091196,-1.812875900757,
    3.687472460428));
#7573 = CARTESIAN_POINT('',(4.337837315384,-1.812875900757,
    8.025309775812));
#7574 = CARTESIAN_POINT('',(4.337837315384,-1.558875900757,
    8.025309775812));
#7575 = CARTESIAN_POINT('',(2.814927539572,-1.558875900757,
    12.363147091196));
#7576 = CARTESIAN_POINT('',(-1.522909775812,-1.558875900757,
    10.840237315384));
#7577 = CARTESIAN_POINT('',(-5.860747091196,-1.558875900757,
    9.317327539572));
#7578 = CARTESIAN_POINT('',(-4.337837315384,-1.558875900757,
    4.979490224188));
#7579 = CARTESIAN_POINT('',(-2.814927539572,-1.558875900757,
    0.641652908804));
#7580 = CARTESIAN_POINT('',(1.522909775812,-1.558875900757,
    2.164562684616));
#7581 = CARTESIAN_POINT('',(5.860747091196,-1.558875900757,
    3.687472460428));
#7582 = CARTESIAN_POINT('',(4.337837315384,-1.558875900757,
    8.025309775812));
#7583 = CARTESIAN_POINT('',(4.337837315384,-1.304875900757,
    8.025309775812));
#7584 = CARTESIAN_POINT('',(2.814927539572,-1.304875900757,
    12.363147091196));
#7585 = CARTESIAN_POINT('',(-1.522909775812,-1.304875900757,
    10.840237315384));
#7586 = CARTESIAN_POINT('',(-5.860747091196,-1.304875900757,
    9.317327539572));
#7587 = CARTESIAN_POINT('',(-4.337837315384,-1.304875900757,
    4.979490224188));
#7588 = CARTESIAN_POINT('',(-2.814927539572,-1.304875900757,
    0.641652908804));
#7589 = CARTESIAN_POINT('',(1.522909775812,-1.304875900757,
    2.164562684616));
#7590 = CARTESIAN_POINT('',(5.860747091196,-1.304875900757,
    3.687472460428));
#7591 = CARTESIAN_POINT('',(4.337837315384,-1.304875900757,
    8.025309775812));
#7592 = CARTESIAN_POINT('',(4.577496835571,-1.304875900757,
    8.109448437459));
#7593 = CARTESIAN_POINT('',(2.970448398111,-1.304875900757,
    12.68694527303));
#7594 = CARTESIAN_POINT('',(-1.607048437459,-1.304875900757,
    11.079896835571));
#7595 = CARTESIAN_POINT('',(-6.18454527303,-1.304875900757,
    9.472848398111));
#7596 = CARTESIAN_POINT('',(-4.577496835571,-1.304875900757,
    4.895351562541));
#7597 = CARTESIAN_POINT('',(-2.970448398111,-1.304875900757,
    0.31785472697));
#7598 = CARTESIAN_POINT('',(1.607048437459,-1.304875900757,
    1.924903164429));
#7599 = CARTESIAN_POINT('',(6.18454527303,-1.304875900757,3.531951601889
    ));
#7600 = CARTESIAN_POINT('',(4.577496835571,-1.304875900757,
    8.109448437459));
#7601 = CARTESIAN_POINT('',(4.817156355758,-1.304875900757,
    8.193587099106));
#7602 = CARTESIAN_POINT('',(3.125969256651,-1.304875900757,
    13.010743454864));
#7603 = CARTESIAN_POINT('',(-1.691187099106,-1.304875900757,
    11.319556355758));
#7604 = CARTESIAN_POINT('',(-6.508343454864,-1.304875900757,
    9.628369256651));
#7605 = CARTESIAN_POINT('',(-4.817156355758,-1.304875900757,
    4.811212900894));
#7606 = CARTESIAN_POINT('',(-3.125969256651,-1.304875900757,
    -5.943454864017E-03));
#7607 = CARTESIAN_POINT('',(1.691187099106,-1.304875900757,
    1.685243644242));
#7608 = CARTESIAN_POINT('',(6.508343454864,-1.304875900757,
    3.376430743349));
#7609 = CARTESIAN_POINT('',(4.817156355758,-1.304875900757,
    8.193587099106));
#7610 = CARTESIAN_POINT('',(4.817156355758,-1.558875900757,
    8.193587099106));
#7611 = CARTESIAN_POINT('',(3.125969256651,-1.558875900757,
    13.010743454864));
#7612 = CARTESIAN_POINT('',(-1.691187099106,-1.558875900757,
    11.319556355758));
#7613 = CARTESIAN_POINT('',(-6.508343454864,-1.558875900757,
    9.628369256651));
#7614 = CARTESIAN_POINT('',(-4.817156355758,-1.558875900757,
    4.811212900894));
#7615 = CARTESIAN_POINT('',(-3.125969256651,-1.558875900757,
    -5.943454864016E-03));
#7616 = CARTESIAN_POINT('',(1.691187099106,-1.558875900757,
    1.685243644242));
#7617 = CARTESIAN_POINT('',(6.508343454864,-1.558875900757,
    3.376430743349));
#7618 = CARTESIAN_POINT('',(4.817156355758,-1.558875900757,
    8.193587099106));
#7619 = ADVANCED_FACE('',(#7620),#7631,.T.);
#7620 = FACE_BOUND('',#7621,.T.);
#7621 = EDGE_LOOP('',(#7622,#7623,#7629,#7630));
#7622 = ORIENTED_EDGE('',*,*,#7342,.T.);
#7623 = ORIENTED_EDGE('',*,*,#7624,.T.);
#7624 = EDGE_CURVE('',#7336,#7141,#7625,.T.);
#7625 = ( BOUNDED_CURVE() B_SPLINE_CURVE(2,(#7626,#7627,#7628),
.UNSPECIFIED.,.F.,.F.) B_SPLINE_CURVE_WITH_KNOTS((3,3),(-1.70991895452,
0.),.PIECEWISE_BEZIER_KNOTS.) CURVE() GEOMETRIC_REPRESENTATION_ITEM() 
RATIONAL_B_SPLINE_CURVE((1.,0.982758124269,1.)) REPRESENTATION_ITEM('') 
  );
#7626 = CARTESIAN_POINT('',(-4.337837315384,-0.9652,4.979490224188));
#7627 = CARTESIAN_POINT('',(-4.051317504317,-0.9652,4.163370748311));
#7628 = CARTESIAN_POINT('',(-3.487797211217,-0.9652,3.5071775753));
#7629 = ORIENTED_EDGE('',*,*,#7140,.F.);
#7630 = ORIENTED_EDGE('',*,*,#7529,.T.);
#7631 = CYLINDRICAL_SURFACE('',#7632,4.5974);
#7632 = AXIS2_PLACEMENT_3D('',#7633,#7634,#7635);
#7633 = CARTESIAN_POINT('',(0.,-1.262037950378,6.5024));
#7634 = DIRECTION('',(0.,-1.,0.));
#7635 = DIRECTION('',(0.,-0.,-1.));
#7636 = ADVANCED_FACE('',(#7637),#7648,.T.);
#7637 = FACE_BOUND('',#7638,.T.);
#7638 = EDGE_LOOP('',(#7639,#7645,#7646,#7647));
#7639 = ORIENTED_EDGE('',*,*,#7640,.F.);
#7640 = EDGE_CURVE('',#7148,#7329,#7641,.T.);
#7641 = ( BOUNDED_CURVE() B_SPLINE_CURVE(2,(#7642,#7643,#7644),
.UNSPECIFIED.,.F.,.F.) B_SPLINE_CURVE_WITH_KNOTS((3,3),(-1.606001228001,
0.),.PIECEWISE_BEZIER_KNOTS.) CURVE() GEOMETRIC_REPRESENTATION_ITEM() 
RATIONAL_B_SPLINE_CURVE((1.,0.982758124269,1.)) REPRESENTATION_ITEM('') 
  );
#7642 = CARTESIAN_POINT('',(-3.275831634845,-0.9652,3.689207667409));
#7643 = CARTESIAN_POINT('',(-3.805104838308,-0.9652,4.305521697308));
#7644 = CARTESIAN_POINT('',(-4.074211843178,-0.9652,5.072042751999));
#7645 = ORIENTED_EDGE('',*,*,#7147,.F.);
#7646 = ORIENTED_EDGE('',*,*,#7624,.F.);
#7647 = ORIENTED_EDGE('',*,*,#7335,.T.);
#7648 = PLANE('',#7649);
#7649 = AXIS2_PLACEMENT_3D('',#7650,#7651,#7652);
#7650 = CARTESIAN_POINT('',(-4.327767869557,-0.9652,2.903298563122));
#7651 = DIRECTION('',(0.,1.,0.));
#7652 = DIRECTION('',(0.,-0.,1.));
#7653 = ADVANCED_FACE('',(#7654),#7665,.F.);
#7654 = FACE_BOUND('',#7655,.F.);
#7655 = EDGE_LOOP('',(#7656,#7657,#7658,#7659));
#7656 = ORIENTED_EDGE('',*,*,#7328,.F.);
#7657 = ORIENTED_EDGE('',*,*,#7640,.F.);
#7658 = ORIENTED_EDGE('',*,*,#7154,.T.);
#7659 = ORIENTED_EDGE('',*,*,#7660,.T.);
#7660 = EDGE_CURVE('',#7155,#7321,#7661,.T.);
#7661 = ( BOUNDED_CURVE() B_SPLINE_CURVE(2,(#7662,#7663,#7664),
.UNSPECIFIED.,.F.,.F.) B_SPLINE_CURVE_WITH_KNOTS((3,3),(-1.606001228001,
0.),.PIECEWISE_BEZIER_KNOTS.) CURVE() GEOMETRIC_REPRESENTATION_ITEM() 
RATIONAL_B_SPLINE_CURVE((1.,0.982758124269,1.)) REPRESENTATION_ITEM('') 
  );
#7662 = CARTESIAN_POINT('',(-3.275831634845,-1.558875900757,
    3.689207667409));
#7663 = CARTESIAN_POINT('',(-3.805104838308,-1.558875900757,
    4.305521697308));
#7664 = CARTESIAN_POINT('',(-4.074211843178,-1.558875900757,
    5.072042751999));
#7665 = CYLINDRICAL_SURFACE('',#7666,4.318);
#7666 = AXIS2_PLACEMENT_3D('',#7667,#7668,#7669);
#7667 = CARTESIAN_POINT('',(0.,-1.262037950378,6.5024));
#7668 = DIRECTION('',(0.,-1.,0.));
#7669 = DIRECTION('',(0.,-0.,-1.));
#7670 = ADVANCED_FACE('',(#7671),#7682,.T.);
#7671 = FACE_BOUND('',#7672,.T.);
#7672 = EDGE_LOOP('',(#7673,#7674,#7680,#7681));
#7673 = ORIENTED_EDGE('',*,*,#7320,.T.);
#7674 = ORIENTED_EDGE('',*,*,#7675,.T.);
#7675 = EDGE_CURVE('',#7314,#7162,#7676,.T.);
#7676 = ( BOUNDED_CURVE() B_SPLINE_CURVE(2,(#7677,#7678,#7679),
.UNSPECIFIED.,.F.,.F.) B_SPLINE_CURVE_WITH_KNOTS((3,3),(-1.632580232042,
0.),.PIECEWISE_BEZIER_KNOTS.) CURVE() GEOMETRIC_REPRESENTATION_ITEM() 
RATIONAL_B_SPLINE_CURVE((1.,0.982758124269,1.)) REPRESENTATION_ITEM('') 
  );
#7677 = CARTESIAN_POINT('',(-4.141639246815,-1.825575900757,
    5.048370621237));
#7678 = CARTESIAN_POINT('',(-3.868078574012,-1.825575900757,
    4.269163794048));
#7679 = CARTESIAN_POINT('',(-3.330046003265,-1.825575900757,
    3.642649888329));
#7680 = ORIENTED_EDGE('',*,*,#7161,.F.);
#7681 = ORIENTED_EDGE('',*,*,#7660,.T.);
#7682 = ( BOUNDED_SURFACE() B_SPLINE_SURFACE(2,2,(
    (#7683,#7684,#7685,#7686,#7687,#7688,#7689,#7690,#7691)
    ,(#7692,#7693,#7694,#7695,#7696,#7697,#7698,#7699,#7700)
    ,(#7701,#7702,#7703,#7704,#7705,#7706,#7707,#7708,#7709)
    ,(#7710,#7711,#7712,#7713,#7714,#7715,#7716,#7717,#7718)
    ,(#7719,#7720,#7721,#7722,#7723,#7724,#7725,#7726,#7727)
    ,(#7728,#7729,#7730,#7731,#7732,#7733,#7734,#7735,#7736)
    ,(#7737,#7738,#7739,#7740,#7741,#7742,#7743,#7744,#7745)
    ,(#7746,#7747,#7748,#7749,#7750,#7751,#7752,#7753,#7754)
    ,(#7755,#7756,#7757,#7758,#7759,#7760,#7761,#7762,#7763
)),.UNSPECIFIED.,.T.,.T.,.F.) B_SPLINE_SURFACE_WITH_KNOTS((1,2,2,2,2,2,1
    ),(1,2,2,2,2,2,1),(-7.620561299813,0.,7.620561299813,15.241122599626
    ,22.861683899438,30.482245199251,38.102806499064),(-0.837862760712,
    0.,0.837862760712,1.675725521425,2.513588282137,3.35145104285,
4.189313803562),.UNSPECIFIED.) GEOMETRIC_REPRESENTATION_ITEM() 
RATIONAL_B_SPLINE_SURFACE((
    (1.,0.707106781187,1.,0.707106781187,1.,0.707106781187,1.
      ,0.707106781187,1.)
    ,(0.707106781187,0.5,0.707106781187,0.5,0.707106781187,0.5
      ,0.707106781187,0.5,0.707106781187)
    ,(1.,0.707106781187,1.,0.707106781187,1.,0.707106781187,1.
      ,0.707106781187,1.)
    ,(0.707106781187,0.5,0.707106781187,0.5,0.707106781187,0.5
      ,0.707106781187,0.5,0.707106781187)
    ,(1.,0.707106781187,1.,0.707106781187,1.,0.707106781187,1.
      ,0.707106781187,1.)
    ,(0.707106781187,0.5,0.707106781187,0.5,0.707106781187,0.5
      ,0.707106781187,0.5,0.707106781187)
    ,(1.,0.707106781187,1.,0.707106781187,1.,0.707106781187,1.
      ,0.707106781187,1.)
    ,(0.707106781187,0.5,0.707106781187,0.5,0.707106781187,0.5
      ,0.707106781187,0.5,0.707106781187)
    ,(1.,0.707106781187,1.,0.707106781187,1.,0.707106781187,1.
,0.707106781187,1.))) REPRESENTATION_ITEM('') SURFACE() );
#7683 = CARTESIAN_POINT('',(5.080781827963,-1.558875900757,
    8.286139626918));
#7684 = CARTESIAN_POINT('',(5.080781827963,-2.092275900757,
    8.286139626918));
#7685 = CARTESIAN_POINT('',(4.577496835571,-2.092275900757,
    8.109448437459));
#7686 = CARTESIAN_POINT('',(4.074211843178,-2.092275900757,7.932757248)
  );
#7687 = CARTESIAN_POINT('',(4.074211843178,-1.558875900757,7.932757248)
  );
#7688 = CARTESIAN_POINT('',(4.074211843178,-1.025475900757,7.932757248)
  );
#7689 = CARTESIAN_POINT('',(4.577496835571,-1.025475900757,
    8.109448437459));
#7690 = CARTESIAN_POINT('',(5.080781827963,-1.025475900757,
    8.286139626918));
#7691 = CARTESIAN_POINT('',(5.080781827963,-1.558875900757,
    8.286139626918));
#7692 = CARTESIAN_POINT('',(3.297042201045,-1.558875900757,
    13.366921454881));
#7693 = CARTESIAN_POINT('',(3.297042201045,-2.092275900757,
    13.366921454881));
#7694 = CARTESIAN_POINT('',(2.970448398111,-2.092275900757,
    12.68694527303));
#7695 = CARTESIAN_POINT('',(2.643854595178,-2.092275900757,
    12.006969091178));
#7696 = CARTESIAN_POINT('',(2.643854595178,-1.558875900757,
    12.006969091178));
#7697 = CARTESIAN_POINT('',(2.643854595178,-1.025475900757,
    12.006969091178));
#7698 = CARTESIAN_POINT('',(2.970448398111,-1.025475900757,
    12.68694527303));
#7699 = CARTESIAN_POINT('',(3.297042201045,-1.025475900757,
    13.366921454881));
#7700 = CARTESIAN_POINT('',(3.297042201045,-1.558875900757,
    13.366921454881));
#7701 = CARTESIAN_POINT('',(-1.783739626918,-1.558875900757,
    11.583181827963));
#7702 = CARTESIAN_POINT('',(-1.783739626918,-2.092275900757,
    11.583181827963));
#7703 = CARTESIAN_POINT('',(-1.607048437459,-2.092275900757,
    11.079896835571));
#7704 = CARTESIAN_POINT('',(-1.430357248,-2.092275900757,10.576611843178
    ));
#7705 = CARTESIAN_POINT('',(-1.430357248,-1.558875900757,10.576611843178
    ));
#7706 = CARTESIAN_POINT('',(-1.430357248,-1.025475900757,10.576611843178
    ));
#7707 = CARTESIAN_POINT('',(-1.607048437459,-1.025475900757,
    11.079896835571));
#7708 = CARTESIAN_POINT('',(-1.783739626918,-1.025475900757,
    11.583181827963));
#7709 = CARTESIAN_POINT('',(-1.783739626918,-1.558875900757,
    11.583181827963));
#7710 = CARTESIAN_POINT('',(-6.864521454881,-1.558875900757,
    9.799442201045));
#7711 = CARTESIAN_POINT('',(-6.864521454881,-2.092275900757,
    9.799442201045));
#7712 = CARTESIAN_POINT('',(-6.18454527303,-2.092275900757,
    9.472848398111));
#7713 = CARTESIAN_POINT('',(-5.504569091179,-2.092275900757,
    9.146254595178));
#7714 = CARTESIAN_POINT('',(-5.504569091179,-1.558875900757,
    9.146254595178));
#7715 = CARTESIAN_POINT('',(-5.504569091179,-1.025475900757,
    9.146254595178));
#7716 = CARTESIAN_POINT('',(-6.18454527303,-1.025475900757,
    9.472848398111));
#7717 = CARTESIAN_POINT('',(-6.864521454881,-1.025475900757,
    9.799442201045));
#7718 = CARTESIAN_POINT('',(-6.864521454881,-1.558875900757,
    9.799442201045));
#7719 = CARTESIAN_POINT('',(-5.080781827963,-1.558875900757,
    4.718660373082));
#7720 = CARTESIAN_POINT('',(-5.080781827963,-2.092275900757,
    4.718660373082));
#7721 = CARTESIAN_POINT('',(-4.577496835571,-2.092275900757,
    4.895351562541));
#7722 = CARTESIAN_POINT('',(-4.074211843178,-2.092275900757,5.072042752)
  );
#7723 = CARTESIAN_POINT('',(-4.074211843178,-1.558875900757,5.072042752)
  );
#7724 = CARTESIAN_POINT('',(-4.074211843178,-1.025475900757,5.072042752)
  );
#7725 = CARTESIAN_POINT('',(-4.577496835571,-1.025475900757,
    4.895351562541));
#7726 = CARTESIAN_POINT('',(-5.080781827963,-1.025475900757,
    4.718660373082));
#7727 = CARTESIAN_POINT('',(-5.080781827963,-1.558875900757,
    4.718660373082));
#7728 = CARTESIAN_POINT('',(-3.297042201045,-1.558875900757,
    -0.362121454881));
#7729 = CARTESIAN_POINT('',(-3.297042201045,-2.092275900757,
    -0.362121454881));
#7730 = CARTESIAN_POINT('',(-2.970448398111,-2.092275900757,
    0.31785472697));
#7731 = CARTESIAN_POINT('',(-2.643854595178,-2.092275900757,
    0.997830908821));
#7732 = CARTESIAN_POINT('',(-2.643854595178,-1.558875900757,
    0.997830908821));
#7733 = CARTESIAN_POINT('',(-2.643854595178,-1.025475900757,
    0.997830908821));
#7734 = CARTESIAN_POINT('',(-2.970448398111,-1.025475900757,
    0.31785472697));
#7735 = CARTESIAN_POINT('',(-3.297042201045,-1.025475900757,
    -0.362121454881));
#7736 = CARTESIAN_POINT('',(-3.297042201045,-1.558875900757,
    -0.362121454881));
#7737 = CARTESIAN_POINT('',(1.783739626918,-1.558875900757,
    1.421618172037));
#7738 = CARTESIAN_POINT('',(1.783739626918,-2.092275900757,
    1.421618172037));
#7739 = CARTESIAN_POINT('',(1.607048437459,-2.092275900757,
    1.924903164429));
#7740 = CARTESIAN_POINT('',(1.430357248,-2.092275900757,2.428188156822)
  );
#7741 = CARTESIAN_POINT('',(1.430357248,-1.558875900757,2.428188156822)
  );
#7742 = CARTESIAN_POINT('',(1.430357248,-1.025475900757,2.428188156822)
  );
#7743 = CARTESIAN_POINT('',(1.607048437459,-1.025475900757,
    1.924903164429));
#7744 = CARTESIAN_POINT('',(1.783739626918,-1.025475900757,
    1.421618172037));
#7745 = CARTESIAN_POINT('',(1.783739626918,-1.558875900757,
    1.421618172037));
#7746 = CARTESIAN_POINT('',(6.864521454881,-1.558875900757,
    3.205357798955));
#7747 = CARTESIAN_POINT('',(6.864521454881,-2.092275900757,
    3.205357798955));
#7748 = CARTESIAN_POINT('',(6.18454527303,-2.092275900757,3.531951601889
    ));
#7749 = CARTESIAN_POINT('',(5.504569091179,-2.092275900757,
    3.858545404822));
#7750 = CARTESIAN_POINT('',(5.504569091179,-1.558875900757,
    3.858545404822));
#7751 = CARTESIAN_POINT('',(5.504569091179,-1.025475900757,
    3.858545404822));
#7752 = CARTESIAN_POINT('',(6.18454527303,-1.025475900757,3.531951601889
    ));
#7753 = CARTESIAN_POINT('',(6.864521454881,-1.025475900757,
    3.205357798955));
#7754 = CARTESIAN_POINT('',(6.864521454881,-1.558875900757,
    3.205357798955));
#7755 = CARTESIAN_POINT('',(5.080781827963,-1.558875900757,
    8.286139626918));
#7756 = CARTESIAN_POINT('',(5.080781827963,-2.092275900757,
    8.286139626918));
#7757 = CARTESIAN_POINT('',(4.577496835571,-2.092275900757,
    8.109448437459));
#7758 = CARTESIAN_POINT('',(4.074211843178,-2.092275900757,7.932757248)
  );
#7759 = CARTESIAN_POINT('',(4.074211843178,-1.558875900757,7.932757248)
  );
#7760 = CARTESIAN_POINT('',(4.074211843178,-1.025475900757,7.932757248)
  );
#7761 = CARTESIAN_POINT('',(4.577496835571,-1.025475900757,
    8.109448437459));
#7762 = CARTESIAN_POINT('',(5.080781827963,-1.025475900757,
    8.286139626918));
#7763 = CARTESIAN_POINT('',(5.080781827963,-1.558875900757,
    8.286139626918));
#7764 = ADVANCED_FACE('',(#7765),#7776,.T.);
#7765 = FACE_BOUND('',#7766,.T.);
#7766 = EDGE_LOOP('',(#7767,#7773,#7774,#7775));
#7767 = ORIENTED_EDGE('',*,*,#7768,.T.);
#7768 = EDGE_CURVE('',#7306,#7170,#7769,.T.);
#7769 = ( BOUNDED_CURVE() B_SPLINE_CURVE(2,(#7770,#7771,#7772),
.UNSPECIFIED.,.F.,.F.) B_SPLINE_CURVE_WITH_KNOTS((3,3),(0.,
1.697262285929),.PIECEWISE_BEZIER_KNOTS.) CURVE() 
GEOMETRIC_REPRESENTATION_ITEM() RATIONAL_B_SPLINE_CURVE((1.,
0.982758124269,1.)) REPRESENTATION_ITEM('') );
#7770 = CARTESIAN_POINT('',(-4.305729027937,-2.126794090512,
    4.990762667408));
#7771 = CARTESIAN_POINT('',(-4.021330011124,-2.126794090512,
    4.180684035577));
#7772 = CARTESIAN_POINT('',(-3.461980845302,-2.126794090512,
    3.52934794629));
#7773 = ORIENTED_EDGE('',*,*,#7169,.F.);
#7774 = ORIENTED_EDGE('',*,*,#7675,.F.);
#7775 = ORIENTED_EDGE('',*,*,#7313,.T.);
#7776 = ( BOUNDED_SURFACE() B_SPLINE_SURFACE(1,2,(
    (#7777,#7778,#7779,#7780,#7781,#7782,#7783,#7784,#7785)
    ,(#7786,#7787,#7788,#7789,#7790,#7791,#7792,#7793,#7794
)),.UNSPECIFIED.,.F.,.T.,.F.) B_SPLINE_SURFACE_WITH_KNOTS((2,2),(1,2,2,2
    ,2,2,1),(0.,10.071377964097),(-1.570796326795,0.,1.570796326795,
    3.14159265359,4.712388980385,6.28318530718,7.853981633974),
.UNSPECIFIED.) GEOMETRIC_REPRESENTATION_ITEM() RATIONAL_B_SPLINE_SURFACE
((
    (1.,0.707106781187,1.,0.707106781187,1.,0.707106781187,1.
      ,0.707106781187,1.)
    ,(1.,0.707106781187,1.,0.707106781187,1.,0.707106781187,1.
,0.707106781187,1.))) REPRESENTATION_ITEM('') SURFACE() );
#7777 = CARTESIAN_POINT('',(0.,5.777195387082,6.5024));
#7778 = CARTESIAN_POINT('',(0.,5.777195387082,6.5024));
#7779 = CARTESIAN_POINT('',(0.,5.777195387082,6.5024));
#7780 = CARTESIAN_POINT('',(0.,5.777195387082,6.5024));
#7781 = CARTESIAN_POINT('',(0.,5.777195387082,6.5024));
#7782 = CARTESIAN_POINT('',(0.,5.777195387082,6.5024));
#7783 = CARTESIAN_POINT('',(0.,5.777195387082,6.5024));
#7784 = CARTESIAN_POINT('',(0.,5.777195387082,6.5024));
#7785 = CARTESIAN_POINT('',(0.,5.777195387082,6.5024));
#7786 = CARTESIAN_POINT('',(4.751381123026,-2.944873780942,
    8.170495005593));
#7787 = CARTESIAN_POINT('',(3.083286117433,-2.944873780942,
    12.921876128618));
#7788 = CARTESIAN_POINT('',(-1.668095005593,-2.944873780942,
    11.253781123025));
#7789 = CARTESIAN_POINT('',(-6.419476128618,-2.944873780942,
    9.585686117433));
#7790 = CARTESIAN_POINT('',(-4.751381123026,-2.944873780942,
    4.834304994407));
#7791 = CARTESIAN_POINT('',(-3.083286117433,-2.944873780942,
    8.292387138179E-02));
#7792 = CARTESIAN_POINT('',(1.668095005593,-2.944873780942,
    1.751018876974));
#7793 = CARTESIAN_POINT('',(6.419476128618,-2.944873780942,
    3.419113882567));
#7794 = CARTESIAN_POINT('',(4.751381123026,-2.944873780942,
    8.170495005593));
#7795 = ADVANCED_FACE('',(#7796),#7807,.T.);
#7796 = FACE_BOUND('',#7797,.T.);
#7797 = EDGE_LOOP('',(#7798,#7804,#7805,#7806));
#7798 = ORIENTED_EDGE('',*,*,#7799,.T.);
#7799 = EDGE_CURVE('',#7299,#7177,#7800,.T.);
#7800 = ( BOUNDED_CURVE() B_SPLINE_CURVE(2,(#7801,#7802,#7803),
.UNSPECIFIED.,.F.,.F.) B_SPLINE_CURVE_WITH_KNOTS((3,3),(13.645193531602,
15.260641825651),.PIECEWISE_BEZIER_KNOTS.) CURVE() 
GEOMETRIC_REPRESENTATION_ITEM() RATIONAL_B_SPLINE_CURVE((1.,
0.982758124269,1.)) REPRESENTATION_ITEM('') );
#7801 = CARTESIAN_POINT('',(-4.337837315384,-2.253794090512,
    4.979490224188));
#7802 = CARTESIAN_POINT('',(-4.051317504317,-2.253794090512,
    4.163370748311));
#7803 = CARTESIAN_POINT('',(-3.487797211217,-2.253794090512,3.5071775753
    ));
#7804 = ORIENTED_EDGE('',*,*,#7176,.F.);
#7805 = ORIENTED_EDGE('',*,*,#7768,.F.);
#7806 = ORIENTED_EDGE('',*,*,#7305,.T.);
#7807 = ( BOUNDED_SURFACE() B_SPLINE_SURFACE(2,2,(
    (#7808,#7809,#7810,#7811,#7812,#7813,#7814,#7815,#7816)
    ,(#7817,#7818,#7819,#7820,#7821,#7822,#7823,#7824,#7825)
    ,(#7826,#7827,#7828,#7829,#7830,#7831,#7832,#7833,#7834)
    ,(#7835,#7836,#7837,#7838,#7839,#7840,#7841,#7842,#7843)
    ,(#7844,#7845,#7846,#7847,#7848,#7849,#7850,#7851,#7852)
    ,(#7853,#7854,#7855,#7856,#7857,#7858,#7859,#7860,#7861)
    ,(#7862,#7863,#7864,#7865,#7866,#7867,#7868,#7869,#7870)
    ,(#7871,#7872,#7873,#7874,#7875,#7876,#7877,#7878,#7879)
    ,(#7880,#7881,#7882,#7883,#7884,#7885,#7886,#7887,#7888
)),.UNSPECIFIED.,.T.,.T.,.F.) B_SPLINE_SURFACE_WITH_KNOTS((1,2,2,2,2,2,1
    ),(1,2,2,2,2,2,1),(-0.398982267006,0.,0.398982267006,0.797964534012,
    1.196946801018,1.595929068024,1.99491133503),(-6.822596765801,0.,
    6.822596765801,13.645193531602,20.467790297403,27.290387063204,
34.112983829005),.UNSPECIFIED.) GEOMETRIC_REPRESENTATION_ITEM() 
RATIONAL_B_SPLINE_SURFACE((
    (1.,0.707106781187,1.,0.707106781187,1.,0.707106781187,1.
      ,0.707106781187,1.)
    ,(0.707106781187,0.5,0.707106781187,0.5,0.707106781187,0.5
      ,0.707106781187,0.5,0.707106781187)
    ,(1.,0.707106781187,1.,0.707106781187,1.,0.707106781187,1.
      ,0.707106781187,1.)
    ,(0.707106781187,0.5,0.707106781187,0.5,0.707106781187,0.5
      ,0.707106781187,0.5,0.707106781187)
    ,(1.,0.707106781187,1.,0.707106781187,1.,0.707106781187,1.
      ,0.707106781187,1.)
    ,(0.707106781187,0.5,0.707106781187,0.5,0.707106781187,0.5
      ,0.707106781187,0.5,0.707106781187)
    ,(1.,0.707106781187,1.,0.707106781187,1.,0.707106781187,1.
      ,0.707106781187,1.)
    ,(0.707106781187,0.5,0.707106781187,0.5,0.707106781187,0.5
      ,0.707106781187,0.5,0.707106781187)
    ,(1.,0.707106781187,1.,0.707106781187,1.,0.707106781187,1.
,0.707106781187,1.))) REPRESENTATION_ITEM('') SURFACE() );
#7808 = CARTESIAN_POINT('',(4.337837315384,-2.253794090512,
    8.025309775812));
#7809 = CARTESIAN_POINT('',(2.814927539572,-2.253794090512,
    12.363147091196));
#7810 = CARTESIAN_POINT('',(-1.522909775812,-2.253794090512,
    10.840237315384));
#7811 = CARTESIAN_POINT('',(-5.860747091196,-2.253794090512,
    9.317327539572));
#7812 = CARTESIAN_POINT('',(-4.337837315384,-2.253794090512,
    4.979490224188));
#7813 = CARTESIAN_POINT('',(-2.814927539572,-2.253794090512,
    0.641652908804));
#7814 = CARTESIAN_POINT('',(1.522909775812,-2.253794090512,
    2.164562684616));
#7815 = CARTESIAN_POINT('',(5.860747091196,-2.253794090512,
    3.687472460428));
#7816 = CARTESIAN_POINT('',(4.337837315384,-2.253794090512,
    8.025309775812));
#7817 = CARTESIAN_POINT('',(4.337837315384,-2.507794090512,
    8.025309775812));
#7818 = CARTESIAN_POINT('',(2.814927539572,-2.507794090512,
    12.363147091196));
#7819 = CARTESIAN_POINT('',(-1.522909775812,-2.507794090512,
    10.840237315384));
#7820 = CARTESIAN_POINT('',(-5.860747091196,-2.507794090512,
    9.317327539572));
#7821 = CARTESIAN_POINT('',(-4.337837315384,-2.507794090512,
    4.979490224188));
#7822 = CARTESIAN_POINT('',(-2.814927539572,-2.507794090512,
    0.641652908804));
#7823 = CARTESIAN_POINT('',(1.522909775812,-2.507794090512,
    2.164562684616));
#7824 = CARTESIAN_POINT('',(5.860747091196,-2.507794090512,
    3.687472460428));
#7825 = CARTESIAN_POINT('',(4.337837315384,-2.507794090512,
    8.025309775812));
#7826 = CARTESIAN_POINT('',(4.098177795197,-2.507794090512,
    7.941171114165));
#7827 = CARTESIAN_POINT('',(2.659406681032,-2.507794090512,
    12.039348909362));
#7828 = CARTESIAN_POINT('',(-1.438771114165,-2.507794090512,
    10.600577795197));
#7829 = CARTESIAN_POINT('',(-5.536948909362,-2.507794090512,
    9.161806681032));
#7830 = CARTESIAN_POINT('',(-4.098177795197,-2.507794090512,
    5.063628885835));
#7831 = CARTESIAN_POINT('',(-2.659406681032,-2.507794090512,
    0.965451090638));
#7832 = CARTESIAN_POINT('',(1.438771114165,-2.507794090512,
    2.404222204803));
#7833 = CARTESIAN_POINT('',(5.536948909362,-2.507794090512,
    3.842993318968));
#7834 = CARTESIAN_POINT('',(4.098177795197,-2.507794090512,
    7.941171114165));
#7835 = CARTESIAN_POINT('',(3.85851827501,-2.507794090512,7.857032452518
    ));
#7836 = CARTESIAN_POINT('',(2.503885822492,-2.507794090512,
    11.715550727528));
#7837 = CARTESIAN_POINT('',(-1.354632452518,-2.507794090512,
    10.36091827501));
#7838 = CARTESIAN_POINT('',(-5.213150727528,-2.507794090512,
    9.006285822492));
#7839 = CARTESIAN_POINT('',(-3.85851827501,-2.507794090512,
    5.147767547482));
#7840 = CARTESIAN_POINT('',(-2.503885822492,-2.507794090512,
    1.289249272472));
#7841 = CARTESIAN_POINT('',(1.354632452518,-2.507794090512,2.64388172499
    ));
#7842 = CARTESIAN_POINT('',(5.213150727528,-2.507794090512,
    3.998514177508));
#7843 = CARTESIAN_POINT('',(3.85851827501,-2.507794090512,7.857032452518
    ));
#7844 = CARTESIAN_POINT('',(3.85851827501,-2.253794090512,7.857032452518
    ));
#7845 = CARTESIAN_POINT('',(2.503885822492,-2.253794090512,
    11.715550727528));
#7846 = CARTESIAN_POINT('',(-1.354632452518,-2.253794090512,
    10.36091827501));
#7847 = CARTESIAN_POINT('',(-5.213150727528,-2.253794090512,
    9.006285822492));
#7848 = CARTESIAN_POINT('',(-3.85851827501,-2.253794090512,
    5.147767547482));
#7849 = CARTESIAN_POINT('',(-2.503885822492,-2.253794090512,
    1.289249272472));
#7850 = CARTESIAN_POINT('',(1.354632452518,-2.253794090512,2.64388172499
    ));
#7851 = CARTESIAN_POINT('',(5.213150727528,-2.253794090512,
    3.998514177508));
#7852 = CARTESIAN_POINT('',(3.85851827501,-2.253794090512,7.857032452518
    ));
#7853 = CARTESIAN_POINT('',(3.85851827501,-1.999794090512,7.857032452518
    ));
#7854 = CARTESIAN_POINT('',(2.503885822492,-1.999794090512,
    11.715550727528));
#7855 = CARTESIAN_POINT('',(-1.354632452518,-1.999794090512,
    10.36091827501));
#7856 = CARTESIAN_POINT('',(-5.213150727528,-1.999794090512,
    9.006285822492));
#7857 = CARTESIAN_POINT('',(-3.85851827501,-1.999794090512,
    5.147767547482));
#7858 = CARTESIAN_POINT('',(-2.503885822492,-1.999794090512,
    1.289249272472));
#7859 = CARTESIAN_POINT('',(1.354632452518,-1.999794090512,2.64388172499
    ));
#7860 = CARTESIAN_POINT('',(5.213150727528,-1.999794090512,
    3.998514177508));
#7861 = CARTESIAN_POINT('',(3.85851827501,-1.999794090512,7.857032452518
    ));
#7862 = CARTESIAN_POINT('',(4.098177795197,-1.999794090512,
    7.941171114165));
#7863 = CARTESIAN_POINT('',(2.659406681032,-1.999794090512,
    12.039348909362));
#7864 = CARTESIAN_POINT('',(-1.438771114165,-1.999794090512,
    10.600577795197));
#7865 = CARTESIAN_POINT('',(-5.536948909362,-1.999794090512,
    9.161806681032));
#7866 = CARTESIAN_POINT('',(-4.098177795197,-1.999794090512,
    5.063628885835));
#7867 = CARTESIAN_POINT('',(-2.659406681032,-1.999794090512,
    0.965451090638));
#7868 = CARTESIAN_POINT('',(1.438771114165,-1.999794090512,
    2.404222204803));
#7869 = CARTESIAN_POINT('',(5.536948909362,-1.999794090512,
    3.842993318968));
#7870 = CARTESIAN_POINT('',(4.098177795197,-1.999794090512,
    7.941171114165));
#7871 = CARTESIAN_POINT('',(4.337837315384,-1.999794090512,
    8.025309775812));
#7872 = CARTESIAN_POINT('',(2.814927539572,-1.999794090512,
    12.363147091196));
#7873 = CARTESIAN_POINT('',(-1.522909775812,-1.999794090512,
    10.840237315384));
#7874 = CARTESIAN_POINT('',(-5.860747091196,-1.999794090512,
    9.317327539572));
#7875 = CARTESIAN_POINT('',(-4.337837315384,-1.999794090512,
    4.979490224188));
#7876 = CARTESIAN_POINT('',(-2.814927539572,-1.999794090512,
    0.641652908804));
#7877 = CARTESIAN_POINT('',(1.522909775812,-1.999794090512,
    2.164562684616));
#7878 = CARTESIAN_POINT('',(5.860747091196,-1.999794090512,
    3.687472460428));
#7879 = CARTESIAN_POINT('',(4.337837315384,-1.999794090512,
    8.025309775812));
#7880 = CARTESIAN_POINT('',(4.337837315384,-2.253794090512,
    8.025309775812));
#7881 = CARTESIAN_POINT('',(2.814927539572,-2.253794090512,
    12.363147091196));
#7882 = CARTESIAN_POINT('',(-1.522909775812,-2.253794090512,
    10.840237315384));
#7883 = CARTESIAN_POINT('',(-5.860747091196,-2.253794090512,
    9.317327539572));
#7884 = CARTESIAN_POINT('',(-4.337837315384,-2.253794090512,
    4.979490224188));
#7885 = CARTESIAN_POINT('',(-2.814927539572,-2.253794090512,
    0.641652908804));
#7886 = CARTESIAN_POINT('',(1.522909775812,-2.253794090512,
    2.164562684616));
#7887 = CARTESIAN_POINT('',(5.860747091196,-2.253794090512,
    3.687472460428));
#7888 = CARTESIAN_POINT('',(4.337837315384,-2.253794090512,
    8.025309775812));
#7889 = ADVANCED_FACE('',(#7890),#7896,.F.);
#7890 = FACE_BOUND('',#7891,.F.);
#7891 = EDGE_LOOP('',(#7892,#7893,#7894,#7895));
#7892 = ORIENTED_EDGE('',*,*,#7298,.F.);
#7893 = ORIENTED_EDGE('',*,*,#7799,.T.);
#7894 = ORIENTED_EDGE('',*,*,#7184,.T.);
#7895 = ORIENTED_EDGE('',*,*,#7207,.T.);
#7896 = CYLINDRICAL_SURFACE('',#7897,4.5974);
#7897 = AXIS2_PLACEMENT_3D('',#7898,#7899,#7900);
#7898 = CARTESIAN_POINT('',(0.,-3.336697045256,6.5024));
#7899 = DIRECTION('',(0.,-1.,0.));
#7900 = DIRECTION('',(0.,-0.,-1.));
#7901 = ADVANCED_FACE('',(#7902),#7992,.T.);
#7902 = FACE_BOUND('',#7903,.T.);
#7903 = EDGE_LOOP('',(#7904,#7913,#7921,#7928,#7936,#7943,#7950,#7957,
    #7965,#7972,#7980,#7985,#7986));
#7904 = ORIENTED_EDGE('',*,*,#7905,.F.);
#7905 = EDGE_CURVE('',#7906,#7908,#7910,.T.);
#7906 = VERTEX_POINT('',#7907);
#7907 = CARTESIAN_POINT('',(-3.487797211217,-2.253794090512,9.4976224247
    ));
#7908 = VERTEX_POINT('',#7909);
#7909 = CARTESIAN_POINT('',(-3.487797211217,-4.4196,9.4976224247));
#7910 = B_SPLINE_CURVE_WITH_KNOTS('',1,(#7911,#7912),.UNSPECIFIED.,.F.,
  .F.,(2,2),(0.,2.165805909488),.PIECEWISE_BEZIER_KNOTS.);
#7911 = CARTESIAN_POINT('',(-3.487797211217,-2.253794090512,9.4976224247
    ));
#7912 = CARTESIAN_POINT('',(-3.487797211217,-4.4196,9.4976224247));
#7913 = ORIENTED_EDGE('',*,*,#7914,.F.);
#7914 = EDGE_CURVE('',#7915,#7906,#7917,.T.);
#7915 = VERTEX_POINT('',#7916);
#7916 = CARTESIAN_POINT('',(-3.461980845302,-2.126794090512,
    9.47545205371));
#7917 = ( BOUNDED_CURVE() B_SPLINE_CURVE(2,(#7918,#7919,#7920),
.UNSPECIFIED.,.F.,.F.) B_SPLINE_CURVE_WITH_KNOTS((3,3),(-0.132994089002,
0.),.PIECEWISE_BEZIER_KNOTS.) CURVE() GEOMETRIC_REPRESENTATION_ITEM() 
RATIONAL_B_SPLINE_CURVE((1.,0.965925826288,1.)) REPRESENTATION_ITEM('') 
  );
#7918 = CARTESIAN_POINT('',(-3.461980845302,-2.126794090512,
    9.47545205371));
#7919 = CARTESIAN_POINT('',(-3.487797211217,-2.185734995634,9.4976224247
    ));
#7920 = CARTESIAN_POINT('',(-3.487797211217,-2.253794090512,9.4976224247
    ));
#7921 = ORIENTED_EDGE('',*,*,#7922,.F.);
#7922 = EDGE_CURVE('',#7923,#7915,#7925,.T.);
#7923 = VERTEX_POINT('',#7924);
#7924 = CARTESIAN_POINT('',(-3.330046003265,-1.825575900757,
    9.362150111671));
#7925 = B_SPLINE_CURVE_WITH_KNOTS('',1,(#7926,#7927),.UNSPECIFIED.,.F.,
  .F.,(2,2),(-0.34781680588,0.),.PIECEWISE_BEZIER_KNOTS.);
#7926 = CARTESIAN_POINT('',(-3.330046003265,-1.825575900757,
    9.362150111671));
#7927 = CARTESIAN_POINT('',(-3.461980845302,-2.126794090512,
    9.47545205371));
#7928 = ORIENTED_EDGE('',*,*,#7929,.F.);
#7929 = EDGE_CURVE('',#7930,#7923,#7932,.T.);
#7930 = VERTEX_POINT('',#7931);
#7931 = CARTESIAN_POINT('',(-3.275831634845,-1.558875900757,
    9.315592332591));
#7932 = ( BOUNDED_CURVE() B_SPLINE_CURVE(2,(#7933,#7934,#7935),
.UNSPECIFIED.,.F.,.F.) B_SPLINE_CURVE_WITH_KNOTS((3,3),(-0.279287586904,
0.),.PIECEWISE_BEZIER_KNOTS.) CURVE() GEOMETRIC_REPRESENTATION_ITEM() 
RATIONAL_B_SPLINE_CURVE((1.,0.965925826289,1.)) REPRESENTATION_ITEM('') 
  );
#7933 = CARTESIAN_POINT('',(-3.275831634845,-1.558875900757,
    9.315592332591));
#7934 = CARTESIAN_POINT('',(-3.275831634844,-1.7018,9.315592332591));
#7935 = CARTESIAN_POINT('',(-3.330046003265,-1.825575900757,
    9.362150111671));
#7936 = ORIENTED_EDGE('',*,*,#7937,.F.);
#7937 = EDGE_CURVE('',#7938,#7930,#7940,.T.);
#7938 = VERTEX_POINT('',#7939);
#7939 = CARTESIAN_POINT('',(-3.275831634845,-0.9652,9.315592332591));
#7940 = B_SPLINE_CURVE_WITH_KNOTS('',1,(#7941,#7942),.UNSPECIFIED.,.F.,
  .F.,(2,2),(0.,0.593675900757),.PIECEWISE_BEZIER_KNOTS.);
#7941 = CARTESIAN_POINT('',(-3.275831634845,-0.9652,9.315592332591));
#7942 = CARTESIAN_POINT('',(-3.275831634845,-1.558875900757,
    9.315592332591));
#7943 = ORIENTED_EDGE('',*,*,#7944,.F.);
#7944 = EDGE_CURVE('',#7945,#7938,#7947,.T.);
#7945 = VERTEX_POINT('',#7946);
#7946 = CARTESIAN_POINT('',(-3.487797211217,-0.9652,9.4976224247));
#7947 = B_SPLINE_CURVE_WITH_KNOTS('',1,(#7948,#7949),.UNSPECIFIED.,.F.,
  .F.,(2,2),(0.,0.2794),.PIECEWISE_BEZIER_KNOTS.);
#7948 = CARTESIAN_POINT('',(-3.487797211217,-0.9652,9.4976224247));
#7949 = CARTESIAN_POINT('',(-3.275831634845,-0.9652,9.315592332591));
#7950 = ORIENTED_EDGE('',*,*,#7951,.F.);
#7951 = EDGE_CURVE('',#7952,#7945,#7954,.T.);
#7952 = VERTEX_POINT('',#7953);
#7953 = CARTESIAN_POINT('',(-3.487797211217,-1.558875900757,9.4976224247
    ));
#7954 = B_SPLINE_CURVE_WITH_KNOTS('',1,(#7955,#7956),.UNSPECIFIED.,.F.,
  .F.,(2,2),(0.,0.593675900757),.PIECEWISE_BEZIER_KNOTS.);
#7955 = CARTESIAN_POINT('',(-3.487797211217,-1.558875900757,9.4976224247
    ));
#7956 = CARTESIAN_POINT('',(-3.487797211217,-0.9652,9.4976224247));
#7957 = ORIENTED_EDGE('',*,*,#7958,.F.);
#7958 = EDGE_CURVE('',#7959,#7952,#7961,.T.);
#7959 = VERTEX_POINT('',#7960);
#7960 = CARTESIAN_POINT('',(-3.513613577132,-1.685875900757,
    9.519792795691));
#7961 = ( BOUNDED_CURVE() B_SPLINE_CURVE(2,(#7962,#7963,#7964),
.UNSPECIFIED.,.F.,.F.) B_SPLINE_CURVE_WITH_KNOTS((3,3),(-0.132994089002,
0.),.PIECEWISE_BEZIER_KNOTS.) CURVE() GEOMETRIC_REPRESENTATION_ITEM() 
RATIONAL_B_SPLINE_CURVE((1.,0.965925826287,1.)) REPRESENTATION_ITEM('') 
  );
#7962 = CARTESIAN_POINT('',(-3.513613577132,-1.685875900757,
    9.519792795691));
#7963 = CARTESIAN_POINT('',(-3.487797211217,-1.626934995635,9.4976224247
    ));
#7964 = CARTESIAN_POINT('',(-3.487797211217,-1.558875900757,9.4976224247
    ));
#7965 = ORIENTED_EDGE('',*,*,#7966,.F.);
#7966 = EDGE_CURVE('',#7967,#7959,#7969,.T.);
#7967 = VERTEX_POINT('',#7968);
#7968 = CARTESIAN_POINT('',(-3.645548419169,-1.987094090512,
    9.633094737729));
#7969 = B_SPLINE_CURVE_WITH_KNOTS('',1,(#7970,#7971),.UNSPECIFIED.,.F.,
  .F.,(2,2),(-0.347816805879,0.),.PIECEWISE_BEZIER_KNOTS.);
#7970 = CARTESIAN_POINT('',(-3.645548419169,-1.987094090512,
    9.633094737729));
#7971 = CARTESIAN_POINT('',(-3.513613577132,-1.685875900757,
    9.519792795691));
#7972 = ORIENTED_EDGE('',*,*,#7973,.F.);
#7973 = EDGE_CURVE('',#7974,#7967,#7976,.T.);
#7974 = VERTEX_POINT('',#7975);
#7975 = CARTESIAN_POINT('',(-3.699762787589,-2.253794090512,
    9.679652516809));
#7976 = ( BOUNDED_CURVE() B_SPLINE_CURVE(2,(#7977,#7978,#7979),
.UNSPECIFIED.,.F.,.F.) B_SPLINE_CURVE_WITH_KNOTS((3,3),(-0.279287586904,
0.),.PIECEWISE_BEZIER_KNOTS.) CURVE() GEOMETRIC_REPRESENTATION_ITEM() 
RATIONAL_B_SPLINE_CURVE((1.,0.965925826289,1.)) REPRESENTATION_ITEM('') 
  );
#7977 = CARTESIAN_POINT('',(-3.699762787589,-2.253794090512,
    9.679652516809));
#7978 = CARTESIAN_POINT('',(-3.69976278759,-2.110869991269,
    9.679652516809));
#7979 = CARTESIAN_POINT('',(-3.645548419169,-1.987094090512,
    9.633094737729));
#7980 = ORIENTED_EDGE('',*,*,#7981,.F.);
#7981 = EDGE_CURVE('',#4311,#7974,#7982,.T.);
#7982 = B_SPLINE_CURVE_WITH_KNOTS('',1,(#7983,#7984),.UNSPECIFIED.,.F.,
  .F.,(2,2),(0.,2.125165909488),.PIECEWISE_BEZIER_KNOTS.);
#7983 = CARTESIAN_POINT('',(-3.699762787589,-4.37896,9.679652516809));
#7984 = CARTESIAN_POINT('',(-3.699762787589,-2.253794090512,
    9.679652516809));
#7985 = ORIENTED_EDGE('',*,*,#4392,.F.);
#7986 = ORIENTED_EDGE('',*,*,#7987,.F.);
#7987 = EDGE_CURVE('',#7908,#3471,#7988,.T.);
#7988 = ( BOUNDED_CURVE() B_SPLINE_CURVE(2,(#7989,#7990,#7991),
.UNSPECIFIED.,.F.,.F.) B_SPLINE_CURVE_WITH_KNOTS((3,3),(-0.438880493706,
0.),.PIECEWISE_BEZIER_KNOTS.) CURVE() GEOMETRIC_REPRESENTATION_ITEM() 
RATIONAL_B_SPLINE_CURVE((1.,0.707106781186,1.)) REPRESENTATION_ITEM('') 
  );
#7989 = CARTESIAN_POINT('',(-3.487797211217,-4.4196,9.4976224247));
#7990 = CARTESIAN_POINT('',(-3.487797211217,-4.699,9.4976224247));
#7991 = CARTESIAN_POINT('',(-3.699762787589,-4.699,9.679652516809));
#7992 = PLANE('',#7993);
#7993 = AXIS2_PLACEMENT_3D('',#7994,#7995,#7996);
#7994 = CARTESIAN_POINT('',(-4.229648293393,-0.561622826178,
    10.134703327792));
#7995 = DIRECTION('',(0.651503550855,8.422657956924E-17,0.758645584725)
  );
#7996 = DIRECTION('',(0.758645584725,0.,-0.651503550855));
#7997 = ADVANCED_FACE('',(#7998),#8016,.T.);
#7998 = FACE_BOUND('',#7999,.T.);
#7999 = EDGE_LOOP('',(#8000,#8001,#8002,#8010));
#8000 = ORIENTED_EDGE('',*,*,#7987,.T.);
#8001 = ORIENTED_EDGE('',*,*,#3468,.F.);
#8002 = ORIENTED_EDGE('',*,*,#8003,.T.);
#8003 = EDGE_CURVE('',#3469,#8004,#8006,.T.);
#8004 = VERTEX_POINT('',#8005);
#8005 = CARTESIAN_POINT('',(-4.337837315384,-4.4196,8.025309775812));
#8006 = ( BOUNDED_CURVE() B_SPLINE_CURVE(2,(#8007,#8008,#8009),
.UNSPECIFIED.,.F.,.F.) B_SPLINE_CURVE_WITH_KNOTS((3,3),(-0.438880493706,
0.),.PIECEWISE_BEZIER_KNOTS.) CURVE() GEOMETRIC_REPRESENTATION_ITEM() 
RATIONAL_B_SPLINE_CURVE((1.,0.707106781186,1.)) REPRESENTATION_ITEM('') 
  );
#8007 = CARTESIAN_POINT('',(-4.601462787589,-4.699,8.117862303624));
#8008 = CARTESIAN_POINT('',(-4.337837315383,-4.699,8.025309775812));
#8009 = CARTESIAN_POINT('',(-4.337837315384,-4.4196,8.025309775812));
#8010 = ORIENTED_EDGE('',*,*,#8011,.T.);
#8011 = EDGE_CURVE('',#8004,#7908,#8012,.T.);
#8012 = ( BOUNDED_CURVE() B_SPLINE_CURVE(2,(#8013,#8014,#8015),
.UNSPECIFIED.,.F.,.F.) B_SPLINE_CURVE_WITH_KNOTS((3,3),(-1.70991895452,
0.),.PIECEWISE_BEZIER_KNOTS.) CURVE() GEOMETRIC_REPRESENTATION_ITEM() 
RATIONAL_B_SPLINE_CURVE((1.,0.982758124269,1.)) REPRESENTATION_ITEM('') 
  );
#8013 = CARTESIAN_POINT('',(-4.337837315384,-4.4196,8.025309775812));
#8014 = CARTESIAN_POINT('',(-4.051317504317,-4.4196,8.841429251689));
#8015 = CARTESIAN_POINT('',(-3.487797211217,-4.4196,9.4976224247));
#8016 = ( BOUNDED_SURFACE() B_SPLINE_SURFACE(2,2,(
    (#8017,#8018,#8019,#8020,#8021,#8022,#8023,#8024,#8025)
    ,(#8026,#8027,#8028,#8029,#8030,#8031,#8032,#8033,#8034)
    ,(#8035,#8036,#8037,#8038,#8039,#8040,#8041,#8042,#8043)
    ,(#8044,#8045,#8046,#8047,#8048,#8049,#8050,#8051,#8052)
    ,(#8053,#8054,#8055,#8056,#8057,#8058,#8059,#8060,#8061)
    ,(#8062,#8063,#8064,#8065,#8066,#8067,#8068,#8069,#8070)
    ,(#8071,#8072,#8073,#8074,#8075,#8076,#8077,#8078,#8079)
    ,(#8080,#8081,#8082,#8083,#8084,#8085,#8086,#8087,#8088)
    ,(#8089,#8090,#8091,#8092,#8093,#8094,#8095,#8096,#8097
)),.UNSPECIFIED.,.T.,.T.,.F.) B_SPLINE_SURFACE_WITH_KNOTS((1,2,2,2,2,2,1
    ),(1,2,2,2,2,2,1),(-7.660459526513,0.,7.660459526513,15.320919053027
    ,22.98137857954,30.641838106053,38.302297632567),(-0.438880493707,0.
    ,0.438880493706,0.877760987413,1.316641481119,1.755521974826,
2.194402468532),.UNSPECIFIED.) GEOMETRIC_REPRESENTATION_ITEM() 
RATIONAL_B_SPLINE_SURFACE((
    (1.,0.707106781187,1.,0.707106781187,1.,0.707106781187,1.
      ,0.707106781187,1.)
    ,(0.707106781187,0.5,0.707106781187,0.5,0.707106781187,0.5
      ,0.707106781187,0.5,0.707106781187)
    ,(1.,0.707106781187,1.,0.707106781187,1.,0.707106781187,1.
      ,0.707106781187,1.)
    ,(0.707106781187,0.5,0.707106781187,0.5,0.707106781187,0.5
      ,0.707106781187,0.5,0.707106781187)
    ,(1.,0.707106781187,1.,0.707106781187,1.,0.707106781187,1.
      ,0.707106781187,1.)
    ,(0.707106781187,0.5,0.707106781187,0.5,0.707106781187,0.5
      ,0.707106781187,0.5,0.707106781187)
    ,(1.,0.707106781187,1.,0.707106781187,1.,0.707106781187,1.
      ,0.707106781187,1.)
    ,(0.707106781187,0.5,0.707106781187,0.5,0.707106781187,0.5
      ,0.707106781187,0.5,0.707106781187)
    ,(1.,0.707106781187,1.,0.707106781187,1.,0.707106781187,1.
,0.707106781187,1.))) REPRESENTATION_ITEM('') SURFACE() );
#8017 = CARTESIAN_POINT('',(3.911728363962,-4.4196,3.143117391082));
#8018 = CARTESIAN_POINT('',(3.911728363962,-4.699,3.143117391082));
#8019 = CARTESIAN_POINT('',(3.699762787589,-4.699,3.325147483191));
#8020 = CARTESIAN_POINT('',(3.487797211217,-4.699,3.5071775753));
#8021 = CARTESIAN_POINT('',(3.487797211217,-4.4196,3.5071775753));
#8022 = CARTESIAN_POINT('',(3.487797211217,-4.1402,3.5071775753));
#8023 = CARTESIAN_POINT('',(3.699762787589,-4.1402,3.325147483191));
#8024 = CARTESIAN_POINT('',(3.911728363962,-4.1402,3.143117391082));
#8025 = CARTESIAN_POINT('',(3.911728363962,-4.4196,3.143117391082));
#8026 = CARTESIAN_POINT('',(7.27101097288,-4.4196,7.054845755044));
#8027 = CARTESIAN_POINT('',(7.27101097288,-4.699,7.054845755044));
#8028 = CARTESIAN_POINT('',(6.877015304398,-4.699,7.02491027078));
#8029 = CARTESIAN_POINT('',(6.483019635917,-4.699,6.994974786517));
#8030 = CARTESIAN_POINT('',(6.483019635917,-4.4196,6.994974786517));
#8031 = CARTESIAN_POINT('',(6.483019635917,-4.1402,6.994974786517));
#8032 = CARTESIAN_POINT('',(6.877015304398,-4.1402,7.02491027078));
#8033 = CARTESIAN_POINT('',(7.27101097288,-4.1402,7.054845755044));
#8034 = CARTESIAN_POINT('',(7.27101097288,-4.4196,7.054845755044));
#8035 = CARTESIAN_POINT('',(3.359282608918,-4.4196,10.414128363962));
#8036 = CARTESIAN_POINT('',(3.359282608918,-4.699,10.414128363962));
#8037 = CARTESIAN_POINT('',(3.177252516809,-4.699,10.202162787589));
#8038 = CARTESIAN_POINT('',(2.9952224247,-4.699,9.990197211217));
#8039 = CARTESIAN_POINT('',(2.9952224247,-4.4196,9.990197211217));
#8040 = CARTESIAN_POINT('',(2.9952224247,-4.1402,9.990197211217));
#8041 = CARTESIAN_POINT('',(3.177252516809,-4.1402,10.202162787589));
#8042 = CARTESIAN_POINT('',(3.359282608918,-4.1402,10.414128363962));
#8043 = CARTESIAN_POINT('',(3.359282608918,-4.4196,10.414128363962));
#8044 = CARTESIAN_POINT('',(-0.552445755044,-4.4196,13.773410972879));
#8045 = CARTESIAN_POINT('',(-0.552445755044,-4.699,13.773410972879));
#8046 = CARTESIAN_POINT('',(-0.52251027078,-4.699,13.379415304398));
#8047 = CARTESIAN_POINT('',(-0.492574786517,-4.699,12.985419635917));
#8048 = CARTESIAN_POINT('',(-0.492574786517,-4.4196,12.985419635917));
#8049 = CARTESIAN_POINT('',(-0.492574786517,-4.1402,12.985419635917));
#8050 = CARTESIAN_POINT('',(-0.52251027078,-4.1402,13.379415304398));
#8051 = CARTESIAN_POINT('',(-0.552445755044,-4.1402,13.773410972879));
#8052 = CARTESIAN_POINT('',(-0.552445755044,-4.4196,13.773410972879));
#8053 = CARTESIAN_POINT('',(-3.911728363962,-4.4196,9.861682608918));
#8054 = CARTESIAN_POINT('',(-3.911728363962,-4.699,9.861682608918));
#8055 = CARTESIAN_POINT('',(-3.699762787589,-4.699,9.679652516809));
#8056 = CARTESIAN_POINT('',(-3.487797211217,-4.699,9.4976224247));
#8057 = CARTESIAN_POINT('',(-3.487797211217,-4.4196,9.4976224247));
#8058 = CARTESIAN_POINT('',(-3.487797211217,-4.1402,9.4976224247));
#8059 = CARTESIAN_POINT('',(-3.699762787589,-4.1402,9.679652516809));
#8060 = CARTESIAN_POINT('',(-3.911728363962,-4.1402,9.861682608918));
#8061 = CARTESIAN_POINT('',(-3.911728363962,-4.4196,9.861682608918));
#8062 = CARTESIAN_POINT('',(-7.27101097288,-4.4196,5.949954244956));
#8063 = CARTESIAN_POINT('',(-7.27101097288,-4.699,5.949954244956));
#8064 = CARTESIAN_POINT('',(-6.877015304398,-4.699,5.97988972922));
#8065 = CARTESIAN_POINT('',(-6.483019635917,-4.699,6.009825213483));
#8066 = CARTESIAN_POINT('',(-6.483019635917,-4.4196,6.009825213483));
#8067 = CARTESIAN_POINT('',(-6.483019635917,-4.1402,6.009825213483));
#8068 = CARTESIAN_POINT('',(-6.877015304398,-4.1402,5.97988972922));
#8069 = CARTESIAN_POINT('',(-7.27101097288,-4.1402,5.949954244956));
#8070 = CARTESIAN_POINT('',(-7.27101097288,-4.4196,5.949954244956));
#8071 = CARTESIAN_POINT('',(-3.359282608918,-4.4196,2.590671636038));
#8072 = CARTESIAN_POINT('',(-3.359282608918,-4.699,2.590671636038));
#8073 = CARTESIAN_POINT('',(-3.177252516809,-4.699,2.802637212411));
#8074 = CARTESIAN_POINT('',(-2.9952224247,-4.699,3.014602788783));
#8075 = CARTESIAN_POINT('',(-2.9952224247,-4.4196,3.014602788783));
#8076 = CARTESIAN_POINT('',(-2.9952224247,-4.1402,3.014602788783));
#8077 = CARTESIAN_POINT('',(-3.177252516809,-4.1402,2.802637212411));
#8078 = CARTESIAN_POINT('',(-3.359282608918,-4.1402,2.590671636038));
#8079 = CARTESIAN_POINT('',(-3.359282608918,-4.4196,2.590671636038));
#8080 = CARTESIAN_POINT('',(0.552445755044,-4.4196,-0.76861097288));
#8081 = CARTESIAN_POINT('',(0.552445755044,-4.699,-0.76861097288));
#8082 = CARTESIAN_POINT('',(0.52251027078,-4.699,-0.374615304398));
#8083 = CARTESIAN_POINT('',(0.492574786517,-4.699,1.938036408279E-02));
#8084 = CARTESIAN_POINT('',(0.492574786517,-4.4196,1.93803640828E-02));
#8085 = CARTESIAN_POINT('',(0.492574786517,-4.1402,1.93803640828E-02));
#8086 = CARTESIAN_POINT('',(0.52251027078,-4.1402,-0.374615304398));
#8087 = CARTESIAN_POINT('',(0.552445755044,-4.1402,-0.76861097288));
#8088 = CARTESIAN_POINT('',(0.552445755044,-4.4196,-0.76861097288));
#8089 = CARTESIAN_POINT('',(3.911728363962,-4.4196,3.143117391082));
#8090 = CARTESIAN_POINT('',(3.911728363962,-4.699,3.143117391082));
#8091 = CARTESIAN_POINT('',(3.699762787589,-4.699,3.325147483191));
#8092 = CARTESIAN_POINT('',(3.487797211217,-4.699,3.5071775753));
#8093 = CARTESIAN_POINT('',(3.487797211217,-4.4196,3.5071775753));
#8094 = CARTESIAN_POINT('',(3.487797211217,-4.1402,3.5071775753));
#8095 = CARTESIAN_POINT('',(3.699762787589,-4.1402,3.325147483191));
#8096 = CARTESIAN_POINT('',(3.911728363962,-4.1402,3.143117391082));
#8097 = CARTESIAN_POINT('',(3.911728363962,-4.4196,3.143117391082));
#8098 = ADVANCED_FACE('',(#8099),#8116,.F.);
#8099 = FACE_BOUND('',#8100,.F.);
#8100 = EDGE_LOOP('',(#8101,#8102,#8110,#8115));
#8101 = ORIENTED_EDGE('',*,*,#7905,.F.);
#8102 = ORIENTED_EDGE('',*,*,#8103,.T.);
#8103 = EDGE_CURVE('',#7906,#8104,#8106,.T.);
#8104 = VERTEX_POINT('',#8105);
#8105 = CARTESIAN_POINT('',(-4.337837315384,-2.253794090512,
    8.025309775812));
#8106 = ( BOUNDED_CURVE() B_SPLINE_CURVE(2,(#8107,#8108,#8109),
.UNSPECIFIED.,.F.,.F.) B_SPLINE_CURVE_WITH_KNOTS((3,3),(0.,1.70991895452
),.PIECEWISE_BEZIER_KNOTS.) CURVE() GEOMETRIC_REPRESENTATION_ITEM() 
RATIONAL_B_SPLINE_CURVE((1.,0.982758124269,1.)) REPRESENTATION_ITEM('') 
  );
#8107 = CARTESIAN_POINT('',(-3.487797211217,-2.253794090512,9.4976224247
    ));
#8108 = CARTESIAN_POINT('',(-4.051317504317,-2.253794090512,
    8.841429251689));
#8109 = CARTESIAN_POINT('',(-4.337837315384,-2.253794090512,
    8.025309775812));
#8110 = ORIENTED_EDGE('',*,*,#8111,.T.);
#8111 = EDGE_CURVE('',#8104,#8004,#8112,.T.);
#8112 = B_SPLINE_CURVE_WITH_KNOTS('',1,(#8113,#8114),.UNSPECIFIED.,.F.,
  .F.,(2,2),(0.,2.165805909488),.PIECEWISE_BEZIER_KNOTS.);
#8113 = CARTESIAN_POINT('',(-4.337837315384,-2.253794090512,
    8.025309775812));
#8114 = CARTESIAN_POINT('',(-4.337837315384,-4.4196,8.025309775812));
#8115 = ORIENTED_EDGE('',*,*,#8011,.T.);
#8116 = CYLINDRICAL_SURFACE('',#8117,4.5974);
#8117 = AXIS2_PLACEMENT_3D('',#8118,#8119,#8120);
#8118 = CARTESIAN_POINT('',(4.428129046788E-16,-3.336697045256,6.5024));
#8119 = DIRECTION('',(0.,-1.,0.));
#8120 = DIRECTION('',(0.,-0.,-1.));
#8121 = ADVANCED_FACE('',(#8122),#8140,.T.);
#8122 = FACE_BOUND('',#8123,.T.);
#8123 = EDGE_LOOP('',(#8124,#8125,#8133,#8139));
#8124 = ORIENTED_EDGE('',*,*,#8103,.T.);
#8125 = ORIENTED_EDGE('',*,*,#8126,.F.);
#8126 = EDGE_CURVE('',#8127,#8104,#8129,.T.);
#8127 = VERTEX_POINT('',#8128);
#8128 = CARTESIAN_POINT('',(-4.305729027937,-2.126794090512,
    8.014037332592));
#8129 = ( BOUNDED_CURVE() B_SPLINE_CURVE(2,(#8130,#8131,#8132),
.UNSPECIFIED.,.F.,.F.) B_SPLINE_CURVE_WITH_KNOTS((3,3),(0.,
0.132994089002),.PIECEWISE_BEZIER_KNOTS.) CURVE() 
GEOMETRIC_REPRESENTATION_ITEM() RATIONAL_B_SPLINE_CURVE((1.,
0.965925826288,1.)) REPRESENTATION_ITEM('') );
#8130 = CARTESIAN_POINT('',(-4.305729027937,-2.126794090512,
    8.014037332592));
#8131 = CARTESIAN_POINT('',(-4.337837315384,-2.185734995634,
    8.025309775812));
#8132 = CARTESIAN_POINT('',(-4.337837315384,-2.253794090512,
    8.025309775812));
#8133 = ORIENTED_EDGE('',*,*,#8134,.F.);
#8134 = EDGE_CURVE('',#7915,#8127,#8135,.T.);
#8135 = ( BOUNDED_CURVE() B_SPLINE_CURVE(2,(#8136,#8137,#8138),
.UNSPECIFIED.,.F.,.F.) B_SPLINE_CURVE_WITH_KNOTS((3,3),(0.,
1.697262285929),.PIECEWISE_BEZIER_KNOTS.) CURVE() 
GEOMETRIC_REPRESENTATION_ITEM() RATIONAL_B_SPLINE_CURVE((1.,
0.982758124269,1.)) REPRESENTATION_ITEM('') );
#8136 = CARTESIAN_POINT('',(-3.461980845302,-2.126794090512,
    9.47545205371));
#8137 = CARTESIAN_POINT('',(-4.021330011124,-2.126794090512,
    8.824115964423));
#8138 = CARTESIAN_POINT('',(-4.305729027937,-2.126794090512,
    8.014037332592));
#8139 = ORIENTED_EDGE('',*,*,#7914,.T.);
#8140 = ( BOUNDED_SURFACE() B_SPLINE_SURFACE(2,2,(
    (#8141,#8142,#8143,#8144,#8145,#8146,#8147,#8148,#8149)
    ,(#8150,#8151,#8152,#8153,#8154,#8155,#8156,#8157,#8158)
    ,(#8159,#8160,#8161,#8162,#8163,#8164,#8165,#8166,#8167)
    ,(#8168,#8169,#8170,#8171,#8172,#8173,#8174,#8175,#8176)
    ,(#8177,#8178,#8179,#8180,#8181,#8182,#8183,#8184,#8185)
    ,(#8186,#8187,#8188,#8189,#8190,#8191,#8192,#8193,#8194)
    ,(#8195,#8196,#8197,#8198,#8199,#8200,#8201,#8202,#8203)
    ,(#8204,#8205,#8206,#8207,#8208,#8209,#8210,#8211,#8212)
    ,(#8213,#8214,#8215,#8216,#8217,#8218,#8219,#8220,#8221
)),.UNSPECIFIED.,.T.,.T.,.F.) B_SPLINE_SURFACE_WITH_KNOTS((1,2,2,2,2,2,1
    ),(1,2,2,2,2,2,1),(-0.398982267006,0.,0.398982267006,0.797964534012,
    1.196946801018,1.595929068024,1.99491133503),(-6.822596765801,0.,
    6.822596765801,13.645193531602,20.467790297403,27.290387063204,
34.112983829005),.UNSPECIFIED.) GEOMETRIC_REPRESENTATION_ITEM() 
RATIONAL_B_SPLINE_SURFACE((
    (1.,0.707106781187,1.,0.707106781187,1.,0.707106781187,1.
      ,0.707106781187,1.)
    ,(0.707106781187,0.5,0.707106781187,0.5,0.707106781187,0.5
      ,0.707106781187,0.5,0.707106781187)
    ,(1.,0.707106781187,1.,0.707106781187,1.,0.707106781187,1.
      ,0.707106781187,1.)
    ,(0.707106781187,0.5,0.707106781187,0.5,0.707106781187,0.5
      ,0.707106781187,0.5,0.707106781187)
    ,(1.,0.707106781187,1.,0.707106781187,1.,0.707106781187,1.
      ,0.707106781187,1.)
    ,(0.707106781187,0.5,0.707106781187,0.5,0.707106781187,0.5
      ,0.707106781187,0.5,0.707106781187)
    ,(1.,0.707106781187,1.,0.707106781187,1.,0.707106781187,1.
      ,0.707106781187,1.)
    ,(0.707106781187,0.5,0.707106781187,0.5,0.707106781187,0.5
      ,0.707106781187,0.5,0.707106781187)
    ,(1.,0.707106781187,1.,0.707106781187,1.,0.707106781187,1.
,0.707106781187,1.))) REPRESENTATION_ITEM('') SURFACE() );
#8141 = CARTESIAN_POINT('',(3.487797211217,-2.253794090512,3.5071775753)
  );
#8142 = CARTESIAN_POINT('',(6.483019635917,-2.253794090512,
    6.994974786517));
#8143 = CARTESIAN_POINT('',(2.9952224247,-2.253794090512,9.990197211217)
  );
#8144 = CARTESIAN_POINT('',(-0.492574786517,-2.253794090512,
    12.985419635917));
#8145 = CARTESIAN_POINT('',(-3.487797211217,-2.253794090512,9.4976224247
    ));
#8146 = CARTESIAN_POINT('',(-6.483019635917,-2.253794090512,
    6.009825213483));
#8147 = CARTESIAN_POINT('',(-2.9952224247,-2.253794090512,3.014602788783
    ));
#8148 = CARTESIAN_POINT('',(0.492574786517,-2.253794090512,
    1.93803640828E-02));
#8149 = CARTESIAN_POINT('',(3.487797211217,-2.253794090512,3.5071775753)
  );
#8150 = CARTESIAN_POINT('',(3.487797211217,-2.507794090512,3.5071775753)
  );
#8151 = CARTESIAN_POINT('',(6.483019635917,-2.507794090512,
    6.994974786517));
#8152 = CARTESIAN_POINT('',(2.9952224247,-2.507794090512,9.990197211217)
  );
#8153 = CARTESIAN_POINT('',(-0.492574786517,-2.507794090512,
    12.985419635917));
#8154 = CARTESIAN_POINT('',(-3.487797211217,-2.507794090512,9.4976224247
    ));
#8155 = CARTESIAN_POINT('',(-6.483019635917,-2.507794090512,
    6.009825213483));
#8156 = CARTESIAN_POINT('',(-2.9952224247,-2.507794090512,3.014602788783
    ));
#8157 = CARTESIAN_POINT('',(0.492574786517,-2.507794090512,
    1.93803640828E-02));
#8158 = CARTESIAN_POINT('',(3.487797211217,-2.507794090512,3.5071775753)
  );
#8159 = CARTESIAN_POINT('',(3.295101232697,-2.507794090512,
    3.672659477217));
#8160 = CARTESIAN_POINT('',(6.12484175548,-2.507794090512,6.967760709914
    ));
#8161 = CARTESIAN_POINT('',(2.829740522783,-2.507794090512,
    9.797501232697));
#8162 = CARTESIAN_POINT('',(-0.465360709914,-2.507794090512,
    12.62724175548));
#8163 = CARTESIAN_POINT('',(-3.295101232697,-2.507794090512,
    9.332140522783));
#8164 = CARTESIAN_POINT('',(-6.12484175548,-2.507794090512,
    6.037039290086));
#8165 = CARTESIAN_POINT('',(-2.829740522783,-2.507794090512,
    3.207298767303));
#8166 = CARTESIAN_POINT('',(0.465360709914,-2.507794090512,0.37755824452
    ));
#8167 = CARTESIAN_POINT('',(3.295101232697,-2.507794090512,
    3.672659477217));
#8168 = CARTESIAN_POINT('',(3.102405254176,-2.507794090512,
    3.838141379134));
#8169 = CARTESIAN_POINT('',(5.766663875042,-2.507794090512,6.94054663331
    ));
#8170 = CARTESIAN_POINT('',(2.664258620866,-2.507794090512,
    9.604805254176));
#8171 = CARTESIAN_POINT('',(-0.43814663331,-2.507794090512,
    12.269063875042));
#8172 = CARTESIAN_POINT('',(-3.102405254176,-2.507794090512,
    9.166658620866));
#8173 = CARTESIAN_POINT('',(-5.766663875042,-2.507794090512,
    6.06425336669));
#8174 = CARTESIAN_POINT('',(-2.664258620866,-2.507794090512,
    3.399994745824));
#8175 = CARTESIAN_POINT('',(0.43814663331,-2.507794090512,0.735736124958
    ));
#8176 = CARTESIAN_POINT('',(3.102405254176,-2.507794090512,
    3.838141379134));
#8177 = CARTESIAN_POINT('',(3.102405254176,-2.253794090512,
    3.838141379134));
#8178 = CARTESIAN_POINT('',(5.766663875042,-2.253794090512,6.94054663331
    ));
#8179 = CARTESIAN_POINT('',(2.664258620866,-2.253794090512,
    9.604805254176));
#8180 = CARTESIAN_POINT('',(-0.43814663331,-2.253794090512,
    12.269063875042));
#8181 = CARTESIAN_POINT('',(-3.102405254176,-2.253794090512,
    9.166658620866));
#8182 = CARTESIAN_POINT('',(-5.766663875042,-2.253794090512,
    6.06425336669));
#8183 = CARTESIAN_POINT('',(-2.664258620866,-2.253794090512,
    3.399994745824));
#8184 = CARTESIAN_POINT('',(0.43814663331,-2.253794090512,0.735736124958
    ));
#8185 = CARTESIAN_POINT('',(3.102405254176,-2.253794090512,
    3.838141379134));
#8186 = CARTESIAN_POINT('',(3.102405254176,-1.999794090512,
    3.838141379134));
#8187 = CARTESIAN_POINT('',(5.766663875042,-1.999794090512,6.94054663331
    ));
#8188 = CARTESIAN_POINT('',(2.664258620866,-1.999794090512,
    9.604805254176));
#8189 = CARTESIAN_POINT('',(-0.43814663331,-1.999794090512,
    12.269063875042));
#8190 = CARTESIAN_POINT('',(-3.102405254176,-1.999794090512,
    9.166658620866));
#8191 = CARTESIAN_POINT('',(-5.766663875042,-1.999794090512,
    6.06425336669));
#8192 = CARTESIAN_POINT('',(-2.664258620866,-1.999794090512,
    3.399994745824));
#8193 = CARTESIAN_POINT('',(0.43814663331,-1.999794090512,0.735736124958
    ));
#8194 = CARTESIAN_POINT('',(3.102405254176,-1.999794090512,
    3.838141379134));
#8195 = CARTESIAN_POINT('',(3.295101232697,-1.999794090512,
    3.672659477217));
#8196 = CARTESIAN_POINT('',(6.12484175548,-1.999794090512,6.967760709914
    ));
#8197 = CARTESIAN_POINT('',(2.829740522783,-1.999794090512,
    9.797501232697));
#8198 = CARTESIAN_POINT('',(-0.465360709914,-1.999794090512,
    12.62724175548));
#8199 = CARTESIAN_POINT('',(-3.295101232697,-1.999794090512,
    9.332140522783));
#8200 = CARTESIAN_POINT('',(-6.12484175548,-1.999794090512,
    6.037039290086));
#8201 = CARTESIAN_POINT('',(-2.829740522783,-1.999794090512,
    3.207298767303));
#8202 = CARTESIAN_POINT('',(0.465360709914,-1.999794090512,0.37755824452
    ));
#8203 = CARTESIAN_POINT('',(3.295101232697,-1.999794090512,
    3.672659477217));
#8204 = CARTESIAN_POINT('',(3.487797211217,-1.999794090512,3.5071775753)
  );
#8205 = CARTESIAN_POINT('',(6.483019635917,-1.999794090512,
    6.994974786517));
#8206 = CARTESIAN_POINT('',(2.9952224247,-1.999794090512,9.990197211217)
  );
#8207 = CARTESIAN_POINT('',(-0.492574786517,-1.999794090512,
    12.985419635917));
#8208 = CARTESIAN_POINT('',(-3.487797211217,-1.999794090512,9.4976224247
    ));
#8209 = CARTESIAN_POINT('',(-6.483019635917,-1.999794090512,
    6.009825213483));
#8210 = CARTESIAN_POINT('',(-2.9952224247,-1.999794090512,3.014602788783
    ));
#8211 = CARTESIAN_POINT('',(0.492574786517,-1.999794090512,
    1.93803640828E-02));
#8212 = CARTESIAN_POINT('',(3.487797211217,-1.999794090512,3.5071775753)
  );
#8213 = CARTESIAN_POINT('',(3.487797211217,-2.253794090512,3.5071775753)
  );
#8214 = CARTESIAN_POINT('',(6.483019635917,-2.253794090512,
    6.994974786517));
#8215 = CARTESIAN_POINT('',(2.9952224247,-2.253794090512,9.990197211217)
  );
#8216 = CARTESIAN_POINT('',(-0.492574786517,-2.253794090512,
    12.985419635917));
#8217 = CARTESIAN_POINT('',(-3.487797211217,-2.253794090512,9.4976224247
    ));
#8218 = CARTESIAN_POINT('',(-6.483019635917,-2.253794090512,
    6.009825213483));
#8219 = CARTESIAN_POINT('',(-2.9952224247,-2.253794090512,3.014602788783
    ));
#8220 = CARTESIAN_POINT('',(0.492574786517,-2.253794090512,
    1.93803640828E-02));
#8221 = CARTESIAN_POINT('',(3.487797211217,-2.253794090512,3.5071775753)
  );
#8222 = ADVANCED_FACE('',(#8223),#8240,.T.);
#8223 = FACE_BOUND('',#8224,.T.);
#8224 = EDGE_LOOP('',(#8225,#8226,#8233,#8239));
#8225 = ORIENTED_EDGE('',*,*,#8134,.T.);
#8226 = ORIENTED_EDGE('',*,*,#8227,.F.);
#8227 = EDGE_CURVE('',#8228,#8127,#8230,.T.);
#8228 = VERTEX_POINT('',#8229);
#8229 = CARTESIAN_POINT('',(-4.141639246815,-1.825575900757,
    7.956429378763));
#8230 = B_SPLINE_CURVE_WITH_KNOTS('',1,(#8231,#8232),.UNSPECIFIED.,.F.,
  .F.,(2,2),(0.,0.34781680588),.PIECEWISE_BEZIER_KNOTS.);
#8231 = CARTESIAN_POINT('',(-4.141639246815,-1.825575900757,
    7.956429378763));
#8232 = CARTESIAN_POINT('',(-4.305729027937,-2.126794090512,
    8.014037332592));
#8233 = ORIENTED_EDGE('',*,*,#8234,.F.);
#8234 = EDGE_CURVE('',#7923,#8228,#8235,.T.);
#8235 = ( BOUNDED_CURVE() B_SPLINE_CURVE(2,(#8236,#8237,#8238),
.UNSPECIFIED.,.F.,.F.) B_SPLINE_CURVE_WITH_KNOTS((3,3),(0.,
1.632580232042),.PIECEWISE_BEZIER_KNOTS.) CURVE() 
GEOMETRIC_REPRESENTATION_ITEM() RATIONAL_B_SPLINE_CURVE((1.,
0.982758124269,1.)) REPRESENTATION_ITEM('') );
#8236 = CARTESIAN_POINT('',(-3.330046003265,-1.825575900757,
    9.362150111671));
#8237 = CARTESIAN_POINT('',(-3.868078574012,-1.825575900757,
    8.735636205952));
#8238 = CARTESIAN_POINT('',(-4.141639246815,-1.825575900757,
    7.956429378763));
#8239 = ORIENTED_EDGE('',*,*,#7922,.T.);
#8240 = ( BOUNDED_SURFACE() B_SPLINE_SURFACE(1,2,(
    (#8241,#8242,#8243,#8244,#8245,#8246,#8247,#8248,#8249)
    ,(#8250,#8251,#8252,#8253,#8254,#8255,#8256,#8257,#8258
)),.UNSPECIFIED.,.F.,.T.,.F.) B_SPLINE_SURFACE_WITH_KNOTS((2,2),(1,2,2,2
    ,2,2,1),(0.,10.071377964097),(-1.570796326795,0.,1.570796326795,
    3.14159265359,4.712388980385,6.28318530718,7.853981633974),
.UNSPECIFIED.) GEOMETRIC_REPRESENTATION_ITEM() RATIONAL_B_SPLINE_SURFACE
((
    (1.,0.707106781187,1.,0.707106781187,1.,0.707106781187,1.
      ,0.707106781187,1.)
    ,(1.,0.707106781187,1.,0.707106781187,1.,0.707106781187,1.
,0.707106781187,1.))) REPRESENTATION_ITEM('') SURFACE() );
#8241 = CARTESIAN_POINT('',(0.,5.777195387082,6.5024));
#8242 = CARTESIAN_POINT('',(0.,5.777195387082,6.5024));
#8243 = CARTESIAN_POINT('',(0.,5.777195387082,6.5024));
#8244 = CARTESIAN_POINT('',(0.,5.777195387082,6.5024));
#8245 = CARTESIAN_POINT('',(0.,5.777195387082,6.5024));
#8246 = CARTESIAN_POINT('',(0.,5.777195387082,6.5024));
#8247 = CARTESIAN_POINT('',(0.,5.777195387082,6.5024));
#8248 = CARTESIAN_POINT('',(0.,5.777195387082,6.5024));
#8249 = CARTESIAN_POINT('',(0.,5.777195387082,6.5024));
#8250 = CARTESIAN_POINT('',(3.820303212282,-2.944873780942,
    3.221630747194));
#8251 = CARTESIAN_POINT('',(7.101072465088,-2.944873780942,
    7.041933959476));
#8252 = CARTESIAN_POINT('',(3.280769252806,-2.944873780942,
    10.322703212282));
#8253 = CARTESIAN_POINT('',(-0.539533959476,-2.944873780942,
    13.603472465088));
#8254 = CARTESIAN_POINT('',(-3.820303212282,-2.944873780942,
    9.783169252806));
#8255 = CARTESIAN_POINT('',(-7.101072465088,-2.944873780942,
    5.962866040524));
#8256 = CARTESIAN_POINT('',(-3.280769252806,-2.944873780942,
    2.682096787718));
#8257 = CARTESIAN_POINT('',(0.539533959476,-2.944873780942,
    -0.598672465088));
#8258 = CARTESIAN_POINT('',(3.820303212282,-2.944873780942,
    3.221630747194));
#8259 = ADVANCED_FACE('',(#8260),#8278,.T.);
#8260 = FACE_BOUND('',#8261,.T.);
#8261 = EDGE_LOOP('',(#8262,#8263,#8264,#8272));
#8262 = ORIENTED_EDGE('',*,*,#7929,.T.);
#8263 = ORIENTED_EDGE('',*,*,#8234,.T.);
#8264 = ORIENTED_EDGE('',*,*,#8265,.T.);
#8265 = EDGE_CURVE('',#8228,#8266,#8268,.T.);
#8266 = VERTEX_POINT('',#8267);
#8267 = CARTESIAN_POINT('',(-4.074211843178,-1.558875900757,
    7.932757248001));
#8268 = ( BOUNDED_CURVE() B_SPLINE_CURVE(2,(#8269,#8270,#8271),
.UNSPECIFIED.,.F.,.F.) B_SPLINE_CURVE_WITH_KNOTS((3,3),(-0.279287586904,
0.),.PIECEWISE_BEZIER_KNOTS.) CURVE() GEOMETRIC_REPRESENTATION_ITEM() 
RATIONAL_B_SPLINE_CURVE((1.,0.96592582629,1.)) REPRESENTATION_ITEM('') 
  );
#8269 = CARTESIAN_POINT('',(-4.141639246815,-1.825575900757,
    7.956429378763));
#8270 = CARTESIAN_POINT('',(-4.074211843178,-1.7018,7.932757248));
#8271 = CARTESIAN_POINT('',(-4.074211843178,-1.558875900757,
    7.932757248001));
#8272 = ORIENTED_EDGE('',*,*,#8273,.T.);
#8273 = EDGE_CURVE('',#8266,#7930,#8274,.T.);
#8274 = ( BOUNDED_CURVE() B_SPLINE_CURVE(2,(#8275,#8276,#8277),
.UNSPECIFIED.,.F.,.F.) B_SPLINE_CURVE_WITH_KNOTS((3,3),(-1.606001228001,
0.),.PIECEWISE_BEZIER_KNOTS.) CURVE() GEOMETRIC_REPRESENTATION_ITEM() 
RATIONAL_B_SPLINE_CURVE((1.,0.982758124269,1.)) REPRESENTATION_ITEM('') 
  );
#8275 = CARTESIAN_POINT('',(-4.074211843178,-1.558875900757,
    7.932757248001));
#8276 = CARTESIAN_POINT('',(-3.805104838308,-1.558875900757,
    8.699278302692));
#8277 = CARTESIAN_POINT('',(-3.275831634845,-1.558875900757,
    9.315592332591));
#8278 = ( BOUNDED_SURFACE() B_SPLINE_SURFACE(2,2,(
    (#8279,#8280,#8281,#8282,#8283,#8284,#8285,#8286,#8287)
    ,(#8288,#8289,#8290,#8291,#8292,#8293,#8294,#8295,#8296)
    ,(#8297,#8298,#8299,#8300,#8301,#8302,#8303,#8304,#8305)
    ,(#8306,#8307,#8308,#8309,#8310,#8311,#8312,#8313,#8314)
    ,(#8315,#8316,#8317,#8318,#8319,#8320,#8321,#8322,#8323)
    ,(#8324,#8325,#8326,#8327,#8328,#8329,#8330,#8331,#8332)
    ,(#8333,#8334,#8335,#8336,#8337,#8338,#8339,#8340,#8341)
    ,(#8342,#8343,#8344,#8345,#8346,#8347,#8348,#8349,#8350)
    ,(#8351,#8352,#8353,#8354,#8355,#8356,#8357,#8358,#8359
)),.UNSPECIFIED.,.T.,.T.,.F.) B_SPLINE_SURFACE_WITH_KNOTS((1,2,2,2,2,2,1
    ),(1,2,2,2,2,2,1),(-7.620561299813,0.,7.620561299813,15.241122599626
    ,22.861683899438,30.482245199251,38.102806499064),(-0.837862760712,
    0.,0.837862760712,1.675725521425,2.513588282137,3.35145104285,
4.189313803562),.UNSPECIFIED.) GEOMETRIC_REPRESENTATION_ITEM() 
RATIONAL_B_SPLINE_SURFACE((
    (1.,0.707106781187,1.,0.707106781187,1.,0.707106781187,1.
      ,0.707106781187,1.)
    ,(0.707106781187,0.5,0.707106781187,0.5,0.707106781187,0.5
      ,0.707106781187,0.5,0.707106781187)
    ,(1.,0.707106781187,1.,0.707106781187,1.,0.707106781187,1.
      ,0.707106781187,1.)
    ,(0.707106781187,0.5,0.707106781187,0.5,0.707106781187,0.5
      ,0.707106781187,0.5,0.707106781187)
    ,(1.,0.707106781187,1.,0.707106781187,1.,0.707106781187,1.
      ,0.707106781187,1.)
    ,(0.707106781187,0.5,0.707106781187,0.5,0.707106781187,0.5
      ,0.707106781187,0.5,0.707106781187)
    ,(1.,0.707106781187,1.,0.707106781187,1.,0.707106781187,1.
      ,0.707106781187,1.)
    ,(0.707106781187,0.5,0.707106781187,0.5,0.707106781187,0.5
      ,0.707106781187,0.5,0.707106781187)
    ,(1.,0.707106781187,1.,0.707106781187,1.,0.707106781187,1.
,0.707106781187,1.))) REPRESENTATION_ITEM('') SURFACE() );
#8279 = CARTESIAN_POINT('',(4.08515474463,-1.558875900757,2.994183679357
    ));
#8280 = CARTESIAN_POINT('',(4.08515474463,-2.092275900757,2.994183679357
    ));
#8281 = CARTESIAN_POINT('',(3.680493189737,-2.092275900757,
    3.341695673383));
#8282 = CARTESIAN_POINT('',(3.275831634845,-2.092275900757,
    3.689207667409));
#8283 = CARTESIAN_POINT('',(3.275831634845,-1.558875900757,
    3.689207667409));
#8284 = CARTESIAN_POINT('',(3.275831634845,-1.025475900757,
    3.689207667409));
#8285 = CARTESIAN_POINT('',(3.680493189737,-1.025475900757,
    3.341695673383));
#8286 = CARTESIAN_POINT('',(4.08515474463,-1.025475900757,2.994183679357
    ));
#8287 = CARTESIAN_POINT('',(4.08515474463,-1.558875900757,2.994183679357
    ));
#8288 = CARTESIAN_POINT('',(7.593371065273,-1.558875900757,
    7.079338423986));
#8289 = CARTESIAN_POINT('',(7.593371065273,-2.092275900757,
    7.079338423986));
#8290 = CARTESIAN_POINT('',(6.841197516355,-2.092275900757,7.02218886312
    ));
#8291 = CARTESIAN_POINT('',(6.089023967436,-2.092275900757,
    6.965039302253));
#8292 = CARTESIAN_POINT('',(6.089023967436,-1.558875900757,
    6.965039302253));
#8293 = CARTESIAN_POINT('',(6.089023967436,-1.025475900757,
    6.965039302253));
#8294 = CARTESIAN_POINT('',(6.841197516355,-1.025475900757,7.02218886312
    ));
#8295 = CARTESIAN_POINT('',(7.593371065273,-1.025475900757,
    7.079338423986));
#8296 = CARTESIAN_POINT('',(7.593371065273,-1.558875900757,
    7.079338423986));
#8297 = CARTESIAN_POINT('',(3.508216320643,-1.558875900757,
    10.58755474463));
#8298 = CARTESIAN_POINT('',(3.508216320643,-2.092275900757,
    10.58755474463));
#8299 = CARTESIAN_POINT('',(3.160704326617,-2.092275900757,
    10.182893189737));
#8300 = CARTESIAN_POINT('',(2.813192332591,-2.092275900757,
    9.778231634845));
#8301 = CARTESIAN_POINT('',(2.813192332591,-1.558875900757,
    9.778231634845));
#8302 = CARTESIAN_POINT('',(2.813192332591,-1.025475900757,
    9.778231634845));
#8303 = CARTESIAN_POINT('',(3.160704326617,-1.025475900757,
    10.182893189737));
#8304 = CARTESIAN_POINT('',(3.508216320643,-1.025475900757,
    10.58755474463));
#8305 = CARTESIAN_POINT('',(3.508216320643,-1.558875900757,
    10.58755474463));
#8306 = CARTESIAN_POINT('',(-0.576938423986,-1.558875900757,
    14.095771065273));
#8307 = CARTESIAN_POINT('',(-0.576938423986,-2.092275900757,
    14.095771065273));
#8308 = CARTESIAN_POINT('',(-0.51978886312,-2.092275900757,
    13.343597516355));
#8309 = CARTESIAN_POINT('',(-0.462639302253,-2.092275900757,
    12.591423967436));
#8310 = CARTESIAN_POINT('',(-0.462639302253,-1.558875900757,
    12.591423967436));
#8311 = CARTESIAN_POINT('',(-0.462639302253,-1.025475900757,
    12.591423967436));
#8312 = CARTESIAN_POINT('',(-0.51978886312,-1.025475900757,
    13.343597516355));
#8313 = CARTESIAN_POINT('',(-0.576938423986,-1.025475900757,
    14.095771065273));
#8314 = CARTESIAN_POINT('',(-0.576938423986,-1.558875900757,
    14.095771065273));
#8315 = CARTESIAN_POINT('',(-4.08515474463,-1.558875900757,
    10.010616320643));
#8316 = CARTESIAN_POINT('',(-4.08515474463,-2.092275900757,
    10.010616320643));
#8317 = CARTESIAN_POINT('',(-3.680493189737,-2.092275900757,
    9.663104326617));
#8318 = CARTESIAN_POINT('',(-3.275831634845,-2.092275900757,
    9.315592332591));
#8319 = CARTESIAN_POINT('',(-3.275831634845,-1.558875900757,
    9.315592332591));
#8320 = CARTESIAN_POINT('',(-3.275831634845,-1.025475900757,
    9.315592332591));
#8321 = CARTESIAN_POINT('',(-3.680493189737,-1.025475900757,
    9.663104326617));
#8322 = CARTESIAN_POINT('',(-4.08515474463,-1.025475900757,
    10.010616320643));
#8323 = CARTESIAN_POINT('',(-4.08515474463,-1.558875900757,
    10.010616320643));
#8324 = CARTESIAN_POINT('',(-7.593371065273,-1.558875900757,
    5.925461576014));
#8325 = CARTESIAN_POINT('',(-7.593371065273,-2.092275900757,
    5.925461576014));
#8326 = CARTESIAN_POINT('',(-6.841197516355,-2.092275900757,
    5.98261113688));
#8327 = CARTESIAN_POINT('',(-6.089023967436,-2.092275900757,
    6.039760697747));
#8328 = CARTESIAN_POINT('',(-6.089023967436,-1.558875900757,
    6.039760697747));
#8329 = CARTESIAN_POINT('',(-6.089023967436,-1.025475900757,
    6.039760697747));
#8330 = CARTESIAN_POINT('',(-6.841197516355,-1.025475900757,
    5.98261113688));
#8331 = CARTESIAN_POINT('',(-7.593371065273,-1.025475900757,
    5.925461576014));
#8332 = CARTESIAN_POINT('',(-7.593371065273,-1.558875900757,
    5.925461576014));
#8333 = CARTESIAN_POINT('',(-3.508216320643,-1.558875900757,
    2.41724525537));
#8334 = CARTESIAN_POINT('',(-3.508216320643,-2.092275900757,
    2.41724525537));
#8335 = CARTESIAN_POINT('',(-3.160704326617,-2.092275900757,
    2.821906810263));
#8336 = CARTESIAN_POINT('',(-2.813192332591,-2.092275900757,
    3.226568365155));
#8337 = CARTESIAN_POINT('',(-2.813192332591,-1.558875900757,
    3.226568365155));
#8338 = CARTESIAN_POINT('',(-2.813192332591,-1.025475900757,
    3.226568365155));
#8339 = CARTESIAN_POINT('',(-3.160704326617,-1.025475900757,
    2.821906810263));
#8340 = CARTESIAN_POINT('',(-3.508216320643,-1.025475900757,
    2.41724525537));
#8341 = CARTESIAN_POINT('',(-3.508216320643,-1.558875900757,
    2.41724525537));
#8342 = CARTESIAN_POINT('',(0.576938423986,-1.558875900757,
    -1.090971065273));
#8343 = CARTESIAN_POINT('',(0.576938423986,-2.092275900757,
    -1.090971065273));
#8344 = CARTESIAN_POINT('',(0.51978886312,-2.092275900757,
    -0.338797516355));
#8345 = CARTESIAN_POINT('',(0.462639302253,-2.092275900757,
    0.413376032564));
#8346 = CARTESIAN_POINT('',(0.462639302253,-1.558875900757,
    0.413376032564));
#8347 = CARTESIAN_POINT('',(0.462639302253,-1.025475900757,
    0.413376032564));
#8348 = CARTESIAN_POINT('',(0.51978886312,-1.025475900757,
    -0.338797516355));
#8349 = CARTESIAN_POINT('',(0.576938423986,-1.025475900757,
    -1.090971065273));
#8350 = CARTESIAN_POINT('',(0.576938423986,-1.558875900757,
    -1.090971065273));
#8351 = CARTESIAN_POINT('',(4.08515474463,-1.558875900757,2.994183679357
    ));
#8352 = CARTESIAN_POINT('',(4.08515474463,-2.092275900757,2.994183679357
    ));
#8353 = CARTESIAN_POINT('',(3.680493189737,-2.092275900757,
    3.341695673383));
#8354 = CARTESIAN_POINT('',(3.275831634845,-2.092275900757,
    3.689207667409));
#8355 = CARTESIAN_POINT('',(3.275831634845,-1.558875900757,
    3.689207667409));
#8356 = CARTESIAN_POINT('',(3.275831634845,-1.025475900757,
    3.689207667409));
#8357 = CARTESIAN_POINT('',(3.680493189737,-1.025475900757,
    3.341695673383));
#8358 = CARTESIAN_POINT('',(4.08515474463,-1.025475900757,2.994183679357
    ));
#8359 = CARTESIAN_POINT('',(4.08515474463,-1.558875900757,2.994183679357
    ));
#8360 = ADVANCED_FACE('',(#8361),#8378,.F.);
#8361 = FACE_BOUND('',#8362,.F.);
#8362 = EDGE_LOOP('',(#8363,#8364,#8372,#8377));
#8363 = ORIENTED_EDGE('',*,*,#7937,.F.);
#8364 = ORIENTED_EDGE('',*,*,#8365,.T.);
#8365 = EDGE_CURVE('',#7938,#8366,#8368,.T.);
#8366 = VERTEX_POINT('',#8367);
#8367 = CARTESIAN_POINT('',(-4.074211843178,-0.9652,7.932757248001));
#8368 = ( BOUNDED_CURVE() B_SPLINE_CURVE(2,(#8369,#8370,#8371),
.UNSPECIFIED.,.F.,.F.) B_SPLINE_CURVE_WITH_KNOTS((3,3),(0.,
1.606001228001),.PIECEWISE_BEZIER_KNOTS.) CURVE() 
GEOMETRIC_REPRESENTATION_ITEM() RATIONAL_B_SPLINE_CURVE((1.,
0.982758124269,1.)) REPRESENTATION_ITEM('') );
#8369 = CARTESIAN_POINT('',(-3.275831634845,-0.9652,9.315592332591));
#8370 = CARTESIAN_POINT('',(-3.805104838308,-0.9652,8.699278302692));
#8371 = CARTESIAN_POINT('',(-4.074211843178,-0.9652,7.932757248001));
#8372 = ORIENTED_EDGE('',*,*,#8373,.T.);
#8373 = EDGE_CURVE('',#8366,#8266,#8374,.T.);
#8374 = B_SPLINE_CURVE_WITH_KNOTS('',1,(#8375,#8376),.UNSPECIFIED.,.F.,
  .F.,(2,2),(0.,0.593675900757),.PIECEWISE_BEZIER_KNOTS.);
#8375 = CARTESIAN_POINT('',(-4.074211843178,-0.9652,7.932757248001));
#8376 = CARTESIAN_POINT('',(-4.074211843178,-1.558875900757,
    7.932757248001));
#8377 = ORIENTED_EDGE('',*,*,#8273,.T.);
#8378 = CYLINDRICAL_SURFACE('',#8379,4.318);
#8379 = AXIS2_PLACEMENT_3D('',#8380,#8381,#8382);
#8380 = CARTESIAN_POINT('',(4.428129046788E-16,-1.262037950378,6.5024));
#8381 = DIRECTION('',(0.,-1.,0.));
#8382 = DIRECTION('',(0.,-0.,-1.));
#8383 = ADVANCED_FACE('',(#8384),#8401,.T.);
#8384 = FACE_BOUND('',#8385,.T.);
#8385 = EDGE_LOOP('',(#8386,#8387,#8394,#8400));
#8386 = ORIENTED_EDGE('',*,*,#8365,.T.);
#8387 = ORIENTED_EDGE('',*,*,#8388,.F.);
#8388 = EDGE_CURVE('',#8389,#8366,#8391,.T.);
#8389 = VERTEX_POINT('',#8390);
#8390 = CARTESIAN_POINT('',(-4.337837315384,-0.9652,8.025309775812));
#8391 = B_SPLINE_CURVE_WITH_KNOTS('',1,(#8392,#8393),.UNSPECIFIED.,.F.,
  .F.,(2,2),(-0.2794,0.),.PIECEWISE_BEZIER_KNOTS.);
#8392 = CARTESIAN_POINT('',(-4.337837315384,-0.9652,8.025309775812));
#8393 = CARTESIAN_POINT('',(-4.074211843178,-0.9652,7.932757248001));
#8394 = ORIENTED_EDGE('',*,*,#8395,.F.);
#8395 = EDGE_CURVE('',#7945,#8389,#8396,.T.);
#8396 = ( BOUNDED_CURVE() B_SPLINE_CURVE(2,(#8397,#8398,#8399),
.UNSPECIFIED.,.F.,.F.) B_SPLINE_CURVE_WITH_KNOTS((3,3),(-1.70991895452,
0.),.PIECEWISE_BEZIER_KNOTS.) CURVE() GEOMETRIC_REPRESENTATION_ITEM() 
RATIONAL_B_SPLINE_CURVE((1.,0.982758124269,1.)) REPRESENTATION_ITEM('') 
  );
#8397 = CARTESIAN_POINT('',(-3.487797211217,-0.9652,9.4976224247));
#8398 = CARTESIAN_POINT('',(-4.051317504317,-0.9652,8.841429251689));
#8399 = CARTESIAN_POINT('',(-4.337837315384,-0.9652,8.025309775812));
#8400 = ORIENTED_EDGE('',*,*,#7944,.T.);
#8401 = PLANE('',#8402);
#8402 = AXIS2_PLACEMENT_3D('',#8403,#8404,#8405);
#8403 = CARTESIAN_POINT('',(-5.432226448733,-0.9652,8.568769695259));
#8404 = DIRECTION('',(0.,1.,0.));
#8405 = DIRECTION('',(0.,-0.,1.));
#8406 = ADVANCED_FACE('',(#8407),#8424,.T.);
#8407 = FACE_BOUND('',#8408,.T.);
#8408 = EDGE_LOOP('',(#8409,#8410,#8411,#8418));
#8409 = ORIENTED_EDGE('',*,*,#7951,.T.);
#8410 = ORIENTED_EDGE('',*,*,#8395,.T.);
#8411 = ORIENTED_EDGE('',*,*,#8412,.T.);
#8412 = EDGE_CURVE('',#8389,#8413,#8415,.T.);
#8413 = VERTEX_POINT('',#8414);
#8414 = CARTESIAN_POINT('',(-4.337837315384,-1.558875900757,
    8.025309775812));
#8415 = B_SPLINE_CURVE_WITH_KNOTS('',1,(#8416,#8417),.UNSPECIFIED.,.F.,
  .F.,(2,2),(-0.593675900757,0.),.PIECEWISE_BEZIER_KNOTS.);
#8416 = CARTESIAN_POINT('',(-4.337837315384,-0.9652,8.025309775812));
#8417 = CARTESIAN_POINT('',(-4.337837315384,-1.558875900757,
    8.025309775812));
#8418 = ORIENTED_EDGE('',*,*,#8419,.T.);
#8419 = EDGE_CURVE('',#8413,#7952,#8420,.T.);
#8420 = ( BOUNDED_CURVE() B_SPLINE_CURVE(2,(#8421,#8422,#8423),
.UNSPECIFIED.,.F.,.F.) B_SPLINE_CURVE_WITH_KNOTS((3,3),(-1.70991895452,
0.),.PIECEWISE_BEZIER_KNOTS.) CURVE() GEOMETRIC_REPRESENTATION_ITEM() 
RATIONAL_B_SPLINE_CURVE((1.,0.982758124269,1.)) REPRESENTATION_ITEM('') 
  );
#8421 = CARTESIAN_POINT('',(-4.337837315384,-1.558875900757,
    8.025309775812));
#8422 = CARTESIAN_POINT('',(-4.051317504317,-1.558875900757,
    8.841429251689));
#8423 = CARTESIAN_POINT('',(-3.487797211217,-1.558875900757,9.4976224247
    ));
#8424 = CYLINDRICAL_SURFACE('',#8425,4.5974);
#8425 = AXIS2_PLACEMENT_3D('',#8426,#8427,#8428);
#8426 = CARTESIAN_POINT('',(4.428129046788E-16,-1.262037950378,6.5024));
#8427 = DIRECTION('',(0.,-1.,0.));
#8428 = DIRECTION('',(0.,-0.,-1.));
#8429 = ADVANCED_FACE('',(#8430),#8448,.T.);
#8430 = FACE_BOUND('',#8431,.T.);
#8431 = EDGE_LOOP('',(#8432,#8433,#8441,#8447));
#8432 = ORIENTED_EDGE('',*,*,#8419,.F.);
#8433 = ORIENTED_EDGE('',*,*,#8434,.F.);
#8434 = EDGE_CURVE('',#8435,#8413,#8437,.T.);
#8435 = VERTEX_POINT('',#8436);
#8436 = CARTESIAN_POINT('',(-4.36994560283,-1.685875900757,
    8.036582219033));
#8437 = ( BOUNDED_CURVE() B_SPLINE_CURVE(2,(#8438,#8439,#8440),
.UNSPECIFIED.,.F.,.F.) B_SPLINE_CURVE_WITH_KNOTS((3,3),(0.,
0.132994089002),.PIECEWISE_BEZIER_KNOTS.) CURVE() 
GEOMETRIC_REPRESENTATION_ITEM() RATIONAL_B_SPLINE_CURVE((1.,
0.965925826289,1.)) REPRESENTATION_ITEM('') );
#8438 = CARTESIAN_POINT('',(-4.36994560283,-1.685875900757,
    8.036582219033));
#8439 = CARTESIAN_POINT('',(-4.337837315384,-1.626934995635,
    8.025309775812));
#8440 = CARTESIAN_POINT('',(-4.337837315384,-1.558875900757,
    8.025309775812));
#8441 = ORIENTED_EDGE('',*,*,#8442,.F.);
#8442 = EDGE_CURVE('',#7959,#8435,#8443,.T.);
#8443 = ( BOUNDED_CURVE() B_SPLINE_CURVE(2,(#8444,#8445,#8446),
.UNSPECIFIED.,.F.,.F.) B_SPLINE_CURVE_WITH_KNOTS((3,3),(0.,1.72257562311
),.PIECEWISE_BEZIER_KNOTS.) CURVE() GEOMETRIC_REPRESENTATION_ITEM() 
RATIONAL_B_SPLINE_CURVE((1.,0.982758124269,1.)) REPRESENTATION_ITEM('') 
  );
#8444 = CARTESIAN_POINT('',(-3.513613577132,-1.685875900757,
    9.519792795691));
#8445 = CARTESIAN_POINT('',(-4.081304997509,-1.685875900757,
    8.858742538957));
#8446 = CARTESIAN_POINT('',(-4.36994560283,-1.685875900757,
    8.036582219033));
#8447 = ORIENTED_EDGE('',*,*,#7958,.T.);
#8448 = ( BOUNDED_SURFACE() B_SPLINE_SURFACE(2,2,(
    (#8449,#8450,#8451,#8452,#8453,#8454,#8455,#8456,#8457)
    ,(#8458,#8459,#8460,#8461,#8462,#8463,#8464,#8465,#8466)
    ,(#8467,#8468,#8469,#8470,#8471,#8472,#8473,#8474,#8475)
    ,(#8476,#8477,#8478,#8479,#8480,#8481,#8482,#8483,#8484)
    ,(#8485,#8486,#8487,#8488,#8489,#8490,#8491,#8492,#8493)
    ,(#8494,#8495,#8496,#8497,#8498,#8499,#8500,#8501,#8502)
    ,(#8503,#8504,#8505,#8506,#8507,#8508,#8509,#8510,#8511)
    ,(#8512,#8513,#8514,#8515,#8516,#8517,#8518,#8519,#8520)
    ,(#8521,#8522,#8523,#8524,#8525,#8526,#8527,#8528,#8529
)),.UNSPECIFIED.,.T.,.T.,.F.) B_SPLINE_SURFACE_WITH_KNOTS((1,2,2,2,2,2,1
    ),(1,2,2,2,2,2,1),(-0.398982267006,0.,0.398982267006,0.797964534012,
    1.196946801018,1.595929068024,1.99491133503),(-7.620561299813,0.,
    7.620561299813,15.241122599626,22.861683899438,30.482245199251,
38.102806499064),.UNSPECIFIED.) GEOMETRIC_REPRESENTATION_ITEM() 
RATIONAL_B_SPLINE_SURFACE((
    (1.,0.707106781187,1.,0.707106781187,1.,0.707106781187,1.
      ,0.707106781187,1.)
    ,(0.707106781187,0.5,0.707106781187,0.5,0.707106781187,0.5
      ,0.707106781187,0.5,0.707106781187)
    ,(1.,0.707106781187,1.,0.707106781187,1.,0.707106781187,1.
      ,0.707106781187,1.)
    ,(0.707106781187,0.5,0.707106781187,0.5,0.707106781187,0.5
      ,0.707106781187,0.5,0.707106781187)
    ,(1.,0.707106781187,1.,0.707106781187,1.,0.707106781187,1.
      ,0.707106781187,1.)
    ,(0.707106781187,0.5,0.707106781187,0.5,0.707106781187,0.5
      ,0.707106781187,0.5,0.707106781187)
    ,(1.,0.707106781187,1.,0.707106781187,1.,0.707106781187,1.
      ,0.707106781187,1.)
    ,(0.707106781187,0.5,0.707106781187,0.5,0.707106781187,0.5
      ,0.707106781187,0.5,0.707106781187)
    ,(1.,0.707106781187,1.,0.707106781187,1.,0.707106781187,1.
,0.707106781187,1.))) REPRESENTATION_ITEM('') SURFACE() );
#8449 = CARTESIAN_POINT('',(3.873189168257,-1.558875900757,
    3.176213771465));
#8450 = CARTESIAN_POINT('',(7.199375396792,-1.558875900757,
    7.049402939723));
#8451 = CARTESIAN_POINT('',(3.326186228535,-1.558875900757,
    10.375589168258));
#8452 = CARTESIAN_POINT('',(-0.547002939723,-1.558875900757,
    13.701775396792));
#8453 = CARTESIAN_POINT('',(-3.873189168257,-1.558875900757,
    9.828586228535));
#8454 = CARTESIAN_POINT('',(-7.199375396792,-1.558875900757,
    5.955397060277));
#8455 = CARTESIAN_POINT('',(-3.326186228535,-1.558875900757,
    2.629210831743));
#8456 = CARTESIAN_POINT('',(0.547002939723,-1.558875900757,
    -0.696975396792));
#8457 = CARTESIAN_POINT('',(3.873189168257,-1.558875900757,
    3.176213771465));
#8458 = CARTESIAN_POINT('',(3.873189168257,-1.812875900757,
    3.176213771465));
#8459 = CARTESIAN_POINT('',(7.199375396792,-1.812875900757,
    7.049402939723));
#8460 = CARTESIAN_POINT('',(3.326186228535,-1.812875900757,
    10.375589168258));
#8461 = CARTESIAN_POINT('',(-0.547002939723,-1.812875900757,
    13.701775396792));
#8462 = CARTESIAN_POINT('',(-3.873189168257,-1.812875900757,
    9.828586228535));
#8463 = CARTESIAN_POINT('',(-7.199375396792,-1.812875900757,
    5.955397060277));
#8464 = CARTESIAN_POINT('',(-3.326186228535,-1.812875900757,
    2.629210831743));
#8465 = CARTESIAN_POINT('',(0.547002939723,-1.812875900757,
    -0.696975396792));
#8466 = CARTESIAN_POINT('',(3.873189168257,-1.812875900757,
    3.176213771465));
#8467 = CARTESIAN_POINT('',(3.680493189737,-1.812875900757,
    3.341695673383));
#8468 = CARTESIAN_POINT('',(6.841197516355,-1.812875900757,7.02218886312
    ));
#8469 = CARTESIAN_POINT('',(3.160704326617,-1.812875900757,
    10.182893189737));
#8470 = CARTESIAN_POINT('',(-0.51978886312,-1.812875900757,
    13.343597516355));
#8471 = CARTESIAN_POINT('',(-3.680493189737,-1.812875900757,
    9.663104326617));
#8472 = CARTESIAN_POINT('',(-6.841197516355,-1.812875900757,
    5.98261113688));
#8473 = CARTESIAN_POINT('',(-3.160704326617,-1.812875900757,
    2.821906810263));
#8474 = CARTESIAN_POINT('',(0.51978886312,-1.812875900757,
    -0.338797516355));
#8475 = CARTESIAN_POINT('',(3.680493189737,-1.812875900757,
    3.341695673383));
#8476 = CARTESIAN_POINT('',(3.487797211217,-1.812875900757,3.5071775753)
  );
#8477 = CARTESIAN_POINT('',(6.483019635917,-1.812875900757,
    6.994974786517));
#8478 = CARTESIAN_POINT('',(2.9952224247,-1.812875900757,9.990197211217)
  );
#8479 = CARTESIAN_POINT('',(-0.492574786517,-1.812875900757,
    12.985419635917));
#8480 = CARTESIAN_POINT('',(-3.487797211217,-1.812875900757,9.4976224247
    ));
#8481 = CARTESIAN_POINT('',(-6.483019635917,-1.812875900757,
    6.009825213483));
#8482 = CARTESIAN_POINT('',(-2.9952224247,-1.812875900757,3.014602788783
    ));
#8483 = CARTESIAN_POINT('',(0.492574786517,-1.812875900757,
    1.938036408279E-02));
#8484 = CARTESIAN_POINT('',(3.487797211217,-1.812875900757,3.5071775753)
  );
#8485 = CARTESIAN_POINT('',(3.487797211217,-1.558875900757,3.5071775753)
  );
#8486 = CARTESIAN_POINT('',(6.483019635917,-1.558875900757,
    6.994974786517));
#8487 = CARTESIAN_POINT('',(2.9952224247,-1.558875900757,9.990197211217)
  );
#8488 = CARTESIAN_POINT('',(-0.492574786517,-1.558875900757,
    12.985419635917));
#8489 = CARTESIAN_POINT('',(-3.487797211217,-1.558875900757,9.4976224247
    ));
#8490 = CARTESIAN_POINT('',(-6.483019635917,-1.558875900757,
    6.009825213483));
#8491 = CARTESIAN_POINT('',(-2.9952224247,-1.558875900757,3.014602788783
    ));
#8492 = CARTESIAN_POINT('',(0.492574786517,-1.558875900757,
    1.93803640828E-02));
#8493 = CARTESIAN_POINT('',(3.487797211217,-1.558875900757,3.5071775753)
  );
#8494 = CARTESIAN_POINT('',(3.487797211217,-1.304875900757,3.5071775753)
  );
#8495 = CARTESIAN_POINT('',(6.483019635917,-1.304875900757,
    6.994974786517));
#8496 = CARTESIAN_POINT('',(2.9952224247,-1.304875900757,9.990197211217)
  );
#8497 = CARTESIAN_POINT('',(-0.492574786517,-1.304875900757,
    12.985419635917));
#8498 = CARTESIAN_POINT('',(-3.487797211217,-1.304875900757,9.4976224247
    ));
#8499 = CARTESIAN_POINT('',(-6.483019635917,-1.304875900757,
    6.009825213483));
#8500 = CARTESIAN_POINT('',(-2.9952224247,-1.304875900757,3.014602788783
    ));
#8501 = CARTESIAN_POINT('',(0.492574786517,-1.304875900757,
    1.938036408279E-02));
#8502 = CARTESIAN_POINT('',(3.487797211217,-1.304875900757,3.5071775753)
  );
#8503 = CARTESIAN_POINT('',(3.680493189737,-1.304875900757,
    3.341695673383));
#8504 = CARTESIAN_POINT('',(6.841197516355,-1.304875900757,7.02218886312
    ));
#8505 = CARTESIAN_POINT('',(3.160704326617,-1.304875900757,
    10.182893189737));
#8506 = CARTESIAN_POINT('',(-0.51978886312,-1.304875900757,
    13.343597516355));
#8507 = CARTESIAN_POINT('',(-3.680493189737,-1.304875900757,
    9.663104326617));
#8508 = CARTESIAN_POINT('',(-6.841197516355,-1.304875900757,
    5.98261113688));
#8509 = CARTESIAN_POINT('',(-3.160704326617,-1.304875900757,
    2.821906810263));
#8510 = CARTESIAN_POINT('',(0.51978886312,-1.304875900757,
    -0.338797516355));
#8511 = CARTESIAN_POINT('',(3.680493189737,-1.304875900757,
    3.341695673383));
#8512 = CARTESIAN_POINT('',(3.873189168257,-1.304875900757,
    3.176213771465));
#8513 = CARTESIAN_POINT('',(7.199375396792,-1.304875900757,
    7.049402939723));
#8514 = CARTESIAN_POINT('',(3.326186228535,-1.304875900757,
    10.375589168258));
#8515 = CARTESIAN_POINT('',(-0.547002939723,-1.304875900757,
    13.701775396792));
#8516 = CARTESIAN_POINT('',(-3.873189168257,-1.304875900757,
    9.828586228535));
#8517 = CARTESIAN_POINT('',(-7.199375396792,-1.304875900757,
    5.955397060277));
#8518 = CARTESIAN_POINT('',(-3.326186228535,-1.304875900757,
    2.629210831743));
#8519 = CARTESIAN_POINT('',(0.547002939723,-1.304875900757,
    -0.696975396792));
#8520 = CARTESIAN_POINT('',(3.873189168257,-1.304875900757,
    3.176213771465));
#8521 = CARTESIAN_POINT('',(3.873189168257,-1.558875900757,
    3.176213771465));
#8522 = CARTESIAN_POINT('',(7.199375396792,-1.558875900757,
    7.049402939723));
#8523 = CARTESIAN_POINT('',(3.326186228535,-1.558875900757,
    10.375589168258));
#8524 = CARTESIAN_POINT('',(-0.547002939723,-1.558875900757,
    13.701775396792));
#8525 = CARTESIAN_POINT('',(-3.873189168257,-1.558875900757,
    9.828586228535));
#8526 = CARTESIAN_POINT('',(-7.199375396792,-1.558875900757,
    5.955397060277));
#8527 = CARTESIAN_POINT('',(-3.326186228535,-1.558875900757,
    2.629210831743));
#8528 = CARTESIAN_POINT('',(0.547002939723,-1.558875900757,
    -0.696975396792));
#8529 = CARTESIAN_POINT('',(3.873189168257,-1.558875900757,
    3.176213771465));
#8530 = ADVANCED_FACE('',(#8531),#8548,.T.);
#8531 = FACE_BOUND('',#8532,.T.);
#8532 = EDGE_LOOP('',(#8533,#8534,#8535,#8542));
#8533 = ORIENTED_EDGE('',*,*,#7966,.T.);
#8534 = ORIENTED_EDGE('',*,*,#8442,.T.);
#8535 = ORIENTED_EDGE('',*,*,#8536,.T.);
#8536 = EDGE_CURVE('',#8435,#8537,#8539,.T.);
#8537 = VERTEX_POINT('',#8538);
#8538 = CARTESIAN_POINT('',(-4.534035383952,-1.987094090512,
    8.094190172862));
#8539 = B_SPLINE_CURVE_WITH_KNOTS('',1,(#8540,#8541),.UNSPECIFIED.,.F.,
  .F.,(2,2),(-0.34781680588,0.),.PIECEWISE_BEZIER_KNOTS.);
#8540 = CARTESIAN_POINT('',(-4.36994560283,-1.685875900757,
    8.036582219033));
#8541 = CARTESIAN_POINT('',(-4.534035383952,-1.987094090512,
    8.094190172862));
#8542 = ORIENTED_EDGE('',*,*,#8543,.T.);
#8543 = EDGE_CURVE('',#8537,#7967,#8544,.T.);
#8544 = ( BOUNDED_CURVE() B_SPLINE_CURVE(2,(#8545,#8546,#8547),
.UNSPECIFIED.,.F.,.F.) B_SPLINE_CURVE_WITH_KNOTS((3,3),(-1.787257676995,
0.),.PIECEWISE_BEZIER_KNOTS.) CURVE() GEOMETRIC_REPRESENTATION_ITEM() 
RATIONAL_B_SPLINE_CURVE((1.,0.982758124269,1.)) REPRESENTATION_ITEM('') 
  );
#8545 = CARTESIAN_POINT('',(-4.534035383952,-1.987094090512,
    8.094190172862));
#8546 = CARTESIAN_POINT('',(-4.234556434621,-1.987094090512,
    8.947222297427));
#8547 = CARTESIAN_POINT('',(-3.645548419169,-1.987094090512,
    9.633094737729));
#8548 = ( BOUNDED_SURFACE() B_SPLINE_SURFACE(2,1,(
    (#8549,#8550)
    ,(#8551,#8552)
    ,(#8553,#8554)
    ,(#8555,#8556)
    ,(#8557,#8558)
    ,(#8559,#8560)
    ,(#8561,#8562)
    ,(#8563,#8564)
    ,(#8565,#8566
)),.UNSPECIFIED.,.T.,.F.,.F.) B_SPLINE_SURFACE_WITH_KNOTS((1,2,2,2,2,2,1
    ),(2,2),(-1.570796326795,0.,1.570796326795,3.14159265359,
    4.712388980385,6.28318530718,7.853981633974),(0.,10.603706459297),
.UNSPECIFIED.) GEOMETRIC_REPRESENTATION_ITEM() RATIONAL_B_SPLINE_SURFACE
((
    (1.,1.)
    ,(0.707106781187,0.707106781187)
    ,(1.,1.)
    ,(0.707106781187,0.707106781187)
    ,(1.,1.)
    ,(0.707106781187,0.707106781187)
    ,(1.,1.)
    ,(0.707106781187,0.707106781187)
,(1.,1.))) REPRESENTATION_ITEM('') SURFACE() );
#8549 = CARTESIAN_POINT('',(0.,6.335995387083,6.5024));
#8550 = CARTESIAN_POINT('',(4.022227543535,-2.847083780942,
    3.048223794773));
#8551 = CARTESIAN_POINT('',(0.,6.335995387083,6.5024));
#8552 = CARTESIAN_POINT('',(7.476403748763,-2.847083780942,
    7.070451338308));
#8553 = CARTESIAN_POINT('',(0.,6.335995387083,6.5024));
#8554 = CARTESIAN_POINT('',(3.454176205227,-2.847083780942,
    10.524627543535));
#8555 = CARTESIAN_POINT('',(0.,6.335995387083,6.5024));
#8556 = CARTESIAN_POINT('',(-0.568051338308,-2.847083780942,
    13.978803748763));
#8557 = CARTESIAN_POINT('',(0.,6.335995387083,6.5024));
#8558 = CARTESIAN_POINT('',(-4.022227543535,-2.847083780942,
    9.956576205227));
#8559 = CARTESIAN_POINT('',(0.,6.335995387083,6.5024));
#8560 = CARTESIAN_POINT('',(-7.476403748763,-2.847083780942,
    5.934348661692));
#8561 = CARTESIAN_POINT('',(0.,6.335995387083,6.5024));
#8562 = CARTESIAN_POINT('',(-3.454176205227,-2.847083780942,
    2.480172456465));
#8563 = CARTESIAN_POINT('',(0.,6.335995387083,6.5024));
#8564 = CARTESIAN_POINT('',(0.568051338308,-2.847083780942,
    -0.974003748763));
#8565 = CARTESIAN_POINT('',(0.,6.335995387083,6.5024));
#8566 = CARTESIAN_POINT('',(4.022227543535,-2.847083780942,
    3.048223794773));
#8567 = ADVANCED_FACE('',(#8568),#8586,.T.);
#8568 = FACE_BOUND('',#8569,.T.);
#8569 = EDGE_LOOP('',(#8570,#8571,#8572,#8580));
#8570 = ORIENTED_EDGE('',*,*,#7973,.T.);
#8571 = ORIENTED_EDGE('',*,*,#8543,.F.);
#8572 = ORIENTED_EDGE('',*,*,#8573,.T.);
#8573 = EDGE_CURVE('',#8537,#8574,#8576,.T.);
#8574 = VERTEX_POINT('',#8575);
#8575 = CARTESIAN_POINT('',(-4.601462787589,-2.253794090512,
    8.117862303624));
#8576 = ( BOUNDED_CURVE() B_SPLINE_CURVE(2,(#8577,#8578,#8579),
.UNSPECIFIED.,.F.,.F.) B_SPLINE_CURVE_WITH_KNOTS((3,3),(-0.279287586904,
0.),.PIECEWISE_BEZIER_KNOTS.) CURVE() GEOMETRIC_REPRESENTATION_ITEM() 
RATIONAL_B_SPLINE_CURVE((1.,0.965925826288,1.)) REPRESENTATION_ITEM('') 
  );
#8577 = CARTESIAN_POINT('',(-4.534035383952,-1.987094090512,
    8.094190172862));
#8578 = CARTESIAN_POINT('',(-4.60146278759,-2.110869991269,
    8.117862303624));
#8579 = CARTESIAN_POINT('',(-4.601462787589,-2.253794090512,
    8.117862303624));
#8580 = ORIENTED_EDGE('',*,*,#8581,.F.);
#8581 = EDGE_CURVE('',#7974,#8574,#8582,.T.);
#8582 = ( BOUNDED_CURVE() B_SPLINE_CURVE(2,(#8583,#8584,#8585),
.UNSPECIFIED.,.F.,.F.) B_SPLINE_CURVE_WITH_KNOTS((3,3),(13.645193531602,
15.260641825651),.PIECEWISE_BEZIER_KNOTS.) CURVE() 
GEOMETRIC_REPRESENTATION_ITEM() RATIONAL_B_SPLINE_CURVE((1.,
0.982758124269,1.)) REPRESENTATION_ITEM('') );
#8583 = CARTESIAN_POINT('',(-3.699762787589,-2.253794090512,
    9.679652516809));
#8584 = CARTESIAN_POINT('',(-4.297530170325,-2.253794090512,
    8.983580200687));
#8585 = CARTESIAN_POINT('',(-4.601462787589,-2.253794090512,
    8.117862303624));
#8586 = ( BOUNDED_SURFACE() B_SPLINE_SURFACE(2,2,(
    (#8587,#8588,#8589,#8590,#8591,#8592,#8593,#8594,#8595)
    ,(#8596,#8597,#8598,#8599,#8600,#8601,#8602,#8603,#8604)
    ,(#8605,#8606,#8607,#8608,#8609,#8610,#8611,#8612,#8613)
    ,(#8614,#8615,#8616,#8617,#8618,#8619,#8620,#8621,#8622)
    ,(#8623,#8624,#8625,#8626,#8627,#8628,#8629,#8630,#8631)
    ,(#8632,#8633,#8634,#8635,#8636,#8637,#8638,#8639,#8640)
    ,(#8641,#8642,#8643,#8644,#8645,#8646,#8647,#8648,#8649)
    ,(#8650,#8651,#8652,#8653,#8654,#8655,#8656,#8657,#8658)
    ,(#8659,#8660,#8661,#8662,#8663,#8664,#8665,#8666,#8667
)),.UNSPECIFIED.,.T.,.T.,.F.) B_SPLINE_SURFACE_WITH_KNOTS((1,2,2,2,2,2,1
    ),(1,2,2,2,2,2,1),(-6.822596765801,0.,6.822596765801,13.645193531602
    ,20.467790297403,27.290387063204,34.112983829005),(-0.837862760712,
    0.,0.837862760712,1.675725521425,2.513588282137,3.35145104285,
4.189313803562),.UNSPECIFIED.) GEOMETRIC_REPRESENTATION_ITEM() 
RATIONAL_B_SPLINE_SURFACE((
    (1.,0.707106781187,1.,0.707106781187,1.,0.707106781187,1.
      ,0.707106781187,1.)
    ,(0.707106781187,0.5,0.707106781187,0.5,0.707106781187,0.5
      ,0.707106781187,0.5,0.707106781187)
    ,(1.,0.707106781187,1.,0.707106781187,1.,0.707106781187,1.
      ,0.707106781187,1.)
    ,(0.707106781187,0.5,0.707106781187,0.5,0.707106781187,0.5
      ,0.707106781187,0.5,0.707106781187)
    ,(1.,0.707106781187,1.,0.707106781187,1.,0.707106781187,1.
      ,0.707106781187,1.)
    ,(0.707106781187,0.5,0.707106781187,0.5,0.707106781187,0.5
      ,0.707106781187,0.5,0.707106781187)
    ,(1.,0.707106781187,1.,0.707106781187,1.,0.707106781187,1.
      ,0.707106781187,1.)
    ,(0.707106781187,0.5,0.707106781187,0.5,0.707106781187,0.5
      ,0.707106781187,0.5,0.707106781187)
    ,(1.,0.707106781187,1.,0.707106781187,1.,0.707106781187,1.
,0.707106781187,1.))) REPRESENTATION_ITEM('') SURFACE() );
#8587 = CARTESIAN_POINT('',(3.699762787589,-2.253794090512,
    3.325147483191));
#8588 = CARTESIAN_POINT('',(3.699762787589,-2.787194090512,
    3.325147483191));
#8589 = CARTESIAN_POINT('',(3.295101232697,-2.787194090512,
    3.672659477217));
#8590 = CARTESIAN_POINT('',(2.890439677804,-2.787194090512,
    4.020171471243));
#8591 = CARTESIAN_POINT('',(2.890439677804,-2.253794090512,
    4.020171471243));
#8592 = CARTESIAN_POINT('',(2.890439677804,-1.720394090512,
    4.020171471243));
#8593 = CARTESIAN_POINT('',(3.295101232697,-1.720394090512,
    3.672659477217));
#8594 = CARTESIAN_POINT('',(3.699762787589,-1.720394090512,
    3.325147483191));
#8595 = CARTESIAN_POINT('',(3.699762787589,-2.253794090512,
    3.325147483191));
#8596 = CARTESIAN_POINT('',(6.877015304398,-2.253794090512,7.02491027078
    ));
#8597 = CARTESIAN_POINT('',(6.877015304398,-2.787194090512,7.02491027078
    ));
#8598 = CARTESIAN_POINT('',(6.12484175548,-2.787194090512,6.967760709914
    ));
#8599 = CARTESIAN_POINT('',(5.372668206561,-2.787194090512,
    6.910611149047));
#8600 = CARTESIAN_POINT('',(5.372668206561,-2.253794090512,
    6.910611149047));
#8601 = CARTESIAN_POINT('',(5.372668206561,-1.720394090512,
    6.910611149047));
#8602 = CARTESIAN_POINT('',(6.12484175548,-1.720394090512,6.967760709914
    ));
#8603 = CARTESIAN_POINT('',(6.877015304398,-1.720394090512,7.02491027078
    ));
#8604 = CARTESIAN_POINT('',(6.877015304398,-2.253794090512,7.02491027078
    ));
#8605 = CARTESIAN_POINT('',(3.177252516809,-2.253794090512,
    10.202162787589));
#8606 = CARTESIAN_POINT('',(3.177252516809,-2.787194090512,
    10.202162787589));
#8607 = CARTESIAN_POINT('',(2.829740522783,-2.787194090512,
    9.797501232697));
#8608 = CARTESIAN_POINT('',(2.482228528757,-2.787194090512,
    9.392839677804));
#8609 = CARTESIAN_POINT('',(2.482228528757,-2.253794090512,
    9.392839677804));
#8610 = CARTESIAN_POINT('',(2.482228528757,-1.720394090512,
    9.392839677804));
#8611 = CARTESIAN_POINT('',(2.829740522783,-1.720394090512,
    9.797501232697));
#8612 = CARTESIAN_POINT('',(3.177252516809,-1.720394090512,
    10.202162787589));
#8613 = CARTESIAN_POINT('',(3.177252516809,-2.253794090512,
    10.202162787589));
#8614 = CARTESIAN_POINT('',(-0.52251027078,-2.253794090512,
    13.379415304398));
#8615 = CARTESIAN_POINT('',(-0.52251027078,-2.787194090512,
    13.379415304398));
#8616 = CARTESIAN_POINT('',(-0.465360709914,-2.787194090512,
    12.62724175548));
#8617 = CARTESIAN_POINT('',(-0.408211149047,-2.787194090512,
    11.875068206561));
#8618 = CARTESIAN_POINT('',(-0.408211149047,-2.253794090512,
    11.875068206561));
#8619 = CARTESIAN_POINT('',(-0.408211149047,-1.720394090512,
    11.875068206561));
#8620 = CARTESIAN_POINT('',(-0.465360709914,-1.720394090512,
    12.62724175548));
#8621 = CARTESIAN_POINT('',(-0.52251027078,-1.720394090512,
    13.379415304398));
#8622 = CARTESIAN_POINT('',(-0.52251027078,-2.253794090512,
    13.379415304398));
#8623 = CARTESIAN_POINT('',(-3.699762787589,-2.253794090512,
    9.679652516809));
#8624 = CARTESIAN_POINT('',(-3.699762787589,-2.787194090512,
    9.679652516809));
#8625 = CARTESIAN_POINT('',(-3.295101232697,-2.787194090512,
    9.332140522783));
#8626 = CARTESIAN_POINT('',(-2.890439677804,-2.787194090512,
    8.984628528757));
#8627 = CARTESIAN_POINT('',(-2.890439677804,-2.253794090512,
    8.984628528757));
#8628 = CARTESIAN_POINT('',(-2.890439677804,-1.720394090512,
    8.984628528757));
#8629 = CARTESIAN_POINT('',(-3.295101232697,-1.720394090512,
    9.332140522783));
#8630 = CARTESIAN_POINT('',(-3.699762787589,-1.720394090512,
    9.679652516809));
#8631 = CARTESIAN_POINT('',(-3.699762787589,-2.253794090512,
    9.679652516809));
#8632 = CARTESIAN_POINT('',(-6.877015304398,-2.253794090512,
    5.97988972922));
#8633 = CARTESIAN_POINT('',(-6.877015304398,-2.787194090512,
    5.97988972922));
#8634 = CARTESIAN_POINT('',(-6.12484175548,-2.787194090512,
    6.037039290086));
#8635 = CARTESIAN_POINT('',(-5.372668206561,-2.787194090512,
    6.094188850953));
#8636 = CARTESIAN_POINT('',(-5.372668206561,-2.253794090512,
    6.094188850953));
#8637 = CARTESIAN_POINT('',(-5.372668206561,-1.720394090512,
    6.094188850953));
#8638 = CARTESIAN_POINT('',(-6.12484175548,-1.720394090512,
    6.037039290086));
#8639 = CARTESIAN_POINT('',(-6.877015304398,-1.720394090512,
    5.97988972922));
#8640 = CARTESIAN_POINT('',(-6.877015304398,-2.253794090512,
    5.97988972922));
#8641 = CARTESIAN_POINT('',(-3.177252516809,-2.253794090512,
    2.802637212411));
#8642 = CARTESIAN_POINT('',(-3.177252516809,-2.787194090512,
    2.802637212411));
#8643 = CARTESIAN_POINT('',(-2.829740522783,-2.787194090512,
    3.207298767303));
#8644 = CARTESIAN_POINT('',(-2.482228528757,-2.787194090512,
    3.611960322196));
#8645 = CARTESIAN_POINT('',(-2.482228528757,-2.253794090512,
    3.611960322196));
#8646 = CARTESIAN_POINT('',(-2.482228528757,-1.720394090512,
    3.611960322196));
#8647 = CARTESIAN_POINT('',(-2.829740522783,-1.720394090512,
    3.207298767303));
#8648 = CARTESIAN_POINT('',(-3.177252516809,-1.720394090512,
    2.802637212411));
#8649 = CARTESIAN_POINT('',(-3.177252516809,-2.253794090512,
    2.802637212411));
#8650 = CARTESIAN_POINT('',(0.52251027078,-2.253794090512,
    -0.374615304398));
#8651 = CARTESIAN_POINT('',(0.52251027078,-2.787194090512,
    -0.374615304398));
#8652 = CARTESIAN_POINT('',(0.465360709914,-2.787194090512,0.37755824452
    ));
#8653 = CARTESIAN_POINT('',(0.408211149047,-2.787194090512,
    1.129731793439));
#8654 = CARTESIAN_POINT('',(0.408211149047,-2.253794090512,
    1.129731793439));
#8655 = CARTESIAN_POINT('',(0.408211149047,-1.720394090512,
    1.129731793439));
#8656 = CARTESIAN_POINT('',(0.465360709914,-1.720394090512,0.37755824452
    ));
#8657 = CARTESIAN_POINT('',(0.52251027078,-1.720394090512,
    -0.374615304398));
#8658 = CARTESIAN_POINT('',(0.52251027078,-2.253794090512,
    -0.374615304398));
#8659 = CARTESIAN_POINT('',(3.699762787589,-2.253794090512,
    3.325147483191));
#8660 = CARTESIAN_POINT('',(3.699762787589,-2.787194090512,
    3.325147483191));
#8661 = CARTESIAN_POINT('',(3.295101232697,-2.787194090512,
    3.672659477217));
#8662 = CARTESIAN_POINT('',(2.890439677804,-2.787194090512,
    4.020171471243));
#8663 = CARTESIAN_POINT('',(2.890439677804,-2.253794090512,
    4.020171471243));
#8664 = CARTESIAN_POINT('',(2.890439677804,-1.720394090512,
    4.020171471243));
#8665 = CARTESIAN_POINT('',(3.295101232697,-1.720394090512,
    3.672659477217));
#8666 = CARTESIAN_POINT('',(3.699762787589,-1.720394090512,
    3.325147483191));
#8667 = CARTESIAN_POINT('',(3.699762787589,-2.253794090512,
    3.325147483191));
#8668 = ADVANCED_FACE('',(#8669),#8679,.T.);
#8669 = FACE_BOUND('',#8670,.T.);
#8670 = EDGE_LOOP('',(#8671,#8672,#8673,#8678));
#8671 = ORIENTED_EDGE('',*,*,#7981,.T.);
#8672 = ORIENTED_EDGE('',*,*,#8581,.T.);
#8673 = ORIENTED_EDGE('',*,*,#8674,.T.);
#8674 = EDGE_CURVE('',#8574,#4240,#8675,.T.);
#8675 = B_SPLINE_CURVE_WITH_KNOTS('',1,(#8676,#8677),.UNSPECIFIED.,.F.,
  .F.,(2,2),(-2.125165909488,0.),.PIECEWISE_BEZIER_KNOTS.);
#8676 = CARTESIAN_POINT('',(-4.601462787589,-2.253794090512,
    8.117862303624));
#8677 = CARTESIAN_POINT('',(-4.601462787589,-4.37896,8.117862303624));
#8678 = ORIENTED_EDGE('',*,*,#4318,.T.);
#8679 = CYLINDRICAL_SURFACE('',#8680,4.8768);
#8680 = AXIS2_PLACEMENT_3D('',#8681,#8682,#8683);
#8681 = CARTESIAN_POINT('',(8.856258093577E-16,-3.316377045256,6.5024));
#8682 = DIRECTION('',(0.,-1.,0.));
#8683 = DIRECTION('',(0.,-0.,-1.));
#8684 = ADVANCED_FACE('',(#8685),#8700,.T.);
#8685 = FACE_BOUND('',#8686,.T.);
#8686 = EDGE_LOOP('',(#8687,#8688,#8689,#8690,#8691,#8692,#8693,#8694,
    #8695,#8696,#8697,#8698,#8699));
#8687 = ORIENTED_EDGE('',*,*,#8003,.F.);
#8688 = ORIENTED_EDGE('',*,*,#4412,.T.);
#8689 = ORIENTED_EDGE('',*,*,#8674,.F.);
#8690 = ORIENTED_EDGE('',*,*,#8573,.F.);
#8691 = ORIENTED_EDGE('',*,*,#8536,.F.);
#8692 = ORIENTED_EDGE('',*,*,#8434,.T.);
#8693 = ORIENTED_EDGE('',*,*,#8412,.F.);
#8694 = ORIENTED_EDGE('',*,*,#8388,.T.);
#8695 = ORIENTED_EDGE('',*,*,#8373,.T.);
#8696 = ORIENTED_EDGE('',*,*,#8265,.F.);
#8697 = ORIENTED_EDGE('',*,*,#8227,.T.);
#8698 = ORIENTED_EDGE('',*,*,#8126,.T.);
#8699 = ORIENTED_EDGE('',*,*,#8111,.T.);
#8700 = PLANE('',#8701);
#8701 = AXIS2_PLACEMENT_3D('',#8702,#8703,#8704);
#8702 = CARTESIAN_POINT('',(-5.256634582564,-0.561622826178,
    8.347877276261));
#8703 = DIRECTION('',(-0.331254573414,0.,-0.943541418059));
#8704 = DIRECTION('',(-0.943541418059,0.,0.331254573414));
#8705 = ADVANCED_FACE('',(#8706),#8730,.T.);
#8706 = FACE_BOUND('',#8707,.T.);
#8707 = EDGE_LOOP('',(#8708,#8716,#8723,#8729));
#8708 = ORIENTED_EDGE('',*,*,#8709,.T.);
#8709 = EDGE_CURVE('',#3426,#8710,#8712,.T.);
#8710 = VERTEX_POINT('',#8711);
#8711 = CARTESIAN_POINT('',(-0.9525,-4.37896,0.37592));
#8712 = ( BOUNDED_CURVE() B_SPLINE_CURVE(2,(#8713,#8714,#8715),
.UNSPECIFIED.,.F.,.F.) B_SPLINE_CURVE_WITH_KNOTS((3,3),(-0.502717656427,
0.),.PIECEWISE_BEZIER_KNOTS.) CURVE() GEOMETRIC_REPRESENTATION_ITEM() 
RATIONAL_B_SPLINE_CURVE((1.,0.707106781187,1.)) REPRESENTATION_ITEM('') 
  );
#8713 = CARTESIAN_POINT('',(-0.9525,-4.699,0.69596));
#8714 = CARTESIAN_POINT('',(-0.9525,-4.699,0.37592));
#8715 = CARTESIAN_POINT('',(-0.9525,-4.37896,0.37592));
#8716 = ORIENTED_EDGE('',*,*,#8717,.F.);
#8717 = EDGE_CURVE('',#8718,#8710,#8720,.T.);
#8718 = VERTEX_POINT('',#8719);
#8719 = CARTESIAN_POINT('',(0.9525,-4.37896,0.37592));
#8720 = B_SPLINE_CURVE_WITH_KNOTS('',1,(#8721,#8722),.UNSPECIFIED.,.F.,
  .F.,(2,2),(-1.905,0.),.PIECEWISE_BEZIER_KNOTS.);
#8721 = CARTESIAN_POINT('',(0.9525,-4.37896,0.37592));
#8722 = CARTESIAN_POINT('',(-0.9525,-4.37896,0.37592));
#8723 = ORIENTED_EDGE('',*,*,#8724,.F.);
#8724 = EDGE_CURVE('',#3433,#8718,#8725,.T.);
#8725 = ( BOUNDED_CURVE() B_SPLINE_CURVE(2,(#8726,#8727,#8728),
.UNSPECIFIED.,.F.,.F.) B_SPLINE_CURVE_WITH_KNOTS((3,3),(0.,
0.502717656427),.PIECEWISE_BEZIER_KNOTS.) CURVE() 
GEOMETRIC_REPRESENTATION_ITEM() RATIONAL_B_SPLINE_CURVE((1.,
0.707106781187,1.)) REPRESENTATION_ITEM('') );
#8726 = CARTESIAN_POINT('',(0.9525,-4.699,0.69596));
#8727 = CARTESIAN_POINT('',(0.9525,-4.699,0.37592));
#8728 = CARTESIAN_POINT('',(0.9525,-4.37896,0.37592));
#8729 = ORIENTED_EDGE('',*,*,#3432,.F.);
#8730 = CYLINDRICAL_SURFACE('',#8731,0.32004);
#8731 = AXIS2_PLACEMENT_3D('',#8732,#8733,#8734);
#8732 = CARTESIAN_POINT('',(4.440892098501E-16,-4.37896,0.69596));
#8733 = DIRECTION('',(-1.,0.,0.));
#8734 = DIRECTION('',(0.,0.,-1.));
#8735 = ADVANCED_FACE('',(#8736),#8758,.T.);
#8736 = FACE_BOUND('',#8737,.T.);
#8737 = EDGE_LOOP('',(#8738,#8739,#8746,#8753));
#8738 = ORIENTED_EDGE('',*,*,#8717,.T.);
#8739 = ORIENTED_EDGE('',*,*,#8740,.T.);
#8740 = EDGE_CURVE('',#8710,#8741,#8743,.T.);
#8741 = VERTEX_POINT('',#8742);
#8742 = CARTESIAN_POINT('',(-0.9525,-0.48006,0.37592));
#8743 = B_SPLINE_CURVE_WITH_KNOTS('',1,(#8744,#8745),.UNSPECIFIED.,.F.,
  .F.,(2,2),(-3.8989,0.),.PIECEWISE_BEZIER_KNOTS.);
#8744 = CARTESIAN_POINT('',(-0.9525,-4.37896,0.37592));
#8745 = CARTESIAN_POINT('',(-0.9525,-0.48006,0.37592));
#8746 = ORIENTED_EDGE('',*,*,#8747,.T.);
#8747 = EDGE_CURVE('',#8741,#8748,#8750,.T.);
#8748 = VERTEX_POINT('',#8749);
#8749 = CARTESIAN_POINT('',(0.9525,-0.48006,0.37592));
#8750 = B_SPLINE_CURVE_WITH_KNOTS('',1,(#8751,#8752),.UNSPECIFIED.,.F.,
  .F.,(2,2),(-1.905,0.),.PIECEWISE_BEZIER_KNOTS.);
#8751 = CARTESIAN_POINT('',(-0.9525,-0.48006,0.37592));
#8752 = CARTESIAN_POINT('',(0.9525,-0.48006,0.37592));
#8753 = ORIENTED_EDGE('',*,*,#8754,.T.);
#8754 = EDGE_CURVE('',#8748,#8718,#8755,.T.);
#8755 = B_SPLINE_CURVE_WITH_KNOTS('',1,(#8756,#8757),.UNSPECIFIED.,.F.,
  .F.,(2,2),(-3.8989,0.),.PIECEWISE_BEZIER_KNOTS.);
#8756 = CARTESIAN_POINT('',(0.9525,-0.48006,0.37592));
#8757 = CARTESIAN_POINT('',(0.9525,-4.37896,0.37592));
#8758 = PLANE('',#8759);
#8759 = AXIS2_PLACEMENT_3D('',#8760,#8761,#8762);
#8760 = CARTESIAN_POINT('',(-1.173197173822,-4.799047173822,0.37592));
#8761 = DIRECTION('',(0.,0.,-1.));
#8762 = DIRECTION('',(-1.,0.,-0.));
#8763 = ADVANCED_FACE('',(#8764),#8788,.F.);
#8764 = FACE_BOUND('',#8765,.F.);
#8765 = EDGE_LOOP('',(#8766,#8767,#8775,#8782));
#8766 = ORIENTED_EDGE('',*,*,#8747,.T.);
#8767 = ORIENTED_EDGE('',*,*,#8768,.T.);
#8768 = EDGE_CURVE('',#8748,#8769,#8771,.T.);
#8769 = VERTEX_POINT('',#8770);
#8770 = CARTESIAN_POINT('',(0.9525,-0.16002,5.588E-02));
#8771 = ( BOUNDED_CURVE() B_SPLINE_CURVE(2,(#8772,#8773,#8774),
.UNSPECIFIED.,.F.,.F.) B_SPLINE_CURVE_WITH_KNOTS((3,3),(0.,
0.502717656427),.PIECEWISE_BEZIER_KNOTS.) CURVE() 
GEOMETRIC_REPRESENTATION_ITEM() RATIONAL_B_SPLINE_CURVE((1.,
0.707106781187,1.)) REPRESENTATION_ITEM('') );
#8772 = CARTESIAN_POINT('',(0.9525,-0.48006,0.37592));
#8773 = CARTESIAN_POINT('',(0.9525,-0.16002,0.37592));
#8774 = CARTESIAN_POINT('',(0.9525,-0.16002,5.588E-02));
#8775 = ORIENTED_EDGE('',*,*,#8776,.T.);
#8776 = EDGE_CURVE('',#8769,#8777,#8779,.T.);
#8777 = VERTEX_POINT('',#8778);
#8778 = CARTESIAN_POINT('',(-0.9525,-0.16002,5.588E-02));
#8779 = B_SPLINE_CURVE_WITH_KNOTS('',1,(#8780,#8781),.UNSPECIFIED.,.F.,
  .F.,(2,2),(0.,1.905),.PIECEWISE_BEZIER_KNOTS.);
#8780 = CARTESIAN_POINT('',(0.9525,-0.16002,5.588E-02));
#8781 = CARTESIAN_POINT('',(-0.9525,-0.16002,5.588E-02));
#8782 = ORIENTED_EDGE('',*,*,#8783,.T.);
#8783 = EDGE_CURVE('',#8777,#8741,#8784,.T.);
#8784 = ( BOUNDED_CURVE() B_SPLINE_CURVE(2,(#8785,#8786,#8787),
.UNSPECIFIED.,.F.,.F.) B_SPLINE_CURVE_WITH_KNOTS((3,3),(0.,
0.502717656427),.PIECEWISE_BEZIER_KNOTS.) CURVE() 
GEOMETRIC_REPRESENTATION_ITEM() RATIONAL_B_SPLINE_CURVE((1.,
0.707106781187,1.)) REPRESENTATION_ITEM('') );
#8785 = CARTESIAN_POINT('',(-0.9525,-0.16002,5.588E-02));
#8786 = CARTESIAN_POINT('',(-0.9525,-0.16002,0.37592));
#8787 = CARTESIAN_POINT('',(-0.9525,-0.48006,0.37592));
#8788 = CYLINDRICAL_SURFACE('',#8789,0.32004);
#8789 = AXIS2_PLACEMENT_3D('',#8790,#8791,#8792);
#8790 = CARTESIAN_POINT('',(0.,-0.48006,5.588E-02));
#8791 = DIRECTION('',(-1.,0.,0.));
#8792 = DIRECTION('',(0.,0.,-1.));
#8793 = ADVANCED_FACE('',(#8794),#8816,.T.);
#8794 = FACE_BOUND('',#8795,.T.);
#8795 = EDGE_LOOP('',(#8796,#8805,#8810,#8811));
#8796 = ORIENTED_EDGE('',*,*,#8797,.F.);
#8797 = EDGE_CURVE('',#8798,#8800,#8802,.T.);
#8798 = VERTEX_POINT('',#8799);
#8799 = CARTESIAN_POINT('',(-1.11252,-4.37896,0.85852));
#8800 = VERTEX_POINT('',#8801);
#8801 = CARTESIAN_POINT('',(-1.11252,-4.37896,0.37592));
#8802 = B_SPLINE_CURVE_WITH_KNOTS('',1,(#8803,#8804),.UNSPECIFIED.,.F.,
  .F.,(2,2),(0.,0.4826),.PIECEWISE_BEZIER_KNOTS.);
#8803 = CARTESIAN_POINT('',(-1.11252,-4.37896,0.85852));
#8804 = CARTESIAN_POINT('',(-1.11252,-4.37896,0.37592));
#8805 = ORIENTED_EDGE('',*,*,#8806,.T.);
#8806 = EDGE_CURVE('',#8798,#3412,#8807,.T.);
#8807 = B_SPLINE_CURVE_WITH_KNOTS('',1,(#8808,#8809),.UNSPECIFIED.,.F.,
  .F.,(2,2),(0.,0.32004),.PIECEWISE_BEZIER_KNOTS.);
#8808 = CARTESIAN_POINT('',(-1.11252,-4.37896,0.85852));
#8809 = CARTESIAN_POINT('',(-1.11252,-4.699,0.85852));
#8810 = ORIENTED_EDGE('',*,*,#3411,.F.);
#8811 = ORIENTED_EDGE('',*,*,#8812,.F.);
#8812 = EDGE_CURVE('',#8800,#3405,#8813,.T.);
#8813 = B_SPLINE_CURVE_WITH_KNOTS('',1,(#8814,#8815),.UNSPECIFIED.,.F.,
  .F.,(2,2),(-0.32004,0.),.PIECEWISE_BEZIER_KNOTS.);
#8814 = CARTESIAN_POINT('',(-1.11252,-4.37896,0.37592));
#8815 = CARTESIAN_POINT('',(-1.11252,-4.699,0.37592));
#8816 = PLANE('',#8817);
#8817 = AXIS2_PLACEMENT_3D('',#8818,#8819,#8820);
#8818 = CARTESIAN_POINT('',(-1.11252,-3.716758826178,1.536977173822));
#8819 = DIRECTION('',(1.,0.,0.));
#8820 = DIRECTION('',(-0.,0.,1.));
#8821 = ADVANCED_FACE('',(#8822),#8836,.T.);
#8822 = FACE_BOUND('',#8823,.T.);
#8823 = EDGE_LOOP('',(#8824,#8825,#8830,#8831));
#8824 = ORIENTED_EDGE('',*,*,#8797,.T.);
#8825 = ORIENTED_EDGE('',*,*,#8826,.F.);
#8826 = EDGE_CURVE('',#4061,#8800,#8827,.T.);
#8827 = B_SPLINE_CURVE_WITH_KNOTS('',1,(#8828,#8829),.UNSPECIFIED.,.F.,
  .F.,(2,2),(-4.18338,0.),.PIECEWISE_BEZIER_KNOTS.);
#8828 = CARTESIAN_POINT('',(-5.2959,-4.37896,0.37592));
#8829 = CARTESIAN_POINT('',(-1.11252,-4.37896,0.37592));
#8830 = ORIENTED_EDGE('',*,*,#4060,.F.);
#8831 = ORIENTED_EDGE('',*,*,#8832,.T.);
#8832 = EDGE_CURVE('',#4054,#8798,#8833,.T.);
#8833 = B_SPLINE_CURVE_WITH_KNOTS('',1,(#8834,#8835),.UNSPECIFIED.,.F.,
  .F.,(2,2),(0.,4.18338),.PIECEWISE_BEZIER_KNOTS.);
#8834 = CARTESIAN_POINT('',(-5.2959,-4.37896,0.85852));
#8835 = CARTESIAN_POINT('',(-1.11252,-4.37896,0.85852));
#8836 = PLANE('',#8837);
#8837 = AXIS2_PLACEMENT_3D('',#8838,#8839,#8840);
#8838 = CARTESIAN_POINT('',(-0.663984826178,-4.37896,1.536977173822));
#8839 = DIRECTION('',(0.,1.,0.));
#8840 = DIRECTION('',(0.,-0.,1.));
#8841 = ADVANCED_FACE('',(#8842),#8864,.T.);
#8842 = FACE_BOUND('',#8843,.T.);
#8843 = EDGE_LOOP('',(#8844,#8851,#8852,#8859));
#8844 = ORIENTED_EDGE('',*,*,#8845,.F.);
#8845 = EDGE_CURVE('',#3652,#8846,#8848,.T.);
#8846 = VERTEX_POINT('',#8847);
#8847 = CARTESIAN_POINT('',(6.1976,-2.7686,0.37592));
#8848 = B_SPLINE_CURVE_WITH_KNOTS('',1,(#8849,#8850),.UNSPECIFIED.,.F.,
  .F.,(2,2),(-0.9017,0.),.PIECEWISE_BEZIER_KNOTS.);
#8849 = CARTESIAN_POINT('',(5.2959,-2.7686,0.37592));
#8850 = CARTESIAN_POINT('',(6.1976,-2.7686,0.37592));
#8851 = ORIENTED_EDGE('',*,*,#3651,.F.);
#8852 = ORIENTED_EDGE('',*,*,#8853,.T.);
#8853 = EDGE_CURVE('',#3645,#8854,#8856,.T.);
#8854 = VERTEX_POINT('',#8855);
#8855 = CARTESIAN_POINT('',(6.1976,-2.7686,-8.881784197001E-16));
#8856 = B_SPLINE_CURVE_WITH_KNOTS('',1,(#8857,#8858),.UNSPECIFIED.,.F.,
  .F.,(2,2),(0.,0.9017),.PIECEWISE_BEZIER_KNOTS.);
#8857 = CARTESIAN_POINT('',(5.2959,-2.7686,-8.881784197001E-16));
#8858 = CARTESIAN_POINT('',(6.1976,-2.7686,-8.881784197001E-16));
#8859 = ORIENTED_EDGE('',*,*,#8860,.T.);
#8860 = EDGE_CURVE('',#8854,#8846,#8861,.T.);
#8861 = B_SPLINE_CURVE_WITH_KNOTS('',1,(#8862,#8863),.UNSPECIFIED.,.F.,
  .F.,(2,2),(-0.37592,0.),.PIECEWISE_BEZIER_KNOTS.);
#8862 = CARTESIAN_POINT('',(6.1976,-2.7686,-8.881784197001E-16));
#8863 = CARTESIAN_POINT('',(6.1976,-2.7686,0.37592));
#8864 = PLANE('',#8865);
#8865 = AXIS2_PLACEMENT_3D('',#8866,#8867,#8868);
#8866 = CARTESIAN_POINT('',(6.917967173822,-2.7686,1.043709173822));
#8867 = DIRECTION('',(0.,-1.,0.));
#8868 = DIRECTION('',(0.,-0.,-1.));
#8869 = ADVANCED_FACE('',(#8870),#8892,.T.);
#8870 = FACE_BOUND('',#8871,.T.);
#8871 = EDGE_LOOP('',(#8872,#8879,#8880,#8887));
#8872 = ORIENTED_EDGE('',*,*,#8873,.F.);
#8873 = EDGE_CURVE('',#8846,#8874,#8876,.T.);
#8874 = VERTEX_POINT('',#8875);
#8875 = CARTESIAN_POINT('',(6.1976,2.3622,0.37592));
#8876 = B_SPLINE_CURVE_WITH_KNOTS('',1,(#8877,#8878),.UNSPECIFIED.,.F.,
  .F.,(2,2),(-5.1308,0.),.PIECEWISE_BEZIER_KNOTS.);
#8877 = CARTESIAN_POINT('',(6.1976,-2.7686,0.37592));
#8878 = CARTESIAN_POINT('',(6.1976,2.3622,0.37592));
#8879 = ORIENTED_EDGE('',*,*,#8860,.F.);
#8880 = ORIENTED_EDGE('',*,*,#8881,.T.);
#8881 = EDGE_CURVE('',#8854,#8882,#8884,.T.);
#8882 = VERTEX_POINT('',#8883);
#8883 = CARTESIAN_POINT('',(6.1976,2.3622,-8.881784197001E-16));
#8884 = B_SPLINE_CURVE_WITH_KNOTS('',1,(#8885,#8886),.UNSPECIFIED.,.F.,
  .F.,(2,2),(0.,5.1308),.PIECEWISE_BEZIER_KNOTS.);
#8885 = CARTESIAN_POINT('',(6.1976,-2.7686,-8.881784197001E-16));
#8886 = CARTESIAN_POINT('',(6.1976,2.3622,-8.881784197001E-16));
#8887 = ORIENTED_EDGE('',*,*,#8888,.T.);
#8888 = EDGE_CURVE('',#8882,#8874,#8889,.T.);
#8889 = B_SPLINE_CURVE_WITH_KNOTS('',1,(#8890,#8891),.UNSPECIFIED.,.F.,
  .F.,(2,2),(-0.37592,0.),.PIECEWISE_BEZIER_KNOTS.);
#8890 = CARTESIAN_POINT('',(6.1976,2.3622,-8.881784197001E-16));
#8891 = CARTESIAN_POINT('',(6.1976,2.3622,0.37592));
#8892 = PLANE('',#8893);
#8893 = AXIS2_PLACEMENT_3D('',#8894,#8895,#8896);
#8894 = CARTESIAN_POINT('',(6.1976,2.905477173822,1.043709173822));
#8895 = DIRECTION('',(1.,0.,0.));
#8896 = DIRECTION('',(-0.,0.,1.));
#8897 = ADVANCED_FACE('',(#8898),#8920,.T.);
#8898 = FACE_BOUND('',#8899,.T.);
#8899 = EDGE_LOOP('',(#8900,#8907,#8908,#8915));
#8900 = ORIENTED_EDGE('',*,*,#8901,.F.);
#8901 = EDGE_CURVE('',#8874,#8902,#8904,.T.);
#8902 = VERTEX_POINT('',#8903);
#8903 = CARTESIAN_POINT('',(6.6675,2.3622,0.37592));
#8904 = B_SPLINE_CURVE_WITH_KNOTS('',1,(#8905,#8906),.UNSPECIFIED.,.F.,
  .F.,(2,2),(-0.4699,0.),.PIECEWISE_BEZIER_KNOTS.);
#8905 = CARTESIAN_POINT('',(6.1976,2.3622,0.37592));
#8906 = CARTESIAN_POINT('',(6.6675,2.3622,0.37592));
#8907 = ORIENTED_EDGE('',*,*,#8888,.F.);
#8908 = ORIENTED_EDGE('',*,*,#8909,.T.);
#8909 = EDGE_CURVE('',#8882,#8910,#8912,.T.);
#8910 = VERTEX_POINT('',#8911);
#8911 = CARTESIAN_POINT('',(6.6675,2.3622,-8.881784197001E-16));
#8912 = B_SPLINE_CURVE_WITH_KNOTS('',1,(#8913,#8914),.UNSPECIFIED.,.F.,
  .F.,(2,2),(0.,0.4699),.PIECEWISE_BEZIER_KNOTS.);
#8913 = CARTESIAN_POINT('',(6.1976,2.3622,-8.881784197001E-16));
#8914 = CARTESIAN_POINT('',(6.6675,2.3622,-8.881784197001E-16));
#8915 = ORIENTED_EDGE('',*,*,#8916,.T.);
#8916 = EDGE_CURVE('',#8910,#8902,#8917,.T.);
#8917 = B_SPLINE_CURVE_WITH_KNOTS('',1,(#8918,#8919),.UNSPECIFIED.,.F.,
  .F.,(2,2),(-0.37592,0.),.PIECEWISE_BEZIER_KNOTS.);
#8918 = CARTESIAN_POINT('',(6.6675,2.3622,-8.881784197001E-16));
#8919 = CARTESIAN_POINT('',(6.6675,2.3622,0.37592));
#8920 = PLANE('',#8921);
#8921 = AXIS2_PLACEMENT_3D('',#8922,#8923,#8924);
#8922 = CARTESIAN_POINT('',(7.344687173822,2.3622,1.043709173822));
#8923 = DIRECTION('',(0.,-1.,0.));
#8924 = DIRECTION('',(0.,-0.,-1.));
#8925 = ADVANCED_FACE('',(#8926),#8976,.T.);
#8926 = FACE_BOUND('',#8927,.T.);
#8927 = EDGE_LOOP('',(#8928,#8929,#8930,#8931,#8932,#8939,#8946,#8953,
    #8960,#8967,#8972,#8973,#8974,#8975));
#8928 = ORIENTED_EDGE('',*,*,#3019,.T.);
#8929 = ORIENTED_EDGE('',*,*,#3173,.T.);
#8930 = ORIENTED_EDGE('',*,*,#3203,.T.);
#8931 = ORIENTED_EDGE('',*,*,#3232,.F.);
#8932 = ORIENTED_EDGE('',*,*,#8933,.T.);
#8933 = EDGE_CURVE('',#3226,#8934,#8936,.T.);
#8934 = VERTEX_POINT('',#8935);
#8935 = CARTESIAN_POINT('',(7.00024,4.699,13.0048));
#8936 = B_SPLINE_CURVE_WITH_KNOTS('',1,(#8937,#8938),.UNSPECIFIED.,.F.,
  .F.,(2,2),(-8.636,0.),.PIECEWISE_BEZIER_KNOTS.);
#8937 = CARTESIAN_POINT('',(7.00024,-3.937,13.0048));
#8938 = CARTESIAN_POINT('',(7.00024,4.699,13.0048));
#8939 = ORIENTED_EDGE('',*,*,#8940,.T.);
#8940 = EDGE_CURVE('',#8934,#8941,#8943,.T.);
#8941 = VERTEX_POINT('',#8942);
#8942 = CARTESIAN_POINT('',(6.4262,4.699,13.0048));
#8943 = B_SPLINE_CURVE_WITH_KNOTS('',1,(#8944,#8945),.UNSPECIFIED.,.F.,
  .F.,(2,2),(-0.57404,0.),.PIECEWISE_BEZIER_KNOTS.);
#8944 = CARTESIAN_POINT('',(7.00024,4.699,13.0048));
#8945 = CARTESIAN_POINT('',(6.4262,4.699,13.0048));
#8946 = ORIENTED_EDGE('',*,*,#8947,.T.);
#8947 = EDGE_CURVE('',#8941,#8948,#8950,.T.);
#8948 = VERTEX_POINT('',#8949);
#8949 = CARTESIAN_POINT('',(6.4262,8.128,13.0048));
#8950 = B_SPLINE_CURVE_WITH_KNOTS('',1,(#8951,#8952),.UNSPECIFIED.,.F.,
  .F.,(2,2),(-3.429,0.),.PIECEWISE_BEZIER_KNOTS.);
#8951 = CARTESIAN_POINT('',(6.4262,4.699,13.0048));
#8952 = CARTESIAN_POINT('',(6.4262,8.128,13.0048));
#8953 = ORIENTED_EDGE('',*,*,#8954,.T.);
#8954 = EDGE_CURVE('',#8948,#8955,#8957,.T.);
#8955 = VERTEX_POINT('',#8956);
#8956 = CARTESIAN_POINT('',(-6.4262,8.128,13.0048));
#8957 = B_SPLINE_CURVE_WITH_KNOTS('',1,(#8958,#8959),.UNSPECIFIED.,.F.,
  .F.,(2,2),(-12.8524,0.),.PIECEWISE_BEZIER_KNOTS.);
#8958 = CARTESIAN_POINT('',(6.4262,8.128,13.0048));
#8959 = CARTESIAN_POINT('',(-6.4262,8.128,13.0048));
#8960 = ORIENTED_EDGE('',*,*,#8961,.T.);
#8961 = EDGE_CURVE('',#8955,#8962,#8964,.T.);
#8962 = VERTEX_POINT('',#8963);
#8963 = CARTESIAN_POINT('',(-6.4262,4.699,13.0048));
#8964 = B_SPLINE_CURVE_WITH_KNOTS('',1,(#8965,#8966),.UNSPECIFIED.,.F.,
  .F.,(2,2),(-3.429,0.),.PIECEWISE_BEZIER_KNOTS.);
#8965 = CARTESIAN_POINT('',(-6.4262,8.128,13.0048));
#8966 = CARTESIAN_POINT('',(-6.4262,4.699,13.0048));
#8967 = ORIENTED_EDGE('',*,*,#8968,.T.);
#8968 = EDGE_CURVE('',#8962,#2722,#8969,.T.);
#8969 = B_SPLINE_CURVE_WITH_KNOTS('',1,(#8970,#8971),.UNSPECIFIED.,.F.,
  .F.,(2,2),(-0.57404,0.),.PIECEWISE_BEZIER_KNOTS.);
#8970 = CARTESIAN_POINT('',(-6.4262,4.699,13.0048));
#8971 = CARTESIAN_POINT('',(-7.00024,4.699,13.0048));
#8972 = ORIENTED_EDGE('',*,*,#2721,.T.);
#8973 = ORIENTED_EDGE('',*,*,#2945,.F.);
#8974 = ORIENTED_EDGE('',*,*,#3129,.T.);
#8975 = ORIENTED_EDGE('',*,*,#3143,.T.);
#8976 = PLANE('',#8977);
#8977 = AXIS2_PLACEMENT_3D('',#8978,#8979,#8980);
#8978 = CARTESIAN_POINT('',(-8.430485173822,9.390097173822,13.0048));
#8979 = DIRECTION('',(0.,0.,1.));
#8980 = DIRECTION('',(1.,0.,-0.));
#8981 = ADVANCED_FACE('',(#8982,#9018,#9062,#9106,#9150,#9194,#9238),
  #9282,.T.);
#8982 = FACE_BOUND('',#8983,.T.);
#8983 = EDGE_LOOP('',(#8984,#8985,#8986,#8987,#8988,#8989,#8990,#8991,
    #8998,#9005,#9010,#9011,#9012,#9013,#9014,#9015,#9016,#9017));
#8984 = ORIENTED_EDGE('',*,*,#3897,.T.);
#8985 = ORIENTED_EDGE('',*,*,#3910,.T.);
#8986 = ORIENTED_EDGE('',*,*,#3955,.T.);
#8987 = ORIENTED_EDGE('',*,*,#3982,.T.);
#8988 = ORIENTED_EDGE('',*,*,#4011,.T.);
#8989 = ORIENTED_EDGE('',*,*,#4047,.T.);
#8990 = ORIENTED_EDGE('',*,*,#4164,.T.);
#8991 = ORIENTED_EDGE('',*,*,#8992,.T.);
#8992 = EDGE_CURVE('',#4165,#8993,#8995,.T.);
#8993 = VERTEX_POINT('',#8994);
#8994 = CARTESIAN_POINT('',(-5.9055,8.128,0.37592));
#8995 = B_SPLINE_CURVE_WITH_KNOTS('',1,(#8996,#8997),.UNSPECIFIED.,.F.,
  .F.,(2,2),(-4.572,0.),.PIECEWISE_BEZIER_KNOTS.);
#8996 = CARTESIAN_POINT('',(-5.9055,3.556,0.37592));
#8997 = CARTESIAN_POINT('',(-5.9055,8.128,0.37592));
#8998 = ORIENTED_EDGE('',*,*,#8999,.T.);
#8999 = EDGE_CURVE('',#8993,#9000,#9002,.T.);
#9000 = VERTEX_POINT('',#9001);
#9001 = CARTESIAN_POINT('',(5.9055,8.128,0.37592));
#9002 = B_SPLINE_CURVE_WITH_KNOTS('',1,(#9003,#9004),.UNSPECIFIED.,.F.,
  .F.,(2,2),(-11.811,0.),.PIECEWISE_BEZIER_KNOTS.);
#9003 = CARTESIAN_POINT('',(-5.9055,8.128,0.37592));
#9004 = CARTESIAN_POINT('',(5.9055,8.128,0.37592));
#9005 = ORIENTED_EDGE('',*,*,#9006,.T.);
#9006 = EDGE_CURVE('',#9000,#3685,#9007,.T.);
#9007 = B_SPLINE_CURVE_WITH_KNOTS('',1,(#9008,#9009),.UNSPECIFIED.,.F.,
  .F.,(2,2),(-4.572,0.),.PIECEWISE_BEZIER_KNOTS.);
#9008 = CARTESIAN_POINT('',(5.9055,8.128,0.37592));
#9009 = CARTESIAN_POINT('',(5.9055,3.556,0.37592));
#9010 = ORIENTED_EDGE('',*,*,#3684,.T.);
#9011 = ORIENTED_EDGE('',*,*,#3628,.T.);
#9012 = ORIENTED_EDGE('',*,*,#3727,.T.);
#9013 = ORIENTED_EDGE('',*,*,#3740,.T.);
#9014 = ORIENTED_EDGE('',*,*,#3783,.T.);
#9015 = ORIENTED_EDGE('',*,*,#3796,.T.);
#9016 = ORIENTED_EDGE('',*,*,#3841,.T.);
#9017 = ORIENTED_EDGE('',*,*,#3869,.T.);
#9018 = FACE_BOUND('',#9019,.T.);
#9019 = EDGE_LOOP('',(#9020,#9038,#9045,#9057));
#9020 = ORIENTED_EDGE('',*,*,#9021,.T.);
#9021 = EDGE_CURVE('',#9022,#9024,#9026,.T.);
#9022 = VERTEX_POINT('',#9023);
#9023 = CARTESIAN_POINT('',(-3.0607,3.6576,0.37592));
#9024 = VERTEX_POINT('',#9025);
#9025 = CARTESIAN_POINT('',(-3.6449,3.6576,0.37592));
#9026 = ( BOUNDED_CURVE() B_SPLINE_CURVE(2,(#9027,#9028,#9029,#9030,
    #9031,#9032,#9033,#9034,#9035,#9036,#9037),.UNSPECIFIED.,.F.,.F.) 
B_SPLINE_CURVE_WITH_KNOTS((3,2,2,2,2,3),(0.,0.164726146906,
    0.261048986921,0.438848986921,0.535171826935,0.699897973841),
.UNSPECIFIED.) CURVE() GEOMETRIC_REPRESENTATION_ITEM() 
RATIONAL_B_SPLINE_CURVE((1.,1.,1.,0.923879532516,1.,1.,1.,0.923879532515
,1.,1.,1.)) REPRESENTATION_ITEM('') );
#9027 = CARTESIAN_POINT('',(-3.0607,3.6576,0.37592));
#9028 = CARTESIAN_POINT('',(-3.118939487758,3.715839487758,0.37592));
#9029 = CARTESIAN_POINT('',(-3.177178975516,3.774078975516,0.37592));
#9030 = CARTESIAN_POINT('',(-3.2131,3.81,0.37592));
#9031 = CARTESIAN_POINT('',(-3.2639,3.81,0.37592));
#9032 = CARTESIAN_POINT('',(-3.3528,3.81,0.37592));
#9033 = CARTESIAN_POINT('',(-3.4417,3.81,0.37592));
#9034 = CARTESIAN_POINT('',(-3.4925,3.81,0.37592));
#9035 = CARTESIAN_POINT('',(-3.528421024484,3.774078975516,0.37592));
#9036 = CARTESIAN_POINT('',(-3.586660512242,3.715839487758,0.37592));
#9037 = CARTESIAN_POINT('',(-3.6449,3.6576,0.37592));
#9038 = ORIENTED_EDGE('',*,*,#9039,.T.);
#9039 = EDGE_CURVE('',#9024,#9040,#9042,.T.);
#9040 = VERTEX_POINT('',#9041);
#9041 = CARTESIAN_POINT('',(-3.4671,3.4798,0.37592));
#9042 = B_SPLINE_CURVE_WITH_KNOTS('',1,(#9043,#9044),.UNSPECIFIED.,.F.,
  .F.,(2,2),(0.,0.25144717139),.PIECEWISE_BEZIER_KNOTS.);
#9043 = CARTESIAN_POINT('',(-3.6449,3.6576,0.37592));
#9044 = CARTESIAN_POINT('',(-3.4671,3.4798,0.37592));
#9045 = ORIENTED_EDGE('',*,*,#9046,.T.);
#9046 = EDGE_CURVE('',#9040,#9047,#9049,.T.);
#9047 = VERTEX_POINT('',#9048);
#9048 = CARTESIAN_POINT('',(-3.2385,3.4798,0.37592));
#9049 = ( BOUNDED_CURVE() B_SPLINE_CURVE(2,(#9050,#9051,#9052,#9053,
#9054,#9055,#9056),.UNSPECIFIED.,.F.,.F.) B_SPLINE_CURVE_WITH_KNOTS((3,2
    ,2,3),(0.,6.004461017861E-02,0.219637516982,0.279682127161),
.UNSPECIFIED.) CURVE() GEOMETRIC_REPRESENTATION_ITEM() 
RATIONAL_B_SPLINE_CURVE((1.,1.,1.,0.707106781181,1.,1.,1.)) 
REPRESENTATION_ITEM('') );
#9050 = CARTESIAN_POINT('',(-3.4671,3.4798,0.37592));
#9051 = CARTESIAN_POINT('',(-3.445871024485,3.501028975516,0.37592));
#9052 = CARTESIAN_POINT('',(-3.424642048969,3.522257951031,0.37592));
#9053 = CARTESIAN_POINT('',(-3.3528,3.594100000001,0.37592));
#9054 = CARTESIAN_POINT('',(-3.280957951031,3.522257951031,0.37592));
#9055 = CARTESIAN_POINT('',(-3.259728975515,3.501028975516,0.37592));
#9056 = CARTESIAN_POINT('',(-3.2385,3.4798,0.37592));
#9057 = ORIENTED_EDGE('',*,*,#9058,.T.);
#9058 = EDGE_CURVE('',#9047,#9022,#9059,.T.);
#9059 = B_SPLINE_CURVE_WITH_KNOTS('',1,(#9060,#9061),.UNSPECIFIED.,.F.,
  .F.,(2,2),(0.,0.25144717139),.PIECEWISE_BEZIER_KNOTS.);
#9060 = CARTESIAN_POINT('',(-3.2385,3.4798,0.37592));
#9061 = CARTESIAN_POINT('',(-3.0607,3.6576,0.37592));
#9062 = FACE_BOUND('',#9063,.T.);
#9063 = EDGE_LOOP('',(#9064,#9082,#9089,#9101));
#9064 = ORIENTED_EDGE('',*,*,#9065,.T.);
#9065 = EDGE_CURVE('',#9066,#9068,#9070,.T.);
#9066 = VERTEX_POINT('',#9067);
#9067 = CARTESIAN_POINT('',(-3.0607,6.1468,0.37592));
#9068 = VERTEX_POINT('',#9069);
#9069 = CARTESIAN_POINT('',(-3.6449,6.1468,0.37592));
#9070 = ( BOUNDED_CURVE() B_SPLINE_CURVE(2,(#9071,#9072,#9073,#9074,
    #9075,#9076,#9077,#9078,#9079,#9080,#9081),.UNSPECIFIED.,.F.,.F.) 
B_SPLINE_CURVE_WITH_KNOTS((3,2,2,2,2,3),(0.,0.164726146909,
    0.261048986921,0.438848986921,0.535171826934,0.699897973843),
.UNSPECIFIED.) CURVE() GEOMETRIC_REPRESENTATION_ITEM() 
RATIONAL_B_SPLINE_CURVE((1.,1.,1.,0.923879532538,1.,1.,1.,0.923879532538
,1.,1.,1.)) REPRESENTATION_ITEM('') );
#9071 = CARTESIAN_POINT('',(-3.0607,6.1468,0.37592));
#9072 = CARTESIAN_POINT('',(-3.118939487758,6.20503948776,0.37592));
#9073 = CARTESIAN_POINT('',(-3.177178975516,6.26327897552,0.37592));
#9074 = CARTESIAN_POINT('',(-3.213100000002,6.299199999999,0.37592));
#9075 = CARTESIAN_POINT('',(-3.2639,6.2992,0.37592));
#9076 = CARTESIAN_POINT('',(-3.3528,6.2992,0.37592));
#9077 = CARTESIAN_POINT('',(-3.4417,6.2992,0.37592));
#9078 = CARTESIAN_POINT('',(-3.492499999998,6.299199999999,0.37592));
#9079 = CARTESIAN_POINT('',(-3.528421024484,6.26327897552,0.37592));
#9080 = CARTESIAN_POINT('',(-3.586660512242,6.20503948776,0.37592));
#9081 = CARTESIAN_POINT('',(-3.6449,6.1468,0.37592));
#9082 = ORIENTED_EDGE('',*,*,#9083,.T.);
#9083 = EDGE_CURVE('',#9068,#9084,#9086,.T.);
#9084 = VERTEX_POINT('',#9085);
#9085 = CARTESIAN_POINT('',(-3.4671,5.969,0.37592));
#9086 = B_SPLINE_CURVE_WITH_KNOTS('',1,(#9087,#9088),.UNSPECIFIED.,.F.,
  .F.,(2,2),(0.,0.25144717139),.PIECEWISE_BEZIER_KNOTS.);
#9087 = CARTESIAN_POINT('',(-3.6449,6.1468,0.37592));
#9088 = CARTESIAN_POINT('',(-3.4671,5.969,0.37592));
#9089 = ORIENTED_EDGE('',*,*,#9090,.T.);
#9090 = EDGE_CURVE('',#9084,#9091,#9093,.T.);
#9091 = VERTEX_POINT('',#9092);
#9092 = CARTESIAN_POINT('',(-3.2385,5.969,0.37592));
#9093 = ( BOUNDED_CURVE() B_SPLINE_CURVE(2,(#9094,#9095,#9096,#9097,
#9098,#9099,#9100),.UNSPECIFIED.,.F.,.F.) B_SPLINE_CURVE_WITH_KNOTS((3,2
    ,2,3),(0.,6.004461017791E-02,0.21963751698,0.279682127158),
.UNSPECIFIED.) CURVE() GEOMETRIC_REPRESENTATION_ITEM() 
RATIONAL_B_SPLINE_CURVE((1.,1.,1.,0.707106781201,1.,1.,1.)) 
REPRESENTATION_ITEM('') );
#9094 = CARTESIAN_POINT('',(-3.4671,5.969,0.37592));
#9095 = CARTESIAN_POINT('',(-3.445871024485,5.990228975515,0.37592));
#9096 = CARTESIAN_POINT('',(-3.424642048969,6.01145795103,0.37592));
#9097 = CARTESIAN_POINT('',(-3.3528,6.083299999996,0.37592));
#9098 = CARTESIAN_POINT('',(-3.280957951031,6.01145795103,0.37592));
#9099 = CARTESIAN_POINT('',(-3.259728975515,5.990228975515,0.37592));
#9100 = CARTESIAN_POINT('',(-3.2385,5.969,0.37592));
#9101 = ORIENTED_EDGE('',*,*,#9102,.T.);
#9102 = EDGE_CURVE('',#9091,#9066,#9103,.T.);
#9103 = B_SPLINE_CURVE_WITH_KNOTS('',1,(#9104,#9105),.UNSPECIFIED.,.F.,
  .F.,(2,2),(0.,0.25144717139),.PIECEWISE_BEZIER_KNOTS.);
#9104 = CARTESIAN_POINT('',(-3.2385,5.969,0.37592));
#9105 = CARTESIAN_POINT('',(-3.0607,6.1468,0.37592));
#9106 = FACE_BOUND('',#9107,.T.);
#9107 = EDGE_LOOP('',(#9108,#9126,#9133,#9145));
#9108 = ORIENTED_EDGE('',*,*,#9109,.T.);
#9109 = EDGE_CURVE('',#9110,#9112,#9114,.T.);
#9110 = VERTEX_POINT('',#9111);
#9111 = CARTESIAN_POINT('',(-1.0033,3.6576,0.37592));
#9112 = VERTEX_POINT('',#9113);
#9113 = CARTESIAN_POINT('',(-1.5875,3.6576,0.37592));
#9114 = ( BOUNDED_CURVE() B_SPLINE_CURVE(2,(#9115,#9116,#9117,#9118,
    #9119,#9120,#9121,#9122,#9123,#9124,#9125),.UNSPECIFIED.,.F.,.F.) 
B_SPLINE_CURVE_WITH_KNOTS((3,2,2,2,2,3),(0.,0.164726146906,
    0.261048986921,0.438848986921,0.535171826935,0.699897973841),
.UNSPECIFIED.) CURVE() GEOMETRIC_REPRESENTATION_ITEM() 
RATIONAL_B_SPLINE_CURVE((1.,1.,1.,0.923879532516,1.,1.,1.,0.923879532515
,1.,1.,1.)) REPRESENTATION_ITEM('') );
#9115 = CARTESIAN_POINT('',(-1.0033,3.6576,0.37592));
#9116 = CARTESIAN_POINT('',(-1.061539487758,3.715839487758,0.37592));
#9117 = CARTESIAN_POINT('',(-1.119778975516,3.774078975516,0.37592));
#9118 = CARTESIAN_POINT('',(-1.1557,3.81,0.37592));
#9119 = CARTESIAN_POINT('',(-1.2065,3.81,0.37592));
#9120 = CARTESIAN_POINT('',(-1.2954,3.81,0.37592));
#9121 = CARTESIAN_POINT('',(-1.3843,3.81,0.37592));
#9122 = CARTESIAN_POINT('',(-1.4351,3.81,0.37592));
#9123 = CARTESIAN_POINT('',(-1.471021024484,3.774078975516,0.37592));
#9124 = CARTESIAN_POINT('',(-1.529260512242,3.715839487758,0.37592));
#9125 = CARTESIAN_POINT('',(-1.5875,3.6576,0.37592));
#9126 = ORIENTED_EDGE('',*,*,#9127,.T.);
#9127 = EDGE_CURVE('',#9112,#9128,#9130,.T.);
#9128 = VERTEX_POINT('',#9129);
#9129 = CARTESIAN_POINT('',(-1.4097,3.4798,0.37592));
#9130 = B_SPLINE_CURVE_WITH_KNOTS('',1,(#9131,#9132),.UNSPECIFIED.,.F.,
  .F.,(2,2),(0.,0.25144717139),.PIECEWISE_BEZIER_KNOTS.);
#9131 = CARTESIAN_POINT('',(-1.5875,3.6576,0.37592));
#9132 = CARTESIAN_POINT('',(-1.4097,3.4798,0.37592));
#9133 = ORIENTED_EDGE('',*,*,#9134,.T.);
#9134 = EDGE_CURVE('',#9128,#9135,#9137,.T.);
#9135 = VERTEX_POINT('',#9136);
#9136 = CARTESIAN_POINT('',(-1.1811,3.4798,0.37592));
#9137 = ( BOUNDED_CURVE() B_SPLINE_CURVE(2,(#9138,#9139,#9140,#9141,
#9142,#9143,#9144),.UNSPECIFIED.,.F.,.F.) B_SPLINE_CURVE_WITH_KNOTS((3,2
    ,2,3),(0.,6.004461017861E-02,0.219637516982,0.279682127161),
.UNSPECIFIED.) CURVE() GEOMETRIC_REPRESENTATION_ITEM() 
RATIONAL_B_SPLINE_CURVE((1.,1.,1.,0.707106781181,1.,1.,1.)) 
REPRESENTATION_ITEM('') );
#9138 = CARTESIAN_POINT('',(-1.4097,3.4798,0.37592));
#9139 = CARTESIAN_POINT('',(-1.388471024484,3.501028975516,0.37592));
#9140 = CARTESIAN_POINT('',(-1.367242048969,3.522257951031,0.37592));
#9141 = CARTESIAN_POINT('',(-1.2954,3.594100000001,0.37592));
#9142 = CARTESIAN_POINT('',(-1.223557951031,3.522257951031,0.37592));
#9143 = CARTESIAN_POINT('',(-1.202328975515,3.501028975516,0.37592));
#9144 = CARTESIAN_POINT('',(-1.1811,3.4798,0.37592));
#9145 = ORIENTED_EDGE('',*,*,#9146,.T.);
#9146 = EDGE_CURVE('',#9135,#9110,#9147,.T.);
#9147 = B_SPLINE_CURVE_WITH_KNOTS('',1,(#9148,#9149),.UNSPECIFIED.,.F.,
  .F.,(2,2),(0.,0.25144717139),.PIECEWISE_BEZIER_KNOTS.);
#9148 = CARTESIAN_POINT('',(-1.1811,3.4798,0.37592));
#9149 = CARTESIAN_POINT('',(-1.0033,3.6576,0.37592));
#9150 = FACE_BOUND('',#9151,.T.);
#9151 = EDGE_LOOP('',(#9152,#9161,#9173,#9180));
#9152 = ORIENTED_EDGE('',*,*,#9153,.T.);
#9153 = EDGE_CURVE('',#9154,#9156,#9158,.T.);
#9154 = VERTEX_POINT('',#9155);
#9155 = CARTESIAN_POINT('',(3.0607,3.6576,0.37592));
#9156 = VERTEX_POINT('',#9157);
#9157 = CARTESIAN_POINT('',(3.2385,3.4798,0.37592));
#9158 = B_SPLINE_CURVE_WITH_KNOTS('',1,(#9159,#9160),.UNSPECIFIED.,.F.,
  .F.,(2,2),(0.,0.25144717139),.PIECEWISE_BEZIER_KNOTS.);
#9159 = CARTESIAN_POINT('',(3.0607,3.6576,0.37592));
#9160 = CARTESIAN_POINT('',(3.2385,3.4798,0.37592));
#9161 = ORIENTED_EDGE('',*,*,#9162,.T.);
#9162 = EDGE_CURVE('',#9156,#9163,#9165,.T.);
#9163 = VERTEX_POINT('',#9164);
#9164 = CARTESIAN_POINT('',(3.4671,3.4798,0.37592));
#9165 = ( BOUNDED_CURVE() B_SPLINE_CURVE(2,(#9166,#9167,#9168,#9169,
#9170,#9171,#9172),.UNSPECIFIED.,.F.,.F.) B_SPLINE_CURVE_WITH_KNOTS((3,2
    ,2,3),(0.,6.004461017861E-02,0.219637516982,0.279682127161),
.UNSPECIFIED.) CURVE() GEOMETRIC_REPRESENTATION_ITEM() 
RATIONAL_B_SPLINE_CURVE((1.,1.,1.,0.707106781181,1.,1.,1.)) 
REPRESENTATION_ITEM('') );
#9166 = CARTESIAN_POINT('',(3.2385,3.4798,0.37592));
#9167 = CARTESIAN_POINT('',(3.259728975515,3.501028975516,0.37592));
#9168 = CARTESIAN_POINT('',(3.280957951031,3.522257951031,0.37592));
#9169 = CARTESIAN_POINT('',(3.3528,3.594100000001,0.37592));
#9170 = CARTESIAN_POINT('',(3.424642048969,3.522257951031,0.37592));
#9171 = CARTESIAN_POINT('',(3.445871024485,3.501028975516,0.37592));
#9172 = CARTESIAN_POINT('',(3.4671,3.4798,0.37592));
#9173 = ORIENTED_EDGE('',*,*,#9174,.T.);
#9174 = EDGE_CURVE('',#9163,#9175,#9177,.T.);
#9175 = VERTEX_POINT('',#9176);
#9176 = CARTESIAN_POINT('',(3.6449,3.6576,0.37592));
#9177 = B_SPLINE_CURVE_WITH_KNOTS('',1,(#9178,#9179),.UNSPECIFIED.,.F.,
  .F.,(2,2),(0.,0.25144717139),.PIECEWISE_BEZIER_KNOTS.);
#9178 = CARTESIAN_POINT('',(3.4671,3.4798,0.37592));
#9179 = CARTESIAN_POINT('',(3.6449,3.6576,0.37592));
#9180 = ORIENTED_EDGE('',*,*,#9181,.T.);
#9181 = EDGE_CURVE('',#9175,#9154,#9182,.T.);
#9182 = ( BOUNDED_CURVE() B_SPLINE_CURVE(2,(#9183,#9184,#9185,#9186,
    #9187,#9188,#9189,#9190,#9191,#9192,#9193),.UNSPECIFIED.,.F.,.F.) 
B_SPLINE_CURVE_WITH_KNOTS((3,2,2,2,2,3),(0.,0.164726146906,
    0.261048986921,0.438848986921,0.535171826935,0.699897973841),
.UNSPECIFIED.) CURVE() GEOMETRIC_REPRESENTATION_ITEM() 
RATIONAL_B_SPLINE_CURVE((1.,1.,1.,0.923879532515,1.,1.,1.,0.923879532516
,1.,1.,1.)) REPRESENTATION_ITEM('') );
#9183 = CARTESIAN_POINT('',(3.6449,3.6576,0.37592));
#9184 = CARTESIAN_POINT('',(3.586660512242,3.715839487758,0.37592));
#9185 = CARTESIAN_POINT('',(3.528421024484,3.774078975516,0.37592));
#9186 = CARTESIAN_POINT('',(3.4925,3.81,0.37592));
#9187 = CARTESIAN_POINT('',(3.4417,3.81,0.37592));
#9188 = CARTESIAN_POINT('',(3.3528,3.81,0.37592));
#9189 = CARTESIAN_POINT('',(3.2639,3.81,0.37592));
#9190 = CARTESIAN_POINT('',(3.2131,3.81,0.37592));
#9191 = CARTESIAN_POINT('',(3.177178975516,3.774078975516,0.37592));
#9192 = CARTESIAN_POINT('',(3.118939487758,3.715839487758,0.37592));
#9193 = CARTESIAN_POINT('',(3.0607,3.6576,0.37592));
#9194 = FACE_BOUND('',#9195,.T.);
#9195 = EDGE_LOOP('',(#9196,#9205,#9217,#9224));
#9196 = ORIENTED_EDGE('',*,*,#9197,.T.);
#9197 = EDGE_CURVE('',#9198,#9200,#9202,.T.);
#9198 = VERTEX_POINT('',#9199);
#9199 = CARTESIAN_POINT('',(3.0607,6.1468,0.37592));
#9200 = VERTEX_POINT('',#9201);
#9201 = CARTESIAN_POINT('',(3.2385,5.969,0.37592));
#9202 = B_SPLINE_CURVE_WITH_KNOTS('',1,(#9203,#9204),.UNSPECIFIED.,.F.,
  .F.,(2,2),(0.,0.25144717139),.PIECEWISE_BEZIER_KNOTS.);
#9203 = CARTESIAN_POINT('',(3.0607,6.1468,0.37592));
#9204 = CARTESIAN_POINT('',(3.2385,5.969,0.37592));
#9205 = ORIENTED_EDGE('',*,*,#9206,.T.);
#9206 = EDGE_CURVE('',#9200,#9207,#9209,.T.);
#9207 = VERTEX_POINT('',#9208);
#9208 = CARTESIAN_POINT('',(3.4671,5.969,0.37592));
#9209 = ( BOUNDED_CURVE() B_SPLINE_CURVE(2,(#9210,#9211,#9212,#9213,
#9214,#9215,#9216),.UNSPECIFIED.,.F.,.F.) B_SPLINE_CURVE_WITH_KNOTS((3,2
    ,2,3),(0.,6.004461017791E-02,0.21963751698,0.279682127158),
.UNSPECIFIED.) CURVE() GEOMETRIC_REPRESENTATION_ITEM() 
RATIONAL_B_SPLINE_CURVE((1.,1.,1.,0.707106781201,1.,1.,1.)) 
REPRESENTATION_ITEM('') );
#9210 = CARTESIAN_POINT('',(3.2385,5.969,0.37592));
#9211 = CARTESIAN_POINT('',(3.259728975515,5.990228975515,0.37592));
#9212 = CARTESIAN_POINT('',(3.280957951031,6.01145795103,0.37592));
#9213 = CARTESIAN_POINT('',(3.3528,6.083299999996,0.37592));
#9214 = CARTESIAN_POINT('',(3.424642048969,6.01145795103,0.37592));
#9215 = CARTESIAN_POINT('',(3.445871024485,5.990228975515,0.37592));
#9216 = CARTESIAN_POINT('',(3.4671,5.969,0.37592));
#9217 = ORIENTED_EDGE('',*,*,#9218,.T.);
#9218 = EDGE_CURVE('',#9207,#9219,#9221,.T.);
#9219 = VERTEX_POINT('',#9220);
#9220 = CARTESIAN_POINT('',(3.6449,6.1468,0.37592));
#9221 = B_SPLINE_CURVE_WITH_KNOTS('',1,(#9222,#9223),.UNSPECIFIED.,.F.,
  .F.,(2,2),(0.,0.25144717139),.PIECEWISE_BEZIER_KNOTS.);
#9222 = CARTESIAN_POINT('',(3.4671,5.969,0.37592));
#9223 = CARTESIAN_POINT('',(3.6449,6.1468,0.37592));
#9224 = ORIENTED_EDGE('',*,*,#9225,.T.);
#9225 = EDGE_CURVE('',#9219,#9198,#9226,.T.);
#9226 = ( BOUNDED_CURVE() B_SPLINE_CURVE(2,(#9227,#9228,#9229,#9230,
    #9231,#9232,#9233,#9234,#9235,#9236,#9237),.UNSPECIFIED.,.F.,.F.) 
B_SPLINE_CURVE_WITH_KNOTS((3,2,2,2,2,3),(0.,0.164726146909,
    0.261048986921,0.438848986921,0.535171826934,0.699897973843),
.UNSPECIFIED.) CURVE() GEOMETRIC_REPRESENTATION_ITEM() 
RATIONAL_B_SPLINE_CURVE((1.,1.,1.,0.923879532538,1.,1.,1.,0.923879532538
,1.,1.,1.)) REPRESENTATION_ITEM('') );
#9227 = CARTESIAN_POINT('',(3.6449,6.1468,0.37592));
#9228 = CARTESIAN_POINT('',(3.586660512242,6.20503948776,0.37592));
#9229 = CARTESIAN_POINT('',(3.528421024484,6.26327897552,0.37592));
#9230 = CARTESIAN_POINT('',(3.492499999998,6.299199999999,0.37592));
#9231 = CARTESIAN_POINT('',(3.4417,6.2992,0.37592));
#9232 = CARTESIAN_POINT('',(3.3528,6.2992,0.37592));
#9233 = CARTESIAN_POINT('',(3.2639,6.2992,0.37592));
#9234 = CARTESIAN_POINT('',(3.213100000002,6.299199999999,0.37592));
#9235 = CARTESIAN_POINT('',(3.177178975516,6.26327897552,0.37592));
#9236 = CARTESIAN_POINT('',(3.118939487758,6.20503948776,0.37592));
#9237 = CARTESIAN_POINT('',(3.0607,6.1468,0.37592));
#9238 = FACE_BOUND('',#9239,.T.);
#9239 = EDGE_LOOP('',(#9240,#9249,#9261,#9268));
#9240 = ORIENTED_EDGE('',*,*,#9241,.T.);
#9241 = EDGE_CURVE('',#9242,#9244,#9246,.T.);
#9242 = VERTEX_POINT('',#9243);
#9243 = CARTESIAN_POINT('',(1.0033,3.6576,0.37592));
#9244 = VERTEX_POINT('',#9245);
#9245 = CARTESIAN_POINT('',(1.1811,3.4798,0.37592));
#9246 = B_SPLINE_CURVE_WITH_KNOTS('',1,(#9247,#9248),.UNSPECIFIED.,.F.,
  .F.,(2,2),(0.,0.25144717139),.PIECEWISE_BEZIER_KNOTS.);
#9247 = CARTESIAN_POINT('',(1.0033,3.6576,0.37592));
#9248 = CARTESIAN_POINT('',(1.1811,3.4798,0.37592));
#9249 = ORIENTED_EDGE('',*,*,#9250,.T.);
#9250 = EDGE_CURVE('',#9244,#9251,#9253,.T.);
#9251 = VERTEX_POINT('',#9252);
#9252 = CARTESIAN_POINT('',(1.4097,3.4798,0.37592));
#9253 = ( BOUNDED_CURVE() B_SPLINE_CURVE(2,(#9254,#9255,#9256,#9257,
#9258,#9259,#9260),.UNSPECIFIED.,.F.,.F.) B_SPLINE_CURVE_WITH_KNOTS((3,2
    ,2,3),(0.,6.004461017861E-02,0.219637516982,0.279682127161),
.UNSPECIFIED.) CURVE() GEOMETRIC_REPRESENTATION_ITEM() 
RATIONAL_B_SPLINE_CURVE((1.,1.,1.,0.707106781181,1.,1.,1.)) 
REPRESENTATION_ITEM('') );
#9254 = CARTESIAN_POINT('',(1.1811,3.4798,0.37592));
#9255 = CARTESIAN_POINT('',(1.202328975515,3.501028975516,0.37592));
#9256 = CARTESIAN_POINT('',(1.223557951031,3.522257951031,0.37592));
#9257 = CARTESIAN_POINT('',(1.2954,3.594100000001,0.37592));
#9258 = CARTESIAN_POINT('',(1.367242048969,3.522257951031,0.37592));
#9259 = CARTESIAN_POINT('',(1.388471024484,3.501028975516,0.37592));
#9260 = CARTESIAN_POINT('',(1.4097,3.4798,0.37592));
#9261 = ORIENTED_EDGE('',*,*,#9262,.T.);
#9262 = EDGE_CURVE('',#9251,#9263,#9265,.T.);
#9263 = VERTEX_POINT('',#9264);
#9264 = CARTESIAN_POINT('',(1.5875,3.6576,0.37592));
#9265 = B_SPLINE_CURVE_WITH_KNOTS('',1,(#9266,#9267),.UNSPECIFIED.,.F.,
  .F.,(2,2),(0.,0.25144717139),.PIECEWISE_BEZIER_KNOTS.);
#9266 = CARTESIAN_POINT('',(1.4097,3.4798,0.37592));
#9267 = CARTESIAN_POINT('',(1.5875,3.6576,0.37592));
#9268 = ORIENTED_EDGE('',*,*,#9269,.T.);
#9269 = EDGE_CURVE('',#9263,#9242,#9270,.T.);
#9270 = ( BOUNDED_CURVE() B_SPLINE_CURVE(2,(#9271,#9272,#9273,#9274,
    #9275,#9276,#9277,#9278,#9279,#9280,#9281),.UNSPECIFIED.,.F.,.F.) 
B_SPLINE_CURVE_WITH_KNOTS((3,2,2,2,2,3),(0.,0.164726146906,
    0.261048986921,0.438848986921,0.535171826935,0.699897973841),
.UNSPECIFIED.) CURVE() GEOMETRIC_REPRESENTATION_ITEM() 
RATIONAL_B_SPLINE_CURVE((1.,1.,1.,0.923879532515,1.,1.,1.,0.923879532516
,1.,1.,1.)) REPRESENTATION_ITEM('') );
#9271 = CARTESIAN_POINT('',(1.5875,3.6576,0.37592));
#9272 = CARTESIAN_POINT('',(1.529260512242,3.715839487758,0.37592));
#9273 = CARTESIAN_POINT('',(1.471021024484,3.774078975516,0.37592));
#9274 = CARTESIAN_POINT('',(1.4351,3.81,0.37592));
#9275 = CARTESIAN_POINT('',(1.3843,3.81,0.37592));
#9276 = CARTESIAN_POINT('',(1.2954,3.81,0.37592));
#9277 = CARTESIAN_POINT('',(1.2065,3.81,0.37592));
#9278 = CARTESIAN_POINT('',(1.1557,3.81,0.37592));
#9279 = CARTESIAN_POINT('',(1.119778975516,3.774078975516,0.37592));
#9280 = CARTESIAN_POINT('',(1.061539487758,3.715839487758,0.37592));
#9281 = CARTESIAN_POINT('',(1.0033,3.6576,0.37592));
#9282 = PLANE('',#9283);
#9283 = AXIS2_PLACEMENT_3D('',#9284,#9285,#9286);
#9284 = CARTESIAN_POINT('',(-7.116797173822,-4.251677173822,0.37592));
#9285 = DIRECTION('',(0.,0.,-1.));
#9286 = DIRECTION('',(-1.,0.,-0.));
#9287 = ADVANCED_FACE('',(#9288),#9345,.T.);
#9288 = FACE_BOUND('',#9289,.T.);
#9289 = EDGE_LOOP('',(#9290,#9291,#9292,#9293,#9294,#9295,#9296,#9297,
    #9298,#9305,#9312,#9319,#9326,#9333,#9340));
#9290 = ORIENTED_EDGE('',*,*,#3355,.F.);
#9291 = ORIENTED_EDGE('',*,*,#3460,.T.);
#9292 = ORIENTED_EDGE('',*,*,#3587,.T.);
#9293 = ORIENTED_EDGE('',*,*,#3615,.T.);
#9294 = ORIENTED_EDGE('',*,*,#3658,.T.);
#9295 = ORIENTED_EDGE('',*,*,#8845,.T.);
#9296 = ORIENTED_EDGE('',*,*,#8873,.T.);
#9297 = ORIENTED_EDGE('',*,*,#8901,.T.);
#9298 = ORIENTED_EDGE('',*,*,#9299,.T.);
#9299 = EDGE_CURVE('',#8902,#9300,#9302,.T.);
#9300 = VERTEX_POINT('',#9301);
#9301 = CARTESIAN_POINT('',(6.6675,8.128,0.37592));
#9302 = B_SPLINE_CURVE_WITH_KNOTS('',1,(#9303,#9304),.UNSPECIFIED.,.F.,
  .F.,(2,2),(-5.7658,0.),.PIECEWISE_BEZIER_KNOTS.);
#9303 = CARTESIAN_POINT('',(6.6675,2.3622,0.37592));
#9304 = CARTESIAN_POINT('',(6.6675,8.128,0.37592));
#9305 = ORIENTED_EDGE('',*,*,#9306,.T.);
#9306 = EDGE_CURVE('',#9300,#9307,#9309,.T.);
#9307 = VERTEX_POINT('',#9308);
#9308 = CARTESIAN_POINT('',(7.00024,8.128,0.37592));
#9309 = B_SPLINE_CURVE_WITH_KNOTS('',1,(#9310,#9311),.UNSPECIFIED.,.F.,
  .F.,(2,2),(-0.33274,0.),.PIECEWISE_BEZIER_KNOTS.);
#9310 = CARTESIAN_POINT('',(6.6675,8.128,0.37592));
#9311 = CARTESIAN_POINT('',(7.00024,8.128,0.37592));
#9312 = ORIENTED_EDGE('',*,*,#9313,.T.);
#9313 = EDGE_CURVE('',#9307,#9314,#9316,.T.);
#9314 = VERTEX_POINT('',#9315);
#9315 = CARTESIAN_POINT('',(7.00024,1.8288,0.37592));
#9316 = B_SPLINE_CURVE_WITH_KNOTS('',1,(#9317,#9318),.UNSPECIFIED.,.F.,
  .F.,(2,2),(-6.2992,0.),.PIECEWISE_BEZIER_KNOTS.);
#9317 = CARTESIAN_POINT('',(7.00024,8.128,0.37592));
#9318 = CARTESIAN_POINT('',(7.00024,1.8288,0.37592));
#9319 = ORIENTED_EDGE('',*,*,#9320,.T.);
#9320 = EDGE_CURVE('',#9314,#9321,#9323,.T.);
#9321 = VERTEX_POINT('',#9322);
#9322 = CARTESIAN_POINT('',(6.6802,1.8288,0.37592));
#9323 = B_SPLINE_CURVE_WITH_KNOTS('',1,(#9324,#9325),.UNSPECIFIED.,.F.,
  .F.,(2,2),(-0.32004,0.),.PIECEWISE_BEZIER_KNOTS.);
#9324 = CARTESIAN_POINT('',(7.00024,1.8288,0.37592));
#9325 = CARTESIAN_POINT('',(6.6802,1.8288,0.37592));
#9326 = ORIENTED_EDGE('',*,*,#9327,.T.);
#9327 = EDGE_CURVE('',#9321,#9328,#9330,.T.);
#9328 = VERTEX_POINT('',#9329);
#9329 = CARTESIAN_POINT('',(6.6802,-0.2032,0.37592));
#9330 = B_SPLINE_CURVE_WITH_KNOTS('',1,(#9331,#9332),.UNSPECIFIED.,.F.,
  .F.,(2,2),(-2.032,0.),.PIECEWISE_BEZIER_KNOTS.);
#9331 = CARTESIAN_POINT('',(6.6802,1.8288,0.37592));
#9332 = CARTESIAN_POINT('',(6.6802,-0.2032,0.37592));
#9333 = ORIENTED_EDGE('',*,*,#9334,.T.);
#9334 = EDGE_CURVE('',#9328,#9335,#9337,.T.);
#9335 = VERTEX_POINT('',#9336);
#9336 = CARTESIAN_POINT('',(7.00024,-0.2032,0.37592));
#9337 = B_SPLINE_CURVE_WITH_KNOTS('',1,(#9338,#9339),.UNSPECIFIED.,.F.,
  .F.,(2,2),(-0.32004,0.),.PIECEWISE_BEZIER_KNOTS.);
#9338 = CARTESIAN_POINT('',(6.6802,-0.2032,0.37592));
#9339 = CARTESIAN_POINT('',(7.00024,-0.2032,0.37592));
#9340 = ORIENTED_EDGE('',*,*,#9341,.T.);
#9341 = EDGE_CURVE('',#9335,#3358,#9342,.T.);
#9342 = B_SPLINE_CURVE_WITH_KNOTS('',1,(#9343,#9344),.UNSPECIFIED.,.F.,
  .F.,(2,2),(-3.9878,0.),.PIECEWISE_BEZIER_KNOTS.);
#9343 = CARTESIAN_POINT('',(7.00024,-0.2032,0.37592));
#9344 = CARTESIAN_POINT('',(7.00024,-4.191,0.37592));
#9345 = PLANE('',#9346);
#9346 = AXIS2_PLACEMENT_3D('',#9347,#9348,#9349);
#9347 = CARTESIAN_POINT('',(0.493550826178,-6.011897173822,0.37592));
#9348 = DIRECTION('',(0.,0.,-1.));
#9349 = DIRECTION('',(-1.,0.,-0.));
#9350 = ADVANCED_FACE('',(#9351),#9394,.T.);
#9351 = FACE_BOUND('',#9352,.T.);
#9352 = EDGE_LOOP('',(#9353,#9354,#9355,#9356,#9363,#9370,#9375,#9376,
    #9383,#9388,#9389,#9390,#9391,#9392,#9393));
#9353 = ORIENTED_EDGE('',*,*,#3404,.T.);
#9354 = ORIENTED_EDGE('',*,*,#2854,.F.);
#9355 = ORIENTED_EDGE('',*,*,#2819,.T.);
#9356 = ORIENTED_EDGE('',*,*,#9357,.T.);
#9357 = EDGE_CURVE('',#2813,#9358,#9360,.T.);
#9358 = VERTEX_POINT('',#9359);
#9359 = CARTESIAN_POINT('',(-6.6802,-0.2032,0.37592));
#9360 = B_SPLINE_CURVE_WITH_KNOTS('',1,(#9361,#9362),.UNSPECIFIED.,.F.,
  .F.,(2,2),(-0.32004,0.),.PIECEWISE_BEZIER_KNOTS.);
#9361 = CARTESIAN_POINT('',(-7.00024,-0.2032,0.37592));
#9362 = CARTESIAN_POINT('',(-6.6802,-0.2032,0.37592));
#9363 = ORIENTED_EDGE('',*,*,#9364,.T.);
#9364 = EDGE_CURVE('',#9358,#9365,#9367,.T.);
#9365 = VERTEX_POINT('',#9366);
#9366 = CARTESIAN_POINT('',(-6.6802,1.8288,0.37592));
#9367 = B_SPLINE_CURVE_WITH_KNOTS('',1,(#9368,#9369),.UNSPECIFIED.,.F.,
  .F.,(2,2),(-2.032,0.),.PIECEWISE_BEZIER_KNOTS.);
#9368 = CARTESIAN_POINT('',(-6.6802,-0.2032,0.37592));
#9369 = CARTESIAN_POINT('',(-6.6802,1.8288,0.37592));
#9370 = ORIENTED_EDGE('',*,*,#9371,.T.);
#9371 = EDGE_CURVE('',#9365,#2778,#9372,.T.);
#9372 = B_SPLINE_CURVE_WITH_KNOTS('',1,(#9373,#9374),.UNSPECIFIED.,.F.,
  .F.,(2,2),(-0.32004,0.),.PIECEWISE_BEZIER_KNOTS.);
#9373 = CARTESIAN_POINT('',(-6.6802,1.8288,0.37592));
#9374 = CARTESIAN_POINT('',(-7.00024,1.8288,0.37592));
#9375 = ORIENTED_EDGE('',*,*,#2777,.T.);
#9376 = ORIENTED_EDGE('',*,*,#9377,.T.);
#9377 = EDGE_CURVE('',#2771,#9378,#9380,.T.);
#9378 = VERTEX_POINT('',#9379);
#9379 = CARTESIAN_POINT('',(-6.6675,8.128,0.37592));
#9380 = B_SPLINE_CURVE_WITH_KNOTS('',1,(#9381,#9382),.UNSPECIFIED.,.F.,
  .F.,(2,2),(-0.33274,0.),.PIECEWISE_BEZIER_KNOTS.);
#9381 = CARTESIAN_POINT('',(-7.00024,8.128,0.37592));
#9382 = CARTESIAN_POINT('',(-6.6675,8.128,0.37592));
#9383 = ORIENTED_EDGE('',*,*,#9384,.T.);
#9384 = EDGE_CURVE('',#9378,#4137,#9385,.T.);
#9385 = B_SPLINE_CURVE_WITH_KNOTS('',1,(#9386,#9387),.UNSPECIFIED.,.F.,
  .F.,(2,2),(-5.7658,0.),.PIECEWISE_BEZIER_KNOTS.);
#9386 = CARTESIAN_POINT('',(-6.6675,8.128,0.37592));
#9387 = CARTESIAN_POINT('',(-6.6675,2.3622,0.37592));
#9388 = ORIENTED_EDGE('',*,*,#4136,.T.);
#9389 = ORIENTED_EDGE('',*,*,#4108,.T.);
#9390 = ORIENTED_EDGE('',*,*,#4080,.T.);
#9391 = ORIENTED_EDGE('',*,*,#4067,.T.);
#9392 = ORIENTED_EDGE('',*,*,#8826,.T.);
#9393 = ORIENTED_EDGE('',*,*,#8812,.T.);
#9394 = PLANE('',#9395);
#9395 = AXIS2_PLACEMENT_3D('',#9396,#9397,#9398);
#9396 = CARTESIAN_POINT('',(-7.619209173822,-6.011897173822,0.37592));
#9397 = DIRECTION('',(0.,0.,-1.));
#9398 = DIRECTION('',(-1.,0.,-0.));
#9399 = ADVANCED_FACE('',(#9400),#9426,.T.);
#9400 = FACE_BOUND('',#9401,.T.);
#9401 = EDGE_LOOP('',(#9402,#9409,#9416,#9421,#9422,#9423,#9424,#9425));
#9402 = ORIENTED_EDGE('',*,*,#9403,.F.);
#9403 = EDGE_CURVE('',#9404,#4144,#9406,.T.);
#9404 = VERTEX_POINT('',#9405);
#9405 = CARTESIAN_POINT('',(-6.6675,8.128,-8.881784197001E-16));
#9406 = B_SPLINE_CURVE_WITH_KNOTS('',1,(#9407,#9408),.UNSPECIFIED.,.F.,
  .F.,(2,2),(0.,5.7658),.PIECEWISE_BEZIER_KNOTS.);
#9407 = CARTESIAN_POINT('',(-6.6675,8.128,-8.881784197001E-16));
#9408 = CARTESIAN_POINT('',(-6.6675,2.3622,-8.881784197001E-16));
#9409 = ORIENTED_EDGE('',*,*,#9410,.F.);
#9410 = EDGE_CURVE('',#9411,#9404,#9413,.T.);
#9411 = VERTEX_POINT('',#9412);
#9412 = CARTESIAN_POINT('',(-5.9055,8.128,-8.881784197001E-16));
#9413 = B_SPLINE_CURVE_WITH_KNOTS('',1,(#9414,#9415),.UNSPECIFIED.,.F.,
  .F.,(2,2),(0.,0.762),.PIECEWISE_BEZIER_KNOTS.);
#9414 = CARTESIAN_POINT('',(-5.9055,8.128,-8.881784197001E-16));
#9415 = CARTESIAN_POINT('',(-6.6675,8.128,-8.881784197001E-16));
#9416 = ORIENTED_EDGE('',*,*,#9417,.F.);
#9417 = EDGE_CURVE('',#4173,#9411,#9418,.T.);
#9418 = B_SPLINE_CURVE_WITH_KNOTS('',1,(#9419,#9420),.UNSPECIFIED.,.F.,
  .F.,(2,2),(0.,4.572),.PIECEWISE_BEZIER_KNOTS.);
#9419 = CARTESIAN_POINT('',(-5.9055,3.556,-8.881784197001E-16));
#9420 = CARTESIAN_POINT('',(-5.9055,8.128,-8.881784197001E-16));
#9421 = ORIENTED_EDGE('',*,*,#4172,.F.);
#9422 = ORIENTED_EDGE('',*,*,#4033,.F.);
#9423 = ORIENTED_EDGE('',*,*,#4094,.F.);
#9424 = ORIENTED_EDGE('',*,*,#4122,.F.);
#9425 = ORIENTED_EDGE('',*,*,#4150,.F.);
#9426 = PLANE('',#9427);
#9427 = AXIS2_PLACEMENT_3D('',#9428,#9429,#9430);
#9428 = CARTESIAN_POINT('',(-6.834857173822,9.247857173822,
    -1.7763568394E-15));
#9429 = DIRECTION('',(0.,0.,-1.));
#9430 = DIRECTION('',(-1.,0.,-0.));
#9431 = ADVANCED_FACE('',(#9432),#9458,.T.);
#9432 = FACE_BOUND('',#9433,.T.);
#9433 = EDGE_LOOP('',(#9434,#9435,#9436,#9437,#9444,#9451,#9456,#9457));
#9434 = ORIENTED_EDGE('',*,*,#8853,.F.);
#9435 = ORIENTED_EDGE('',*,*,#3644,.F.);
#9436 = ORIENTED_EDGE('',*,*,#3698,.F.);
#9437 = ORIENTED_EDGE('',*,*,#9438,.F.);
#9438 = EDGE_CURVE('',#9439,#3692,#9441,.T.);
#9439 = VERTEX_POINT('',#9440);
#9440 = CARTESIAN_POINT('',(5.9055,8.128,-8.881784197001E-16));
#9441 = B_SPLINE_CURVE_WITH_KNOTS('',1,(#9442,#9443),.UNSPECIFIED.,.F.,
  .F.,(2,2),(0.,4.572),.PIECEWISE_BEZIER_KNOTS.);
#9442 = CARTESIAN_POINT('',(5.9055,8.128,-8.881784197001E-16));
#9443 = CARTESIAN_POINT('',(5.9055,3.556,-8.881784197001E-16));
#9444 = ORIENTED_EDGE('',*,*,#9445,.F.);
#9445 = EDGE_CURVE('',#9446,#9439,#9448,.T.);
#9446 = VERTEX_POINT('',#9447);
#9447 = CARTESIAN_POINT('',(6.6675,8.128,-8.881784197001E-16));
#9448 = B_SPLINE_CURVE_WITH_KNOTS('',1,(#9449,#9450),.UNSPECIFIED.,.F.,
  .F.,(2,2),(0.,0.762),.PIECEWISE_BEZIER_KNOTS.);
#9449 = CARTESIAN_POINT('',(6.6675,8.128,-8.881784197001E-16));
#9450 = CARTESIAN_POINT('',(5.9055,8.128,-8.881784197001E-16));
#9451 = ORIENTED_EDGE('',*,*,#9452,.F.);
#9452 = EDGE_CURVE('',#8910,#9446,#9453,.T.);
#9453 = B_SPLINE_CURVE_WITH_KNOTS('',1,(#9454,#9455),.UNSPECIFIED.,.F.,
  .F.,(2,2),(0.,5.7658),.PIECEWISE_BEZIER_KNOTS.);
#9454 = CARTESIAN_POINT('',(6.6675,2.3622,-8.881784197001E-16));
#9455 = CARTESIAN_POINT('',(6.6675,8.128,-8.881784197001E-16));
#9456 = ORIENTED_EDGE('',*,*,#8909,.F.);
#9457 = ORIENTED_EDGE('',*,*,#8881,.F.);
#9458 = PLANE('',#9459);
#9459 = AXIS2_PLACEMENT_3D('',#9460,#9461,#9462);
#9460 = CARTESIAN_POINT('',(5.128542826178,9.247857173822,
    -1.7763568394E-15));
#9461 = DIRECTION('',(0.,0.,-1.));
#9462 = DIRECTION('',(-1.,0.,-0.));
#9463 = ADVANCED_FACE('',(#9464),#9474,.T.);
#9464 = FACE_BOUND('',#9465,.T.);
#9465 = EDGE_LOOP('',(#9466,#9467,#9472,#9473));
#9466 = ORIENTED_EDGE('',*,*,#9384,.F.);
#9467 = ORIENTED_EDGE('',*,*,#9468,.T.);
#9468 = EDGE_CURVE('',#9378,#9404,#9469,.T.);
#9469 = B_SPLINE_CURVE_WITH_KNOTS('',1,(#9470,#9471),.UNSPECIFIED.,.F.,
  .F.,(2,2),(-0.37592,0.),.PIECEWISE_BEZIER_KNOTS.);
#9470 = CARTESIAN_POINT('',(-6.6675,8.128,0.37592));
#9471 = CARTESIAN_POINT('',(-6.6675,8.128,-8.881784197001E-16));
#9472 = ORIENTED_EDGE('',*,*,#9403,.T.);
#9473 = ORIENTED_EDGE('',*,*,#4143,.F.);
#9474 = PLANE('',#9475);
#9475 = AXIS2_PLACEMENT_3D('',#9476,#9477,#9478);
#9476 = CARTESIAN_POINT('',(-6.6675,1.755422826178,1.043709173822));
#9477 = DIRECTION('',(-1.,0.,0.));
#9478 = DIRECTION('',(0.,0.,-1.));
#9479 = ADVANCED_FACE('',(#9480),#9562,.T.);
#9480 = FACE_BOUND('',#9481,.T.);
#9481 = EDGE_LOOP('',(#9482,#9490,#9497,#9505,#9513,#9518,#9519,#9524,
    #9525,#9530,#9531,#9536,#9537,#9538,#9539,#9540,#9548,#9554,#9555,
    #9561));
#9482 = ORIENTED_EDGE('',*,*,#9483,.T.);
#9483 = EDGE_CURVE('',#8948,#9484,#9486,.T.);
#9484 = VERTEX_POINT('',#9485);
#9485 = CARTESIAN_POINT('',(7.00024,8.128,12.43076));
#9486 = ( BOUNDED_CURVE() B_SPLINE_CURVE(2,(#9487,#9488,#9489),
.UNSPECIFIED.,.F.,.F.) B_SPLINE_CURVE_WITH_KNOTS((3,3),(0.,
0.901699923433),.PIECEWISE_BEZIER_KNOTS.) CURVE() 
GEOMETRIC_REPRESENTATION_ITEM() RATIONAL_B_SPLINE_CURVE((1.,
0.707106781187,1.)) REPRESENTATION_ITEM('') );
#9487 = CARTESIAN_POINT('',(6.4262,8.128,13.0048));
#9488 = CARTESIAN_POINT('',(7.00024,8.128,13.0048));
#9489 = CARTESIAN_POINT('',(7.00024,8.128,12.43076));
#9490 = ORIENTED_EDGE('',*,*,#9491,.T.);
#9491 = EDGE_CURVE('',#9484,#9492,#9494,.T.);
#9492 = VERTEX_POINT('',#9493);
#9493 = CARTESIAN_POINT('',(7.00024,8.128,8.45312));
#9494 = B_SPLINE_CURVE_WITH_KNOTS('',1,(#9495,#9496),.UNSPECIFIED.,.F.,
  .F.,(2,2),(-3.97764,0.),.PIECEWISE_BEZIER_KNOTS.);
#9495 = CARTESIAN_POINT('',(7.00024,8.128,12.43076));
#9496 = CARTESIAN_POINT('',(7.00024,8.128,8.45312));
#9497 = ORIENTED_EDGE('',*,*,#9498,.T.);
#9498 = EDGE_CURVE('',#9492,#9499,#9501,.T.);
#9499 = VERTEX_POINT('',#9500);
#9500 = CARTESIAN_POINT('',(6.4262,8.128,7.87908));
#9501 = ( BOUNDED_CURVE() B_SPLINE_CURVE(2,(#9502,#9503,#9504),
.UNSPECIFIED.,.F.,.F.) B_SPLINE_CURVE_WITH_KNOTS((3,3),(0.,
0.901699923433),.PIECEWISE_BEZIER_KNOTS.) CURVE() 
GEOMETRIC_REPRESENTATION_ITEM() RATIONAL_B_SPLINE_CURVE((1.,
0.707106781187,1.)) REPRESENTATION_ITEM('') );
#9502 = CARTESIAN_POINT('',(7.00024,8.128,8.45312));
#9503 = CARTESIAN_POINT('',(7.00024,8.128,7.87908));
#9504 = CARTESIAN_POINT('',(6.4262,8.128,7.87908));
#9505 = ORIENTED_EDGE('',*,*,#9506,.T.);
#9506 = EDGE_CURVE('',#9499,#9507,#9509,.T.);
#9507 = VERTEX_POINT('',#9508);
#9508 = CARTESIAN_POINT('',(7.00024,8.128,7.30504));
#9509 = ( BOUNDED_CURVE() B_SPLINE_CURVE(2,(#9510,#9511,#9512),
.UNSPECIFIED.,.F.,.F.) B_SPLINE_CURVE_WITH_KNOTS((3,3),(0.,
0.901699923433),.PIECEWISE_BEZIER_KNOTS.) CURVE() 
GEOMETRIC_REPRESENTATION_ITEM() RATIONAL_B_SPLINE_CURVE((1.,
0.707106781187,1.)) REPRESENTATION_ITEM('') );
#9510 = CARTESIAN_POINT('',(6.4262,8.128,7.87908));
#9511 = CARTESIAN_POINT('',(7.00024,8.128,7.87908));
#9512 = CARTESIAN_POINT('',(7.00024,8.128,7.30504));
#9513 = ORIENTED_EDGE('',*,*,#9514,.T.);
#9514 = EDGE_CURVE('',#9507,#9307,#9515,.T.);
#9515 = B_SPLINE_CURVE_WITH_KNOTS('',1,(#9516,#9517),.UNSPECIFIED.,.F.,
  .F.,(2,2),(-6.92912,0.),.PIECEWISE_BEZIER_KNOTS.);
#9516 = CARTESIAN_POINT('',(7.00024,8.128,7.30504));
#9517 = CARTESIAN_POINT('',(7.00024,8.128,0.37592));
#9518 = ORIENTED_EDGE('',*,*,#9306,.F.);
#9519 = ORIENTED_EDGE('',*,*,#9520,.T.);
#9520 = EDGE_CURVE('',#9300,#9446,#9521,.T.);
#9521 = B_SPLINE_CURVE_WITH_KNOTS('',1,(#9522,#9523),.UNSPECIFIED.,.F.,
  .F.,(2,2),(-0.37592,0.),.PIECEWISE_BEZIER_KNOTS.);
#9522 = CARTESIAN_POINT('',(6.6675,8.128,0.37592));
#9523 = CARTESIAN_POINT('',(6.6675,8.128,-8.881784197001E-16));
#9524 = ORIENTED_EDGE('',*,*,#9445,.T.);
#9525 = ORIENTED_EDGE('',*,*,#9526,.T.);
#9526 = EDGE_CURVE('',#9439,#9000,#9527,.T.);
#9527 = B_SPLINE_CURVE_WITH_KNOTS('',1,(#9528,#9529),.UNSPECIFIED.,.F.,
  .F.,(2,2),(-0.37592,0.),.PIECEWISE_BEZIER_KNOTS.);
#9528 = CARTESIAN_POINT('',(5.9055,8.128,-8.881784197001E-16));
#9529 = CARTESIAN_POINT('',(5.9055,8.128,0.37592));
#9530 = ORIENTED_EDGE('',*,*,#8999,.F.);
#9531 = ORIENTED_EDGE('',*,*,#9532,.T.);
#9532 = EDGE_CURVE('',#8993,#9411,#9533,.T.);
#9533 = B_SPLINE_CURVE_WITH_KNOTS('',1,(#9534,#9535),.UNSPECIFIED.,.F.,
  .F.,(2,2),(-0.37592,0.),.PIECEWISE_BEZIER_KNOTS.);
#9534 = CARTESIAN_POINT('',(-5.9055,8.128,0.37592));
#9535 = CARTESIAN_POINT('',(-5.9055,8.128,-8.881784197001E-16));
#9536 = ORIENTED_EDGE('',*,*,#9410,.T.);
#9537 = ORIENTED_EDGE('',*,*,#9468,.F.);
#9538 = ORIENTED_EDGE('',*,*,#9377,.F.);
#9539 = ORIENTED_EDGE('',*,*,#2770,.T.);
#9540 = ORIENTED_EDGE('',*,*,#9541,.T.);
#9541 = EDGE_CURVE('',#2764,#9542,#9544,.T.);
#9542 = VERTEX_POINT('',#9543);
#9543 = CARTESIAN_POINT('',(-6.4262,8.128,7.87908));
#9544 = ( BOUNDED_CURVE() B_SPLINE_CURVE(2,(#9545,#9546,#9547),
.UNSPECIFIED.,.F.,.F.) B_SPLINE_CURVE_WITH_KNOTS((3,3),(0.,
0.901699923433),.PIECEWISE_BEZIER_KNOTS.) CURVE() 
GEOMETRIC_REPRESENTATION_ITEM() RATIONAL_B_SPLINE_CURVE((1.,
0.707106781187,1.)) REPRESENTATION_ITEM('') );
#9545 = CARTESIAN_POINT('',(-7.00024,8.128,7.30504));
#9546 = CARTESIAN_POINT('',(-7.00024,8.128,7.87908));
#9547 = CARTESIAN_POINT('',(-6.4262,8.128,7.87908));
#9548 = ORIENTED_EDGE('',*,*,#9549,.T.);
#9549 = EDGE_CURVE('',#9542,#2743,#9550,.T.);
#9550 = ( BOUNDED_CURVE() B_SPLINE_CURVE(2,(#9551,#9552,#9553),
.UNSPECIFIED.,.F.,.F.) B_SPLINE_CURVE_WITH_KNOTS((3,3),(0.,
0.901699923433),.PIECEWISE_BEZIER_KNOTS.) CURVE() 
GEOMETRIC_REPRESENTATION_ITEM() RATIONAL_B_SPLINE_CURVE((1.,
0.707106781187,1.)) REPRESENTATION_ITEM('') );
#9551 = CARTESIAN_POINT('',(-6.4262,8.128,7.87908));
#9552 = CARTESIAN_POINT('',(-7.00024,8.128,7.87908));
#9553 = CARTESIAN_POINT('',(-7.00024,8.128,8.45312));
#9554 = ORIENTED_EDGE('',*,*,#2742,.T.);
#9555 = ORIENTED_EDGE('',*,*,#9556,.T.);
#9556 = EDGE_CURVE('',#2736,#8955,#9557,.T.);
#9557 = ( BOUNDED_CURVE() B_SPLINE_CURVE(2,(#9558,#9559,#9560),
.UNSPECIFIED.,.F.,.F.) B_SPLINE_CURVE_WITH_KNOTS((3,3),(0.,
0.901699923433),.PIECEWISE_BEZIER_KNOTS.) CURVE() 
GEOMETRIC_REPRESENTATION_ITEM() RATIONAL_B_SPLINE_CURVE((1.,
0.707106781187,1.)) REPRESENTATION_ITEM('') );
#9558 = CARTESIAN_POINT('',(-7.00024,8.128,12.43076));
#9559 = CARTESIAN_POINT('',(-7.00024,8.128,13.0048));
#9560 = CARTESIAN_POINT('',(-6.4262,8.128,13.0048));
#9561 = ORIENTED_EDGE('',*,*,#8954,.F.);
#9562 = PLANE('',#9563);
#9563 = AXIS2_PLACEMENT_3D('',#9564,#9565,#9566);
#9564 = CARTESIAN_POINT('',(-8.430485173822,8.128,-1.330677173822));
#9565 = DIRECTION('',(0.,1.,0.));
#9566 = DIRECTION('',(0.,-0.,1.));
#9567 = ADVANCED_FACE('',(#9568),#9585,.T.);
#9568 = FACE_BOUND('',#9569,.T.);
#9569 = EDGE_LOOP('',(#9570,#9577,#9578,#9579));
#9570 = ORIENTED_EDGE('',*,*,#9571,.T.);
#9571 = EDGE_CURVE('',#9572,#9484,#9574,.T.);
#9572 = VERTEX_POINT('',#9573);
#9573 = CARTESIAN_POINT('',(7.00024,4.699,12.43076));
#9574 = B_SPLINE_CURVE_WITH_KNOTS('',1,(#9575,#9576),.UNSPECIFIED.,.F.,
  .F.,(2,2),(-3.429,0.),.PIECEWISE_BEZIER_KNOTS.);
#9575 = CARTESIAN_POINT('',(7.00024,4.699,12.43076));
#9576 = CARTESIAN_POINT('',(7.00024,8.128,12.43076));
#9577 = ORIENTED_EDGE('',*,*,#9483,.F.);
#9578 = ORIENTED_EDGE('',*,*,#8947,.F.);
#9579 = ORIENTED_EDGE('',*,*,#9580,.T.);
#9580 = EDGE_CURVE('',#8941,#9572,#9581,.T.);
#9581 = ( BOUNDED_CURVE() B_SPLINE_CURVE(2,(#9582,#9583,#9584),
.UNSPECIFIED.,.F.,.F.) B_SPLINE_CURVE_WITH_KNOTS((3,3),(-0.901699923433,
0.),.PIECEWISE_BEZIER_KNOTS.) CURVE() GEOMETRIC_REPRESENTATION_ITEM() 
RATIONAL_B_SPLINE_CURVE((1.,0.707106781187,1.)) REPRESENTATION_ITEM('') 
  );
#9582 = CARTESIAN_POINT('',(6.4262,4.699,13.0048));
#9583 = CARTESIAN_POINT('',(7.00024,4.699,13.0048));
#9584 = CARTESIAN_POINT('',(7.00024,4.699,12.43076));
#9585 = CYLINDRICAL_SURFACE('',#9586,0.57404);
#9586 = AXIS2_PLACEMENT_3D('',#9587,#9588,#9589);
#9587 = CARTESIAN_POINT('',(6.4262,6.4135,12.43076));
#9588 = DIRECTION('',(0.,1.,0.));
#9589 = DIRECTION('',(0.,-0.,1.));
#9590 = ADVANCED_FACE('',(#9591,#9660),#9690,.T.);
#9591 = FACE_BOUND('',#9592,.T.);
#9592 = EDGE_LOOP('',(#9593,#9594,#9595,#9602,#9609,#9616,#9623,#9628,
    #9629,#9630,#9637,#9644,#9649,#9650,#9651,#9656,#9657,#9658,#9659));
#9593 = ORIENTED_EDGE('',*,*,#3365,.F.);
#9594 = ORIENTED_EDGE('',*,*,#9341,.F.);
#9595 = ORIENTED_EDGE('',*,*,#9596,.T.);
#9596 = EDGE_CURVE('',#9335,#9597,#9599,.T.);
#9597 = VERTEX_POINT('',#9598);
#9598 = CARTESIAN_POINT('',(7.00024,-0.2032,-2.49428));
#9599 = B_SPLINE_CURVE_WITH_KNOTS('',1,(#9600,#9601),.UNSPECIFIED.,.F.,
  .F.,(2,2),(-2.8702,0.),.PIECEWISE_BEZIER_KNOTS.);
#9600 = CARTESIAN_POINT('',(7.00024,-0.2032,0.37592));
#9601 = CARTESIAN_POINT('',(7.00024,-0.2032,-2.49428));
#9602 = ORIENTED_EDGE('',*,*,#9603,.T.);
#9603 = EDGE_CURVE('',#9597,#9604,#9606,.T.);
#9604 = VERTEX_POINT('',#9605);
#9605 = CARTESIAN_POINT('',(7.00024,0.383387873497,-3.51028));
#9606 = B_SPLINE_CURVE_WITH_KNOTS('',1,(#9607,#9608),.UNSPECIFIED.,.F.,
  .F.,(2,2),(0.,1.173175746993),.PIECEWISE_BEZIER_KNOTS.);
#9607 = CARTESIAN_POINT('',(7.00024,-0.2032,-2.49428));
#9608 = CARTESIAN_POINT('',(7.00024,0.383387873497,-3.51028));
#9609 = ORIENTED_EDGE('',*,*,#9610,.T.);
#9610 = EDGE_CURVE('',#9604,#9611,#9613,.T.);
#9611 = VERTEX_POINT('',#9612);
#9612 = CARTESIAN_POINT('',(7.00024,1.242212126503,-3.51028));
#9613 = B_SPLINE_CURVE_WITH_KNOTS('',1,(#9614,#9615),.UNSPECIFIED.,.F.,
  .F.,(2,2),(-0.858824253006,0.),.PIECEWISE_BEZIER_KNOTS.);
#9614 = CARTESIAN_POINT('',(7.00024,0.383387873497,-3.51028));
#9615 = CARTESIAN_POINT('',(7.00024,1.242212126503,-3.51028));
#9616 = ORIENTED_EDGE('',*,*,#9617,.T.);
#9617 = EDGE_CURVE('',#9611,#9618,#9620,.T.);
#9618 = VERTEX_POINT('',#9619);
#9619 = CARTESIAN_POINT('',(7.00024,1.8288,-2.49428));
#9620 = B_SPLINE_CURVE_WITH_KNOTS('',1,(#9621,#9622),.UNSPECIFIED.,.F.,
  .F.,(2,2),(0.,1.173175746993),.PIECEWISE_BEZIER_KNOTS.);
#9621 = CARTESIAN_POINT('',(7.00024,1.242212126503,-3.51028));
#9622 = CARTESIAN_POINT('',(7.00024,1.8288,-2.49428));
#9623 = ORIENTED_EDGE('',*,*,#9624,.T.);
#9624 = EDGE_CURVE('',#9618,#9314,#9625,.T.);
#9625 = B_SPLINE_CURVE_WITH_KNOTS('',1,(#9626,#9627),.UNSPECIFIED.,.F.,
  .F.,(2,2),(-2.8702,0.),.PIECEWISE_BEZIER_KNOTS.);
#9626 = CARTESIAN_POINT('',(7.00024,1.8288,-2.49428));
#9627 = CARTESIAN_POINT('',(7.00024,1.8288,0.37592));
#9628 = ORIENTED_EDGE('',*,*,#9313,.F.);
#9629 = ORIENTED_EDGE('',*,*,#9514,.F.);
#9630 = ORIENTED_EDGE('',*,*,#9631,.T.);
#9631 = EDGE_CURVE('',#9507,#9632,#9634,.T.);
#9632 = VERTEX_POINT('',#9633);
#9633 = CARTESIAN_POINT('',(7.00024,4.699,7.30504));
#9634 = B_SPLINE_CURVE_WITH_KNOTS('',1,(#9635,#9636),.UNSPECIFIED.,.F.,
  .F.,(2,2),(-3.429,0.),.PIECEWISE_BEZIER_KNOTS.);
#9635 = CARTESIAN_POINT('',(7.00024,8.128,7.30504));
#9636 = CARTESIAN_POINT('',(7.00024,4.699,7.30504));
#9637 = ORIENTED_EDGE('',*,*,#9638,.T.);
#9638 = EDGE_CURVE('',#9632,#9639,#9641,.T.);
#9639 = VERTEX_POINT('',#9640);
#9640 = CARTESIAN_POINT('',(7.00024,4.699,8.45312));
#9641 = B_SPLINE_CURVE_WITH_KNOTS('',1,(#9642,#9643),.UNSPECIFIED.,.F.,
  .F.,(2,2),(-1.14808,0.),.PIECEWISE_BEZIER_KNOTS.);
#9642 = CARTESIAN_POINT('',(7.00024,4.699,7.30504));
#9643 = CARTESIAN_POINT('',(7.00024,4.699,8.45312));
#9644 = ORIENTED_EDGE('',*,*,#9645,.T.);
#9645 = EDGE_CURVE('',#9639,#9492,#9646,.T.);
#9646 = B_SPLINE_CURVE_WITH_KNOTS('',1,(#9647,#9648),.UNSPECIFIED.,.F.,
  .F.,(2,2),(-3.429,0.),.PIECEWISE_BEZIER_KNOTS.);
#9647 = CARTESIAN_POINT('',(7.00024,4.699,8.45312));
#9648 = CARTESIAN_POINT('',(7.00024,8.128,8.45312));
#9649 = ORIENTED_EDGE('',*,*,#9491,.F.);
#9650 = ORIENTED_EDGE('',*,*,#9571,.F.);
#9651 = ORIENTED_EDGE('',*,*,#9652,.T.);
#9652 = EDGE_CURVE('',#9572,#8934,#9653,.T.);
#9653 = B_SPLINE_CURVE_WITH_KNOTS('',1,(#9654,#9655),.UNSPECIFIED.,.F.,
  .F.,(2,2),(-0.57404,0.),.PIECEWISE_BEZIER_KNOTS.);
#9654 = CARTESIAN_POINT('',(7.00024,4.699,12.43076));
#9655 = CARTESIAN_POINT('',(7.00024,4.699,13.0048));
#9656 = ORIENTED_EDGE('',*,*,#8933,.F.);
#9657 = ORIENTED_EDGE('',*,*,#3225,.F.);
#9658 = ORIENTED_EDGE('',*,*,#3388,.T.);
#9659 = ORIENTED_EDGE('',*,*,#3325,.T.);
#9660 = FACE_BOUND('',#9661,.T.);
#9661 = EDGE_LOOP('',(#9662,#9671,#9678,#9685));
#9662 = ORIENTED_EDGE('',*,*,#9663,.T.);
#9663 = EDGE_CURVE('',#9664,#9666,#9668,.T.);
#9664 = VERTEX_POINT('',#9665);
#9665 = CARTESIAN_POINT('',(7.00024,4.61264,2.2352));
#9666 = VERTEX_POINT('',#9667);
#9667 = CARTESIAN_POINT('',(7.00024,4.61264,4.7752));
#9668 = B_SPLINE_CURVE_WITH_KNOTS('',1,(#9669,#9670),.UNSPECIFIED.,.F.,
  .F.,(2,2),(-2.54,0.),.PIECEWISE_BEZIER_KNOTS.);
#9669 = CARTESIAN_POINT('',(7.00024,4.61264,2.2352));
#9670 = CARTESIAN_POINT('',(7.00024,4.61264,4.7752));
#9671 = ORIENTED_EDGE('',*,*,#9672,.T.);
#9672 = EDGE_CURVE('',#9666,#9673,#9675,.T.);
#9673 = VERTEX_POINT('',#9674);
#9674 = CARTESIAN_POINT('',(7.00024,5.88264,4.7752));
#9675 = B_SPLINE_CURVE_WITH_KNOTS('',1,(#9676,#9677),.UNSPECIFIED.,.F.,
  .F.,(2,2),(-1.27,0.),.PIECEWISE_BEZIER_KNOTS.);
#9676 = CARTESIAN_POINT('',(7.00024,4.61264,4.7752));
#9677 = CARTESIAN_POINT('',(7.00024,5.88264,4.7752));
#9678 = ORIENTED_EDGE('',*,*,#9679,.T.);
#9679 = EDGE_CURVE('',#9673,#9680,#9682,.T.);
#9680 = VERTEX_POINT('',#9681);
#9681 = CARTESIAN_POINT('',(7.00024,5.88264,2.2352));
#9682 = B_SPLINE_CURVE_WITH_KNOTS('',1,(#9683,#9684),.UNSPECIFIED.,.F.,
  .F.,(2,2),(-2.54,0.),.PIECEWISE_BEZIER_KNOTS.);
#9683 = CARTESIAN_POINT('',(7.00024,5.88264,4.7752));
#9684 = CARTESIAN_POINT('',(7.00024,5.88264,2.2352));
#9685 = ORIENTED_EDGE('',*,*,#9686,.T.);
#9686 = EDGE_CURVE('',#9680,#9664,#9687,.T.);
#9687 = B_SPLINE_CURVE_WITH_KNOTS('',1,(#9688,#9689),.UNSPECIFIED.,.F.,
  .F.,(2,2),(-1.27,0.),.PIECEWISE_BEZIER_KNOTS.);
#9688 = CARTESIAN_POINT('',(7.00024,5.88264,2.2352));
#9689 = CARTESIAN_POINT('',(7.00024,4.61264,2.2352));
#9690 = PLANE('',#9691);
#9691 = AXIS2_PLACEMENT_3D('',#9692,#9693,#9694);
#9692 = CARTESIAN_POINT('',(7.00024,-5.453097173822,14.686505173822));
#9693 = DIRECTION('',(1.,0.,0.));
#9694 = DIRECTION('',(-0.,0.,1.));
#9695 = ADVANCED_FACE('',(#9696),#9706,.T.);
#9696 = FACE_BOUND('',#9697,.T.);
#9697 = EDGE_LOOP('',(#9698,#9699,#9700));
#9698 = ORIENTED_EDGE('',*,*,#2728,.T.);
#9699 = ORIENTED_EDGE('',*,*,#8968,.F.);
#9700 = ORIENTED_EDGE('',*,*,#9701,.T.);
#9701 = EDGE_CURVE('',#8962,#2729,#9702,.T.);
#9702 = ( BOUNDED_CURVE() B_SPLINE_CURVE(2,(#9703,#9704,#9705),
.UNSPECIFIED.,.F.,.F.) B_SPLINE_CURVE_WITH_KNOTS((3,3),(0.,
0.901699923433),.PIECEWISE_BEZIER_KNOTS.) CURVE() 
GEOMETRIC_REPRESENTATION_ITEM() RATIONAL_B_SPLINE_CURVE((1.,
0.707106781187,1.)) REPRESENTATION_ITEM('') );
#9703 = CARTESIAN_POINT('',(-6.4262,4.699,13.0048));
#9704 = CARTESIAN_POINT('',(-7.00024,4.699,13.0048));
#9705 = CARTESIAN_POINT('',(-7.00024,4.699,12.43076));
#9706 = PLANE('',#9707);
#9707 = AXIS2_PLACEMENT_3D('',#9708,#9709,#9710);
#9708 = CARTESIAN_POINT('',(-5.738598826178,4.699,11.743158826178));
#9709 = DIRECTION('',(0.,1.,0.));
#9710 = DIRECTION('',(0.,-0.,1.));
#9711 = ADVANCED_FACE('',(#9712),#9717,.T.);
#9712 = FACE_BOUND('',#9713,.T.);
#9713 = EDGE_LOOP('',(#9714,#9715,#9716));
#9714 = ORIENTED_EDGE('',*,*,#9652,.F.);
#9715 = ORIENTED_EDGE('',*,*,#9580,.F.);
#9716 = ORIENTED_EDGE('',*,*,#8940,.F.);
#9717 = PLANE('',#9718);
#9718 = AXIS2_PLACEMENT_3D('',#9719,#9720,#9721);
#9719 = CARTESIAN_POINT('',(7.687841173822,4.699,11.743158826178));
#9720 = DIRECTION('',(0.,1.,0.));
#9721 = DIRECTION('',(0.,-0.,1.));
#9722 = ADVANCED_FACE('',(#9723),#9729,.T.);
#9723 = FACE_BOUND('',#9724,.T.);
#9724 = EDGE_LOOP('',(#9725,#9726,#9727,#9728));
#9725 = ORIENTED_EDGE('',*,*,#2735,.T.);
#9726 = ORIENTED_EDGE('',*,*,#9701,.F.);
#9727 = ORIENTED_EDGE('',*,*,#8961,.F.);
#9728 = ORIENTED_EDGE('',*,*,#9556,.F.);
#9729 = CYLINDRICAL_SURFACE('',#9730,0.57404);
#9730 = AXIS2_PLACEMENT_3D('',#9731,#9732,#9733);
#9731 = CARTESIAN_POINT('',(-6.4262,6.4135,12.43076));
#9732 = DIRECTION('',(0.,1.,0.));
#9733 = DIRECTION('',(0.,-0.,1.));
#9734 = ADVANCED_FACE('',(#9735),#9752,.T.);
#9735 = FACE_BOUND('',#9736,.T.);
#9736 = EDGE_LOOP('',(#9737,#9738,#9746,#9751));
#9737 = ORIENTED_EDGE('',*,*,#9645,.F.);
#9738 = ORIENTED_EDGE('',*,*,#9739,.T.);
#9739 = EDGE_CURVE('',#9639,#9740,#9742,.T.);
#9740 = VERTEX_POINT('',#9741);
#9741 = CARTESIAN_POINT('',(6.4262,4.699,7.87908));
#9742 = ( BOUNDED_CURVE() B_SPLINE_CURVE(2,(#9743,#9744,#9745),
.UNSPECIFIED.,.F.,.F.) B_SPLINE_CURVE_WITH_KNOTS((3,3),(-0.901699923433,
0.),.PIECEWISE_BEZIER_KNOTS.) CURVE() GEOMETRIC_REPRESENTATION_ITEM() 
RATIONAL_B_SPLINE_CURVE((1.,0.707106781187,1.)) REPRESENTATION_ITEM('') 
  );
#9743 = CARTESIAN_POINT('',(7.00024,4.699,8.45312));
#9744 = CARTESIAN_POINT('',(7.00024,4.699,7.87908));
#9745 = CARTESIAN_POINT('',(6.4262,4.699,7.87908));
#9746 = ORIENTED_EDGE('',*,*,#9747,.T.);
#9747 = EDGE_CURVE('',#9740,#9499,#9748,.T.);
#9748 = B_SPLINE_CURVE_WITH_KNOTS('',1,(#9749,#9750),.UNSPECIFIED.,.F.,
  .F.,(2,2),(-3.429,0.),.PIECEWISE_BEZIER_KNOTS.);
#9749 = CARTESIAN_POINT('',(6.4262,4.699,7.87908));
#9750 = CARTESIAN_POINT('',(6.4262,8.128,7.87908));
#9751 = ORIENTED_EDGE('',*,*,#9498,.F.);
#9752 = CYLINDRICAL_SURFACE('',#9753,0.57404);
#9753 = AXIS2_PLACEMENT_3D('',#9754,#9755,#9756);
#9754 = CARTESIAN_POINT('',(6.4262,6.4135,8.45312));
#9755 = DIRECTION('',(0.,1.,0.));
#9756 = DIRECTION('',(0.,-0.,1.));
#9757 = ADVANCED_FACE('',(#9758),#9769,.T.);
#9758 = FACE_BOUND('',#9759,.T.);
#9759 = EDGE_LOOP('',(#9760,#9761,#9762,#9763));
#9760 = ORIENTED_EDGE('',*,*,#9631,.F.);
#9761 = ORIENTED_EDGE('',*,*,#9506,.F.);
#9762 = ORIENTED_EDGE('',*,*,#9747,.F.);
#9763 = ORIENTED_EDGE('',*,*,#9764,.T.);
#9764 = EDGE_CURVE('',#9740,#9632,#9765,.T.);
#9765 = ( BOUNDED_CURVE() B_SPLINE_CURVE(2,(#9766,#9767,#9768),
.UNSPECIFIED.,.F.,.F.) B_SPLINE_CURVE_WITH_KNOTS((3,3),(-0.901699923433,
0.),.PIECEWISE_BEZIER_KNOTS.) CURVE() GEOMETRIC_REPRESENTATION_ITEM() 
RATIONAL_B_SPLINE_CURVE((1.,0.707106781187,1.)) REPRESENTATION_ITEM('') 
  );
#9766 = CARTESIAN_POINT('',(6.4262,4.699,7.87908));
#9767 = CARTESIAN_POINT('',(7.00024,4.699,7.87908));
#9768 = CARTESIAN_POINT('',(7.00024,4.699,7.30504));
#9769 = CYLINDRICAL_SURFACE('',#9770,0.57404);
#9770 = AXIS2_PLACEMENT_3D('',#9771,#9772,#9773);
#9771 = CARTESIAN_POINT('',(6.4262,6.4135,7.30504));
#9772 = DIRECTION('',(0.,1.,0.));
#9773 = DIRECTION('',(0.,-0.,1.));
#9774 = ADVANCED_FACE('',(#9775),#9792,.T.);
#9775 = FACE_BOUND('',#9776,.T.);
#9776 = EDGE_LOOP('',(#9777,#9778,#9786));
#9777 = ORIENTED_EDGE('',*,*,#2756,.T.);
#9778 = ORIENTED_EDGE('',*,*,#9779,.T.);
#9779 = EDGE_CURVE('',#2750,#9780,#9782,.T.);
#9780 = VERTEX_POINT('',#9781);
#9781 = CARTESIAN_POINT('',(-6.4262,4.699,7.87908));
#9782 = ( BOUNDED_CURVE() B_SPLINE_CURVE(2,(#9783,#9784,#9785),
.UNSPECIFIED.,.F.,.F.) B_SPLINE_CURVE_WITH_KNOTS((3,3),(0.,
0.901699923433),.PIECEWISE_BEZIER_KNOTS.) CURVE() 
GEOMETRIC_REPRESENTATION_ITEM() RATIONAL_B_SPLINE_CURVE((1.,
0.707106781187,1.)) REPRESENTATION_ITEM('') );
#9783 = CARTESIAN_POINT('',(-7.00024,4.699,8.45312));
#9784 = CARTESIAN_POINT('',(-7.00024,4.699,7.87908));
#9785 = CARTESIAN_POINT('',(-6.4262,4.699,7.87908));
#9786 = ORIENTED_EDGE('',*,*,#9787,.T.);
#9787 = EDGE_CURVE('',#9780,#2757,#9788,.T.);
#9788 = ( BOUNDED_CURVE() B_SPLINE_CURVE(2,(#9789,#9790,#9791),
.UNSPECIFIED.,.F.,.F.) B_SPLINE_CURVE_WITH_KNOTS((3,3),(0.,
0.901699923433),.PIECEWISE_BEZIER_KNOTS.) CURVE() 
GEOMETRIC_REPRESENTATION_ITEM() RATIONAL_B_SPLINE_CURVE((1.,
0.707106781187,1.)) REPRESENTATION_ITEM('') );
#9789 = CARTESIAN_POINT('',(-6.4262,4.699,7.87908));
#9790 = CARTESIAN_POINT('',(-7.00024,4.699,7.87908));
#9791 = CARTESIAN_POINT('',(-7.00024,4.699,7.30504));
#9792 = PLANE('',#9793);
#9793 = AXIS2_PLACEMENT_3D('',#9794,#9795,#9796);
#9794 = CARTESIAN_POINT('',(-5.738598826178,4.699,7.160034826178));
#9795 = DIRECTION('',(0.,1.,0.));
#9796 = DIRECTION('',(0.,-0.,1.));
#9797 = ADVANCED_FACE('',(#9798),#9803,.T.);
#9798 = FACE_BOUND('',#9799,.T.);
#9799 = EDGE_LOOP('',(#9800,#9801,#9802));
#9800 = ORIENTED_EDGE('',*,*,#9638,.F.);
#9801 = ORIENTED_EDGE('',*,*,#9764,.F.);
#9802 = ORIENTED_EDGE('',*,*,#9739,.F.);
#9803 = PLANE('',#9804);
#9804 = AXIS2_PLACEMENT_3D('',#9805,#9806,#9807);
#9805 = CARTESIAN_POINT('',(7.687841173822,4.699,7.160034826178));
#9806 = DIRECTION('',(0.,1.,0.));
#9807 = DIRECTION('',(0.,-0.,1.));
#9808 = ADVANCED_FACE('',(#9809),#9819,.T.);
#9809 = FACE_BOUND('',#9810,.T.);
#9810 = EDGE_LOOP('',(#9811,#9812,#9813,#9818));
#9811 = ORIENTED_EDGE('',*,*,#2763,.T.);
#9812 = ORIENTED_EDGE('',*,*,#9787,.F.);
#9813 = ORIENTED_EDGE('',*,*,#9814,.T.);
#9814 = EDGE_CURVE('',#9780,#9542,#9815,.T.);
#9815 = B_SPLINE_CURVE_WITH_KNOTS('',1,(#9816,#9817),.UNSPECIFIED.,.F.,
  .F.,(2,2),(-3.429,0.),.PIECEWISE_BEZIER_KNOTS.);
#9816 = CARTESIAN_POINT('',(-6.4262,4.699,7.87908));
#9817 = CARTESIAN_POINT('',(-6.4262,8.128,7.87908));
#9818 = ORIENTED_EDGE('',*,*,#9541,.F.);
#9819 = CYLINDRICAL_SURFACE('',#9820,0.57404);
#9820 = AXIS2_PLACEMENT_3D('',#9821,#9822,#9823);
#9821 = CARTESIAN_POINT('',(-6.4262,6.4135,7.30504));
#9822 = DIRECTION('',(0.,1.,0.));
#9823 = DIRECTION('',(0.,-0.,1.));
#9824 = ADVANCED_FACE('',(#9825),#9831,.T.);
#9825 = FACE_BOUND('',#9826,.T.);
#9826 = EDGE_LOOP('',(#9827,#9828,#9829,#9830));
#9827 = ORIENTED_EDGE('',*,*,#2749,.T.);
#9828 = ORIENTED_EDGE('',*,*,#9549,.F.);
#9829 = ORIENTED_EDGE('',*,*,#9814,.F.);
#9830 = ORIENTED_EDGE('',*,*,#9779,.F.);
#9831 = CYLINDRICAL_SURFACE('',#9832,0.57404);
#9832 = AXIS2_PLACEMENT_3D('',#9833,#9834,#9835);
#9833 = CARTESIAN_POINT('',(-6.4262,6.4135,8.45312));
#9834 = DIRECTION('',(0.,1.,0.));
#9835 = DIRECTION('',(0.,-0.,1.));
#9836 = ADVANCED_FACE('',(#9837),#9853,.T.);
#9837 = FACE_BOUND('',#9838,.T.);
#9838 = EDGE_LOOP('',(#9839,#9840,#9841,#9848));
#9839 = ORIENTED_EDGE('',*,*,#9320,.F.);
#9840 = ORIENTED_EDGE('',*,*,#9624,.F.);
#9841 = ORIENTED_EDGE('',*,*,#9842,.T.);
#9842 = EDGE_CURVE('',#9618,#9843,#9845,.T.);
#9843 = VERTEX_POINT('',#9844);
#9844 = CARTESIAN_POINT('',(6.6802,1.8288,-2.49428));
#9845 = B_SPLINE_CURVE_WITH_KNOTS('',1,(#9846,#9847),.UNSPECIFIED.,.F.,
  .F.,(2,2),(-0.32004,0.),.PIECEWISE_BEZIER_KNOTS.);
#9846 = CARTESIAN_POINT('',(7.00024,1.8288,-2.49428));
#9847 = CARTESIAN_POINT('',(6.6802,1.8288,-2.49428));
#9848 = ORIENTED_EDGE('',*,*,#9849,.T.);
#9849 = EDGE_CURVE('',#9843,#9321,#9850,.T.);
#9850 = B_SPLINE_CURVE_WITH_KNOTS('',1,(#9851,#9852),.UNSPECIFIED.,.F.,
  .F.,(2,2),(-2.8702,0.),.PIECEWISE_BEZIER_KNOTS.);
#9851 = CARTESIAN_POINT('',(6.6802,1.8288,-2.49428));
#9852 = CARTESIAN_POINT('',(6.6802,1.8288,0.37592));
#9853 = PLANE('',#9854);
#9854 = AXIS2_PLACEMENT_3D('',#9855,#9856,#9857);
#9855 = CARTESIAN_POINT('',(6.017998826178,1.8288,-2.811497173822));
#9856 = DIRECTION('',(0.,1.,0.));
#9857 = DIRECTION('',(0.,-0.,1.));
#9858 = ADVANCED_FACE('',(#9859),#9889,.T.);
#9859 = FACE_BOUND('',#9860,.T.);
#9860 = EDGE_LOOP('',(#9861,#9862,#9869,#9876,#9883,#9888));
#9861 = ORIENTED_EDGE('',*,*,#9849,.F.);
#9862 = ORIENTED_EDGE('',*,*,#9863,.F.);
#9863 = EDGE_CURVE('',#9864,#9843,#9866,.T.);
#9864 = VERTEX_POINT('',#9865);
#9865 = CARTESIAN_POINT('',(6.6802,1.242212126503,-3.51028));
#9866 = B_SPLINE_CURVE_WITH_KNOTS('',1,(#9867,#9868),.UNSPECIFIED.,.F.,
  .F.,(2,2),(-1.173175746993,0.),.PIECEWISE_BEZIER_KNOTS.);
#9867 = CARTESIAN_POINT('',(6.6802,1.242212126503,-3.51028));
#9868 = CARTESIAN_POINT('',(6.6802,1.8288,-2.49428));
#9869 = ORIENTED_EDGE('',*,*,#9870,.F.);
#9870 = EDGE_CURVE('',#9871,#9864,#9873,.T.);
#9871 = VERTEX_POINT('',#9872);
#9872 = CARTESIAN_POINT('',(6.6802,0.383387873497,-3.51028));
#9873 = B_SPLINE_CURVE_WITH_KNOTS('',1,(#9874,#9875),.UNSPECIFIED.,.F.,
  .F.,(2,2),(0.,0.858824253006),.PIECEWISE_BEZIER_KNOTS.);
#9874 = CARTESIAN_POINT('',(6.6802,0.383387873497,-3.51028));
#9875 = CARTESIAN_POINT('',(6.6802,1.242212126503,-3.51028));
#9876 = ORIENTED_EDGE('',*,*,#9877,.F.);
#9877 = EDGE_CURVE('',#9878,#9871,#9880,.T.);
#9878 = VERTEX_POINT('',#9879);
#9879 = CARTESIAN_POINT('',(6.6802,-0.2032,-2.49428));
#9880 = B_SPLINE_CURVE_WITH_KNOTS('',1,(#9881,#9882),.UNSPECIFIED.,.F.,
  .F.,(2,2),(-1.173175746993,0.),.PIECEWISE_BEZIER_KNOTS.);
#9881 = CARTESIAN_POINT('',(6.6802,-0.2032,-2.49428));
#9882 = CARTESIAN_POINT('',(6.6802,0.383387873497,-3.51028));
#9883 = ORIENTED_EDGE('',*,*,#9884,.F.);
#9884 = EDGE_CURVE('',#9328,#9878,#9885,.T.);
#9885 = B_SPLINE_CURVE_WITH_KNOTS('',1,(#9886,#9887),.UNSPECIFIED.,.F.,
  .F.,(2,2),(0.,2.8702),.PIECEWISE_BEZIER_KNOTS.);
#9886 = CARTESIAN_POINT('',(6.6802,-0.2032,0.37592));
#9887 = CARTESIAN_POINT('',(6.6802,-0.2032,-2.49428));
#9888 = ORIENTED_EDGE('',*,*,#9327,.F.);
#9889 = PLANE('',#9890);
#9890 = AXIS2_PLACEMENT_3D('',#9891,#9892,#9893);
#9891 = CARTESIAN_POINT('',(6.6802,-0.436597173822,-3.929097173822));
#9892 = DIRECTION('',(-1.,0.,0.));
#9893 = DIRECTION('',(0.,0.,-1.));
#9894 = ADVANCED_FACE('',(#9895),#9905,.T.);
#9895 = FACE_BOUND('',#9896,.T.);
#9896 = EDGE_LOOP('',(#9897,#9898,#9899,#9904));
#9897 = ORIENTED_EDGE('',*,*,#9334,.F.);
#9898 = ORIENTED_EDGE('',*,*,#9884,.T.);
#9899 = ORIENTED_EDGE('',*,*,#9900,.T.);
#9900 = EDGE_CURVE('',#9878,#9597,#9901,.T.);
#9901 = B_SPLINE_CURVE_WITH_KNOTS('',1,(#9902,#9903),.UNSPECIFIED.,.F.,
  .F.,(2,2),(-0.32004,0.),.PIECEWISE_BEZIER_KNOTS.);
#9902 = CARTESIAN_POINT('',(6.6802,-0.2032,-2.49428));
#9903 = CARTESIAN_POINT('',(7.00024,-0.2032,-2.49428));
#9904 = ORIENTED_EDGE('',*,*,#9596,.F.);
#9905 = PLANE('',#9906);
#9906 = AXIS2_PLACEMENT_3D('',#9907,#9908,#9909);
#9907 = CARTESIAN_POINT('',(6.017998826178,-0.2032,0.693137173822));
#9908 = DIRECTION('',(0.,-1.,0.));
#9909 = DIRECTION('',(0.,-0.,-1.));
#9910 = ADVANCED_FACE('',(#9911),#9921,.T.);
#9911 = FACE_BOUND('',#9912,.T.);
#9912 = EDGE_LOOP('',(#9913,#9914,#9915,#9916));
#9913 = ORIENTED_EDGE('',*,*,#9603,.F.);
#9914 = ORIENTED_EDGE('',*,*,#9900,.F.);
#9915 = ORIENTED_EDGE('',*,*,#9877,.T.);
#9916 = ORIENTED_EDGE('',*,*,#9917,.T.);
#9917 = EDGE_CURVE('',#9871,#9604,#9918,.T.);
#9918 = B_SPLINE_CURVE_WITH_KNOTS('',1,(#9919,#9920),.UNSPECIFIED.,.F.,
  .F.,(2,2),(-0.32004,0.),.PIECEWISE_BEZIER_KNOTS.);
#9919 = CARTESIAN_POINT('',(6.6802,0.383387873497,-3.51028));
#9920 = CARTESIAN_POINT('',(7.00024,0.383387873497,-3.51028));
#9921 = PLANE('',#9922);
#9922 = AXIS2_PLACEMENT_3D('',#9923,#9924,#9925);
#9923 = CARTESIAN_POINT('',(6.017998826178,-0.282483840631,
    -2.356956359807));
#9924 = DIRECTION('',(0.,-0.866025403784,-0.5));
#9925 = DIRECTION('',(0.,0.5,-0.866025403784));
#9926 = ADVANCED_FACE('',(#9927),#9937,.T.);
#9927 = FACE_BOUND('',#9928,.T.);
#9928 = EDGE_LOOP('',(#9929,#9930,#9931,#9932));
#9929 = ORIENTED_EDGE('',*,*,#9610,.F.);
#9930 = ORIENTED_EDGE('',*,*,#9917,.F.);
#9931 = ORIENTED_EDGE('',*,*,#9870,.T.);
#9932 = ORIENTED_EDGE('',*,*,#9933,.T.);
#9933 = EDGE_CURVE('',#9864,#9611,#9934,.T.);
#9934 = B_SPLINE_CURVE_WITH_KNOTS('',1,(#9935,#9936),.UNSPECIFIED.,.F.,
  .F.,(2,2),(-0.32004,0.),.PIECEWISE_BEZIER_KNOTS.);
#9935 = CARTESIAN_POINT('',(6.6802,1.242212126503,-3.51028));
#9936 = CARTESIAN_POINT('',(7.00024,1.242212126503,-3.51028));
#9937 = PLANE('',#9938);
#9938 = AXIS2_PLACEMENT_3D('',#9939,#9940,#9941);
#9939 = CARTESIAN_POINT('',(6.017998826178,-0.332691725626,-3.51028));
#9940 = DIRECTION('',(0.,0.,-1.));
#9941 = DIRECTION('',(-1.,0.,-0.));
#9942 = ADVANCED_FACE('',(#9943),#9949,.T.);
#9943 = FACE_BOUND('',#9944,.T.);
#9944 = EDGE_LOOP('',(#9945,#9946,#9947,#9948));
#9945 = ORIENTED_EDGE('',*,*,#9617,.F.);
#9946 = ORIENTED_EDGE('',*,*,#9933,.F.);
#9947 = ORIENTED_EDGE('',*,*,#9863,.T.);
#9948 = ORIENTED_EDGE('',*,*,#9842,.F.);
#9949 = PLANE('',#9950);
#9950 = AXIS2_PLACEMENT_3D('',#9951,#9952,#9953);
#9951 = CARTESIAN_POINT('',(6.017998826178,1.162928285872,
    -3.647603640193));
#9952 = DIRECTION('',(0.,0.866025403784,-0.5));
#9953 = DIRECTION('',(0.,0.5,0.866025403784));
#9954 = ADVANCED_FACE('',(#9955),#9961,.T.);
#9955 = FACE_BOUND('',#9956,.T.);
#9956 = EDGE_LOOP('',(#9957,#9958,#9959,#9960));
#9957 = ORIENTED_EDGE('',*,*,#8992,.F.);
#9958 = ORIENTED_EDGE('',*,*,#4179,.T.);
#9959 = ORIENTED_EDGE('',*,*,#9417,.T.);
#9960 = ORIENTED_EDGE('',*,*,#9532,.F.);
#9961 = PLANE('',#9962);
#9962 = AXIS2_PLACEMENT_3D('',#9963,#9964,#9965);
#9963 = CARTESIAN_POINT('',(-5.9055,8.615397173822,1.043709173822));
#9964 = DIRECTION('',(1.,0.,0.));
#9965 = DIRECTION('',(-0.,0.,1.));
#9966 = ADVANCED_FACE('',(#9967),#9973,.T.);
#9967 = FACE_BOUND('',#9968,.T.);
#9968 = EDGE_LOOP('',(#9969,#9970,#9971,#9972));
#9969 = ORIENTED_EDGE('',*,*,#9006,.F.);
#9970 = ORIENTED_EDGE('',*,*,#9526,.F.);
#9971 = ORIENTED_EDGE('',*,*,#9438,.T.);
#9972 = ORIENTED_EDGE('',*,*,#3691,.T.);
#9973 = PLANE('',#9974);
#9974 = AXIS2_PLACEMENT_3D('',#9975,#9976,#9977);
#9975 = CARTESIAN_POINT('',(5.9055,3.068602826178,1.043709173822));
#9976 = DIRECTION('',(-1.,0.,0.));
#9977 = DIRECTION('',(0.,0.,-1.));
#9978 = ADVANCED_FACE('',(#9979),#9985,.T.);
#9979 = FACE_BOUND('',#9980,.T.);
#9980 = EDGE_LOOP('',(#9981,#9982,#9983,#9984));
#9981 = ORIENTED_EDGE('',*,*,#9299,.F.);
#9982 = ORIENTED_EDGE('',*,*,#8916,.F.);
#9983 = ORIENTED_EDGE('',*,*,#9452,.T.);
#9984 = ORIENTED_EDGE('',*,*,#9520,.F.);
#9985 = PLANE('',#9986);
#9986 = AXIS2_PLACEMENT_3D('',#9987,#9988,#9989);
#9987 = CARTESIAN_POINT('',(6.6675,8.734777173822,1.043709173822));
#9988 = DIRECTION('',(1.,0.,0.));
#9989 = DIRECTION('',(-0.,0.,1.));
#9990 = ADVANCED_FACE('',(#9991),#10007,.T.);
#9991 = FACE_BOUND('',#9992,.T.);
#9992 = EDGE_LOOP('',(#9993,#9994,#10001,#10006));
#9993 = ORIENTED_EDGE('',*,*,#9371,.F.);
#9994 = ORIENTED_EDGE('',*,*,#9995,.F.);
#9995 = EDGE_CURVE('',#9996,#9365,#9998,.T.);
#9996 = VERTEX_POINT('',#9997);
#9997 = CARTESIAN_POINT('',(-6.6802,1.8288,-2.49428));
#9998 = B_SPLINE_CURVE_WITH_KNOTS('',1,(#9999,#10000),.UNSPECIFIED.,.F.,
  .F.,(2,2),(0.,2.8702),.PIECEWISE_BEZIER_KNOTS.);
#9999 = CARTESIAN_POINT('',(-6.6802,1.8288,-2.49428));
#10000 = CARTESIAN_POINT('',(-6.6802,1.8288,0.37592));
#10001 = ORIENTED_EDGE('',*,*,#10002,.F.);
#10002 = EDGE_CURVE('',#2785,#9996,#10003,.T.);
#10003 = B_SPLINE_CURVE_WITH_KNOTS('',1,(#10004,#10005),.UNSPECIFIED.,
  .F.,.F.,(2,2),(0.,0.32004),.PIECEWISE_BEZIER_KNOTS.);
#10004 = CARTESIAN_POINT('',(-7.00024,1.8288,-2.49428));
#10005 = CARTESIAN_POINT('',(-6.6802,1.8288,-2.49428));
#10006 = ORIENTED_EDGE('',*,*,#2784,.T.);
#10007 = PLANE('',#10008);
#10008 = AXIS2_PLACEMENT_3D('',#10009,#10010,#10011);
#10009 = CARTESIAN_POINT('',(-6.017998826178,1.8288,-2.811497173822));
#10010 = DIRECTION('',(0.,1.,0.));
#10011 = DIRECTION('',(0.,-0.,1.));
#10012 = ADVANCED_FACE('',(#10013),#10029,.T.);
#10013 = FACE_BOUND('',#10014,.T.);
#10014 = EDGE_LOOP('',(#10015,#10016,#10023,#10028));
#10015 = ORIENTED_EDGE('',*,*,#10002,.T.);
#10016 = ORIENTED_EDGE('',*,*,#10017,.F.);
#10017 = EDGE_CURVE('',#10018,#9996,#10020,.T.);
#10018 = VERTEX_POINT('',#10019);
#10019 = CARTESIAN_POINT('',(-6.6802,1.242212126503,-3.51028));
#10020 = B_SPLINE_CURVE_WITH_KNOTS('',1,(#10021,#10022),.UNSPECIFIED.,
  .F.,.F.,(2,2),(0.,1.173175746993),.PIECEWISE_BEZIER_KNOTS.);
#10021 = CARTESIAN_POINT('',(-6.6802,1.242212126503,-3.51028));
#10022 = CARTESIAN_POINT('',(-6.6802,1.8288,-2.49428));
#10023 = ORIENTED_EDGE('',*,*,#10024,.F.);
#10024 = EDGE_CURVE('',#2792,#10018,#10025,.T.);
#10025 = B_SPLINE_CURVE_WITH_KNOTS('',1,(#10026,#10027),.UNSPECIFIED.,
  .F.,.F.,(2,2),(0.,0.32004),.PIECEWISE_BEZIER_KNOTS.);
#10026 = CARTESIAN_POINT('',(-7.00024,1.242212126503,-3.51028));
#10027 = CARTESIAN_POINT('',(-6.6802,1.242212126503,-3.51028));
#10028 = ORIENTED_EDGE('',*,*,#2791,.T.);
#10029 = PLANE('',#10030);
#10030 = AXIS2_PLACEMENT_3D('',#10031,#10032,#10033);
#10031 = CARTESIAN_POINT('',(-6.017998826178,1.162928285872,
    -3.647603640193));
#10032 = DIRECTION('',(0.,0.866025403784,-0.5));
#10033 = DIRECTION('',(0.,0.5,0.866025403784));
#10034 = ADVANCED_FACE('',(#10035),#10051,.T.);
#10035 = FACE_BOUND('',#10036,.T.);
#10036 = EDGE_LOOP('',(#10037,#10038,#10045,#10050));
#10037 = ORIENTED_EDGE('',*,*,#10024,.T.);
#10038 = ORIENTED_EDGE('',*,*,#10039,.F.);
#10039 = EDGE_CURVE('',#10040,#10018,#10042,.T.);
#10040 = VERTEX_POINT('',#10041);
#10041 = CARTESIAN_POINT('',(-6.6802,0.383387873497,-3.51028));
#10042 = B_SPLINE_CURVE_WITH_KNOTS('',1,(#10043,#10044),.UNSPECIFIED.,
  .F.,.F.,(2,2),(0.,0.858824253006),.PIECEWISE_BEZIER_KNOTS.);
#10043 = CARTESIAN_POINT('',(-6.6802,0.383387873497,-3.51028));
#10044 = CARTESIAN_POINT('',(-6.6802,1.242212126503,-3.51028));
#10045 = ORIENTED_EDGE('',*,*,#10046,.F.);
#10046 = EDGE_CURVE('',#2799,#10040,#10047,.T.);
#10047 = B_SPLINE_CURVE_WITH_KNOTS('',1,(#10048,#10049),.UNSPECIFIED.,
  .F.,.F.,(2,2),(0.,0.32004),.PIECEWISE_BEZIER_KNOTS.);
#10048 = CARTESIAN_POINT('',(-7.00024,0.383387873497,-3.51028));
#10049 = CARTESIAN_POINT('',(-6.6802,0.383387873497,-3.51028));
#10050 = ORIENTED_EDGE('',*,*,#2798,.T.);
#10051 = PLANE('',#10052);
#10052 = AXIS2_PLACEMENT_3D('',#10053,#10054,#10055);
#10053 = CARTESIAN_POINT('',(-6.017998826178,-0.332691725626,-3.51028));
#10054 = DIRECTION('',(0.,0.,-1.));
#10055 = DIRECTION('',(-1.,0.,-0.));
#10056 = ADVANCED_FACE('',(#10057),#10073,.T.);
#10057 = FACE_BOUND('',#10058,.T.);
#10058 = EDGE_LOOP('',(#10059,#10060,#10067,#10072));
#10059 = ORIENTED_EDGE('',*,*,#10046,.T.);
#10060 = ORIENTED_EDGE('',*,*,#10061,.F.);
#10061 = EDGE_CURVE('',#10062,#10040,#10064,.T.);
#10062 = VERTEX_POINT('',#10063);
#10063 = CARTESIAN_POINT('',(-6.6802,-0.2032,-2.49428));
#10064 = B_SPLINE_CURVE_WITH_KNOTS('',1,(#10065,#10066),.UNSPECIFIED.,
  .F.,.F.,(2,2),(0.,1.173175746993),.PIECEWISE_BEZIER_KNOTS.);
#10065 = CARTESIAN_POINT('',(-6.6802,-0.2032,-2.49428));
#10066 = CARTESIAN_POINT('',(-6.6802,0.383387873497,-3.51028));
#10067 = ORIENTED_EDGE('',*,*,#10068,.F.);
#10068 = EDGE_CURVE('',#2806,#10062,#10069,.T.);
#10069 = B_SPLINE_CURVE_WITH_KNOTS('',1,(#10070,#10071),.UNSPECIFIED.,
  .F.,.F.,(2,2),(0.,0.32004),.PIECEWISE_BEZIER_KNOTS.);
#10070 = CARTESIAN_POINT('',(-7.00024,-0.2032,-2.49428));
#10071 = CARTESIAN_POINT('',(-6.6802,-0.2032,-2.49428));
#10072 = ORIENTED_EDGE('',*,*,#2805,.T.);
#10073 = PLANE('',#10074);
#10074 = AXIS2_PLACEMENT_3D('',#10075,#10076,#10077);
#10075 = CARTESIAN_POINT('',(-6.017998826178,-0.282483840631,
    -2.356956359807));
#10076 = DIRECTION('',(0.,-0.866025403784,-0.5));
#10077 = DIRECTION('',(0.,0.5,-0.866025403784));
#10078 = ADVANCED_FACE('',(#10079),#10089,.T.);
#10079 = FACE_BOUND('',#10080,.T.);
#10080 = EDGE_LOOP('',(#10081,#10082,#10087,#10088));
#10081 = ORIENTED_EDGE('',*,*,#10068,.T.);
#10082 = ORIENTED_EDGE('',*,*,#10083,.F.);
#10083 = EDGE_CURVE('',#9358,#10062,#10084,.T.);
#10084 = B_SPLINE_CURVE_WITH_KNOTS('',1,(#10085,#10086),.UNSPECIFIED.,
  .F.,.F.,(2,2),(0.,2.8702),.PIECEWISE_BEZIER_KNOTS.);
#10085 = CARTESIAN_POINT('',(-6.6802,-0.2032,0.37592));
#10086 = CARTESIAN_POINT('',(-6.6802,-0.2032,-2.49428));
#10087 = ORIENTED_EDGE('',*,*,#9357,.F.);
#10088 = ORIENTED_EDGE('',*,*,#2812,.T.);
#10089 = PLANE('',#10090);
#10090 = AXIS2_PLACEMENT_3D('',#10091,#10092,#10093);
#10091 = CARTESIAN_POINT('',(-6.017998826178,-0.2032,0.693137173822));
#10092 = DIRECTION('',(0.,-1.,0.));
#10093 = DIRECTION('',(0.,-0.,-1.));
#10094 = ADVANCED_FACE('',(#10095),#10103,.T.);
#10095 = FACE_BOUND('',#10096,.T.);
#10096 = EDGE_LOOP('',(#10097,#10098,#10099,#10100,#10101,#10102));
#10097 = ORIENTED_EDGE('',*,*,#10083,.T.);
#10098 = ORIENTED_EDGE('',*,*,#10061,.T.);
#10099 = ORIENTED_EDGE('',*,*,#10039,.T.);
#10100 = ORIENTED_EDGE('',*,*,#10017,.T.);
#10101 = ORIENTED_EDGE('',*,*,#9995,.T.);
#10102 = ORIENTED_EDGE('',*,*,#9364,.F.);
#10103 = PLANE('',#10104);
#10104 = AXIS2_PLACEMENT_3D('',#10105,#10106,#10107);
#10105 = CARTESIAN_POINT('',(-6.6802,-0.436597173822,-3.929097173822));
#10106 = DIRECTION('',(1.,0.,0.));
#10107 = DIRECTION('',(-0.,0.,1.));
#10108 = ADVANCED_FACE('',(#10109),#10141,.T.);
#10109 = FACE_BOUND('',#10110,.T.);
#10110 = EDGE_LOOP('',(#10111,#10112,#10113,#10114,#10115,#10122,#10129,
    #10136));
#10111 = ORIENTED_EDGE('',*,*,#3439,.F.);
#10112 = ORIENTED_EDGE('',*,*,#8724,.T.);
#10113 = ORIENTED_EDGE('',*,*,#8754,.F.);
#10114 = ORIENTED_EDGE('',*,*,#8768,.T.);
#10115 = ORIENTED_EDGE('',*,*,#10116,.T.);
#10116 = EDGE_CURVE('',#8769,#10117,#10119,.T.);
#10117 = VERTEX_POINT('',#10118);
#10118 = CARTESIAN_POINT('',(0.9525,-0.16002,-2.5527));
#10119 = B_SPLINE_CURVE_WITH_KNOTS('',1,(#10120,#10121),.UNSPECIFIED.,
  .F.,.F.,(2,2),(-2.60858,0.),.PIECEWISE_BEZIER_KNOTS.);
#10120 = CARTESIAN_POINT('',(0.9525,-0.16002,5.588E-02));
#10121 = CARTESIAN_POINT('',(0.9525,-0.16002,-2.5527));
#10122 = ORIENTED_EDGE('',*,*,#10123,.T.);
#10123 = EDGE_CURVE('',#10117,#10124,#10126,.T.);
#10124 = VERTEX_POINT('',#10125);
#10125 = CARTESIAN_POINT('',(0.9525,0.16002,-2.5527));
#10126 = B_SPLINE_CURVE_WITH_KNOTS('',1,(#10127,#10128),.UNSPECIFIED.,
  .F.,.F.,(2,2),(-0.32004,0.),.PIECEWISE_BEZIER_KNOTS.);
#10127 = CARTESIAN_POINT('',(0.9525,-0.16002,-2.5527));
#10128 = CARTESIAN_POINT('',(0.9525,0.16002,-2.5527));
#10129 = ORIENTED_EDGE('',*,*,#10130,.T.);
#10130 = EDGE_CURVE('',#10124,#10131,#10133,.T.);
#10131 = VERTEX_POINT('',#10132);
#10132 = CARTESIAN_POINT('',(0.9525,0.16002,0.85852));
#10133 = B_SPLINE_CURVE_WITH_KNOTS('',1,(#10134,#10135),.UNSPECIFIED.,
  .F.,.F.,(2,2),(-3.41122,0.),.PIECEWISE_BEZIER_KNOTS.);
#10134 = CARTESIAN_POINT('',(0.9525,0.16002,-2.5527));
#10135 = CARTESIAN_POINT('',(0.9525,0.16002,0.85852));
#10136 = ORIENTED_EDGE('',*,*,#10137,.T.);
#10137 = EDGE_CURVE('',#10131,#3440,#10138,.T.);
#10138 = B_SPLINE_CURVE_WITH_KNOTS('',1,(#10139,#10140),.UNSPECIFIED.,
  .F.,.F.,(2,2),(0.,4.85902),.PIECEWISE_BEZIER_KNOTS.);
#10139 = CARTESIAN_POINT('',(0.9525,0.16002,0.85852));
#10140 = CARTESIAN_POINT('',(0.9525,-4.699,0.85852));
#10141 = PLANE('',#10142);
#10142 = AXIS2_PLACEMENT_3D('',#10143,#10144,#10145);
#10143 = CARTESIAN_POINT('',(0.9525,0.676119173822,-2.924019173822));
#10144 = DIRECTION('',(1.,0.,0.));
#10145 = DIRECTION('',(-0.,0.,1.));
#10146 = ADVANCED_FACE('',(#10147),#10179,.T.);
#10147 = FACE_BOUND('',#10148,.T.);
#10148 = EDGE_LOOP('',(#10149,#10156,#10163,#10170,#10175,#10176,#10177,
    #10178));
#10149 = ORIENTED_EDGE('',*,*,#10150,.T.);
#10150 = EDGE_CURVE('',#3419,#10151,#10153,.T.);
#10151 = VERTEX_POINT('',#10152);
#10152 = CARTESIAN_POINT('',(-0.9525,0.16002,0.85852));
#10153 = B_SPLINE_CURVE_WITH_KNOTS('',1,(#10154,#10155),.UNSPECIFIED.,
  .F.,.F.,(2,2),(0.,4.85902),.PIECEWISE_BEZIER_KNOTS.);
#10154 = CARTESIAN_POINT('',(-0.9525,-4.699,0.85852));
#10155 = CARTESIAN_POINT('',(-0.9525,0.16002,0.85852));
#10156 = ORIENTED_EDGE('',*,*,#10157,.T.);
#10157 = EDGE_CURVE('',#10151,#10158,#10160,.T.);
#10158 = VERTEX_POINT('',#10159);
#10159 = CARTESIAN_POINT('',(-0.9525,0.16002,-2.5527));
#10160 = B_SPLINE_CURVE_WITH_KNOTS('',1,(#10161,#10162),.UNSPECIFIED.,
  .F.,.F.,(2,2),(-3.41122,0.),.PIECEWISE_BEZIER_KNOTS.);
#10161 = CARTESIAN_POINT('',(-0.9525,0.16002,0.85852));
#10162 = CARTESIAN_POINT('',(-0.9525,0.16002,-2.5527));
#10163 = ORIENTED_EDGE('',*,*,#10164,.T.);
#10164 = EDGE_CURVE('',#10158,#10165,#10167,.T.);
#10165 = VERTEX_POINT('',#10166);
#10166 = CARTESIAN_POINT('',(-0.9525,-0.16002,-2.5527));
#10167 = B_SPLINE_CURVE_WITH_KNOTS('',1,(#10168,#10169),.UNSPECIFIED.,
  .F.,.F.,(2,2),(-0.32004,0.),.PIECEWISE_BEZIER_KNOTS.);
#10168 = CARTESIAN_POINT('',(-0.9525,0.16002,-2.5527));
#10169 = CARTESIAN_POINT('',(-0.9525,-0.16002,-2.5527));
#10170 = ORIENTED_EDGE('',*,*,#10171,.T.);
#10171 = EDGE_CURVE('',#10165,#8777,#10172,.T.);
#10172 = B_SPLINE_CURVE_WITH_KNOTS('',1,(#10173,#10174),.UNSPECIFIED.,
  .F.,.F.,(2,2),(-2.60858,0.),.PIECEWISE_BEZIER_KNOTS.);
#10173 = CARTESIAN_POINT('',(-0.9525,-0.16002,-2.5527));
#10174 = CARTESIAN_POINT('',(-0.9525,-0.16002,5.588E-02));
#10175 = ORIENTED_EDGE('',*,*,#8783,.T.);
#10176 = ORIENTED_EDGE('',*,*,#8740,.F.);
#10177 = ORIENTED_EDGE('',*,*,#8709,.F.);
#10178 = ORIENTED_EDGE('',*,*,#3425,.F.);
#10179 = PLANE('',#10180);
#10180 = AXIS2_PLACEMENT_3D('',#10181,#10182,#10183);
#10181 = CARTESIAN_POINT('',(-0.9525,0.676119173822,1.229839173822));
#10182 = DIRECTION('',(-1.,0.,0.));
#10183 = DIRECTION('',(0.,0.,-1.));
#10184 = ADVANCED_FACE('',(#10185),#10198,.T.);
#10185 = FACE_BOUND('',#10186,.T.);
#10186 = EDGE_LOOP('',(#10187,#10188,#10189,#10197));
#10187 = ORIENTED_EDGE('',*,*,#8776,.T.);
#10188 = ORIENTED_EDGE('',*,*,#10171,.F.);
#10189 = ORIENTED_EDGE('',*,*,#10190,.T.);
#10190 = EDGE_CURVE('',#10165,#10117,#10191,.T.);
#10191 = ( BOUNDED_CURVE() B_SPLINE_CURVE(2,(#10192,#10193,#10194,#10195
,#10196),.UNSPECIFIED.,.F.,.F.) B_SPLINE_CURVE_WITH_KNOTS((3,2,3),(0.,
1.496183501272,2.992367002544),.PIECEWISE_BEZIER_KNOTS.) CURVE() 
GEOMETRIC_REPRESENTATION_ITEM() RATIONAL_B_SPLINE_CURVE((1.,
0.707106781187,1.,0.707106781187,1.)) REPRESENTATION_ITEM('') );
#10192 = CARTESIAN_POINT('',(-0.9525,-0.16002,-2.5527));
#10193 = CARTESIAN_POINT('',(-0.9525,-0.16002,-3.5052));
#10194 = CARTESIAN_POINT('',(1.138349550407E-16,-0.16002,-3.5052));
#10195 = CARTESIAN_POINT('',(0.9525,-0.16002,-3.5052));
#10196 = CARTESIAN_POINT('',(0.9525,-0.16002,-2.5527));
#10197 = ORIENTED_EDGE('',*,*,#10116,.F.);
#10198 = PLANE('',#10199);
#10199 = AXIS2_PLACEMENT_3D('',#10200,#10201,#10202);
#10200 = CARTESIAN_POINT('',(-1.173197173822,-0.16002,-3.891505173822));
#10201 = DIRECTION('',(0.,-1.,0.));
#10202 = DIRECTION('',(0.,-0.,-1.));
#10203 = ADVANCED_FACE('',(#10204),#10217,.T.);
#10204 = FACE_BOUND('',#10205,.T.);
#10205 = EDGE_LOOP('',(#10206,#10214,#10215,#10216));
#10206 = ORIENTED_EDGE('',*,*,#10207,.T.);
#10207 = EDGE_CURVE('',#10158,#10124,#10208,.T.);
#10208 = ( BOUNDED_CURVE() B_SPLINE_CURVE(2,(#10209,#10210,#10211,#10212
,#10213),.UNSPECIFIED.,.F.,.F.) B_SPLINE_CURVE_WITH_KNOTS((3,2,3),(
-2.992367002544,-1.496183501272,0.),.PIECEWISE_BEZIER_KNOTS.) CURVE() 
GEOMETRIC_REPRESENTATION_ITEM() RATIONAL_B_SPLINE_CURVE((1.,
0.707106781187,1.,0.707106781187,1.)) REPRESENTATION_ITEM('') );
#10209 = CARTESIAN_POINT('',(-0.9525,0.16002,-2.5527));
#10210 = CARTESIAN_POINT('',(-0.9525,0.16002,-3.5052));
#10211 = CARTESIAN_POINT('',(5.832380380939E-17,0.16002,-3.5052));
#10212 = CARTESIAN_POINT('',(0.9525,0.16002,-3.5052));
#10213 = CARTESIAN_POINT('',(0.9525,0.16002,-2.5527));
#10214 = ORIENTED_EDGE('',*,*,#10123,.F.);
#10215 = ORIENTED_EDGE('',*,*,#10190,.F.);
#10216 = ORIENTED_EDGE('',*,*,#10164,.F.);
#10217 = CYLINDRICAL_SURFACE('',#10218,0.9525);
#10218 = AXIS2_PLACEMENT_3D('',#10219,#10220,#10221);
#10219 = CARTESIAN_POINT('',(-1.570092458684E-16,0.,-2.5527));
#10220 = DIRECTION('',(0.,-1.,0.));
#10221 = DIRECTION('',(0.,-0.,-1.));
#10222 = ADVANCED_FACE('',(#10223),#10233,.T.);
#10223 = FACE_BOUND('',#10224,.T.);
#10224 = EDGE_LOOP('',(#10225,#10226,#10227,#10232));
#10225 = ORIENTED_EDGE('',*,*,#10207,.F.);
#10226 = ORIENTED_EDGE('',*,*,#10157,.F.);
#10227 = ORIENTED_EDGE('',*,*,#10228,.T.);
#10228 = EDGE_CURVE('',#10151,#10131,#10229,.T.);
#10229 = B_SPLINE_CURVE_WITH_KNOTS('',1,(#10230,#10231),.UNSPECIFIED.,
  .F.,.F.,(2,2),(0.,1.905),.PIECEWISE_BEZIER_KNOTS.);
#10230 = CARTESIAN_POINT('',(-0.9525,0.16002,0.85852));
#10231 = CARTESIAN_POINT('',(0.9525,0.16002,0.85852));
#10232 = ORIENTED_EDGE('',*,*,#10130,.F.);
#10233 = PLANE('',#10234);
#10234 = AXIS2_PLACEMENT_3D('',#10235,#10236,#10237);
#10235 = CARTESIAN_POINT('',(-1.173197173822,0.16002,-3.971769173822));
#10236 = DIRECTION('',(0.,1.,0.));
#10237 = DIRECTION('',(0.,-0.,1.));
#10238 = ADVANCED_FACE('',(#10239),#10261,.T.);
#10239 = FACE_BOUND('',#10240,.T.);
#10240 = EDGE_LOOP('',(#10241,#10242,#10249,#10256));
#10241 = ORIENTED_EDGE('',*,*,#9686,.F.);
#10242 = ORIENTED_EDGE('',*,*,#10243,.T.);
#10243 = EDGE_CURVE('',#9680,#10244,#10246,.T.);
#10244 = VERTEX_POINT('',#10245);
#10245 = CARTESIAN_POINT('',(6.6802,5.32312951049,2.2352));
#10246 = B_SPLINE_CURVE_WITH_KNOTS('',1,(#10247,#10248),.UNSPECIFIED.,
  .F.,.F.,(2,2),(0.,0.64457551107),.PIECEWISE_BEZIER_KNOTS.);
#10247 = CARTESIAN_POINT('',(7.00024,5.88264,2.2352));
#10248 = CARTESIAN_POINT('',(6.6802,5.32312951049,2.2352));
#10249 = ORIENTED_EDGE('',*,*,#10250,.T.);
#10250 = EDGE_CURVE('',#10244,#10251,#10253,.T.);
#10251 = VERTEX_POINT('',#10252);
#10252 = CARTESIAN_POINT('',(6.6802,4.61264,2.2352));
#10253 = B_SPLINE_CURVE_WITH_KNOTS('',1,(#10254,#10255),.UNSPECIFIED.,
  .F.,.F.,(2,2),(-0.71048951049,0.),.PIECEWISE_BEZIER_KNOTS.);
#10254 = CARTESIAN_POINT('',(6.6802,5.32312951049,2.2352));
#10255 = CARTESIAN_POINT('',(6.6802,4.61264,2.2352));
#10256 = ORIENTED_EDGE('',*,*,#10257,.T.);
#10257 = EDGE_CURVE('',#10251,#9664,#10258,.T.);
#10258 = B_SPLINE_CURVE_WITH_KNOTS('',1,(#10259,#10260),.UNSPECIFIED.,
  .F.,.F.,(2,2),(-0.32004,0.),.PIECEWISE_BEZIER_KNOTS.);
#10259 = CARTESIAN_POINT('',(6.6802,4.61264,2.2352));
#10260 = CARTESIAN_POINT('',(7.00024,4.61264,2.2352));
#10261 = PLANE('',#10262);
#10262 = AXIS2_PLACEMENT_3D('',#10263,#10264,#10265);
#10263 = CARTESIAN_POINT('',(7.662441173822,4.455442826178,2.2352));
#10264 = DIRECTION('',(0.,0.,1.));
#10265 = DIRECTION('',(1.,0.,-0.));
#10266 = ADVANCED_FACE('',(#10267),#10283,.T.);
#10267 = FACE_BOUND('',#10268,.T.);
#10268 = EDGE_LOOP('',(#10269,#10270,#10277,#10282));
#10269 = ORIENTED_EDGE('',*,*,#10257,.F.);
#10270 = ORIENTED_EDGE('',*,*,#10271,.F.);
#10271 = EDGE_CURVE('',#10272,#10251,#10274,.T.);
#10272 = VERTEX_POINT('',#10273);
#10273 = CARTESIAN_POINT('',(6.6802,4.61264,4.7752));
#10274 = B_SPLINE_CURVE_WITH_KNOTS('',1,(#10275,#10276),.UNSPECIFIED.,
  .F.,.F.,(2,2),(0.,2.54),.PIECEWISE_BEZIER_KNOTS.);
#10275 = CARTESIAN_POINT('',(6.6802,4.61264,4.7752));
#10276 = CARTESIAN_POINT('',(6.6802,4.61264,2.2352));
#10277 = ORIENTED_EDGE('',*,*,#10278,.F.);
#10278 = EDGE_CURVE('',#9666,#10272,#10279,.T.);
#10279 = B_SPLINE_CURVE_WITH_KNOTS('',1,(#10280,#10281),.UNSPECIFIED.,
  .F.,.F.,(2,2),(0.,0.32004),.PIECEWISE_BEZIER_KNOTS.);
#10280 = CARTESIAN_POINT('',(7.00024,4.61264,4.7752));
#10281 = CARTESIAN_POINT('',(6.6802,4.61264,4.7752));
#10282 = ORIENTED_EDGE('',*,*,#9663,.F.);
#10283 = PLANE('',#10284);
#10284 = AXIS2_PLACEMENT_3D('',#10285,#10286,#10287);
#10285 = CARTESIAN_POINT('',(6.017998826178,4.61264,1.951002826178));
#10286 = DIRECTION('',(0.,1.,0.));
#10287 = DIRECTION('',(0.,-0.,1.));
#10288 = ADVANCED_FACE('',(#10289),#10305,.T.);
#10289 = FACE_BOUND('',#10290,.T.);
#10290 = EDGE_LOOP('',(#10291,#10292,#10299,#10304));
#10291 = ORIENTED_EDGE('',*,*,#10278,.T.);
#10292 = ORIENTED_EDGE('',*,*,#10293,.F.);
#10293 = EDGE_CURVE('',#10294,#10272,#10296,.T.);
#10294 = VERTEX_POINT('',#10295);
#10295 = CARTESIAN_POINT('',(6.6802,5.32312951049,4.7752));
#10296 = B_SPLINE_CURVE_WITH_KNOTS('',1,(#10297,#10298),.UNSPECIFIED.,
  .F.,.F.,(2,2),(0.,0.71048951049),.PIECEWISE_BEZIER_KNOTS.);
#10297 = CARTESIAN_POINT('',(6.6802,5.32312951049,4.7752));
#10298 = CARTESIAN_POINT('',(6.6802,4.61264,4.7752));
#10299 = ORIENTED_EDGE('',*,*,#10300,.F.);
#10300 = EDGE_CURVE('',#9673,#10294,#10301,.T.);
#10301 = B_SPLINE_CURVE_WITH_KNOTS('',1,(#10302,#10303),.UNSPECIFIED.,
  .F.,.F.,(2,2),(-0.64457551107,0.),.PIECEWISE_BEZIER_KNOTS.);
#10302 = CARTESIAN_POINT('',(7.00024,5.88264,4.7752));
#10303 = CARTESIAN_POINT('',(6.6802,5.32312951049,4.7752));
#10304 = ORIENTED_EDGE('',*,*,#9672,.F.);
#10305 = PLANE('',#10306);
#10306 = AXIS2_PLACEMENT_3D('',#10307,#10308,#10309);
#10307 = CARTESIAN_POINT('',(7.662441173822,4.455442826178,4.7752));
#10308 = DIRECTION('',(0.,0.,-1.));
#10309 = DIRECTION('',(-1.,0.,-0.));
#10310 = ADVANCED_FACE('',(#10311),#10321,.T.);
#10311 = FACE_BOUND('',#10312,.T.);
#10312 = EDGE_LOOP('',(#10313,#10314,#10319,#10320));
#10313 = ORIENTED_EDGE('',*,*,#10300,.T.);
#10314 = ORIENTED_EDGE('',*,*,#10315,.F.);
#10315 = EDGE_CURVE('',#10244,#10294,#10316,.T.);
#10316 = B_SPLINE_CURVE_WITH_KNOTS('',1,(#10317,#10318),.UNSPECIFIED.,
  .F.,.F.,(2,2),(0.,2.54),.PIECEWISE_BEZIER_KNOTS.);
#10317 = CARTESIAN_POINT('',(6.6802,5.32312951049,2.2352));
#10318 = CARTESIAN_POINT('',(6.6802,5.32312951049,4.7752));
#10319 = ORIENTED_EDGE('',*,*,#10243,.F.);
#10320 = ORIENTED_EDGE('',*,*,#9679,.F.);
#10321 = PLANE('',#10322);
#10322 = AXIS2_PLACEMENT_3D('',#10323,#10324,#10325);
#10323 = CARTESIAN_POINT('',(7.350610656042,6.495176111962,
    1.951002826178));
#10324 = DIRECTION('',(0.868029392834,-0.496512812701,5.51239956682E-17)
  );
#10325 = DIRECTION('',(0.496512812701,0.868029392834,0.));
#10326 = ( GEOMETRIC_REPRESENTATION_CONTEXT(3) 
GLOBAL_UNCERTAINTY_ASSIGNED_CONTEXT((#10330)) 
GLOBAL_UNIT_ASSIGNED_CONTEXT((#10327,#10328,#10329)) 
REPRESENTATION_CONTEXT('Context #1',
  '3D Context with UNIT and UNCERTAINTY') );
#10327 = ( LENGTH_UNIT() NAMED_UNIT(*) SI_UNIT(.MILLI.,.METRE.) );
#10328 = ( NAMED_UNIT(*) PLANE_ANGLE_UNIT() SI_UNIT($,.RADIAN.) );
#10329 = ( NAMED_UNIT(*) SI_UNIT($,.STERADIAN.) SOLID_ANGLE_UNIT() );
#10330 = UNCERTAINTY_MEASURE_WITH_UNIT(LENGTH_MEASURE(2.E-04),#10327,
  'distance_accuracy_value','confusion accuracy');
#10331 = CONTEXT_DEPENDENT_SHAPE_REPRESENTATION(#10332,#10334);
#10332 = ( REPRESENTATION_RELATIONSHIP('','',#2578,#10) 
REPRESENTATION_RELATIONSHIP_WITH_TRANSFORMATION(#10333) 
SHAPE_REPRESENTATION_RELATIONSHIP() );
#10333 = ITEM_DEFINED_TRANSFORMATION('','',#11,#55);
#10334 = PRODUCT_DEFINITION_SHAPE('Placement','Placement of an item',
  #10335);
#10335 = NEXT_ASSEMBLY_USAGE_OCCURRENCE('172','Document010','',#5,#2573,
  $);
#10336 = PRODUCT_RELATED_PRODUCT_CATEGORY('part',$,(#2575));
#10337 = SHAPE_DEFINITION_REPRESENTATION(#10338,#10344);
#10338 = PRODUCT_DEFINITION_SHAPE('','',#10339);
#10339 = PRODUCT_DEFINITION('design','',#10340,#10343);
#10340 = PRODUCT_DEFINITION_FORMATION('','',#10341);
#10341 = PRODUCT('Document011','Document011','',(#10342));
#10342 = PRODUCT_CONTEXT('',#2,'mechanical');
#10343 = PRODUCT_DEFINITION_CONTEXT('part definition',#2,'design');
#10344 = MANIFOLD_SURFACE_SHAPE_REPRESENTATION('',(#11,#10345),#10651);
#10345 = SHELL_BASED_SURFACE_MODEL('',(#10346));
#10346 = OPEN_SHELL('',(#10347,#10428,#10456,#10479,#10501,#10523,#10545
    ,#10568,#10590,#10612,#10634));
#10347 = ADVANCED_FACE('',(#10348),#10423,.T.);
#10348 = FACE_BOUND('',#10349,.T.);
#10349 = EDGE_LOOP('',(#10350,#10359,#10367,#10374,#10381,#10388,#10396,
    #10403,#10410,#10417));
#10350 = ORIENTED_EDGE('',*,*,#10351,.T.);
#10351 = EDGE_CURVE('',#10352,#10354,#10356,.T.);
#10352 = VERTEX_POINT('',#10353);
#10353 = CARTESIAN_POINT('',(1.2065,3.81,-2.79908));
#10354 = VERTEX_POINT('',#10355);
#10355 = CARTESIAN_POINT('',(1.3843,3.81,-2.79908));
#10356 = B_SPLINE_CURVE_WITH_KNOTS('',1,(#10357,#10358),.UNSPECIFIED.,
  .F.,.F.,(2,2),(-0.1778,0.),.PIECEWISE_BEZIER_KNOTS.);
#10357 = CARTESIAN_POINT('',(1.2065,3.81,-2.79908));
#10358 = CARTESIAN_POINT('',(1.3843,3.81,-2.79908));
#10359 = ORIENTED_EDGE('',*,*,#10360,.T.);
#10360 = EDGE_CURVE('',#10354,#10361,#10363,.T.);
#10361 = VERTEX_POINT('',#10362);
#10362 = CARTESIAN_POINT('',(1.471021024484,3.774078975516,-2.79908));
#10363 = ( BOUNDED_CURVE() B_SPLINE_CURVE(2,(#10364,#10365,#10366),
.UNSPECIFIED.,.F.,.F.) B_SPLINE_CURVE_WITH_KNOTS((3,3),(0.,
9.632284001471E-02),.PIECEWISE_BEZIER_KNOTS.) CURVE() 
GEOMETRIC_REPRESENTATION_ITEM() RATIONAL_B_SPLINE_CURVE((1.,
0.923879532515,1.)) REPRESENTATION_ITEM('') );
#10364 = CARTESIAN_POINT('',(1.3843,3.81,-2.79908));
#10365 = CARTESIAN_POINT('',(1.4351,3.81,-2.79908));
#10366 = CARTESIAN_POINT('',(1.471021024484,3.774078975516,-2.79908));
#10367 = ORIENTED_EDGE('',*,*,#10368,.T.);
#10368 = EDGE_CURVE('',#10361,#10369,#10371,.T.);
#10369 = VERTEX_POINT('',#10370);
#10370 = CARTESIAN_POINT('',(1.5875,3.6576,-2.79908));
#10371 = B_SPLINE_CURVE_WITH_KNOTS('',1,(#10372,#10373),.UNSPECIFIED.,
  .F.,.F.,(2,2),(0.,0.164726146906),.PIECEWISE_BEZIER_KNOTS.);
#10372 = CARTESIAN_POINT('',(1.471021024484,3.774078975516,-2.79908));
#10373 = CARTESIAN_POINT('',(1.5875,3.6576,-2.79908));
#10374 = ORIENTED_EDGE('',*,*,#10375,.T.);
#10375 = EDGE_CURVE('',#10369,#10376,#10378,.T.);
#10376 = VERTEX_POINT('',#10377);
#10377 = CARTESIAN_POINT('',(1.4097,3.4798,-2.79908));
#10378 = B_SPLINE_CURVE_WITH_KNOTS('',1,(#10379,#10380),.UNSPECIFIED.,
  .F.,.F.,(2,2),(0.,0.25144717139),.PIECEWISE_BEZIER_KNOTS.);
#10379 = CARTESIAN_POINT('',(1.5875,3.6576,-2.79908));
#10380 = CARTESIAN_POINT('',(1.4097,3.4798,-2.79908));
#10381 = ORIENTED_EDGE('',*,*,#10382,.T.);
#10382 = EDGE_CURVE('',#10376,#10383,#10385,.T.);
#10383 = VERTEX_POINT('',#10384);
#10384 = CARTESIAN_POINT('',(1.367242048969,3.522257951031,-2.79908));
#10385 = B_SPLINE_CURVE_WITH_KNOTS('',1,(#10386,#10387),.UNSPECIFIED.,
  .F.,.F.,(2,2),(0.,6.004461017861E-02),.PIECEWISE_BEZIER_KNOTS.);
#10386 = CARTESIAN_POINT('',(1.4097,3.4798,-2.79908));
#10387 = CARTESIAN_POINT('',(1.367242048969,3.522257951031,-2.79908));
#10388 = ORIENTED_EDGE('',*,*,#10389,.T.);
#10389 = EDGE_CURVE('',#10383,#10390,#10392,.T.);
#10390 = VERTEX_POINT('',#10391);
#10391 = CARTESIAN_POINT('',(1.223557951031,3.522257951031,-2.79908));
#10392 = ( BOUNDED_CURVE() B_SPLINE_CURVE(2,(#10393,#10394,#10395),
.UNSPECIFIED.,.F.,.F.) B_SPLINE_CURVE_WITH_KNOTS((3,3),(0.,
0.159592906804),.PIECEWISE_BEZIER_KNOTS.) CURVE() 
GEOMETRIC_REPRESENTATION_ITEM() RATIONAL_B_SPLINE_CURVE((1.,
0.707106781181,1.)) REPRESENTATION_ITEM('') );
#10393 = CARTESIAN_POINT('',(1.367242048969,3.522257951031,-2.79908));
#10394 = CARTESIAN_POINT('',(1.2954,3.594100000001,-2.79908));
#10395 = CARTESIAN_POINT('',(1.223557951031,3.522257951031,-2.79908));
#10396 = ORIENTED_EDGE('',*,*,#10397,.T.);
#10397 = EDGE_CURVE('',#10390,#10398,#10400,.T.);
#10398 = VERTEX_POINT('',#10399);
#10399 = CARTESIAN_POINT('',(1.1811,3.4798,-2.79908));
#10400 = B_SPLINE_CURVE_WITH_KNOTS('',1,(#10401,#10402),.UNSPECIFIED.,
  .F.,.F.,(2,2),(0.,6.004461017861E-02),.PIECEWISE_BEZIER_KNOTS.);
#10401 = CARTESIAN_POINT('',(1.223557951031,3.522257951031,-2.79908));
#10402 = CARTESIAN_POINT('',(1.1811,3.4798,-2.79908));
#10403 = ORIENTED_EDGE('',*,*,#10404,.T.);
#10404 = EDGE_CURVE('',#10398,#10405,#10407,.T.);
#10405 = VERTEX_POINT('',#10406);
#10406 = CARTESIAN_POINT('',(1.0033,3.6576,-2.79908));
#10407 = B_SPLINE_CURVE_WITH_KNOTS('',1,(#10408,#10409),.UNSPECIFIED.,
  .F.,.F.,(2,2),(0.,0.25144717139),.PIECEWISE_BEZIER_KNOTS.);
#10408 = CARTESIAN_POINT('',(1.1811,3.4798,-2.79908));
#10409 = CARTESIAN_POINT('',(1.0033,3.6576,-2.79908));
#10410 = ORIENTED_EDGE('',*,*,#10411,.T.);
#10411 = EDGE_CURVE('',#10405,#10412,#10414,.T.);
#10412 = VERTEX_POINT('',#10413);
#10413 = CARTESIAN_POINT('',(1.119778975516,3.774078975516,-2.79908));
#10414 = B_SPLINE_CURVE_WITH_KNOTS('',1,(#10415,#10416),.UNSPECIFIED.,
  .F.,.F.,(2,2),(0.,0.164726146906),.PIECEWISE_BEZIER_KNOTS.);
#10415 = CARTESIAN_POINT('',(1.0033,3.6576,-2.79908));
#10416 = CARTESIAN_POINT('',(1.119778975516,3.774078975516,-2.79908));
#10417 = ORIENTED_EDGE('',*,*,#10418,.T.);
#10418 = EDGE_CURVE('',#10412,#10352,#10419,.T.);
#10419 = ( BOUNDED_CURVE() B_SPLINE_CURVE(2,(#10420,#10421,#10422),
.UNSPECIFIED.,.F.,.F.) B_SPLINE_CURVE_WITH_KNOTS((3,3),(0.,
9.632284001469E-02),.PIECEWISE_BEZIER_KNOTS.) CURVE() 
GEOMETRIC_REPRESENTATION_ITEM() RATIONAL_B_SPLINE_CURVE((1.,
0.923879532516,1.)) REPRESENTATION_ITEM('') );
#10420 = CARTESIAN_POINT('',(1.119778975516,3.774078975516,-2.79908));
#10421 = CARTESIAN_POINT('',(1.1557,3.81,-2.79908));
#10422 = CARTESIAN_POINT('',(1.2065,3.81,-2.79908));
#10423 = PLANE('',#10424);
#10424 = AXIS2_PLACEMENT_3D('',#10425,#10426,#10427);
#10425 = CARTESIAN_POINT('',(0.314682826178,2.816582826178,-2.79908));
#10426 = DIRECTION('',(0.,0.,-1.));
#10427 = DIRECTION('',(-1.,0.,-0.));
#10428 = ADVANCED_FACE('',(#10429),#10451,.T.);
#10429 = FACE_BOUND('',#10430,.T.);
#10430 = EDGE_LOOP('',(#10431,#10440,#10445,#10446));
#10431 = ORIENTED_EDGE('',*,*,#10432,.F.);
#10432 = EDGE_CURVE('',#10433,#10435,#10437,.T.);
#10433 = VERTEX_POINT('',#10434);
#10434 = CARTESIAN_POINT('',(1.3843,3.81,0.37592));
#10435 = VERTEX_POINT('',#10436);
#10436 = CARTESIAN_POINT('',(1.2065,3.81,0.37592));
#10437 = B_SPLINE_CURVE_WITH_KNOTS('',1,(#10438,#10439),.UNSPECIFIED.,
  .F.,.F.,(2,2),(-0.1778,0.),.PIECEWISE_BEZIER_KNOTS.);
#10438 = CARTESIAN_POINT('',(1.3843,3.81,0.37592));
#10439 = CARTESIAN_POINT('',(1.2065,3.81,0.37592));
#10440 = ORIENTED_EDGE('',*,*,#10441,.T.);
#10441 = EDGE_CURVE('',#10433,#10354,#10442,.T.);
#10442 = B_SPLINE_CURVE_WITH_KNOTS('',1,(#10443,#10444),.UNSPECIFIED.,
  .F.,.F.,(2,2),(-3.175,0.),.PIECEWISE_BEZIER_KNOTS.);
#10443 = CARTESIAN_POINT('',(1.3843,3.81,0.37592));
#10444 = CARTESIAN_POINT('',(1.3843,3.81,-2.79908));
#10445 = ORIENTED_EDGE('',*,*,#10351,.F.);
#10446 = ORIENTED_EDGE('',*,*,#10447,.T.);
#10447 = EDGE_CURVE('',#10352,#10435,#10448,.T.);
#10448 = B_SPLINE_CURVE_WITH_KNOTS('',1,(#10449,#10450),.UNSPECIFIED.,
  .F.,.F.,(2,2),(-3.175,0.),.PIECEWISE_BEZIER_KNOTS.);
#10449 = CARTESIAN_POINT('',(1.2065,3.81,-2.79908));
#10450 = CARTESIAN_POINT('',(1.2065,3.81,0.37592));
#10451 = PLANE('',#10452);
#10452 = AXIS2_PLACEMENT_3D('',#10453,#10454,#10455);
#10453 = CARTESIAN_POINT('',(0.558522826178,3.81,0.723617173822));
#10454 = DIRECTION('',(0.,1.,0.));
#10455 = DIRECTION('',(0.,-0.,1.));
#10456 = ADVANCED_FACE('',(#10457),#10474,.T.);
#10457 = FACE_BOUND('',#10458,.T.);
#10458 = EDGE_LOOP('',(#10459,#10467,#10468,#10469));
#10459 = ORIENTED_EDGE('',*,*,#10460,.F.);
#10460 = EDGE_CURVE('',#10435,#10461,#10463,.T.);
#10461 = VERTEX_POINT('',#10462);
#10462 = CARTESIAN_POINT('',(1.119778975516,3.774078975516,0.37592));
#10463 = ( BOUNDED_CURVE() B_SPLINE_CURVE(2,(#10464,#10465,#10466),
.UNSPECIFIED.,.F.,.F.) B_SPLINE_CURVE_WITH_KNOTS((3,3),(0.,
9.632284001469E-02),.PIECEWISE_BEZIER_KNOTS.) CURVE() 
GEOMETRIC_REPRESENTATION_ITEM() RATIONAL_B_SPLINE_CURVE((1.,
0.923879532516,1.)) REPRESENTATION_ITEM('') );
#10464 = CARTESIAN_POINT('',(1.2065,3.81,0.37592));
#10465 = CARTESIAN_POINT('',(1.1557,3.81,0.37592));
#10466 = CARTESIAN_POINT('',(1.119778975516,3.774078975516,0.37592));
#10467 = ORIENTED_EDGE('',*,*,#10447,.F.);
#10468 = ORIENTED_EDGE('',*,*,#10418,.F.);
#10469 = ORIENTED_EDGE('',*,*,#10470,.T.);
#10470 = EDGE_CURVE('',#10412,#10461,#10471,.T.);
#10471 = B_SPLINE_CURVE_WITH_KNOTS('',1,(#10472,#10473),.UNSPECIFIED.,
  .F.,.F.,(2,2),(-3.175,0.),.PIECEWISE_BEZIER_KNOTS.);
#10472 = CARTESIAN_POINT('',(1.119778975516,3.774078975516,-2.79908));
#10473 = CARTESIAN_POINT('',(1.119778975516,3.774078975516,0.37592));
#10474 = CYLINDRICAL_SURFACE('',#10475,0.122642048968);
#10475 = AXIS2_PLACEMENT_3D('',#10476,#10477,#10478);
#10476 = CARTESIAN_POINT('',(1.2065,3.687357951031,-1.21158));
#10477 = DIRECTION('',(0.,0.,-1.));
#10478 = DIRECTION('',(-1.,0.,-0.));
#10479 = ADVANCED_FACE('',(#10480),#10496,.T.);
#10480 = FACE_BOUND('',#10481,.T.);
#10481 = EDGE_LOOP('',(#10482,#10489,#10490,#10491));
#10482 = ORIENTED_EDGE('',*,*,#10483,.F.);
#10483 = EDGE_CURVE('',#10461,#10484,#10486,.T.);
#10484 = VERTEX_POINT('',#10485);
#10485 = CARTESIAN_POINT('',(1.0033,3.6576,0.37592));
#10486 = B_SPLINE_CURVE_WITH_KNOTS('',1,(#10487,#10488),.UNSPECIFIED.,
  .F.,.F.,(2,2),(0.,0.164726146906),.PIECEWISE_BEZIER_KNOTS.);
#10487 = CARTESIAN_POINT('',(1.119778975516,3.774078975516,0.37592));
#10488 = CARTESIAN_POINT('',(1.0033,3.6576,0.37592));
#10489 = ORIENTED_EDGE('',*,*,#10470,.F.);
#10490 = ORIENTED_EDGE('',*,*,#10411,.F.);
#10491 = ORIENTED_EDGE('',*,*,#10492,.T.);
#10492 = EDGE_CURVE('',#10405,#10484,#10493,.T.);
#10493 = B_SPLINE_CURVE_WITH_KNOTS('',1,(#10494,#10495),.UNSPECIFIED.,
  .F.,.F.,(2,2),(-3.175,0.),.PIECEWISE_BEZIER_KNOTS.);
#10494 = CARTESIAN_POINT('',(1.0033,3.6576,-2.79908));
#10495 = CARTESIAN_POINT('',(1.0033,3.6576,0.37592));
#10496 = PLANE('',#10497);
#10497 = AXIS2_PLACEMENT_3D('',#10498,#10499,#10500);
#10498 = CARTESIAN_POINT('',(0.537190859914,3.191490859915,
    0.723617173822));
#10499 = DIRECTION('',(-0.707106781186,0.707106781187,0.));
#10500 = DIRECTION('',(0.707106781187,0.707106781186,0.));
#10501 = ADVANCED_FACE('',(#10502),#10518,.T.);
#10502 = FACE_BOUND('',#10503,.T.);
#10503 = EDGE_LOOP('',(#10504,#10511,#10512,#10513));
#10504 = ORIENTED_EDGE('',*,*,#10505,.F.);
#10505 = EDGE_CURVE('',#10484,#10506,#10508,.T.);
#10506 = VERTEX_POINT('',#10507);
#10507 = CARTESIAN_POINT('',(1.1811,3.4798,0.37592));
#10508 = B_SPLINE_CURVE_WITH_KNOTS('',1,(#10509,#10510),.UNSPECIFIED.,
  .F.,.F.,(2,2),(0.,0.25144717139),.PIECEWISE_BEZIER_KNOTS.);
#10509 = CARTESIAN_POINT('',(1.0033,3.6576,0.37592));
#10510 = CARTESIAN_POINT('',(1.1811,3.4798,0.37592));
#10511 = ORIENTED_EDGE('',*,*,#10492,.F.);
#10512 = ORIENTED_EDGE('',*,*,#10404,.F.);
#10513 = ORIENTED_EDGE('',*,*,#10514,.T.);
#10514 = EDGE_CURVE('',#10398,#10506,#10515,.T.);
#10515 = B_SPLINE_CURVE_WITH_KNOTS('',1,(#10516,#10517),.UNSPECIFIED.,
  .F.,.F.,(2,2),(-3.175,0.),.PIECEWISE_BEZIER_KNOTS.);
#10516 = CARTESIAN_POINT('',(1.1811,3.4798,-2.79908));
#10517 = CARTESIAN_POINT('',(1.1811,3.4798,0.37592));
#10518 = PLANE('',#10519);
#10519 = AXIS2_PLACEMENT_3D('',#10520,#10521,#10522);
#10520 = CARTESIAN_POINT('',(1.653341242534,3.007558757466,
    0.723617173822));
#10521 = DIRECTION('',(-0.707106781187,-0.707106781186,0.));
#10522 = DIRECTION('',(0.707106781186,-0.707106781187,0.));
#10523 = ADVANCED_FACE('',(#10524),#10540,.T.);
#10524 = FACE_BOUND('',#10525,.T.);
#10525 = EDGE_LOOP('',(#10526,#10533,#10534,#10535));
#10526 = ORIENTED_EDGE('',*,*,#10527,.F.);
#10527 = EDGE_CURVE('',#10506,#10528,#10530,.T.);
#10528 = VERTEX_POINT('',#10529);
#10529 = CARTESIAN_POINT('',(1.223557951031,3.522257951031,0.37592));
#10530 = B_SPLINE_CURVE_WITH_KNOTS('',1,(#10531,#10532),.UNSPECIFIED.,
  .F.,.F.,(2,2),(0.,6.004461017861E-02),.PIECEWISE_BEZIER_KNOTS.);
#10531 = CARTESIAN_POINT('',(1.1811,3.4798,0.37592));
#10532 = CARTESIAN_POINT('',(1.223557951031,3.522257951031,0.37592));
#10533 = ORIENTED_EDGE('',*,*,#10514,.F.);
#10534 = ORIENTED_EDGE('',*,*,#10397,.F.);
#10535 = ORIENTED_EDGE('',*,*,#10536,.T.);
#10536 = EDGE_CURVE('',#10390,#10528,#10537,.T.);
#10537 = B_SPLINE_CURVE_WITH_KNOTS('',1,(#10538,#10539),.UNSPECIFIED.,
  .F.,.F.,(2,2),(-3.175,0.),.PIECEWISE_BEZIER_KNOTS.);
#10538 = CARTESIAN_POINT('',(1.223557951031,3.522257951031,-2.79908));
#10539 = CARTESIAN_POINT('',(1.223557951031,3.522257951031,0.37592));
#10540 = PLANE('',#10541);
#10541 = AXIS2_PLACEMENT_3D('',#10542,#10543,#10544);
#10542 = CARTESIAN_POINT('',(1.682264988668,3.980964988668,
    0.723617173822));
#10543 = DIRECTION('',(0.707106781186,-0.707106781187,0.));
#10544 = DIRECTION('',(-0.707106781187,-0.707106781186,0.));
#10545 = ADVANCED_FACE('',(#10546),#10563,.F.);
#10546 = FACE_BOUND('',#10547,.F.);
#10547 = EDGE_LOOP('',(#10548,#10556,#10561,#10562));
#10548 = ORIENTED_EDGE('',*,*,#10549,.T.);
#10549 = EDGE_CURVE('',#10528,#10550,#10552,.T.);
#10550 = VERTEX_POINT('',#10551);
#10551 = CARTESIAN_POINT('',(1.367242048969,3.522257951031,0.37592));
#10552 = ( BOUNDED_CURVE() B_SPLINE_CURVE(2,(#10553,#10554,#10555),
.UNSPECIFIED.,.F.,.F.) B_SPLINE_CURVE_WITH_KNOTS((3,3),(0.,
0.159592906804),.PIECEWISE_BEZIER_KNOTS.) CURVE() 
GEOMETRIC_REPRESENTATION_ITEM() RATIONAL_B_SPLINE_CURVE((1.,
0.707106781181,1.)) REPRESENTATION_ITEM('') );
#10553 = CARTESIAN_POINT('',(1.223557951031,3.522257951031,0.37592));
#10554 = CARTESIAN_POINT('',(1.2954,3.594100000001,0.37592));
#10555 = CARTESIAN_POINT('',(1.367242048969,3.522257951031,0.37592));
#10556 = ORIENTED_EDGE('',*,*,#10557,.T.);
#10557 = EDGE_CURVE('',#10550,#10383,#10558,.T.);
#10558 = B_SPLINE_CURVE_WITH_KNOTS('',1,(#10559,#10560),.UNSPECIFIED.,
  .F.,.F.,(2,2),(0.,3.175),.PIECEWISE_BEZIER_KNOTS.);
#10559 = CARTESIAN_POINT('',(1.367242048969,3.522257951031,0.37592));
#10560 = CARTESIAN_POINT('',(1.367242048969,3.522257951031,-2.79908));
#10561 = ORIENTED_EDGE('',*,*,#10389,.T.);
#10562 = ORIENTED_EDGE('',*,*,#10536,.T.);
#10563 = CYLINDRICAL_SURFACE('',#10564,0.1016);
#10564 = AXIS2_PLACEMENT_3D('',#10565,#10566,#10567);
#10565 = CARTESIAN_POINT('',(1.2954,3.450415902063,-1.21158));
#10566 = DIRECTION('',(0.,0.,-1.));
#10567 = DIRECTION('',(-1.,0.,-0.));
#10568 = ADVANCED_FACE('',(#10569),#10585,.T.);
#10569 = FACE_BOUND('',#10570,.T.);
#10570 = EDGE_LOOP('',(#10571,#10578,#10579,#10580));
#10571 = ORIENTED_EDGE('',*,*,#10572,.F.);
#10572 = EDGE_CURVE('',#10550,#10573,#10575,.T.);
#10573 = VERTEX_POINT('',#10574);
#10574 = CARTESIAN_POINT('',(1.4097,3.4798,0.37592));
#10575 = B_SPLINE_CURVE_WITH_KNOTS('',1,(#10576,#10577),.UNSPECIFIED.,
  .F.,.F.,(2,2),(0.,6.004461017861E-02),.PIECEWISE_BEZIER_KNOTS.);
#10576 = CARTESIAN_POINT('',(1.367242048969,3.522257951031,0.37592));
#10577 = CARTESIAN_POINT('',(1.4097,3.4798,0.37592));
#10578 = ORIENTED_EDGE('',*,*,#10557,.T.);
#10579 = ORIENTED_EDGE('',*,*,#10382,.F.);
#10580 = ORIENTED_EDGE('',*,*,#10581,.T.);
#10581 = EDGE_CURVE('',#10376,#10573,#10582,.T.);
#10582 = B_SPLINE_CURVE_WITH_KNOTS('',1,(#10583,#10584),.UNSPECIFIED.,
  .F.,.F.,(2,2),(-3.175,0.),.PIECEWISE_BEZIER_KNOTS.);
#10583 = CARTESIAN_POINT('',(1.4097,3.4798,-2.79908));
#10584 = CARTESIAN_POINT('',(1.4097,3.4798,0.37592));
#10585 = PLANE('',#10586);
#10586 = AXIS2_PLACEMENT_3D('',#10587,#10588,#10589);
#10587 = CARTESIAN_POINT('',(1.868407037637,3.021092962363,
    0.723617173822));
#10588 = DIRECTION('',(-0.707106781187,-0.707106781186,0.));
#10589 = DIRECTION('',(0.707106781186,-0.707106781187,0.));
#10590 = ADVANCED_FACE('',(#10591),#10607,.T.);
#10591 = FACE_BOUND('',#10592,.T.);
#10592 = EDGE_LOOP('',(#10593,#10600,#10601,#10602));
#10593 = ORIENTED_EDGE('',*,*,#10594,.F.);
#10594 = EDGE_CURVE('',#10573,#10595,#10597,.T.);
#10595 = VERTEX_POINT('',#10596);
#10596 = CARTESIAN_POINT('',(1.5875,3.6576,0.37592));
#10597 = B_SPLINE_CURVE_WITH_KNOTS('',1,(#10598,#10599),.UNSPECIFIED.,
  .F.,.F.,(2,2),(0.,0.25144717139),.PIECEWISE_BEZIER_KNOTS.);
#10598 = CARTESIAN_POINT('',(1.4097,3.4798,0.37592));
#10599 = CARTESIAN_POINT('',(1.5875,3.6576,0.37592));
#10600 = ORIENTED_EDGE('',*,*,#10581,.F.);
#10601 = ORIENTED_EDGE('',*,*,#10375,.F.);
#10602 = ORIENTED_EDGE('',*,*,#10603,.T.);
#10603 = EDGE_CURVE('',#10369,#10595,#10604,.T.);
#10604 = B_SPLINE_CURVE_WITH_KNOTS('',1,(#10605,#10606),.UNSPECIFIED.,
  .F.,.F.,(2,2),(-3.175,0.),.PIECEWISE_BEZIER_KNOTS.);
#10605 = CARTESIAN_POINT('',(1.5875,3.6576,-2.79908));
#10606 = CARTESIAN_POINT('',(1.5875,3.6576,0.37592));
#10607 = PLANE('',#10608);
#10608 = AXIS2_PLACEMENT_3D('',#10609,#10610,#10611);
#10609 = CARTESIAN_POINT('',(2.059741242534,4.129841242534,
    0.723617173822));
#10610 = DIRECTION('',(0.707106781186,-0.707106781187,0.));
#10611 = DIRECTION('',(-0.707106781187,-0.707106781186,0.));
#10612 = ADVANCED_FACE('',(#10613),#10629,.T.);
#10613 = FACE_BOUND('',#10614,.T.);
#10614 = EDGE_LOOP('',(#10615,#10622,#10623,#10624));
#10615 = ORIENTED_EDGE('',*,*,#10616,.F.);
#10616 = EDGE_CURVE('',#10595,#10617,#10619,.T.);
#10617 = VERTEX_POINT('',#10618);
#10618 = CARTESIAN_POINT('',(1.471021024484,3.774078975516,0.37592));
#10619 = B_SPLINE_CURVE_WITH_KNOTS('',1,(#10620,#10621),.UNSPECIFIED.,
  .F.,.F.,(2,2),(0.,0.164726146906),.PIECEWISE_BEZIER_KNOTS.);
#10620 = CARTESIAN_POINT('',(1.5875,3.6576,0.37592));
#10621 = CARTESIAN_POINT('',(1.471021024484,3.774078975516,0.37592));
#10622 = ORIENTED_EDGE('',*,*,#10603,.F.);
#10623 = ORIENTED_EDGE('',*,*,#10368,.F.);
#10624 = ORIENTED_EDGE('',*,*,#10625,.T.);
#10625 = EDGE_CURVE('',#10361,#10617,#10626,.T.);
#10626 = B_SPLINE_CURVE_WITH_KNOTS('',1,(#10627,#10628),.UNSPECIFIED.,
  .F.,.F.,(2,2),(-3.175,0.),.PIECEWISE_BEZIER_KNOTS.);
#10627 = CARTESIAN_POINT('',(1.471021024484,3.774078975516,-2.79908));
#10628 = CARTESIAN_POINT('',(1.471021024484,3.774078975516,0.37592));
#10629 = PLANE('',#10630);
#10630 = AXIS2_PLACEMENT_3D('',#10631,#10632,#10633);
#10631 = CARTESIAN_POINT('',(1.004911884399,4.240188115602,
    0.723617173822));
#10632 = DIRECTION('',(0.707106781187,0.707106781186,0.));
#10633 = DIRECTION('',(-0.707106781186,0.707106781187,0.));
#10634 = ADVANCED_FACE('',(#10635),#10646,.T.);
#10635 = FACE_BOUND('',#10636,.T.);
#10636 = EDGE_LOOP('',(#10637,#10643,#10644,#10645));
#10637 = ORIENTED_EDGE('',*,*,#10638,.F.);
#10638 = EDGE_CURVE('',#10617,#10433,#10639,.T.);
#10639 = ( BOUNDED_CURVE() B_SPLINE_CURVE(2,(#10640,#10641,#10642),
.UNSPECIFIED.,.F.,.F.) B_SPLINE_CURVE_WITH_KNOTS((3,3),(0.,
9.632284001471E-02),.PIECEWISE_BEZIER_KNOTS.) CURVE() 
GEOMETRIC_REPRESENTATION_ITEM() RATIONAL_B_SPLINE_CURVE((1.,
0.923879532515,1.)) REPRESENTATION_ITEM('') );
#10640 = CARTESIAN_POINT('',(1.471021024484,3.774078975516,0.37592));
#10641 = CARTESIAN_POINT('',(1.4351,3.81,0.37592));
#10642 = CARTESIAN_POINT('',(1.3843,3.81,0.37592));
#10643 = ORIENTED_EDGE('',*,*,#10625,.F.);
#10644 = ORIENTED_EDGE('',*,*,#10360,.F.);
#10645 = ORIENTED_EDGE('',*,*,#10441,.F.);
#10646 = CYLINDRICAL_SURFACE('',#10647,0.122642048969);
#10647 = AXIS2_PLACEMENT_3D('',#10648,#10649,#10650);
#10648 = CARTESIAN_POINT('',(1.3843,3.687357951031,-1.21158));
#10649 = DIRECTION('',(0.,0.,-1.));
#10650 = DIRECTION('',(-1.,0.,-0.));
#10651 = ( GEOMETRIC_REPRESENTATION_CONTEXT(3) 
GLOBAL_UNCERTAINTY_ASSIGNED_CONTEXT((#10655)) 
GLOBAL_UNIT_ASSIGNED_CONTEXT((#10652,#10653,#10654)) 
REPRESENTATION_CONTEXT('Context #1',
  '3D Context with UNIT and UNCERTAINTY') );
#10652 = ( LENGTH_UNIT() NAMED_UNIT(*) SI_UNIT(.MILLI.,.METRE.) );
#10653 = ( NAMED_UNIT(*) PLANE_ANGLE_UNIT() SI_UNIT($,.RADIAN.) );
#10654 = ( NAMED_UNIT(*) SI_UNIT($,.STERADIAN.) SOLID_ANGLE_UNIT() );
#10655 = UNCERTAINTY_MEASURE_WITH_UNIT(LENGTH_MEASURE(1.E-04),#10652,
  'distance_accuracy_value','confusion accuracy');
#10656 = CONTEXT_DEPENDENT_SHAPE_REPRESENTATION(#10657,#10659);
#10657 = ( REPRESENTATION_RELATIONSHIP('','',#10344,#10) 
REPRESENTATION_RELATIONSHIP_WITH_TRANSFORMATION(#10658) 
SHAPE_REPRESENTATION_RELATIONSHIP() );
#10658 = ITEM_DEFINED_TRANSFORMATION('','',#11,#59);
#10659 = PRODUCT_DEFINITION_SHAPE('Placement','Placement of an item',
  #10660);
#10660 = NEXT_ASSEMBLY_USAGE_OCCURRENCE('173','Document011','',#5,#10339
  ,$);
#10661 = PRODUCT_RELATED_PRODUCT_CATEGORY('part',$,(#10341));
#10662 = SHAPE_DEFINITION_REPRESENTATION(#10663,#10669);
#10663 = PRODUCT_DEFINITION_SHAPE('','',#10664);
#10664 = PRODUCT_DEFINITION('design','',#10665,#10668);
#10665 = PRODUCT_DEFINITION_FORMATION('','',#10666);
#10666 = PRODUCT('Document012','Document012','',(#10667));
#10667 = PRODUCT_CONTEXT('',#2,'mechanical');
#10668 = PRODUCT_DEFINITION_CONTEXT('part definition',#2,'design');
#10669 = MANIFOLD_SURFACE_SHAPE_REPRESENTATION('',(#11,#10670),#10976);
#10670 = SHELL_BASED_SURFACE_MODEL('',(#10671));
#10671 = OPEN_SHELL('',(#10672,#10753,#10781,#10804,#10826,#10848,#10870
    ,#10893,#10915,#10937,#10959));
#10672 = ADVANCED_FACE('',(#10673),#10748,.T.);
#10673 = FACE_BOUND('',#10674,.T.);
#10674 = EDGE_LOOP('',(#10675,#10684,#10692,#10699,#10706,#10713,#10721,
    #10728,#10735,#10742));
#10675 = ORIENTED_EDGE('',*,*,#10676,.T.);
#10676 = EDGE_CURVE('',#10677,#10679,#10681,.T.);
#10677 = VERTEX_POINT('',#10678);
#10678 = CARTESIAN_POINT('',(3.2639,3.81,-2.79908));
#10679 = VERTEX_POINT('',#10680);
#10680 = CARTESIAN_POINT('',(3.4417,3.81,-2.79908));
#10681 = B_SPLINE_CURVE_WITH_KNOTS('',1,(#10682,#10683),.UNSPECIFIED.,
  .F.,.F.,(2,2),(-0.1778,0.),.PIECEWISE_BEZIER_KNOTS.);
#10682 = CARTESIAN_POINT('',(3.2639,3.81,-2.79908));
#10683 = CARTESIAN_POINT('',(3.4417,3.81,-2.79908));
#10684 = ORIENTED_EDGE('',*,*,#10685,.T.);
#10685 = EDGE_CURVE('',#10679,#10686,#10688,.T.);
#10686 = VERTEX_POINT('',#10687);
#10687 = CARTESIAN_POINT('',(3.528421024484,3.774078975516,-2.79908));
#10688 = ( BOUNDED_CURVE() B_SPLINE_CURVE(2,(#10689,#10690,#10691),
.UNSPECIFIED.,.F.,.F.) B_SPLINE_CURVE_WITH_KNOTS((3,3),(0.,
9.632284001471E-02),.PIECEWISE_BEZIER_KNOTS.) CURVE() 
GEOMETRIC_REPRESENTATION_ITEM() RATIONAL_B_SPLINE_CURVE((1.,
0.923879532515,1.)) REPRESENTATION_ITEM('') );
#10689 = CARTESIAN_POINT('',(3.4417,3.81,-2.79908));
#10690 = CARTESIAN_POINT('',(3.4925,3.81,-2.79908));
#10691 = CARTESIAN_POINT('',(3.528421024484,3.774078975516,-2.79908));
#10692 = ORIENTED_EDGE('',*,*,#10693,.T.);
#10693 = EDGE_CURVE('',#10686,#10694,#10696,.T.);
#10694 = VERTEX_POINT('',#10695);
#10695 = CARTESIAN_POINT('',(3.6449,3.6576,-2.79908));
#10696 = B_SPLINE_CURVE_WITH_KNOTS('',1,(#10697,#10698),.UNSPECIFIED.,
  .F.,.F.,(2,2),(0.,0.164726146906),.PIECEWISE_BEZIER_KNOTS.);
#10697 = CARTESIAN_POINT('',(3.528421024484,3.774078975516,-2.79908));
#10698 = CARTESIAN_POINT('',(3.6449,3.6576,-2.79908));
#10699 = ORIENTED_EDGE('',*,*,#10700,.T.);
#10700 = EDGE_CURVE('',#10694,#10701,#10703,.T.);
#10701 = VERTEX_POINT('',#10702);
#10702 = CARTESIAN_POINT('',(3.4671,3.4798,-2.79908));
#10703 = B_SPLINE_CURVE_WITH_KNOTS('',1,(#10704,#10705),.UNSPECIFIED.,
  .F.,.F.,(2,2),(0.,0.25144717139),.PIECEWISE_BEZIER_KNOTS.);
#10704 = CARTESIAN_POINT('',(3.6449,3.6576,-2.79908));
#10705 = CARTESIAN_POINT('',(3.4671,3.4798,-2.79908));
#10706 = ORIENTED_EDGE('',*,*,#10707,.T.);
#10707 = EDGE_CURVE('',#10701,#10708,#10710,.T.);
#10708 = VERTEX_POINT('',#10709);
#10709 = CARTESIAN_POINT('',(3.424642048969,3.522257951031,-2.79908));
#10710 = B_SPLINE_CURVE_WITH_KNOTS('',1,(#10711,#10712),.UNSPECIFIED.,
  .F.,.F.,(2,2),(0.,6.004461017861E-02),.PIECEWISE_BEZIER_KNOTS.);
#10711 = CARTESIAN_POINT('',(3.4671,3.4798,-2.79908));
#10712 = CARTESIAN_POINT('',(3.424642048969,3.522257951031,-2.79908));
#10713 = ORIENTED_EDGE('',*,*,#10714,.T.);
#10714 = EDGE_CURVE('',#10708,#10715,#10717,.T.);
#10715 = VERTEX_POINT('',#10716);
#10716 = CARTESIAN_POINT('',(3.280957951031,3.522257951031,-2.79908));
#10717 = ( BOUNDED_CURVE() B_SPLINE_CURVE(2,(#10718,#10719,#10720),
.UNSPECIFIED.,.F.,.F.) B_SPLINE_CURVE_WITH_KNOTS((3,3),(0.,
0.159592906804),.PIECEWISE_BEZIER_KNOTS.) CURVE() 
GEOMETRIC_REPRESENTATION_ITEM() RATIONAL_B_SPLINE_CURVE((1.,
0.707106781181,1.)) REPRESENTATION_ITEM('') );
#10718 = CARTESIAN_POINT('',(3.424642048969,3.522257951031,-2.79908));
#10719 = CARTESIAN_POINT('',(3.3528,3.594100000001,-2.79908));
#10720 = CARTESIAN_POINT('',(3.280957951031,3.522257951031,-2.79908));
#10721 = ORIENTED_EDGE('',*,*,#10722,.T.);
#10722 = EDGE_CURVE('',#10715,#10723,#10725,.T.);
#10723 = VERTEX_POINT('',#10724);
#10724 = CARTESIAN_POINT('',(3.2385,3.4798,-2.79908));
#10725 = B_SPLINE_CURVE_WITH_KNOTS('',1,(#10726,#10727),.UNSPECIFIED.,
  .F.,.F.,(2,2),(0.,6.004461017861E-02),.PIECEWISE_BEZIER_KNOTS.);
#10726 = CARTESIAN_POINT('',(3.280957951031,3.522257951031,-2.79908));
#10727 = CARTESIAN_POINT('',(3.2385,3.4798,-2.79908));
#10728 = ORIENTED_EDGE('',*,*,#10729,.T.);
#10729 = EDGE_CURVE('',#10723,#10730,#10732,.T.);
#10730 = VERTEX_POINT('',#10731);
#10731 = CARTESIAN_POINT('',(3.0607,3.6576,-2.79908));
#10732 = B_SPLINE_CURVE_WITH_KNOTS('',1,(#10733,#10734),.UNSPECIFIED.,
  .F.,.F.,(2,2),(0.,0.25144717139),.PIECEWISE_BEZIER_KNOTS.);
#10733 = CARTESIAN_POINT('',(3.2385,3.4798,-2.79908));
#10734 = CARTESIAN_POINT('',(3.0607,3.6576,-2.79908));
#10735 = ORIENTED_EDGE('',*,*,#10736,.T.);
#10736 = EDGE_CURVE('',#10730,#10737,#10739,.T.);
#10737 = VERTEX_POINT('',#10738);
#10738 = CARTESIAN_POINT('',(3.177178975516,3.774078975516,-2.79908));
#10739 = B_SPLINE_CURVE_WITH_KNOTS('',1,(#10740,#10741),.UNSPECIFIED.,
  .F.,.F.,(2,2),(0.,0.164726146906),.PIECEWISE_BEZIER_KNOTS.);
#10740 = CARTESIAN_POINT('',(3.0607,3.6576,-2.79908));
#10741 = CARTESIAN_POINT('',(3.177178975516,3.774078975516,-2.79908));
#10742 = ORIENTED_EDGE('',*,*,#10743,.T.);
#10743 = EDGE_CURVE('',#10737,#10677,#10744,.T.);
#10744 = ( BOUNDED_CURVE() B_SPLINE_CURVE(2,(#10745,#10746,#10747),
.UNSPECIFIED.,.F.,.F.) B_SPLINE_CURVE_WITH_KNOTS((3,3),(0.,
9.632284001469E-02),.PIECEWISE_BEZIER_KNOTS.) CURVE() 
GEOMETRIC_REPRESENTATION_ITEM() RATIONAL_B_SPLINE_CURVE((1.,
0.923879532516,1.)) REPRESENTATION_ITEM('') );
#10745 = CARTESIAN_POINT('',(3.177178975516,3.774078975516,-2.79908));
#10746 = CARTESIAN_POINT('',(3.2131,3.81,-2.79908));
#10747 = CARTESIAN_POINT('',(3.2639,3.81,-2.79908));
#10748 = PLANE('',#10749);
#10749 = AXIS2_PLACEMENT_3D('',#10750,#10751,#10752);
#10750 = CARTESIAN_POINT('',(2.372082826178,2.816582826178,-2.79908));
#10751 = DIRECTION('',(0.,0.,-1.));
#10752 = DIRECTION('',(-1.,0.,-0.));
#10753 = ADVANCED_FACE('',(#10754),#10776,.T.);
#10754 = FACE_BOUND('',#10755,.T.);
#10755 = EDGE_LOOP('',(#10756,#10765,#10770,#10771));
#10756 = ORIENTED_EDGE('',*,*,#10757,.F.);
#10757 = EDGE_CURVE('',#10758,#10760,#10762,.T.);
#10758 = VERTEX_POINT('',#10759);
#10759 = CARTESIAN_POINT('',(3.4417,3.81,0.37592));
#10760 = VERTEX_POINT('',#10761);
#10761 = CARTESIAN_POINT('',(3.2639,3.81,0.37592));
#10762 = B_SPLINE_CURVE_WITH_KNOTS('',1,(#10763,#10764),.UNSPECIFIED.,
  .F.,.F.,(2,2),(-0.1778,0.),.PIECEWISE_BEZIER_KNOTS.);
#10763 = CARTESIAN_POINT('',(3.4417,3.81,0.37592));
#10764 = CARTESIAN_POINT('',(3.2639,3.81,0.37592));
#10765 = ORIENTED_EDGE('',*,*,#10766,.T.);
#10766 = EDGE_CURVE('',#10758,#10679,#10767,.T.);
#10767 = B_SPLINE_CURVE_WITH_KNOTS('',1,(#10768,#10769),.UNSPECIFIED.,
  .F.,.F.,(2,2),(-3.175,0.),.PIECEWISE_BEZIER_KNOTS.);
#10768 = CARTESIAN_POINT('',(3.4417,3.81,0.37592));
#10769 = CARTESIAN_POINT('',(3.4417,3.81,-2.79908));
#10770 = ORIENTED_EDGE('',*,*,#10676,.F.);
#10771 = ORIENTED_EDGE('',*,*,#10772,.T.);
#10772 = EDGE_CURVE('',#10677,#10760,#10773,.T.);
#10773 = B_SPLINE_CURVE_WITH_KNOTS('',1,(#10774,#10775),.UNSPECIFIED.,
  .F.,.F.,(2,2),(-3.175,0.),.PIECEWISE_BEZIER_KNOTS.);
#10774 = CARTESIAN_POINT('',(3.2639,3.81,-2.79908));
#10775 = CARTESIAN_POINT('',(3.2639,3.81,0.37592));
#10776 = PLANE('',#10777);
#10777 = AXIS2_PLACEMENT_3D('',#10778,#10779,#10780);
#10778 = CARTESIAN_POINT('',(2.615922826178,3.81,0.723617173822));
#10779 = DIRECTION('',(0.,1.,0.));
#10780 = DIRECTION('',(0.,-0.,1.));
#10781 = ADVANCED_FACE('',(#10782),#10799,.T.);
#10782 = FACE_BOUND('',#10783,.T.);
#10783 = EDGE_LOOP('',(#10784,#10792,#10793,#10794));
#10784 = ORIENTED_EDGE('',*,*,#10785,.F.);
#10785 = EDGE_CURVE('',#10760,#10786,#10788,.T.);
#10786 = VERTEX_POINT('',#10787);
#10787 = CARTESIAN_POINT('',(3.177178975516,3.774078975516,0.37592));
#10788 = ( BOUNDED_CURVE() B_SPLINE_CURVE(2,(#10789,#10790,#10791),
.UNSPECIFIED.,.F.,.F.) B_SPLINE_CURVE_WITH_KNOTS((3,3),(0.,
9.632284001469E-02),.PIECEWISE_BEZIER_KNOTS.) CURVE() 
GEOMETRIC_REPRESENTATION_ITEM() RATIONAL_B_SPLINE_CURVE((1.,
0.923879532516,1.)) REPRESENTATION_ITEM('') );
#10789 = CARTESIAN_POINT('',(3.2639,3.81,0.37592));
#10790 = CARTESIAN_POINT('',(3.2131,3.81,0.37592));
#10791 = CARTESIAN_POINT('',(3.177178975516,3.774078975516,0.37592));
#10792 = ORIENTED_EDGE('',*,*,#10772,.F.);
#10793 = ORIENTED_EDGE('',*,*,#10743,.F.);
#10794 = ORIENTED_EDGE('',*,*,#10795,.T.);
#10795 = EDGE_CURVE('',#10737,#10786,#10796,.T.);
#10796 = B_SPLINE_CURVE_WITH_KNOTS('',1,(#10797,#10798),.UNSPECIFIED.,
  .F.,.F.,(2,2),(-3.175,0.),.PIECEWISE_BEZIER_KNOTS.);
#10797 = CARTESIAN_POINT('',(3.177178975516,3.774078975516,-2.79908));
#10798 = CARTESIAN_POINT('',(3.177178975516,3.774078975516,0.37592));
#10799 = CYLINDRICAL_SURFACE('',#10800,0.122642048968);
#10800 = AXIS2_PLACEMENT_3D('',#10801,#10802,#10803);
#10801 = CARTESIAN_POINT('',(3.2639,3.687357951031,-1.21158));
#10802 = DIRECTION('',(0.,0.,-1.));
#10803 = DIRECTION('',(-1.,0.,-0.));
#10804 = ADVANCED_FACE('',(#10805),#10821,.T.);
#10805 = FACE_BOUND('',#10806,.T.);
#10806 = EDGE_LOOP('',(#10807,#10814,#10815,#10816));
#10807 = ORIENTED_EDGE('',*,*,#10808,.F.);
#10808 = EDGE_CURVE('',#10786,#10809,#10811,.T.);
#10809 = VERTEX_POINT('',#10810);
#10810 = CARTESIAN_POINT('',(3.0607,3.6576,0.37592));
#10811 = B_SPLINE_CURVE_WITH_KNOTS('',1,(#10812,#10813),.UNSPECIFIED.,
  .F.,.F.,(2,2),(0.,0.164726146906),.PIECEWISE_BEZIER_KNOTS.);
#10812 = CARTESIAN_POINT('',(3.177178975516,3.774078975516,0.37592));
#10813 = CARTESIAN_POINT('',(3.0607,3.6576,0.37592));
#10814 = ORIENTED_EDGE('',*,*,#10795,.F.);
#10815 = ORIENTED_EDGE('',*,*,#10736,.F.);
#10816 = ORIENTED_EDGE('',*,*,#10817,.T.);
#10817 = EDGE_CURVE('',#10730,#10809,#10818,.T.);
#10818 = B_SPLINE_CURVE_WITH_KNOTS('',1,(#10819,#10820),.UNSPECIFIED.,
  .F.,.F.,(2,2),(-3.175,0.),.PIECEWISE_BEZIER_KNOTS.);
#10819 = CARTESIAN_POINT('',(3.0607,3.6576,-2.79908));
#10820 = CARTESIAN_POINT('',(3.0607,3.6576,0.37592));
#10821 = PLANE('',#10822);
#10822 = AXIS2_PLACEMENT_3D('',#10823,#10824,#10825);
#10823 = CARTESIAN_POINT('',(2.594590859914,3.191490859915,
    0.723617173822));
#10824 = DIRECTION('',(-0.707106781186,0.707106781187,0.));
#10825 = DIRECTION('',(0.707106781187,0.707106781186,0.));
#10826 = ADVANCED_FACE('',(#10827),#10843,.T.);
#10827 = FACE_BOUND('',#10828,.T.);
#10828 = EDGE_LOOP('',(#10829,#10836,#10837,#10838));
#10829 = ORIENTED_EDGE('',*,*,#10830,.F.);
#10830 = EDGE_CURVE('',#10809,#10831,#10833,.T.);
#10831 = VERTEX_POINT('',#10832);
#10832 = CARTESIAN_POINT('',(3.2385,3.4798,0.37592));
#10833 = B_SPLINE_CURVE_WITH_KNOTS('',1,(#10834,#10835),.UNSPECIFIED.,
  .F.,.F.,(2,2),(0.,0.25144717139),.PIECEWISE_BEZIER_KNOTS.);
#10834 = CARTESIAN_POINT('',(3.0607,3.6576,0.37592));
#10835 = CARTESIAN_POINT('',(3.2385,3.4798,0.37592));
#10836 = ORIENTED_EDGE('',*,*,#10817,.F.);
#10837 = ORIENTED_EDGE('',*,*,#10729,.F.);
#10838 = ORIENTED_EDGE('',*,*,#10839,.T.);
#10839 = EDGE_CURVE('',#10723,#10831,#10840,.T.);
#10840 = B_SPLINE_CURVE_WITH_KNOTS('',1,(#10841,#10842),.UNSPECIFIED.,
  .F.,.F.,(2,2),(-3.175,0.),.PIECEWISE_BEZIER_KNOTS.);
#10841 = CARTESIAN_POINT('',(3.2385,3.4798,-2.79908));
#10842 = CARTESIAN_POINT('',(3.2385,3.4798,0.37592));
#10843 = PLANE('',#10844);
#10844 = AXIS2_PLACEMENT_3D('',#10845,#10846,#10847);
#10845 = CARTESIAN_POINT('',(3.710741242534,3.007558757466,
    0.723617173822));
#10846 = DIRECTION('',(-0.707106781187,-0.707106781186,0.));
#10847 = DIRECTION('',(0.707106781186,-0.707106781187,0.));
#10848 = ADVANCED_FACE('',(#10849),#10865,.T.);
#10849 = FACE_BOUND('',#10850,.T.);
#10850 = EDGE_LOOP('',(#10851,#10858,#10859,#10860));
#10851 = ORIENTED_EDGE('',*,*,#10852,.F.);
#10852 = EDGE_CURVE('',#10831,#10853,#10855,.T.);
#10853 = VERTEX_POINT('',#10854);
#10854 = CARTESIAN_POINT('',(3.280957951031,3.522257951031,0.37592));
#10855 = B_SPLINE_CURVE_WITH_KNOTS('',1,(#10856,#10857),.UNSPECIFIED.,
  .F.,.F.,(2,2),(0.,6.004461017861E-02),.PIECEWISE_BEZIER_KNOTS.);
#10856 = CARTESIAN_POINT('',(3.2385,3.4798,0.37592));
#10857 = CARTESIAN_POINT('',(3.280957951031,3.522257951031,0.37592));
#10858 = ORIENTED_EDGE('',*,*,#10839,.F.);
#10859 = ORIENTED_EDGE('',*,*,#10722,.F.);
#10860 = ORIENTED_EDGE('',*,*,#10861,.T.);
#10861 = EDGE_CURVE('',#10715,#10853,#10862,.T.);
#10862 = B_SPLINE_CURVE_WITH_KNOTS('',1,(#10863,#10864),.UNSPECIFIED.,
  .F.,.F.,(2,2),(-3.175,0.),.PIECEWISE_BEZIER_KNOTS.);
#10863 = CARTESIAN_POINT('',(3.280957951031,3.522257951031,-2.79908));
#10864 = CARTESIAN_POINT('',(3.280957951031,3.522257951031,0.37592));
#10865 = PLANE('',#10866);
#10866 = AXIS2_PLACEMENT_3D('',#10867,#10868,#10869);
#10867 = CARTESIAN_POINT('',(3.739664988668,3.980964988668,
    0.723617173822));
#10868 = DIRECTION('',(0.707106781187,-0.707106781187,0.));
#10869 = DIRECTION('',(0.707106781187,0.707106781187,0.));
#10870 = ADVANCED_FACE('',(#10871),#10888,.F.);
#10871 = FACE_BOUND('',#10872,.F.);
#10872 = EDGE_LOOP('',(#10873,#10881,#10886,#10887));
#10873 = ORIENTED_EDGE('',*,*,#10874,.T.);
#10874 = EDGE_CURVE('',#10853,#10875,#10877,.T.);
#10875 = VERTEX_POINT('',#10876);
#10876 = CARTESIAN_POINT('',(3.424642048969,3.522257951031,0.37592));
#10877 = ( BOUNDED_CURVE() B_SPLINE_CURVE(2,(#10878,#10879,#10880),
.UNSPECIFIED.,.F.,.F.) B_SPLINE_CURVE_WITH_KNOTS((3,3),(0.,
0.159592906804),.PIECEWISE_BEZIER_KNOTS.) CURVE() 
GEOMETRIC_REPRESENTATION_ITEM() RATIONAL_B_SPLINE_CURVE((1.,
0.707106781181,1.)) REPRESENTATION_ITEM('') );
#10878 = CARTESIAN_POINT('',(3.280957951031,3.522257951031,0.37592));
#10879 = CARTESIAN_POINT('',(3.3528,3.594100000001,0.37592));
#10880 = CARTESIAN_POINT('',(3.424642048969,3.522257951031,0.37592));
#10881 = ORIENTED_EDGE('',*,*,#10882,.T.);
#10882 = EDGE_CURVE('',#10875,#10708,#10883,.T.);
#10883 = B_SPLINE_CURVE_WITH_KNOTS('',1,(#10884,#10885),.UNSPECIFIED.,
  .F.,.F.,(2,2),(0.,3.175),.PIECEWISE_BEZIER_KNOTS.);
#10884 = CARTESIAN_POINT('',(3.424642048969,3.522257951031,0.37592));
#10885 = CARTESIAN_POINT('',(3.424642048969,3.522257951031,-2.79908));
#10886 = ORIENTED_EDGE('',*,*,#10714,.T.);
#10887 = ORIENTED_EDGE('',*,*,#10861,.T.);
#10888 = CYLINDRICAL_SURFACE('',#10889,0.1016);
#10889 = AXIS2_PLACEMENT_3D('',#10890,#10891,#10892);
#10890 = CARTESIAN_POINT('',(3.3528,3.450415902063,-1.21158));
#10891 = DIRECTION('',(0.,0.,-1.));
#10892 = DIRECTION('',(-1.,0.,-0.));
#10893 = ADVANCED_FACE('',(#10894),#10910,.T.);
#10894 = FACE_BOUND('',#10895,.T.);
#10895 = EDGE_LOOP('',(#10896,#10903,#10904,#10905));
#10896 = ORIENTED_EDGE('',*,*,#10897,.F.);
#10897 = EDGE_CURVE('',#10875,#10898,#10900,.T.);
#10898 = VERTEX_POINT('',#10899);
#10899 = CARTESIAN_POINT('',(3.4671,3.4798,0.37592));
#10900 = B_SPLINE_CURVE_WITH_KNOTS('',1,(#10901,#10902),.UNSPECIFIED.,
  .F.,.F.,(2,2),(0.,6.004461017861E-02),.PIECEWISE_BEZIER_KNOTS.);
#10901 = CARTESIAN_POINT('',(3.424642048969,3.522257951031,0.37592));
#10902 = CARTESIAN_POINT('',(3.4671,3.4798,0.37592));
#10903 = ORIENTED_EDGE('',*,*,#10882,.T.);
#10904 = ORIENTED_EDGE('',*,*,#10707,.F.);
#10905 = ORIENTED_EDGE('',*,*,#10906,.T.);
#10906 = EDGE_CURVE('',#10701,#10898,#10907,.T.);
#10907 = B_SPLINE_CURVE_WITH_KNOTS('',1,(#10908,#10909),.UNSPECIFIED.,
  .F.,.F.,(2,2),(-3.175,0.),.PIECEWISE_BEZIER_KNOTS.);
#10908 = CARTESIAN_POINT('',(3.4671,3.4798,-2.79908));
#10909 = CARTESIAN_POINT('',(3.4671,3.4798,0.37592));
#10910 = PLANE('',#10911);
#10911 = AXIS2_PLACEMENT_3D('',#10912,#10913,#10914);
#10912 = CARTESIAN_POINT('',(3.925807037637,3.021092962363,
    0.723617173822));
#10913 = DIRECTION('',(-0.707106781187,-0.707106781187,0.));
#10914 = DIRECTION('',(0.707106781187,-0.707106781187,0.));
#10915 = ADVANCED_FACE('',(#10916),#10932,.T.);
#10916 = FACE_BOUND('',#10917,.T.);
#10917 = EDGE_LOOP('',(#10918,#10925,#10926,#10927));
#10918 = ORIENTED_EDGE('',*,*,#10919,.F.);
#10919 = EDGE_CURVE('',#10898,#10920,#10922,.T.);
#10920 = VERTEX_POINT('',#10921);
#10921 = CARTESIAN_POINT('',(3.6449,3.6576,0.37592));
#10922 = B_SPLINE_CURVE_WITH_KNOTS('',1,(#10923,#10924),.UNSPECIFIED.,
  .F.,.F.,(2,2),(0.,0.25144717139),.PIECEWISE_BEZIER_KNOTS.);
#10923 = CARTESIAN_POINT('',(3.4671,3.4798,0.37592));
#10924 = CARTESIAN_POINT('',(3.6449,3.6576,0.37592));
#10925 = ORIENTED_EDGE('',*,*,#10906,.F.);
#10926 = ORIENTED_EDGE('',*,*,#10700,.F.);
#10927 = ORIENTED_EDGE('',*,*,#10928,.T.);
#10928 = EDGE_CURVE('',#10694,#10920,#10929,.T.);
#10929 = B_SPLINE_CURVE_WITH_KNOTS('',1,(#10930,#10931),.UNSPECIFIED.,
  .F.,.F.,(2,2),(-3.175,0.),.PIECEWISE_BEZIER_KNOTS.);
#10930 = CARTESIAN_POINT('',(3.6449,3.6576,-2.79908));
#10931 = CARTESIAN_POINT('',(3.6449,3.6576,0.37592));
#10932 = PLANE('',#10933);
#10933 = AXIS2_PLACEMENT_3D('',#10934,#10935,#10936);
#10934 = CARTESIAN_POINT('',(4.117141242534,4.129841242534,
    0.723617173822));
#10935 = DIRECTION('',(0.707106781187,-0.707106781186,0.));
#10936 = DIRECTION('',(0.707106781186,0.707106781187,0.));
#10937 = ADVANCED_FACE('',(#10938),#10954,.T.);
#10938 = FACE_BOUND('',#10939,.T.);
#10939 = EDGE_LOOP('',(#10940,#10947,#10948,#10949));
#10940 = ORIENTED_EDGE('',*,*,#10941,.F.);
#10941 = EDGE_CURVE('',#10920,#10942,#10944,.T.);
#10942 = VERTEX_POINT('',#10943);
#10943 = CARTESIAN_POINT('',(3.528421024484,3.774078975516,0.37592));
#10944 = B_SPLINE_CURVE_WITH_KNOTS('',1,(#10945,#10946),.UNSPECIFIED.,
  .F.,.F.,(2,2),(0.,0.164726146906),.PIECEWISE_BEZIER_KNOTS.);
#10945 = CARTESIAN_POINT('',(3.6449,3.6576,0.37592));
#10946 = CARTESIAN_POINT('',(3.528421024484,3.774078975516,0.37592));
#10947 = ORIENTED_EDGE('',*,*,#10928,.F.);
#10948 = ORIENTED_EDGE('',*,*,#10693,.F.);
#10949 = ORIENTED_EDGE('',*,*,#10950,.F.);
#10950 = EDGE_CURVE('',#10942,#10686,#10951,.T.);
#10951 = B_SPLINE_CURVE_WITH_KNOTS('',1,(#10952,#10953),.UNSPECIFIED.,
  .F.,.F.,(2,2),(-3.175,0.),.PIECEWISE_BEZIER_KNOTS.);
#10952 = CARTESIAN_POINT('',(3.528421024484,3.774078975516,0.37592));
#10953 = CARTESIAN_POINT('',(3.528421024484,3.774078975516,-2.79908));
#10954 = PLANE('',#10955);
#10955 = AXIS2_PLACEMENT_3D('',#10956,#10957,#10958);
#10956 = CARTESIAN_POINT('',(3.062311884399,4.240188115602,
    0.723617173822));
#10957 = DIRECTION('',(0.707106781187,0.707106781186,0.));
#10958 = DIRECTION('',(-0.707106781186,0.707106781187,0.));
#10959 = ADVANCED_FACE('',(#10960),#10971,.T.);
#10960 = FACE_BOUND('',#10961,.T.);
#10961 = EDGE_LOOP('',(#10962,#10968,#10969,#10970));
#10962 = ORIENTED_EDGE('',*,*,#10963,.F.);
#10963 = EDGE_CURVE('',#10942,#10758,#10964,.T.);
#10964 = ( BOUNDED_CURVE() B_SPLINE_CURVE(2,(#10965,#10966,#10967),
.UNSPECIFIED.,.F.,.F.) B_SPLINE_CURVE_WITH_KNOTS((3,3),(0.,
9.632284001471E-02),.PIECEWISE_BEZIER_KNOTS.) CURVE() 
GEOMETRIC_REPRESENTATION_ITEM() RATIONAL_B_SPLINE_CURVE((1.,
0.923879532515,1.)) REPRESENTATION_ITEM('') );
#10965 = CARTESIAN_POINT('',(3.528421024484,3.774078975516,0.37592));
#10966 = CARTESIAN_POINT('',(3.4925,3.81,0.37592));
#10967 = CARTESIAN_POINT('',(3.4417,3.81,0.37592));
#10968 = ORIENTED_EDGE('',*,*,#10950,.T.);
#10969 = ORIENTED_EDGE('',*,*,#10685,.F.);
#10970 = ORIENTED_EDGE('',*,*,#10766,.F.);
#10971 = CYLINDRICAL_SURFACE('',#10972,0.122642048969);
#10972 = AXIS2_PLACEMENT_3D('',#10973,#10974,#10975);
#10973 = CARTESIAN_POINT('',(3.4417,3.687357951031,-1.21158));
#10974 = DIRECTION('',(0.,0.,-1.));
#10975 = DIRECTION('',(-1.,0.,-0.));
#10976 = ( GEOMETRIC_REPRESENTATION_CONTEXT(3) 
GLOBAL_UNCERTAINTY_ASSIGNED_CONTEXT((#10980)) 
GLOBAL_UNIT_ASSIGNED_CONTEXT((#10977,#10978,#10979)) 
REPRESENTATION_CONTEXT('Context #1',
  '3D Context with UNIT and UNCERTAINTY') );
#10977 = ( LENGTH_UNIT() NAMED_UNIT(*) SI_UNIT(.MILLI.,.METRE.) );
#10978 = ( NAMED_UNIT(*) PLANE_ANGLE_UNIT() SI_UNIT($,.RADIAN.) );
#10979 = ( NAMED_UNIT(*) SI_UNIT($,.STERADIAN.) SOLID_ANGLE_UNIT() );
#10980 = UNCERTAINTY_MEASURE_WITH_UNIT(LENGTH_MEASURE(1.E-04),#10977,
  'distance_accuracy_value','confusion accuracy');
#10981 = CONTEXT_DEPENDENT_SHAPE_REPRESENTATION(#10982,#10984);
#10982 = ( REPRESENTATION_RELATIONSHIP('','',#10669,#10) 
REPRESENTATION_RELATIONSHIP_WITH_TRANSFORMATION(#10983) 
SHAPE_REPRESENTATION_RELATIONSHIP() );
#10983 = ITEM_DEFINED_TRANSFORMATION('','',#11,#63);
#10984 = PRODUCT_DEFINITION_SHAPE('Placement','Placement of an item',
  #10985);
#10985 = NEXT_ASSEMBLY_USAGE_OCCURRENCE('174','Document012','',#5,#10664
  ,$);
#10986 = PRODUCT_RELATED_PRODUCT_CATEGORY('part',$,(#10666));
#10987 = SHAPE_DEFINITION_REPRESENTATION(#10988,#10994);
#10988 = PRODUCT_DEFINITION_SHAPE('','',#10989);
#10989 = PRODUCT_DEFINITION('design','',#10990,#10993);
#10990 = PRODUCT_DEFINITION_FORMATION('','',#10991);
#10991 = PRODUCT('Document013','Document013','',(#10992));
#10992 = PRODUCT_CONTEXT('',#2,'mechanical');
#10993 = PRODUCT_DEFINITION_CONTEXT('part definition',#2,'design');
#10994 = MANIFOLD_SURFACE_SHAPE_REPRESENTATION('',(#11,#10995),#11301);
#10995 = SHELL_BASED_SURFACE_MODEL('',(#10996));
#10996 = OPEN_SHELL('',(#10997,#11078,#11107,#11129,#11152,#11174,#11196
    ,#11218,#11241,#11263,#11285));
#10997 = ADVANCED_FACE('',(#10998),#11073,.T.);
#10998 = FACE_BOUND('',#10999,.T.);
#10999 = EDGE_LOOP('',(#11000,#11010,#11017,#11024,#11031,#11039,#11046,
    #11053,#11060,#11068));
#11000 = ORIENTED_EDGE('',*,*,#11001,.T.);
#11001 = EDGE_CURVE('',#11002,#11004,#11006,.T.);
#11002 = VERTEX_POINT('',#11003);
#11003 = CARTESIAN_POINT('',(-1.2065,3.81,-2.79908));
#11004 = VERTEX_POINT('',#11005);
#11005 = CARTESIAN_POINT('',(-1.119778975516,3.774078975516,-2.79908));
#11006 = ( BOUNDED_CURVE() B_SPLINE_CURVE(2,(#11007,#11008,#11009),
.UNSPECIFIED.,.F.,.F.) B_SPLINE_CURVE_WITH_KNOTS((3,3),(0.,
9.632284001469E-02),.PIECEWISE_BEZIER_KNOTS.) CURVE() 
GEOMETRIC_REPRESENTATION_ITEM() RATIONAL_B_SPLINE_CURVE((1.,
0.923879532516,1.)) REPRESENTATION_ITEM('') );
#11007 = CARTESIAN_POINT('',(-1.2065,3.81,-2.79908));
#11008 = CARTESIAN_POINT('',(-1.1557,3.81,-2.79908));
#11009 = CARTESIAN_POINT('',(-1.119778975516,3.774078975516,-2.79908));
#11010 = ORIENTED_EDGE('',*,*,#11011,.T.);
#11011 = EDGE_CURVE('',#11004,#11012,#11014,.T.);
#11012 = VERTEX_POINT('',#11013);
#11013 = CARTESIAN_POINT('',(-1.0033,3.6576,-2.79908));
#11014 = B_SPLINE_CURVE_WITH_KNOTS('',1,(#11015,#11016),.UNSPECIFIED.,
  .F.,.F.,(2,2),(0.,0.164726146906),.PIECEWISE_BEZIER_KNOTS.);
#11015 = CARTESIAN_POINT('',(-1.119778975516,3.774078975516,-2.79908));
#11016 = CARTESIAN_POINT('',(-1.0033,3.6576,-2.79908));
#11017 = ORIENTED_EDGE('',*,*,#11018,.T.);
#11018 = EDGE_CURVE('',#11012,#11019,#11021,.T.);
#11019 = VERTEX_POINT('',#11020);
#11020 = CARTESIAN_POINT('',(-1.1811,3.4798,-2.79908));
#11021 = B_SPLINE_CURVE_WITH_KNOTS('',1,(#11022,#11023),.UNSPECIFIED.,
  .F.,.F.,(2,2),(0.,0.25144717139),.PIECEWISE_BEZIER_KNOTS.);
#11022 = CARTESIAN_POINT('',(-1.0033,3.6576,-2.79908));
#11023 = CARTESIAN_POINT('',(-1.1811,3.4798,-2.79908));
#11024 = ORIENTED_EDGE('',*,*,#11025,.T.);
#11025 = EDGE_CURVE('',#11019,#11026,#11028,.T.);
#11026 = VERTEX_POINT('',#11027);
#11027 = CARTESIAN_POINT('',(-1.223557951031,3.522257951031,-2.79908));
#11028 = B_SPLINE_CURVE_WITH_KNOTS('',1,(#11029,#11030),.UNSPECIFIED.,
  .F.,.F.,(2,2),(0.,6.004461017861E-02),.PIECEWISE_BEZIER_KNOTS.);
#11029 = CARTESIAN_POINT('',(-1.1811,3.4798,-2.79908));
#11030 = CARTESIAN_POINT('',(-1.223557951031,3.522257951031,-2.79908));
#11031 = ORIENTED_EDGE('',*,*,#11032,.T.);
#11032 = EDGE_CURVE('',#11026,#11033,#11035,.T.);
#11033 = VERTEX_POINT('',#11034);
#11034 = CARTESIAN_POINT('',(-1.367242048969,3.522257951031,-2.79908));
#11035 = ( BOUNDED_CURVE() B_SPLINE_CURVE(2,(#11036,#11037,#11038),
.UNSPECIFIED.,.F.,.F.) B_SPLINE_CURVE_WITH_KNOTS((3,3),(0.,
0.159592906804),.PIECEWISE_BEZIER_KNOTS.) CURVE() 
GEOMETRIC_REPRESENTATION_ITEM() RATIONAL_B_SPLINE_CURVE((1.,
0.707106781181,1.)) REPRESENTATION_ITEM('') );
#11036 = CARTESIAN_POINT('',(-1.223557951031,3.522257951031,-2.79908));
#11037 = CARTESIAN_POINT('',(-1.2954,3.594100000001,-2.79908));
#11038 = CARTESIAN_POINT('',(-1.367242048969,3.522257951031,-2.79908));
#11039 = ORIENTED_EDGE('',*,*,#11040,.T.);
#11040 = EDGE_CURVE('',#11033,#11041,#11043,.T.);
#11041 = VERTEX_POINT('',#11042);
#11042 = CARTESIAN_POINT('',(-1.4097,3.4798,-2.79908));
#11043 = B_SPLINE_CURVE_WITH_KNOTS('',1,(#11044,#11045),.UNSPECIFIED.,
  .F.,.F.,(2,2),(0.,6.004461017861E-02),.PIECEWISE_BEZIER_KNOTS.);
#11044 = CARTESIAN_POINT('',(-1.367242048969,3.522257951031,-2.79908));
#11045 = CARTESIAN_POINT('',(-1.4097,3.4798,-2.79908));
#11046 = ORIENTED_EDGE('',*,*,#11047,.T.);
#11047 = EDGE_CURVE('',#11041,#11048,#11050,.T.);
#11048 = VERTEX_POINT('',#11049);
#11049 = CARTESIAN_POINT('',(-1.5875,3.6576,-2.79908));
#11050 = B_SPLINE_CURVE_WITH_KNOTS('',1,(#11051,#11052),.UNSPECIFIED.,
  .F.,.F.,(2,2),(0.,0.25144717139),.PIECEWISE_BEZIER_KNOTS.);
#11051 = CARTESIAN_POINT('',(-1.4097,3.4798,-2.79908));
#11052 = CARTESIAN_POINT('',(-1.5875,3.6576,-2.79908));
#11053 = ORIENTED_EDGE('',*,*,#11054,.T.);
#11054 = EDGE_CURVE('',#11048,#11055,#11057,.T.);
#11055 = VERTEX_POINT('',#11056);
#11056 = CARTESIAN_POINT('',(-1.471021024484,3.774078975516,-2.79908));
#11057 = B_SPLINE_CURVE_WITH_KNOTS('',1,(#11058,#11059),.UNSPECIFIED.,
  .F.,.F.,(2,2),(0.,0.164726146906),.PIECEWISE_BEZIER_KNOTS.);
#11058 = CARTESIAN_POINT('',(-1.5875,3.6576,-2.79908));
#11059 = CARTESIAN_POINT('',(-1.471021024484,3.774078975516,-2.79908));
#11060 = ORIENTED_EDGE('',*,*,#11061,.T.);
#11061 = EDGE_CURVE('',#11055,#11062,#11064,.T.);
#11062 = VERTEX_POINT('',#11063);
#11063 = CARTESIAN_POINT('',(-1.3843,3.81,-2.79908));
#11064 = ( BOUNDED_CURVE() B_SPLINE_CURVE(2,(#11065,#11066,#11067),
.UNSPECIFIED.,.F.,.F.) B_SPLINE_CURVE_WITH_KNOTS((3,3),(0.,
9.632284001471E-02),.PIECEWISE_BEZIER_KNOTS.) CURVE() 
GEOMETRIC_REPRESENTATION_ITEM() RATIONAL_B_SPLINE_CURVE((1.,
0.923879532515,1.)) REPRESENTATION_ITEM('') );
#11065 = CARTESIAN_POINT('',(-1.471021024484,3.774078975516,-2.79908));
#11066 = CARTESIAN_POINT('',(-1.4351,3.81,-2.79908));
#11067 = CARTESIAN_POINT('',(-1.3843,3.81,-2.79908));
#11068 = ORIENTED_EDGE('',*,*,#11069,.T.);
#11069 = EDGE_CURVE('',#11062,#11002,#11070,.T.);
#11070 = B_SPLINE_CURVE_WITH_KNOTS('',1,(#11071,#11072),.UNSPECIFIED.,
  .F.,.F.,(2,2),(-0.1778,0.),.PIECEWISE_BEZIER_KNOTS.);
#11071 = CARTESIAN_POINT('',(-1.3843,3.81,-2.79908));
#11072 = CARTESIAN_POINT('',(-1.2065,3.81,-2.79908));
#11073 = PLANE('',#11074);
#11074 = AXIS2_PLACEMENT_3D('',#11075,#11076,#11077);
#11075 = CARTESIAN_POINT('',(-2.276117173822,2.816582826178,-2.79908));
#11076 = DIRECTION('',(0.,0.,-1.));
#11077 = DIRECTION('',(-1.,0.,-0.));
#11078 = ADVANCED_FACE('',(#11079),#11102,.T.);
#11079 = FACE_BOUND('',#11080,.T.);
#11080 = EDGE_LOOP('',(#11081,#11091,#11096,#11097));
#11081 = ORIENTED_EDGE('',*,*,#11082,.F.);
#11082 = EDGE_CURVE('',#11083,#11085,#11087,.T.);
#11083 = VERTEX_POINT('',#11084);
#11084 = CARTESIAN_POINT('',(-1.119778975516,3.774078975516,0.37592));
#11085 = VERTEX_POINT('',#11086);
#11086 = CARTESIAN_POINT('',(-1.2065,3.81,0.37592));
#11087 = ( BOUNDED_CURVE() B_SPLINE_CURVE(2,(#11088,#11089,#11090),
.UNSPECIFIED.,.F.,.F.) B_SPLINE_CURVE_WITH_KNOTS((3,3),(0.,
9.632284001469E-02),.PIECEWISE_BEZIER_KNOTS.) CURVE() 
GEOMETRIC_REPRESENTATION_ITEM() RATIONAL_B_SPLINE_CURVE((1.,
0.923879532516,1.)) REPRESENTATION_ITEM('') );
#11088 = CARTESIAN_POINT('',(-1.119778975516,3.774078975516,0.37592));
#11089 = CARTESIAN_POINT('',(-1.1557,3.81,0.37592));
#11090 = CARTESIAN_POINT('',(-1.2065,3.81,0.37592));
#11091 = ORIENTED_EDGE('',*,*,#11092,.T.);
#11092 = EDGE_CURVE('',#11083,#11004,#11093,.T.);
#11093 = B_SPLINE_CURVE_WITH_KNOTS('',1,(#11094,#11095),.UNSPECIFIED.,
  .F.,.F.,(2,2),(-3.175,0.),.PIECEWISE_BEZIER_KNOTS.);
#11094 = CARTESIAN_POINT('',(-1.119778975516,3.774078975516,0.37592));
#11095 = CARTESIAN_POINT('',(-1.119778975516,3.774078975516,-2.79908));
#11096 = ORIENTED_EDGE('',*,*,#11001,.F.);
#11097 = ORIENTED_EDGE('',*,*,#11098,.T.);
#11098 = EDGE_CURVE('',#11002,#11085,#11099,.T.);
#11099 = B_SPLINE_CURVE_WITH_KNOTS('',1,(#11100,#11101),.UNSPECIFIED.,
  .F.,.F.,(2,2),(-3.175,0.),.PIECEWISE_BEZIER_KNOTS.);
#11100 = CARTESIAN_POINT('',(-1.2065,3.81,-2.79908));
#11101 = CARTESIAN_POINT('',(-1.2065,3.81,0.37592));
#11102 = CYLINDRICAL_SURFACE('',#11103,0.122642048968);
#11103 = AXIS2_PLACEMENT_3D('',#11104,#11105,#11106);
#11104 = CARTESIAN_POINT('',(-1.2065,3.687357951031,-1.21158));
#11105 = DIRECTION('',(0.,0.,-1.));
#11106 = DIRECTION('',(-1.,0.,-0.));
#11107 = ADVANCED_FACE('',(#11108),#11124,.T.);
#11108 = FACE_BOUND('',#11109,.T.);
#11109 = EDGE_LOOP('',(#11110,#11117,#11118,#11119));
#11110 = ORIENTED_EDGE('',*,*,#11111,.F.);
#11111 = EDGE_CURVE('',#11085,#11112,#11114,.T.);
#11112 = VERTEX_POINT('',#11113);
#11113 = CARTESIAN_POINT('',(-1.3843,3.81,0.37592));
#11114 = B_SPLINE_CURVE_WITH_KNOTS('',1,(#11115,#11116),.UNSPECIFIED.,
  .F.,.F.,(2,2),(-0.1778,0.),.PIECEWISE_BEZIER_KNOTS.);
#11115 = CARTESIAN_POINT('',(-1.2065,3.81,0.37592));
#11116 = CARTESIAN_POINT('',(-1.3843,3.81,0.37592));
#11117 = ORIENTED_EDGE('',*,*,#11098,.F.);
#11118 = ORIENTED_EDGE('',*,*,#11069,.F.);
#11119 = ORIENTED_EDGE('',*,*,#11120,.T.);
#11120 = EDGE_CURVE('',#11062,#11112,#11121,.T.);
#11121 = B_SPLINE_CURVE_WITH_KNOTS('',1,(#11122,#11123),.UNSPECIFIED.,
  .F.,.F.,(2,2),(-3.175,0.),.PIECEWISE_BEZIER_KNOTS.);
#11122 = CARTESIAN_POINT('',(-1.3843,3.81,-2.79908));
#11123 = CARTESIAN_POINT('',(-1.3843,3.81,0.37592));
#11124 = PLANE('',#11125);
#11125 = AXIS2_PLACEMENT_3D('',#11126,#11127,#11128);
#11126 = CARTESIAN_POINT('',(-2.032277173822,3.81,0.723617173822));
#11127 = DIRECTION('',(0.,1.,0.));
#11128 = DIRECTION('',(0.,-0.,1.));
#11129 = ADVANCED_FACE('',(#11130),#11147,.T.);
#11130 = FACE_BOUND('',#11131,.T.);
#11131 = EDGE_LOOP('',(#11132,#11140,#11141,#11142));
#11132 = ORIENTED_EDGE('',*,*,#11133,.F.);
#11133 = EDGE_CURVE('',#11112,#11134,#11136,.T.);
#11134 = VERTEX_POINT('',#11135);
#11135 = CARTESIAN_POINT('',(-1.471021024484,3.774078975516,0.37592));
#11136 = ( BOUNDED_CURVE() B_SPLINE_CURVE(2,(#11137,#11138,#11139),
.UNSPECIFIED.,.F.,.F.) B_SPLINE_CURVE_WITH_KNOTS((3,3),(0.,
9.632284001471E-02),.PIECEWISE_BEZIER_KNOTS.) CURVE() 
GEOMETRIC_REPRESENTATION_ITEM() RATIONAL_B_SPLINE_CURVE((1.,
0.923879532515,1.)) REPRESENTATION_ITEM('') );
#11137 = CARTESIAN_POINT('',(-1.3843,3.81,0.37592));
#11138 = CARTESIAN_POINT('',(-1.4351,3.81,0.37592));
#11139 = CARTESIAN_POINT('',(-1.471021024484,3.774078975516,0.37592));
#11140 = ORIENTED_EDGE('',*,*,#11120,.F.);
#11141 = ORIENTED_EDGE('',*,*,#11061,.F.);
#11142 = ORIENTED_EDGE('',*,*,#11143,.T.);
#11143 = EDGE_CURVE('',#11055,#11134,#11144,.T.);
#11144 = B_SPLINE_CURVE_WITH_KNOTS('',1,(#11145,#11146),.UNSPECIFIED.,
  .F.,.F.,(2,2),(-3.175,0.),.PIECEWISE_BEZIER_KNOTS.);
#11145 = CARTESIAN_POINT('',(-1.471021024484,3.774078975516,-2.79908));
#11146 = CARTESIAN_POINT('',(-1.471021024484,3.774078975516,0.37592));
#11147 = CYLINDRICAL_SURFACE('',#11148,0.122642048969);
#11148 = AXIS2_PLACEMENT_3D('',#11149,#11150,#11151);
#11149 = CARTESIAN_POINT('',(-1.3843,3.687357951031,-1.21158));
#11150 = DIRECTION('',(0.,0.,-1.));
#11151 = DIRECTION('',(-1.,0.,-0.));
#11152 = ADVANCED_FACE('',(#11153),#11169,.T.);
#11153 = FACE_BOUND('',#11154,.T.);
#11154 = EDGE_LOOP('',(#11155,#11162,#11163,#11164));
#11155 = ORIENTED_EDGE('',*,*,#11156,.F.);
#11156 = EDGE_CURVE('',#11134,#11157,#11159,.T.);
#11157 = VERTEX_POINT('',#11158);
#11158 = CARTESIAN_POINT('',(-1.5875,3.6576,0.37592));
#11159 = B_SPLINE_CURVE_WITH_KNOTS('',1,(#11160,#11161),.UNSPECIFIED.,
  .F.,.F.,(2,2),(0.,0.164726146906),.PIECEWISE_BEZIER_KNOTS.);
#11160 = CARTESIAN_POINT('',(-1.471021024484,3.774078975516,0.37592));
#11161 = CARTESIAN_POINT('',(-1.5875,3.6576,0.37592));
#11162 = ORIENTED_EDGE('',*,*,#11143,.F.);
#11163 = ORIENTED_EDGE('',*,*,#11054,.F.);
#11164 = ORIENTED_EDGE('',*,*,#11165,.T.);
#11165 = EDGE_CURVE('',#11048,#11157,#11166,.T.);
#11166 = B_SPLINE_CURVE_WITH_KNOTS('',1,(#11167,#11168),.UNSPECIFIED.,
  .F.,.F.,(2,2),(-3.175,0.),.PIECEWISE_BEZIER_KNOTS.);
#11167 = CARTESIAN_POINT('',(-1.5875,3.6576,-2.79908));
#11168 = CARTESIAN_POINT('',(-1.5875,3.6576,0.37592));
#11169 = PLANE('',#11170);
#11170 = AXIS2_PLACEMENT_3D('',#11171,#11172,#11173);
#11171 = CARTESIAN_POINT('',(-2.053609140085,3.191490859914,
    0.723617173822));
#11172 = DIRECTION('',(-0.707106781187,0.707106781186,0.));
#11173 = DIRECTION('',(-0.707106781186,-0.707106781187,0.));
#11174 = ADVANCED_FACE('',(#11175),#11191,.T.);
#11175 = FACE_BOUND('',#11176,.T.);
#11176 = EDGE_LOOP('',(#11177,#11184,#11185,#11186));
#11177 = ORIENTED_EDGE('',*,*,#11178,.F.);
#11178 = EDGE_CURVE('',#11157,#11179,#11181,.T.);
#11179 = VERTEX_POINT('',#11180);
#11180 = CARTESIAN_POINT('',(-1.4097,3.4798,0.37592));
#11181 = B_SPLINE_CURVE_WITH_KNOTS('',1,(#11182,#11183),.UNSPECIFIED.,
  .F.,.F.,(2,2),(0.,0.25144717139),.PIECEWISE_BEZIER_KNOTS.);
#11182 = CARTESIAN_POINT('',(-1.5875,3.6576,0.37592));
#11183 = CARTESIAN_POINT('',(-1.4097,3.4798,0.37592));
#11184 = ORIENTED_EDGE('',*,*,#11165,.F.);
#11185 = ORIENTED_EDGE('',*,*,#11047,.F.);
#11186 = ORIENTED_EDGE('',*,*,#11187,.T.);
#11187 = EDGE_CURVE('',#11041,#11179,#11188,.T.);
#11188 = B_SPLINE_CURVE_WITH_KNOTS('',1,(#11189,#11190),.UNSPECIFIED.,
  .F.,.F.,(2,2),(-3.175,0.),.PIECEWISE_BEZIER_KNOTS.);
#11189 = CARTESIAN_POINT('',(-1.4097,3.4798,-2.79908));
#11190 = CARTESIAN_POINT('',(-1.4097,3.4798,0.37592));
#11191 = PLANE('',#11192);
#11192 = AXIS2_PLACEMENT_3D('',#11193,#11194,#11195);
#11193 = CARTESIAN_POINT('',(-0.937458757466,3.007558757466,
    0.723617173822));
#11194 = DIRECTION('',(-0.707106781186,-0.707106781187,0.));
#11195 = DIRECTION('',(-0.707106781187,0.707106781186,0.));
#11196 = ADVANCED_FACE('',(#11197),#11213,.T.);
#11197 = FACE_BOUND('',#11198,.T.);
#11198 = EDGE_LOOP('',(#11199,#11206,#11207,#11208));
#11199 = ORIENTED_EDGE('',*,*,#11200,.F.);
#11200 = EDGE_CURVE('',#11179,#11201,#11203,.T.);
#11201 = VERTEX_POINT('',#11202);
#11202 = CARTESIAN_POINT('',(-1.367242048969,3.522257951031,0.37592));
#11203 = B_SPLINE_CURVE_WITH_KNOTS('',1,(#11204,#11205),.UNSPECIFIED.,
  .F.,.F.,(2,2),(0.,6.004461017861E-02),.PIECEWISE_BEZIER_KNOTS.);
#11204 = CARTESIAN_POINT('',(-1.4097,3.4798,0.37592));
#11205 = CARTESIAN_POINT('',(-1.367242048969,3.522257951031,0.37592));
#11206 = ORIENTED_EDGE('',*,*,#11187,.F.);
#11207 = ORIENTED_EDGE('',*,*,#11040,.F.);
#11208 = ORIENTED_EDGE('',*,*,#11209,.T.);
#11209 = EDGE_CURVE('',#11033,#11201,#11210,.T.);
#11210 = B_SPLINE_CURVE_WITH_KNOTS('',1,(#11211,#11212),.UNSPECIFIED.,
  .F.,.F.,(2,2),(-3.175,0.),.PIECEWISE_BEZIER_KNOTS.);
#11211 = CARTESIAN_POINT('',(-1.367242048969,3.522257951031,-2.79908));
#11212 = CARTESIAN_POINT('',(-1.367242048969,3.522257951031,0.37592));
#11213 = PLANE('',#11214);
#11214 = AXIS2_PLACEMENT_3D('',#11215,#11216,#11217);
#11215 = CARTESIAN_POINT('',(-0.908535011332,3.980964988668,
    0.723617173822));
#11216 = DIRECTION('',(0.707106781187,-0.707106781186,0.));
#11217 = DIRECTION('',(0.707106781186,0.707106781187,0.));
#11218 = ADVANCED_FACE('',(#11219),#11236,.F.);
#11219 = FACE_BOUND('',#11220,.F.);
#11220 = EDGE_LOOP('',(#11221,#11229,#11234,#11235));
#11221 = ORIENTED_EDGE('',*,*,#11222,.T.);
#11222 = EDGE_CURVE('',#11201,#11223,#11225,.T.);
#11223 = VERTEX_POINT('',#11224);
#11224 = CARTESIAN_POINT('',(-1.223557951031,3.522257951031,0.37592));
#11225 = ( BOUNDED_CURVE() B_SPLINE_CURVE(2,(#11226,#11227,#11228),
.UNSPECIFIED.,.F.,.F.) B_SPLINE_CURVE_WITH_KNOTS((3,3),(0.,
0.159592906804),.PIECEWISE_BEZIER_KNOTS.) CURVE() 
GEOMETRIC_REPRESENTATION_ITEM() RATIONAL_B_SPLINE_CURVE((1.,
0.707106781181,1.)) REPRESENTATION_ITEM('') );
#11226 = CARTESIAN_POINT('',(-1.367242048969,3.522257951031,0.37592));
#11227 = CARTESIAN_POINT('',(-1.2954,3.594100000001,0.37592));
#11228 = CARTESIAN_POINT('',(-1.223557951031,3.522257951031,0.37592));
#11229 = ORIENTED_EDGE('',*,*,#11230,.T.);
#11230 = EDGE_CURVE('',#11223,#11026,#11231,.T.);
#11231 = B_SPLINE_CURVE_WITH_KNOTS('',1,(#11232,#11233),.UNSPECIFIED.,
  .F.,.F.,(2,2),(0.,3.175),.PIECEWISE_BEZIER_KNOTS.);
#11232 = CARTESIAN_POINT('',(-1.223557951031,3.522257951031,0.37592));
#11233 = CARTESIAN_POINT('',(-1.223557951031,3.522257951031,-2.79908));
#11234 = ORIENTED_EDGE('',*,*,#11032,.T.);
#11235 = ORIENTED_EDGE('',*,*,#11209,.T.);
#11236 = CYLINDRICAL_SURFACE('',#11237,0.1016);
#11237 = AXIS2_PLACEMENT_3D('',#11238,#11239,#11240);
#11238 = CARTESIAN_POINT('',(-1.2954,3.450415902063,-1.21158));
#11239 = DIRECTION('',(0.,0.,-1.));
#11240 = DIRECTION('',(-1.,0.,-0.));
#11241 = ADVANCED_FACE('',(#11242),#11258,.T.);
#11242 = FACE_BOUND('',#11243,.T.);
#11243 = EDGE_LOOP('',(#11244,#11251,#11252,#11253));
#11244 = ORIENTED_EDGE('',*,*,#11245,.F.);
#11245 = EDGE_CURVE('',#11223,#11246,#11248,.T.);
#11246 = VERTEX_POINT('',#11247);
#11247 = CARTESIAN_POINT('',(-1.1811,3.4798,0.37592));
#11248 = B_SPLINE_CURVE_WITH_KNOTS('',1,(#11249,#11250),.UNSPECIFIED.,
  .F.,.F.,(2,2),(0.,6.004461017861E-02),.PIECEWISE_BEZIER_KNOTS.);
#11249 = CARTESIAN_POINT('',(-1.223557951031,3.522257951031,0.37592));
#11250 = CARTESIAN_POINT('',(-1.1811,3.4798,0.37592));
#11251 = ORIENTED_EDGE('',*,*,#11230,.T.);
#11252 = ORIENTED_EDGE('',*,*,#11025,.F.);
#11253 = ORIENTED_EDGE('',*,*,#11254,.T.);
#11254 = EDGE_CURVE('',#11019,#11246,#11255,.T.);
#11255 = B_SPLINE_CURVE_WITH_KNOTS('',1,(#11256,#11257),.UNSPECIFIED.,
  .F.,.F.,(2,2),(-3.175,0.),.PIECEWISE_BEZIER_KNOTS.);
#11256 = CARTESIAN_POINT('',(-1.1811,3.4798,-2.79908));
#11257 = CARTESIAN_POINT('',(-1.1811,3.4798,0.37592));
#11258 = PLANE('',#11259);
#11259 = AXIS2_PLACEMENT_3D('',#11260,#11261,#11262);
#11260 = CARTESIAN_POINT('',(-0.722392962363,3.021092962363,
    0.723617173822));
#11261 = DIRECTION('',(-0.707106781186,-0.707106781187,0.));
#11262 = DIRECTION('',(-0.707106781187,0.707106781186,0.));
#11263 = ADVANCED_FACE('',(#11264),#11280,.T.);
#11264 = FACE_BOUND('',#11265,.T.);
#11265 = EDGE_LOOP('',(#11266,#11273,#11274,#11275));
#11266 = ORIENTED_EDGE('',*,*,#11267,.F.);
#11267 = EDGE_CURVE('',#11246,#11268,#11270,.T.);
#11268 = VERTEX_POINT('',#11269);
#11269 = CARTESIAN_POINT('',(-1.0033,3.6576,0.37592));
#11270 = B_SPLINE_CURVE_WITH_KNOTS('',1,(#11271,#11272),.UNSPECIFIED.,
  .F.,.F.,(2,2),(0.,0.25144717139),.PIECEWISE_BEZIER_KNOTS.);
#11271 = CARTESIAN_POINT('',(-1.1811,3.4798,0.37592));
#11272 = CARTESIAN_POINT('',(-1.0033,3.6576,0.37592));
#11273 = ORIENTED_EDGE('',*,*,#11254,.F.);
#11274 = ORIENTED_EDGE('',*,*,#11018,.F.);
#11275 = ORIENTED_EDGE('',*,*,#11276,.T.);
#11276 = EDGE_CURVE('',#11012,#11268,#11277,.T.);
#11277 = B_SPLINE_CURVE_WITH_KNOTS('',1,(#11278,#11279),.UNSPECIFIED.,
  .F.,.F.,(2,2),(-3.175,0.),.PIECEWISE_BEZIER_KNOTS.);
#11278 = CARTESIAN_POINT('',(-1.0033,3.6576,-2.79908));
#11279 = CARTESIAN_POINT('',(-1.0033,3.6576,0.37592));
#11280 = PLANE('',#11281);
#11281 = AXIS2_PLACEMENT_3D('',#11282,#11283,#11284);
#11282 = CARTESIAN_POINT('',(-0.531058757466,4.129841242534,
    0.723617173822));
#11283 = DIRECTION('',(0.707106781187,-0.707106781186,0.));
#11284 = DIRECTION('',(0.707106781186,0.707106781187,0.));
#11285 = ADVANCED_FACE('',(#11286),#11296,.T.);
#11286 = FACE_BOUND('',#11287,.T.);
#11287 = EDGE_LOOP('',(#11288,#11293,#11294,#11295));
#11288 = ORIENTED_EDGE('',*,*,#11289,.F.);
#11289 = EDGE_CURVE('',#11268,#11083,#11290,.T.);
#11290 = B_SPLINE_CURVE_WITH_KNOTS('',1,(#11291,#11292),.UNSPECIFIED.,
  .F.,.F.,(2,2),(0.,0.164726146906),.PIECEWISE_BEZIER_KNOTS.);
#11291 = CARTESIAN_POINT('',(-1.0033,3.6576,0.37592));
#11292 = CARTESIAN_POINT('',(-1.119778975516,3.774078975516,0.37592));
#11293 = ORIENTED_EDGE('',*,*,#11276,.F.);
#11294 = ORIENTED_EDGE('',*,*,#11011,.F.);
#11295 = ORIENTED_EDGE('',*,*,#11092,.F.);
#11296 = PLANE('',#11297);
#11297 = AXIS2_PLACEMENT_3D('',#11298,#11299,#11300);
#11298 = CARTESIAN_POINT('',(-1.585888115602,4.240188115601,
    0.723617173822));
#11299 = DIRECTION('',(0.707106781186,0.707106781187,0.));
#11300 = DIRECTION('',(0.707106781187,-0.707106781186,0.));
#11301 = ( GEOMETRIC_REPRESENTATION_CONTEXT(3) 
GLOBAL_UNCERTAINTY_ASSIGNED_CONTEXT((#11305)) 
GLOBAL_UNIT_ASSIGNED_CONTEXT((#11302,#11303,#11304)) 
REPRESENTATION_CONTEXT('Context #1',
  '3D Context with UNIT and UNCERTAINTY') );
#11302 = ( LENGTH_UNIT() NAMED_UNIT(*) SI_UNIT(.MILLI.,.METRE.) );
#11303 = ( NAMED_UNIT(*) PLANE_ANGLE_UNIT() SI_UNIT($,.RADIAN.) );
#11304 = ( NAMED_UNIT(*) SI_UNIT($,.STERADIAN.) SOLID_ANGLE_UNIT() );
#11305 = UNCERTAINTY_MEASURE_WITH_UNIT(LENGTH_MEASURE(1.E-04),#11302,
  'distance_accuracy_value','confusion accuracy');
#11306 = CONTEXT_DEPENDENT_SHAPE_REPRESENTATION(#11307,#11309);
#11307 = ( REPRESENTATION_RELATIONSHIP('','',#10994,#10) 
REPRESENTATION_RELATIONSHIP_WITH_TRANSFORMATION(#11308) 
SHAPE_REPRESENTATION_RELATIONSHIP() );
#11308 = ITEM_DEFINED_TRANSFORMATION('','',#11,#67);
#11309 = PRODUCT_DEFINITION_SHAPE('Placement','Placement of an item',
  #11310);
#11310 = NEXT_ASSEMBLY_USAGE_OCCURRENCE('175','Document013','',#5,#10989
  ,$);
#11311 = PRODUCT_RELATED_PRODUCT_CATEGORY('part',$,(#10991));
#11312 = SHAPE_DEFINITION_REPRESENTATION(#11313,#11319);
#11313 = PRODUCT_DEFINITION_SHAPE('','',#11314);
#11314 = PRODUCT_DEFINITION('design','',#11315,#11318);
#11315 = PRODUCT_DEFINITION_FORMATION('','',#11316);
#11316 = PRODUCT('Document014','Document014','',(#11317));
#11317 = PRODUCT_CONTEXT('',#2,'mechanical');
#11318 = PRODUCT_DEFINITION_CONTEXT('part definition',#2,'design');
#11319 = MANIFOLD_SURFACE_SHAPE_REPRESENTATION('',(#11,#11320),#11626);
#11320 = SHELL_BASED_SURFACE_MODEL('',(#11321));
#11321 = OPEN_SHELL('',(#11322,#11360,#11388,#11418,#11446,#11474,#11502
    ,#11532,#11560,#11588,#11608));
#11322 = ADVANCED_FACE('',(#11323),#11355,.T.);
#11323 = FACE_BOUND('',#11324,.T.);
#11324 = EDGE_LOOP('',(#11325,#11335,#11342,#11350));
#11325 = ORIENTED_EDGE('',*,*,#11326,.F.);
#11326 = EDGE_CURVE('',#11327,#11329,#11331,.T.);
#11327 = VERTEX_POINT('',#11328);
#11328 = CARTESIAN_POINT('',(-3.177178975516,3.774078975516,0.37592));
#11329 = VERTEX_POINT('',#11330);
#11330 = CARTESIAN_POINT('',(-3.2639,3.81,0.37592));
#11331 = ( BOUNDED_CURVE() B_SPLINE_CURVE(2,(#11332,#11333,#11334),
.UNSPECIFIED.,.F.,.F.) B_SPLINE_CURVE_WITH_KNOTS((3,3),(0.,
9.632284001469E-02),.PIECEWISE_BEZIER_KNOTS.) CURVE() 
GEOMETRIC_REPRESENTATION_ITEM() RATIONAL_B_SPLINE_CURVE((1.,
0.923879532516,1.)) REPRESENTATION_ITEM('') );
#11332 = CARTESIAN_POINT('',(-3.177178975516,3.774078975516,0.37592));
#11333 = CARTESIAN_POINT('',(-3.2131,3.81,0.37592));
#11334 = CARTESIAN_POINT('',(-3.2639,3.81,0.37592));
#11335 = ORIENTED_EDGE('',*,*,#11336,.T.);
#11336 = EDGE_CURVE('',#11327,#11337,#11339,.T.);
#11337 = VERTEX_POINT('',#11338);
#11338 = CARTESIAN_POINT('',(-3.177178975516,3.774078975516,-2.79908));
#11339 = B_SPLINE_CURVE_WITH_KNOTS('',1,(#11340,#11341),.UNSPECIFIED.,
  .F.,.F.,(2,2),(-3.175,0.),.PIECEWISE_BEZIER_KNOTS.);
#11340 = CARTESIAN_POINT('',(-3.177178975516,3.774078975516,0.37592));
#11341 = CARTESIAN_POINT('',(-3.177178975516,3.774078975516,-2.79908));
#11342 = ORIENTED_EDGE('',*,*,#11343,.T.);
#11343 = EDGE_CURVE('',#11337,#11344,#11346,.T.);
#11344 = VERTEX_POINT('',#11345);
#11345 = CARTESIAN_POINT('',(-3.2639,3.81,-2.79908));
#11346 = ( BOUNDED_CURVE() B_SPLINE_CURVE(2,(#11347,#11348,#11349),
.UNSPECIFIED.,.F.,.F.) B_SPLINE_CURVE_WITH_KNOTS((3,3),(
-9.632284001469E-02,0.),.PIECEWISE_BEZIER_KNOTS.) CURVE() 
GEOMETRIC_REPRESENTATION_ITEM() RATIONAL_B_SPLINE_CURVE((1.,
0.923879532516,1.)) REPRESENTATION_ITEM('') );
#11347 = CARTESIAN_POINT('',(-3.177178975516,3.774078975516,-2.79908));
#11348 = CARTESIAN_POINT('',(-3.2131,3.81,-2.79908));
#11349 = CARTESIAN_POINT('',(-3.2639,3.81,-2.79908));
#11350 = ORIENTED_EDGE('',*,*,#11351,.T.);
#11351 = EDGE_CURVE('',#11344,#11329,#11352,.T.);
#11352 = B_SPLINE_CURVE_WITH_KNOTS('',1,(#11353,#11354),.UNSPECIFIED.,
  .F.,.F.,(2,2),(-3.175,0.),.PIECEWISE_BEZIER_KNOTS.);
#11353 = CARTESIAN_POINT('',(-3.2639,3.81,-2.79908));
#11354 = CARTESIAN_POINT('',(-3.2639,3.81,0.37592));
#11355 = CYLINDRICAL_SURFACE('',#11356,0.122642048969);
#11356 = AXIS2_PLACEMENT_3D('',#11357,#11358,#11359);
#11357 = CARTESIAN_POINT('',(-3.2639,3.687357951031,-1.21158));
#11358 = DIRECTION('',(0.,0.,-1.));
#11359 = DIRECTION('',(-1.,0.,-0.));
#11360 = ADVANCED_FACE('',(#11361),#11383,.T.);
#11361 = FACE_BOUND('',#11362,.T.);
#11362 = EDGE_LOOP('',(#11363,#11370,#11371,#11378));
#11363 = ORIENTED_EDGE('',*,*,#11364,.F.);
#11364 = EDGE_CURVE('',#11329,#11365,#11367,.T.);
#11365 = VERTEX_POINT('',#11366);
#11366 = CARTESIAN_POINT('',(-3.4417,3.81,0.37592));
#11367 = B_SPLINE_CURVE_WITH_KNOTS('',1,(#11368,#11369),.UNSPECIFIED.,
  .F.,.F.,(2,2),(-0.1778,0.),.PIECEWISE_BEZIER_KNOTS.);
#11368 = CARTESIAN_POINT('',(-3.2639,3.81,0.37592));
#11369 = CARTESIAN_POINT('',(-3.4417,3.81,0.37592));
#11370 = ORIENTED_EDGE('',*,*,#11351,.F.);
#11371 = ORIENTED_EDGE('',*,*,#11372,.T.);
#11372 = EDGE_CURVE('',#11344,#11373,#11375,.T.);
#11373 = VERTEX_POINT('',#11374);
#11374 = CARTESIAN_POINT('',(-3.4417,3.81,-2.79908));
#11375 = B_SPLINE_CURVE_WITH_KNOTS('',1,(#11376,#11377),.UNSPECIFIED.,
  .F.,.F.,(2,2),(-0.1778,0.),.PIECEWISE_BEZIER_KNOTS.);
#11376 = CARTESIAN_POINT('',(-3.2639,3.81,-2.79908));
#11377 = CARTESIAN_POINT('',(-3.4417,3.81,-2.79908));
#11378 = ORIENTED_EDGE('',*,*,#11379,.T.);
#11379 = EDGE_CURVE('',#11373,#11365,#11380,.T.);
#11380 = B_SPLINE_CURVE_WITH_KNOTS('',1,(#11381,#11382),.UNSPECIFIED.,
  .F.,.F.,(2,2),(-3.175,0.),.PIECEWISE_BEZIER_KNOTS.);
#11381 = CARTESIAN_POINT('',(-3.4417,3.81,-2.79908));
#11382 = CARTESIAN_POINT('',(-3.4417,3.81,0.37592));
#11383 = PLANE('',#11384);
#11384 = AXIS2_PLACEMENT_3D('',#11385,#11386,#11387);
#11385 = CARTESIAN_POINT('',(-4.089677173822,3.81,0.723617173822));
#11386 = DIRECTION('',(0.,1.,0.));
#11387 = DIRECTION('',(0.,-0.,1.));
#11388 = ADVANCED_FACE('',(#11389),#11413,.T.);
#11389 = FACE_BOUND('',#11390,.T.);
#11390 = EDGE_LOOP('',(#11391,#11399,#11400,#11408));
#11391 = ORIENTED_EDGE('',*,*,#11392,.F.);
#11392 = EDGE_CURVE('',#11365,#11393,#11395,.T.);
#11393 = VERTEX_POINT('',#11394);
#11394 = CARTESIAN_POINT('',(-3.528421024484,3.774078975516,0.37592));
#11395 = ( BOUNDED_CURVE() B_SPLINE_CURVE(2,(#11396,#11397,#11398),
.UNSPECIFIED.,.F.,.F.) B_SPLINE_CURVE_WITH_KNOTS((3,3),(0.,
9.632284001471E-02),.PIECEWISE_BEZIER_KNOTS.) CURVE() 
GEOMETRIC_REPRESENTATION_ITEM() RATIONAL_B_SPLINE_CURVE((1.,
0.923879532515,1.)) REPRESENTATION_ITEM('') );
#11396 = CARTESIAN_POINT('',(-3.4417,3.81,0.37592));
#11397 = CARTESIAN_POINT('',(-3.4925,3.81,0.37592));
#11398 = CARTESIAN_POINT('',(-3.528421024484,3.774078975516,0.37592));
#11399 = ORIENTED_EDGE('',*,*,#11379,.F.);
#11400 = ORIENTED_EDGE('',*,*,#11401,.T.);
#11401 = EDGE_CURVE('',#11373,#11402,#11404,.T.);
#11402 = VERTEX_POINT('',#11403);
#11403 = CARTESIAN_POINT('',(-3.528421024484,3.774078975516,-2.79908));
#11404 = ( BOUNDED_CURVE() B_SPLINE_CURVE(2,(#11405,#11406,#11407),
.UNSPECIFIED.,.F.,.F.) B_SPLINE_CURVE_WITH_KNOTS((3,3),(
-9.632284001471E-02,0.),.PIECEWISE_BEZIER_KNOTS.) CURVE() 
GEOMETRIC_REPRESENTATION_ITEM() RATIONAL_B_SPLINE_CURVE((1.,
0.923879532515,1.)) REPRESENTATION_ITEM('') );
#11405 = CARTESIAN_POINT('',(-3.4417,3.81,-2.79908));
#11406 = CARTESIAN_POINT('',(-3.4925,3.81,-2.79908));
#11407 = CARTESIAN_POINT('',(-3.528421024484,3.774078975516,-2.79908));
#11408 = ORIENTED_EDGE('',*,*,#11409,.T.);
#11409 = EDGE_CURVE('',#11402,#11393,#11410,.T.);
#11410 = B_SPLINE_CURVE_WITH_KNOTS('',1,(#11411,#11412),.UNSPECIFIED.,
  .F.,.F.,(2,2),(-3.175,0.),.PIECEWISE_BEZIER_KNOTS.);
#11411 = CARTESIAN_POINT('',(-3.528421024484,3.774078975516,-2.79908));
#11412 = CARTESIAN_POINT('',(-3.528421024484,3.774078975516,0.37592));
#11413 = CYLINDRICAL_SURFACE('',#11414,0.122642048969);
#11414 = AXIS2_PLACEMENT_3D('',#11415,#11416,#11417);
#11415 = CARTESIAN_POINT('',(-3.4417,3.687357951031,-1.21158));
#11416 = DIRECTION('',(0.,0.,-1.));
#11417 = DIRECTION('',(-1.,0.,-0.));
#11418 = ADVANCED_FACE('',(#11419),#11441,.T.);
#11419 = FACE_BOUND('',#11420,.T.);
#11420 = EDGE_LOOP('',(#11421,#11428,#11429,#11436));
#11421 = ORIENTED_EDGE('',*,*,#11422,.F.);
#11422 = EDGE_CURVE('',#11393,#11423,#11425,.T.);
#11423 = VERTEX_POINT('',#11424);
#11424 = CARTESIAN_POINT('',(-3.6449,3.6576,0.37592));
#11425 = B_SPLINE_CURVE_WITH_KNOTS('',1,(#11426,#11427),.UNSPECIFIED.,
  .F.,.F.,(2,2),(0.,0.164726146906),.PIECEWISE_BEZIER_KNOTS.);
#11426 = CARTESIAN_POINT('',(-3.528421024484,3.774078975516,0.37592));
#11427 = CARTESIAN_POINT('',(-3.6449,3.6576,0.37592));
#11428 = ORIENTED_EDGE('',*,*,#11409,.F.);
#11429 = ORIENTED_EDGE('',*,*,#11430,.T.);
#11430 = EDGE_CURVE('',#11402,#11431,#11433,.T.);
#11431 = VERTEX_POINT('',#11432);
#11432 = CARTESIAN_POINT('',(-3.6449,3.6576,-2.79908));
#11433 = B_SPLINE_CURVE_WITH_KNOTS('',1,(#11434,#11435),.UNSPECIFIED.,
  .F.,.F.,(2,2),(-0.164726146906,0.),.PIECEWISE_BEZIER_KNOTS.);
#11434 = CARTESIAN_POINT('',(-3.528421024484,3.774078975516,-2.79908));
#11435 = CARTESIAN_POINT('',(-3.6449,3.6576,-2.79908));
#11436 = ORIENTED_EDGE('',*,*,#11437,.T.);
#11437 = EDGE_CURVE('',#11431,#11423,#11438,.T.);
#11438 = B_SPLINE_CURVE_WITH_KNOTS('',1,(#11439,#11440),.UNSPECIFIED.,
  .F.,.F.,(2,2),(-3.175,0.),.PIECEWISE_BEZIER_KNOTS.);
#11439 = CARTESIAN_POINT('',(-3.6449,3.6576,-2.79908));
#11440 = CARTESIAN_POINT('',(-3.6449,3.6576,0.37592));
#11441 = PLANE('',#11442);
#11442 = AXIS2_PLACEMENT_3D('',#11443,#11444,#11445);
#11443 = CARTESIAN_POINT('',(-4.111009140085,3.191490859914,
    0.723617173822));
#11444 = DIRECTION('',(-0.707106781187,0.707106781186,0.));
#11445 = DIRECTION('',(-0.707106781186,-0.707106781187,0.));
#11446 = ADVANCED_FACE('',(#11447),#11469,.T.);
#11447 = FACE_BOUND('',#11448,.T.);
#11448 = EDGE_LOOP('',(#11449,#11456,#11457,#11464));
#11449 = ORIENTED_EDGE('',*,*,#11450,.F.);
#11450 = EDGE_CURVE('',#11423,#11451,#11453,.T.);
#11451 = VERTEX_POINT('',#11452);
#11452 = CARTESIAN_POINT('',(-3.4671,3.4798,0.37592));
#11453 = B_SPLINE_CURVE_WITH_KNOTS('',1,(#11454,#11455),.UNSPECIFIED.,
  .F.,.F.,(2,2),(0.,0.25144717139),.PIECEWISE_BEZIER_KNOTS.);
#11454 = CARTESIAN_POINT('',(-3.6449,3.6576,0.37592));
#11455 = CARTESIAN_POINT('',(-3.4671,3.4798,0.37592));
#11456 = ORIENTED_EDGE('',*,*,#11437,.F.);
#11457 = ORIENTED_EDGE('',*,*,#11458,.T.);
#11458 = EDGE_CURVE('',#11431,#11459,#11461,.T.);
#11459 = VERTEX_POINT('',#11460);
#11460 = CARTESIAN_POINT('',(-3.4671,3.4798,-2.79908));
#11461 = B_SPLINE_CURVE_WITH_KNOTS('',1,(#11462,#11463),.UNSPECIFIED.,
  .F.,.F.,(2,2),(-0.25144717139,0.),.PIECEWISE_BEZIER_KNOTS.);
#11462 = CARTESIAN_POINT('',(-3.6449,3.6576,-2.79908));
#11463 = CARTESIAN_POINT('',(-3.4671,3.4798,-2.79908));
#11464 = ORIENTED_EDGE('',*,*,#11465,.T.);
#11465 = EDGE_CURVE('',#11459,#11451,#11466,.T.);
#11466 = B_SPLINE_CURVE_WITH_KNOTS('',1,(#11467,#11468),.UNSPECIFIED.,
  .F.,.F.,(2,2),(-3.175,0.),.PIECEWISE_BEZIER_KNOTS.);
#11467 = CARTESIAN_POINT('',(-3.4671,3.4798,-2.79908));
#11468 = CARTESIAN_POINT('',(-3.4671,3.4798,0.37592));
#11469 = PLANE('',#11470);
#11470 = AXIS2_PLACEMENT_3D('',#11471,#11472,#11473);
#11471 = CARTESIAN_POINT('',(-2.994858757466,3.007558757466,
    0.723617173822));
#11472 = DIRECTION('',(-0.707106781187,-0.707106781186,0.));
#11473 = DIRECTION('',(0.707106781186,-0.707106781187,0.));
#11474 = ADVANCED_FACE('',(#11475),#11497,.T.);
#11475 = FACE_BOUND('',#11476,.T.);
#11476 = EDGE_LOOP('',(#11477,#11484,#11485,#11492));
#11477 = ORIENTED_EDGE('',*,*,#11478,.F.);
#11478 = EDGE_CURVE('',#11451,#11479,#11481,.T.);
#11479 = VERTEX_POINT('',#11480);
#11480 = CARTESIAN_POINT('',(-3.424642048969,3.522257951031,0.37592));
#11481 = B_SPLINE_CURVE_WITH_KNOTS('',1,(#11482,#11483),.UNSPECIFIED.,
  .F.,.F.,(2,2),(0.,6.004461017861E-02),.PIECEWISE_BEZIER_KNOTS.);
#11482 = CARTESIAN_POINT('',(-3.4671,3.4798,0.37592));
#11483 = CARTESIAN_POINT('',(-3.424642048969,3.522257951031,0.37592));
#11484 = ORIENTED_EDGE('',*,*,#11465,.F.);
#11485 = ORIENTED_EDGE('',*,*,#11486,.T.);
#11486 = EDGE_CURVE('',#11459,#11487,#11489,.T.);
#11487 = VERTEX_POINT('',#11488);
#11488 = CARTESIAN_POINT('',(-3.424642048969,3.522257951031,-2.79908));
#11489 = B_SPLINE_CURVE_WITH_KNOTS('',1,(#11490,#11491),.UNSPECIFIED.,
  .F.,.F.,(2,2),(-6.004461017861E-02,0.),.PIECEWISE_BEZIER_KNOTS.);
#11490 = CARTESIAN_POINT('',(-3.4671,3.4798,-2.79908));
#11491 = CARTESIAN_POINT('',(-3.424642048969,3.522257951031,-2.79908));
#11492 = ORIENTED_EDGE('',*,*,#11493,.T.);
#11493 = EDGE_CURVE('',#11487,#11479,#11494,.T.);
#11494 = B_SPLINE_CURVE_WITH_KNOTS('',1,(#11495,#11496),.UNSPECIFIED.,
  .F.,.F.,(2,2),(-3.175,0.),.PIECEWISE_BEZIER_KNOTS.);
#11495 = CARTESIAN_POINT('',(-3.424642048969,3.522257951031,-2.79908));
#11496 = CARTESIAN_POINT('',(-3.424642048969,3.522257951031,0.37592));
#11497 = PLANE('',#11498);
#11498 = AXIS2_PLACEMENT_3D('',#11499,#11500,#11501);
#11499 = CARTESIAN_POINT('',(-2.965935011332,3.980964988668,
    0.723617173822));
#11500 = DIRECTION('',(0.707106781187,-0.707106781187,0.));
#11501 = DIRECTION('',(0.707106781187,0.707106781187,0.));
#11502 = ADVANCED_FACE('',(#11503),#11527,.F.);
#11503 = FACE_BOUND('',#11504,.F.);
#11504 = EDGE_LOOP('',(#11505,#11513,#11520,#11526));
#11505 = ORIENTED_EDGE('',*,*,#11506,.T.);
#11506 = EDGE_CURVE('',#11479,#11507,#11509,.T.);
#11507 = VERTEX_POINT('',#11508);
#11508 = CARTESIAN_POINT('',(-3.280957951031,3.522257951031,0.37592));
#11509 = ( BOUNDED_CURVE() B_SPLINE_CURVE(2,(#11510,#11511,#11512),
.UNSPECIFIED.,.F.,.F.) B_SPLINE_CURVE_WITH_KNOTS((3,3),(0.,
0.159592906804),.PIECEWISE_BEZIER_KNOTS.) CURVE() 
GEOMETRIC_REPRESENTATION_ITEM() RATIONAL_B_SPLINE_CURVE((1.,
0.707106781181,1.)) REPRESENTATION_ITEM('') );
#11510 = CARTESIAN_POINT('',(-3.424642048969,3.522257951031,0.37592));
#11511 = CARTESIAN_POINT('',(-3.3528,3.594100000001,0.37592));
#11512 = CARTESIAN_POINT('',(-3.280957951031,3.522257951031,0.37592));
#11513 = ORIENTED_EDGE('',*,*,#11514,.T.);
#11514 = EDGE_CURVE('',#11507,#11515,#11517,.T.);
#11515 = VERTEX_POINT('',#11516);
#11516 = CARTESIAN_POINT('',(-3.280957951031,3.522257951031,-2.79908));
#11517 = B_SPLINE_CURVE_WITH_KNOTS('',1,(#11518,#11519),.UNSPECIFIED.,
  .F.,.F.,(2,2),(0.,3.175),.PIECEWISE_BEZIER_KNOTS.);
#11518 = CARTESIAN_POINT('',(-3.280957951031,3.522257951031,0.37592));
#11519 = CARTESIAN_POINT('',(-3.280957951031,3.522257951031,-2.79908));
#11520 = ORIENTED_EDGE('',*,*,#11521,.T.);
#11521 = EDGE_CURVE('',#11515,#11487,#11522,.T.);
#11522 = ( BOUNDED_CURVE() B_SPLINE_CURVE(2,(#11523,#11524,#11525),
.UNSPECIFIED.,.F.,.F.) B_SPLINE_CURVE_WITH_KNOTS((3,3),(0.,
0.159592906804),.PIECEWISE_BEZIER_KNOTS.) CURVE() 
GEOMETRIC_REPRESENTATION_ITEM() RATIONAL_B_SPLINE_CURVE((1.,
0.707106781181,1.)) REPRESENTATION_ITEM('') );
#11523 = CARTESIAN_POINT('',(-3.280957951031,3.522257951031,-2.79908));
#11524 = CARTESIAN_POINT('',(-3.3528,3.594100000001,-2.79908));
#11525 = CARTESIAN_POINT('',(-3.424642048969,3.522257951031,-2.79908));
#11526 = ORIENTED_EDGE('',*,*,#11493,.T.);
#11527 = CYLINDRICAL_SURFACE('',#11528,0.1016);
#11528 = AXIS2_PLACEMENT_3D('',#11529,#11530,#11531);
#11529 = CARTESIAN_POINT('',(-3.3528,3.450415902063,-1.21158));
#11530 = DIRECTION('',(0.,0.,-1.));
#11531 = DIRECTION('',(-1.,0.,-0.));
#11532 = ADVANCED_FACE('',(#11533),#11555,.T.);
#11533 = FACE_BOUND('',#11534,.T.);
#11534 = EDGE_LOOP('',(#11535,#11542,#11543,#11550));
#11535 = ORIENTED_EDGE('',*,*,#11536,.F.);
#11536 = EDGE_CURVE('',#11507,#11537,#11539,.T.);
#11537 = VERTEX_POINT('',#11538);
#11538 = CARTESIAN_POINT('',(-3.2385,3.4798,0.37592));
#11539 = B_SPLINE_CURVE_WITH_KNOTS('',1,(#11540,#11541),.UNSPECIFIED.,
  .F.,.F.,(2,2),(0.,6.004461017861E-02),.PIECEWISE_BEZIER_KNOTS.);
#11540 = CARTESIAN_POINT('',(-3.280957951031,3.522257951031,0.37592));
#11541 = CARTESIAN_POINT('',(-3.2385,3.4798,0.37592));
#11542 = ORIENTED_EDGE('',*,*,#11514,.T.);
#11543 = ORIENTED_EDGE('',*,*,#11544,.T.);
#11544 = EDGE_CURVE('',#11515,#11545,#11547,.T.);
#11545 = VERTEX_POINT('',#11546);
#11546 = CARTESIAN_POINT('',(-3.2385,3.4798,-2.79908));
#11547 = B_SPLINE_CURVE_WITH_KNOTS('',1,(#11548,#11549),.UNSPECIFIED.,
  .F.,.F.,(2,2),(-6.004461017861E-02,0.),.PIECEWISE_BEZIER_KNOTS.);
#11548 = CARTESIAN_POINT('',(-3.280957951031,3.522257951031,-2.79908));
#11549 = CARTESIAN_POINT('',(-3.2385,3.4798,-2.79908));
#11550 = ORIENTED_EDGE('',*,*,#11551,.T.);
#11551 = EDGE_CURVE('',#11545,#11537,#11552,.T.);
#11552 = B_SPLINE_CURVE_WITH_KNOTS('',1,(#11553,#11554),.UNSPECIFIED.,
  .F.,.F.,(2,2),(-3.175,0.),.PIECEWISE_BEZIER_KNOTS.);
#11553 = CARTESIAN_POINT('',(-3.2385,3.4798,-2.79908));
#11554 = CARTESIAN_POINT('',(-3.2385,3.4798,0.37592));
#11555 = PLANE('',#11556);
#11556 = AXIS2_PLACEMENT_3D('',#11557,#11558,#11559);
#11557 = CARTESIAN_POINT('',(-2.779792962363,3.021092962363,
    0.723617173822));
#11558 = DIRECTION('',(-0.707106781187,-0.707106781187,0.));
#11559 = DIRECTION('',(0.707106781187,-0.707106781187,0.));
#11560 = ADVANCED_FACE('',(#11561),#11583,.T.);
#11561 = FACE_BOUND('',#11562,.T.);
#11562 = EDGE_LOOP('',(#11563,#11570,#11571,#11578));
#11563 = ORIENTED_EDGE('',*,*,#11564,.F.);
#11564 = EDGE_CURVE('',#11537,#11565,#11567,.T.);
#11565 = VERTEX_POINT('',#11566);
#11566 = CARTESIAN_POINT('',(-3.0607,3.6576,0.37592));
#11567 = B_SPLINE_CURVE_WITH_KNOTS('',1,(#11568,#11569),.UNSPECIFIED.,
  .F.,.F.,(2,2),(0.,0.25144717139),.PIECEWISE_BEZIER_KNOTS.);
#11568 = CARTESIAN_POINT('',(-3.2385,3.4798,0.37592));
#11569 = CARTESIAN_POINT('',(-3.0607,3.6576,0.37592));
#11570 = ORIENTED_EDGE('',*,*,#11551,.F.);
#11571 = ORIENTED_EDGE('',*,*,#11572,.T.);
#11572 = EDGE_CURVE('',#11545,#11573,#11575,.T.);
#11573 = VERTEX_POINT('',#11574);
#11574 = CARTESIAN_POINT('',(-3.0607,3.6576,-2.79908));
#11575 = B_SPLINE_CURVE_WITH_KNOTS('',1,(#11576,#11577),.UNSPECIFIED.,
  .F.,.F.,(2,2),(-0.25144717139,0.),.PIECEWISE_BEZIER_KNOTS.);
#11576 = CARTESIAN_POINT('',(-3.2385,3.4798,-2.79908));
#11577 = CARTESIAN_POINT('',(-3.0607,3.6576,-2.79908));
#11578 = ORIENTED_EDGE('',*,*,#11579,.T.);
#11579 = EDGE_CURVE('',#11573,#11565,#11580,.T.);
#11580 = B_SPLINE_CURVE_WITH_KNOTS('',1,(#11581,#11582),.UNSPECIFIED.,
  .F.,.F.,(2,2),(-3.175,0.),.PIECEWISE_BEZIER_KNOTS.);
#11581 = CARTESIAN_POINT('',(-3.0607,3.6576,-2.79908));
#11582 = CARTESIAN_POINT('',(-3.0607,3.6576,0.37592));
#11583 = PLANE('',#11584);
#11584 = AXIS2_PLACEMENT_3D('',#11585,#11586,#11587);
#11585 = CARTESIAN_POINT('',(-2.588458757466,4.129841242534,
    0.723617173822));
#11586 = DIRECTION('',(0.707106781187,-0.707106781186,0.));
#11587 = DIRECTION('',(0.707106781186,0.707106781187,0.));
#11588 = ADVANCED_FACE('',(#11589),#11603,.T.);
#11589 = FACE_BOUND('',#11590,.T.);
#11590 = EDGE_LOOP('',(#11591,#11596,#11597,#11602));
#11591 = ORIENTED_EDGE('',*,*,#11592,.F.);
#11592 = EDGE_CURVE('',#11565,#11327,#11593,.T.);
#11593 = B_SPLINE_CURVE_WITH_KNOTS('',1,(#11594,#11595),.UNSPECIFIED.,
  .F.,.F.,(2,2),(0.,0.164726146906),.PIECEWISE_BEZIER_KNOTS.);
#11594 = CARTESIAN_POINT('',(-3.0607,3.6576,0.37592));
#11595 = CARTESIAN_POINT('',(-3.177178975516,3.774078975516,0.37592));
#11596 = ORIENTED_EDGE('',*,*,#11579,.F.);
#11597 = ORIENTED_EDGE('',*,*,#11598,.T.);
#11598 = EDGE_CURVE('',#11573,#11337,#11599,.T.);
#11599 = B_SPLINE_CURVE_WITH_KNOTS('',1,(#11600,#11601),.UNSPECIFIED.,
  .F.,.F.,(2,2),(-0.164726146906,0.),.PIECEWISE_BEZIER_KNOTS.);
#11600 = CARTESIAN_POINT('',(-3.0607,3.6576,-2.79908));
#11601 = CARTESIAN_POINT('',(-3.177178975516,3.774078975516,-2.79908));
#11602 = ORIENTED_EDGE('',*,*,#11336,.F.);
#11603 = PLANE('',#11604);
#11604 = AXIS2_PLACEMENT_3D('',#11605,#11606,#11607);
#11605 = CARTESIAN_POINT('',(-3.643288115602,4.240188115601,
    0.723617173822));
#11606 = DIRECTION('',(0.707106781186,0.707106781187,0.));
#11607 = DIRECTION('',(0.707106781187,-0.707106781186,0.));
#11608 = ADVANCED_FACE('',(#11609),#11621,.T.);
#11609 = FACE_BOUND('',#11610,.T.);
#11610 = EDGE_LOOP('',(#11611,#11612,#11613,#11614,#11615,#11616,#11617,
    #11618,#11619,#11620));
#11611 = ORIENTED_EDGE('',*,*,#11343,.F.);
#11612 = ORIENTED_EDGE('',*,*,#11598,.F.);
#11613 = ORIENTED_EDGE('',*,*,#11572,.F.);
#11614 = ORIENTED_EDGE('',*,*,#11544,.F.);
#11615 = ORIENTED_EDGE('',*,*,#11521,.T.);
#11616 = ORIENTED_EDGE('',*,*,#11486,.F.);
#11617 = ORIENTED_EDGE('',*,*,#11458,.F.);
#11618 = ORIENTED_EDGE('',*,*,#11430,.F.);
#11619 = ORIENTED_EDGE('',*,*,#11401,.F.);
#11620 = ORIENTED_EDGE('',*,*,#11372,.F.);
#11621 = PLANE('',#11622);
#11622 = AXIS2_PLACEMENT_3D('',#11623,#11624,#11625);
#11623 = CARTESIAN_POINT('',(-4.333517173822,2.816582826178,-2.79908));
#11624 = DIRECTION('',(0.,0.,-1.));
#11625 = DIRECTION('',(-1.,0.,-0.));
#11626 = ( GEOMETRIC_REPRESENTATION_CONTEXT(3) 
GLOBAL_UNCERTAINTY_ASSIGNED_CONTEXT((#11630)) 
GLOBAL_UNIT_ASSIGNED_CONTEXT((#11627,#11628,#11629)) 
REPRESENTATION_CONTEXT('Context #1',
  '3D Context with UNIT and UNCERTAINTY') );
#11627 = ( LENGTH_UNIT() NAMED_UNIT(*) SI_UNIT(.MILLI.,.METRE.) );
#11628 = ( NAMED_UNIT(*) PLANE_ANGLE_UNIT() SI_UNIT($,.RADIAN.) );
#11629 = ( NAMED_UNIT(*) SI_UNIT($,.STERADIAN.) SOLID_ANGLE_UNIT() );
#11630 = UNCERTAINTY_MEASURE_WITH_UNIT(LENGTH_MEASURE(1.E-04),#11627,
  'distance_accuracy_value','confusion accuracy');
#11631 = CONTEXT_DEPENDENT_SHAPE_REPRESENTATION(#11632,#11634);
#11632 = ( REPRESENTATION_RELATIONSHIP('','',#11319,#10) 
REPRESENTATION_RELATIONSHIP_WITH_TRANSFORMATION(#11633) 
SHAPE_REPRESENTATION_RELATIONSHIP() );
#11633 = ITEM_DEFINED_TRANSFORMATION('','',#11,#71);
#11634 = PRODUCT_DEFINITION_SHAPE('Placement','Placement of an item',
  #11635);
#11635 = NEXT_ASSEMBLY_USAGE_OCCURRENCE('176','Document014','',#5,#11314
  ,$);
#11636 = PRODUCT_RELATED_PRODUCT_CATEGORY('part',$,(#11316));
#11637 = SHAPE_DEFINITION_REPRESENTATION(#11638,#11644);
#11638 = PRODUCT_DEFINITION_SHAPE('','',#11639);
#11639 = PRODUCT_DEFINITION('design','',#11640,#11643);
#11640 = PRODUCT_DEFINITION_FORMATION('','',#11641);
#11641 = PRODUCT('Document015','Document015','',(#11642));
#11642 = PRODUCT_CONTEXT('',#2,'mechanical');
#11643 = PRODUCT_DEFINITION_CONTEXT('part definition',#2,'design');
#11644 = MANIFOLD_SURFACE_SHAPE_REPRESENTATION('',(#11,#11645),#11951);
#11645 = SHELL_BASED_SURFACE_MODEL('',(#11646));
#11646 = OPEN_SHELL('',(#11647,#11728,#11756,#11779,#11801,#11823,#11845
    ,#11868,#11890,#11912,#11934));
#11647 = ADVANCED_FACE('',(#11648),#11723,.T.);
#11648 = FACE_BOUND('',#11649,.T.);
#11649 = EDGE_LOOP('',(#11650,#11659,#11667,#11674,#11681,#11688,#11696,
    #11703,#11710,#11717));
#11650 = ORIENTED_EDGE('',*,*,#11651,.T.);
#11651 = EDGE_CURVE('',#11652,#11654,#11656,.T.);
#11652 = VERTEX_POINT('',#11653);
#11653 = CARTESIAN_POINT('',(3.2639,6.2992,-2.79908));
#11654 = VERTEX_POINT('',#11655);
#11655 = CARTESIAN_POINT('',(3.4417,6.2992,-2.79908));
#11656 = B_SPLINE_CURVE_WITH_KNOTS('',1,(#11657,#11658),.UNSPECIFIED.,
  .F.,.F.,(2,2),(-0.1778,0.),.PIECEWISE_BEZIER_KNOTS.);
#11657 = CARTESIAN_POINT('',(3.2639,6.2992,-2.79908));
#11658 = CARTESIAN_POINT('',(3.4417,6.2992,-2.79908));
#11659 = ORIENTED_EDGE('',*,*,#11660,.T.);
#11660 = EDGE_CURVE('',#11654,#11661,#11663,.T.);
#11661 = VERTEX_POINT('',#11662);
#11662 = CARTESIAN_POINT('',(3.528421024484,6.26327897552,-2.79908));
#11663 = ( BOUNDED_CURVE() B_SPLINE_CURVE(2,(#11664,#11665,#11666),
.UNSPECIFIED.,.F.,.F.) B_SPLINE_CURVE_WITH_KNOTS((3,3),(0.,
9.632284001239E-02),.PIECEWISE_BEZIER_KNOTS.) CURVE() 
GEOMETRIC_REPRESENTATION_ITEM() RATIONAL_B_SPLINE_CURVE((1.,
0.923879532538,1.)) REPRESENTATION_ITEM('') );
#11664 = CARTESIAN_POINT('',(3.4417,6.2992,-2.79908));
#11665 = CARTESIAN_POINT('',(3.492499999998,6.299199999999,-2.79908));
#11666 = CARTESIAN_POINT('',(3.528421024484,6.26327897552,-2.79908));
#11667 = ORIENTED_EDGE('',*,*,#11668,.T.);
#11668 = EDGE_CURVE('',#11661,#11669,#11671,.T.);
#11669 = VERTEX_POINT('',#11670);
#11670 = CARTESIAN_POINT('',(3.6449,6.1468,-2.79908));
#11671 = B_SPLINE_CURVE_WITH_KNOTS('',1,(#11672,#11673),.UNSPECIFIED.,
  .F.,.F.,(2,2),(0.,0.164726146909),.PIECEWISE_BEZIER_KNOTS.);
#11672 = CARTESIAN_POINT('',(3.528421024484,6.26327897552,-2.79908));
#11673 = CARTESIAN_POINT('',(3.6449,6.1468,-2.79908));
#11674 = ORIENTED_EDGE('',*,*,#11675,.T.);
#11675 = EDGE_CURVE('',#11669,#11676,#11678,.T.);
#11676 = VERTEX_POINT('',#11677);
#11677 = CARTESIAN_POINT('',(3.4671,5.969,-2.79908));
#11678 = B_SPLINE_CURVE_WITH_KNOTS('',1,(#11679,#11680),.UNSPECIFIED.,
  .F.,.F.,(2,2),(0.,0.25144717139),.PIECEWISE_BEZIER_KNOTS.);
#11679 = CARTESIAN_POINT('',(3.6449,6.1468,-2.79908));
#11680 = CARTESIAN_POINT('',(3.4671,5.969,-2.79908));
#11681 = ORIENTED_EDGE('',*,*,#11682,.T.);
#11682 = EDGE_CURVE('',#11676,#11683,#11685,.T.);
#11683 = VERTEX_POINT('',#11684);
#11684 = CARTESIAN_POINT('',(3.424642048969,6.01145795103,-2.79908));
#11685 = B_SPLINE_CURVE_WITH_KNOTS('',1,(#11686,#11687),.UNSPECIFIED.,
  .F.,.F.,(2,2),(0.,6.004461017791E-02),.PIECEWISE_BEZIER_KNOTS.);
#11686 = CARTESIAN_POINT('',(3.4671,5.969,-2.79908));
#11687 = CARTESIAN_POINT('',(3.424642048969,6.01145795103,-2.79908));
#11688 = ORIENTED_EDGE('',*,*,#11689,.T.);
#11689 = EDGE_CURVE('',#11683,#11690,#11692,.T.);
#11690 = VERTEX_POINT('',#11691);
#11691 = CARTESIAN_POINT('',(3.280957951031,6.01145795103,-2.79908));
#11692 = ( BOUNDED_CURVE() B_SPLINE_CURVE(2,(#11693,#11694,#11695),
.UNSPECIFIED.,.F.,.F.) B_SPLINE_CURVE_WITH_KNOTS((3,3),(0.,
0.159592906802),.PIECEWISE_BEZIER_KNOTS.) CURVE() 
GEOMETRIC_REPRESENTATION_ITEM() RATIONAL_B_SPLINE_CURVE((1.,
0.707106781201,1.)) REPRESENTATION_ITEM('') );
#11693 = CARTESIAN_POINT('',(3.424642048969,6.01145795103,-2.79908));
#11694 = CARTESIAN_POINT('',(3.3528,6.083299999996,-2.79908));
#11695 = CARTESIAN_POINT('',(3.280957951031,6.01145795103,-2.79908));
#11696 = ORIENTED_EDGE('',*,*,#11697,.T.);
#11697 = EDGE_CURVE('',#11690,#11698,#11700,.T.);
#11698 = VERTEX_POINT('',#11699);
#11699 = CARTESIAN_POINT('',(3.2385,5.969,-2.79908));
#11700 = B_SPLINE_CURVE_WITH_KNOTS('',1,(#11701,#11702),.UNSPECIFIED.,
  .F.,.F.,(2,2),(0.,6.004461017791E-02),.PIECEWISE_BEZIER_KNOTS.);
#11701 = CARTESIAN_POINT('',(3.280957951031,6.01145795103,-2.79908));
#11702 = CARTESIAN_POINT('',(3.2385,5.969,-2.79908));
#11703 = ORIENTED_EDGE('',*,*,#11704,.T.);
#11704 = EDGE_CURVE('',#11698,#11705,#11707,.T.);
#11705 = VERTEX_POINT('',#11706);
#11706 = CARTESIAN_POINT('',(3.0607,6.1468,-2.79908));
#11707 = B_SPLINE_CURVE_WITH_KNOTS('',1,(#11708,#11709),.UNSPECIFIED.,
  .F.,.F.,(2,2),(0.,0.25144717139),.PIECEWISE_BEZIER_KNOTS.);
#11708 = CARTESIAN_POINT('',(3.2385,5.969,-2.79908));
#11709 = CARTESIAN_POINT('',(3.0607,6.1468,-2.79908));
#11710 = ORIENTED_EDGE('',*,*,#11711,.T.);
#11711 = EDGE_CURVE('',#11705,#11712,#11714,.T.);
#11712 = VERTEX_POINT('',#11713);
#11713 = CARTESIAN_POINT('',(3.177178975516,6.26327897552,-2.79908));
#11714 = B_SPLINE_CURVE_WITH_KNOTS('',1,(#11715,#11716),.UNSPECIFIED.,
  .F.,.F.,(2,2),(0.,0.164726146909),.PIECEWISE_BEZIER_KNOTS.);
#11715 = CARTESIAN_POINT('',(3.0607,6.1468,-2.79908));
#11716 = CARTESIAN_POINT('',(3.177178975516,6.26327897552,-2.79908));
#11717 = ORIENTED_EDGE('',*,*,#11718,.T.);
#11718 = EDGE_CURVE('',#11712,#11652,#11719,.T.);
#11719 = ( BOUNDED_CURVE() B_SPLINE_CURVE(2,(#11720,#11721,#11722),
.UNSPECIFIED.,.F.,.F.) B_SPLINE_CURVE_WITH_KNOTS((3,3),(0.,
9.632284001239E-02),.PIECEWISE_BEZIER_KNOTS.) CURVE() 
GEOMETRIC_REPRESENTATION_ITEM() RATIONAL_B_SPLINE_CURVE((1.,
0.923879532538,1.)) REPRESENTATION_ITEM('') );
#11720 = CARTESIAN_POINT('',(3.177178975516,6.26327897552,-2.79908));
#11721 = CARTESIAN_POINT('',(3.213100000002,6.299199999999,-2.79908));
#11722 = CARTESIAN_POINT('',(3.2639,6.2992,-2.79908));
#11723 = PLANE('',#11724);
#11724 = AXIS2_PLACEMENT_3D('',#11725,#11726,#11727);
#11725 = CARTESIAN_POINT('',(2.372082826178,5.305782826178,-2.79908));
#11726 = DIRECTION('',(0.,0.,-1.));
#11727 = DIRECTION('',(-1.,0.,-0.));
#11728 = ADVANCED_FACE('',(#11729),#11751,.T.);
#11729 = FACE_BOUND('',#11730,.T.);
#11730 = EDGE_LOOP('',(#11731,#11740,#11745,#11746));
#11731 = ORIENTED_EDGE('',*,*,#11732,.F.);
#11732 = EDGE_CURVE('',#11733,#11735,#11737,.T.);
#11733 = VERTEX_POINT('',#11734);
#11734 = CARTESIAN_POINT('',(3.4417,6.2992,0.37592));
#11735 = VERTEX_POINT('',#11736);
#11736 = CARTESIAN_POINT('',(3.2639,6.2992,0.37592));
#11737 = B_SPLINE_CURVE_WITH_KNOTS('',1,(#11738,#11739),.UNSPECIFIED.,
  .F.,.F.,(2,2),(-0.1778,0.),.PIECEWISE_BEZIER_KNOTS.);
#11738 = CARTESIAN_POINT('',(3.4417,6.2992,0.37592));
#11739 = CARTESIAN_POINT('',(3.2639,6.2992,0.37592));
#11740 = ORIENTED_EDGE('',*,*,#11741,.T.);
#11741 = EDGE_CURVE('',#11733,#11654,#11742,.T.);
#11742 = B_SPLINE_CURVE_WITH_KNOTS('',1,(#11743,#11744),.UNSPECIFIED.,
  .F.,.F.,(2,2),(-3.175,0.),.PIECEWISE_BEZIER_KNOTS.);
#11743 = CARTESIAN_POINT('',(3.4417,6.2992,0.37592));
#11744 = CARTESIAN_POINT('',(3.4417,6.2992,-2.79908));
#11745 = ORIENTED_EDGE('',*,*,#11651,.F.);
#11746 = ORIENTED_EDGE('',*,*,#11747,.T.);
#11747 = EDGE_CURVE('',#11652,#11735,#11748,.T.);
#11748 = B_SPLINE_CURVE_WITH_KNOTS('',1,(#11749,#11750),.UNSPECIFIED.,
  .F.,.F.,(2,2),(-3.175,0.),.PIECEWISE_BEZIER_KNOTS.);
#11749 = CARTESIAN_POINT('',(3.2639,6.2992,-2.79908));
#11750 = CARTESIAN_POINT('',(3.2639,6.2992,0.37592));
#11751 = PLANE('',#11752);
#11752 = AXIS2_PLACEMENT_3D('',#11753,#11754,#11755);
#11753 = CARTESIAN_POINT('',(2.615922826178,6.2992,0.723617173822));
#11754 = DIRECTION('',(0.,1.,0.));
#11755 = DIRECTION('',(0.,-0.,1.));
#11756 = ADVANCED_FACE('',(#11757),#11774,.T.);
#11757 = FACE_BOUND('',#11758,.T.);
#11758 = EDGE_LOOP('',(#11759,#11767,#11768,#11769));
#11759 = ORIENTED_EDGE('',*,*,#11760,.F.);
#11760 = EDGE_CURVE('',#11735,#11761,#11763,.T.);
#11761 = VERTEX_POINT('',#11762);
#11762 = CARTESIAN_POINT('',(3.177178975516,6.26327897552,0.37592));
#11763 = ( BOUNDED_CURVE() B_SPLINE_CURVE(2,(#11764,#11765,#11766),
.UNSPECIFIED.,.F.,.F.) B_SPLINE_CURVE_WITH_KNOTS((3,3),(0.,
9.632284001239E-02),.PIECEWISE_BEZIER_KNOTS.) CURVE() 
GEOMETRIC_REPRESENTATION_ITEM() RATIONAL_B_SPLINE_CURVE((1.,
0.923879532538,1.)) REPRESENTATION_ITEM('') );
#11764 = CARTESIAN_POINT('',(3.2639,6.2992,0.37592));
#11765 = CARTESIAN_POINT('',(3.213100000002,6.299199999999,0.37592));
#11766 = CARTESIAN_POINT('',(3.177178975516,6.26327897552,0.37592));
#11767 = ORIENTED_EDGE('',*,*,#11747,.F.);
#11768 = ORIENTED_EDGE('',*,*,#11718,.F.);
#11769 = ORIENTED_EDGE('',*,*,#11770,.T.);
#11770 = EDGE_CURVE('',#11712,#11761,#11771,.T.);
#11771 = B_SPLINE_CURVE_WITH_KNOTS('',1,(#11772,#11773),.UNSPECIFIED.,
  .F.,.F.,(2,2),(-3.175,0.),.PIECEWISE_BEZIER_KNOTS.);
#11772 = CARTESIAN_POINT('',(3.177178975516,6.26327897552,-2.79908));
#11773 = CARTESIAN_POINT('',(3.177178975516,6.26327897552,0.37592));
#11774 = CYLINDRICAL_SURFACE('',#11775,0.122642048969);
#11775 = AXIS2_PLACEMENT_3D('',#11776,#11777,#11778);
#11776 = CARTESIAN_POINT('',(3.2639,6.17655795103,-1.21158));
#11777 = DIRECTION('',(0.,0.,-1.));
#11778 = DIRECTION('',(-1.,0.,-0.));
#11779 = ADVANCED_FACE('',(#11780),#11796,.T.);
#11780 = FACE_BOUND('',#11781,.T.);
#11781 = EDGE_LOOP('',(#11782,#11789,#11790,#11791));
#11782 = ORIENTED_EDGE('',*,*,#11783,.F.);
#11783 = EDGE_CURVE('',#11761,#11784,#11786,.T.);
#11784 = VERTEX_POINT('',#11785);
#11785 = CARTESIAN_POINT('',(3.0607,6.1468,0.37592));
#11786 = B_SPLINE_CURVE_WITH_KNOTS('',1,(#11787,#11788),.UNSPECIFIED.,
  .F.,.F.,(2,2),(0.,0.164726146909),.PIECEWISE_BEZIER_KNOTS.);
#11787 = CARTESIAN_POINT('',(3.177178975516,6.26327897552,0.37592));
#11788 = CARTESIAN_POINT('',(3.0607,6.1468,0.37592));
#11789 = ORIENTED_EDGE('',*,*,#11770,.F.);
#11790 = ORIENTED_EDGE('',*,*,#11711,.F.);
#11791 = ORIENTED_EDGE('',*,*,#11792,.T.);
#11792 = EDGE_CURVE('',#11705,#11784,#11793,.T.);
#11793 = B_SPLINE_CURVE_WITH_KNOTS('',1,(#11794,#11795),.UNSPECIFIED.,
  .F.,.F.,(2,2),(-3.175,0.),.PIECEWISE_BEZIER_KNOTS.);
#11794 = CARTESIAN_POINT('',(3.0607,6.1468,-2.79908));
#11795 = CARTESIAN_POINT('',(3.0607,6.1468,0.37592));
#11796 = PLANE('',#11797);
#11797 = AXIS2_PLACEMENT_3D('',#11798,#11799,#11800);
#11798 = CARTESIAN_POINT('',(2.594590859914,5.680690859914,
    0.723617173822));
#11799 = DIRECTION('',(-0.707106781186,0.707106781187,0.));
#11800 = DIRECTION('',(0.707106781187,0.707106781186,0.));
#11801 = ADVANCED_FACE('',(#11802),#11818,.T.);
#11802 = FACE_BOUND('',#11803,.T.);
#11803 = EDGE_LOOP('',(#11804,#11811,#11812,#11813));
#11804 = ORIENTED_EDGE('',*,*,#11805,.F.);
#11805 = EDGE_CURVE('',#11784,#11806,#11808,.T.);
#11806 = VERTEX_POINT('',#11807);
#11807 = CARTESIAN_POINT('',(3.2385,5.969,0.37592));
#11808 = B_SPLINE_CURVE_WITH_KNOTS('',1,(#11809,#11810),.UNSPECIFIED.,
  .F.,.F.,(2,2),(0.,0.25144717139),.PIECEWISE_BEZIER_KNOTS.);
#11809 = CARTESIAN_POINT('',(3.0607,6.1468,0.37592));
#11810 = CARTESIAN_POINT('',(3.2385,5.969,0.37592));
#11811 = ORIENTED_EDGE('',*,*,#11792,.F.);
#11812 = ORIENTED_EDGE('',*,*,#11704,.F.);
#11813 = ORIENTED_EDGE('',*,*,#11814,.T.);
#11814 = EDGE_CURVE('',#11698,#11806,#11815,.T.);
#11815 = B_SPLINE_CURVE_WITH_KNOTS('',1,(#11816,#11817),.UNSPECIFIED.,
  .F.,.F.,(2,2),(-3.175,0.),.PIECEWISE_BEZIER_KNOTS.);
#11816 = CARTESIAN_POINT('',(3.2385,5.969,-2.79908));
#11817 = CARTESIAN_POINT('',(3.2385,5.969,0.37592));
#11818 = PLANE('',#11819);
#11819 = AXIS2_PLACEMENT_3D('',#11820,#11821,#11822);
#11820 = CARTESIAN_POINT('',(3.710741242534,5.496758757466,
    0.723617173822));
#11821 = DIRECTION('',(-0.707106781187,-0.707106781186,0.));
#11822 = DIRECTION('',(0.707106781186,-0.707106781187,0.));
#11823 = ADVANCED_FACE('',(#11824),#11840,.T.);
#11824 = FACE_BOUND('',#11825,.T.);
#11825 = EDGE_LOOP('',(#11826,#11833,#11834,#11835));
#11826 = ORIENTED_EDGE('',*,*,#11827,.F.);
#11827 = EDGE_CURVE('',#11806,#11828,#11830,.T.);
#11828 = VERTEX_POINT('',#11829);
#11829 = CARTESIAN_POINT('',(3.280957951031,6.01145795103,0.37592));
#11830 = B_SPLINE_CURVE_WITH_KNOTS('',1,(#11831,#11832),.UNSPECIFIED.,
  .F.,.F.,(2,2),(0.,6.004461017791E-02),.PIECEWISE_BEZIER_KNOTS.);
#11831 = CARTESIAN_POINT('',(3.2385,5.969,0.37592));
#11832 = CARTESIAN_POINT('',(3.280957951031,6.01145795103,0.37592));
#11833 = ORIENTED_EDGE('',*,*,#11814,.F.);
#11834 = ORIENTED_EDGE('',*,*,#11697,.F.);
#11835 = ORIENTED_EDGE('',*,*,#11836,.T.);
#11836 = EDGE_CURVE('',#11690,#11828,#11837,.T.);
#11837 = B_SPLINE_CURVE_WITH_KNOTS('',1,(#11838,#11839),.UNSPECIFIED.,
  .F.,.F.,(2,2),(-3.175,0.),.PIECEWISE_BEZIER_KNOTS.);
#11838 = CARTESIAN_POINT('',(3.280957951031,6.01145795103,-2.79908));
#11839 = CARTESIAN_POINT('',(3.280957951031,6.01145795103,0.37592));
#11840 = PLANE('',#11841);
#11841 = AXIS2_PLACEMENT_3D('',#11842,#11843,#11844);
#11842 = CARTESIAN_POINT('',(3.739664988668,6.470164988667,
    0.723617173822));
#11843 = DIRECTION('',(0.707106781187,-0.707106781186,0.));
#11844 = DIRECTION('',(0.707106781186,0.707106781187,0.));
#11845 = ADVANCED_FACE('',(#11846),#11863,.F.);
#11846 = FACE_BOUND('',#11847,.F.);
#11847 = EDGE_LOOP('',(#11848,#11856,#11861,#11862));
#11848 = ORIENTED_EDGE('',*,*,#11849,.T.);
#11849 = EDGE_CURVE('',#11828,#11850,#11852,.T.);
#11850 = VERTEX_POINT('',#11851);
#11851 = CARTESIAN_POINT('',(3.424642048969,6.01145795103,0.37592));
#11852 = ( BOUNDED_CURVE() B_SPLINE_CURVE(2,(#11853,#11854,#11855),
.UNSPECIFIED.,.F.,.F.) B_SPLINE_CURVE_WITH_KNOTS((3,3),(0.,
0.159592906802),.PIECEWISE_BEZIER_KNOTS.) CURVE() 
GEOMETRIC_REPRESENTATION_ITEM() RATIONAL_B_SPLINE_CURVE((1.,
0.707106781201,1.)) REPRESENTATION_ITEM('') );
#11853 = CARTESIAN_POINT('',(3.280957951031,6.01145795103,0.37592));
#11854 = CARTESIAN_POINT('',(3.3528,6.083299999996,0.37592));
#11855 = CARTESIAN_POINT('',(3.424642048969,6.01145795103,0.37592));
#11856 = ORIENTED_EDGE('',*,*,#11857,.T.);
#11857 = EDGE_CURVE('',#11850,#11683,#11858,.T.);
#11858 = B_SPLINE_CURVE_WITH_KNOTS('',1,(#11859,#11860),.UNSPECIFIED.,
  .F.,.F.,(2,2),(0.,3.175),.PIECEWISE_BEZIER_KNOTS.);
#11859 = CARTESIAN_POINT('',(3.424642048969,6.01145795103,0.37592));
#11860 = CARTESIAN_POINT('',(3.424642048969,6.01145795103,-2.79908));
#11861 = ORIENTED_EDGE('',*,*,#11689,.T.);
#11862 = ORIENTED_EDGE('',*,*,#11836,.T.);
#11863 = CYLINDRICAL_SURFACE('',#11864,0.1016);
#11864 = AXIS2_PLACEMENT_3D('',#11865,#11866,#11867);
#11865 = CARTESIAN_POINT('',(3.3528,5.93961590206,-1.21158));
#11866 = DIRECTION('',(0.,0.,-1.));
#11867 = DIRECTION('',(-1.,0.,-0.));
#11868 = ADVANCED_FACE('',(#11869),#11885,.T.);
#11869 = FACE_BOUND('',#11870,.T.);
#11870 = EDGE_LOOP('',(#11871,#11878,#11879,#11880));
#11871 = ORIENTED_EDGE('',*,*,#11872,.F.);
#11872 = EDGE_CURVE('',#11850,#11873,#11875,.T.);
#11873 = VERTEX_POINT('',#11874);
#11874 = CARTESIAN_POINT('',(3.4671,5.969,0.37592));
#11875 = B_SPLINE_CURVE_WITH_KNOTS('',1,(#11876,#11877),.UNSPECIFIED.,
  .F.,.F.,(2,2),(0.,6.004461017791E-02),.PIECEWISE_BEZIER_KNOTS.);
#11876 = CARTESIAN_POINT('',(3.424642048969,6.01145795103,0.37592));
#11877 = CARTESIAN_POINT('',(3.4671,5.969,0.37592));
#11878 = ORIENTED_EDGE('',*,*,#11857,.T.);
#11879 = ORIENTED_EDGE('',*,*,#11682,.F.);
#11880 = ORIENTED_EDGE('',*,*,#11881,.T.);
#11881 = EDGE_CURVE('',#11676,#11873,#11882,.T.);
#11882 = B_SPLINE_CURVE_WITH_KNOTS('',1,(#11883,#11884),.UNSPECIFIED.,
  .F.,.F.,(2,2),(-3.175,0.),.PIECEWISE_BEZIER_KNOTS.);
#11883 = CARTESIAN_POINT('',(3.4671,5.969,-2.79908));
#11884 = CARTESIAN_POINT('',(3.4671,5.969,0.37592));
#11885 = PLANE('',#11886);
#11886 = AXIS2_PLACEMENT_3D('',#11887,#11888,#11889);
#11887 = CARTESIAN_POINT('',(3.925807037637,5.510292962363,
    0.723617173822));
#11888 = DIRECTION('',(-0.707106781187,-0.707106781186,0.));
#11889 = DIRECTION('',(0.707106781186,-0.707106781187,0.));
#11890 = ADVANCED_FACE('',(#11891),#11907,.T.);
#11891 = FACE_BOUND('',#11892,.T.);
#11892 = EDGE_LOOP('',(#11893,#11900,#11901,#11902));
#11893 = ORIENTED_EDGE('',*,*,#11894,.F.);
#11894 = EDGE_CURVE('',#11873,#11895,#11897,.T.);
#11895 = VERTEX_POINT('',#11896);
#11896 = CARTESIAN_POINT('',(3.6449,6.1468,0.37592));
#11897 = B_SPLINE_CURVE_WITH_KNOTS('',1,(#11898,#11899),.UNSPECIFIED.,
  .F.,.F.,(2,2),(0.,0.25144717139),.PIECEWISE_BEZIER_KNOTS.);
#11898 = CARTESIAN_POINT('',(3.4671,5.969,0.37592));
#11899 = CARTESIAN_POINT('',(3.6449,6.1468,0.37592));
#11900 = ORIENTED_EDGE('',*,*,#11881,.F.);
#11901 = ORIENTED_EDGE('',*,*,#11675,.F.);
#11902 = ORIENTED_EDGE('',*,*,#11903,.T.);
#11903 = EDGE_CURVE('',#11669,#11895,#11904,.T.);
#11904 = B_SPLINE_CURVE_WITH_KNOTS('',1,(#11905,#11906),.UNSPECIFIED.,
  .F.,.F.,(2,2),(-3.175,0.),.PIECEWISE_BEZIER_KNOTS.);
#11905 = CARTESIAN_POINT('',(3.6449,6.1468,-2.79908));
#11906 = CARTESIAN_POINT('',(3.6449,6.1468,0.37592));
#11907 = PLANE('',#11908);
#11908 = AXIS2_PLACEMENT_3D('',#11909,#11910,#11911);
#11909 = CARTESIAN_POINT('',(4.117141242534,6.619041242534,
    0.723617173822));
#11910 = DIRECTION('',(0.707106781187,-0.707106781186,0.));
#11911 = DIRECTION('',(0.707106781186,0.707106781187,0.));
#11912 = ADVANCED_FACE('',(#11913),#11929,.T.);
#11913 = FACE_BOUND('',#11914,.T.);
#11914 = EDGE_LOOP('',(#11915,#11922,#11923,#11924));
#11915 = ORIENTED_EDGE('',*,*,#11916,.F.);
#11916 = EDGE_CURVE('',#11895,#11917,#11919,.T.);
#11917 = VERTEX_POINT('',#11918);
#11918 = CARTESIAN_POINT('',(3.528421024484,6.26327897552,0.37592));
#11919 = B_SPLINE_CURVE_WITH_KNOTS('',1,(#11920,#11921),.UNSPECIFIED.,
  .F.,.F.,(2,2),(0.,0.164726146909),.PIECEWISE_BEZIER_KNOTS.);
#11920 = CARTESIAN_POINT('',(3.6449,6.1468,0.37592));
#11921 = CARTESIAN_POINT('',(3.528421024484,6.26327897552,0.37592));
#11922 = ORIENTED_EDGE('',*,*,#11903,.F.);
#11923 = ORIENTED_EDGE('',*,*,#11668,.F.);
#11924 = ORIENTED_EDGE('',*,*,#11925,.F.);
#11925 = EDGE_CURVE('',#11917,#11661,#11926,.T.);
#11926 = B_SPLINE_CURVE_WITH_KNOTS('',1,(#11927,#11928),.UNSPECIFIED.,
  .F.,.F.,(2,2),(-3.175,0.),.PIECEWISE_BEZIER_KNOTS.);
#11927 = CARTESIAN_POINT('',(3.528421024484,6.26327897552,0.37592));
#11928 = CARTESIAN_POINT('',(3.528421024484,6.26327897552,-2.79908));
#11929 = PLANE('',#11930);
#11930 = AXIS2_PLACEMENT_3D('',#11931,#11932,#11933);
#11931 = CARTESIAN_POINT('',(3.062311884398,6.729388115606,
    0.723617173822));
#11932 = DIRECTION('',(0.707106781187,0.707106781187,0.));
#11933 = DIRECTION('',(0.707106781187,-0.707106781187,0.));
#11934 = ADVANCED_FACE('',(#11935),#11946,.T.);
#11935 = FACE_BOUND('',#11936,.T.);
#11936 = EDGE_LOOP('',(#11937,#11943,#11944,#11945));
#11937 = ORIENTED_EDGE('',*,*,#11938,.F.);
#11938 = EDGE_CURVE('',#11917,#11733,#11939,.T.);
#11939 = ( BOUNDED_CURVE() B_SPLINE_CURVE(2,(#11940,#11941,#11942),
.UNSPECIFIED.,.F.,.F.) B_SPLINE_CURVE_WITH_KNOTS((3,3),(0.,
9.632284001239E-02),.PIECEWISE_BEZIER_KNOTS.) CURVE() 
GEOMETRIC_REPRESENTATION_ITEM() RATIONAL_B_SPLINE_CURVE((1.,
0.923879532538,1.)) REPRESENTATION_ITEM('') );
#11940 = CARTESIAN_POINT('',(3.528421024484,6.26327897552,0.37592));
#11941 = CARTESIAN_POINT('',(3.492499999998,6.299199999999,0.37592));
#11942 = CARTESIAN_POINT('',(3.4417,6.2992,0.37592));
#11943 = ORIENTED_EDGE('',*,*,#11925,.T.);
#11944 = ORIENTED_EDGE('',*,*,#11660,.F.);
#11945 = ORIENTED_EDGE('',*,*,#11741,.F.);
#11946 = CYLINDRICAL_SURFACE('',#11947,0.122642048969);
#11947 = AXIS2_PLACEMENT_3D('',#11948,#11949,#11950);
#11948 = CARTESIAN_POINT('',(3.4417,6.17655795103,-1.21158));
#11949 = DIRECTION('',(0.,0.,-1.));
#11950 = DIRECTION('',(-1.,0.,-0.));
#11951 = ( GEOMETRIC_REPRESENTATION_CONTEXT(3) 
GLOBAL_UNCERTAINTY_ASSIGNED_CONTEXT((#11955)) 
GLOBAL_UNIT_ASSIGNED_CONTEXT((#11952,#11953,#11954)) 
REPRESENTATION_CONTEXT('Context #1',
  '3D Context with UNIT and UNCERTAINTY') );
#11952 = ( LENGTH_UNIT() NAMED_UNIT(*) SI_UNIT(.MILLI.,.METRE.) );
#11953 = ( NAMED_UNIT(*) PLANE_ANGLE_UNIT() SI_UNIT($,.RADIAN.) );
#11954 = ( NAMED_UNIT(*) SI_UNIT($,.STERADIAN.) SOLID_ANGLE_UNIT() );
#11955 = UNCERTAINTY_MEASURE_WITH_UNIT(LENGTH_MEASURE(1.E-04),#11952,
  'distance_accuracy_value','confusion accuracy');
#11956 = CONTEXT_DEPENDENT_SHAPE_REPRESENTATION(#11957,#11959);
#11957 = ( REPRESENTATION_RELATIONSHIP('','',#11644,#10) 
REPRESENTATION_RELATIONSHIP_WITH_TRANSFORMATION(#11958) 
SHAPE_REPRESENTATION_RELATIONSHIP() );
#11958 = ITEM_DEFINED_TRANSFORMATION('','',#11,#75);
#11959 = PRODUCT_DEFINITION_SHAPE('Placement','Placement of an item',
  #11960);
#11960 = NEXT_ASSEMBLY_USAGE_OCCURRENCE('177','Document015','',#5,#11639
  ,$);
#11961 = PRODUCT_RELATED_PRODUCT_CATEGORY('part',$,(#11641));
#11962 = SHAPE_DEFINITION_REPRESENTATION(#11963,#11969);
#11963 = PRODUCT_DEFINITION_SHAPE('','',#11964);
#11964 = PRODUCT_DEFINITION('design','',#11965,#11968);
#11965 = PRODUCT_DEFINITION_FORMATION('','',#11966);
#11966 = PRODUCT('Document016','Document016','',(#11967));
#11967 = PRODUCT_CONTEXT('',#2,'mechanical');
#11968 = PRODUCT_DEFINITION_CONTEXT('part definition',#2,'design');
#11969 = MANIFOLD_SURFACE_SHAPE_REPRESENTATION('',(#11,#11970),#12276);
#11970 = SHELL_BASED_SURFACE_MODEL('',(#11971));
#11971 = OPEN_SHELL('',(#11972,#12053,#12082,#12104,#12127,#12149,#12171
    ,#12193,#12216,#12238,#12260));
#11972 = ADVANCED_FACE('',(#11973),#12048,.T.);
#11973 = FACE_BOUND('',#11974,.T.);
#11974 = EDGE_LOOP('',(#11975,#11985,#11992,#11999,#12006,#12014,#12021,
    #12028,#12035,#12043));
#11975 = ORIENTED_EDGE('',*,*,#11976,.T.);
#11976 = EDGE_CURVE('',#11977,#11979,#11981,.T.);
#11977 = VERTEX_POINT('',#11978);
#11978 = CARTESIAN_POINT('',(-3.2639,6.2992,-2.79908));
#11979 = VERTEX_POINT('',#11980);
#11980 = CARTESIAN_POINT('',(-3.177178975516,6.26327897552,-2.79908));
#11981 = ( BOUNDED_CURVE() B_SPLINE_CURVE(2,(#11982,#11983,#11984),
.UNSPECIFIED.,.F.,.F.) B_SPLINE_CURVE_WITH_KNOTS((3,3),(0.,
9.632284001239E-02),.PIECEWISE_BEZIER_KNOTS.) CURVE() 
GEOMETRIC_REPRESENTATION_ITEM() RATIONAL_B_SPLINE_CURVE((1.,
0.923879532538,1.)) REPRESENTATION_ITEM('') );
#11982 = CARTESIAN_POINT('',(-3.2639,6.2992,-2.79908));
#11983 = CARTESIAN_POINT('',(-3.213100000002,6.299199999999,-2.79908));
#11984 = CARTESIAN_POINT('',(-3.177178975516,6.26327897552,-2.79908));
#11985 = ORIENTED_EDGE('',*,*,#11986,.T.);
#11986 = EDGE_CURVE('',#11979,#11987,#11989,.T.);
#11987 = VERTEX_POINT('',#11988);
#11988 = CARTESIAN_POINT('',(-3.0607,6.1468,-2.79908));
#11989 = B_SPLINE_CURVE_WITH_KNOTS('',1,(#11990,#11991),.UNSPECIFIED.,
  .F.,.F.,(2,2),(0.,0.164726146909),.PIECEWISE_BEZIER_KNOTS.);
#11990 = CARTESIAN_POINT('',(-3.177178975516,6.26327897552,-2.79908));
#11991 = CARTESIAN_POINT('',(-3.0607,6.1468,-2.79908));
#11992 = ORIENTED_EDGE('',*,*,#11993,.T.);
#11993 = EDGE_CURVE('',#11987,#11994,#11996,.T.);
#11994 = VERTEX_POINT('',#11995);
#11995 = CARTESIAN_POINT('',(-3.2385,5.969,-2.79908));
#11996 = B_SPLINE_CURVE_WITH_KNOTS('',1,(#11997,#11998),.UNSPECIFIED.,
  .F.,.F.,(2,2),(0.,0.25144717139),.PIECEWISE_BEZIER_KNOTS.);
#11997 = CARTESIAN_POINT('',(-3.0607,6.1468,-2.79908));
#11998 = CARTESIAN_POINT('',(-3.2385,5.969,-2.79908));
#11999 = ORIENTED_EDGE('',*,*,#12000,.T.);
#12000 = EDGE_CURVE('',#11994,#12001,#12003,.T.);
#12001 = VERTEX_POINT('',#12002);
#12002 = CARTESIAN_POINT('',(-3.280957951031,6.01145795103,-2.79908));
#12003 = B_SPLINE_CURVE_WITH_KNOTS('',1,(#12004,#12005),.UNSPECIFIED.,
  .F.,.F.,(2,2),(0.,6.004461017791E-02),.PIECEWISE_BEZIER_KNOTS.);
#12004 = CARTESIAN_POINT('',(-3.2385,5.969,-2.79908));
#12005 = CARTESIAN_POINT('',(-3.280957951031,6.01145795103,-2.79908));
#12006 = ORIENTED_EDGE('',*,*,#12007,.T.);
#12007 = EDGE_CURVE('',#12001,#12008,#12010,.T.);
#12008 = VERTEX_POINT('',#12009);
#12009 = CARTESIAN_POINT('',(-3.424642048969,6.01145795103,-2.79908));
#12010 = ( BOUNDED_CURVE() B_SPLINE_CURVE(2,(#12011,#12012,#12013),
.UNSPECIFIED.,.F.,.F.) B_SPLINE_CURVE_WITH_KNOTS((3,3),(0.,
0.159592906802),.PIECEWISE_BEZIER_KNOTS.) CURVE() 
GEOMETRIC_REPRESENTATION_ITEM() RATIONAL_B_SPLINE_CURVE((1.,
0.707106781201,1.)) REPRESENTATION_ITEM('') );
#12011 = CARTESIAN_POINT('',(-3.280957951031,6.01145795103,-2.79908));
#12012 = CARTESIAN_POINT('',(-3.3528,6.083299999996,-2.79908));
#12013 = CARTESIAN_POINT('',(-3.424642048969,6.01145795103,-2.79908));
#12014 = ORIENTED_EDGE('',*,*,#12015,.T.);
#12015 = EDGE_CURVE('',#12008,#12016,#12018,.T.);
#12016 = VERTEX_POINT('',#12017);
#12017 = CARTESIAN_POINT('',(-3.4671,5.969,-2.79908));
#12018 = B_SPLINE_CURVE_WITH_KNOTS('',1,(#12019,#12020),.UNSPECIFIED.,
  .F.,.F.,(2,2),(0.,6.004461017791E-02),.PIECEWISE_BEZIER_KNOTS.);
#12019 = CARTESIAN_POINT('',(-3.424642048969,6.01145795103,-2.79908));
#12020 = CARTESIAN_POINT('',(-3.4671,5.969,-2.79908));
#12021 = ORIENTED_EDGE('',*,*,#12022,.T.);
#12022 = EDGE_CURVE('',#12016,#12023,#12025,.T.);
#12023 = VERTEX_POINT('',#12024);
#12024 = CARTESIAN_POINT('',(-3.6449,6.1468,-2.79908));
#12025 = B_SPLINE_CURVE_WITH_KNOTS('',1,(#12026,#12027),.UNSPECIFIED.,
  .F.,.F.,(2,2),(0.,0.25144717139),.PIECEWISE_BEZIER_KNOTS.);
#12026 = CARTESIAN_POINT('',(-3.4671,5.969,-2.79908));
#12027 = CARTESIAN_POINT('',(-3.6449,6.1468,-2.79908));
#12028 = ORIENTED_EDGE('',*,*,#12029,.T.);
#12029 = EDGE_CURVE('',#12023,#12030,#12032,.T.);
#12030 = VERTEX_POINT('',#12031);
#12031 = CARTESIAN_POINT('',(-3.528421024484,6.26327897552,-2.79908));
#12032 = B_SPLINE_CURVE_WITH_KNOTS('',1,(#12033,#12034),.UNSPECIFIED.,
  .F.,.F.,(2,2),(0.,0.164726146909),.PIECEWISE_BEZIER_KNOTS.);
#12033 = CARTESIAN_POINT('',(-3.6449,6.1468,-2.79908));
#12034 = CARTESIAN_POINT('',(-3.528421024484,6.26327897552,-2.79908));
#12035 = ORIENTED_EDGE('',*,*,#12036,.T.);
#12036 = EDGE_CURVE('',#12030,#12037,#12039,.T.);
#12037 = VERTEX_POINT('',#12038);
#12038 = CARTESIAN_POINT('',(-3.4417,6.2992,-2.79908));
#12039 = ( BOUNDED_CURVE() B_SPLINE_CURVE(2,(#12040,#12041,#12042),
.UNSPECIFIED.,.F.,.F.) B_SPLINE_CURVE_WITH_KNOTS((3,3),(0.,
9.632284001239E-02),.PIECEWISE_BEZIER_KNOTS.) CURVE() 
GEOMETRIC_REPRESENTATION_ITEM() RATIONAL_B_SPLINE_CURVE((1.,
0.923879532538,1.)) REPRESENTATION_ITEM('') );
#12040 = CARTESIAN_POINT('',(-3.528421024484,6.26327897552,-2.79908));
#12041 = CARTESIAN_POINT('',(-3.492499999998,6.299199999999,-2.79908));
#12042 = CARTESIAN_POINT('',(-3.4417,6.2992,-2.79908));
#12043 = ORIENTED_EDGE('',*,*,#12044,.T.);
#12044 = EDGE_CURVE('',#12037,#11977,#12045,.T.);
#12045 = B_SPLINE_CURVE_WITH_KNOTS('',1,(#12046,#12047),.UNSPECIFIED.,
  .F.,.F.,(2,2),(-0.1778,0.),.PIECEWISE_BEZIER_KNOTS.);
#12046 = CARTESIAN_POINT('',(-3.4417,6.2992,-2.79908));
#12047 = CARTESIAN_POINT('',(-3.2639,6.2992,-2.79908));
#12048 = PLANE('',#12049);
#12049 = AXIS2_PLACEMENT_3D('',#12050,#12051,#12052);
#12050 = CARTESIAN_POINT('',(-4.333517173822,5.305782826178,-2.79908));
#12051 = DIRECTION('',(0.,0.,-1.));
#12052 = DIRECTION('',(-1.,0.,-0.));
#12053 = ADVANCED_FACE('',(#12054),#12077,.T.);
#12054 = FACE_BOUND('',#12055,.T.);
#12055 = EDGE_LOOP('',(#12056,#12066,#12071,#12072));
#12056 = ORIENTED_EDGE('',*,*,#12057,.F.);
#12057 = EDGE_CURVE('',#12058,#12060,#12062,.T.);
#12058 = VERTEX_POINT('',#12059);
#12059 = CARTESIAN_POINT('',(-3.177178975516,6.26327897552,0.37592));
#12060 = VERTEX_POINT('',#12061);
#12061 = CARTESIAN_POINT('',(-3.2639,6.2992,0.37592));
#12062 = ( BOUNDED_CURVE() B_SPLINE_CURVE(2,(#12063,#12064,#12065),
.UNSPECIFIED.,.F.,.F.) B_SPLINE_CURVE_WITH_KNOTS((3,3),(0.,
9.632284001239E-02),.PIECEWISE_BEZIER_KNOTS.) CURVE() 
GEOMETRIC_REPRESENTATION_ITEM() RATIONAL_B_SPLINE_CURVE((1.,
0.923879532538,1.)) REPRESENTATION_ITEM('') );
#12063 = CARTESIAN_POINT('',(-3.177178975516,6.26327897552,0.37592));
#12064 = CARTESIAN_POINT('',(-3.213100000002,6.299199999999,0.37592));
#12065 = CARTESIAN_POINT('',(-3.2639,6.2992,0.37592));
#12066 = ORIENTED_EDGE('',*,*,#12067,.T.);
#12067 = EDGE_CURVE('',#12058,#11979,#12068,.T.);
#12068 = B_SPLINE_CURVE_WITH_KNOTS('',1,(#12069,#12070),.UNSPECIFIED.,
  .F.,.F.,(2,2),(-3.175,0.),.PIECEWISE_BEZIER_KNOTS.);
#12069 = CARTESIAN_POINT('',(-3.177178975516,6.26327897552,0.37592));
#12070 = CARTESIAN_POINT('',(-3.177178975516,6.26327897552,-2.79908));
#12071 = ORIENTED_EDGE('',*,*,#11976,.F.);
#12072 = ORIENTED_EDGE('',*,*,#12073,.T.);
#12073 = EDGE_CURVE('',#11977,#12060,#12074,.T.);
#12074 = B_SPLINE_CURVE_WITH_KNOTS('',1,(#12075,#12076),.UNSPECIFIED.,
  .F.,.F.,(2,2),(-3.175,0.),.PIECEWISE_BEZIER_KNOTS.);
#12075 = CARTESIAN_POINT('',(-3.2639,6.2992,-2.79908));
#12076 = CARTESIAN_POINT('',(-3.2639,6.2992,0.37592));
#12077 = CYLINDRICAL_SURFACE('',#12078,0.122642048969);
#12078 = AXIS2_PLACEMENT_3D('',#12079,#12080,#12081);
#12079 = CARTESIAN_POINT('',(-3.2639,6.17655795103,-1.21158));
#12080 = DIRECTION('',(0.,0.,-1.));
#12081 = DIRECTION('',(-1.,0.,-0.));
#12082 = ADVANCED_FACE('',(#12083),#12099,.T.);
#12083 = FACE_BOUND('',#12084,.T.);
#12084 = EDGE_LOOP('',(#12085,#12092,#12093,#12094));
#12085 = ORIENTED_EDGE('',*,*,#12086,.F.);
#12086 = EDGE_CURVE('',#12060,#12087,#12089,.T.);
#12087 = VERTEX_POINT('',#12088);
#12088 = CARTESIAN_POINT('',(-3.4417,6.2992,0.37592));
#12089 = B_SPLINE_CURVE_WITH_KNOTS('',1,(#12090,#12091),.UNSPECIFIED.,
  .F.,.F.,(2,2),(-0.1778,0.),.PIECEWISE_BEZIER_KNOTS.);
#12090 = CARTESIAN_POINT('',(-3.2639,6.2992,0.37592));
#12091 = CARTESIAN_POINT('',(-3.4417,6.2992,0.37592));
#12092 = ORIENTED_EDGE('',*,*,#12073,.F.);
#12093 = ORIENTED_EDGE('',*,*,#12044,.F.);
#12094 = ORIENTED_EDGE('',*,*,#12095,.T.);
#12095 = EDGE_CURVE('',#12037,#12087,#12096,.T.);
#12096 = B_SPLINE_CURVE_WITH_KNOTS('',1,(#12097,#12098),.UNSPECIFIED.,
  .F.,.F.,(2,2),(-3.175,0.),.PIECEWISE_BEZIER_KNOTS.);
#12097 = CARTESIAN_POINT('',(-3.4417,6.2992,-2.79908));
#12098 = CARTESIAN_POINT('',(-3.4417,6.2992,0.37592));
#12099 = PLANE('',#12100);
#12100 = AXIS2_PLACEMENT_3D('',#12101,#12102,#12103);
#12101 = CARTESIAN_POINT('',(-4.089677173822,6.2992,0.723617173822));
#12102 = DIRECTION('',(0.,1.,0.));
#12103 = DIRECTION('',(0.,-0.,1.));
#12104 = ADVANCED_FACE('',(#12105),#12122,.T.);
#12105 = FACE_BOUND('',#12106,.T.);
#12106 = EDGE_LOOP('',(#12107,#12115,#12116,#12117));
#12107 = ORIENTED_EDGE('',*,*,#12108,.F.);
#12108 = EDGE_CURVE('',#12087,#12109,#12111,.T.);
#12109 = VERTEX_POINT('',#12110);
#12110 = CARTESIAN_POINT('',(-3.528421024484,6.26327897552,0.37592));
#12111 = ( BOUNDED_CURVE() B_SPLINE_CURVE(2,(#12112,#12113,#12114),
.UNSPECIFIED.,.F.,.F.) B_SPLINE_CURVE_WITH_KNOTS((3,3),(0.,
9.632284001239E-02),.PIECEWISE_BEZIER_KNOTS.) CURVE() 
GEOMETRIC_REPRESENTATION_ITEM() RATIONAL_B_SPLINE_CURVE((1.,
0.923879532538,1.)) REPRESENTATION_ITEM('') );
#12112 = CARTESIAN_POINT('',(-3.4417,6.2992,0.37592));
#12113 = CARTESIAN_POINT('',(-3.492499999998,6.299199999999,0.37592));
#12114 = CARTESIAN_POINT('',(-3.528421024484,6.26327897552,0.37592));
#12115 = ORIENTED_EDGE('',*,*,#12095,.F.);
#12116 = ORIENTED_EDGE('',*,*,#12036,.F.);
#12117 = ORIENTED_EDGE('',*,*,#12118,.T.);
#12118 = EDGE_CURVE('',#12030,#12109,#12119,.T.);
#12119 = B_SPLINE_CURVE_WITH_KNOTS('',1,(#12120,#12121),.UNSPECIFIED.,
  .F.,.F.,(2,2),(-3.175,0.),.PIECEWISE_BEZIER_KNOTS.);
#12120 = CARTESIAN_POINT('',(-3.528421024484,6.26327897552,-2.79908));
#12121 = CARTESIAN_POINT('',(-3.528421024484,6.26327897552,0.37592));
#12122 = CYLINDRICAL_SURFACE('',#12123,0.122642048969);
#12123 = AXIS2_PLACEMENT_3D('',#12124,#12125,#12126);
#12124 = CARTESIAN_POINT('',(-3.4417,6.17655795103,-1.21158));
#12125 = DIRECTION('',(0.,0.,-1.));
#12126 = DIRECTION('',(-1.,0.,-0.));
#12127 = ADVANCED_FACE('',(#12128),#12144,.T.);
#12128 = FACE_BOUND('',#12129,.T.);
#12129 = EDGE_LOOP('',(#12130,#12137,#12138,#12139));
#12130 = ORIENTED_EDGE('',*,*,#12131,.F.);
#12131 = EDGE_CURVE('',#12109,#12132,#12134,.T.);
#12132 = VERTEX_POINT('',#12133);
#12133 = CARTESIAN_POINT('',(-3.6449,6.1468,0.37592));
#12134 = B_SPLINE_CURVE_WITH_KNOTS('',1,(#12135,#12136),.UNSPECIFIED.,
  .F.,.F.,(2,2),(0.,0.164726146909),.PIECEWISE_BEZIER_KNOTS.);
#12135 = CARTESIAN_POINT('',(-3.528421024484,6.26327897552,0.37592));
#12136 = CARTESIAN_POINT('',(-3.6449,6.1468,0.37592));
#12137 = ORIENTED_EDGE('',*,*,#12118,.F.);
#12138 = ORIENTED_EDGE('',*,*,#12029,.F.);
#12139 = ORIENTED_EDGE('',*,*,#12140,.T.);
#12140 = EDGE_CURVE('',#12023,#12132,#12141,.T.);
#12141 = B_SPLINE_CURVE_WITH_KNOTS('',1,(#12142,#12143),.UNSPECIFIED.,
  .F.,.F.,(2,2),(-3.175,0.),.PIECEWISE_BEZIER_KNOTS.);
#12142 = CARTESIAN_POINT('',(-3.6449,6.1468,-2.79908));
#12143 = CARTESIAN_POINT('',(-3.6449,6.1468,0.37592));
#12144 = PLANE('',#12145);
#12145 = AXIS2_PLACEMENT_3D('',#12146,#12147,#12148);
#12146 = CARTESIAN_POINT('',(-4.111009140086,5.680690859914,
    0.723617173822));
#12147 = DIRECTION('',(-0.707106781187,0.707106781187,0.));
#12148 = DIRECTION('',(0.707106781187,0.707106781187,0.));
#12149 = ADVANCED_FACE('',(#12150),#12166,.T.);
#12150 = FACE_BOUND('',#12151,.T.);
#12151 = EDGE_LOOP('',(#12152,#12159,#12160,#12161));
#12152 = ORIENTED_EDGE('',*,*,#12153,.F.);
#12153 = EDGE_CURVE('',#12132,#12154,#12156,.T.);
#12154 = VERTEX_POINT('',#12155);
#12155 = CARTESIAN_POINT('',(-3.4671,5.969,0.37592));
#12156 = B_SPLINE_CURVE_WITH_KNOTS('',1,(#12157,#12158),.UNSPECIFIED.,
  .F.,.F.,(2,2),(0.,0.25144717139),.PIECEWISE_BEZIER_KNOTS.);
#12157 = CARTESIAN_POINT('',(-3.6449,6.1468,0.37592));
#12158 = CARTESIAN_POINT('',(-3.4671,5.969,0.37592));
#12159 = ORIENTED_EDGE('',*,*,#12140,.F.);
#12160 = ORIENTED_EDGE('',*,*,#12022,.F.);
#12161 = ORIENTED_EDGE('',*,*,#12162,.T.);
#12162 = EDGE_CURVE('',#12016,#12154,#12163,.T.);
#12163 = B_SPLINE_CURVE_WITH_KNOTS('',1,(#12164,#12165),.UNSPECIFIED.,
  .F.,.F.,(2,2),(-3.175,0.),.PIECEWISE_BEZIER_KNOTS.);
#12164 = CARTESIAN_POINT('',(-3.4671,5.969,-2.79908));
#12165 = CARTESIAN_POINT('',(-3.4671,5.969,0.37592));
#12166 = PLANE('',#12167);
#12167 = AXIS2_PLACEMENT_3D('',#12168,#12169,#12170);
#12168 = CARTESIAN_POINT('',(-2.994858757466,5.496758757466,
    0.723617173822));
#12169 = DIRECTION('',(-0.707106781187,-0.707106781186,0.));
#12170 = DIRECTION('',(0.707106781186,-0.707106781187,0.));
#12171 = ADVANCED_FACE('',(#12172),#12188,.T.);
#12172 = FACE_BOUND('',#12173,.T.);
#12173 = EDGE_LOOP('',(#12174,#12181,#12182,#12183));
#12174 = ORIENTED_EDGE('',*,*,#12175,.F.);
#12175 = EDGE_CURVE('',#12154,#12176,#12178,.T.);
#12176 = VERTEX_POINT('',#12177);
#12177 = CARTESIAN_POINT('',(-3.424642048969,6.01145795103,0.37592));
#12178 = B_SPLINE_CURVE_WITH_KNOTS('',1,(#12179,#12180),.UNSPECIFIED.,
  .F.,.F.,(2,2),(0.,6.004461017791E-02),.PIECEWISE_BEZIER_KNOTS.);
#12179 = CARTESIAN_POINT('',(-3.4671,5.969,0.37592));
#12180 = CARTESIAN_POINT('',(-3.424642048969,6.01145795103,0.37592));
#12181 = ORIENTED_EDGE('',*,*,#12162,.F.);
#12182 = ORIENTED_EDGE('',*,*,#12015,.F.);
#12183 = ORIENTED_EDGE('',*,*,#12184,.T.);
#12184 = EDGE_CURVE('',#12008,#12176,#12185,.T.);
#12185 = B_SPLINE_CURVE_WITH_KNOTS('',1,(#12186,#12187),.UNSPECIFIED.,
  .F.,.F.,(2,2),(-3.175,0.),.PIECEWISE_BEZIER_KNOTS.);
#12186 = CARTESIAN_POINT('',(-3.424642048969,6.01145795103,-2.79908));
#12187 = CARTESIAN_POINT('',(-3.424642048969,6.01145795103,0.37592));
#12188 = PLANE('',#12189);
#12189 = AXIS2_PLACEMENT_3D('',#12190,#12191,#12192);
#12190 = CARTESIAN_POINT('',(-2.965935011332,6.470164988667,
    0.723617173822));
#12191 = DIRECTION('',(0.707106781187,-0.707106781186,0.));
#12192 = DIRECTION('',(0.707106781186,0.707106781187,0.));
#12193 = ADVANCED_FACE('',(#12194),#12211,.F.);
#12194 = FACE_BOUND('',#12195,.F.);
#12195 = EDGE_LOOP('',(#12196,#12204,#12209,#12210));
#12196 = ORIENTED_EDGE('',*,*,#12197,.T.);
#12197 = EDGE_CURVE('',#12176,#12198,#12200,.T.);
#12198 = VERTEX_POINT('',#12199);
#12199 = CARTESIAN_POINT('',(-3.280957951031,6.01145795103,0.37592));
#12200 = ( BOUNDED_CURVE() B_SPLINE_CURVE(2,(#12201,#12202,#12203),
.UNSPECIFIED.,.F.,.F.) B_SPLINE_CURVE_WITH_KNOTS((3,3),(0.,
0.159592906802),.PIECEWISE_BEZIER_KNOTS.) CURVE() 
GEOMETRIC_REPRESENTATION_ITEM() RATIONAL_B_SPLINE_CURVE((1.,
0.707106781201,1.)) REPRESENTATION_ITEM('') );
#12201 = CARTESIAN_POINT('',(-3.424642048969,6.01145795103,0.37592));
#12202 = CARTESIAN_POINT('',(-3.3528,6.083299999996,0.37592));
#12203 = CARTESIAN_POINT('',(-3.280957951031,6.01145795103,0.37592));
#12204 = ORIENTED_EDGE('',*,*,#12205,.T.);
#12205 = EDGE_CURVE('',#12198,#12001,#12206,.T.);
#12206 = B_SPLINE_CURVE_WITH_KNOTS('',1,(#12207,#12208),.UNSPECIFIED.,
  .F.,.F.,(2,2),(0.,3.175),.PIECEWISE_BEZIER_KNOTS.);
#12207 = CARTESIAN_POINT('',(-3.280957951031,6.01145795103,0.37592));
#12208 = CARTESIAN_POINT('',(-3.280957951031,6.01145795103,-2.79908));
#12209 = ORIENTED_EDGE('',*,*,#12007,.T.);
#12210 = ORIENTED_EDGE('',*,*,#12184,.T.);
#12211 = CYLINDRICAL_SURFACE('',#12212,0.1016);
#12212 = AXIS2_PLACEMENT_3D('',#12213,#12214,#12215);
#12213 = CARTESIAN_POINT('',(-3.3528,5.93961590206,-1.21158));
#12214 = DIRECTION('',(0.,0.,-1.));
#12215 = DIRECTION('',(-1.,0.,-0.));
#12216 = ADVANCED_FACE('',(#12217),#12233,.T.);
#12217 = FACE_BOUND('',#12218,.T.);
#12218 = EDGE_LOOP('',(#12219,#12226,#12227,#12228));
#12219 = ORIENTED_EDGE('',*,*,#12220,.F.);
#12220 = EDGE_CURVE('',#12198,#12221,#12223,.T.);
#12221 = VERTEX_POINT('',#12222);
#12222 = CARTESIAN_POINT('',(-3.2385,5.969,0.37592));
#12223 = B_SPLINE_CURVE_WITH_KNOTS('',1,(#12224,#12225),.UNSPECIFIED.,
  .F.,.F.,(2,2),(0.,6.004461017791E-02),.PIECEWISE_BEZIER_KNOTS.);
#12224 = CARTESIAN_POINT('',(-3.280957951031,6.01145795103,0.37592));
#12225 = CARTESIAN_POINT('',(-3.2385,5.969,0.37592));
#12226 = ORIENTED_EDGE('',*,*,#12205,.T.);
#12227 = ORIENTED_EDGE('',*,*,#12000,.F.);
#12228 = ORIENTED_EDGE('',*,*,#12229,.T.);
#12229 = EDGE_CURVE('',#11994,#12221,#12230,.T.);
#12230 = B_SPLINE_CURVE_WITH_KNOTS('',1,(#12231,#12232),.UNSPECIFIED.,
  .F.,.F.,(2,2),(-3.175,0.),.PIECEWISE_BEZIER_KNOTS.);
#12231 = CARTESIAN_POINT('',(-3.2385,5.969,-2.79908));
#12232 = CARTESIAN_POINT('',(-3.2385,5.969,0.37592));
#12233 = PLANE('',#12234);
#12234 = AXIS2_PLACEMENT_3D('',#12235,#12236,#12237);
#12235 = CARTESIAN_POINT('',(-2.779792962363,5.510292962363,
    0.723617173822));
#12236 = DIRECTION('',(-0.707106781187,-0.707106781186,0.));
#12237 = DIRECTION('',(0.707106781186,-0.707106781187,0.));
#12238 = ADVANCED_FACE('',(#12239),#12255,.T.);
#12239 = FACE_BOUND('',#12240,.T.);
#12240 = EDGE_LOOP('',(#12241,#12248,#12249,#12250));
#12241 = ORIENTED_EDGE('',*,*,#12242,.F.);
#12242 = EDGE_CURVE('',#12221,#12243,#12245,.T.);
#12243 = VERTEX_POINT('',#12244);
#12244 = CARTESIAN_POINT('',(-3.0607,6.1468,0.37592));
#12245 = B_SPLINE_CURVE_WITH_KNOTS('',1,(#12246,#12247),.UNSPECIFIED.,
  .F.,.F.,(2,2),(0.,0.25144717139),.PIECEWISE_BEZIER_KNOTS.);
#12246 = CARTESIAN_POINT('',(-3.2385,5.969,0.37592));
#12247 = CARTESIAN_POINT('',(-3.0607,6.1468,0.37592));
#12248 = ORIENTED_EDGE('',*,*,#12229,.F.);
#12249 = ORIENTED_EDGE('',*,*,#11993,.F.);
#12250 = ORIENTED_EDGE('',*,*,#12251,.T.);
#12251 = EDGE_CURVE('',#11987,#12243,#12252,.T.);
#12252 = B_SPLINE_CURVE_WITH_KNOTS('',1,(#12253,#12254),.UNSPECIFIED.,
  .F.,.F.,(2,2),(-3.175,0.),.PIECEWISE_BEZIER_KNOTS.);
#12253 = CARTESIAN_POINT('',(-3.0607,6.1468,-2.79908));
#12254 = CARTESIAN_POINT('',(-3.0607,6.1468,0.37592));
#12255 = PLANE('',#12256);
#12256 = AXIS2_PLACEMENT_3D('',#12257,#12258,#12259);
#12257 = CARTESIAN_POINT('',(-2.588458757466,6.619041242534,
    0.723617173822));
#12258 = DIRECTION('',(0.707106781187,-0.707106781186,0.));
#12259 = DIRECTION('',(0.707106781186,0.707106781187,0.));
#12260 = ADVANCED_FACE('',(#12261),#12271,.T.);
#12261 = FACE_BOUND('',#12262,.T.);
#12262 = EDGE_LOOP('',(#12263,#12268,#12269,#12270));
#12263 = ORIENTED_EDGE('',*,*,#12264,.F.);
#12264 = EDGE_CURVE('',#12243,#12058,#12265,.T.);
#12265 = B_SPLINE_CURVE_WITH_KNOTS('',1,(#12266,#12267),.UNSPECIFIED.,
  .F.,.F.,(2,2),(0.,0.164726146909),.PIECEWISE_BEZIER_KNOTS.);
#12266 = CARTESIAN_POINT('',(-3.0607,6.1468,0.37592));
#12267 = CARTESIAN_POINT('',(-3.177178975516,6.26327897552,0.37592));
#12268 = ORIENTED_EDGE('',*,*,#12251,.F.);
#12269 = ORIENTED_EDGE('',*,*,#11986,.F.);
#12270 = ORIENTED_EDGE('',*,*,#12067,.F.);
#12271 = PLANE('',#12272);
#12272 = AXIS2_PLACEMENT_3D('',#12273,#12274,#12275);
#12273 = CARTESIAN_POINT('',(-3.643288115602,6.729388115606,
    0.723617173822));
#12274 = DIRECTION('',(0.707106781186,0.707106781187,0.));
#12275 = DIRECTION('',(0.707106781187,-0.707106781186,0.));
#12276 = ( GEOMETRIC_REPRESENTATION_CONTEXT(3) 
GLOBAL_UNCERTAINTY_ASSIGNED_CONTEXT((#12280)) 
GLOBAL_UNIT_ASSIGNED_CONTEXT((#12277,#12278,#12279)) 
REPRESENTATION_CONTEXT('Context #1',
  '3D Context with UNIT and UNCERTAINTY') );
#12277 = ( LENGTH_UNIT() NAMED_UNIT(*) SI_UNIT(.MILLI.,.METRE.) );
#12278 = ( NAMED_UNIT(*) PLANE_ANGLE_UNIT() SI_UNIT($,.RADIAN.) );
#12279 = ( NAMED_UNIT(*) SI_UNIT($,.STERADIAN.) SOLID_ANGLE_UNIT() );
#12280 = UNCERTAINTY_MEASURE_WITH_UNIT(LENGTH_MEASURE(1.E-04),#12277,
  'distance_accuracy_value','confusion accuracy');
#12281 = CONTEXT_DEPENDENT_SHAPE_REPRESENTATION(#12282,#12284);
#12282 = ( REPRESENTATION_RELATIONSHIP('','',#11969,#10) 
REPRESENTATION_RELATIONSHIP_WITH_TRANSFORMATION(#12283) 
SHAPE_REPRESENTATION_RELATIONSHIP() );
#12283 = ITEM_DEFINED_TRANSFORMATION('','',#11,#79);
#12284 = PRODUCT_DEFINITION_SHAPE('Placement','Placement of an item',
  #12285);
#12285 = NEXT_ASSEMBLY_USAGE_OCCURRENCE('178','Document016','',#5,#11964
  ,$);
#12286 = PRODUCT_RELATED_PRODUCT_CATEGORY('part',$,(#11966));
#12287 = MECHANICAL_DESIGN_GEOMETRIC_PRESENTATION_REPRESENTATION('',(
    #12288),#2511);
#12288 = STYLED_ITEM('color',(#12289),#2481);
#12289 = PRESENTATION_STYLE_ASSIGNMENT((#12290,#12296));
#12290 = SURFACE_STYLE_USAGE(.BOTH.,#12291);
#12291 = SURFACE_SIDE_STYLE('',(#12292));
#12292 = SURFACE_STYLE_FILL_AREA(#12293);
#12293 = FILL_AREA_STYLE('',(#12294));
#12294 = FILL_AREA_STYLE_COLOUR('',#12295);
#12295 = COLOUR_RGB('',0.901960800373,0.901960800373,0.901960800373);
#12296 = CURVE_STYLE('',#12297,POSITIVE_LENGTH_MEASURE(0.1),#12298);
#12297 = DRAUGHTING_PRE_DEFINED_CURVE_FONT('continuous');
#12298 = COLOUR_RGB('',9.803921802644E-02,9.803921802644E-02,
  9.803921802644E-02);
#12299 = MECHANICAL_DESIGN_GEOMETRIC_PRESENTATION_REPRESENTATION('',(
    #12300),#2209);
#12300 = STYLED_ITEM('color',(#12301),#2171);
#12301 = PRESENTATION_STYLE_ASSIGNMENT((#12302,#12308));
#12302 = SURFACE_STYLE_USAGE(.BOTH.,#12303);
#12303 = SURFACE_SIDE_STYLE('',(#12304));
#12304 = SURFACE_STYLE_FILL_AREA(#12305);
#12305 = FILL_AREA_STYLE('',(#12306));
#12306 = FILL_AREA_STYLE_COLOUR('',#12307);
#12307 = COLOUR_RGB('',0.199999998682,0.149019617616,0.149019617616);
#12308 = CURVE_STYLE('',#12309,POSITIVE_LENGTH_MEASURE(0.1),#12298);
#12309 = DRAUGHTING_PRE_DEFINED_CURVE_FONT('continuous');
#12310 = MECHANICAL_DESIGN_GEOMETRIC_PRESENTATION_REPRESENTATION('',(
    #12311),#10651);
#12311 = STYLED_ITEM('color',(#12312),#10345);
#12312 = PRESENTATION_STYLE_ASSIGNMENT((#12313,#12318));
#12313 = SURFACE_STYLE_USAGE(.BOTH.,#12314);
#12314 = SURFACE_SIDE_STYLE('',(#12315));
#12315 = SURFACE_STYLE_FILL_AREA(#12316);
#12316 = FILL_AREA_STYLE('',(#12317));
#12317 = FILL_AREA_STYLE_COLOUR('',#12295);
#12318 = CURVE_STYLE('',#12319,POSITIVE_LENGTH_MEASURE(0.1),#12298);
#12319 = DRAUGHTING_PRE_DEFINED_CURVE_FONT('continuous');
#12320 = MECHANICAL_DESIGN_GEOMETRIC_PRESENTATION_REPRESENTATION('',(
    #12321),#10976);
#12321 = STYLED_ITEM('color',(#12322),#10670);
#12322 = PRESENTATION_STYLE_ASSIGNMENT((#12323,#12328));
#12323 = SURFACE_STYLE_USAGE(.BOTH.,#12324);
#12324 = SURFACE_SIDE_STYLE('',(#12325));
#12325 = SURFACE_STYLE_FILL_AREA(#12326);
#12326 = FILL_AREA_STYLE('',(#12327));
#12327 = FILL_AREA_STYLE_COLOUR('',#12295);
#12328 = CURVE_STYLE('',#12329,POSITIVE_LENGTH_MEASURE(0.1),#12298);
#12329 = DRAUGHTING_PRE_DEFINED_CURVE_FONT('continuous');
#12330 = MECHANICAL_DESIGN_GEOMETRIC_PRESENTATION_REPRESENTATION('',(
    #12331),#2462);
#12331 = STYLED_ITEM('color',(#12332),#2432);
#12332 = PRESENTATION_STYLE_ASSIGNMENT((#12333,#12338));
#12333 = SURFACE_STYLE_USAGE(.BOTH.,#12334);
#12334 = SURFACE_SIDE_STYLE('',(#12335));
#12335 = SURFACE_STYLE_FILL_AREA(#12336);
#12336 = FILL_AREA_STYLE('',(#12337));
#12337 = FILL_AREA_STYLE_COLOUR('',#12295);
#12338 = CURVE_STYLE('',#12339,POSITIVE_LENGTH_MEASURE(0.1),#12298);
#12339 = DRAUGHTING_PRE_DEFINED_CURVE_FONT('continuous');
#12340 = MECHANICAL_DESIGN_GEOMETRIC_PRESENTATION_REPRESENTATION('',(
    #12341),#2364);
#12341 = STYLED_ITEM('color',(#12342),#2334);
#12342 = PRESENTATION_STYLE_ASSIGNMENT((#12343,#12348));
#12343 = SURFACE_STYLE_USAGE(.BOTH.,#12344);
#12344 = SURFACE_SIDE_STYLE('',(#12345));
#12345 = SURFACE_STYLE_FILL_AREA(#12346);
#12346 = FILL_AREA_STYLE('',(#12347));
#12347 = FILL_AREA_STYLE_COLOUR('',#12295);
#12348 = CURVE_STYLE('',#12349,POSITIVE_LENGTH_MEASURE(0.1),#12298);
#12349 = DRAUGHTING_PRE_DEFINED_CURVE_FONT('continuous');
#12350 = MECHANICAL_DESIGN_GEOMETRIC_PRESENTATION_REPRESENTATION('',(
    #12351),#11626);
#12351 = STYLED_ITEM('color',(#12352),#11320);
#12352 = PRESENTATION_STYLE_ASSIGNMENT((#12353,#12358));
#12353 = SURFACE_STYLE_USAGE(.BOTH.,#12354);
#12354 = SURFACE_SIDE_STYLE('',(#12355));
#12355 = SURFACE_STYLE_FILL_AREA(#12356);
#12356 = FILL_AREA_STYLE('',(#12357));
#12357 = FILL_AREA_STYLE_COLOUR('',#12295);
#12358 = CURVE_STYLE('',#12359,POSITIVE_LENGTH_MEASURE(0.1),#12298);
#12359 = DRAUGHTING_PRE_DEFINED_CURVE_FONT('continuous');
#12360 = MECHANICAL_DESIGN_GEOMETRIC_PRESENTATION_REPRESENTATION('',(
    #12361),#2315);
#12361 = STYLED_ITEM('color',(#12362),#2285);
#12362 = PRESENTATION_STYLE_ASSIGNMENT((#12363,#12368));
#12363 = SURFACE_STYLE_USAGE(.BOTH.,#12364);
#12364 = SURFACE_SIDE_STYLE('',(#12365));
#12365 = SURFACE_STYLE_FILL_AREA(#12366);
#12366 = FILL_AREA_STYLE('',(#12367));
#12367 = FILL_AREA_STYLE_COLOUR('',#12295);
#12368 = CURVE_STYLE('',#12369,POSITIVE_LENGTH_MEASURE(0.1),#12298);
#12369 = DRAUGHTING_PRE_DEFINED_CURVE_FONT('continuous');
#12370 = MECHANICAL_DESIGN_GEOMETRIC_PRESENTATION_REPRESENTATION('',(
    #12371),#2560);
#12371 = STYLED_ITEM('color',(#12372),#2530);
#12372 = PRESENTATION_STYLE_ASSIGNMENT((#12373,#12378));
#12373 = SURFACE_STYLE_USAGE(.BOTH.,#12374);
#12374 = SURFACE_SIDE_STYLE('',(#12375));
#12375 = SURFACE_STYLE_FILL_AREA(#12376);
#12376 = FILL_AREA_STYLE('',(#12377));
#12377 = FILL_AREA_STYLE_COLOUR('',#12295);
#12378 = CURVE_STYLE('',#12379,POSITIVE_LENGTH_MEASURE(0.1),#12298);
#12379 = DRAUGHTING_PRE_DEFINED_CURVE_FONT('continuous');
#12380 = MECHANICAL_DESIGN_GEOMETRIC_PRESENTATION_REPRESENTATION('',(
    #12381),#2266);
#12381 = STYLED_ITEM('color',(#12382),#2228);
#12382 = PRESENTATION_STYLE_ASSIGNMENT((#12383,#12388));
#12383 = SURFACE_STYLE_USAGE(.BOTH.,#12384);
#12384 = SURFACE_SIDE_STYLE('',(#12385));
#12385 = SURFACE_STYLE_FILL_AREA(#12386);
#12386 = FILL_AREA_STYLE('',(#12387));
#12387 = FILL_AREA_STYLE_COLOUR('',#12307);
#12388 = CURVE_STYLE('',#12389,POSITIVE_LENGTH_MEASURE(0.1),#12298);
#12389 = DRAUGHTING_PRE_DEFINED_CURVE_FONT('continuous');
#12390 = MECHANICAL_DESIGN_GEOMETRIC_PRESENTATION_REPRESENTATION('',(
    #12391),#11301);
#12391 = STYLED_ITEM('color',(#12392),#10995);
#12392 = PRESENTATION_STYLE_ASSIGNMENT((#12393,#12398));
#12393 = SURFACE_STYLE_USAGE(.BOTH.,#12394);
#12394 = SURFACE_SIDE_STYLE('',(#12395));
#12395 = SURFACE_STYLE_FILL_AREA(#12396);
#12396 = FILL_AREA_STYLE('',(#12397));
#12397 = FILL_AREA_STYLE_COLOUR('',#12295);
#12398 = CURVE_STYLE('',#12399,POSITIVE_LENGTH_MEASURE(0.1),#12298);
#12399 = DRAUGHTING_PRE_DEFINED_CURVE_FONT('continuous');
#12400 = MECHANICAL_DESIGN_GEOMETRIC_PRESENTATION_REPRESENTATION('',(
    #12401),#2152);
#12401 = STYLED_ITEM('color',(#12402),#2006);
#12402 = PRESENTATION_STYLE_ASSIGNMENT((#12403,#12408));
#12403 = SURFACE_STYLE_USAGE(.BOTH.,#12404);
#12404 = SURFACE_SIDE_STYLE('',(#12405));
#12405 = SURFACE_STYLE_FILL_AREA(#12406);
#12406 = FILL_AREA_STYLE('',(#12407));
#12407 = FILL_AREA_STYLE_COLOUR('',#12307);
#12408 = CURVE_STYLE('',#12409,POSITIVE_LENGTH_MEASURE(0.1),#12298);
#12409 = DRAUGHTING_PRE_DEFINED_CURVE_FONT('continuous');
#12410 = MECHANICAL_DESIGN_GEOMETRIC_PRESENTATION_REPRESENTATION('',(
    #12411),#10326);
#12411 = STYLED_ITEM('color',(#12412),#2579);
#12412 = PRESENTATION_STYLE_ASSIGNMENT((#12413,#12419));
#12413 = SURFACE_STYLE_USAGE(.BOTH.,#12414);
#12414 = SURFACE_SIDE_STYLE('',(#12415));
#12415 = SURFACE_STYLE_FILL_AREA(#12416);
#12416 = FILL_AREA_STYLE('',(#12417));
#12417 = FILL_AREA_STYLE_COLOUR('',#12418);
#12418 = COLOUR_RGB('',0.678430976034,0.709803998361,0.741176010593);
#12419 = CURVE_STYLE('',#12420,POSITIVE_LENGTH_MEASURE(0.1),#12298);
#12420 = DRAUGHTING_PRE_DEFINED_CURVE_FONT('continuous');
#12421 = MECHANICAL_DESIGN_GEOMETRIC_PRESENTATION_REPRESENTATION('',(
    #12422),#1987);
#12422 = STYLED_ITEM('color',(#12423),#97);
#12423 = PRESENTATION_STYLE_ASSIGNMENT((#12424,#12430));
#12424 = SURFACE_STYLE_USAGE(.BOTH.,#12425);
#12425 = SURFACE_SIDE_STYLE('',(#12426));
#12426 = SURFACE_STYLE_FILL_AREA(#12427);
#12427 = FILL_AREA_STYLE('',(#12428));
#12428 = FILL_AREA_STYLE_COLOUR('',#12429);
#12429 = COLOUR_RGB('',0.588235317929,0.572549045538,1.);
#12430 = CURVE_STYLE('',#12431,POSITIVE_LENGTH_MEASURE(0.1),#12298);
#12431 = DRAUGHTING_PRE_DEFINED_CURVE_FONT('continuous');
#12432 = MECHANICAL_DESIGN_GEOMETRIC_PRESENTATION_REPRESENTATION('',(
    #12433),#2413);
#12433 = STYLED_ITEM('color',(#12434),#2383);
#12434 = PRESENTATION_STYLE_ASSIGNMENT((#12435,#12440));
#12435 = SURFACE_STYLE_USAGE(.BOTH.,#12436);
#12436 = SURFACE_SIDE_STYLE('',(#12437));
#12437 = SURFACE_STYLE_FILL_AREA(#12438);
#12438 = FILL_AREA_STYLE('',(#12439));
#12439 = FILL_AREA_STYLE_COLOUR('',#12295);
#12440 = CURVE_STYLE('',#12441,POSITIVE_LENGTH_MEASURE(0.1),#12298);
#12441 = DRAUGHTING_PRE_DEFINED_CURVE_FONT('continuous');
#12442 = MECHANICAL_DESIGN_GEOMETRIC_PRESENTATION_REPRESENTATION('',(
    #12443),#12276);
#12443 = STYLED_ITEM('color',(#12444),#11970);
#12444 = PRESENTATION_STYLE_ASSIGNMENT((#12445,#12450));
#12445 = SURFACE_STYLE_USAGE(.BOTH.,#12446);
#12446 = SURFACE_SIDE_STYLE('',(#12447));
#12447 = SURFACE_STYLE_FILL_AREA(#12448);
#12448 = FILL_AREA_STYLE('',(#12449));
#12449 = FILL_AREA_STYLE_COLOUR('',#12295);
#12450 = CURVE_STYLE('',#12451,POSITIVE_LENGTH_MEASURE(0.1),#12298);
#12451 = DRAUGHTING_PRE_DEFINED_CURVE_FONT('continuous');
#12452 = MECHANICAL_DESIGN_GEOMETRIC_PRESENTATION_REPRESENTATION('',(
    #12453),#11951);
#12453 = STYLED_ITEM('color',(#12454),#11645);
#12454 = PRESENTATION_STYLE_ASSIGNMENT((#12455,#12460));
#12455 = SURFACE_STYLE_USAGE(.BOTH.,#12456);
#12456 = SURFACE_SIDE_STYLE('',(#12457));
#12457 = SURFACE_STYLE_FILL_AREA(#12458);
#12458 = FILL_AREA_STYLE('',(#12459));
#12459 = FILL_AREA_STYLE_COLOUR('',#12295);
#12460 = CURVE_STYLE('',#12461,POSITIVE_LENGTH_MEASURE(0.1),#12298);
#12461 = DRAUGHTING_PRE_DEFINED_CURVE_FONT('continuous');
ENDSEC;
END-ISO-10303-21;
