ISO-10303-21;

HEADER;
FILE_DESCRIPTION((' '),'2;1');
FILE_NAME( 'AR28-HZL-TT.stp',
           '2022-09-01T08:51:30',
           (' '),
           ('--- Datakit www.datakit.com---'),
           ' Datakit CrossCadWare V2022.3  Jun 15 2022',
           'DATAKIT 2022 (c)',
           ' ');
FILE_SCHEMA(('AP242_MANAGED_MODEL_BASED_3D_ENGINEERING_MIM_LF { 1 0 10303 442 1 1 4 }'));
ENDSEC;

DATA;
#1=APPLICATION_CONTEXT('Managed model based 3d engineering');
#2=APPLICATION_PROTOCOL_DEFINITION('international standard','ap242_managed_model_based_3d_engineering',2013,#1);
#3=(LENGTH_UNIT()NAMED_UNIT(*)SI_UNIT(.MILLI.,.METRE.));
#4=(NAMED_UNIT(*)PLANE_ANGLE_UNIT()SI_UNIT($,.RADIAN.));
#5=( GEOMETRIC_REPRESENTATION_CONTEXT(3)
       GLOBAL_UNCERTAINTY_ASSIGNED_CONTEXT((#6)) GLOBAL_UNIT_ASSIGNED_CONTEXT
  ((#3,#4)) REPRESENTATION_CONTEXT('Context #1',
  '3D Context with UNIT and UNCERTAINTY') );
#6=UNCERTAINTY_MEASURE_WITH_UNIT(LENGTH_MEASURE(0.005),#3,'distance_accuracy_value','Confusion accuracy');
#7=PRODUCT_CONTEXT('',#1,'mechanical');
#8=PRODUCT('AR28-HZL-TT','','',(#7));
#9=PRODUCT_DEFINITION_FORMATION('','',#8);
#10=PRODUCT_DEFINITION_CONTEXT('part definition',#1,'design');
#11=PRODUCT_DEFINITION('design','',#9,#10);
#12=PRODUCT_DEFINITION_SHAPE('','',#11);
#13=PRODUCT_CATEGORY('part',$);
#14=PRODUCT_RELATED_PRODUCT_CATEGORY('part',$,(#8));
#15=PRODUCT_CATEGORY_RELATIONSHIP('','',#13,#14);
#16=CARTESIAN_POINT('',(-7.62,14.655,0.0));
#17=VERTEX_POINT('',#16);
#18=CARTESIAN_POINT('',(-7.62,13.97,0.0));
#19=DIRECTION('',(-0.0,0.0,-1.0));
#20=DIRECTION('',(-0.0,1.0,0.0));
#21=AXIS2_PLACEMENT_3D('',#18,#19,#20);
#22=CIRCLE('',#21,0.685);
#23=EDGE_CURVE('n° 3393',#17,#17,#22,.T.);
#24=ORIENTED_EDGE('',*,*,#23,.F.);
#25=EDGE_LOOP('',(#24));
#26=FACE_OUTER_BOUND('',#25,.T.);
#27=CARTESIAN_POINT('',(-7.62,9.575,0.0));
#28=VERTEX_POINT('',#27);
#29=CARTESIAN_POINT('',(-7.62,8.89,0.0));
#30=DIRECTION('',(-0.0,0.0,-1.0));
#31=DIRECTION('',(-0.0,1.0,0.0));
#32=AXIS2_PLACEMENT_3D('',#29,#30,#31);
#33=CIRCLE('',#32,0.685);
#34=EDGE_CURVE('n° 3181',#28,#28,#33,.T.);
#35=ORIENTED_EDGE('',*,*,#34,.F.);
#36=EDGE_LOOP('',(#35));
#37=FACE_BOUND('',#36,.T.);
#38=CARTESIAN_POINT('',(-7.62,4.495,0.0));
#39=VERTEX_POINT('',#38);
#40=CARTESIAN_POINT('',(-7.62,3.81,0.0));
#41=DIRECTION('',(-0.0,0.0,-1.0));
#42=DIRECTION('',(-0.0,1.0,0.0));
#43=AXIS2_PLACEMENT_3D('',#40,#41,#42);
#44=CIRCLE('',#43,0.685);
#45=EDGE_CURVE('n° 2969',#39,#39,#44,.T.);
#46=ORIENTED_EDGE('',*,*,#45,.F.);
#47=EDGE_LOOP('',(#46));
#48=FACE_BOUND('',#47,.T.);
#49=CARTESIAN_POINT('',(-7.62,-0.585,-0.0));
#50=VERTEX_POINT('',#49);
#51=CARTESIAN_POINT('',(-7.62,-1.27,-0.0));
#52=DIRECTION('',(-0.0,0.0,-1.0));
#53=DIRECTION('',(-0.0,1.0,0.0));
#54=AXIS2_PLACEMENT_3D('',#51,#52,#53);
#55=CIRCLE('',#54,0.685);
#56=EDGE_CURVE('n° 2757',#50,#50,#55,.T.);
#57=ORIENTED_EDGE('',*,*,#56,.F.);
#58=EDGE_LOOP('',(#57));
#59=FACE_BOUND('',#58,.T.);
#60=CARTESIAN_POINT('',(-7.62,-5.665,-0.0));
#61=VERTEX_POINT('',#60);
#62=CARTESIAN_POINT('',(-7.62,-6.35,-0.0));
#63=DIRECTION('',(-0.0,0.0,-1.0));
#64=DIRECTION('',(-0.0,1.0,0.0));
#65=AXIS2_PLACEMENT_3D('',#62,#63,#64);
#66=CIRCLE('',#65,0.685);
#67=EDGE_CURVE('n° 2545',#61,#61,#66,.T.);
#68=ORIENTED_EDGE('',*,*,#67,.F.);
#69=EDGE_LOOP('',(#68));
#70=FACE_BOUND('',#69,.T.);
#71=CARTESIAN_POINT('',(-7.62,-10.745,-0.0));
#72=VERTEX_POINT('',#71);
#73=CARTESIAN_POINT('',(-7.62,-11.43,-0.0));
#74=DIRECTION('',(-0.0,0.0,-1.0));
#75=DIRECTION('',(-0.0,1.0,0.0));
#76=AXIS2_PLACEMENT_3D('',#73,#74,#75);
#77=CIRCLE('',#76,0.685);
#78=EDGE_CURVE('n° 2333',#72,#72,#77,.T.);
#79=ORIENTED_EDGE('',*,*,#78,.F.);
#80=EDGE_LOOP('',(#79));
#81=FACE_BOUND('',#80,.T.);
#82=CARTESIAN_POINT('',(-7.62,-15.825,-0.0));
#83=VERTEX_POINT('',#82);
#84=CARTESIAN_POINT('',(-7.62,-16.51,-0.0));
#85=DIRECTION('',(-0.0,0.0,-1.0));
#86=DIRECTION('',(-0.0,1.0,0.0));
#87=AXIS2_PLACEMENT_3D('',#84,#85,#86);
#88=CIRCLE('',#87,0.685);
#89=EDGE_CURVE('n° 2121',#83,#83,#88,.T.);
#90=ORIENTED_EDGE('',*,*,#89,.F.);
#91=EDGE_LOOP('',(#90));
#92=FACE_BOUND('',#91,.T.);
#93=CARTESIAN_POINT('',(7.62,14.655,0.0));
#94=VERTEX_POINT('',#93);
#95=CARTESIAN_POINT('',(7.62,13.97,0.0));
#96=DIRECTION('',(-0.0,0.0,-1.0));
#97=DIRECTION('',(-0.0,1.0,0.0));
#98=AXIS2_PLACEMENT_3D('',#95,#96,#97);
#99=CIRCLE('',#98,0.685);
#100=EDGE_CURVE('n° 1903',#94,#94,#99,.T.);
#101=ORIENTED_EDGE('',*,*,#100,.F.);
#102=EDGE_LOOP('',(#101));
#103=FACE_BOUND('',#102,.T.);
#104=CARTESIAN_POINT('',(7.62,9.575,0.0));
#105=VERTEX_POINT('',#104);
#106=CARTESIAN_POINT('',(7.62,8.89,0.0));
#107=DIRECTION('',(-0.0,0.0,-1.0));
#108=DIRECTION('',(-0.0,1.0,0.0));
#109=AXIS2_PLACEMENT_3D('',#106,#107,#108);
#110=CIRCLE('',#109,0.685);
#111=EDGE_CURVE('n° 1691',#105,#105,#110,.T.);
#112=ORIENTED_EDGE('',*,*,#111,.F.);
#113=EDGE_LOOP('',(#112));
#114=FACE_BOUND('',#113,.T.);
#115=CARTESIAN_POINT('',(7.62,4.495,0.0));
#116=VERTEX_POINT('',#115);
#117=CARTESIAN_POINT('',(7.62,3.81,0.0));
#118=DIRECTION('',(-0.0,0.0,-1.0));
#119=DIRECTION('',(-0.0,1.0,0.0));
#120=AXIS2_PLACEMENT_3D('',#117,#118,#119);
#121=CIRCLE('',#120,0.685);
#122=EDGE_CURVE('n° 1479',#116,#116,#121,.T.);
#123=ORIENTED_EDGE('',*,*,#122,.F.);
#124=EDGE_LOOP('',(#123));
#125=FACE_BOUND('',#124,.T.);
#126=CARTESIAN_POINT('',(7.62,-0.585,-0.0));
#127=VERTEX_POINT('',#126);
#128=CARTESIAN_POINT('',(7.62,-1.27,-0.0));
#129=DIRECTION('',(-0.0,0.0,-1.0));
#130=DIRECTION('',(-0.0,1.0,0.0));
#131=AXIS2_PLACEMENT_3D('',#128,#129,#130);
#132=CIRCLE('',#131,0.685);
#133=EDGE_CURVE('n° 1267',#127,#127,#132,.T.);
#134=ORIENTED_EDGE('',*,*,#133,.F.);
#135=EDGE_LOOP('',(#134));
#136=FACE_BOUND('',#135,.T.);
#137=CARTESIAN_POINT('',(7.62,-5.665,-0.0));
#138=VERTEX_POINT('',#137);
#139=CARTESIAN_POINT('',(7.62,-6.35,-0.0));
#140=DIRECTION('',(-0.0,0.0,-1.0));
#141=DIRECTION('',(-0.0,1.0,0.0));
#142=AXIS2_PLACEMENT_3D('',#139,#140,#141);
#143=CIRCLE('',#142,0.685);
#144=EDGE_CURVE('n° 1055',#138,#138,#143,.T.);
#145=ORIENTED_EDGE('',*,*,#144,.F.);
#146=EDGE_LOOP('',(#145));
#147=FACE_BOUND('',#146,.T.);
#148=CARTESIAN_POINT('',(7.62,-10.745,-0.0));
#149=VERTEX_POINT('',#148);
#150=CARTESIAN_POINT('',(7.62,-11.43,-0.0));
#151=DIRECTION('',(-0.0,0.0,-1.0));
#152=DIRECTION('',(-0.0,1.0,0.0));
#153=AXIS2_PLACEMENT_3D('',#150,#151,#152);
#154=CIRCLE('',#153,0.685);
#155=EDGE_CURVE('n° 843',#149,#149,#154,.T.);
#156=ORIENTED_EDGE('',*,*,#155,.F.);
#157=EDGE_LOOP('',(#156));
#158=FACE_BOUND('',#157,.T.);
#159=CARTESIAN_POINT('',(7.62,-15.825,-0.0));
#160=VERTEX_POINT('',#159);
#161=CARTESIAN_POINT('',(7.62,-16.51,-0.0));
#162=DIRECTION('',(-0.0,0.0,-1.0));
#163=DIRECTION('',(-0.0,1.0,0.0));
#164=AXIS2_PLACEMENT_3D('',#161,#162,#163);
#165=CIRCLE('',#164,0.685);
#166=EDGE_CURVE('n° 631',#160,#160,#165,.T.);
#167=ORIENTED_EDGE('',*,*,#166,.F.);
#168=EDGE_LOOP('',(#167));
#169=FACE_BOUND('',#168,.T.);
#170=CARTESIAN_POINT('',(6.35,1.5,0.0));
#171=VERTEX_POINT('',#170);
#172=CARTESIAN_POINT('',(6.35,14.78,0.0));
#173=VERTEX_POINT('',#172);
#174=CARTESIAN_POINT('',(6.35,17.78,0.0));
#175=DIRECTION('',(-0.0,1.0,0.0));
#176=VECTOR('',#175,1.0);
#177=LINE('',#174,#176);
#178=EDGE_CURVE('n° 339',#171,#173,#177,.T.);
#179=ORIENTED_EDGE('',*,*,#178,.T.);
#180=CARTESIAN_POINT('',(-6.35,14.78,0.0));
#181=VERTEX_POINT('',#180);
#182=CARTESIAN_POINT('',(8.89,14.78,0.0));
#183=DIRECTION('',(-1.0,-0.0,-0.0));
#184=VECTOR('',#183,1.0);
#185=LINE('',#182,#184);
#186=EDGE_CURVE('n° 342',#173,#181,#185,.T.);
#187=ORIENTED_EDGE('',*,*,#186,.T.);
#188=CARTESIAN_POINT('',(-6.35,1.5,0.0));
#189=VERTEX_POINT('',#188);
#190=CARTESIAN_POINT('',(-6.35,17.78,0.0));
#191=DIRECTION('',(0.0,-1.0,-0.0));
#192=VECTOR('',#191,1.0);
#193=LINE('',#190,#192);
#194=EDGE_CURVE('n° 331',#181,#189,#193,.T.);
#195=ORIENTED_EDGE('',*,*,#194,.T.);
#196=CARTESIAN_POINT('',(8.89,1.5,0.0));
#197=DIRECTION('',(1.0,0.0,-0.0));
#198=VECTOR('',#197,1.0);
#199=LINE('',#196,#198);
#200=EDGE_CURVE('n° 335',#189,#171,#199,.T.);
#201=ORIENTED_EDGE('',*,*,#200,.T.);
#202=EDGE_LOOP('',(#179,#187,#195,#201));
#203=FACE_BOUND('',#202,.T.);
#204=CARTESIAN_POINT('',(6.35,-14.78,-0.0));
#205=VERTEX_POINT('',#204);
#206=CARTESIAN_POINT('',(6.35,-1.5,-0.0));
#207=VERTEX_POINT('',#206);
#208=CARTESIAN_POINT('',(6.35,17.78,0.0));
#209=DIRECTION('',(-0.0,1.0,0.0));
#210=VECTOR('',#209,1.0);
#211=LINE('',#208,#210);
#212=EDGE_CURVE('n° 132',#205,#207,#211,.T.);
#213=ORIENTED_EDGE('',*,*,#212,.T.);
#214=CARTESIAN_POINT('',(-6.35,-1.5,-0.0));
#215=VERTEX_POINT('',#214);
#216=CARTESIAN_POINT('',(8.89,-1.5,-0.0));
#217=DIRECTION('',(-1.0,-0.0,-0.0));
#218=VECTOR('',#217,1.0);
#219=LINE('',#216,#218);
#220=EDGE_CURVE('n° 135',#207,#215,#219,.T.);
#221=ORIENTED_EDGE('',*,*,#220,.T.);
#222=CARTESIAN_POINT('',(-6.35,-14.78,-0.0));
#223=VERTEX_POINT('',#222);
#224=CARTESIAN_POINT('',(-6.35,17.78,0.0));
#225=DIRECTION('',(0.0,-1.0,-0.0));
#226=VECTOR('',#225,1.0);
#227=LINE('',#224,#226);
#228=EDGE_CURVE('n° 124',#215,#223,#227,.T.);
#229=ORIENTED_EDGE('',*,*,#228,.T.);
#230=CARTESIAN_POINT('',(8.89,-14.78,-0.0));
#231=DIRECTION('',(1.0,0.0,-0.0));
#232=VECTOR('',#231,1.0);
#233=LINE('',#230,#232);
#234=EDGE_CURVE('n° 128',#223,#205,#233,.T.);
#235=ORIENTED_EDGE('',*,*,#234,.T.);
#236=EDGE_LOOP('',(#213,#221,#229,#235));
#237=FACE_BOUND('',#236,.T.);
#238=CARTESIAN_POINT('',(-1.2489995997,17.78,0.0));
#239=VERTEX_POINT('',#238);
#240=CARTESIAN_POINT('',(-8.89,17.78,0.0));
#241=VERTEX_POINT('',#240);
#242=CARTESIAN_POINT('',(8.89,17.78,0.0));
#243=DIRECTION('',(-1.0,-0.0,0.0));
#244=VECTOR('',#243,1.0);
#245=LINE('',#242,#244);
#246=EDGE_CURVE('n° 544',#239,#241,#245,.T.);
#247=ORIENTED_EDGE('',*,*,#246,.F.);
#248=CARTESIAN_POINT('',(1.2489995997,17.78,0.0));
#249=VERTEX_POINT('',#248);
#250=CARTESIAN_POINT('',(-0.0,18.06,0.0));
#251=DIRECTION('',(0.0,-0.0,1.0));
#252=DIRECTION('',(-0.0,1.0,0.0));
#253=AXIS2_PLACEMENT_3D('',#250,#251,#252);
#254=CIRCLE('',#253,1.28);
#255=EDGE_CURVE('n° 565',#239,#249,#254,.T.);
#256=ORIENTED_EDGE('',*,*,#255,.T.);
#257=CARTESIAN_POINT('',(8.89,17.78,0.0));
#258=VERTEX_POINT('',#257);
#259=CARTESIAN_POINT('',(8.89,17.78,0.0));
#260=DIRECTION('',(-1.0,-0.0,0.0));
#261=VECTOR('',#260,1.0);
#262=LINE('',#259,#261);
#263=EDGE_CURVE('n° 10',#258,#249,#262,.T.);
#264=ORIENTED_EDGE('',*,*,#263,.F.);
#265=CARTESIAN_POINT('',(8.89,-17.78,-0.0));
#266=VERTEX_POINT('',#265);
#267=CARTESIAN_POINT('',(8.89,17.78,0.0));
#268=DIRECTION('',(0.0,-1.0,-0.0));
#269=VECTOR('',#268,1.0);
#270=LINE('',#267,#269);
#271=EDGE_CURVE('n° 83',#258,#266,#270,.T.);
#272=ORIENTED_EDGE('',*,*,#271,.T.);
#273=CARTESIAN_POINT('',(-8.89,-17.78,-0.0));
#274=VERTEX_POINT('',#273);
#275=CARTESIAN_POINT('',(8.89,-17.78,-0.0));
#276=DIRECTION('',(-1.0,-0.0,-0.0));
#277=VECTOR('',#276,1.0);
#278=LINE('',#275,#277);
#279=EDGE_CURVE('n° 46',#266,#274,#278,.T.);
#280=ORIENTED_EDGE('',*,*,#279,.T.);
#281=CARTESIAN_POINT('',(-8.89,17.78,0.0));
#282=DIRECTION('',(0.0,-1.0,-0.0));
#283=VECTOR('',#282,1.0);
#284=LINE('',#281,#283);
#285=EDGE_CURVE('n° 85',#241,#274,#284,.T.);
#286=ORIENTED_EDGE('',*,*,#285,.F.);
#287=EDGE_LOOP('',(#247,#256,#264,#272,#280,#286));
#288=FACE_BOUND('',#287,.T.);
#289=CARTESIAN_POINT('',(7.62,-13.285,-0.0));
#290=VERTEX_POINT('',#289);
#291=CARTESIAN_POINT('',(7.62,-13.97,-0.0));
#292=DIRECTION('',(-0.0,0.0,-1.0));
#293=DIRECTION('',(-0.0,1.0,0.0));
#294=AXIS2_PLACEMENT_3D('',#291,#292,#293);
#295=CIRCLE('',#294,0.685);
#296=EDGE_CURVE('n° 737',#290,#290,#295,.T.);
#297=ORIENTED_EDGE('',*,*,#296,.F.);
#298=EDGE_LOOP('',(#297));
#299=FACE_BOUND('',#298,.T.);
#300=CARTESIAN_POINT('',(7.62,-8.205,-0.0));
#301=VERTEX_POINT('',#300);
#302=CARTESIAN_POINT('',(7.62,-8.89,-0.0));
#303=DIRECTION('',(-0.0,0.0,-1.0));
#304=DIRECTION('',(-0.0,1.0,0.0));
#305=AXIS2_PLACEMENT_3D('',#302,#303,#304);
#306=CIRCLE('',#305,0.685);
#307=EDGE_CURVE('n° 949',#301,#301,#306,.T.);
#308=ORIENTED_EDGE('',*,*,#307,.F.);
#309=EDGE_LOOP('',(#308));
#310=FACE_BOUND('',#309,.T.);
#311=CARTESIAN_POINT('',(7.62,-3.125,-0.0));
#312=VERTEX_POINT('',#311);
#313=CARTESIAN_POINT('',(7.62,-3.81,-0.0));
#314=DIRECTION('',(-0.0,0.0,-1.0));
#315=DIRECTION('',(-0.0,1.0,0.0));
#316=AXIS2_PLACEMENT_3D('',#313,#314,#315);
#317=CIRCLE('',#316,0.685);
#318=EDGE_CURVE('n° 1161',#312,#312,#317,.T.);
#319=ORIENTED_EDGE('',*,*,#318,.F.);
#320=EDGE_LOOP('',(#319));
#321=FACE_BOUND('',#320,.T.);
#322=CARTESIAN_POINT('',(7.62,1.955,0.0));
#323=VERTEX_POINT('',#322);
#324=CARTESIAN_POINT('',(7.62,1.27,0.0));
#325=DIRECTION('',(-0.0,0.0,-1.0));
#326=DIRECTION('',(-0.0,1.0,0.0));
#327=AXIS2_PLACEMENT_3D('',#324,#325,#326);
#328=CIRCLE('',#327,0.685);
#329=EDGE_CURVE('n° 1373',#323,#323,#328,.T.);
#330=ORIENTED_EDGE('',*,*,#329,.F.);
#331=EDGE_LOOP('',(#330));
#332=FACE_BOUND('',#331,.T.);
#333=CARTESIAN_POINT('',(7.62,7.035,0.0));
#334=VERTEX_POINT('',#333);
#335=CARTESIAN_POINT('',(7.62,6.35,0.0));
#336=DIRECTION('',(-0.0,0.0,-1.0));
#337=DIRECTION('',(-0.0,1.0,0.0));
#338=AXIS2_PLACEMENT_3D('',#335,#336,#337);
#339=CIRCLE('',#338,0.685);
#340=EDGE_CURVE('n° 1585',#334,#334,#339,.T.);
#341=ORIENTED_EDGE('',*,*,#340,.F.);
#342=EDGE_LOOP('',(#341));
#343=FACE_BOUND('',#342,.T.);
#344=CARTESIAN_POINT('',(7.62,12.115,0.0));
#345=VERTEX_POINT('',#344);
#346=CARTESIAN_POINT('',(7.62,11.43,0.0));
#347=DIRECTION('',(-0.0,0.0,-1.0));
#348=DIRECTION('',(-0.0,1.0,0.0));
#349=AXIS2_PLACEMENT_3D('',#346,#347,#348);
#350=CIRCLE('',#349,0.685);
#351=EDGE_CURVE('n° 1797',#345,#345,#350,.T.);
#352=ORIENTED_EDGE('',*,*,#351,.F.);
#353=EDGE_LOOP('',(#352));
#354=FACE_BOUND('',#353,.T.);
#355=CARTESIAN_POINT('',(7.62,17.195,0.0));
#356=VERTEX_POINT('',#355);
#357=CARTESIAN_POINT('',(7.62,16.51,0.0));
#358=DIRECTION('',(-0.0,0.0,-1.0));
#359=DIRECTION('',(-0.0,1.0,0.0));
#360=AXIS2_PLACEMENT_3D('',#357,#358,#359);
#361=CIRCLE('',#360,0.685);
#362=EDGE_CURVE('n° 2009',#356,#356,#361,.T.);
#363=ORIENTED_EDGE('',*,*,#362,.F.);
#364=EDGE_LOOP('',(#363));
#365=FACE_BOUND('',#364,.T.);
#366=CARTESIAN_POINT('',(-7.62,-13.285,-0.0));
#367=VERTEX_POINT('',#366);
#368=CARTESIAN_POINT('',(-7.62,-13.97,-0.0));
#369=DIRECTION('',(-0.0,0.0,-1.0));
#370=DIRECTION('',(-0.0,1.0,0.0));
#371=AXIS2_PLACEMENT_3D('',#368,#369,#370);
#372=CIRCLE('',#371,0.685);
#373=EDGE_CURVE('n° 2227',#367,#367,#372,.T.);
#374=ORIENTED_EDGE('',*,*,#373,.F.);
#375=EDGE_LOOP('',(#374));
#376=FACE_BOUND('',#375,.T.);
#377=CARTESIAN_POINT('',(-7.62,-8.205,-0.0));
#378=VERTEX_POINT('',#377);
#379=CARTESIAN_POINT('',(-7.62,-8.89,-0.0));
#380=DIRECTION('',(-0.0,0.0,-1.0));
#381=DIRECTION('',(-0.0,1.0,0.0));
#382=AXIS2_PLACEMENT_3D('',#379,#380,#381);
#383=CIRCLE('',#382,0.685);
#384=EDGE_CURVE('n° 2439',#378,#378,#383,.T.);
#385=ORIENTED_EDGE('',*,*,#384,.F.);
#386=EDGE_LOOP('',(#385));
#387=FACE_BOUND('',#386,.T.);
#388=CARTESIAN_POINT('',(-7.62,-3.125,-0.0));
#389=VERTEX_POINT('',#388);
#390=CARTESIAN_POINT('',(-7.62,-3.81,-0.0));
#391=DIRECTION('',(-0.0,0.0,-1.0));
#392=DIRECTION('',(-0.0,1.0,0.0));
#393=AXIS2_PLACEMENT_3D('',#390,#391,#392);
#394=CIRCLE('',#393,0.685);
#395=EDGE_CURVE('n° 2651',#389,#389,#394,.T.);
#396=ORIENTED_EDGE('',*,*,#395,.F.);
#397=EDGE_LOOP('',(#396));
#398=FACE_BOUND('',#397,.T.);
#399=CARTESIAN_POINT('',(-7.62,1.955,0.0));
#400=VERTEX_POINT('',#399);
#401=CARTESIAN_POINT('',(-7.62,1.27,0.0));
#402=DIRECTION('',(-0.0,0.0,-1.0));
#403=DIRECTION('',(-0.0,1.0,0.0));
#404=AXIS2_PLACEMENT_3D('',#401,#402,#403);
#405=CIRCLE('',#404,0.685);
#406=EDGE_CURVE('n° 2863',#400,#400,#405,.T.);
#407=ORIENTED_EDGE('',*,*,#406,.F.);
#408=EDGE_LOOP('',(#407));
#409=FACE_BOUND('',#408,.T.);
#410=CARTESIAN_POINT('',(-7.62,7.035,0.0));
#411=VERTEX_POINT('',#410);
#412=CARTESIAN_POINT('',(-7.62,6.35,0.0));
#413=DIRECTION('',(-0.0,0.0,-1.0));
#414=DIRECTION('',(-0.0,1.0,0.0));
#415=AXIS2_PLACEMENT_3D('',#412,#413,#414);
#416=CIRCLE('',#415,0.685);
#417=EDGE_CURVE('n° 3075',#411,#411,#416,.T.);
#418=ORIENTED_EDGE('',*,*,#417,.F.);
#419=EDGE_LOOP('',(#418));
#420=FACE_BOUND('',#419,.T.);
#421=CARTESIAN_POINT('',(-7.62,12.115,0.0));
#422=VERTEX_POINT('',#421);
#423=CARTESIAN_POINT('',(-7.62,11.43,0.0));
#424=DIRECTION('',(-0.0,0.0,-1.0));
#425=DIRECTION('',(-0.0,1.0,0.0));
#426=AXIS2_PLACEMENT_3D('',#423,#424,#425);
#427=CIRCLE('',#426,0.685);
#428=EDGE_CURVE('n° 3287',#422,#422,#427,.T.);
#429=ORIENTED_EDGE('',*,*,#428,.F.);
#430=EDGE_LOOP('',(#429));
#431=FACE_BOUND('',#430,.T.);
#432=CARTESIAN_POINT('',(-7.62,17.195,0.0));
#433=VERTEX_POINT('',#432);
#434=CARTESIAN_POINT('',(-7.62,16.51,0.0));
#435=DIRECTION('',(-0.0,0.0,-1.0));
#436=DIRECTION('',(-0.0,1.0,0.0));
#437=AXIS2_PLACEMENT_3D('',#434,#435,#436);
#438=CIRCLE('',#437,0.685);
#439=EDGE_CURVE('n° 3499',#433,#433,#438,.T.);
#440=ORIENTED_EDGE('',*,*,#439,.F.);
#441=EDGE_LOOP('',(#440));
#442=FACE_BOUND('',#441,.T.);
#443=CARTESIAN_POINT('',(8.89,17.78,0.0));
#444=DIRECTION('',(0.0,-0.0,1.0));
#445=DIRECTION('',(-0.0,1.0,0.0));
#446=AXIS2_PLACEMENT_3D('',#443,#444,#445);
#447=PLANE('',#446);
#448=ADVANCED_FACE('n° 89',(#26,#37,#48,#59,#70,#81,#92,#103,#114,#125,
    #136,#147,#158,#169,#203,#237,#288,#299,#310,#321,#332,#343,#354,#365,#376,#387,#398,#409,#420,#431,
    #442),#447,.F.);
#449=CARTESIAN_POINT('',(-8.535,13.97,3.0));
#450=VERTEX_POINT('',#449);
#451=CARTESIAN_POINT('',(-7.62,13.97,3.0));
#452=DIRECTION('',(-0.0,-0.0,1.0));
#453=DIRECTION('',(-1.0,-0.0,-0.0));
#454=AXIS2_PLACEMENT_3D('',#451,#452,#453);
#455=CIRCLE('',#454,0.915);
#456=EDGE_CURVE('n° 3387',#450,#450,#455,.T.);
#457=ORIENTED_EDGE('',*,*,#456,.F.);
#458=EDGE_LOOP('',(#457));
#459=FACE_OUTER_BOUND('',#458,.T.);
#460=CARTESIAN_POINT('',(-8.535,8.89,3.0));
#461=VERTEX_POINT('',#460);
#462=CARTESIAN_POINT('',(-7.62,8.89,3.0));
#463=DIRECTION('',(-0.0,-0.0,1.0));
#464=DIRECTION('',(-1.0,-0.0,-0.0));
#465=AXIS2_PLACEMENT_3D('',#462,#463,#464);
#466=CIRCLE('',#465,0.915);
#467=EDGE_CURVE('n° 3175',#461,#461,#466,.T.);
#468=ORIENTED_EDGE('',*,*,#467,.F.);
#469=EDGE_LOOP('',(#468));
#470=FACE_BOUND('',#469,.T.);
#471=CARTESIAN_POINT('',(-8.535,3.81,3.0));
#472=VERTEX_POINT('',#471);
#473=CARTESIAN_POINT('',(-7.62,3.81,3.0));
#474=DIRECTION('',(-0.0,-0.0,1.0));
#475=DIRECTION('',(-1.0,-0.0,-0.0));
#476=AXIS2_PLACEMENT_3D('',#473,#474,#475);
#477=CIRCLE('',#476,0.915);
#478=EDGE_CURVE('n° 2963',#472,#472,#477,.T.);
#479=ORIENTED_EDGE('',*,*,#478,.F.);
#480=EDGE_LOOP('',(#479));
#481=FACE_BOUND('',#480,.T.);
#482=CARTESIAN_POINT('',(-8.535,-1.27,3.0));
#483=VERTEX_POINT('',#482);
#484=CARTESIAN_POINT('',(-7.62,-1.27,3.0));
#485=DIRECTION('',(-0.0,-0.0,1.0));
#486=DIRECTION('',(-1.0,-0.0,-0.0));
#487=AXIS2_PLACEMENT_3D('',#484,#485,#486);
#488=CIRCLE('',#487,0.915);
#489=EDGE_CURVE('n° 2751',#483,#483,#488,.T.);
#490=ORIENTED_EDGE('',*,*,#489,.F.);
#491=EDGE_LOOP('',(#490));
#492=FACE_BOUND('',#491,.T.);
#493=CARTESIAN_POINT('',(-8.535,-6.35,3.0));
#494=VERTEX_POINT('',#493);
#495=CARTESIAN_POINT('',(-7.62,-6.35,3.0));
#496=DIRECTION('',(-0.0,-0.0,1.0));
#497=DIRECTION('',(-1.0,-0.0,-0.0));
#498=AXIS2_PLACEMENT_3D('',#495,#496,#497);
#499=CIRCLE('',#498,0.915);
#500=EDGE_CURVE('n° 2539',#494,#494,#499,.T.);
#501=ORIENTED_EDGE('',*,*,#500,.F.);
#502=EDGE_LOOP('',(#501));
#503=FACE_BOUND('',#502,.T.);
#504=CARTESIAN_POINT('',(-8.535,-11.43,3.0));
#505=VERTEX_POINT('',#504);
#506=CARTESIAN_POINT('',(-7.62,-11.43,3.0));
#507=DIRECTION('',(-0.0,-0.0,1.0));
#508=DIRECTION('',(-1.0,-0.0,-0.0));
#509=AXIS2_PLACEMENT_3D('',#506,#507,#508);
#510=CIRCLE('',#509,0.915);
#511=EDGE_CURVE('n° 2327',#505,#505,#510,.T.);
#512=ORIENTED_EDGE('',*,*,#511,.F.);
#513=EDGE_LOOP('',(#512));
#514=FACE_BOUND('',#513,.T.);
#515=CARTESIAN_POINT('',(-8.535,-16.51,3.0));
#516=VERTEX_POINT('',#515);
#517=CARTESIAN_POINT('',(-7.62,-16.51,3.0));
#518=DIRECTION('',(-0.0,-0.0,1.0));
#519=DIRECTION('',(-1.0,-0.0,-0.0));
#520=AXIS2_PLACEMENT_3D('',#517,#518,#519);
#521=CIRCLE('',#520,0.915);
#522=EDGE_CURVE('n° 2115',#516,#516,#521,.T.);
#523=ORIENTED_EDGE('',*,*,#522,.F.);
#524=EDGE_LOOP('',(#523));
#525=FACE_BOUND('',#524,.T.);
#526=CARTESIAN_POINT('',(-8.89,-17.78,3.0));
#527=VERTEX_POINT('',#526);
#528=CARTESIAN_POINT('',(-6.35,-17.78,3.0));
#529=VERTEX_POINT('',#528);
#530=CARTESIAN_POINT('',(-8.89,-17.78,3.0));
#531=DIRECTION('',(1.0,0.0,0.0));
#532=VECTOR('',#531,1.0);
#533=LINE('',#530,#532);
#534=EDGE_CURVE('n° 52',#527,#529,#533,.T.);
#535=ORIENTED_EDGE('',*,*,#534,.T.);
#536=CARTESIAN_POINT('',(-6.35,17.78,3.0));
#537=VERTEX_POINT('',#536);
#538=CARTESIAN_POINT('',(-6.35,17.78,3.0));
#539=DIRECTION('',(0.0,-1.0,-0.0));
#540=VECTOR('',#539,1.0);
#541=LINE('',#538,#540);
#542=EDGE_CURVE('n° 78',#537,#529,#541,.T.);
#543=ORIENTED_EDGE('',*,*,#542,.F.);
#544=CARTESIAN_POINT('',(-8.89,17.78,3.0));
#545=VERTEX_POINT('',#544);
#546=CARTESIAN_POINT('',(-8.89,17.78,3.0));
#547=DIRECTION('',(1.0,0.0,0.0));
#548=VECTOR('',#547,1.0);
#549=LINE('',#546,#548);
#550=EDGE_CURVE('n° 33',#545,#537,#549,.T.);
#551=ORIENTED_EDGE('',*,*,#550,.F.);
#552=CARTESIAN_POINT('',(-8.89,17.78,3.0));
#553=DIRECTION('',(0.0,-1.0,-0.0));
#554=VECTOR('',#553,1.0);
#555=LINE('',#552,#554);
#556=EDGE_CURVE('n° 84',#545,#527,#555,.T.);
#557=ORIENTED_EDGE('',*,*,#556,.T.);
#558=EDGE_LOOP('',(#535,#543,#551,#557));
#559=FACE_BOUND('',#558,.T.);
#560=CARTESIAN_POINT('',(-8.535,-13.97,3.0));
#561=VERTEX_POINT('',#560);
#562=CARTESIAN_POINT('',(-7.62,-13.97,3.0));
#563=DIRECTION('',(-0.0,-0.0,1.0));
#564=DIRECTION('',(-1.0,-0.0,-0.0));
#565=AXIS2_PLACEMENT_3D('',#562,#563,#564);
#566=CIRCLE('',#565,0.915);
#567=EDGE_CURVE('n° 2221',#561,#561,#566,.T.);
#568=ORIENTED_EDGE('',*,*,#567,.F.);
#569=EDGE_LOOP('',(#568));
#570=FACE_BOUND('',#569,.T.);
#571=CARTESIAN_POINT('',(-8.535,-8.89,3.0));
#572=VERTEX_POINT('',#571);
#573=CARTESIAN_POINT('',(-7.62,-8.89,3.0));
#574=DIRECTION('',(-0.0,-0.0,1.0));
#575=DIRECTION('',(-1.0,-0.0,-0.0));
#576=AXIS2_PLACEMENT_3D('',#573,#574,#575);
#577=CIRCLE('',#576,0.915);
#578=EDGE_CURVE('n° 2433',#572,#572,#577,.T.);
#579=ORIENTED_EDGE('',*,*,#578,.F.);
#580=EDGE_LOOP('',(#579));
#581=FACE_BOUND('',#580,.T.);
#582=CARTESIAN_POINT('',(-8.535,-3.81,3.0));
#583=VERTEX_POINT('',#582);
#584=CARTESIAN_POINT('',(-7.62,-3.81,3.0));
#585=DIRECTION('',(-0.0,-0.0,1.0));
#586=DIRECTION('',(-1.0,-0.0,-0.0));
#587=AXIS2_PLACEMENT_3D('',#584,#585,#586);
#588=CIRCLE('',#587,0.915);
#589=EDGE_CURVE('n° 2645',#583,#583,#588,.T.);
#590=ORIENTED_EDGE('',*,*,#589,.F.);
#591=EDGE_LOOP('',(#590));
#592=FACE_BOUND('',#591,.T.);
#593=CARTESIAN_POINT('',(-8.535,1.27,3.0));
#594=VERTEX_POINT('',#593);
#595=CARTESIAN_POINT('',(-7.62,1.27,3.0));
#596=DIRECTION('',(-0.0,-0.0,1.0));
#597=DIRECTION('',(-1.0,-0.0,-0.0));
#598=AXIS2_PLACEMENT_3D('',#595,#596,#597);
#599=CIRCLE('',#598,0.915);
#600=EDGE_CURVE('n° 2857',#594,#594,#599,.T.);
#601=ORIENTED_EDGE('',*,*,#600,.F.);
#602=EDGE_LOOP('',(#601));
#603=FACE_BOUND('',#602,.T.);
#604=CARTESIAN_POINT('',(-8.535,6.35,3.0));
#605=VERTEX_POINT('',#604);
#606=CARTESIAN_POINT('',(-7.62,6.35,3.0));
#607=DIRECTION('',(-0.0,-0.0,1.0));
#608=DIRECTION('',(-1.0,-0.0,-0.0));
#609=AXIS2_PLACEMENT_3D('',#606,#607,#608);
#610=CIRCLE('',#609,0.915);
#611=EDGE_CURVE('n° 3069',#605,#605,#610,.T.);
#612=ORIENTED_EDGE('',*,*,#611,.F.);
#613=EDGE_LOOP('',(#612));
#614=FACE_BOUND('',#613,.T.);
#615=CARTESIAN_POINT('',(-8.535,11.43,3.0));
#616=VERTEX_POINT('',#615);
#617=CARTESIAN_POINT('',(-7.62,11.43,3.0));
#618=DIRECTION('',(-0.0,-0.0,1.0));
#619=DIRECTION('',(-1.0,-0.0,-0.0));
#620=AXIS2_PLACEMENT_3D('',#617,#618,#619);
#621=CIRCLE('',#620,0.915);
#622=EDGE_CURVE('n° 3281',#616,#616,#621,.T.);
#623=ORIENTED_EDGE('',*,*,#622,.F.);
#624=EDGE_LOOP('',(#623));
#625=FACE_BOUND('',#624,.T.);
#626=CARTESIAN_POINT('',(-8.535,16.51,3.0));
#627=VERTEX_POINT('',#626);
#628=CARTESIAN_POINT('',(-7.62,16.51,3.0));
#629=DIRECTION('',(-0.0,-0.0,1.0));
#630=DIRECTION('',(-1.0,-0.0,-0.0));
#631=AXIS2_PLACEMENT_3D('',#628,#629,#630);
#632=CIRCLE('',#631,0.915);
#633=EDGE_CURVE('n° 3493',#627,#627,#632,.T.);
#634=ORIENTED_EDGE('',*,*,#633,.F.);
#635=EDGE_LOOP('',(#634));
#636=FACE_BOUND('',#635,.T.);
#637=CARTESIAN_POINT('',(-8.89,17.78,3.0));
#638=DIRECTION('',(0.0,0.0,-1.0));
#639=DIRECTION('',(-1.0,-0.0,-0.0));
#640=AXIS2_PLACEMENT_3D('',#637,#638,#639);
#641=PLANE('',#640);
#642=ADVANCED_FACE('n° 101',(#459,#470,#481,#492,#503,#514,#525,#559,#570,#581,
    #592,#603,#614,#625,#636),#641,.F.);
#643=CARTESIAN_POINT('',(7.62,13.055,3.0));
#644=VERTEX_POINT('',#643);
#645=CARTESIAN_POINT('',(7.62,13.97,3.0));
#646=DIRECTION('',(-0.0,-0.0,1.0));
#647=DIRECTION('',(0.0,-1.0,-0.0));
#648=AXIS2_PLACEMENT_3D('',#645,#646,#647);
#649=CIRCLE('',#648,0.915);
#650=EDGE_CURVE('n° 1909',#644,#644,#649,.T.);
#651=ORIENTED_EDGE('',*,*,#650,.F.);
#652=EDGE_LOOP('',(#651));
#653=FACE_OUTER_BOUND('',#652,.T.);
#654=CARTESIAN_POINT('',(7.62,7.975,3.0));
#655=VERTEX_POINT('',#654);
#656=CARTESIAN_POINT('',(7.62,8.89,3.0));
#657=DIRECTION('',(-0.0,-0.0,1.0));
#658=DIRECTION('',(0.0,-1.0,-0.0));
#659=AXIS2_PLACEMENT_3D('',#656,#657,#658);
#660=CIRCLE('',#659,0.915);
#661=EDGE_CURVE('n° 1697',#655,#655,#660,.T.);
#662=ORIENTED_EDGE('',*,*,#661,.F.);
#663=EDGE_LOOP('',(#662));
#664=FACE_BOUND('',#663,.T.);
#665=CARTESIAN_POINT('',(7.62,2.895,3.0));
#666=VERTEX_POINT('',#665);
#667=CARTESIAN_POINT('',(7.62,3.81,3.0));
#668=DIRECTION('',(-0.0,-0.0,1.0));
#669=DIRECTION('',(0.0,-1.0,-0.0));
#670=AXIS2_PLACEMENT_3D('',#667,#668,#669);
#671=CIRCLE('',#670,0.915);
#672=EDGE_CURVE('n° 1485',#666,#666,#671,.T.);
#673=ORIENTED_EDGE('',*,*,#672,.F.);
#674=EDGE_LOOP('',(#673));
#675=FACE_BOUND('',#674,.T.);
#676=CARTESIAN_POINT('',(7.62,-2.185,3.0));
#677=VERTEX_POINT('',#676);
#678=CARTESIAN_POINT('',(7.62,-1.27,3.0));
#679=DIRECTION('',(-0.0,-0.0,1.0));
#680=DIRECTION('',(0.0,-1.0,-0.0));
#681=AXIS2_PLACEMENT_3D('',#678,#679,#680);
#682=CIRCLE('',#681,0.915);
#683=EDGE_CURVE('n° 1273',#677,#677,#682,.T.);
#684=ORIENTED_EDGE('',*,*,#683,.F.);
#685=EDGE_LOOP('',(#684));
#686=FACE_BOUND('',#685,.T.);
#687=CARTESIAN_POINT('',(7.62,-7.265,3.0));
#688=VERTEX_POINT('',#687);
#689=CARTESIAN_POINT('',(7.62,-6.35,3.0));
#690=DIRECTION('',(-0.0,-0.0,1.0));
#691=DIRECTION('',(0.0,-1.0,-0.0));
#692=AXIS2_PLACEMENT_3D('',#689,#690,#691);
#693=CIRCLE('',#692,0.915);
#694=EDGE_CURVE('n° 1061',#688,#688,#693,.T.);
#695=ORIENTED_EDGE('',*,*,#694,.F.);
#696=EDGE_LOOP('',(#695));
#697=FACE_BOUND('',#696,.T.);
#698=CARTESIAN_POINT('',(7.62,-12.345,3.0));
#699=VERTEX_POINT('',#698);
#700=CARTESIAN_POINT('',(7.62,-11.43,3.0));
#701=DIRECTION('',(-0.0,-0.0,1.0));
#702=DIRECTION('',(0.0,-1.0,-0.0));
#703=AXIS2_PLACEMENT_3D('',#700,#701,#702);
#704=CIRCLE('',#703,0.915);
#705=EDGE_CURVE('n° 849',#699,#699,#704,.T.);
#706=ORIENTED_EDGE('',*,*,#705,.F.);
#707=EDGE_LOOP('',(#706));
#708=FACE_BOUND('',#707,.T.);
#709=CARTESIAN_POINT('',(7.62,-17.425,3.0));
#710=VERTEX_POINT('',#709);
#711=CARTESIAN_POINT('',(7.62,-16.51,3.0));
#712=DIRECTION('',(-0.0,-0.0,1.0));
#713=DIRECTION('',(0.0,-1.0,-0.0));
#714=AXIS2_PLACEMENT_3D('',#711,#712,#713);
#715=CIRCLE('',#714,0.915);
#716=EDGE_CURVE('n° 637',#710,#710,#715,.T.);
#717=ORIENTED_EDGE('',*,*,#716,.F.);
#718=EDGE_LOOP('',(#717));
#719=FACE_BOUND('',#718,.T.);
#720=CARTESIAN_POINT('',(6.35,-17.78,3.0));
#721=VERTEX_POINT('',#720);
#722=CARTESIAN_POINT('',(8.89,-17.78,3.0));
#723=VERTEX_POINT('',#722);
#724=CARTESIAN_POINT('',(6.35,-17.78,3.0));
#725=DIRECTION('',(1.0,0.0,0.0));
#726=VECTOR('',#725,1.0);
#727=LINE('',#724,#726);
#728=EDGE_CURVE('n° 48',#721,#723,#727,.T.);
#729=ORIENTED_EDGE('',*,*,#728,.T.);
#730=CARTESIAN_POINT('',(8.89,17.78,3.0));
#731=VERTEX_POINT('',#730);
#732=CARTESIAN_POINT('',(8.89,17.78,3.0));
#733=DIRECTION('',(0.0,-1.0,-0.0));
#734=VECTOR('',#733,1.0);
#735=LINE('',#732,#734);
#736=EDGE_CURVE('n° 82',#731,#723,#735,.T.);
#737=ORIENTED_EDGE('',*,*,#736,.F.);
#738=CARTESIAN_POINT('',(6.35,17.78,3.0));
#739=VERTEX_POINT('',#738);
#740=CARTESIAN_POINT('',(6.35,17.78,3.0));
#741=DIRECTION('',(1.0,0.0,0.0));
#742=VECTOR('',#741,1.0);
#743=LINE('',#740,#742);
#744=EDGE_CURVE('n° 18',#739,#731,#743,.T.);
#745=ORIENTED_EDGE('',*,*,#744,.F.);
#746=CARTESIAN_POINT('',(6.35,17.78,3.0));
#747=DIRECTION('',(0.0,-1.0,-0.0));
#748=VECTOR('',#747,1.0);
#749=LINE('',#746,#748);
#750=EDGE_CURVE('n° 81',#739,#721,#749,.T.);
#751=ORIENTED_EDGE('',*,*,#750,.T.);
#752=EDGE_LOOP('',(#729,#737,#745,#751));
#753=FACE_BOUND('',#752,.T.);
#754=CARTESIAN_POINT('',(7.62,-14.885,3.0));
#755=VERTEX_POINT('',#754);
#756=CARTESIAN_POINT('',(7.62,-13.97,3.0));
#757=DIRECTION('',(-0.0,-0.0,1.0));
#758=DIRECTION('',(0.0,-1.0,-0.0));
#759=AXIS2_PLACEMENT_3D('',#756,#757,#758);
#760=CIRCLE('',#759,0.915);
#761=EDGE_CURVE('n° 743',#755,#755,#760,.T.);
#762=ORIENTED_EDGE('',*,*,#761,.F.);
#763=EDGE_LOOP('',(#762));
#764=FACE_BOUND('',#763,.T.);
#765=CARTESIAN_POINT('',(7.62,-9.805,3.0));
#766=VERTEX_POINT('',#765);
#767=CARTESIAN_POINT('',(7.62,-8.89,3.0));
#768=DIRECTION('',(-0.0,-0.0,1.0));
#769=DIRECTION('',(0.0,-1.0,-0.0));
#770=AXIS2_PLACEMENT_3D('',#767,#768,#769);
#771=CIRCLE('',#770,0.915);
#772=EDGE_CURVE('n° 955',#766,#766,#771,.T.);
#773=ORIENTED_EDGE('',*,*,#772,.F.);
#774=EDGE_LOOP('',(#773));
#775=FACE_BOUND('',#774,.T.);
#776=CARTESIAN_POINT('',(7.62,-4.725,3.0));
#777=VERTEX_POINT('',#776);
#778=CARTESIAN_POINT('',(7.62,-3.81,3.0));
#779=DIRECTION('',(-0.0,-0.0,1.0));
#780=DIRECTION('',(0.0,-1.0,-0.0));
#781=AXIS2_PLACEMENT_3D('',#778,#779,#780);
#782=CIRCLE('',#781,0.915);
#783=EDGE_CURVE('n° 1167',#777,#777,#782,.T.);
#784=ORIENTED_EDGE('',*,*,#783,.F.);
#785=EDGE_LOOP('',(#784));
#786=FACE_BOUND('',#785,.T.);
#787=CARTESIAN_POINT('',(7.62,0.355,3.0));
#788=VERTEX_POINT('',#787);
#789=CARTESIAN_POINT('',(7.62,1.27,3.0));
#790=DIRECTION('',(-0.0,-0.0,1.0));
#791=DIRECTION('',(0.0,-1.0,-0.0));
#792=AXIS2_PLACEMENT_3D('',#789,#790,#791);
#793=CIRCLE('',#792,0.915);
#794=EDGE_CURVE('n° 1379',#788,#788,#793,.T.);
#795=ORIENTED_EDGE('',*,*,#794,.F.);
#796=EDGE_LOOP('',(#795));
#797=FACE_BOUND('',#796,.T.);
#798=CARTESIAN_POINT('',(7.62,5.435,3.0));
#799=VERTEX_POINT('',#798);
#800=CARTESIAN_POINT('',(7.62,6.35,3.0));
#801=DIRECTION('',(-0.0,-0.0,1.0));
#802=DIRECTION('',(0.0,-1.0,-0.0));
#803=AXIS2_PLACEMENT_3D('',#800,#801,#802);
#804=CIRCLE('',#803,0.915);
#805=EDGE_CURVE('n° 1591',#799,#799,#804,.T.);
#806=ORIENTED_EDGE('',*,*,#805,.F.);
#807=EDGE_LOOP('',(#806));
#808=FACE_BOUND('',#807,.T.);
#809=CARTESIAN_POINT('',(7.62,10.515,3.0));
#810=VERTEX_POINT('',#809);
#811=CARTESIAN_POINT('',(7.62,11.43,3.0));
#812=DIRECTION('',(-0.0,-0.0,1.0));
#813=DIRECTION('',(0.0,-1.0,-0.0));
#814=AXIS2_PLACEMENT_3D('',#811,#812,#813);
#815=CIRCLE('',#814,0.915);
#816=EDGE_CURVE('n° 1803',#810,#810,#815,.T.);
#817=ORIENTED_EDGE('',*,*,#816,.F.);
#818=EDGE_LOOP('',(#817));
#819=FACE_BOUND('',#818,.T.);
#820=CARTESIAN_POINT('',(7.62,15.595,3.0));
#821=VERTEX_POINT('',#820);
#822=CARTESIAN_POINT('',(7.62,16.51,3.0));
#823=DIRECTION('',(-0.0,-0.0,1.0));
#824=DIRECTION('',(0.0,-1.0,-0.0));
#825=AXIS2_PLACEMENT_3D('',#822,#823,#824);
#826=CIRCLE('',#825,0.915);
#827=EDGE_CURVE('n° 2015',#821,#821,#826,.T.);
#828=ORIENTED_EDGE('',*,*,#827,.F.);
#829=EDGE_LOOP('',(#828));
#830=FACE_BOUND('',#829,.T.);
#831=CARTESIAN_POINT('',(6.35,17.78,3.0));
#832=DIRECTION('',(0.0,0.0,-1.0));
#833=DIRECTION('',(0.0,-1.0,-0.0));
#834=AXIS2_PLACEMENT_3D('',#831,#832,#833);
#835=PLANE('',#834);
#836=ADVANCED_FACE('n° 93',(#653,#664,#675,#686,#697,#708,#719,#753,#764,#775,
    #786,#797,#808,#819,#830),#835,.F.);
#837=CARTESIAN_POINT('',(-1.2489995997,17.78,1.8));
#838=VERTEX_POINT('',#837);
#839=CARTESIAN_POINT('',(-1.2489995997,17.78,-6.0));
#840=DIRECTION('',(0.0,-0.0,1.0));
#841=VECTOR('',#840,1.0);
#842=LINE('',#839,#841);
#843=EDGE_CURVE('n° 550',#239,#838,#842,.T.);
#844=ORIENTED_EDGE('',*,*,#843,.F.);
#845=ORIENTED_EDGE('',*,*,#246,.T.);
#846=CARTESIAN_POINT('',(-8.89,17.78,0.0));
#847=DIRECTION('',(0.0,-0.0,1.0));
#848=VECTOR('',#847,1.0);
#849=LINE('',#846,#848);
#850=EDGE_CURVE('n° 6',#241,#545,#849,.T.);
#851=ORIENTED_EDGE('',*,*,#850,.T.);
#852=ORIENTED_EDGE('',*,*,#550,.T.);
#853=CARTESIAN_POINT('',(-6.35,17.78,1.8));
#854=VERTEX_POINT('',#853);
#855=CARTESIAN_POINT('',(-6.35,17.78,3.0));
#856=DIRECTION('',(0.0,0.0,-1.0));
#857=VECTOR('',#856,1.0);
#858=LINE('',#855,#857);
#859=EDGE_CURVE('n° 30',#537,#854,#858,.T.);
#860=ORIENTED_EDGE('',*,*,#859,.T.);
#861=CARTESIAN_POINT('',(-6.35,17.78,1.8));
#862=DIRECTION('',(1.0,0.0,0.0));
#863=VECTOR('',#862,1.0);
#864=LINE('',#861,#863);
#865=EDGE_CURVE('n° 26',#854,#838,#864,.T.);
#866=ORIENTED_EDGE('',*,*,#865,.T.);
#867=EDGE_LOOP('',(#844,#845,#851,#852,#860,#866));
#868=FACE_OUTER_BOUND('',#867,.T.);
#869=CARTESIAN_POINT('',(-6.35,17.78,3.0));
#870=DIRECTION('',(-0.0,1.0,0.0));
#871=DIRECTION('',(-1.0,-0.0,-0.0));
#872=AXIS2_PLACEMENT_3D('',#869,#870,#871);
#873=PLANE('',#872);
#874=ADVANCED_FACE('n° 549',(#868),#873,.T.);
#875=CARTESIAN_POINT('',(1.2489995997,17.78,1.8));
#876=VERTEX_POINT('',#875);
#877=CARTESIAN_POINT('',(6.35,17.78,1.8));
#878=VERTEX_POINT('',#877);
#879=CARTESIAN_POINT('',(-6.35,17.78,1.8));
#880=DIRECTION('',(1.0,0.0,0.0));
#881=VECTOR('',#880,1.0);
#882=LINE('',#879,#881);
#883=EDGE_CURVE('n° 538',#876,#878,#882,.T.);
#884=ORIENTED_EDGE('',*,*,#883,.F.);
#885=CARTESIAN_POINT('',(-0.0,18.06,1.8));
#886=DIRECTION('',(-0.0,0.0,-1.0));
#887=DIRECTION('',(-1.0,-0.0,0.0));
#888=AXIS2_PLACEMENT_3D('',#885,#886,#887);
#889=CIRCLE('',#888,1.28);
#890=EDGE_CURVE('n° 566',#876,#838,#889,.T.);
#891=ORIENTED_EDGE('',*,*,#890,.T.);
#892=ORIENTED_EDGE('',*,*,#865,.F.);
#893=CARTESIAN_POINT('',(-6.35,14.78,1.8));
#894=VERTEX_POINT('',#893);
#895=CARTESIAN_POINT('',(-6.35,17.78,1.8));
#896=DIRECTION('',(0.0,-1.0,-0.0));
#897=VECTOR('',#896,1.0);
#898=LINE('',#895,#897);
#899=EDGE_CURVE('n° 79',#854,#894,#898,.T.);
#900=ORIENTED_EDGE('',*,*,#899,.T.);
#901=CARTESIAN_POINT('',(6.35,14.78,1.8));
#902=VERTEX_POINT('',#901);
#903=CARTESIAN_POINT('',(-6.35,14.78,1.8));
#904=DIRECTION('',(1.0,0.0,0.0));
#905=VECTOR('',#904,1.0);
#906=LINE('',#903,#905);
#907=EDGE_CURVE('n° 393',#894,#902,#906,.T.);
#908=ORIENTED_EDGE('',*,*,#907,.T.);
#909=CARTESIAN_POINT('',(6.35,17.78,1.8));
#910=DIRECTION('',(0.0,-1.0,-0.0));
#911=VECTOR('',#910,1.0);
#912=LINE('',#909,#911);
#913=EDGE_CURVE('n° 80',#878,#902,#912,.T.);
#914=ORIENTED_EDGE('',*,*,#913,.F.);
#915=EDGE_LOOP('',(#884,#891,#892,#900,#908,#914));
#916=FACE_OUTER_BOUND('',#915,.T.);
#917=CARTESIAN_POINT('',(-6.35,17.78,1.8));
#918=DIRECTION('',(-0.0,0.0,-1.0));
#919=DIRECTION('',(-1.0,-0.0,0.0));
#920=AXIS2_PLACEMENT_3D('',#917,#918,#919);
#921=PLANE('',#920);
#922=ADVANCED_FACE('n° 388',(#916),#921,.F.);
#923=CARTESIAN_POINT('',(6.35,1.5,1.8));
#924=VERTEX_POINT('',#923);
#925=CARTESIAN_POINT('',(6.35,-1.5,1.8));
#926=VERTEX_POINT('',#925);
#927=CARTESIAN_POINT('',(6.35,17.78,1.8));
#928=DIRECTION('',(0.0,-1.0,-0.0));
#929=VECTOR('',#928,1.0);
#930=LINE('',#927,#929);
#931=EDGE_CURVE('n° 356',#924,#926,#930,.T.);
#932=ORIENTED_EDGE('',*,*,#931,.F.);
#933=CARTESIAN_POINT('',(-6.35,1.5,1.8));
#934=VERTEX_POINT('',#933);
#935=CARTESIAN_POINT('',(-6.35,1.5,1.8));
#936=DIRECTION('',(-1.0,-0.0,0.0));
#937=VECTOR('',#936,1.0);
#938=LINE('',#935,#937);
#939=EDGE_CURVE('n° 404',#924,#934,#938,.T.);
#940=ORIENTED_EDGE('',*,*,#939,.T.);
#941=CARTESIAN_POINT('',(-6.35,-1.5,1.8));
#942=VERTEX_POINT('',#941);
#943=CARTESIAN_POINT('',(-6.35,17.78,1.8));
#944=DIRECTION('',(0.0,-1.0,-0.0));
#945=VECTOR('',#944,1.0);
#946=LINE('',#943,#945);
#947=EDGE_CURVE('n° 370',#934,#942,#946,.T.);
#948=ORIENTED_EDGE('',*,*,#947,.T.);
#949=CARTESIAN_POINT('',(-6.35,-1.5,1.8));
#950=DIRECTION('',(1.0,0.0,0.0));
#951=VECTOR('',#950,1.0);
#952=LINE('',#949,#951);
#953=EDGE_CURVE('n° 186',#942,#926,#952,.T.);
#954=ORIENTED_EDGE('',*,*,#953,.T.);
#955=EDGE_LOOP('',(#932,#940,#948,#954));
#956=FACE_OUTER_BOUND('',#955,.T.);
#957=CARTESIAN_POINT('',(-6.35,17.78,1.8));
#958=DIRECTION('',(-0.0,0.0,-1.0));
#959=DIRECTION('',(-1.0,-0.0,0.0));
#960=AXIS2_PLACEMENT_3D('',#957,#958,#959);
#961=PLANE('',#960);
#962=ADVANCED_FACE('n° 167',(#956),#961,.F.);
#963=ORIENTED_EDGE('',*,*,#947,.F.);
#964=CARTESIAN_POINT('',(-6.35,1.5,2.5));
#965=DIRECTION('',(0.0,-0.0,1.0));
#966=VECTOR('',#965,1.0);
#967=LINE('',#964,#966);
#968=EDGE_CURVE('n° 426',#189,#934,#967,.T.);
#969=ORIENTED_EDGE('',*,*,#968,.F.);
#970=ORIENTED_EDGE('',*,*,#194,.F.);
#971=CARTESIAN_POINT('',(-6.35,14.78,2.5));
#972=DIRECTION('',(0.0,0.0,-1.0));
#973=VECTOR('',#972,1.0);
#974=LINE('',#971,#973);
#975=EDGE_CURVE('n° 415',#894,#181,#974,.T.);
#976=ORIENTED_EDGE('',*,*,#975,.F.);
#977=ORIENTED_EDGE('',*,*,#899,.F.);
#978=ORIENTED_EDGE('',*,*,#859,.F.);
#979=ORIENTED_EDGE('',*,*,#542,.T.);
#980=CARTESIAN_POINT('',(-6.35,-17.78,1.8));
#981=VERTEX_POINT('',#980);
#982=CARTESIAN_POINT('',(-6.35,-17.78,3.0));
#983=DIRECTION('',(0.0,0.0,-1.0));
#984=VECTOR('',#983,1.0);
#985=LINE('',#982,#984);
#986=EDGE_CURVE('n° 51',#529,#981,#985,.T.);
#987=ORIENTED_EDGE('',*,*,#986,.T.);
#988=CARTESIAN_POINT('',(-6.35,-14.78,1.8));
#989=VERTEX_POINT('',#988);
#990=CARTESIAN_POINT('',(-6.35,17.78,1.8));
#991=DIRECTION('',(0.0,-1.0,-0.0));
#992=VECTOR('',#991,1.0);
#993=LINE('',#990,#992);
#994=EDGE_CURVE('n° 163',#989,#981,#993,.T.);
#995=ORIENTED_EDGE('',*,*,#994,.F.);
#996=CARTESIAN_POINT('',(-6.35,-14.78,2.5));
#997=DIRECTION('',(0.0,-0.0,1.0));
#998=VECTOR('',#997,1.0);
#999=LINE('',#996,#998);
#1000=EDGE_CURVE('n° 219',#223,#989,#999,.T.);
#1001=ORIENTED_EDGE('',*,*,#1000,.F.);
#1002=ORIENTED_EDGE('',*,*,#228,.F.);
#1003=CARTESIAN_POINT('',(-6.35,-1.5,2.5));
#1004=DIRECTION('',(0.0,0.0,-1.0));
#1005=VECTOR('',#1004,1.0);
#1006=LINE('',#1003,#1005);
#1007=EDGE_CURVE('n° 208',#942,#215,#1006,.T.);
#1008=ORIENTED_EDGE('',*,*,#1007,.F.);
#1009=EDGE_LOOP('',(
    #963,#969,#970,#976,#977,#978,#979,#987,#995,#1001,
    #1002,#1008));
#1010=FACE_OUTER_BOUND('',#1009,.T.);
#1011=CARTESIAN_POINT('',(-6.35,17.78,3.0));
#1012=DIRECTION('',(-1.0,-0.0,-0.0));
#1013=DIRECTION('',(0.0,-1.0,-0.0));
#1014=AXIS2_PLACEMENT_3D('',#1011,#1012,#1013);
#1015=PLANE('',#1014);
#1016=ADVANCED_FACE('n° 99',(#1010),#1015,.F.);
#1017=CARTESIAN_POINT('',(6.35,-14.78,1.8));
#1018=VERTEX_POINT('',#1017);
#1019=CARTESIAN_POINT('',(6.35,-17.78,1.8));
#1020=VERTEX_POINT('',#1019);
#1021=CARTESIAN_POINT('',(6.35,17.78,1.8));
#1022=DIRECTION('',(0.0,-1.0,-0.0));
#1023=VECTOR('',#1022,1.0);
#1024=LINE('',#1021,#1023);
#1025=EDGE_CURVE('n° 149',#1018,#1020,#1024,.T.);
#1026=ORIENTED_EDGE('',*,*,#1025,.F.);
#1027=CARTESIAN_POINT('',(-6.35,-14.78,1.8));
#1028=DIRECTION('',(-1.0,-0.0,0.0));
#1029=VECTOR('',#1028,1.0);
#1030=LINE('',#1027,#1029);
#1031=EDGE_CURVE('n° 197',#1018,#989,#1030,.T.);
#1032=ORIENTED_EDGE('',*,*,#1031,.T.);
#1033=ORIENTED_EDGE('',*,*,#994,.T.);
#1034=CARTESIAN_POINT('',(-6.35,-17.78,1.8));
#1035=DIRECTION('',(1.0,0.0,0.0));
#1036=VECTOR('',#1035,1.0);
#1037=LINE('',#1034,#1036);
#1038=EDGE_CURVE('n° 50',#981,#1020,#1037,.T.);
#1039=ORIENTED_EDGE('',*,*,#1038,.T.);
#1040=EDGE_LOOP('',(#1026,#1032,#1033,#1039));
#1041=FACE_OUTER_BOUND('',#1040,.T.);
#1042=CARTESIAN_POINT('',(-6.35,17.78,1.8));
#1043=DIRECTION('',(-0.0,0.0,-1.0));
#1044=DIRECTION('',(-1.0,-0.0,0.0));
#1045=AXIS2_PLACEMENT_3D('',#1042,#1043,#1044);
#1046=PLANE('',#1045);
#1047=ADVANCED_FACE('n° 97',(#1041),#1046,.F.);
#1048=CARTESIAN_POINT('',(6.35,-17.78,1.8));
#1049=DIRECTION('',(0.0,-0.0,1.0));
#1050=VECTOR('',#1049,1.0);
#1051=LINE('',#1048,#1050);
#1052=EDGE_CURVE('n° 49',#1020,#721,#1051,.T.);
#1053=ORIENTED_EDGE('',*,*,#1052,.T.);
#1054=ORIENTED_EDGE('',*,*,#750,.F.);
#1055=CARTESIAN_POINT('',(6.35,17.78,1.8));
#1056=DIRECTION('',(0.0,-0.0,1.0));
#1057=VECTOR('',#1056,1.0);
#1058=LINE('',#1055,#1057);
#1059=EDGE_CURVE('n° 22',#878,#739,#1058,.T.);
#1060=ORIENTED_EDGE('',*,*,#1059,.F.);
#1061=ORIENTED_EDGE('',*,*,#913,.T.);
#1062=CARTESIAN_POINT('',(6.35,14.78,2.5));
#1063=DIRECTION('',(0.0,-0.0,1.0));
#1064=VECTOR('',#1063,1.0);
#1065=LINE('',#1062,#1064);
#1066=EDGE_CURVE('n° 421',#173,#902,#1065,.T.);
#1067=ORIENTED_EDGE('',*,*,#1066,.F.);
#1068=ORIENTED_EDGE('',*,*,#178,.F.);
#1069=CARTESIAN_POINT('',(6.35,1.5,2.5));
#1070=DIRECTION('',(0.0,0.0,-1.0));
#1071=VECTOR('',#1070,1.0);
#1072=LINE('',#1069,#1071);
#1073=EDGE_CURVE('n° 403',#924,#171,#1072,.T.);
#1074=ORIENTED_EDGE('',*,*,#1073,.F.);
#1075=ORIENTED_EDGE('',*,*,#931,.T.);
#1076=CARTESIAN_POINT('',(6.35,-1.5,2.5));
#1077=DIRECTION('',(0.0,-0.0,1.0));
#1078=VECTOR('',#1077,1.0);
#1079=LINE('',#1076,#1078);
#1080=EDGE_CURVE('n° 214',#207,#926,#1079,.T.);
#1081=ORIENTED_EDGE('',*,*,#1080,.F.);
#1082=ORIENTED_EDGE('',*,*,#212,.F.);
#1083=CARTESIAN_POINT('',(6.35,-14.78,2.5));
#1084=DIRECTION('',(0.0,0.0,-1.0));
#1085=VECTOR('',#1084,1.0);
#1086=LINE('',#1083,#1085);
#1087=EDGE_CURVE('n° 196',#1018,#205,#1086,.T.);
#1088=ORIENTED_EDGE('',*,*,#1087,.F.);
#1089=ORIENTED_EDGE('',*,*,#1025,.T.);
#1090=EDGE_LOOP('',(
    #1053,#1054,#1060,#1061,#1067,#1068,#1074,#1075,#1081,#1082,
    #1088,#1089));
#1091=FACE_OUTER_BOUND('',#1090,.T.);
#1092=CARTESIAN_POINT('',(6.35,17.78,1.8));
#1093=DIRECTION('',(1.0,0.0,0.0));
#1094=DIRECTION('',(-0.0,1.0,0.0));
#1095=AXIS2_PLACEMENT_3D('',#1092,#1093,#1094);
#1096=PLANE('',#1095);
#1097=ADVANCED_FACE('n° 95',(#1091),#1096,.F.);
#1098=CARTESIAN_POINT('',(8.89,-17.78,3.0));
#1099=DIRECTION('',(0.0,0.0,-1.0));
#1100=VECTOR('',#1099,1.0);
#1101=LINE('',#1098,#1100);
#1102=EDGE_CURVE('n° 47',#723,#266,#1101,.T.);
#1103=ORIENTED_EDGE('',*,*,#1102,.T.);
#1104=ORIENTED_EDGE('',*,*,#271,.F.);
#1105=CARTESIAN_POINT('',(8.89,17.78,3.0));
#1106=DIRECTION('',(0.0,0.0,-1.0));
#1107=VECTOR('',#1106,1.0);
#1108=LINE('',#1105,#1107);
#1109=EDGE_CURVE('n° 14',#731,#258,#1108,.T.);
#1110=ORIENTED_EDGE('',*,*,#1109,.F.);
#1111=ORIENTED_EDGE('',*,*,#736,.T.);
#1112=EDGE_LOOP('',(#1103,#1104,#1110,#1111));
#1113=FACE_OUTER_BOUND('',#1112,.T.);
#1114=CARTESIAN_POINT('',(8.89,17.78,3.0));
#1115=DIRECTION('',(-1.0,-0.0,-0.0));
#1116=DIRECTION('',(0.0,-1.0,-0.0));
#1117=AXIS2_PLACEMENT_3D('',#1114,#1115,#1116);
#1118=PLANE('',#1117);
#1119=ADVANCED_FACE('n° 91',(#1113),#1118,.F.);
#1120=CARTESIAN_POINT('',(-8.89,-17.78,-0.0));
#1121=DIRECTION('',(0.0,-0.0,1.0));
#1122=VECTOR('',#1121,1.0);
#1123=LINE('',#1120,#1122);
#1124=EDGE_CURVE('n° 45',#274,#527,#1123,.T.);
#1125=ORIENTED_EDGE('',*,*,#1124,.T.);
#1126=ORIENTED_EDGE('',*,*,#556,.F.);
#1127=ORIENTED_EDGE('',*,*,#850,.F.);
#1128=ORIENTED_EDGE('',*,*,#285,.T.);
#1129=EDGE_LOOP('',(#1125,#1126,#1127,#1128));
#1130=FACE_OUTER_BOUND('',#1129,.T.);
#1131=CARTESIAN_POINT('',(-8.89,17.78,0.0));
#1132=DIRECTION('',(1.0,0.0,0.0));
#1133=DIRECTION('',(-0.0,1.0,0.0));
#1134=AXIS2_PLACEMENT_3D('',#1131,#1132,#1133);
#1135=PLANE('',#1134);
#1136=ADVANCED_FACE('n° 87',(#1130),#1135,.F.);
#1137=CARTESIAN_POINT('',(1.2489995997,17.78,-6.0));
#1138=DIRECTION('',(0.0,0.0,-1.0));
#1139=VECTOR('',#1138,1.0);
#1140=LINE('',#1137,#1139);
#1141=EDGE_CURVE('n° 546',#876,#249,#1140,.T.);
#1142=ORIENTED_EDGE('',*,*,#1141,.F.);
#1143=ORIENTED_EDGE('',*,*,#883,.T.);
#1144=ORIENTED_EDGE('',*,*,#1059,.T.);
#1145=ORIENTED_EDGE('',*,*,#744,.T.);
#1146=ORIENTED_EDGE('',*,*,#1109,.T.);
#1147=ORIENTED_EDGE('',*,*,#263,.T.);
#1148=EDGE_LOOP('',(#1142,#1143,#1144,#1145,#1146,#1147));
#1149=FACE_OUTER_BOUND('',#1148,.T.);
#1150=CARTESIAN_POINT('',(-6.35,17.78,3.0));
#1151=DIRECTION('',(-0.0,1.0,0.0));
#1152=DIRECTION('',(-1.0,-0.0,-0.0));
#1153=AXIS2_PLACEMENT_3D('',#1150,#1151,#1152);
#1154=PLANE('',#1153);
#1155=ADVANCED_FACE('n° 36',(#1149),#1154,.T.);
#1156=ORIENTED_EDGE('',*,*,#534,.F.);
#1157=ORIENTED_EDGE('',*,*,#1124,.F.);
#1158=ORIENTED_EDGE('',*,*,#279,.F.);
#1159=ORIENTED_EDGE('',*,*,#1102,.F.);
#1160=ORIENTED_EDGE('',*,*,#728,.F.);
#1161=ORIENTED_EDGE('',*,*,#1052,.F.);
#1162=ORIENTED_EDGE('',*,*,#1038,.F.);
#1163=ORIENTED_EDGE('',*,*,#986,.F.);
#1164=EDGE_LOOP('',(#1156,#1157,#1158,#1159,#1160,#1161,#1162,#1163));
#1165=FACE_OUTER_BOUND('',#1164,.T.);
#1166=CARTESIAN_POINT('',(-6.35,-17.78,3.0));
#1167=DIRECTION('',(-0.0,1.0,0.0));
#1168=DIRECTION('',(-1.0,-0.0,-0.0));
#1169=AXIS2_PLACEMENT_3D('',#1166,#1167,#1168);
#1170=PLANE('',#1169);
#1171=ADVANCED_FACE('n° 43',(#1165),#1170,.F.);
#1172=ORIENTED_EDGE('',*,*,#1007,.T.);
#1173=ORIENTED_EDGE('',*,*,#220,.F.);
#1174=ORIENTED_EDGE('',*,*,#1080,.T.);
#1175=ORIENTED_EDGE('',*,*,#953,.F.);
#1176=EDGE_LOOP('',(#1172,#1173,#1174,#1175));
#1177=FACE_OUTER_BOUND('',#1176,.T.);
#1178=CARTESIAN_POINT('',(0.0,-1.5,2.5));
#1179=DIRECTION('',(-0.0,1.0,0.0));
#1180=DIRECTION('',(-1.0,-0.0,-0.0));
#1181=AXIS2_PLACEMENT_3D('',#1178,#1179,#1180);
#1182=PLANE('',#1181);
#1183=ADVANCED_FACE('n° 260',(#1177),#1182,.F.);
#1184=ORIENTED_EDGE('',*,*,#1087,.T.);
#1185=ORIENTED_EDGE('',*,*,#234,.F.);
#1186=ORIENTED_EDGE('',*,*,#1000,.T.);
#1187=ORIENTED_EDGE('',*,*,#1031,.F.);
#1188=EDGE_LOOP('',(#1184,#1185,#1186,#1187));
#1189=FACE_OUTER_BOUND('',#1188,.T.);
#1190=CARTESIAN_POINT('',(0.0,-14.78,2.5));
#1191=DIRECTION('',(0.0,-1.0,-0.0));
#1192=DIRECTION('',(1.0,0.0,0.0));
#1193=AXIS2_PLACEMENT_3D('',#1190,#1191,#1192);
#1194=PLANE('',#1193);
#1195=ADVANCED_FACE('n° 268',(#1189),#1194,.F.);
#1196=ORIENTED_EDGE('',*,*,#975,.T.);
#1197=ORIENTED_EDGE('',*,*,#186,.F.);
#1198=ORIENTED_EDGE('',*,*,#1066,.T.);
#1199=ORIENTED_EDGE('',*,*,#907,.F.);
#1200=EDGE_LOOP('',(#1196,#1197,#1198,#1199));
#1201=FACE_OUTER_BOUND('',#1200,.T.);
#1202=CARTESIAN_POINT('',(-0.0,14.78,2.5));
#1203=DIRECTION('',(-0.0,1.0,0.0));
#1204=DIRECTION('',(-1.0,-0.0,-0.0));
#1205=AXIS2_PLACEMENT_3D('',#1202,#1203,#1204);
#1206=PLANE('',#1205);
#1207=ADVANCED_FACE('n° 467',(#1201),#1206,.F.);
#1208=ORIENTED_EDGE('',*,*,#1073,.T.);
#1209=ORIENTED_EDGE('',*,*,#200,.F.);
#1210=ORIENTED_EDGE('',*,*,#968,.T.);
#1211=ORIENTED_EDGE('',*,*,#939,.F.);
#1212=EDGE_LOOP('',(#1208,#1209,#1210,#1211));
#1213=FACE_OUTER_BOUND('',#1212,.T.);
#1214=CARTESIAN_POINT('',(-0.0,1.5,2.5));
#1215=DIRECTION('',(0.0,-1.0,-0.0));
#1216=DIRECTION('',(1.0,0.0,0.0));
#1217=AXIS2_PLACEMENT_3D('',#1214,#1215,#1216);
#1218=PLANE('',#1217);
#1219=ADVANCED_FACE('n° 475',(#1213),#1218,.F.);
#1220=ORIENTED_EDGE('',*,*,#843,.T.);
#1221=ORIENTED_EDGE('',*,*,#890,.F.);
#1222=ORIENTED_EDGE('',*,*,#1141,.T.);
#1223=ORIENTED_EDGE('',*,*,#255,.F.);
#1224=EDGE_LOOP('',(#1220,#1221,#1222,#1223));
#1225=FACE_OUTER_BOUND('',#1224,.T.);
#1226=CARTESIAN_POINT('',(-0.0,18.06,-6.0));
#1227=DIRECTION('',(0.0,-0.0,1.0));
#1228=DIRECTION('',(-1.0,-0.0,-0.0));
#1229=AXIS2_PLACEMENT_3D('',#1226,#1227,#1228);
#1230=CYLINDRICAL_SURFACE('',#1229,1.28);
#1231=ADVANCED_FACE('n° 579',(#1225),#1230,.F.);
#1232=CARTESIAN_POINT('',(7.62,-16.765,-4.175));
#1233=VERTEX_POINT('',#1232);
#1234=CARTESIAN_POINT('',(7.62,-16.51,-4.175));
#1235=DIRECTION('',(0.0,0.0,-1.0));
#1236=DIRECTION('',(0.0,-1.0,-0.0));
#1237=AXIS2_PLACEMENT_3D('',#1234,#1235,#1236);
#1238=CIRCLE('',#1237,0.255);
#1239=EDGE_CURVE('n° 654',#1233,#1233,#1238,.T.);
#1240=ORIENTED_EDGE('',*,*,#1239,.T.);
#1241=EDGE_LOOP('',(#1240));
#1242=FACE_OUTER_BOUND('',#1241,.T.);
#1243=CARTESIAN_POINT('',(7.62,-16.51,-4.175));
#1244=DIRECTION('',(0.0,0.0,-1.0));
#1245=DIRECTION('',(1.0,0.0,0.0));
#1246=AXIS2_PLACEMENT_3D('',#1243,#1244,#1245);
#1247=SPHERICAL_SURFACE('',#1246,0.255);
#1248=ADVANCED_FACE('n° 707',(#1242),#1247,.T.);
#1249=CARTESIAN_POINT('',(7.62,-16.765,-1.68));
#1250=VERTEX_POINT('',#1249);
#1251=CARTESIAN_POINT('',(7.62,-16.51,-1.68));
#1252=DIRECTION('',(0.0,0.0,-1.0));
#1253=DIRECTION('',(0.0,-1.0,-0.0));
#1254=AXIS2_PLACEMENT_3D('',#1251,#1252,#1253);
#1255=CIRCLE('',#1254,0.255);
#1256=EDGE_CURVE('n° 647',#1250,#1250,#1255,.T.);
#1257=ORIENTED_EDGE('',*,*,#1256,.F.);
#1258=EDGE_LOOP('',(#1257));
#1259=FACE_OUTER_BOUND('',#1258,.T.);
#1260=CARTESIAN_POINT('',(7.62,-17.195,-1.25));
#1261=VERTEX_POINT('',#1260);
#1262=CARTESIAN_POINT('',(7.62,-16.51,-1.25));
#1263=DIRECTION('',(0.0,0.0,-1.0));
#1264=DIRECTION('',(0.0,-1.0,-0.0));
#1265=AXIS2_PLACEMENT_3D('',#1262,#1263,#1264);
#1266=CIRCLE('',#1265,0.685);
#1267=EDGE_CURVE('n° 648',#1261,#1261,#1266,.T.);
#1268=ORIENTED_EDGE('',*,*,#1267,.T.);
#1269=EDGE_LOOP('',(#1268));
#1270=FACE_BOUND('',#1269,.T.);
#1271=CARTESIAN_POINT('',(7.62,-16.51,-1.25));
#1272=DIRECTION('',(0.0,-0.0,1.0));
#1273=DIRECTION('',(-0.0,1.0,0.0));
#1274=AXIS2_PLACEMENT_3D('',#1271,#1272,#1273);
#1275=CONICAL_SURFACE('',#1274,0.685,0.7853981634);
#1276=ADVANCED_FACE('n° 668',(#1259,#1270),#1275,.T.);
#1277=ORIENTED_EDGE('',*,*,#1239,.F.);
#1278=EDGE_LOOP('',(#1277));
#1279=FACE_OUTER_BOUND('',#1278,.T.);
#1280=ORIENTED_EDGE('',*,*,#1256,.T.);
#1281=EDGE_LOOP('',(#1280));
#1282=FACE_BOUND('',#1281,.T.);
#1283=CARTESIAN_POINT('',(7.62,-16.51,3.0));
#1284=DIRECTION('',(0.0,0.0,-1.0));
#1285=DIRECTION('',(0.0,-1.0,-0.0));
#1286=AXIS2_PLACEMENT_3D('',#1283,#1284,#1285);
#1287=CYLINDRICAL_SURFACE('',#1286,0.255);
#1288=ADVANCED_FACE('n° 663',(#1279,#1282),#1287,.T.);
#1289=ORIENTED_EDGE('',*,*,#1267,.F.);
#1290=EDGE_LOOP('',(#1289));
#1291=FACE_OUTER_BOUND('',#1290,.T.);
#1292=ORIENTED_EDGE('',*,*,#166,.T.);
#1293=EDGE_LOOP('',(#1292));
#1294=FACE_BOUND('',#1293,.T.);
#1295=CARTESIAN_POINT('',(7.62,-16.51,3.0));
#1296=DIRECTION('',(0.0,0.0,-1.0));
#1297=DIRECTION('',(0.0,-1.0,-0.0));
#1298=AXIS2_PLACEMENT_3D('',#1295,#1296,#1297);
#1299=CYLINDRICAL_SURFACE('',#1298,0.685);
#1300=ADVANCED_FACE('n° 673',(#1291,#1294),#1299,.T.);
#1301=CARTESIAN_POINT('',(7.62,-17.425,3.001));
#1302=VERTEX_POINT('',#1301);
#1303=CARTESIAN_POINT('',(7.62,-16.51,3.001));
#1304=DIRECTION('',(0.0,0.0,-1.0));
#1305=DIRECTION('',(0.0,-1.0,-0.0));
#1306=AXIS2_PLACEMENT_3D('',#1303,#1304,#1305);
#1307=CIRCLE('',#1306,0.915);
#1308=EDGE_CURVE('n° 644',#1302,#1302,#1307,.T.);
#1309=ORIENTED_EDGE('',*,*,#1308,.T.);
#1310=EDGE_LOOP('',(#1309));
#1311=FACE_OUTER_BOUND('',#1310,.T.);
#1312=ORIENTED_EDGE('',*,*,#716,.T.);
#1313=EDGE_LOOP('',(#1312));
#1314=FACE_BOUND('',#1313,.T.);
#1315=CARTESIAN_POINT('',(7.62,-16.51,3.0));
#1316=DIRECTION('',(0.0,0.0,-1.0));
#1317=DIRECTION('',(0.0,-1.0,-0.0));
#1318=AXIS2_PLACEMENT_3D('',#1315,#1316,#1317);
#1319=CYLINDRICAL_SURFACE('',#1318,0.915);
#1320=ADVANCED_FACE('n° 698',(#1311,#1314),#1319,.T.);
#1321=CARTESIAN_POINT('',(7.62,-17.06,3.001));
#1322=VERTEX_POINT('',#1321);
#1323=CARTESIAN_POINT('',(7.62,-16.51,3.001));
#1324=DIRECTION('',(0.0,0.0,-1.0));
#1325=DIRECTION('',(0.0,-1.0,-0.0));
#1326=AXIS2_PLACEMENT_3D('',#1323,#1324,#1325);
#1327=CIRCLE('',#1326,0.55);
#1328=EDGE_CURVE('n° 3606',#1322,#1322,#1327,.T.);
#1329=ORIENTED_EDGE('',*,*,#1328,.T.);
#1330=EDGE_LOOP('',(#1329));
#1331=FACE_OUTER_BOUND('',#1330,.T.);
#1332=ORIENTED_EDGE('',*,*,#1308,.F.);
#1333=EDGE_LOOP('',(#1332));
#1334=FACE_BOUND('',#1333,.T.);
#1335=CARTESIAN_POINT('',(7.62,-16.51,3.001));
#1336=DIRECTION('',(0.0,0.0,-1.0));
#1337=DIRECTION('',(0.0,-1.0,-0.0));
#1338=AXIS2_PLACEMENT_3D('',#1335,#1336,#1337);
#1339=PLANE('',#1338);
#1340=ADVANCED_FACE('n° 703',(#1331,#1334),#1339,.F.);
#1341=CARTESIAN_POINT('',(7.62,-14.225,-4.175));
#1342=VERTEX_POINT('',#1341);
#1343=CARTESIAN_POINT('',(7.62,-13.97,-4.175));
#1344=DIRECTION('',(0.0,0.0,-1.0));
#1345=DIRECTION('',(0.0,-1.0,-0.0));
#1346=AXIS2_PLACEMENT_3D('',#1343,#1344,#1345);
#1347=CIRCLE('',#1346,0.255);
#1348=EDGE_CURVE('n° 760',#1342,#1342,#1347,.T.);
#1349=ORIENTED_EDGE('',*,*,#1348,.T.);
#1350=EDGE_LOOP('',(#1349));
#1351=FACE_OUTER_BOUND('',#1350,.T.);
#1352=CARTESIAN_POINT('',(7.62,-13.97,-4.175));
#1353=DIRECTION('',(0.0,0.0,-1.0));
#1354=DIRECTION('',(1.0,0.0,0.0));
#1355=AXIS2_PLACEMENT_3D('',#1352,#1353,#1354);
#1356=SPHERICAL_SURFACE('',#1355,0.255);
#1357=ADVANCED_FACE('n° 813',(#1351),#1356,.T.);
#1358=CARTESIAN_POINT('',(7.62,-14.225,-1.68));
#1359=VERTEX_POINT('',#1358);
#1360=CARTESIAN_POINT('',(7.62,-13.97,-1.68));
#1361=DIRECTION('',(0.0,0.0,-1.0));
#1362=DIRECTION('',(0.0,-1.0,-0.0));
#1363=AXIS2_PLACEMENT_3D('',#1360,#1361,#1362);
#1364=CIRCLE('',#1363,0.255);
#1365=EDGE_CURVE('n° 753',#1359,#1359,#1364,.T.);
#1366=ORIENTED_EDGE('',*,*,#1365,.F.);
#1367=EDGE_LOOP('',(#1366));
#1368=FACE_OUTER_BOUND('',#1367,.T.);
#1369=CARTESIAN_POINT('',(7.62,-14.655,-1.25));
#1370=VERTEX_POINT('',#1369);
#1371=CARTESIAN_POINT('',(7.62,-13.97,-1.25));
#1372=DIRECTION('',(0.0,0.0,-1.0));
#1373=DIRECTION('',(0.0,-1.0,-0.0));
#1374=AXIS2_PLACEMENT_3D('',#1371,#1372,#1373);
#1375=CIRCLE('',#1374,0.685);
#1376=EDGE_CURVE('n° 754',#1370,#1370,#1375,.T.);
#1377=ORIENTED_EDGE('',*,*,#1376,.T.);
#1378=EDGE_LOOP('',(#1377));
#1379=FACE_BOUND('',#1378,.T.);
#1380=CARTESIAN_POINT('',(7.62,-13.97,-1.25));
#1381=DIRECTION('',(0.0,-0.0,1.0));
#1382=DIRECTION('',(-0.0,1.0,0.0));
#1383=AXIS2_PLACEMENT_3D('',#1380,#1381,#1382);
#1384=CONICAL_SURFACE('',#1383,0.685,0.7853981634);
#1385=ADVANCED_FACE('n° 774',(#1368,#1379),#1384,.T.);
#1386=ORIENTED_EDGE('',*,*,#1348,.F.);
#1387=EDGE_LOOP('',(#1386));
#1388=FACE_OUTER_BOUND('',#1387,.T.);
#1389=ORIENTED_EDGE('',*,*,#1365,.T.);
#1390=EDGE_LOOP('',(#1389));
#1391=FACE_BOUND('',#1390,.T.);
#1392=CARTESIAN_POINT('',(7.62,-13.97,3.0));
#1393=DIRECTION('',(0.0,0.0,-1.0));
#1394=DIRECTION('',(0.0,-1.0,-0.0));
#1395=AXIS2_PLACEMENT_3D('',#1392,#1393,#1394);
#1396=CYLINDRICAL_SURFACE('',#1395,0.255);
#1397=ADVANCED_FACE('n° 769',(#1388,#1391),#1396,.T.);
#1398=ORIENTED_EDGE('',*,*,#1376,.F.);
#1399=EDGE_LOOP('',(#1398));
#1400=FACE_OUTER_BOUND('',#1399,.T.);
#1401=ORIENTED_EDGE('',*,*,#296,.T.);
#1402=EDGE_LOOP('',(#1401));
#1403=FACE_BOUND('',#1402,.T.);
#1404=CARTESIAN_POINT('',(7.62,-13.97,3.0));
#1405=DIRECTION('',(0.0,0.0,-1.0));
#1406=DIRECTION('',(0.0,-1.0,-0.0));
#1407=AXIS2_PLACEMENT_3D('',#1404,#1405,#1406);
#1408=CYLINDRICAL_SURFACE('',#1407,0.685);
#1409=ADVANCED_FACE('n° 779',(#1400,#1403),#1408,.T.);
#1410=CARTESIAN_POINT('',(7.62,-14.885,3.001));
#1411=VERTEX_POINT('',#1410);
#1412=CARTESIAN_POINT('',(7.62,-13.97,3.001));
#1413=DIRECTION('',(0.0,0.0,-1.0));
#1414=DIRECTION('',(0.0,-1.0,-0.0));
#1415=AXIS2_PLACEMENT_3D('',#1412,#1413,#1414);
#1416=CIRCLE('',#1415,0.915);
#1417=EDGE_CURVE('n° 750',#1411,#1411,#1416,.T.);
#1418=ORIENTED_EDGE('',*,*,#1417,.T.);
#1419=EDGE_LOOP('',(#1418));
#1420=FACE_OUTER_BOUND('',#1419,.T.);
#1421=ORIENTED_EDGE('',*,*,#761,.T.);
#1422=EDGE_LOOP('',(#1421));
#1423=FACE_BOUND('',#1422,.T.);
#1424=CARTESIAN_POINT('',(7.62,-13.97,3.0));
#1425=DIRECTION('',(0.0,0.0,-1.0));
#1426=DIRECTION('',(0.0,-1.0,-0.0));
#1427=AXIS2_PLACEMENT_3D('',#1424,#1425,#1426);
#1428=CYLINDRICAL_SURFACE('',#1427,0.915);
#1429=ADVANCED_FACE('n° 804',(#1420,#1423),#1428,.T.);
#1430=CARTESIAN_POINT('',(7.62,-14.52,3.001));
#1431=VERTEX_POINT('',#1430);
#1432=CARTESIAN_POINT('',(7.62,-13.97,3.001));
#1433=DIRECTION('',(0.0,0.0,-1.0));
#1434=DIRECTION('',(0.0,-1.0,-0.0));
#1435=AXIS2_PLACEMENT_3D('',#1432,#1433,#1434);
#1436=CIRCLE('',#1435,0.55);
#1437=EDGE_CURVE('n° 3664',#1431,#1431,#1436,.T.);
#1438=ORIENTED_EDGE('',*,*,#1437,.T.);
#1439=EDGE_LOOP('',(#1438));
#1440=FACE_OUTER_BOUND('',#1439,.T.);
#1441=ORIENTED_EDGE('',*,*,#1417,.F.);
#1442=EDGE_LOOP('',(#1441));
#1443=FACE_BOUND('',#1442,.T.);
#1444=CARTESIAN_POINT('',(7.62,-13.97,3.001));
#1445=DIRECTION('',(0.0,0.0,-1.0));
#1446=DIRECTION('',(0.0,-1.0,-0.0));
#1447=AXIS2_PLACEMENT_3D('',#1444,#1445,#1446);
#1448=PLANE('',#1447);
#1449=ADVANCED_FACE('n° 809',(#1440,#1443),#1448,.F.);
#1450=CARTESIAN_POINT('',(7.62,-11.685,-4.175));
#1451=VERTEX_POINT('',#1450);
#1452=CARTESIAN_POINT('',(7.62,-11.43,-4.175));
#1453=DIRECTION('',(0.0,0.0,-1.0));
#1454=DIRECTION('',(0.0,-1.0,-0.0));
#1455=AXIS2_PLACEMENT_3D('',#1452,#1453,#1454);
#1456=CIRCLE('',#1455,0.255);
#1457=EDGE_CURVE('n° 866',#1451,#1451,#1456,.T.);
#1458=ORIENTED_EDGE('',*,*,#1457,.T.);
#1459=EDGE_LOOP('',(#1458));
#1460=FACE_OUTER_BOUND('',#1459,.T.);
#1461=CARTESIAN_POINT('',(7.62,-11.43,-4.175));
#1462=DIRECTION('',(0.0,0.0,-1.0));
#1463=DIRECTION('',(1.0,0.0,0.0));
#1464=AXIS2_PLACEMENT_3D('',#1461,#1462,#1463);
#1465=SPHERICAL_SURFACE('',#1464,0.255);
#1466=ADVANCED_FACE('n° 919',(#1460),#1465,.T.);
#1467=CARTESIAN_POINT('',(7.62,-11.685,-1.68));
#1468=VERTEX_POINT('',#1467);
#1469=CARTESIAN_POINT('',(7.62,-11.43,-1.68));
#1470=DIRECTION('',(0.0,0.0,-1.0));
#1471=DIRECTION('',(0.0,-1.0,-0.0));
#1472=AXIS2_PLACEMENT_3D('',#1469,#1470,#1471);
#1473=CIRCLE('',#1472,0.255);
#1474=EDGE_CURVE('n° 859',#1468,#1468,#1473,.T.);
#1475=ORIENTED_EDGE('',*,*,#1474,.F.);
#1476=EDGE_LOOP('',(#1475));
#1477=FACE_OUTER_BOUND('',#1476,.T.);
#1478=CARTESIAN_POINT('',(7.62,-12.115,-1.25));
#1479=VERTEX_POINT('',#1478);
#1480=CARTESIAN_POINT('',(7.62,-11.43,-1.25));
#1481=DIRECTION('',(0.0,0.0,-1.0));
#1482=DIRECTION('',(0.0,-1.0,-0.0));
#1483=AXIS2_PLACEMENT_3D('',#1480,#1481,#1482);
#1484=CIRCLE('',#1483,0.685);
#1485=EDGE_CURVE('n° 860',#1479,#1479,#1484,.T.);
#1486=ORIENTED_EDGE('',*,*,#1485,.T.);
#1487=EDGE_LOOP('',(#1486));
#1488=FACE_BOUND('',#1487,.T.);
#1489=CARTESIAN_POINT('',(7.62,-11.43,-1.25));
#1490=DIRECTION('',(0.0,-0.0,1.0));
#1491=DIRECTION('',(-0.0,1.0,0.0));
#1492=AXIS2_PLACEMENT_3D('',#1489,#1490,#1491);
#1493=CONICAL_SURFACE('',#1492,0.685,0.7853981634);
#1494=ADVANCED_FACE('n° 880',(#1477,#1488),#1493,.T.);
#1495=ORIENTED_EDGE('',*,*,#1457,.F.);
#1496=EDGE_LOOP('',(#1495));
#1497=FACE_OUTER_BOUND('',#1496,.T.);
#1498=ORIENTED_EDGE('',*,*,#1474,.T.);
#1499=EDGE_LOOP('',(#1498));
#1500=FACE_BOUND('',#1499,.T.);
#1501=CARTESIAN_POINT('',(7.62,-11.43,3.0));
#1502=DIRECTION('',(0.0,0.0,-1.0));
#1503=DIRECTION('',(0.0,-1.0,-0.0));
#1504=AXIS2_PLACEMENT_3D('',#1501,#1502,#1503);
#1505=CYLINDRICAL_SURFACE('',#1504,0.255);
#1506=ADVANCED_FACE('n° 875',(#1497,#1500),#1505,.T.);
#1507=ORIENTED_EDGE('',*,*,#1485,.F.);
#1508=EDGE_LOOP('',(#1507));
#1509=FACE_OUTER_BOUND('',#1508,.T.);
#1510=ORIENTED_EDGE('',*,*,#155,.T.);
#1511=EDGE_LOOP('',(#1510));
#1512=FACE_BOUND('',#1511,.T.);
#1513=CARTESIAN_POINT('',(7.62,-11.43,3.0));
#1514=DIRECTION('',(0.0,0.0,-1.0));
#1515=DIRECTION('',(0.0,-1.0,-0.0));
#1516=AXIS2_PLACEMENT_3D('',#1513,#1514,#1515);
#1517=CYLINDRICAL_SURFACE('',#1516,0.685);
#1518=ADVANCED_FACE('n° 885',(#1509,#1512),#1517,.T.);
#1519=CARTESIAN_POINT('',(7.62,-12.345,3.001));
#1520=VERTEX_POINT('',#1519);
#1521=CARTESIAN_POINT('',(7.62,-11.43,3.001));
#1522=DIRECTION('',(0.0,0.0,-1.0));
#1523=DIRECTION('',(0.0,-1.0,-0.0));
#1524=AXIS2_PLACEMENT_3D('',#1521,#1522,#1523);
#1525=CIRCLE('',#1524,0.915);
#1526=EDGE_CURVE('n° 856',#1520,#1520,#1525,.T.);
#1527=ORIENTED_EDGE('',*,*,#1526,.T.);
#1528=EDGE_LOOP('',(#1527));
#1529=FACE_OUTER_BOUND('',#1528,.T.);
#1530=ORIENTED_EDGE('',*,*,#705,.T.);
#1531=EDGE_LOOP('',(#1530));
#1532=FACE_BOUND('',#1531,.T.);
#1533=CARTESIAN_POINT('',(7.62,-11.43,3.0));
#1534=DIRECTION('',(0.0,0.0,-1.0));
#1535=DIRECTION('',(0.0,-1.0,-0.0));
#1536=AXIS2_PLACEMENT_3D('',#1533,#1534,#1535);
#1537=CYLINDRICAL_SURFACE('',#1536,0.915);
#1538=ADVANCED_FACE('n° 910',(#1529,#1532),#1537,.T.);
#1539=CARTESIAN_POINT('',(7.62,-11.98,3.001));
#1540=VERTEX_POINT('',#1539);
#1541=CARTESIAN_POINT('',(7.62,-11.43,3.001));
#1542=DIRECTION('',(0.0,0.0,-1.0));
#1543=DIRECTION('',(0.0,-1.0,-0.0));
#1544=AXIS2_PLACEMENT_3D('',#1541,#1542,#1543);
#1545=CIRCLE('',#1544,0.55);
#1546=EDGE_CURVE('n° 3722',#1540,#1540,#1545,.T.);
#1547=ORIENTED_EDGE('',*,*,#1546,.T.);
#1548=EDGE_LOOP('',(#1547));
#1549=FACE_OUTER_BOUND('',#1548,.T.);
#1550=ORIENTED_EDGE('',*,*,#1526,.F.);
#1551=EDGE_LOOP('',(#1550));
#1552=FACE_BOUND('',#1551,.T.);
#1553=CARTESIAN_POINT('',(7.62,-11.43,3.001));
#1554=DIRECTION('',(0.0,0.0,-1.0));
#1555=DIRECTION('',(0.0,-1.0,-0.0));
#1556=AXIS2_PLACEMENT_3D('',#1553,#1554,#1555);
#1557=PLANE('',#1556);
#1558=ADVANCED_FACE('n° 915',(#1549,#1552),#1557,.F.);
#1559=CARTESIAN_POINT('',(7.62,-9.145,-4.175));
#1560=VERTEX_POINT('',#1559);
#1561=CARTESIAN_POINT('',(7.62,-8.89,-4.175));
#1562=DIRECTION('',(0.0,0.0,-1.0));
#1563=DIRECTION('',(0.0,-1.0,-0.0));
#1564=AXIS2_PLACEMENT_3D('',#1561,#1562,#1563);
#1565=CIRCLE('',#1564,0.255);
#1566=EDGE_CURVE('n° 972',#1560,#1560,#1565,.T.);
#1567=ORIENTED_EDGE('',*,*,#1566,.T.);
#1568=EDGE_LOOP('',(#1567));
#1569=FACE_OUTER_BOUND('',#1568,.T.);
#1570=CARTESIAN_POINT('',(7.62,-8.89,-4.175));
#1571=DIRECTION('',(0.0,0.0,-1.0));
#1572=DIRECTION('',(1.0,0.0,0.0));
#1573=AXIS2_PLACEMENT_3D('',#1570,#1571,#1572);
#1574=SPHERICAL_SURFACE('',#1573,0.255);
#1575=ADVANCED_FACE('n° 1025',(#1569),#1574,.T.);
#1576=CARTESIAN_POINT('',(7.62,-9.145,-1.68));
#1577=VERTEX_POINT('',#1576);
#1578=CARTESIAN_POINT('',(7.62,-8.89,-1.68));
#1579=DIRECTION('',(0.0,0.0,-1.0));
#1580=DIRECTION('',(0.0,-1.0,-0.0));
#1581=AXIS2_PLACEMENT_3D('',#1578,#1579,#1580);
#1582=CIRCLE('',#1581,0.255);
#1583=EDGE_CURVE('n° 965',#1577,#1577,#1582,.T.);
#1584=ORIENTED_EDGE('',*,*,#1583,.F.);
#1585=EDGE_LOOP('',(#1584));
#1586=FACE_OUTER_BOUND('',#1585,.T.);
#1587=CARTESIAN_POINT('',(7.62,-9.575,-1.25));
#1588=VERTEX_POINT('',#1587);
#1589=CARTESIAN_POINT('',(7.62,-8.89,-1.25));
#1590=DIRECTION('',(0.0,0.0,-1.0));
#1591=DIRECTION('',(0.0,-1.0,-0.0));
#1592=AXIS2_PLACEMENT_3D('',#1589,#1590,#1591);
#1593=CIRCLE('',#1592,0.685);
#1594=EDGE_CURVE('n° 966',#1588,#1588,#1593,.T.);
#1595=ORIENTED_EDGE('',*,*,#1594,.T.);
#1596=EDGE_LOOP('',(#1595));
#1597=FACE_BOUND('',#1596,.T.);
#1598=CARTESIAN_POINT('',(7.62,-8.89,-1.25));
#1599=DIRECTION('',(0.0,-0.0,1.0));
#1600=DIRECTION('',(-0.0,1.0,0.0));
#1601=AXIS2_PLACEMENT_3D('',#1598,#1599,#1600);
#1602=CONICAL_SURFACE('',#1601,0.685,0.7853981634);
#1603=ADVANCED_FACE('n° 986',(#1586,#1597),#1602,.T.);
#1604=ORIENTED_EDGE('',*,*,#1566,.F.);
#1605=EDGE_LOOP('',(#1604));
#1606=FACE_OUTER_BOUND('',#1605,.T.);
#1607=ORIENTED_EDGE('',*,*,#1583,.T.);
#1608=EDGE_LOOP('',(#1607));
#1609=FACE_BOUND('',#1608,.T.);
#1610=CARTESIAN_POINT('',(7.62,-8.89,3.0));
#1611=DIRECTION('',(0.0,0.0,-1.0));
#1612=DIRECTION('',(0.0,-1.0,-0.0));
#1613=AXIS2_PLACEMENT_3D('',#1610,#1611,#1612);
#1614=CYLINDRICAL_SURFACE('',#1613,0.255);
#1615=ADVANCED_FACE('n° 981',(#1606,#1609),#1614,.T.);
#1616=ORIENTED_EDGE('',*,*,#1594,.F.);
#1617=EDGE_LOOP('',(#1616));
#1618=FACE_OUTER_BOUND('',#1617,.T.);
#1619=ORIENTED_EDGE('',*,*,#307,.T.);
#1620=EDGE_LOOP('',(#1619));
#1621=FACE_BOUND('',#1620,.T.);
#1622=CARTESIAN_POINT('',(7.62,-8.89,3.0));
#1623=DIRECTION('',(0.0,0.0,-1.0));
#1624=DIRECTION('',(0.0,-1.0,-0.0));
#1625=AXIS2_PLACEMENT_3D('',#1622,#1623,#1624);
#1626=CYLINDRICAL_SURFACE('',#1625,0.685);
#1627=ADVANCED_FACE('n° 991',(#1618,#1621),#1626,.T.);
#1628=CARTESIAN_POINT('',(7.62,-9.805,3.001));
#1629=VERTEX_POINT('',#1628);
#1630=CARTESIAN_POINT('',(7.62,-8.89,3.001));
#1631=DIRECTION('',(0.0,0.0,-1.0));
#1632=DIRECTION('',(0.0,-1.0,-0.0));
#1633=AXIS2_PLACEMENT_3D('',#1630,#1631,#1632);
#1634=CIRCLE('',#1633,0.915);
#1635=EDGE_CURVE('n° 962',#1629,#1629,#1634,.T.);
#1636=ORIENTED_EDGE('',*,*,#1635,.T.);
#1637=EDGE_LOOP('',(#1636));
#1638=FACE_OUTER_BOUND('',#1637,.T.);
#1639=ORIENTED_EDGE('',*,*,#772,.T.);
#1640=EDGE_LOOP('',(#1639));
#1641=FACE_BOUND('',#1640,.T.);
#1642=CARTESIAN_POINT('',(7.62,-8.89,3.0));
#1643=DIRECTION('',(0.0,0.0,-1.0));
#1644=DIRECTION('',(0.0,-1.0,-0.0));
#1645=AXIS2_PLACEMENT_3D('',#1642,#1643,#1644);
#1646=CYLINDRICAL_SURFACE('',#1645,0.915);
#1647=ADVANCED_FACE('n° 1016',(#1638,#1641),#1646,.T.);
#1648=CARTESIAN_POINT('',(7.62,-9.44,3.001));
#1649=VERTEX_POINT('',#1648);
#1650=CARTESIAN_POINT('',(7.62,-8.89,3.001));
#1651=DIRECTION('',(0.0,0.0,-1.0));
#1652=DIRECTION('',(0.0,-1.0,-0.0));
#1653=AXIS2_PLACEMENT_3D('',#1650,#1651,#1652);
#1654=CIRCLE('',#1653,0.55);
#1655=EDGE_CURVE('n° 3780',#1649,#1649,#1654,.T.);
#1656=ORIENTED_EDGE('',*,*,#1655,.T.);
#1657=EDGE_LOOP('',(#1656));
#1658=FACE_OUTER_BOUND('',#1657,.T.);
#1659=ORIENTED_EDGE('',*,*,#1635,.F.);
#1660=EDGE_LOOP('',(#1659));
#1661=FACE_BOUND('',#1660,.T.);
#1662=CARTESIAN_POINT('',(7.62,-8.89,3.001));
#1663=DIRECTION('',(0.0,0.0,-1.0));
#1664=DIRECTION('',(0.0,-1.0,-0.0));
#1665=AXIS2_PLACEMENT_3D('',#1662,#1663,#1664);
#1666=PLANE('',#1665);
#1667=ADVANCED_FACE('n° 1021',(#1658,#1661),#1666,.F.);
#1668=CARTESIAN_POINT('',(7.62,-6.605,-4.175));
#1669=VERTEX_POINT('',#1668);
#1670=CARTESIAN_POINT('',(7.62,-6.35,-4.175));
#1671=DIRECTION('',(0.0,0.0,-1.0));
#1672=DIRECTION('',(0.0,-1.0,-0.0));
#1673=AXIS2_PLACEMENT_3D('',#1670,#1671,#1672);
#1674=CIRCLE('',#1673,0.255);
#1675=EDGE_CURVE('n° 1078',#1669,#1669,#1674,.T.);
#1676=ORIENTED_EDGE('',*,*,#1675,.T.);
#1677=EDGE_LOOP('',(#1676));
#1678=FACE_OUTER_BOUND('',#1677,.T.);
#1679=CARTESIAN_POINT('',(7.62,-6.35,-4.175));
#1680=DIRECTION('',(0.0,0.0,-1.0));
#1681=DIRECTION('',(1.0,0.0,0.0));
#1682=AXIS2_PLACEMENT_3D('',#1679,#1680,#1681);
#1683=SPHERICAL_SURFACE('',#1682,0.255);
#1684=ADVANCED_FACE('n° 1131',(#1678),#1683,.T.);
#1685=CARTESIAN_POINT('',(7.62,-6.605,-1.68));
#1686=VERTEX_POINT('',#1685);
#1687=CARTESIAN_POINT('',(7.62,-6.35,-1.68));
#1688=DIRECTION('',(0.0,0.0,-1.0));
#1689=DIRECTION('',(0.0,-1.0,-0.0));
#1690=AXIS2_PLACEMENT_3D('',#1687,#1688,#1689);
#1691=CIRCLE('',#1690,0.255);
#1692=EDGE_CURVE('n° 1071',#1686,#1686,#1691,.T.);
#1693=ORIENTED_EDGE('',*,*,#1692,.F.);
#1694=EDGE_LOOP('',(#1693));
#1695=FACE_OUTER_BOUND('',#1694,.T.);
#1696=CARTESIAN_POINT('',(7.62,-7.035,-1.25));
#1697=VERTEX_POINT('',#1696);
#1698=CARTESIAN_POINT('',(7.62,-6.35,-1.25));
#1699=DIRECTION('',(0.0,0.0,-1.0));
#1700=DIRECTION('',(0.0,-1.0,-0.0));
#1701=AXIS2_PLACEMENT_3D('',#1698,#1699,#1700);
#1702=CIRCLE('',#1701,0.685);
#1703=EDGE_CURVE('n° 1072',#1697,#1697,#1702,.T.);
#1704=ORIENTED_EDGE('',*,*,#1703,.T.);
#1705=EDGE_LOOP('',(#1704));
#1706=FACE_BOUND('',#1705,.T.);
#1707=CARTESIAN_POINT('',(7.62,-6.35,-1.25));
#1708=DIRECTION('',(0.0,-0.0,1.0));
#1709=DIRECTION('',(-0.0,1.0,0.0));
#1710=AXIS2_PLACEMENT_3D('',#1707,#1708,#1709);
#1711=CONICAL_SURFACE('',#1710,0.685,0.7853981634);
#1712=ADVANCED_FACE('n° 1092',(#1695,#1706),#1711,.T.);
#1713=ORIENTED_EDGE('',*,*,#1675,.F.);
#1714=EDGE_LOOP('',(#1713));
#1715=FACE_OUTER_BOUND('',#1714,.T.);
#1716=ORIENTED_EDGE('',*,*,#1692,.T.);
#1717=EDGE_LOOP('',(#1716));
#1718=FACE_BOUND('',#1717,.T.);
#1719=CARTESIAN_POINT('',(7.62,-6.35,3.0));
#1720=DIRECTION('',(0.0,0.0,-1.0));
#1721=DIRECTION('',(0.0,-1.0,-0.0));
#1722=AXIS2_PLACEMENT_3D('',#1719,#1720,#1721);
#1723=CYLINDRICAL_SURFACE('',#1722,0.255);
#1724=ADVANCED_FACE('n° 1087',(#1715,#1718),#1723,.T.);
#1725=ORIENTED_EDGE('',*,*,#1703,.F.);
#1726=EDGE_LOOP('',(#1725));
#1727=FACE_OUTER_BOUND('',#1726,.T.);
#1728=ORIENTED_EDGE('',*,*,#144,.T.);
#1729=EDGE_LOOP('',(#1728));
#1730=FACE_BOUND('',#1729,.T.);
#1731=CARTESIAN_POINT('',(7.62,-6.35,3.0));
#1732=DIRECTION('',(0.0,0.0,-1.0));
#1733=DIRECTION('',(0.0,-1.0,-0.0));
#1734=AXIS2_PLACEMENT_3D('',#1731,#1732,#1733);
#1735=CYLINDRICAL_SURFACE('',#1734,0.685);
#1736=ADVANCED_FACE('n° 1097',(#1727,#1730),#1735,.T.);
#1737=CARTESIAN_POINT('',(7.62,-7.265,3.001));
#1738=VERTEX_POINT('',#1737);
#1739=CARTESIAN_POINT('',(7.62,-6.35,3.001));
#1740=DIRECTION('',(0.0,0.0,-1.0));
#1741=DIRECTION('',(0.0,-1.0,-0.0));
#1742=AXIS2_PLACEMENT_3D('',#1739,#1740,#1741);
#1743=CIRCLE('',#1742,0.915);
#1744=EDGE_CURVE('n° 1068',#1738,#1738,#1743,.T.);
#1745=ORIENTED_EDGE('',*,*,#1744,.T.);
#1746=EDGE_LOOP('',(#1745));
#1747=FACE_OUTER_BOUND('',#1746,.T.);
#1748=ORIENTED_EDGE('',*,*,#694,.T.);
#1749=EDGE_LOOP('',(#1748));
#1750=FACE_BOUND('',#1749,.T.);
#1751=CARTESIAN_POINT('',(7.62,-6.35,3.0));
#1752=DIRECTION('',(0.0,0.0,-1.0));
#1753=DIRECTION('',(0.0,-1.0,-0.0));
#1754=AXIS2_PLACEMENT_3D('',#1751,#1752,#1753);
#1755=CYLINDRICAL_SURFACE('',#1754,0.915);
#1756=ADVANCED_FACE('n° 1122',(#1747,#1750),#1755,.T.);
#1757=CARTESIAN_POINT('',(7.62,-6.9,3.001));
#1758=VERTEX_POINT('',#1757);
#1759=CARTESIAN_POINT('',(7.62,-6.35,3.001));
#1760=DIRECTION('',(0.0,0.0,-1.0));
#1761=DIRECTION('',(0.0,-1.0,-0.0));
#1762=AXIS2_PLACEMENT_3D('',#1759,#1760,#1761);
#1763=CIRCLE('',#1762,0.55);
#1764=EDGE_CURVE('n° 3838',#1758,#1758,#1763,.T.);
#1765=ORIENTED_EDGE('',*,*,#1764,.T.);
#1766=EDGE_LOOP('',(#1765));
#1767=FACE_OUTER_BOUND('',#1766,.T.);
#1768=ORIENTED_EDGE('',*,*,#1744,.F.);
#1769=EDGE_LOOP('',(#1768));
#1770=FACE_BOUND('',#1769,.T.);
#1771=CARTESIAN_POINT('',(7.62,-6.35,3.001));
#1772=DIRECTION('',(0.0,0.0,-1.0));
#1773=DIRECTION('',(0.0,-1.0,-0.0));
#1774=AXIS2_PLACEMENT_3D('',#1771,#1772,#1773);
#1775=PLANE('',#1774);
#1776=ADVANCED_FACE('n° 1127',(#1767,#1770),#1775,.F.);
#1777=CARTESIAN_POINT('',(7.62,-4.065,-4.175));
#1778=VERTEX_POINT('',#1777);
#1779=CARTESIAN_POINT('',(7.62,-3.81,-4.175));
#1780=DIRECTION('',(0.0,0.0,-1.0));
#1781=DIRECTION('',(0.0,-1.0,-0.0));
#1782=AXIS2_PLACEMENT_3D('',#1779,#1780,#1781);
#1783=CIRCLE('',#1782,0.255);
#1784=EDGE_CURVE('n° 1184',#1778,#1778,#1783,.T.);
#1785=ORIENTED_EDGE('',*,*,#1784,.T.);
#1786=EDGE_LOOP('',(#1785));
#1787=FACE_OUTER_BOUND('',#1786,.T.);
#1788=CARTESIAN_POINT('',(7.62,-3.81,-4.175));
#1789=DIRECTION('',(0.0,0.0,-1.0));
#1790=DIRECTION('',(1.0,0.0,0.0));
#1791=AXIS2_PLACEMENT_3D('',#1788,#1789,#1790);
#1792=SPHERICAL_SURFACE('',#1791,0.255);
#1793=ADVANCED_FACE('n° 1237',(#1787),#1792,.T.);
#1794=CARTESIAN_POINT('',(7.62,-4.065,-1.68));
#1795=VERTEX_POINT('',#1794);
#1796=CARTESIAN_POINT('',(7.62,-3.81,-1.68));
#1797=DIRECTION('',(0.0,0.0,-1.0));
#1798=DIRECTION('',(0.0,-1.0,-0.0));
#1799=AXIS2_PLACEMENT_3D('',#1796,#1797,#1798);
#1800=CIRCLE('',#1799,0.255);
#1801=EDGE_CURVE('n° 1177',#1795,#1795,#1800,.T.);
#1802=ORIENTED_EDGE('',*,*,#1801,.F.);
#1803=EDGE_LOOP('',(#1802));
#1804=FACE_OUTER_BOUND('',#1803,.T.);
#1805=CARTESIAN_POINT('',(7.62,-4.495,-1.25));
#1806=VERTEX_POINT('',#1805);
#1807=CARTESIAN_POINT('',(7.62,-3.81,-1.25));
#1808=DIRECTION('',(0.0,0.0,-1.0));
#1809=DIRECTION('',(0.0,-1.0,-0.0));
#1810=AXIS2_PLACEMENT_3D('',#1807,#1808,#1809);
#1811=CIRCLE('',#1810,0.685);
#1812=EDGE_CURVE('n° 1178',#1806,#1806,#1811,.T.);
#1813=ORIENTED_EDGE('',*,*,#1812,.T.);
#1814=EDGE_LOOP('',(#1813));
#1815=FACE_BOUND('',#1814,.T.);
#1816=CARTESIAN_POINT('',(7.62,-3.81,-1.25));
#1817=DIRECTION('',(0.0,-0.0,1.0));
#1818=DIRECTION('',(-0.0,1.0,0.0));
#1819=AXIS2_PLACEMENT_3D('',#1816,#1817,#1818);
#1820=CONICAL_SURFACE('',#1819,0.685,0.7853981634);
#1821=ADVANCED_FACE('n° 1198',(#1804,#1815),#1820,.T.);
#1822=ORIENTED_EDGE('',*,*,#1784,.F.);
#1823=EDGE_LOOP('',(#1822));
#1824=FACE_OUTER_BOUND('',#1823,.T.);
#1825=ORIENTED_EDGE('',*,*,#1801,.T.);
#1826=EDGE_LOOP('',(#1825));
#1827=FACE_BOUND('',#1826,.T.);
#1828=CARTESIAN_POINT('',(7.62,-3.81,3.0));
#1829=DIRECTION('',(0.0,0.0,-1.0));
#1830=DIRECTION('',(0.0,-1.0,-0.0));
#1831=AXIS2_PLACEMENT_3D('',#1828,#1829,#1830);
#1832=CYLINDRICAL_SURFACE('',#1831,0.255);
#1833=ADVANCED_FACE('n° 1193',(#1824,#1827),#1832,.T.);
#1834=ORIENTED_EDGE('',*,*,#1812,.F.);
#1835=EDGE_LOOP('',(#1834));
#1836=FACE_OUTER_BOUND('',#1835,.T.);
#1837=ORIENTED_EDGE('',*,*,#318,.T.);
#1838=EDGE_LOOP('',(#1837));
#1839=FACE_BOUND('',#1838,.T.);
#1840=CARTESIAN_POINT('',(7.62,-3.81,3.0));
#1841=DIRECTION('',(0.0,0.0,-1.0));
#1842=DIRECTION('',(0.0,-1.0,-0.0));
#1843=AXIS2_PLACEMENT_3D('',#1840,#1841,#1842);
#1844=CYLINDRICAL_SURFACE('',#1843,0.685);
#1845=ADVANCED_FACE('n° 1203',(#1836,#1839),#1844,.T.);
#1846=CARTESIAN_POINT('',(7.62,-4.725,3.001));
#1847=VERTEX_POINT('',#1846);
#1848=CARTESIAN_POINT('',(7.62,-3.81,3.001));
#1849=DIRECTION('',(0.0,0.0,-1.0));
#1850=DIRECTION('',(0.0,-1.0,-0.0));
#1851=AXIS2_PLACEMENT_3D('',#1848,#1849,#1850);
#1852=CIRCLE('',#1851,0.915);
#1853=EDGE_CURVE('n° 1174',#1847,#1847,#1852,.T.);
#1854=ORIENTED_EDGE('',*,*,#1853,.T.);
#1855=EDGE_LOOP('',(#1854));
#1856=FACE_OUTER_BOUND('',#1855,.T.);
#1857=ORIENTED_EDGE('',*,*,#783,.T.);
#1858=EDGE_LOOP('',(#1857));
#1859=FACE_BOUND('',#1858,.T.);
#1860=CARTESIAN_POINT('',(7.62,-3.81,3.0));
#1861=DIRECTION('',(0.0,0.0,-1.0));
#1862=DIRECTION('',(0.0,-1.0,-0.0));
#1863=AXIS2_PLACEMENT_3D('',#1860,#1861,#1862);
#1864=CYLINDRICAL_SURFACE('',#1863,0.915);
#1865=ADVANCED_FACE('n° 1228',(#1856,#1859),#1864,.T.);
#1866=CARTESIAN_POINT('',(7.62,-4.36,3.001));
#1867=VERTEX_POINT('',#1866);
#1868=CARTESIAN_POINT('',(7.62,-3.81,3.001));
#1869=DIRECTION('',(0.0,0.0,-1.0));
#1870=DIRECTION('',(0.0,-1.0,-0.0));
#1871=AXIS2_PLACEMENT_3D('',#1868,#1869,#1870);
#1872=CIRCLE('',#1871,0.55);
#1873=EDGE_CURVE('n° 3896',#1867,#1867,#1872,.T.);
#1874=ORIENTED_EDGE('',*,*,#1873,.T.);
#1875=EDGE_LOOP('',(#1874));
#1876=FACE_OUTER_BOUND('',#1875,.T.);
#1877=ORIENTED_EDGE('',*,*,#1853,.F.);
#1878=EDGE_LOOP('',(#1877));
#1879=FACE_BOUND('',#1878,.T.);
#1880=CARTESIAN_POINT('',(7.62,-3.81,3.001));
#1881=DIRECTION('',(0.0,0.0,-1.0));
#1882=DIRECTION('',(0.0,-1.0,-0.0));
#1883=AXIS2_PLACEMENT_3D('',#1880,#1881,#1882);
#1884=PLANE('',#1883);
#1885=ADVANCED_FACE('n° 1233',(#1876,#1879),#1884,.F.);
#1886=CARTESIAN_POINT('',(7.62,-1.525,-4.175));
#1887=VERTEX_POINT('',#1886);
#1888=CARTESIAN_POINT('',(7.62,-1.27,-4.175));
#1889=DIRECTION('',(0.0,0.0,-1.0));
#1890=DIRECTION('',(0.0,-1.0,-0.0));
#1891=AXIS2_PLACEMENT_3D('',#1888,#1889,#1890);
#1892=CIRCLE('',#1891,0.255);
#1893=EDGE_CURVE('n° 1290',#1887,#1887,#1892,.T.);
#1894=ORIENTED_EDGE('',*,*,#1893,.T.);
#1895=EDGE_LOOP('',(#1894));
#1896=FACE_OUTER_BOUND('',#1895,.T.);
#1897=CARTESIAN_POINT('',(7.62,-1.27,-4.175));
#1898=DIRECTION('',(0.0,0.0,-1.0));
#1899=DIRECTION('',(1.0,0.0,0.0));
#1900=AXIS2_PLACEMENT_3D('',#1897,#1898,#1899);
#1901=SPHERICAL_SURFACE('',#1900,0.255);
#1902=ADVANCED_FACE('n° 1343',(#1896),#1901,.T.);
#1903=CARTESIAN_POINT('',(7.62,-1.525,-1.68));
#1904=VERTEX_POINT('',#1903);
#1905=CARTESIAN_POINT('',(7.62,-1.27,-1.68));
#1906=DIRECTION('',(0.0,0.0,-1.0));
#1907=DIRECTION('',(0.0,-1.0,-0.0));
#1908=AXIS2_PLACEMENT_3D('',#1905,#1906,#1907);
#1909=CIRCLE('',#1908,0.255);
#1910=EDGE_CURVE('n° 1283',#1904,#1904,#1909,.T.);
#1911=ORIENTED_EDGE('',*,*,#1910,.F.);
#1912=EDGE_LOOP('',(#1911));
#1913=FACE_OUTER_BOUND('',#1912,.T.);
#1914=CARTESIAN_POINT('',(7.62,-1.955,-1.25));
#1915=VERTEX_POINT('',#1914);
#1916=CARTESIAN_POINT('',(7.62,-1.27,-1.25));
#1917=DIRECTION('',(0.0,0.0,-1.0));
#1918=DIRECTION('',(0.0,-1.0,-0.0));
#1919=AXIS2_PLACEMENT_3D('',#1916,#1917,#1918);
#1920=CIRCLE('',#1919,0.685);
#1921=EDGE_CURVE('n° 1284',#1915,#1915,#1920,.T.);
#1922=ORIENTED_EDGE('',*,*,#1921,.T.);
#1923=EDGE_LOOP('',(#1922));
#1924=FACE_BOUND('',#1923,.T.);
#1925=CARTESIAN_POINT('',(7.62,-1.27,-1.25));
#1926=DIRECTION('',(0.0,-0.0,1.0));
#1927=DIRECTION('',(-0.0,1.0,0.0));
#1928=AXIS2_PLACEMENT_3D('',#1925,#1926,#1927);
#1929=CONICAL_SURFACE('',#1928,0.685,0.7853981634);
#1930=ADVANCED_FACE('n° 1304',(#1913,#1924),#1929,.T.);
#1931=ORIENTED_EDGE('',*,*,#1893,.F.);
#1932=EDGE_LOOP('',(#1931));
#1933=FACE_OUTER_BOUND('',#1932,.T.);
#1934=ORIENTED_EDGE('',*,*,#1910,.T.);
#1935=EDGE_LOOP('',(#1934));
#1936=FACE_BOUND('',#1935,.T.);
#1937=CARTESIAN_POINT('',(7.62,-1.27,3.0));
#1938=DIRECTION('',(0.0,0.0,-1.0));
#1939=DIRECTION('',(0.0,-1.0,-0.0));
#1940=AXIS2_PLACEMENT_3D('',#1937,#1938,#1939);
#1941=CYLINDRICAL_SURFACE('',#1940,0.255);
#1942=ADVANCED_FACE('n° 1299',(#1933,#1936),#1941,.T.);
#1943=ORIENTED_EDGE('',*,*,#1921,.F.);
#1944=EDGE_LOOP('',(#1943));
#1945=FACE_OUTER_BOUND('',#1944,.T.);
#1946=ORIENTED_EDGE('',*,*,#133,.T.);
#1947=EDGE_LOOP('',(#1946));
#1948=FACE_BOUND('',#1947,.T.);
#1949=CARTESIAN_POINT('',(7.62,-1.27,3.0));
#1950=DIRECTION('',(0.0,0.0,-1.0));
#1951=DIRECTION('',(0.0,-1.0,-0.0));
#1952=AXIS2_PLACEMENT_3D('',#1949,#1950,#1951);
#1953=CYLINDRICAL_SURFACE('',#1952,0.685);
#1954=ADVANCED_FACE('n° 1309',(#1945,#1948),#1953,.T.);
#1955=CARTESIAN_POINT('',(7.62,-2.185,3.001));
#1956=VERTEX_POINT('',#1955);
#1957=CARTESIAN_POINT('',(7.62,-1.27,3.001));
#1958=DIRECTION('',(0.0,0.0,-1.0));
#1959=DIRECTION('',(0.0,-1.0,-0.0));
#1960=AXIS2_PLACEMENT_3D('',#1957,#1958,#1959);
#1961=CIRCLE('',#1960,0.915);
#1962=EDGE_CURVE('n° 1280',#1956,#1956,#1961,.T.);
#1963=ORIENTED_EDGE('',*,*,#1962,.T.);
#1964=EDGE_LOOP('',(#1963));
#1965=FACE_OUTER_BOUND('',#1964,.T.);
#1966=ORIENTED_EDGE('',*,*,#683,.T.);
#1967=EDGE_LOOP('',(#1966));
#1968=FACE_BOUND('',#1967,.T.);
#1969=CARTESIAN_POINT('',(7.62,-1.27,3.0));
#1970=DIRECTION('',(0.0,0.0,-1.0));
#1971=DIRECTION('',(0.0,-1.0,-0.0));
#1972=AXIS2_PLACEMENT_3D('',#1969,#1970,#1971);
#1973=CYLINDRICAL_SURFACE('',#1972,0.915);
#1974=ADVANCED_FACE('n° 1334',(#1965,#1968),#1973,.T.);
#1975=CARTESIAN_POINT('',(7.62,-1.82,3.001));
#1976=VERTEX_POINT('',#1975);
#1977=CARTESIAN_POINT('',(7.62,-1.27,3.001));
#1978=DIRECTION('',(0.0,0.0,-1.0));
#1979=DIRECTION('',(0.0,-1.0,-0.0));
#1980=AXIS2_PLACEMENT_3D('',#1977,#1978,#1979);
#1981=CIRCLE('',#1980,0.55);
#1982=EDGE_CURVE('n° 3954',#1976,#1976,#1981,.T.);
#1983=ORIENTED_EDGE('',*,*,#1982,.T.);
#1984=EDGE_LOOP('',(#1983));
#1985=FACE_OUTER_BOUND('',#1984,.T.);
#1986=ORIENTED_EDGE('',*,*,#1962,.F.);
#1987=EDGE_LOOP('',(#1986));
#1988=FACE_BOUND('',#1987,.T.);
#1989=CARTESIAN_POINT('',(7.62,-1.27,3.001));
#1990=DIRECTION('',(0.0,0.0,-1.0));
#1991=DIRECTION('',(0.0,-1.0,-0.0));
#1992=AXIS2_PLACEMENT_3D('',#1989,#1990,#1991);
#1993=PLANE('',#1992);
#1994=ADVANCED_FACE('n° 1339',(#1985,#1988),#1993,.F.);
#1995=CARTESIAN_POINT('',(7.62,1.015,-4.175));
#1996=VERTEX_POINT('',#1995);
#1997=CARTESIAN_POINT('',(7.62,1.27,-4.175));
#1998=DIRECTION('',(0.0,0.0,-1.0));
#1999=DIRECTION('',(0.0,-1.0,-0.0));
#2000=AXIS2_PLACEMENT_3D('',#1997,#1998,#1999);
#2001=CIRCLE('',#2000,0.255);
#2002=EDGE_CURVE('n° 1396',#1996,#1996,#2001,.T.);
#2003=ORIENTED_EDGE('',*,*,#2002,.T.);
#2004=EDGE_LOOP('',(#2003));
#2005=FACE_OUTER_BOUND('',#2004,.T.);
#2006=CARTESIAN_POINT('',(7.62,1.27,-4.175));
#2007=DIRECTION('',(0.0,0.0,-1.0));
#2008=DIRECTION('',(1.0,0.0,0.0));
#2009=AXIS2_PLACEMENT_3D('',#2006,#2007,#2008);
#2010=SPHERICAL_SURFACE('',#2009,0.255);
#2011=ADVANCED_FACE('n° 1449',(#2005),#2010,.T.);
#2012=CARTESIAN_POINT('',(7.62,1.015,-1.68));
#2013=VERTEX_POINT('',#2012);
#2014=CARTESIAN_POINT('',(7.62,1.27,-1.68));
#2015=DIRECTION('',(0.0,0.0,-1.0));
#2016=DIRECTION('',(0.0,-1.0,-0.0));
#2017=AXIS2_PLACEMENT_3D('',#2014,#2015,#2016);
#2018=CIRCLE('',#2017,0.255);
#2019=EDGE_CURVE('n° 1389',#2013,#2013,#2018,.T.);
#2020=ORIENTED_EDGE('',*,*,#2019,.F.);
#2021=EDGE_LOOP('',(#2020));
#2022=FACE_OUTER_BOUND('',#2021,.T.);
#2023=CARTESIAN_POINT('',(7.62,0.585,-1.25));
#2024=VERTEX_POINT('',#2023);
#2025=CARTESIAN_POINT('',(7.62,1.27,-1.25));
#2026=DIRECTION('',(0.0,0.0,-1.0));
#2027=DIRECTION('',(0.0,-1.0,-0.0));
#2028=AXIS2_PLACEMENT_3D('',#2025,#2026,#2027);
#2029=CIRCLE('',#2028,0.685);
#2030=EDGE_CURVE('n° 1390',#2024,#2024,#2029,.T.);
#2031=ORIENTED_EDGE('',*,*,#2030,.T.);
#2032=EDGE_LOOP('',(#2031));
#2033=FACE_BOUND('',#2032,.T.);
#2034=CARTESIAN_POINT('',(7.62,1.27,-1.25));
#2035=DIRECTION('',(0.0,-0.0,1.0));
#2036=DIRECTION('',(-0.0,1.0,0.0));
#2037=AXIS2_PLACEMENT_3D('',#2034,#2035,#2036);
#2038=CONICAL_SURFACE('',#2037,0.685,0.7853981634);
#2039=ADVANCED_FACE('n° 1410',(#2022,#2033),#2038,.T.);
#2040=ORIENTED_EDGE('',*,*,#2002,.F.);
#2041=EDGE_LOOP('',(#2040));
#2042=FACE_OUTER_BOUND('',#2041,.T.);
#2043=ORIENTED_EDGE('',*,*,#2019,.T.);
#2044=EDGE_LOOP('',(#2043));
#2045=FACE_BOUND('',#2044,.T.);
#2046=CARTESIAN_POINT('',(7.62,1.27,3.0));
#2047=DIRECTION('',(0.0,0.0,-1.0));
#2048=DIRECTION('',(0.0,-1.0,-0.0));
#2049=AXIS2_PLACEMENT_3D('',#2046,#2047,#2048);
#2050=CYLINDRICAL_SURFACE('',#2049,0.255);
#2051=ADVANCED_FACE('n° 1405',(#2042,#2045),#2050,.T.);
#2052=ORIENTED_EDGE('',*,*,#2030,.F.);
#2053=EDGE_LOOP('',(#2052));
#2054=FACE_OUTER_BOUND('',#2053,.T.);
#2055=ORIENTED_EDGE('',*,*,#329,.T.);
#2056=EDGE_LOOP('',(#2055));
#2057=FACE_BOUND('',#2056,.T.);
#2058=CARTESIAN_POINT('',(7.62,1.27,3.0));
#2059=DIRECTION('',(0.0,0.0,-1.0));
#2060=DIRECTION('',(0.0,-1.0,-0.0));
#2061=AXIS2_PLACEMENT_3D('',#2058,#2059,#2060);
#2062=CYLINDRICAL_SURFACE('',#2061,0.685);
#2063=ADVANCED_FACE('n° 1415',(#2054,#2057),#2062,.T.);
#2064=CARTESIAN_POINT('',(7.62,0.355,3.001));
#2065=VERTEX_POINT('',#2064);
#2066=CARTESIAN_POINT('',(7.62,1.27,3.001));
#2067=DIRECTION('',(0.0,0.0,-1.0));
#2068=DIRECTION('',(0.0,-1.0,-0.0));
#2069=AXIS2_PLACEMENT_3D('',#2066,#2067,#2068);
#2070=CIRCLE('',#2069,0.915);
#2071=EDGE_CURVE('n° 1386',#2065,#2065,#2070,.T.);
#2072=ORIENTED_EDGE('',*,*,#2071,.T.);
#2073=EDGE_LOOP('',(#2072));
#2074=FACE_OUTER_BOUND('',#2073,.T.);
#2075=ORIENTED_EDGE('',*,*,#794,.T.);
#2076=EDGE_LOOP('',(#2075));
#2077=FACE_BOUND('',#2076,.T.);
#2078=CARTESIAN_POINT('',(7.62,1.27,3.0));
#2079=DIRECTION('',(0.0,0.0,-1.0));
#2080=DIRECTION('',(0.0,-1.0,-0.0));
#2081=AXIS2_PLACEMENT_3D('',#2078,#2079,#2080);
#2082=CYLINDRICAL_SURFACE('',#2081,0.915);
#2083=ADVANCED_FACE('n° 1440',(#2074,#2077),#2082,.T.);
#2084=CARTESIAN_POINT('',(7.62,0.72,3.001));
#2085=VERTEX_POINT('',#2084);
#2086=CARTESIAN_POINT('',(7.62,1.27,3.001));
#2087=DIRECTION('',(0.0,0.0,-1.0));
#2088=DIRECTION('',(0.0,-1.0,-0.0));
#2089=AXIS2_PLACEMENT_3D('',#2086,#2087,#2088);
#2090=CIRCLE('',#2089,0.55);
#2091=EDGE_CURVE('n° 4012',#2085,#2085,#2090,.T.);
#2092=ORIENTED_EDGE('',*,*,#2091,.T.);
#2093=EDGE_LOOP('',(#2092));
#2094=FACE_OUTER_BOUND('',#2093,.T.);
#2095=ORIENTED_EDGE('',*,*,#2071,.F.);
#2096=EDGE_LOOP('',(#2095));
#2097=FACE_BOUND('',#2096,.T.);
#2098=CARTESIAN_POINT('',(7.62,1.27,3.001));
#2099=DIRECTION('',(0.0,0.0,-1.0));
#2100=DIRECTION('',(0.0,-1.0,-0.0));
#2101=AXIS2_PLACEMENT_3D('',#2098,#2099,#2100);
#2102=PLANE('',#2101);
#2103=ADVANCED_FACE('n° 1445',(#2094,#2097),#2102,.F.);
#2104=CARTESIAN_POINT('',(7.62,3.555,-4.175));
#2105=VERTEX_POINT('',#2104);
#2106=CARTESIAN_POINT('',(7.62,3.81,-4.175));
#2107=DIRECTION('',(0.0,0.0,-1.0));
#2108=DIRECTION('',(0.0,-1.0,-0.0));
#2109=AXIS2_PLACEMENT_3D('',#2106,#2107,#2108);
#2110=CIRCLE('',#2109,0.255);
#2111=EDGE_CURVE('n° 1502',#2105,#2105,#2110,.T.);
#2112=ORIENTED_EDGE('',*,*,#2111,.T.);
#2113=EDGE_LOOP('',(#2112));
#2114=FACE_OUTER_BOUND('',#2113,.T.);
#2115=CARTESIAN_POINT('',(7.62,3.81,-4.175));
#2116=DIRECTION('',(0.0,0.0,-1.0));
#2117=DIRECTION('',(1.0,0.0,0.0));
#2118=AXIS2_PLACEMENT_3D('',#2115,#2116,#2117);
#2119=SPHERICAL_SURFACE('',#2118,0.255);
#2120=ADVANCED_FACE('n° 1555',(#2114),#2119,.T.);
#2121=CARTESIAN_POINT('',(7.62,3.555,-1.68));
#2122=VERTEX_POINT('',#2121);
#2123=CARTESIAN_POINT('',(7.62,3.81,-1.68));
#2124=DIRECTION('',(0.0,0.0,-1.0));
#2125=DIRECTION('',(0.0,-1.0,-0.0));
#2126=AXIS2_PLACEMENT_3D('',#2123,#2124,#2125);
#2127=CIRCLE('',#2126,0.255);
#2128=EDGE_CURVE('n° 1495',#2122,#2122,#2127,.T.);
#2129=ORIENTED_EDGE('',*,*,#2128,.F.);
#2130=EDGE_LOOP('',(#2129));
#2131=FACE_OUTER_BOUND('',#2130,.T.);
#2132=CARTESIAN_POINT('',(7.62,3.125,-1.25));
#2133=VERTEX_POINT('',#2132);
#2134=CARTESIAN_POINT('',(7.62,3.81,-1.25));
#2135=DIRECTION('',(0.0,0.0,-1.0));
#2136=DIRECTION('',(0.0,-1.0,-0.0));
#2137=AXIS2_PLACEMENT_3D('',#2134,#2135,#2136);
#2138=CIRCLE('',#2137,0.685);
#2139=EDGE_CURVE('n° 1496',#2133,#2133,#2138,.T.);
#2140=ORIENTED_EDGE('',*,*,#2139,.T.);
#2141=EDGE_LOOP('',(#2140));
#2142=FACE_BOUND('',#2141,.T.);
#2143=CARTESIAN_POINT('',(7.62,3.81,-1.25));
#2144=DIRECTION('',(0.0,-0.0,1.0));
#2145=DIRECTION('',(-0.0,1.0,0.0));
#2146=AXIS2_PLACEMENT_3D('',#2143,#2144,#2145);
#2147=CONICAL_SURFACE('',#2146,0.685,0.7853981634);
#2148=ADVANCED_FACE('n° 1516',(#2131,#2142),#2147,.T.);
#2149=ORIENTED_EDGE('',*,*,#2111,.F.);
#2150=EDGE_LOOP('',(#2149));
#2151=FACE_OUTER_BOUND('',#2150,.T.);
#2152=ORIENTED_EDGE('',*,*,#2128,.T.);
#2153=EDGE_LOOP('',(#2152));
#2154=FACE_BOUND('',#2153,.T.);
#2155=CARTESIAN_POINT('',(7.62,3.81,3.0));
#2156=DIRECTION('',(0.0,0.0,-1.0));
#2157=DIRECTION('',(0.0,-1.0,-0.0));
#2158=AXIS2_PLACEMENT_3D('',#2155,#2156,#2157);
#2159=CYLINDRICAL_SURFACE('',#2158,0.255);
#2160=ADVANCED_FACE('n° 1511',(#2151,#2154),#2159,.T.);
#2161=ORIENTED_EDGE('',*,*,#2139,.F.);
#2162=EDGE_LOOP('',(#2161));
#2163=FACE_OUTER_BOUND('',#2162,.T.);
#2164=ORIENTED_EDGE('',*,*,#122,.T.);
#2165=EDGE_LOOP('',(#2164));
#2166=FACE_BOUND('',#2165,.T.);
#2167=CARTESIAN_POINT('',(7.62,3.81,3.0));
#2168=DIRECTION('',(0.0,0.0,-1.0));
#2169=DIRECTION('',(0.0,-1.0,-0.0));
#2170=AXIS2_PLACEMENT_3D('',#2167,#2168,#2169);
#2171=CYLINDRICAL_SURFACE('',#2170,0.685);
#2172=ADVANCED_FACE('n° 1521',(#2163,#2166),#2171,.T.);
#2173=CARTESIAN_POINT('',(7.62,2.895,3.001));
#2174=VERTEX_POINT('',#2173);
#2175=CARTESIAN_POINT('',(7.62,3.81,3.001));
#2176=DIRECTION('',(0.0,0.0,-1.0));
#2177=DIRECTION('',(0.0,-1.0,-0.0));
#2178=AXIS2_PLACEMENT_3D('',#2175,#2176,#2177);
#2179=CIRCLE('',#2178,0.915);
#2180=EDGE_CURVE('n° 1492',#2174,#2174,#2179,.T.);
#2181=ORIENTED_EDGE('',*,*,#2180,.T.);
#2182=EDGE_LOOP('',(#2181));
#2183=FACE_OUTER_BOUND('',#2182,.T.);
#2184=ORIENTED_EDGE('',*,*,#672,.T.);
#2185=EDGE_LOOP('',(#2184));
#2186=FACE_BOUND('',#2185,.T.);
#2187=CARTESIAN_POINT('',(7.62,3.81,3.0));
#2188=DIRECTION('',(0.0,0.0,-1.0));
#2189=DIRECTION('',(0.0,-1.0,-0.0));
#2190=AXIS2_PLACEMENT_3D('',#2187,#2188,#2189);
#2191=CYLINDRICAL_SURFACE('',#2190,0.915);
#2192=ADVANCED_FACE('n° 1546',(#2183,#2186),#2191,.T.);
#2193=CARTESIAN_POINT('',(7.62,3.26,3.001));
#2194=VERTEX_POINT('',#2193);
#2195=CARTESIAN_POINT('',(7.62,3.81,3.001));
#2196=DIRECTION('',(0.0,0.0,-1.0));
#2197=DIRECTION('',(0.0,-1.0,-0.0));
#2198=AXIS2_PLACEMENT_3D('',#2195,#2196,#2197);
#2199=CIRCLE('',#2198,0.55);
#2200=EDGE_CURVE('n° 4070',#2194,#2194,#2199,.T.);
#2201=ORIENTED_EDGE('',*,*,#2200,.T.);
#2202=EDGE_LOOP('',(#2201));
#2203=FACE_OUTER_BOUND('',#2202,.T.);
#2204=ORIENTED_EDGE('',*,*,#2180,.F.);
#2205=EDGE_LOOP('',(#2204));
#2206=FACE_BOUND('',#2205,.T.);
#2207=CARTESIAN_POINT('',(7.62,3.81,3.001));
#2208=DIRECTION('',(0.0,0.0,-1.0));
#2209=DIRECTION('',(0.0,-1.0,-0.0));
#2210=AXIS2_PLACEMENT_3D('',#2207,#2208,#2209);
#2211=PLANE('',#2210);
#2212=ADVANCED_FACE('n° 1551',(#2203,#2206),#2211,.F.);
#2213=CARTESIAN_POINT('',(7.62,6.095,-4.175));
#2214=VERTEX_POINT('',#2213);
#2215=CARTESIAN_POINT('',(7.62,6.35,-4.175));
#2216=DIRECTION('',(0.0,0.0,-1.0));
#2217=DIRECTION('',(0.0,-1.0,-0.0));
#2218=AXIS2_PLACEMENT_3D('',#2215,#2216,#2217);
#2219=CIRCLE('',#2218,0.255);
#2220=EDGE_CURVE('n° 1608',#2214,#2214,#2219,.T.);
#2221=ORIENTED_EDGE('',*,*,#2220,.T.);
#2222=EDGE_LOOP('',(#2221));
#2223=FACE_OUTER_BOUND('',#2222,.T.);
#2224=CARTESIAN_POINT('',(7.62,6.35,-4.175));
#2225=DIRECTION('',(0.0,0.0,-1.0));
#2226=DIRECTION('',(1.0,0.0,0.0));
#2227=AXIS2_PLACEMENT_3D('',#2224,#2225,#2226);
#2228=SPHERICAL_SURFACE('',#2227,0.255);
#2229=ADVANCED_FACE('n° 1661',(#2223),#2228,.T.);
#2230=CARTESIAN_POINT('',(7.62,6.095,-1.68));
#2231=VERTEX_POINT('',#2230);
#2232=CARTESIAN_POINT('',(7.62,6.35,-1.68));
#2233=DIRECTION('',(0.0,0.0,-1.0));
#2234=DIRECTION('',(0.0,-1.0,-0.0));
#2235=AXIS2_PLACEMENT_3D('',#2232,#2233,#2234);
#2236=CIRCLE('',#2235,0.255);
#2237=EDGE_CURVE('n° 1601',#2231,#2231,#2236,.T.);
#2238=ORIENTED_EDGE('',*,*,#2237,.F.);
#2239=EDGE_LOOP('',(#2238));
#2240=FACE_OUTER_BOUND('',#2239,.T.);
#2241=CARTESIAN_POINT('',(7.62,5.665,-1.25));
#2242=VERTEX_POINT('',#2241);
#2243=CARTESIAN_POINT('',(7.62,6.35,-1.25));
#2244=DIRECTION('',(0.0,0.0,-1.0));
#2245=DIRECTION('',(0.0,-1.0,-0.0));
#2246=AXIS2_PLACEMENT_3D('',#2243,#2244,#2245);
#2247=CIRCLE('',#2246,0.685);
#2248=EDGE_CURVE('n° 1602',#2242,#2242,#2247,.T.);
#2249=ORIENTED_EDGE('',*,*,#2248,.T.);
#2250=EDGE_LOOP('',(#2249));
#2251=FACE_BOUND('',#2250,.T.);
#2252=CARTESIAN_POINT('',(7.62,6.35,-1.25));
#2253=DIRECTION('',(0.0,-0.0,1.0));
#2254=DIRECTION('',(-0.0,1.0,0.0));
#2255=AXIS2_PLACEMENT_3D('',#2252,#2253,#2254);
#2256=CONICAL_SURFACE('',#2255,0.685,0.7853981634);
#2257=ADVANCED_FACE('n° 1622',(#2240,#2251),#2256,.T.);
#2258=ORIENTED_EDGE('',*,*,#2220,.F.);
#2259=EDGE_LOOP('',(#2258));
#2260=FACE_OUTER_BOUND('',#2259,.T.);
#2261=ORIENTED_EDGE('',*,*,#2237,.T.);
#2262=EDGE_LOOP('',(#2261));
#2263=FACE_BOUND('',#2262,.T.);
#2264=CARTESIAN_POINT('',(7.62,6.35,3.0));
#2265=DIRECTION('',(0.0,0.0,-1.0));
#2266=DIRECTION('',(0.0,-1.0,-0.0));
#2267=AXIS2_PLACEMENT_3D('',#2264,#2265,#2266);
#2268=CYLINDRICAL_SURFACE('',#2267,0.255);
#2269=ADVANCED_FACE('n° 1617',(#2260,#2263),#2268,.T.);
#2270=ORIENTED_EDGE('',*,*,#2248,.F.);
#2271=EDGE_LOOP('',(#2270));
#2272=FACE_OUTER_BOUND('',#2271,.T.);
#2273=ORIENTED_EDGE('',*,*,#340,.T.);
#2274=EDGE_LOOP('',(#2273));
#2275=FACE_BOUND('',#2274,.T.);
#2276=CARTESIAN_POINT('',(7.62,6.35,3.0));
#2277=DIRECTION('',(0.0,0.0,-1.0));
#2278=DIRECTION('',(0.0,-1.0,-0.0));
#2279=AXIS2_PLACEMENT_3D('',#2276,#2277,#2278);
#2280=CYLINDRICAL_SURFACE('',#2279,0.685);
#2281=ADVANCED_FACE('n° 1627',(#2272,#2275),#2280,.T.);
#2282=CARTESIAN_POINT('',(7.62,5.435,3.001));
#2283=VERTEX_POINT('',#2282);
#2284=CARTESIAN_POINT('',(7.62,6.35,3.001));
#2285=DIRECTION('',(0.0,0.0,-1.0));
#2286=DIRECTION('',(0.0,-1.0,-0.0));
#2287=AXIS2_PLACEMENT_3D('',#2284,#2285,#2286);
#2288=CIRCLE('',#2287,0.915);
#2289=EDGE_CURVE('n° 1598',#2283,#2283,#2288,.T.);
#2290=ORIENTED_EDGE('',*,*,#2289,.T.);
#2291=EDGE_LOOP('',(#2290));
#2292=FACE_OUTER_BOUND('',#2291,.T.);
#2293=ORIENTED_EDGE('',*,*,#805,.T.);
#2294=EDGE_LOOP('',(#2293));
#2295=FACE_BOUND('',#2294,.T.);
#2296=CARTESIAN_POINT('',(7.62,6.35,3.0));
#2297=DIRECTION('',(0.0,0.0,-1.0));
#2298=DIRECTION('',(0.0,-1.0,-0.0));
#2299=AXIS2_PLACEMENT_3D('',#2296,#2297,#2298);
#2300=CYLINDRICAL_SURFACE('',#2299,0.915);
#2301=ADVANCED_FACE('n° 1652',(#2292,#2295),#2300,.T.);
#2302=CARTESIAN_POINT('',(7.62,5.8,3.001));
#2303=VERTEX_POINT('',#2302);
#2304=CARTESIAN_POINT('',(7.62,6.35,3.001));
#2305=DIRECTION('',(0.0,0.0,-1.0));
#2306=DIRECTION('',(0.0,-1.0,-0.0));
#2307=AXIS2_PLACEMENT_3D('',#2304,#2305,#2306);
#2308=CIRCLE('',#2307,0.55);
#2309=EDGE_CURVE('n° 4128',#2303,#2303,#2308,.T.);
#2310=ORIENTED_EDGE('',*,*,#2309,.T.);
#2311=EDGE_LOOP('',(#2310));
#2312=FACE_OUTER_BOUND('',#2311,.T.);
#2313=ORIENTED_EDGE('',*,*,#2289,.F.);
#2314=EDGE_LOOP('',(#2313));
#2315=FACE_BOUND('',#2314,.T.);
#2316=CARTESIAN_POINT('',(7.62,6.35,3.001));
#2317=DIRECTION('',(0.0,0.0,-1.0));
#2318=DIRECTION('',(0.0,-1.0,-0.0));
#2319=AXIS2_PLACEMENT_3D('',#2316,#2317,#2318);
#2320=PLANE('',#2319);
#2321=ADVANCED_FACE('n° 1657',(#2312,#2315),#2320,.F.);
#2322=CARTESIAN_POINT('',(7.62,8.635,-4.175));
#2323=VERTEX_POINT('',#2322);
#2324=CARTESIAN_POINT('',(7.62,8.89,-4.175));
#2325=DIRECTION('',(0.0,0.0,-1.0));
#2326=DIRECTION('',(0.0,-1.0,-0.0));
#2327=AXIS2_PLACEMENT_3D('',#2324,#2325,#2326);
#2328=CIRCLE('',#2327,0.255);
#2329=EDGE_CURVE('n° 1714',#2323,#2323,#2328,.T.);
#2330=ORIENTED_EDGE('',*,*,#2329,.T.);
#2331=EDGE_LOOP('',(#2330));
#2332=FACE_OUTER_BOUND('',#2331,.T.);
#2333=CARTESIAN_POINT('',(7.62,8.89,-4.175));
#2334=DIRECTION('',(0.0,0.0,-1.0));
#2335=DIRECTION('',(1.0,0.0,0.0));
#2336=AXIS2_PLACEMENT_3D('',#2333,#2334,#2335);
#2337=SPHERICAL_SURFACE('',#2336,0.255);
#2338=ADVANCED_FACE('n° 1767',(#2332),#2337,.T.);
#2339=CARTESIAN_POINT('',(7.62,8.635,-1.68));
#2340=VERTEX_POINT('',#2339);
#2341=CARTESIAN_POINT('',(7.62,8.89,-1.68));
#2342=DIRECTION('',(0.0,0.0,-1.0));
#2343=DIRECTION('',(0.0,-1.0,-0.0));
#2344=AXIS2_PLACEMENT_3D('',#2341,#2342,#2343);
#2345=CIRCLE('',#2344,0.255);
#2346=EDGE_CURVE('n° 1707',#2340,#2340,#2345,.T.);
#2347=ORIENTED_EDGE('',*,*,#2346,.F.);
#2348=EDGE_LOOP('',(#2347));
#2349=FACE_OUTER_BOUND('',#2348,.T.);
#2350=CARTESIAN_POINT('',(7.62,8.205,-1.25));
#2351=VERTEX_POINT('',#2350);
#2352=CARTESIAN_POINT('',(7.62,8.89,-1.25));
#2353=DIRECTION('',(0.0,0.0,-1.0));
#2354=DIRECTION('',(0.0,-1.0,-0.0));
#2355=AXIS2_PLACEMENT_3D('',#2352,#2353,#2354);
#2356=CIRCLE('',#2355,0.685);
#2357=EDGE_CURVE('n° 1708',#2351,#2351,#2356,.T.);
#2358=ORIENTED_EDGE('',*,*,#2357,.T.);
#2359=EDGE_LOOP('',(#2358));
#2360=FACE_BOUND('',#2359,.T.);
#2361=CARTESIAN_POINT('',(7.62,8.89,-1.25));
#2362=DIRECTION('',(0.0,-0.0,1.0));
#2363=DIRECTION('',(-0.0,1.0,0.0));
#2364=AXIS2_PLACEMENT_3D('',#2361,#2362,#2363);
#2365=CONICAL_SURFACE('',#2364,0.685,0.7853981634);
#2366=ADVANCED_FACE('n° 1728',(#2349,#2360),#2365,.T.);
#2367=ORIENTED_EDGE('',*,*,#2329,.F.);
#2368=EDGE_LOOP('',(#2367));
#2369=FACE_OUTER_BOUND('',#2368,.T.);
#2370=ORIENTED_EDGE('',*,*,#2346,.T.);
#2371=EDGE_LOOP('',(#2370));
#2372=FACE_BOUND('',#2371,.T.);
#2373=CARTESIAN_POINT('',(7.62,8.89,3.0));
#2374=DIRECTION('',(0.0,0.0,-1.0));
#2375=DIRECTION('',(0.0,-1.0,-0.0));
#2376=AXIS2_PLACEMENT_3D('',#2373,#2374,#2375);
#2377=CYLINDRICAL_SURFACE('',#2376,0.255);
#2378=ADVANCED_FACE('n° 1723',(#2369,#2372),#2377,.T.);
#2379=ORIENTED_EDGE('',*,*,#2357,.F.);
#2380=EDGE_LOOP('',(#2379));
#2381=FACE_OUTER_BOUND('',#2380,.T.);
#2382=ORIENTED_EDGE('',*,*,#111,.T.);
#2383=EDGE_LOOP('',(#2382));
#2384=FACE_BOUND('',#2383,.T.);
#2385=CARTESIAN_POINT('',(7.62,8.89,3.0));
#2386=DIRECTION('',(0.0,0.0,-1.0));
#2387=DIRECTION('',(0.0,-1.0,-0.0));
#2388=AXIS2_PLACEMENT_3D('',#2385,#2386,#2387);
#2389=CYLINDRICAL_SURFACE('',#2388,0.685);
#2390=ADVANCED_FACE('n° 1733',(#2381,#2384),#2389,.T.);
#2391=CARTESIAN_POINT('',(7.62,7.975,3.001));
#2392=VERTEX_POINT('',#2391);
#2393=CARTESIAN_POINT('',(7.62,8.89,3.001));
#2394=DIRECTION('',(0.0,0.0,-1.0));
#2395=DIRECTION('',(0.0,-1.0,-0.0));
#2396=AXIS2_PLACEMENT_3D('',#2393,#2394,#2395);
#2397=CIRCLE('',#2396,0.915);
#2398=EDGE_CURVE('n° 1704',#2392,#2392,#2397,.T.);
#2399=ORIENTED_EDGE('',*,*,#2398,.T.);
#2400=EDGE_LOOP('',(#2399));
#2401=FACE_OUTER_BOUND('',#2400,.T.);
#2402=ORIENTED_EDGE('',*,*,#661,.T.);
#2403=EDGE_LOOP('',(#2402));
#2404=FACE_BOUND('',#2403,.T.);
#2405=CARTESIAN_POINT('',(7.62,8.89,3.0));
#2406=DIRECTION('',(0.0,0.0,-1.0));
#2407=DIRECTION('',(0.0,-1.0,-0.0));
#2408=AXIS2_PLACEMENT_3D('',#2405,#2406,#2407);
#2409=CYLINDRICAL_SURFACE('',#2408,0.915);
#2410=ADVANCED_FACE('n° 1758',(#2401,#2404),#2409,.T.);
#2411=CARTESIAN_POINT('',(7.62,8.34,3.001));
#2412=VERTEX_POINT('',#2411);
#2413=CARTESIAN_POINT('',(7.62,8.89,3.001));
#2414=DIRECTION('',(0.0,0.0,-1.0));
#2415=DIRECTION('',(0.0,-1.0,-0.0));
#2416=AXIS2_PLACEMENT_3D('',#2413,#2414,#2415);
#2417=CIRCLE('',#2416,0.55);
#2418=EDGE_CURVE('n° 4186',#2412,#2412,#2417,.T.);
#2419=ORIENTED_EDGE('',*,*,#2418,.T.);
#2420=EDGE_LOOP('',(#2419));
#2421=FACE_OUTER_BOUND('',#2420,.T.);
#2422=ORIENTED_EDGE('',*,*,#2398,.F.);
#2423=EDGE_LOOP('',(#2422));
#2424=FACE_BOUND('',#2423,.T.);
#2425=CARTESIAN_POINT('',(7.62,8.89,3.001));
#2426=DIRECTION('',(0.0,0.0,-1.0));
#2427=DIRECTION('',(0.0,-1.0,-0.0));
#2428=AXIS2_PLACEMENT_3D('',#2425,#2426,#2427);
#2429=PLANE('',#2428);
#2430=ADVANCED_FACE('n° 1763',(#2421,#2424),#2429,.F.);
#2431=CARTESIAN_POINT('',(7.62,11.175,-4.175));
#2432=VERTEX_POINT('',#2431);
#2433=CARTESIAN_POINT('',(7.62,11.43,-4.175));
#2434=DIRECTION('',(0.0,0.0,-1.0));
#2435=DIRECTION('',(0.0,-1.0,-0.0));
#2436=AXIS2_PLACEMENT_3D('',#2433,#2434,#2435);
#2437=CIRCLE('',#2436,0.255);
#2438=EDGE_CURVE('n° 1820',#2432,#2432,#2437,.T.);
#2439=ORIENTED_EDGE('',*,*,#2438,.T.);
#2440=EDGE_LOOP('',(#2439));
#2441=FACE_OUTER_BOUND('',#2440,.T.);
#2442=CARTESIAN_POINT('',(7.62,11.43,-4.175));
#2443=DIRECTION('',(0.0,0.0,-1.0));
#2444=DIRECTION('',(1.0,0.0,0.0));
#2445=AXIS2_PLACEMENT_3D('',#2442,#2443,#2444);
#2446=SPHERICAL_SURFACE('',#2445,0.255);
#2447=ADVANCED_FACE('n° 1873',(#2441),#2446,.T.);
#2448=CARTESIAN_POINT('',(7.62,11.175,-1.68));
#2449=VERTEX_POINT('',#2448);
#2450=CARTESIAN_POINT('',(7.62,11.43,-1.68));
#2451=DIRECTION('',(0.0,0.0,-1.0));
#2452=DIRECTION('',(0.0,-1.0,-0.0));
#2453=AXIS2_PLACEMENT_3D('',#2450,#2451,#2452);
#2454=CIRCLE('',#2453,0.255);
#2455=EDGE_CURVE('n° 1813',#2449,#2449,#2454,.T.);
#2456=ORIENTED_EDGE('',*,*,#2455,.F.);
#2457=EDGE_LOOP('',(#2456));
#2458=FACE_OUTER_BOUND('',#2457,.T.);
#2459=CARTESIAN_POINT('',(7.62,10.745,-1.25));
#2460=VERTEX_POINT('',#2459);
#2461=CARTESIAN_POINT('',(7.62,11.43,-1.25));
#2462=DIRECTION('',(0.0,0.0,-1.0));
#2463=DIRECTION('',(0.0,-1.0,-0.0));
#2464=AXIS2_PLACEMENT_3D('',#2461,#2462,#2463);
#2465=CIRCLE('',#2464,0.685);
#2466=EDGE_CURVE('n° 1814',#2460,#2460,#2465,.T.);
#2467=ORIENTED_EDGE('',*,*,#2466,.T.);
#2468=EDGE_LOOP('',(#2467));
#2469=FACE_BOUND('',#2468,.T.);
#2470=CARTESIAN_POINT('',(7.62,11.43,-1.25));
#2471=DIRECTION('',(0.0,-0.0,1.0));
#2472=DIRECTION('',(-0.0,1.0,0.0));
#2473=AXIS2_PLACEMENT_3D('',#2470,#2471,#2472);
#2474=CONICAL_SURFACE('',#2473,0.685,0.7853981634);
#2475=ADVANCED_FACE('n° 1834',(#2458,#2469),#2474,.T.);
#2476=ORIENTED_EDGE('',*,*,#2438,.F.);
#2477=EDGE_LOOP('',(#2476));
#2478=FACE_OUTER_BOUND('',#2477,.T.);
#2479=ORIENTED_EDGE('',*,*,#2455,.T.);
#2480=EDGE_LOOP('',(#2479));
#2481=FACE_BOUND('',#2480,.T.);
#2482=CARTESIAN_POINT('',(7.62,11.43,3.0));
#2483=DIRECTION('',(0.0,0.0,-1.0));
#2484=DIRECTION('',(0.0,-1.0,-0.0));
#2485=AXIS2_PLACEMENT_3D('',#2482,#2483,#2484);
#2486=CYLINDRICAL_SURFACE('',#2485,0.255);
#2487=ADVANCED_FACE('n° 1829',(#2478,#2481),#2486,.T.);
#2488=ORIENTED_EDGE('',*,*,#2466,.F.);
#2489=EDGE_LOOP('',(#2488));
#2490=FACE_OUTER_BOUND('',#2489,.T.);
#2491=ORIENTED_EDGE('',*,*,#351,.T.);
#2492=EDGE_LOOP('',(#2491));
#2493=FACE_BOUND('',#2492,.T.);
#2494=CARTESIAN_POINT('',(7.62,11.43,3.0));
#2495=DIRECTION('',(0.0,0.0,-1.0));
#2496=DIRECTION('',(0.0,-1.0,-0.0));
#2497=AXIS2_PLACEMENT_3D('',#2494,#2495,#2496);
#2498=CYLINDRICAL_SURFACE('',#2497,0.685);
#2499=ADVANCED_FACE('n° 1839',(#2490,#2493),#2498,.T.);
#2500=CARTESIAN_POINT('',(7.62,10.515,3.001));
#2501=VERTEX_POINT('',#2500);
#2502=CARTESIAN_POINT('',(7.62,11.43,3.001));
#2503=DIRECTION('',(0.0,0.0,-1.0));
#2504=DIRECTION('',(0.0,-1.0,-0.0));
#2505=AXIS2_PLACEMENT_3D('',#2502,#2503,#2504);
#2506=CIRCLE('',#2505,0.915);
#2507=EDGE_CURVE('n° 1810',#2501,#2501,#2506,.T.);
#2508=ORIENTED_EDGE('',*,*,#2507,.T.);
#2509=EDGE_LOOP('',(#2508));
#2510=FACE_OUTER_BOUND('',#2509,.T.);
#2511=ORIENTED_EDGE('',*,*,#816,.T.);
#2512=EDGE_LOOP('',(#2511));
#2513=FACE_BOUND('',#2512,.T.);
#2514=CARTESIAN_POINT('',(7.62,11.43,3.0));
#2515=DIRECTION('',(0.0,0.0,-1.0));
#2516=DIRECTION('',(0.0,-1.0,-0.0));
#2517=AXIS2_PLACEMENT_3D('',#2514,#2515,#2516);
#2518=CYLINDRICAL_SURFACE('',#2517,0.915);
#2519=ADVANCED_FACE('n° 1864',(#2510,#2513),#2518,.T.);
#2520=CARTESIAN_POINT('',(7.62,10.88,3.001));
#2521=VERTEX_POINT('',#2520);
#2522=CARTESIAN_POINT('',(7.62,11.43,3.001));
#2523=DIRECTION('',(0.0,0.0,-1.0));
#2524=DIRECTION('',(0.0,-1.0,-0.0));
#2525=AXIS2_PLACEMENT_3D('',#2522,#2523,#2524);
#2526=CIRCLE('',#2525,0.55);
#2527=EDGE_CURVE('n° 4244',#2521,#2521,#2526,.T.);
#2528=ORIENTED_EDGE('',*,*,#2527,.T.);
#2529=EDGE_LOOP('',(#2528));
#2530=FACE_OUTER_BOUND('',#2529,.T.);
#2531=ORIENTED_EDGE('',*,*,#2507,.F.);
#2532=EDGE_LOOP('',(#2531));
#2533=FACE_BOUND('',#2532,.T.);
#2534=CARTESIAN_POINT('',(7.62,11.43,3.001));
#2535=DIRECTION('',(0.0,0.0,-1.0));
#2536=DIRECTION('',(0.0,-1.0,-0.0));
#2537=AXIS2_PLACEMENT_3D('',#2534,#2535,#2536);
#2538=PLANE('',#2537);
#2539=ADVANCED_FACE('n° 1869',(#2530,#2533),#2538,.F.);
#2540=CARTESIAN_POINT('',(7.62,13.715,-4.175));
#2541=VERTEX_POINT('',#2540);
#2542=CARTESIAN_POINT('',(7.62,13.97,-4.175));
#2543=DIRECTION('',(0.0,0.0,-1.0));
#2544=DIRECTION('',(0.0,-1.0,-0.0));
#2545=AXIS2_PLACEMENT_3D('',#2542,#2543,#2544);
#2546=CIRCLE('',#2545,0.255);
#2547=EDGE_CURVE('n° 1926',#2541,#2541,#2546,.T.);
#2548=ORIENTED_EDGE('',*,*,#2547,.T.);
#2549=EDGE_LOOP('',(#2548));
#2550=FACE_OUTER_BOUND('',#2549,.T.);
#2551=CARTESIAN_POINT('',(7.62,13.97,-4.175));
#2552=DIRECTION('',(0.0,0.0,-1.0));
#2553=DIRECTION('',(1.0,0.0,0.0));
#2554=AXIS2_PLACEMENT_3D('',#2551,#2552,#2553);
#2555=SPHERICAL_SURFACE('',#2554,0.255);
#2556=ADVANCED_FACE('n° 1979',(#2550),#2555,.T.);
#2557=CARTESIAN_POINT('',(7.62,13.715,-1.68));
#2558=VERTEX_POINT('',#2557);
#2559=CARTESIAN_POINT('',(7.62,13.97,-1.68));
#2560=DIRECTION('',(0.0,0.0,-1.0));
#2561=DIRECTION('',(0.0,-1.0,-0.0));
#2562=AXIS2_PLACEMENT_3D('',#2559,#2560,#2561);
#2563=CIRCLE('',#2562,0.255);
#2564=EDGE_CURVE('n° 1919',#2558,#2558,#2563,.T.);
#2565=ORIENTED_EDGE('',*,*,#2564,.F.);
#2566=EDGE_LOOP('',(#2565));
#2567=FACE_OUTER_BOUND('',#2566,.T.);
#2568=CARTESIAN_POINT('',(7.62,13.285,-1.25));
#2569=VERTEX_POINT('',#2568);
#2570=CARTESIAN_POINT('',(7.62,13.97,-1.25));
#2571=DIRECTION('',(0.0,0.0,-1.0));
#2572=DIRECTION('',(0.0,-1.0,-0.0));
#2573=AXIS2_PLACEMENT_3D('',#2570,#2571,#2572);
#2574=CIRCLE('',#2573,0.685);
#2575=EDGE_CURVE('n° 1920',#2569,#2569,#2574,.T.);
#2576=ORIENTED_EDGE('',*,*,#2575,.T.);
#2577=EDGE_LOOP('',(#2576));
#2578=FACE_BOUND('',#2577,.T.);
#2579=CARTESIAN_POINT('',(7.62,13.97,-1.25));
#2580=DIRECTION('',(0.0,-0.0,1.0));
#2581=DIRECTION('',(-0.0,1.0,0.0));
#2582=AXIS2_PLACEMENT_3D('',#2579,#2580,#2581);
#2583=CONICAL_SURFACE('',#2582,0.685,0.7853981634);
#2584=ADVANCED_FACE('n° 1940',(#2567,#2578),#2583,.T.);
#2585=ORIENTED_EDGE('',*,*,#2547,.F.);
#2586=EDGE_LOOP('',(#2585));
#2587=FACE_OUTER_BOUND('',#2586,.T.);
#2588=ORIENTED_EDGE('',*,*,#2564,.T.);
#2589=EDGE_LOOP('',(#2588));
#2590=FACE_BOUND('',#2589,.T.);
#2591=CARTESIAN_POINT('',(7.62,13.97,3.0));
#2592=DIRECTION('',(0.0,0.0,-1.0));
#2593=DIRECTION('',(0.0,-1.0,-0.0));
#2594=AXIS2_PLACEMENT_3D('',#2591,#2592,#2593);
#2595=CYLINDRICAL_SURFACE('',#2594,0.255);
#2596=ADVANCED_FACE('n° 1935',(#2587,#2590),#2595,.T.);
#2597=ORIENTED_EDGE('',*,*,#2575,.F.);
#2598=EDGE_LOOP('',(#2597));
#2599=FACE_OUTER_BOUND('',#2598,.T.);
#2600=ORIENTED_EDGE('',*,*,#100,.T.);
#2601=EDGE_LOOP('',(#2600));
#2602=FACE_BOUND('',#2601,.T.);
#2603=CARTESIAN_POINT('',(7.62,13.97,3.0));
#2604=DIRECTION('',(0.0,0.0,-1.0));
#2605=DIRECTION('',(0.0,-1.0,-0.0));
#2606=AXIS2_PLACEMENT_3D('',#2603,#2604,#2605);
#2607=CYLINDRICAL_SURFACE('',#2606,0.685);
#2608=ADVANCED_FACE('n° 1945',(#2599,#2602),#2607,.T.);
#2609=CARTESIAN_POINT('',(7.62,13.055,3.001));
#2610=VERTEX_POINT('',#2609);
#2611=CARTESIAN_POINT('',(7.62,13.97,3.001));
#2612=DIRECTION('',(0.0,0.0,-1.0));
#2613=DIRECTION('',(0.0,-1.0,-0.0));
#2614=AXIS2_PLACEMENT_3D('',#2611,#2612,#2613);
#2615=CIRCLE('',#2614,0.915);
#2616=EDGE_CURVE('n° 1916',#2610,#2610,#2615,.T.);
#2617=ORIENTED_EDGE('',*,*,#2616,.T.);
#2618=EDGE_LOOP('',(#2617));
#2619=FACE_OUTER_BOUND('',#2618,.T.);
#2620=ORIENTED_EDGE('',*,*,#650,.T.);
#2621=EDGE_LOOP('',(#2620));
#2622=FACE_BOUND('',#2621,.T.);
#2623=CARTESIAN_POINT('',(7.62,13.97,3.0));
#2624=DIRECTION('',(0.0,0.0,-1.0));
#2625=DIRECTION('',(0.0,-1.0,-0.0));
#2626=AXIS2_PLACEMENT_3D('',#2623,#2624,#2625);
#2627=CYLINDRICAL_SURFACE('',#2626,0.915);
#2628=ADVANCED_FACE('n° 1970',(#2619,#2622),#2627,.T.);
#2629=CARTESIAN_POINT('',(7.62,13.42,3.001));
#2630=VERTEX_POINT('',#2629);
#2631=CARTESIAN_POINT('',(7.62,13.97,3.001));
#2632=DIRECTION('',(0.0,0.0,-1.0));
#2633=DIRECTION('',(0.0,-1.0,-0.0));
#2634=AXIS2_PLACEMENT_3D('',#2631,#2632,#2633);
#2635=CIRCLE('',#2634,0.55);
#2636=EDGE_CURVE('n° 4302',#2630,#2630,#2635,.T.);
#2637=ORIENTED_EDGE('',*,*,#2636,.T.);
#2638=EDGE_LOOP('',(#2637));
#2639=FACE_OUTER_BOUND('',#2638,.T.);
#2640=ORIENTED_EDGE('',*,*,#2616,.F.);
#2641=EDGE_LOOP('',(#2640));
#2642=FACE_BOUND('',#2641,.T.);
#2643=CARTESIAN_POINT('',(7.62,13.97,3.001));
#2644=DIRECTION('',(0.0,0.0,-1.0));
#2645=DIRECTION('',(0.0,-1.0,-0.0));
#2646=AXIS2_PLACEMENT_3D('',#2643,#2644,#2645);
#2647=PLANE('',#2646);
#2648=ADVANCED_FACE('n° 1975',(#2639,#2642),#2647,.F.);
#2649=CARTESIAN_POINT('',(7.62,16.255,-4.175));
#2650=VERTEX_POINT('',#2649);
#2651=CARTESIAN_POINT('',(7.62,16.51,-4.175));
#2652=DIRECTION('',(0.0,0.0,-1.0));
#2653=DIRECTION('',(0.0,-1.0,-0.0));
#2654=AXIS2_PLACEMENT_3D('',#2651,#2652,#2653);
#2655=CIRCLE('',#2654,0.255);
#2656=EDGE_CURVE('n° 2032',#2650,#2650,#2655,.T.);
#2657=ORIENTED_EDGE('',*,*,#2656,.T.);
#2658=EDGE_LOOP('',(#2657));
#2659=FACE_OUTER_BOUND('',#2658,.T.);
#2660=CARTESIAN_POINT('',(7.62,16.51,-4.175));
#2661=DIRECTION('',(0.0,0.0,-1.0));
#2662=DIRECTION('',(1.0,0.0,0.0));
#2663=AXIS2_PLACEMENT_3D('',#2660,#2661,#2662);
#2664=SPHERICAL_SURFACE('',#2663,0.255);
#2665=ADVANCED_FACE('n° 2085',(#2659),#2664,.T.);
#2666=CARTESIAN_POINT('',(7.62,16.255,-1.68));
#2667=VERTEX_POINT('',#2666);
#2668=CARTESIAN_POINT('',(7.62,16.51,-1.68));
#2669=DIRECTION('',(0.0,0.0,-1.0));
#2670=DIRECTION('',(0.0,-1.0,-0.0));
#2671=AXIS2_PLACEMENT_3D('',#2668,#2669,#2670);
#2672=CIRCLE('',#2671,0.255);
#2673=EDGE_CURVE('n° 2025',#2667,#2667,#2672,.T.);
#2674=ORIENTED_EDGE('',*,*,#2673,.F.);
#2675=EDGE_LOOP('',(#2674));
#2676=FACE_OUTER_BOUND('',#2675,.T.);
#2677=CARTESIAN_POINT('',(7.62,15.825,-1.25));
#2678=VERTEX_POINT('',#2677);
#2679=CARTESIAN_POINT('',(7.62,16.51,-1.25));
#2680=DIRECTION('',(0.0,0.0,-1.0));
#2681=DIRECTION('',(0.0,-1.0,-0.0));
#2682=AXIS2_PLACEMENT_3D('',#2679,#2680,#2681);
#2683=CIRCLE('',#2682,0.685);
#2684=EDGE_CURVE('n° 2026',#2678,#2678,#2683,.T.);
#2685=ORIENTED_EDGE('',*,*,#2684,.T.);
#2686=EDGE_LOOP('',(#2685));
#2687=FACE_BOUND('',#2686,.T.);
#2688=CARTESIAN_POINT('',(7.62,16.51,-1.25));
#2689=DIRECTION('',(0.0,-0.0,1.0));
#2690=DIRECTION('',(-0.0,1.0,0.0));
#2691=AXIS2_PLACEMENT_3D('',#2688,#2689,#2690);
#2692=CONICAL_SURFACE('',#2691,0.685,0.7853981634);
#2693=ADVANCED_FACE('n° 2046',(#2676,#2687),#2692,.T.);
#2694=ORIENTED_EDGE('',*,*,#2656,.F.);
#2695=EDGE_LOOP('',(#2694));
#2696=FACE_OUTER_BOUND('',#2695,.T.);
#2697=ORIENTED_EDGE('',*,*,#2673,.T.);
#2698=EDGE_LOOP('',(#2697));
#2699=FACE_BOUND('',#2698,.T.);
#2700=CARTESIAN_POINT('',(7.62,16.51,3.0));
#2701=DIRECTION('',(0.0,0.0,-1.0));
#2702=DIRECTION('',(0.0,-1.0,-0.0));
#2703=AXIS2_PLACEMENT_3D('',#2700,#2701,#2702);
#2704=CYLINDRICAL_SURFACE('',#2703,0.255);
#2705=ADVANCED_FACE('n° 2041',(#2696,#2699),#2704,.T.);
#2706=ORIENTED_EDGE('',*,*,#2684,.F.);
#2707=EDGE_LOOP('',(#2706));
#2708=FACE_OUTER_BOUND('',#2707,.T.);
#2709=ORIENTED_EDGE('',*,*,#362,.T.);
#2710=EDGE_LOOP('',(#2709));
#2711=FACE_BOUND('',#2710,.T.);
#2712=CARTESIAN_POINT('',(7.62,16.51,3.0));
#2713=DIRECTION('',(0.0,0.0,-1.0));
#2714=DIRECTION('',(0.0,-1.0,-0.0));
#2715=AXIS2_PLACEMENT_3D('',#2712,#2713,#2714);
#2716=CYLINDRICAL_SURFACE('',#2715,0.685);
#2717=ADVANCED_FACE('n° 2051',(#2708,#2711),#2716,.T.);
#2718=CARTESIAN_POINT('',(7.62,15.595,3.001));
#2719=VERTEX_POINT('',#2718);
#2720=CARTESIAN_POINT('',(7.62,16.51,3.001));
#2721=DIRECTION('',(0.0,0.0,-1.0));
#2722=DIRECTION('',(0.0,-1.0,-0.0));
#2723=AXIS2_PLACEMENT_3D('',#2720,#2721,#2722);
#2724=CIRCLE('',#2723,0.915);
#2725=EDGE_CURVE('n° 2022',#2719,#2719,#2724,.T.);
#2726=ORIENTED_EDGE('',*,*,#2725,.T.);
#2727=EDGE_LOOP('',(#2726));
#2728=FACE_OUTER_BOUND('',#2727,.T.);
#2729=ORIENTED_EDGE('',*,*,#827,.T.);
#2730=EDGE_LOOP('',(#2729));
#2731=FACE_BOUND('',#2730,.T.);
#2732=CARTESIAN_POINT('',(7.62,16.51,3.0));
#2733=DIRECTION('',(0.0,0.0,-1.0));
#2734=DIRECTION('',(0.0,-1.0,-0.0));
#2735=AXIS2_PLACEMENT_3D('',#2732,#2733,#2734);
#2736=CYLINDRICAL_SURFACE('',#2735,0.915);
#2737=ADVANCED_FACE('n° 2076',(#2728,#2731),#2736,.T.);
#2738=CARTESIAN_POINT('',(7.62,15.96,3.001));
#2739=VERTEX_POINT('',#2738);
#2740=CARTESIAN_POINT('',(7.62,16.51,3.001));
#2741=DIRECTION('',(0.0,0.0,-1.0));
#2742=DIRECTION('',(0.0,-1.0,-0.0));
#2743=AXIS2_PLACEMENT_3D('',#2740,#2741,#2742);
#2744=CIRCLE('',#2743,0.55);
#2745=EDGE_CURVE('n° 4360',#2739,#2739,#2744,.T.);
#2746=ORIENTED_EDGE('',*,*,#2745,.T.);
#2747=EDGE_LOOP('',(#2746));
#2748=FACE_OUTER_BOUND('',#2747,.T.);
#2749=ORIENTED_EDGE('',*,*,#2725,.F.);
#2750=EDGE_LOOP('',(#2749));
#2751=FACE_BOUND('',#2750,.T.);
#2752=CARTESIAN_POINT('',(7.62,16.51,3.001));
#2753=DIRECTION('',(0.0,0.0,-1.0));
#2754=DIRECTION('',(0.0,-1.0,-0.0));
#2755=AXIS2_PLACEMENT_3D('',#2752,#2753,#2754);
#2756=PLANE('',#2755);
#2757=ADVANCED_FACE('n° 2081',(#2748,#2751),#2756,.F.);
#2758=CARTESIAN_POINT('',(-7.62,-17.06,3.001));
#2759=VERTEX_POINT('',#2758);
#2760=CARTESIAN_POINT('',(-7.62,-16.51,3.001));
#2761=DIRECTION('',(0.0,0.0,-1.0));
#2762=DIRECTION('',(0.0,-1.0,-0.0));
#2763=AXIS2_PLACEMENT_3D('',#2760,#2761,#2762);
#2764=CIRCLE('',#2763,0.55);
#2765=EDGE_CURVE('n° 4418',#2759,#2759,#2764,.T.);
#2766=ORIENTED_EDGE('',*,*,#2765,.T.);
#2767=EDGE_LOOP('',(#2766));
#2768=FACE_OUTER_BOUND('',#2767,.T.);
#2769=CARTESIAN_POINT('',(-7.62,-17.425,3.001));
#2770=VERTEX_POINT('',#2769);
#2771=CARTESIAN_POINT('',(-7.62,-16.51,3.001));
#2772=DIRECTION('',(0.0,0.0,-1.0));
#2773=DIRECTION('',(0.0,-1.0,-0.0));
#2774=AXIS2_PLACEMENT_3D('',#2771,#2772,#2773);
#2775=CIRCLE('',#2774,0.915);
#2776=EDGE_CURVE('n° 2129',#2770,#2770,#2775,.T.);
#2777=ORIENTED_EDGE('',*,*,#2776,.F.);
#2778=EDGE_LOOP('',(#2777));
#2779=FACE_BOUND('',#2778,.T.);
#2780=CARTESIAN_POINT('',(-7.62,-16.51,3.001));
#2781=DIRECTION('',(0.0,0.0,-1.0));
#2782=DIRECTION('',(0.0,-1.0,-0.0));
#2783=AXIS2_PLACEMENT_3D('',#2780,#2781,#2782);
#2784=PLANE('',#2783);
#2785=ADVANCED_FACE('n° 2187',(#2768,#2779),#2784,.F.);
#2786=ORIENTED_EDGE('',*,*,#2776,.T.);
#2787=EDGE_LOOP('',(#2786));
#2788=FACE_OUTER_BOUND('',#2787,.T.);
#2789=ORIENTED_EDGE('',*,*,#522,.T.);
#2790=EDGE_LOOP('',(#2789));
#2791=FACE_BOUND('',#2790,.T.);
#2792=CARTESIAN_POINT('',(-7.62,-16.51,3.0));
#2793=DIRECTION('',(0.0,0.0,-1.0));
#2794=DIRECTION('',(0.0,-1.0,-0.0));
#2795=AXIS2_PLACEMENT_3D('',#2792,#2793,#2794);
#2796=CYLINDRICAL_SURFACE('',#2795,0.915);
#2797=ADVANCED_FACE('n° 2182',(#2788,#2791),#2796,.T.);
#2798=CARTESIAN_POINT('',(-7.62,-17.195,-1.25));
#2799=VERTEX_POINT('',#2798);
#2800=CARTESIAN_POINT('',(-7.62,-16.51,-1.25));
#2801=DIRECTION('',(0.0,0.0,-1.0));
#2802=DIRECTION('',(0.0,-1.0,-0.0));
#2803=AXIS2_PLACEMENT_3D('',#2800,#2801,#2802);
#2804=CIRCLE('',#2803,0.685);
#2805=EDGE_CURVE('n° 2132',#2799,#2799,#2804,.T.);
#2806=ORIENTED_EDGE('',*,*,#2805,.F.);
#2807=EDGE_LOOP('',(#2806));
#2808=FACE_OUTER_BOUND('',#2807,.T.);
#2809=ORIENTED_EDGE('',*,*,#89,.T.);
#2810=EDGE_LOOP('',(#2809));
#2811=FACE_BOUND('',#2810,.T.);
#2812=CARTESIAN_POINT('',(-7.62,-16.51,3.0));
#2813=DIRECTION('',(0.0,0.0,-1.0));
#2814=DIRECTION('',(0.0,-1.0,-0.0));
#2815=AXIS2_PLACEMENT_3D('',#2812,#2813,#2814);
#2816=CYLINDRICAL_SURFACE('',#2815,0.685);
#2817=ADVANCED_FACE('n° 2157',(#2808,#2811),#2816,.T.);
#2818=CARTESIAN_POINT('',(-7.62,-16.765,-4.175));
#2819=VERTEX_POINT('',#2818);
#2820=CARTESIAN_POINT('',(-7.62,-16.51,-4.175));
#2821=DIRECTION('',(0.0,0.0,-1.0));
#2822=DIRECTION('',(0.0,-1.0,-0.0));
#2823=AXIS2_PLACEMENT_3D('',#2820,#2821,#2822);
#2824=CIRCLE('',#2823,0.255);
#2825=EDGE_CURVE('n° 2138',#2819,#2819,#2824,.T.);
#2826=ORIENTED_EDGE('',*,*,#2825,.F.);
#2827=EDGE_LOOP('',(#2826));
#2828=FACE_OUTER_BOUND('',#2827,.T.);
#2829=CARTESIAN_POINT('',(-7.62,-16.765,-1.68));
#2830=VERTEX_POINT('',#2829);
#2831=CARTESIAN_POINT('',(-7.62,-16.51,-1.68));
#2832=DIRECTION('',(0.0,0.0,-1.0));
#2833=DIRECTION('',(0.0,-1.0,-0.0));
#2834=AXIS2_PLACEMENT_3D('',#2831,#2832,#2833);
#2835=CIRCLE('',#2834,0.255);
#2836=EDGE_CURVE('n° 2131',#2830,#2830,#2835,.T.);
#2837=ORIENTED_EDGE('',*,*,#2836,.T.);
#2838=EDGE_LOOP('',(#2837));
#2839=FACE_BOUND('',#2838,.T.);
#2840=CARTESIAN_POINT('',(-7.62,-16.51,3.0));
#2841=DIRECTION('',(0.0,0.0,-1.0));
#2842=DIRECTION('',(0.0,-1.0,-0.0));
#2843=AXIS2_PLACEMENT_3D('',#2840,#2841,#2842);
#2844=CYLINDRICAL_SURFACE('',#2843,0.255);
#2845=ADVANCED_FACE('n° 2147',(#2828,#2839),#2844,.T.);
#2846=ORIENTED_EDGE('',*,*,#2836,.F.);
#2847=EDGE_LOOP('',(#2846));
#2848=FACE_OUTER_BOUND('',#2847,.T.);
#2849=ORIENTED_EDGE('',*,*,#2805,.T.);
#2850=EDGE_LOOP('',(#2849));
#2851=FACE_BOUND('',#2850,.T.);
#2852=CARTESIAN_POINT('',(-7.62,-16.51,-1.25));
#2853=DIRECTION('',(0.0,-0.0,1.0));
#2854=DIRECTION('',(-0.0,1.0,0.0));
#2855=AXIS2_PLACEMENT_3D('',#2852,#2853,#2854);
#2856=CONICAL_SURFACE('',#2855,0.685,0.7853981634);
#2857=ADVANCED_FACE('n° 2152',(#2848,#2851),#2856,.T.);
#2858=ORIENTED_EDGE('',*,*,#2825,.T.);
#2859=EDGE_LOOP('',(#2858));
#2860=FACE_OUTER_BOUND('',#2859,.T.);
#2861=CARTESIAN_POINT('',(-7.62,-16.51,-4.175));
#2862=DIRECTION('',(0.0,0.0,-1.0));
#2863=DIRECTION('',(1.0,0.0,0.0));
#2864=AXIS2_PLACEMENT_3D('',#2861,#2862,#2863);
#2865=SPHERICAL_SURFACE('',#2864,0.255);
#2866=ADVANCED_FACE('n° 2191',(#2860),#2865,.T.);
#2867=CARTESIAN_POINT('',(-7.62,-14.52,3.001));
#2868=VERTEX_POINT('',#2867);
#2869=CARTESIAN_POINT('',(-7.62,-13.97,3.001));
#2870=DIRECTION('',(0.0,0.0,-1.0));
#2871=DIRECTION('',(0.0,-1.0,-0.0));
#2872=AXIS2_PLACEMENT_3D('',#2869,#2870,#2871);
#2873=CIRCLE('',#2872,0.55);
#2874=EDGE_CURVE('n° 4476',#2868,#2868,#2873,.T.);
#2875=ORIENTED_EDGE('',*,*,#2874,.T.);
#2876=EDGE_LOOP('',(#2875));
#2877=FACE_OUTER_BOUND('',#2876,.T.);
#2878=CARTESIAN_POINT('',(-7.62,-14.885,3.001));
#2879=VERTEX_POINT('',#2878);
#2880=CARTESIAN_POINT('',(-7.62,-13.97,3.001));
#2881=DIRECTION('',(0.0,0.0,-1.0));
#2882=DIRECTION('',(0.0,-1.0,-0.0));
#2883=AXIS2_PLACEMENT_3D('',#2880,#2881,#2882);
#2884=CIRCLE('',#2883,0.915);
#2885=EDGE_CURVE('n° 2235',#2879,#2879,#2884,.T.);
#2886=ORIENTED_EDGE('',*,*,#2885,.F.);
#2887=EDGE_LOOP('',(#2886));
#2888=FACE_BOUND('',#2887,.T.);
#2889=CARTESIAN_POINT('',(-7.62,-13.97,3.001));
#2890=DIRECTION('',(0.0,0.0,-1.0));
#2891=DIRECTION('',(0.0,-1.0,-0.0));
#2892=AXIS2_PLACEMENT_3D('',#2889,#2890,#2891);
#2893=PLANE('',#2892);
#2894=ADVANCED_FACE('n° 2293',(#2877,#2888),#2893,.F.);
#2895=ORIENTED_EDGE('',*,*,#2885,.T.);
#2896=EDGE_LOOP('',(#2895));
#2897=FACE_OUTER_BOUND('',#2896,.T.);
#2898=ORIENTED_EDGE('',*,*,#567,.T.);
#2899=EDGE_LOOP('',(#2898));
#2900=FACE_BOUND('',#2899,.T.);
#2901=CARTESIAN_POINT('',(-7.62,-13.97,3.0));
#2902=DIRECTION('',(0.0,0.0,-1.0));
#2903=DIRECTION('',(0.0,-1.0,-0.0));
#2904=AXIS2_PLACEMENT_3D('',#2901,#2902,#2903);
#2905=CYLINDRICAL_SURFACE('',#2904,0.915);
#2906=ADVANCED_FACE('n° 2288',(#2897,#2900),#2905,.T.);
#2907=CARTESIAN_POINT('',(-7.62,-14.655,-1.25));
#2908=VERTEX_POINT('',#2907);
#2909=CARTESIAN_POINT('',(-7.62,-13.97,-1.25));
#2910=DIRECTION('',(0.0,0.0,-1.0));
#2911=DIRECTION('',(0.0,-1.0,-0.0));
#2912=AXIS2_PLACEMENT_3D('',#2909,#2910,#2911);
#2913=CIRCLE('',#2912,0.685);
#2914=EDGE_CURVE('n° 2238',#2908,#2908,#2913,.T.);
#2915=ORIENTED_EDGE('',*,*,#2914,.F.);
#2916=EDGE_LOOP('',(#2915));
#2917=FACE_OUTER_BOUND('',#2916,.T.);
#2918=ORIENTED_EDGE('',*,*,#373,.T.);
#2919=EDGE_LOOP('',(#2918));
#2920=FACE_BOUND('',#2919,.T.);
#2921=CARTESIAN_POINT('',(-7.62,-13.97,3.0));
#2922=DIRECTION('',(0.0,0.0,-1.0));
#2923=DIRECTION('',(0.0,-1.0,-0.0));
#2924=AXIS2_PLACEMENT_3D('',#2921,#2922,#2923);
#2925=CYLINDRICAL_SURFACE('',#2924,0.685);
#2926=ADVANCED_FACE('n° 2263',(#2917,#2920),#2925,.T.);
#2927=CARTESIAN_POINT('',(-7.62,-14.225,-4.175));
#2928=VERTEX_POINT('',#2927);
#2929=CARTESIAN_POINT('',(-7.62,-13.97,-4.175));
#2930=DIRECTION('',(0.0,0.0,-1.0));
#2931=DIRECTION('',(0.0,-1.0,-0.0));
#2932=AXIS2_PLACEMENT_3D('',#2929,#2930,#2931);
#2933=CIRCLE('',#2932,0.255);
#2934=EDGE_CURVE('n° 2244',#2928,#2928,#2933,.T.);
#2935=ORIENTED_EDGE('',*,*,#2934,.F.);
#2936=EDGE_LOOP('',(#2935));
#2937=FACE_OUTER_BOUND('',#2936,.T.);
#2938=CARTESIAN_POINT('',(-7.62,-14.225,-1.68));
#2939=VERTEX_POINT('',#2938);
#2940=CARTESIAN_POINT('',(-7.62,-13.97,-1.68));
#2941=DIRECTION('',(0.0,0.0,-1.0));
#2942=DIRECTION('',(0.0,-1.0,-0.0));
#2943=AXIS2_PLACEMENT_3D('',#2940,#2941,#2942);
#2944=CIRCLE('',#2943,0.255);
#2945=EDGE_CURVE('n° 2237',#2939,#2939,#2944,.T.);
#2946=ORIENTED_EDGE('',*,*,#2945,.T.);
#2947=EDGE_LOOP('',(#2946));
#2948=FACE_BOUND('',#2947,.T.);
#2949=CARTESIAN_POINT('',(-7.62,-13.97,3.0));
#2950=DIRECTION('',(0.0,0.0,-1.0));
#2951=DIRECTION('',(0.0,-1.0,-0.0));
#2952=AXIS2_PLACEMENT_3D('',#2949,#2950,#2951);
#2953=CYLINDRICAL_SURFACE('',#2952,0.255);
#2954=ADVANCED_FACE('n° 2253',(#2937,#2948),#2953,.T.);
#2955=ORIENTED_EDGE('',*,*,#2945,.F.);
#2956=EDGE_LOOP('',(#2955));
#2957=FACE_OUTER_BOUND('',#2956,.T.);
#2958=ORIENTED_EDGE('',*,*,#2914,.T.);
#2959=EDGE_LOOP('',(#2958));
#2960=FACE_BOUND('',#2959,.T.);
#2961=CARTESIAN_POINT('',(-7.62,-13.97,-1.25));
#2962=DIRECTION('',(0.0,-0.0,1.0));
#2963=DIRECTION('',(-0.0,1.0,0.0));
#2964=AXIS2_PLACEMENT_3D('',#2961,#2962,#2963);
#2965=CONICAL_SURFACE('',#2964,0.685,0.7853981634);
#2966=ADVANCED_FACE('n° 2258',(#2957,#2960),#2965,.T.);
#2967=ORIENTED_EDGE('',*,*,#2934,.T.);
#2968=EDGE_LOOP('',(#2967));
#2969=FACE_OUTER_BOUND('',#2968,.T.);
#2970=CARTESIAN_POINT('',(-7.62,-13.97,-4.175));
#2971=DIRECTION('',(0.0,0.0,-1.0));
#2972=DIRECTION('',(1.0,0.0,0.0));
#2973=AXIS2_PLACEMENT_3D('',#2970,#2971,#2972);
#2974=SPHERICAL_SURFACE('',#2973,0.255);
#2975=ADVANCED_FACE('n° 2297',(#2969),#2974,.T.);
#2976=CARTESIAN_POINT('',(-7.62,-11.98,3.001));
#2977=VERTEX_POINT('',#2976);
#2978=CARTESIAN_POINT('',(-7.62,-11.43,3.001));
#2979=DIRECTION('',(0.0,0.0,-1.0));
#2980=DIRECTION('',(0.0,-1.0,-0.0));
#2981=AXIS2_PLACEMENT_3D('',#2978,#2979,#2980);
#2982=CIRCLE('',#2981,0.55);
#2983=EDGE_CURVE('n° 4534',#2977,#2977,#2982,.T.);
#2984=ORIENTED_EDGE('',*,*,#2983,.T.);
#2985=EDGE_LOOP('',(#2984));
#2986=FACE_OUTER_BOUND('',#2985,.T.);
#2987=CARTESIAN_POINT('',(-7.62,-12.345,3.001));
#2988=VERTEX_POINT('',#2987);
#2989=CARTESIAN_POINT('',(-7.62,-11.43,3.001));
#2990=DIRECTION('',(0.0,0.0,-1.0));
#2991=DIRECTION('',(0.0,-1.0,-0.0));
#2992=AXIS2_PLACEMENT_3D('',#2989,#2990,#2991);
#2993=CIRCLE('',#2992,0.915);
#2994=EDGE_CURVE('n° 2341',#2988,#2988,#2993,.T.);
#2995=ORIENTED_EDGE('',*,*,#2994,.F.);
#2996=EDGE_LOOP('',(#2995));
#2997=FACE_BOUND('',#2996,.T.);
#2998=CARTESIAN_POINT('',(-7.62,-11.43,3.001));
#2999=DIRECTION('',(0.0,0.0,-1.0));
#3000=DIRECTION('',(0.0,-1.0,-0.0));
#3001=AXIS2_PLACEMENT_3D('',#2998,#2999,#3000);
#3002=PLANE('',#3001);
#3003=ADVANCED_FACE('n° 2399',(#2986,#2997),#3002,.F.);
#3004=ORIENTED_EDGE('',*,*,#2994,.T.);
#3005=EDGE_LOOP('',(#3004));
#3006=FACE_OUTER_BOUND('',#3005,.T.);
#3007=ORIENTED_EDGE('',*,*,#511,.T.);
#3008=EDGE_LOOP('',(#3007));
#3009=FACE_BOUND('',#3008,.T.);
#3010=CARTESIAN_POINT('',(-7.62,-11.43,3.0));
#3011=DIRECTION('',(0.0,0.0,-1.0));
#3012=DIRECTION('',(0.0,-1.0,-0.0));
#3013=AXIS2_PLACEMENT_3D('',#3010,#3011,#3012);
#3014=CYLINDRICAL_SURFACE('',#3013,0.915);
#3015=ADVANCED_FACE('n° 2394',(#3006,#3009),#3014,.T.);
#3016=CARTESIAN_POINT('',(-7.62,-12.115,-1.25));
#3017=VERTEX_POINT('',#3016);
#3018=CARTESIAN_POINT('',(-7.62,-11.43,-1.25));
#3019=DIRECTION('',(0.0,0.0,-1.0));
#3020=DIRECTION('',(0.0,-1.0,-0.0));
#3021=AXIS2_PLACEMENT_3D('',#3018,#3019,#3020);
#3022=CIRCLE('',#3021,0.685);
#3023=EDGE_CURVE('n° 2344',#3017,#3017,#3022,.T.);
#3024=ORIENTED_EDGE('',*,*,#3023,.F.);
#3025=EDGE_LOOP('',(#3024));
#3026=FACE_OUTER_BOUND('',#3025,.T.);
#3027=ORIENTED_EDGE('',*,*,#78,.T.);
#3028=EDGE_LOOP('',(#3027));
#3029=FACE_BOUND('',#3028,.T.);
#3030=CARTESIAN_POINT('',(-7.62,-11.43,3.0));
#3031=DIRECTION('',(0.0,0.0,-1.0));
#3032=DIRECTION('',(0.0,-1.0,-0.0));
#3033=AXIS2_PLACEMENT_3D('',#3030,#3031,#3032);
#3034=CYLINDRICAL_SURFACE('',#3033,0.685);
#3035=ADVANCED_FACE('n° 2369',(#3026,#3029),#3034,.T.);
#3036=CARTESIAN_POINT('',(-7.62,-11.685,-4.175));
#3037=VERTEX_POINT('',#3036);
#3038=CARTESIAN_POINT('',(-7.62,-11.43,-4.175));
#3039=DIRECTION('',(0.0,0.0,-1.0));
#3040=DIRECTION('',(0.0,-1.0,-0.0));
#3041=AXIS2_PLACEMENT_3D('',#3038,#3039,#3040);
#3042=CIRCLE('',#3041,0.255);
#3043=EDGE_CURVE('n° 2350',#3037,#3037,#3042,.T.);
#3044=ORIENTED_EDGE('',*,*,#3043,.F.);
#3045=EDGE_LOOP('',(#3044));
#3046=FACE_OUTER_BOUND('',#3045,.T.);
#3047=CARTESIAN_POINT('',(-7.62,-11.685,-1.68));
#3048=VERTEX_POINT('',#3047);
#3049=CARTESIAN_POINT('',(-7.62,-11.43,-1.68));
#3050=DIRECTION('',(0.0,0.0,-1.0));
#3051=DIRECTION('',(0.0,-1.0,-0.0));
#3052=AXIS2_PLACEMENT_3D('',#3049,#3050,#3051);
#3053=CIRCLE('',#3052,0.255);
#3054=EDGE_CURVE('n° 2343',#3048,#3048,#3053,.T.);
#3055=ORIENTED_EDGE('',*,*,#3054,.T.);
#3056=EDGE_LOOP('',(#3055));
#3057=FACE_BOUND('',#3056,.T.);
#3058=CARTESIAN_POINT('',(-7.62,-11.43,3.0));
#3059=DIRECTION('',(0.0,0.0,-1.0));
#3060=DIRECTION('',(0.0,-1.0,-0.0));
#3061=AXIS2_PLACEMENT_3D('',#3058,#3059,#3060);
#3062=CYLINDRICAL_SURFACE('',#3061,0.255);
#3063=ADVANCED_FACE('n° 2359',(#3046,#3057),#3062,.T.);
#3064=ORIENTED_EDGE('',*,*,#3054,.F.);
#3065=EDGE_LOOP('',(#3064));
#3066=FACE_OUTER_BOUND('',#3065,.T.);
#3067=ORIENTED_EDGE('',*,*,#3023,.T.);
#3068=EDGE_LOOP('',(#3067));
#3069=FACE_BOUND('',#3068,.T.);
#3070=CARTESIAN_POINT('',(-7.62,-11.43,-1.25));
#3071=DIRECTION('',(0.0,-0.0,1.0));
#3072=DIRECTION('',(-0.0,1.0,0.0));
#3073=AXIS2_PLACEMENT_3D('',#3070,#3071,#3072);
#3074=CONICAL_SURFACE('',#3073,0.685,0.7853981634);
#3075=ADVANCED_FACE('n° 2364',(#3066,#3069),#3074,.T.);
#3076=ORIENTED_EDGE('',*,*,#3043,.T.);
#3077=EDGE_LOOP('',(#3076));
#3078=FACE_OUTER_BOUND('',#3077,.T.);
#3079=CARTESIAN_POINT('',(-7.62,-11.43,-4.175));
#3080=DIRECTION('',(0.0,0.0,-1.0));
#3081=DIRECTION('',(1.0,0.0,0.0));
#3082=AXIS2_PLACEMENT_3D('',#3079,#3080,#3081);
#3083=SPHERICAL_SURFACE('',#3082,0.255);
#3084=ADVANCED_FACE('n° 2403',(#3078),#3083,.T.);
#3085=CARTESIAN_POINT('',(-7.62,-9.44,3.001));
#3086=VERTEX_POINT('',#3085);
#3087=CARTESIAN_POINT('',(-7.62,-8.89,3.001));
#3088=DIRECTION('',(0.0,0.0,-1.0));
#3089=DIRECTION('',(0.0,-1.0,-0.0));
#3090=AXIS2_PLACEMENT_3D('',#3087,#3088,#3089);
#3091=CIRCLE('',#3090,0.55);
#3092=EDGE_CURVE('n° 4592',#3086,#3086,#3091,.T.);
#3093=ORIENTED_EDGE('',*,*,#3092,.T.);
#3094=EDGE_LOOP('',(#3093));
#3095=FACE_OUTER_BOUND('',#3094,.T.);
#3096=CARTESIAN_POINT('',(-7.62,-9.805,3.001));
#3097=VERTEX_POINT('',#3096);
#3098=CARTESIAN_POINT('',(-7.62,-8.89,3.001));
#3099=DIRECTION('',(0.0,0.0,-1.0));
#3100=DIRECTION('',(0.0,-1.0,-0.0));
#3101=AXIS2_PLACEMENT_3D('',#3098,#3099,#3100);
#3102=CIRCLE('',#3101,0.915);
#3103=EDGE_CURVE('n° 2447',#3097,#3097,#3102,.T.);
#3104=ORIENTED_EDGE('',*,*,#3103,.F.);
#3105=EDGE_LOOP('',(#3104));
#3106=FACE_BOUND('',#3105,.T.);
#3107=CARTESIAN_POINT('',(-7.62,-8.89,3.001));
#3108=DIRECTION('',(0.0,0.0,-1.0));
#3109=DIRECTION('',(0.0,-1.0,-0.0));
#3110=AXIS2_PLACEMENT_3D('',#3107,#3108,#3109);
#3111=PLANE('',#3110);
#3112=ADVANCED_FACE('n° 2505',(#3095,#3106),#3111,.F.);
#3113=ORIENTED_EDGE('',*,*,#3103,.T.);
#3114=EDGE_LOOP('',(#3113));
#3115=FACE_OUTER_BOUND('',#3114,.T.);
#3116=ORIENTED_EDGE('',*,*,#578,.T.);
#3117=EDGE_LOOP('',(#3116));
#3118=FACE_BOUND('',#3117,.T.);
#3119=CARTESIAN_POINT('',(-7.62,-8.89,3.0));
#3120=DIRECTION('',(0.0,0.0,-1.0));
#3121=DIRECTION('',(0.0,-1.0,-0.0));
#3122=AXIS2_PLACEMENT_3D('',#3119,#3120,#3121);
#3123=CYLINDRICAL_SURFACE('',#3122,0.915);
#3124=ADVANCED_FACE('n° 2500',(#3115,#3118),#3123,.T.);
#3125=CARTESIAN_POINT('',(-7.62,-9.575,-1.25));
#3126=VERTEX_POINT('',#3125);
#3127=CARTESIAN_POINT('',(-7.62,-8.89,-1.25));
#3128=DIRECTION('',(0.0,0.0,-1.0));
#3129=DIRECTION('',(0.0,-1.0,-0.0));
#3130=AXIS2_PLACEMENT_3D('',#3127,#3128,#3129);
#3131=CIRCLE('',#3130,0.685);
#3132=EDGE_CURVE('n° 2450',#3126,#3126,#3131,.T.);
#3133=ORIENTED_EDGE('',*,*,#3132,.F.);
#3134=EDGE_LOOP('',(#3133));
#3135=FACE_OUTER_BOUND('',#3134,.T.);
#3136=ORIENTED_EDGE('',*,*,#384,.T.);
#3137=EDGE_LOOP('',(#3136));
#3138=FACE_BOUND('',#3137,.T.);
#3139=CARTESIAN_POINT('',(-7.62,-8.89,3.0));
#3140=DIRECTION('',(0.0,0.0,-1.0));
#3141=DIRECTION('',(0.0,-1.0,-0.0));
#3142=AXIS2_PLACEMENT_3D('',#3139,#3140,#3141);
#3143=CYLINDRICAL_SURFACE('',#3142,0.685);
#3144=ADVANCED_FACE('n° 2475',(#3135,#3138),#3143,.T.);
#3145=CARTESIAN_POINT('',(-7.62,-9.145,-4.175));
#3146=VERTEX_POINT('',#3145);
#3147=CARTESIAN_POINT('',(-7.62,-8.89,-4.175));
#3148=DIRECTION('',(0.0,0.0,-1.0));
#3149=DIRECTION('',(0.0,-1.0,-0.0));
#3150=AXIS2_PLACEMENT_3D('',#3147,#3148,#3149);
#3151=CIRCLE('',#3150,0.255);
#3152=EDGE_CURVE('n° 2456',#3146,#3146,#3151,.T.);
#3153=ORIENTED_EDGE('',*,*,#3152,.F.);
#3154=EDGE_LOOP('',(#3153));
#3155=FACE_OUTER_BOUND('',#3154,.T.);
#3156=CARTESIAN_POINT('',(-7.62,-9.145,-1.68));
#3157=VERTEX_POINT('',#3156);
#3158=CARTESIAN_POINT('',(-7.62,-8.89,-1.68));
#3159=DIRECTION('',(0.0,0.0,-1.0));
#3160=DIRECTION('',(0.0,-1.0,-0.0));
#3161=AXIS2_PLACEMENT_3D('',#3158,#3159,#3160);
#3162=CIRCLE('',#3161,0.255);
#3163=EDGE_CURVE('n° 2449',#3157,#3157,#3162,.T.);
#3164=ORIENTED_EDGE('',*,*,#3163,.T.);
#3165=EDGE_LOOP('',(#3164));
#3166=FACE_BOUND('',#3165,.T.);
#3167=CARTESIAN_POINT('',(-7.62,-8.89,3.0));
#3168=DIRECTION('',(0.0,0.0,-1.0));
#3169=DIRECTION('',(0.0,-1.0,-0.0));
#3170=AXIS2_PLACEMENT_3D('',#3167,#3168,#3169);
#3171=CYLINDRICAL_SURFACE('',#3170,0.255);
#3172=ADVANCED_FACE('n° 2465',(#3155,#3166),#3171,.T.);
#3173=ORIENTED_EDGE('',*,*,#3163,.F.);
#3174=EDGE_LOOP('',(#3173));
#3175=FACE_OUTER_BOUND('',#3174,.T.);
#3176=ORIENTED_EDGE('',*,*,#3132,.T.);
#3177=EDGE_LOOP('',(#3176));
#3178=FACE_BOUND('',#3177,.T.);
#3179=CARTESIAN_POINT('',(-7.62,-8.89,-1.25));
#3180=DIRECTION('',(0.0,-0.0,1.0));
#3181=DIRECTION('',(-0.0,1.0,0.0));
#3182=AXIS2_PLACEMENT_3D('',#3179,#3180,#3181);
#3183=CONICAL_SURFACE('',#3182,0.685,0.7853981634);
#3184=ADVANCED_FACE('n° 2470',(#3175,#3178),#3183,.T.);
#3185=ORIENTED_EDGE('',*,*,#3152,.T.);
#3186=EDGE_LOOP('',(#3185));
#3187=FACE_OUTER_BOUND('',#3186,.T.);
#3188=CARTESIAN_POINT('',(-7.62,-8.89,-4.175));
#3189=DIRECTION('',(0.0,0.0,-1.0));
#3190=DIRECTION('',(1.0,0.0,0.0));
#3191=AXIS2_PLACEMENT_3D('',#3188,#3189,#3190);
#3192=SPHERICAL_SURFACE('',#3191,0.255);
#3193=ADVANCED_FACE('n° 2509',(#3187),#3192,.T.);
#3194=CARTESIAN_POINT('',(-7.62,-6.9,3.001));
#3195=VERTEX_POINT('',#3194);
#3196=CARTESIAN_POINT('',(-7.62,-6.35,3.001));
#3197=DIRECTION('',(0.0,0.0,-1.0));
#3198=DIRECTION('',(0.0,-1.0,-0.0));
#3199=AXIS2_PLACEMENT_3D('',#3196,#3197,#3198);
#3200=CIRCLE('',#3199,0.55);
#3201=EDGE_CURVE('n° 4650',#3195,#3195,#3200,.T.);
#3202=ORIENTED_EDGE('',*,*,#3201,.T.);
#3203=EDGE_LOOP('',(#3202));
#3204=FACE_OUTER_BOUND('',#3203,.T.);
#3205=CARTESIAN_POINT('',(-7.62,-7.265,3.001));
#3206=VERTEX_POINT('',#3205);
#3207=CARTESIAN_POINT('',(-7.62,-6.35,3.001));
#3208=DIRECTION('',(0.0,0.0,-1.0));
#3209=DIRECTION('',(0.0,-1.0,-0.0));
#3210=AXIS2_PLACEMENT_3D('',#3207,#3208,#3209);
#3211=CIRCLE('',#3210,0.915);
#3212=EDGE_CURVE('n° 2553',#3206,#3206,#3211,.T.);
#3213=ORIENTED_EDGE('',*,*,#3212,.F.);
#3214=EDGE_LOOP('',(#3213));
#3215=FACE_BOUND('',#3214,.T.);
#3216=CARTESIAN_POINT('',(-7.62,-6.35,3.001));
#3217=DIRECTION('',(0.0,0.0,-1.0));
#3218=DIRECTION('',(0.0,-1.0,-0.0));
#3219=AXIS2_PLACEMENT_3D('',#3216,#3217,#3218);
#3220=PLANE('',#3219);
#3221=ADVANCED_FACE('n° 2611',(#3204,#3215),#3220,.F.);
#3222=ORIENTED_EDGE('',*,*,#3212,.T.);
#3223=EDGE_LOOP('',(#3222));
#3224=FACE_OUTER_BOUND('',#3223,.T.);
#3225=ORIENTED_EDGE('',*,*,#500,.T.);
#3226=EDGE_LOOP('',(#3225));
#3227=FACE_BOUND('',#3226,.T.);
#3228=CARTESIAN_POINT('',(-7.62,-6.35,3.0));
#3229=DIRECTION('',(0.0,0.0,-1.0));
#3230=DIRECTION('',(0.0,-1.0,-0.0));
#3231=AXIS2_PLACEMENT_3D('',#3228,#3229,#3230);
#3232=CYLINDRICAL_SURFACE('',#3231,0.915);
#3233=ADVANCED_FACE('n° 2606',(#3224,#3227),#3232,.T.);
#3234=CARTESIAN_POINT('',(-7.62,-7.035,-1.25));
#3235=VERTEX_POINT('',#3234);
#3236=CARTESIAN_POINT('',(-7.62,-6.35,-1.25));
#3237=DIRECTION('',(0.0,0.0,-1.0));
#3238=DIRECTION('',(0.0,-1.0,-0.0));
#3239=AXIS2_PLACEMENT_3D('',#3236,#3237,#3238);
#3240=CIRCLE('',#3239,0.685);
#3241=EDGE_CURVE('n° 2556',#3235,#3235,#3240,.T.);
#3242=ORIENTED_EDGE('',*,*,#3241,.F.);
#3243=EDGE_LOOP('',(#3242));
#3244=FACE_OUTER_BOUND('',#3243,.T.);
#3245=ORIENTED_EDGE('',*,*,#67,.T.);
#3246=EDGE_LOOP('',(#3245));
#3247=FACE_BOUND('',#3246,.T.);
#3248=CARTESIAN_POINT('',(-7.62,-6.35,3.0));
#3249=DIRECTION('',(0.0,0.0,-1.0));
#3250=DIRECTION('',(0.0,-1.0,-0.0));
#3251=AXIS2_PLACEMENT_3D('',#3248,#3249,#3250);
#3252=CYLINDRICAL_SURFACE('',#3251,0.685);
#3253=ADVANCED_FACE('n° 2581',(#3244,#3247),#3252,.T.);
#3254=CARTESIAN_POINT('',(-7.62,-6.605,-4.175));
#3255=VERTEX_POINT('',#3254);
#3256=CARTESIAN_POINT('',(-7.62,-6.35,-4.175));
#3257=DIRECTION('',(0.0,0.0,-1.0));
#3258=DIRECTION('',(0.0,-1.0,-0.0));
#3259=AXIS2_PLACEMENT_3D('',#3256,#3257,#3258);
#3260=CIRCLE('',#3259,0.255);
#3261=EDGE_CURVE('n° 2562',#3255,#3255,#3260,.T.);
#3262=ORIENTED_EDGE('',*,*,#3261,.F.);
#3263=EDGE_LOOP('',(#3262));
#3264=FACE_OUTER_BOUND('',#3263,.T.);
#3265=CARTESIAN_POINT('',(-7.62,-6.605,-1.68));
#3266=VERTEX_POINT('',#3265);
#3267=CARTESIAN_POINT('',(-7.62,-6.35,-1.68));
#3268=DIRECTION('',(0.0,0.0,-1.0));
#3269=DIRECTION('',(0.0,-1.0,-0.0));
#3270=AXIS2_PLACEMENT_3D('',#3267,#3268,#3269);
#3271=CIRCLE('',#3270,0.255);
#3272=EDGE_CURVE('n° 2555',#3266,#3266,#3271,.T.);
#3273=ORIENTED_EDGE('',*,*,#3272,.T.);
#3274=EDGE_LOOP('',(#3273));
#3275=FACE_BOUND('',#3274,.T.);
#3276=CARTESIAN_POINT('',(-7.62,-6.35,3.0));
#3277=DIRECTION('',(0.0,0.0,-1.0));
#3278=DIRECTION('',(0.0,-1.0,-0.0));
#3279=AXIS2_PLACEMENT_3D('',#3276,#3277,#3278);
#3280=CYLINDRICAL_SURFACE('',#3279,0.255);
#3281=ADVANCED_FACE('n° 2571',(#3264,#3275),#3280,.T.);
#3282=ORIENTED_EDGE('',*,*,#3272,.F.);
#3283=EDGE_LOOP('',(#3282));
#3284=FACE_OUTER_BOUND('',#3283,.T.);
#3285=ORIENTED_EDGE('',*,*,#3241,.T.);
#3286=EDGE_LOOP('',(#3285));
#3287=FACE_BOUND('',#3286,.T.);
#3288=CARTESIAN_POINT('',(-7.62,-6.35,-1.25));
#3289=DIRECTION('',(0.0,-0.0,1.0));
#3290=DIRECTION('',(-0.0,1.0,0.0));
#3291=AXIS2_PLACEMENT_3D('',#3288,#3289,#3290);
#3292=CONICAL_SURFACE('',#3291,0.685,0.7853981634);
#3293=ADVANCED_FACE('n° 2576',(#3284,#3287),#3292,.T.);
#3294=ORIENTED_EDGE('',*,*,#3261,.T.);
#3295=EDGE_LOOP('',(#3294));
#3296=FACE_OUTER_BOUND('',#3295,.T.);
#3297=CARTESIAN_POINT('',(-7.62,-6.35,-4.175));
#3298=DIRECTION('',(0.0,0.0,-1.0));
#3299=DIRECTION('',(1.0,0.0,0.0));
#3300=AXIS2_PLACEMENT_3D('',#3297,#3298,#3299);
#3301=SPHERICAL_SURFACE('',#3300,0.255);
#3302=ADVANCED_FACE('n° 2615',(#3296),#3301,.T.);
#3303=CARTESIAN_POINT('',(-7.62,-4.36,3.001));
#3304=VERTEX_POINT('',#3303);
#3305=CARTESIAN_POINT('',(-7.62,-3.81,3.001));
#3306=DIRECTION('',(0.0,0.0,-1.0));
#3307=DIRECTION('',(0.0,-1.0,-0.0));
#3308=AXIS2_PLACEMENT_3D('',#3305,#3306,#3307);
#3309=CIRCLE('',#3308,0.55);
#3310=EDGE_CURVE('n° 4708',#3304,#3304,#3309,.T.);
#3311=ORIENTED_EDGE('',*,*,#3310,.T.);
#3312=EDGE_LOOP('',(#3311));
#3313=FACE_OUTER_BOUND('',#3312,.T.);
#3314=CARTESIAN_POINT('',(-7.62,-4.725,3.001));
#3315=VERTEX_POINT('',#3314);
#3316=CARTESIAN_POINT('',(-7.62,-3.81,3.001));
#3317=DIRECTION('',(0.0,0.0,-1.0));
#3318=DIRECTION('',(0.0,-1.0,-0.0));
#3319=AXIS2_PLACEMENT_3D('',#3316,#3317,#3318);
#3320=CIRCLE('',#3319,0.915);
#3321=EDGE_CURVE('n° 2659',#3315,#3315,#3320,.T.);
#3322=ORIENTED_EDGE('',*,*,#3321,.F.);
#3323=EDGE_LOOP('',(#3322));
#3324=FACE_BOUND('',#3323,.T.);
#3325=CARTESIAN_POINT('',(-7.62,-3.81,3.001));
#3326=DIRECTION('',(0.0,0.0,-1.0));
#3327=DIRECTION('',(0.0,-1.0,-0.0));
#3328=AXIS2_PLACEMENT_3D('',#3325,#3326,#3327);
#3329=PLANE('',#3328);
#3330=ADVANCED_FACE('n° 2717',(#3313,#3324),#3329,.F.);
#3331=ORIENTED_EDGE('',*,*,#3321,.T.);
#3332=EDGE_LOOP('',(#3331));
#3333=FACE_OUTER_BOUND('',#3332,.T.);
#3334=ORIENTED_EDGE('',*,*,#589,.T.);
#3335=EDGE_LOOP('',(#3334));
#3336=FACE_BOUND('',#3335,.T.);
#3337=CARTESIAN_POINT('',(-7.62,-3.81,3.0));
#3338=DIRECTION('',(0.0,0.0,-1.0));
#3339=DIRECTION('',(0.0,-1.0,-0.0));
#3340=AXIS2_PLACEMENT_3D('',#3337,#3338,#3339);
#3341=CYLINDRICAL_SURFACE('',#3340,0.915);
#3342=ADVANCED_FACE('n° 2712',(#3333,#3336),#3341,.T.);
#3343=CARTESIAN_POINT('',(-7.62,-4.495,-1.25));
#3344=VERTEX_POINT('',#3343);
#3345=CARTESIAN_POINT('',(-7.62,-3.81,-1.25));
#3346=DIRECTION('',(0.0,0.0,-1.0));
#3347=DIRECTION('',(0.0,-1.0,-0.0));
#3348=AXIS2_PLACEMENT_3D('',#3345,#3346,#3347);
#3349=CIRCLE('',#3348,0.685);
#3350=EDGE_CURVE('n° 2662',#3344,#3344,#3349,.T.);
#3351=ORIENTED_EDGE('',*,*,#3350,.F.);
#3352=EDGE_LOOP('',(#3351));
#3353=FACE_OUTER_BOUND('',#3352,.T.);
#3354=ORIENTED_EDGE('',*,*,#395,.T.);
#3355=EDGE_LOOP('',(#3354));
#3356=FACE_BOUND('',#3355,.T.);
#3357=CARTESIAN_POINT('',(-7.62,-3.81,3.0));
#3358=DIRECTION('',(0.0,0.0,-1.0));
#3359=DIRECTION('',(0.0,-1.0,-0.0));
#3360=AXIS2_PLACEMENT_3D('',#3357,#3358,#3359);
#3361=CYLINDRICAL_SURFACE('',#3360,0.685);
#3362=ADVANCED_FACE('n° 2687',(#3353,#3356),#3361,.T.);
#3363=CARTESIAN_POINT('',(-7.62,-4.065,-4.175));
#3364=VERTEX_POINT('',#3363);
#3365=CARTESIAN_POINT('',(-7.62,-3.81,-4.175));
#3366=DIRECTION('',(0.0,0.0,-1.0));
#3367=DIRECTION('',(0.0,-1.0,-0.0));
#3368=AXIS2_PLACEMENT_3D('',#3365,#3366,#3367);
#3369=CIRCLE('',#3368,0.255);
#3370=EDGE_CURVE('n° 2668',#3364,#3364,#3369,.T.);
#3371=ORIENTED_EDGE('',*,*,#3370,.F.);
#3372=EDGE_LOOP('',(#3371));
#3373=FACE_OUTER_BOUND('',#3372,.T.);
#3374=CARTESIAN_POINT('',(-7.62,-4.065,-1.68));
#3375=VERTEX_POINT('',#3374);
#3376=CARTESIAN_POINT('',(-7.62,-3.81,-1.68));
#3377=DIRECTION('',(0.0,0.0,-1.0));
#3378=DIRECTION('',(0.0,-1.0,-0.0));
#3379=AXIS2_PLACEMENT_3D('',#3376,#3377,#3378);
#3380=CIRCLE('',#3379,0.255);
#3381=EDGE_CURVE('n° 2661',#3375,#3375,#3380,.T.);
#3382=ORIENTED_EDGE('',*,*,#3381,.T.);
#3383=EDGE_LOOP('',(#3382));
#3384=FACE_BOUND('',#3383,.T.);
#3385=CARTESIAN_POINT('',(-7.62,-3.81,3.0));
#3386=DIRECTION('',(0.0,0.0,-1.0));
#3387=DIRECTION('',(0.0,-1.0,-0.0));
#3388=AXIS2_PLACEMENT_3D('',#3385,#3386,#3387);
#3389=CYLINDRICAL_SURFACE('',#3388,0.255);
#3390=ADVANCED_FACE('n° 2677',(#3373,#3384),#3389,.T.);
#3391=ORIENTED_EDGE('',*,*,#3381,.F.);
#3392=EDGE_LOOP('',(#3391));
#3393=FACE_OUTER_BOUND('',#3392,.T.);
#3394=ORIENTED_EDGE('',*,*,#3350,.T.);
#3395=EDGE_LOOP('',(#3394));
#3396=FACE_BOUND('',#3395,.T.);
#3397=CARTESIAN_POINT('',(-7.62,-3.81,-1.25));
#3398=DIRECTION('',(0.0,-0.0,1.0));
#3399=DIRECTION('',(-0.0,1.0,0.0));
#3400=AXIS2_PLACEMENT_3D('',#3397,#3398,#3399);
#3401=CONICAL_SURFACE('',#3400,0.685,0.7853981634);
#3402=ADVANCED_FACE('n° 2682',(#3393,#3396),#3401,.T.);
#3403=ORIENTED_EDGE('',*,*,#3370,.T.);
#3404=EDGE_LOOP('',(#3403));
#3405=FACE_OUTER_BOUND('',#3404,.T.);
#3406=CARTESIAN_POINT('',(-7.62,-3.81,-4.175));
#3407=DIRECTION('',(0.0,0.0,-1.0));
#3408=DIRECTION('',(1.0,0.0,0.0));
#3409=AXIS2_PLACEMENT_3D('',#3406,#3407,#3408);
#3410=SPHERICAL_SURFACE('',#3409,0.255);
#3411=ADVANCED_FACE('n° 2721',(#3405),#3410,.T.);
#3412=CARTESIAN_POINT('',(-7.62,-1.82,3.001));
#3413=VERTEX_POINT('',#3412);
#3414=CARTESIAN_POINT('',(-7.62,-1.27,3.001));
#3415=DIRECTION('',(0.0,0.0,-1.0));
#3416=DIRECTION('',(0.0,-1.0,-0.0));
#3417=AXIS2_PLACEMENT_3D('',#3414,#3415,#3416);
#3418=CIRCLE('',#3417,0.55);
#3419=EDGE_CURVE('n° 4766',#3413,#3413,#3418,.T.);
#3420=ORIENTED_EDGE('',*,*,#3419,.T.);
#3421=EDGE_LOOP('',(#3420));
#3422=FACE_OUTER_BOUND('',#3421,.T.);
#3423=CARTESIAN_POINT('',(-7.62,-2.185,3.001));
#3424=VERTEX_POINT('',#3423);
#3425=CARTESIAN_POINT('',(-7.62,-1.27,3.001));
#3426=DIRECTION('',(0.0,0.0,-1.0));
#3427=DIRECTION('',(0.0,-1.0,-0.0));
#3428=AXIS2_PLACEMENT_3D('',#3425,#3426,#3427);
#3429=CIRCLE('',#3428,0.915);
#3430=EDGE_CURVE('n° 2765',#3424,#3424,#3429,.T.);
#3431=ORIENTED_EDGE('',*,*,#3430,.F.);
#3432=EDGE_LOOP('',(#3431));
#3433=FACE_BOUND('',#3432,.T.);
#3434=CARTESIAN_POINT('',(-7.62,-1.27,3.001));
#3435=DIRECTION('',(0.0,0.0,-1.0));
#3436=DIRECTION('',(0.0,-1.0,-0.0));
#3437=AXIS2_PLACEMENT_3D('',#3434,#3435,#3436);
#3438=PLANE('',#3437);
#3439=ADVANCED_FACE('n° 2823',(#3422,#3433),#3438,.F.);
#3440=ORIENTED_EDGE('',*,*,#3430,.T.);
#3441=EDGE_LOOP('',(#3440));
#3442=FACE_OUTER_BOUND('',#3441,.T.);
#3443=ORIENTED_EDGE('',*,*,#489,.T.);
#3444=EDGE_LOOP('',(#3443));
#3445=FACE_BOUND('',#3444,.T.);
#3446=CARTESIAN_POINT('',(-7.62,-1.27,3.0));
#3447=DIRECTION('',(0.0,0.0,-1.0));
#3448=DIRECTION('',(0.0,-1.0,-0.0));
#3449=AXIS2_PLACEMENT_3D('',#3446,#3447,#3448);
#3450=CYLINDRICAL_SURFACE('',#3449,0.915);
#3451=ADVANCED_FACE('n° 2818',(#3442,#3445),#3450,.T.);
#3452=CARTESIAN_POINT('',(-7.62,-1.955,-1.25));
#3453=VERTEX_POINT('',#3452);
#3454=CARTESIAN_POINT('',(-7.62,-1.27,-1.25));
#3455=DIRECTION('',(0.0,0.0,-1.0));
#3456=DIRECTION('',(0.0,-1.0,-0.0));
#3457=AXIS2_PLACEMENT_3D('',#3454,#3455,#3456);
#3458=CIRCLE('',#3457,0.685);
#3459=EDGE_CURVE('n° 2768',#3453,#3453,#3458,.T.);
#3460=ORIENTED_EDGE('',*,*,#3459,.F.);
#3461=EDGE_LOOP('',(#3460));
#3462=FACE_OUTER_BOUND('',#3461,.T.);
#3463=ORIENTED_EDGE('',*,*,#56,.T.);
#3464=EDGE_LOOP('',(#3463));
#3465=FACE_BOUND('',#3464,.T.);
#3466=CARTESIAN_POINT('',(-7.62,-1.27,3.0));
#3467=DIRECTION('',(0.0,0.0,-1.0));
#3468=DIRECTION('',(0.0,-1.0,-0.0));
#3469=AXIS2_PLACEMENT_3D('',#3466,#3467,#3468);
#3470=CYLINDRICAL_SURFACE('',#3469,0.685);
#3471=ADVANCED_FACE('n° 2793',(#3462,#3465),#3470,.T.);
#3472=CARTESIAN_POINT('',(-7.62,-1.525,-4.175));
#3473=VERTEX_POINT('',#3472);
#3474=CARTESIAN_POINT('',(-7.62,-1.27,-4.175));
#3475=DIRECTION('',(0.0,0.0,-1.0));
#3476=DIRECTION('',(0.0,-1.0,-0.0));
#3477=AXIS2_PLACEMENT_3D('',#3474,#3475,#3476);
#3478=CIRCLE('',#3477,0.255);
#3479=EDGE_CURVE('n° 2774',#3473,#3473,#3478,.T.);
#3480=ORIENTED_EDGE('',*,*,#3479,.F.);
#3481=EDGE_LOOP('',(#3480));
#3482=FACE_OUTER_BOUND('',#3481,.T.);
#3483=CARTESIAN_POINT('',(-7.62,-1.525,-1.68));
#3484=VERTEX_POINT('',#3483);
#3485=CARTESIAN_POINT('',(-7.62,-1.27,-1.68));
#3486=DIRECTION('',(0.0,0.0,-1.0));
#3487=DIRECTION('',(0.0,-1.0,-0.0));
#3488=AXIS2_PLACEMENT_3D('',#3485,#3486,#3487);
#3489=CIRCLE('',#3488,0.255);
#3490=EDGE_CURVE('n° 2767',#3484,#3484,#3489,.T.);
#3491=ORIENTED_EDGE('',*,*,#3490,.T.);
#3492=EDGE_LOOP('',(#3491));
#3493=FACE_BOUND('',#3492,.T.);
#3494=CARTESIAN_POINT('',(-7.62,-1.27,3.0));
#3495=DIRECTION('',(0.0,0.0,-1.0));
#3496=DIRECTION('',(0.0,-1.0,-0.0));
#3497=AXIS2_PLACEMENT_3D('',#3494,#3495,#3496);
#3498=CYLINDRICAL_SURFACE('',#3497,0.255);
#3499=ADVANCED_FACE('n° 2783',(#3482,#3493),#3498,.T.);
#3500=ORIENTED_EDGE('',*,*,#3490,.F.);
#3501=EDGE_LOOP('',(#3500));
#3502=FACE_OUTER_BOUND('',#3501,.T.);
#3503=ORIENTED_EDGE('',*,*,#3459,.T.);
#3504=EDGE_LOOP('',(#3503));
#3505=FACE_BOUND('',#3504,.T.);
#3506=CARTESIAN_POINT('',(-7.62,-1.27,-1.25));
#3507=DIRECTION('',(0.0,-0.0,1.0));
#3508=DIRECTION('',(-0.0,1.0,0.0));
#3509=AXIS2_PLACEMENT_3D('',#3506,#3507,#3508);
#3510=CONICAL_SURFACE('',#3509,0.685,0.7853981634);
#3511=ADVANCED_FACE('n° 2788',(#3502,#3505),#3510,.T.);
#3512=ORIENTED_EDGE('',*,*,#3479,.T.);
#3513=EDGE_LOOP('',(#3512));
#3514=FACE_OUTER_BOUND('',#3513,.T.);
#3515=CARTESIAN_POINT('',(-7.62,-1.27,-4.175));
#3516=DIRECTION('',(0.0,0.0,-1.0));
#3517=DIRECTION('',(1.0,0.0,0.0));
#3518=AXIS2_PLACEMENT_3D('',#3515,#3516,#3517);
#3519=SPHERICAL_SURFACE('',#3518,0.255);
#3520=ADVANCED_FACE('n° 2827',(#3514),#3519,.T.);
#3521=CARTESIAN_POINT('',(-7.62,0.72,3.001));
#3522=VERTEX_POINT('',#3521);
#3523=CARTESIAN_POINT('',(-7.62,1.27,3.001));
#3524=DIRECTION('',(0.0,0.0,-1.0));
#3525=DIRECTION('',(0.0,-1.0,-0.0));
#3526=AXIS2_PLACEMENT_3D('',#3523,#3524,#3525);
#3527=CIRCLE('',#3526,0.55);
#3528=EDGE_CURVE('n° 4824',#3522,#3522,#3527,.T.);
#3529=ORIENTED_EDGE('',*,*,#3528,.T.);
#3530=EDGE_LOOP('',(#3529));
#3531=FACE_OUTER_BOUND('',#3530,.T.);
#3532=CARTESIAN_POINT('',(-7.62,0.355,3.001));
#3533=VERTEX_POINT('',#3532);
#3534=CARTESIAN_POINT('',(-7.62,1.27,3.001));
#3535=DIRECTION('',(0.0,0.0,-1.0));
#3536=DIRECTION('',(0.0,-1.0,-0.0));
#3537=AXIS2_PLACEMENT_3D('',#3534,#3535,#3536);
#3538=CIRCLE('',#3537,0.915);
#3539=EDGE_CURVE('n° 2871',#3533,#3533,#3538,.T.);
#3540=ORIENTED_EDGE('',*,*,#3539,.F.);
#3541=EDGE_LOOP('',(#3540));
#3542=FACE_BOUND('',#3541,.T.);
#3543=CARTESIAN_POINT('',(-7.62,1.27,3.001));
#3544=DIRECTION('',(0.0,0.0,-1.0));
#3545=DIRECTION('',(0.0,-1.0,-0.0));
#3546=AXIS2_PLACEMENT_3D('',#3543,#3544,#3545);
#3547=PLANE('',#3546);
#3548=ADVANCED_FACE('n° 2929',(#3531,#3542),#3547,.F.);
#3549=ORIENTED_EDGE('',*,*,#3539,.T.);
#3550=EDGE_LOOP('',(#3549));
#3551=FACE_OUTER_BOUND('',#3550,.T.);
#3552=ORIENTED_EDGE('',*,*,#600,.T.);
#3553=EDGE_LOOP('',(#3552));
#3554=FACE_BOUND('',#3553,.T.);
#3555=CARTESIAN_POINT('',(-7.62,1.27,3.0));
#3556=DIRECTION('',(0.0,0.0,-1.0));
#3557=DIRECTION('',(0.0,-1.0,-0.0));
#3558=AXIS2_PLACEMENT_3D('',#3555,#3556,#3557);
#3559=CYLINDRICAL_SURFACE('',#3558,0.915);
#3560=ADVANCED_FACE('n° 2924',(#3551,#3554),#3559,.T.);
#3561=CARTESIAN_POINT('',(-7.62,0.585,-1.25));
#3562=VERTEX_POINT('',#3561);
#3563=CARTESIAN_POINT('',(-7.62,1.27,-1.25));
#3564=DIRECTION('',(0.0,0.0,-1.0));
#3565=DIRECTION('',(0.0,-1.0,-0.0));
#3566=AXIS2_PLACEMENT_3D('',#3563,#3564,#3565);
#3567=CIRCLE('',#3566,0.685);
#3568=EDGE_CURVE('n° 2874',#3562,#3562,#3567,.T.);
#3569=ORIENTED_EDGE('',*,*,#3568,.F.);
#3570=EDGE_LOOP('',(#3569));
#3571=FACE_OUTER_BOUND('',#3570,.T.);
#3572=ORIENTED_EDGE('',*,*,#406,.T.);
#3573=EDGE_LOOP('',(#3572));
#3574=FACE_BOUND('',#3573,.T.);
#3575=CARTESIAN_POINT('',(-7.62,1.27,3.0));
#3576=DIRECTION('',(0.0,0.0,-1.0));
#3577=DIRECTION('',(0.0,-1.0,-0.0));
#3578=AXIS2_PLACEMENT_3D('',#3575,#3576,#3577);
#3579=CYLINDRICAL_SURFACE('',#3578,0.685);
#3580=ADVANCED_FACE('n° 2899',(#3571,#3574),#3579,.T.);
#3581=CARTESIAN_POINT('',(-7.62,1.015,-4.175));
#3582=VERTEX_POINT('',#3581);
#3583=CARTESIAN_POINT('',(-7.62,1.27,-4.175));
#3584=DIRECTION('',(0.0,0.0,-1.0));
#3585=DIRECTION('',(0.0,-1.0,-0.0));
#3586=AXIS2_PLACEMENT_3D('',#3583,#3584,#3585);
#3587=CIRCLE('',#3586,0.255);
#3588=EDGE_CURVE('n° 2880',#3582,#3582,#3587,.T.);
#3589=ORIENTED_EDGE('',*,*,#3588,.F.);
#3590=EDGE_LOOP('',(#3589));
#3591=FACE_OUTER_BOUND('',#3590,.T.);
#3592=CARTESIAN_POINT('',(-7.62,1.015,-1.68));
#3593=VERTEX_POINT('',#3592);
#3594=CARTESIAN_POINT('',(-7.62,1.27,-1.68));
#3595=DIRECTION('',(0.0,0.0,-1.0));
#3596=DIRECTION('',(0.0,-1.0,-0.0));
#3597=AXIS2_PLACEMENT_3D('',#3594,#3595,#3596);
#3598=CIRCLE('',#3597,0.255);
#3599=EDGE_CURVE('n° 2873',#3593,#3593,#3598,.T.);
#3600=ORIENTED_EDGE('',*,*,#3599,.T.);
#3601=EDGE_LOOP('',(#3600));
#3602=FACE_BOUND('',#3601,.T.);
#3603=CARTESIAN_POINT('',(-7.62,1.27,3.0));
#3604=DIRECTION('',(0.0,0.0,-1.0));
#3605=DIRECTION('',(0.0,-1.0,-0.0));
#3606=AXIS2_PLACEMENT_3D('',#3603,#3604,#3605);
#3607=CYLINDRICAL_SURFACE('',#3606,0.255);
#3608=ADVANCED_FACE('n° 2889',(#3591,#3602),#3607,.T.);
#3609=ORIENTED_EDGE('',*,*,#3599,.F.);
#3610=EDGE_LOOP('',(#3609));
#3611=FACE_OUTER_BOUND('',#3610,.T.);
#3612=ORIENTED_EDGE('',*,*,#3568,.T.);
#3613=EDGE_LOOP('',(#3612));
#3614=FACE_BOUND('',#3613,.T.);
#3615=CARTESIAN_POINT('',(-7.62,1.27,-1.25));
#3616=DIRECTION('',(0.0,-0.0,1.0));
#3617=DIRECTION('',(-0.0,1.0,0.0));
#3618=AXIS2_PLACEMENT_3D('',#3615,#3616,#3617);
#3619=CONICAL_SURFACE('',#3618,0.685,0.7853981634);
#3620=ADVANCED_FACE('n° 2894',(#3611,#3614),#3619,.T.);
#3621=ORIENTED_EDGE('',*,*,#3588,.T.);
#3622=EDGE_LOOP('',(#3621));
#3623=FACE_OUTER_BOUND('',#3622,.T.);
#3624=CARTESIAN_POINT('',(-7.62,1.27,-4.175));
#3625=DIRECTION('',(0.0,0.0,-1.0));
#3626=DIRECTION('',(1.0,0.0,0.0));
#3627=AXIS2_PLACEMENT_3D('',#3624,#3625,#3626);
#3628=SPHERICAL_SURFACE('',#3627,0.255);
#3629=ADVANCED_FACE('n° 2933',(#3623),#3628,.T.);
#3630=CARTESIAN_POINT('',(-7.62,3.26,3.001));
#3631=VERTEX_POINT('',#3630);
#3632=CARTESIAN_POINT('',(-7.62,3.81,3.001));
#3633=DIRECTION('',(0.0,0.0,-1.0));
#3634=DIRECTION('',(0.0,-1.0,-0.0));
#3635=AXIS2_PLACEMENT_3D('',#3632,#3633,#3634);
#3636=CIRCLE('',#3635,0.55);
#3637=EDGE_CURVE('n° 4882',#3631,#3631,#3636,.T.);
#3638=ORIENTED_EDGE('',*,*,#3637,.T.);
#3639=EDGE_LOOP('',(#3638));
#3640=FACE_OUTER_BOUND('',#3639,.T.);
#3641=CARTESIAN_POINT('',(-7.62,2.895,3.001));
#3642=VERTEX_POINT('',#3641);
#3643=CARTESIAN_POINT('',(-7.62,3.81,3.001));
#3644=DIRECTION('',(0.0,0.0,-1.0));
#3645=DIRECTION('',(0.0,-1.0,-0.0));
#3646=AXIS2_PLACEMENT_3D('',#3643,#3644,#3645);
#3647=CIRCLE('',#3646,0.915);
#3648=EDGE_CURVE('n° 2977',#3642,#3642,#3647,.T.);
#3649=ORIENTED_EDGE('',*,*,#3648,.F.);
#3650=EDGE_LOOP('',(#3649));
#3651=FACE_BOUND('',#3650,.T.);
#3652=CARTESIAN_POINT('',(-7.62,3.81,3.001));
#3653=DIRECTION('',(0.0,0.0,-1.0));
#3654=DIRECTION('',(0.0,-1.0,-0.0));
#3655=AXIS2_PLACEMENT_3D('',#3652,#3653,#3654);
#3656=PLANE('',#3655);
#3657=ADVANCED_FACE('n° 3035',(#3640,#3651),#3656,.F.);
#3658=ORIENTED_EDGE('',*,*,#3648,.T.);
#3659=EDGE_LOOP('',(#3658));
#3660=FACE_OUTER_BOUND('',#3659,.T.);
#3661=ORIENTED_EDGE('',*,*,#478,.T.);
#3662=EDGE_LOOP('',(#3661));
#3663=FACE_BOUND('',#3662,.T.);
#3664=CARTESIAN_POINT('',(-7.62,3.81,3.0));
#3665=DIRECTION('',(0.0,0.0,-1.0));
#3666=DIRECTION('',(0.0,-1.0,-0.0));
#3667=AXIS2_PLACEMENT_3D('',#3664,#3665,#3666);
#3668=CYLINDRICAL_SURFACE('',#3667,0.915);
#3669=ADVANCED_FACE('n° 3030',(#3660,#3663),#3668,.T.);
#3670=CARTESIAN_POINT('',(-7.62,3.125,-1.25));
#3671=VERTEX_POINT('',#3670);
#3672=CARTESIAN_POINT('',(-7.62,3.81,-1.25));
#3673=DIRECTION('',(0.0,0.0,-1.0));
#3674=DIRECTION('',(0.0,-1.0,-0.0));
#3675=AXIS2_PLACEMENT_3D('',#3672,#3673,#3674);
#3676=CIRCLE('',#3675,0.685);
#3677=EDGE_CURVE('n° 2980',#3671,#3671,#3676,.T.);
#3678=ORIENTED_EDGE('',*,*,#3677,.F.);
#3679=EDGE_LOOP('',(#3678));
#3680=FACE_OUTER_BOUND('',#3679,.T.);
#3681=ORIENTED_EDGE('',*,*,#45,.T.);
#3682=EDGE_LOOP('',(#3681));
#3683=FACE_BOUND('',#3682,.T.);
#3684=CARTESIAN_POINT('',(-7.62,3.81,3.0));
#3685=DIRECTION('',(0.0,0.0,-1.0));
#3686=DIRECTION('',(0.0,-1.0,-0.0));
#3687=AXIS2_PLACEMENT_3D('',#3684,#3685,#3686);
#3688=CYLINDRICAL_SURFACE('',#3687,0.685);
#3689=ADVANCED_FACE('n° 3005',(#3680,#3683),#3688,.T.);
#3690=CARTESIAN_POINT('',(-7.62,3.555,-4.175));
#3691=VERTEX_POINT('',#3690);
#3692=CARTESIAN_POINT('',(-7.62,3.81,-4.175));
#3693=DIRECTION('',(0.0,0.0,-1.0));
#3694=DIRECTION('',(0.0,-1.0,-0.0));
#3695=AXIS2_PLACEMENT_3D('',#3692,#3693,#3694);
#3696=CIRCLE('',#3695,0.255);
#3697=EDGE_CURVE('n° 2986',#3691,#3691,#3696,.T.);
#3698=ORIENTED_EDGE('',*,*,#3697,.F.);
#3699=EDGE_LOOP('',(#3698));
#3700=FACE_OUTER_BOUND('',#3699,.T.);
#3701=CARTESIAN_POINT('',(-7.62,3.555,-1.68));
#3702=VERTEX_POINT('',#3701);
#3703=CARTESIAN_POINT('',(-7.62,3.81,-1.68));
#3704=DIRECTION('',(0.0,0.0,-1.0));
#3705=DIRECTION('',(0.0,-1.0,-0.0));
#3706=AXIS2_PLACEMENT_3D('',#3703,#3704,#3705);
#3707=CIRCLE('',#3706,0.255);
#3708=EDGE_CURVE('n° 2979',#3702,#3702,#3707,.T.);
#3709=ORIENTED_EDGE('',*,*,#3708,.T.);
#3710=EDGE_LOOP('',(#3709));
#3711=FACE_BOUND('',#3710,.T.);
#3712=CARTESIAN_POINT('',(-7.62,3.81,3.0));
#3713=DIRECTION('',(0.0,0.0,-1.0));
#3714=DIRECTION('',(0.0,-1.0,-0.0));
#3715=AXIS2_PLACEMENT_3D('',#3712,#3713,#3714);
#3716=CYLINDRICAL_SURFACE('',#3715,0.255);
#3717=ADVANCED_FACE('n° 2995',(#3700,#3711),#3716,.T.);
#3718=ORIENTED_EDGE('',*,*,#3708,.F.);
#3719=EDGE_LOOP('',(#3718));
#3720=FACE_OUTER_BOUND('',#3719,.T.);
#3721=ORIENTED_EDGE('',*,*,#3677,.T.);
#3722=EDGE_LOOP('',(#3721));
#3723=FACE_BOUND('',#3722,.T.);
#3724=CARTESIAN_POINT('',(-7.62,3.81,-1.25));
#3725=DIRECTION('',(0.0,-0.0,1.0));
#3726=DIRECTION('',(-0.0,1.0,0.0));
#3727=AXIS2_PLACEMENT_3D('',#3724,#3725,#3726);
#3728=CONICAL_SURFACE('',#3727,0.685,0.7853981634);
#3729=ADVANCED_FACE('n° 3000',(#3720,#3723),#3728,.T.);
#3730=ORIENTED_EDGE('',*,*,#3697,.T.);
#3731=EDGE_LOOP('',(#3730));
#3732=FACE_OUTER_BOUND('',#3731,.T.);
#3733=CARTESIAN_POINT('',(-7.62,3.81,-4.175));
#3734=DIRECTION('',(0.0,0.0,-1.0));
#3735=DIRECTION('',(1.0,0.0,0.0));
#3736=AXIS2_PLACEMENT_3D('',#3733,#3734,#3735);
#3737=SPHERICAL_SURFACE('',#3736,0.255);
#3738=ADVANCED_FACE('n° 3039',(#3732),#3737,.T.);
#3739=CARTESIAN_POINT('',(-7.62,5.8,3.001));
#3740=VERTEX_POINT('',#3739);
#3741=CARTESIAN_POINT('',(-7.62,6.35,3.001));
#3742=DIRECTION('',(0.0,0.0,-1.0));
#3743=DIRECTION('',(0.0,-1.0,-0.0));
#3744=AXIS2_PLACEMENT_3D('',#3741,#3742,#3743);
#3745=CIRCLE('',#3744,0.55);
#3746=EDGE_CURVE('n° 4940',#3740,#3740,#3745,.T.);
#3747=ORIENTED_EDGE('',*,*,#3746,.T.);
#3748=EDGE_LOOP('',(#3747));
#3749=FACE_OUTER_BOUND('',#3748,.T.);
#3750=CARTESIAN_POINT('',(-7.62,5.435,3.001));
#3751=VERTEX_POINT('',#3750);
#3752=CARTESIAN_POINT('',(-7.62,6.35,3.001));
#3753=DIRECTION('',(0.0,0.0,-1.0));
#3754=DIRECTION('',(0.0,-1.0,-0.0));
#3755=AXIS2_PLACEMENT_3D('',#3752,#3753,#3754);
#3756=CIRCLE('',#3755,0.915);
#3757=EDGE_CURVE('n° 3083',#3751,#3751,#3756,.T.);
#3758=ORIENTED_EDGE('',*,*,#3757,.F.);
#3759=EDGE_LOOP('',(#3758));
#3760=FACE_BOUND('',#3759,.T.);
#3761=CARTESIAN_POINT('',(-7.62,6.35,3.001));
#3762=DIRECTION('',(0.0,0.0,-1.0));
#3763=DIRECTION('',(0.0,-1.0,-0.0));
#3764=AXIS2_PLACEMENT_3D('',#3761,#3762,#3763);
#3765=PLANE('',#3764);
#3766=ADVANCED_FACE('n° 3141',(#3749,#3760),#3765,.F.);
#3767=ORIENTED_EDGE('',*,*,#3757,.T.);
#3768=EDGE_LOOP('',(#3767));
#3769=FACE_OUTER_BOUND('',#3768,.T.);
#3770=ORIENTED_EDGE('',*,*,#611,.T.);
#3771=EDGE_LOOP('',(#3770));
#3772=FACE_BOUND('',#3771,.T.);
#3773=CARTESIAN_POINT('',(-7.62,6.35,3.0));
#3774=DIRECTION('',(0.0,0.0,-1.0));
#3775=DIRECTION('',(0.0,-1.0,-0.0));
#3776=AXIS2_PLACEMENT_3D('',#3773,#3774,#3775);
#3777=CYLINDRICAL_SURFACE('',#3776,0.915);
#3778=ADVANCED_FACE('n° 3136',(#3769,#3772),#3777,.T.);
#3779=CARTESIAN_POINT('',(-7.62,5.665,-1.25));
#3780=VERTEX_POINT('',#3779);
#3781=CARTESIAN_POINT('',(-7.62,6.35,-1.25));
#3782=DIRECTION('',(0.0,0.0,-1.0));
#3783=DIRECTION('',(0.0,-1.0,-0.0));
#3784=AXIS2_PLACEMENT_3D('',#3781,#3782,#3783);
#3785=CIRCLE('',#3784,0.685);
#3786=EDGE_CURVE('n° 3086',#3780,#3780,#3785,.T.);
#3787=ORIENTED_EDGE('',*,*,#3786,.F.);
#3788=EDGE_LOOP('',(#3787));
#3789=FACE_OUTER_BOUND('',#3788,.T.);
#3790=ORIENTED_EDGE('',*,*,#417,.T.);
#3791=EDGE_LOOP('',(#3790));
#3792=FACE_BOUND('',#3791,.T.);
#3793=CARTESIAN_POINT('',(-7.62,6.35,3.0));
#3794=DIRECTION('',(0.0,0.0,-1.0));
#3795=DIRECTION('',(0.0,-1.0,-0.0));
#3796=AXIS2_PLACEMENT_3D('',#3793,#3794,#3795);
#3797=CYLINDRICAL_SURFACE('',#3796,0.685);
#3798=ADVANCED_FACE('n° 3111',(#3789,#3792),#3797,.T.);
#3799=CARTESIAN_POINT('',(-7.62,6.095,-4.175));
#3800=VERTEX_POINT('',#3799);
#3801=CARTESIAN_POINT('',(-7.62,6.35,-4.175));
#3802=DIRECTION('',(0.0,0.0,-1.0));
#3803=DIRECTION('',(0.0,-1.0,-0.0));
#3804=AXIS2_PLACEMENT_3D('',#3801,#3802,#3803);
#3805=CIRCLE('',#3804,0.255);
#3806=EDGE_CURVE('n° 3092',#3800,#3800,#3805,.T.);
#3807=ORIENTED_EDGE('',*,*,#3806,.F.);
#3808=EDGE_LOOP('',(#3807));
#3809=FACE_OUTER_BOUND('',#3808,.T.);
#3810=CARTESIAN_POINT('',(-7.62,6.095,-1.68));
#3811=VERTEX_POINT('',#3810);
#3812=CARTESIAN_POINT('',(-7.62,6.35,-1.68));
#3813=DIRECTION('',(0.0,0.0,-1.0));
#3814=DIRECTION('',(0.0,-1.0,-0.0));
#3815=AXIS2_PLACEMENT_3D('',#3812,#3813,#3814);
#3816=CIRCLE('',#3815,0.255);
#3817=EDGE_CURVE('n° 3085',#3811,#3811,#3816,.T.);
#3818=ORIENTED_EDGE('',*,*,#3817,.T.);
#3819=EDGE_LOOP('',(#3818));
#3820=FACE_BOUND('',#3819,.T.);
#3821=CARTESIAN_POINT('',(-7.62,6.35,3.0));
#3822=DIRECTION('',(0.0,0.0,-1.0));
#3823=DIRECTION('',(0.0,-1.0,-0.0));
#3824=AXIS2_PLACEMENT_3D('',#3821,#3822,#3823);
#3825=CYLINDRICAL_SURFACE('',#3824,0.255);
#3826=ADVANCED_FACE('n° 3101',(#3809,#3820),#3825,.T.);
#3827=ORIENTED_EDGE('',*,*,#3817,.F.);
#3828=EDGE_LOOP('',(#3827));
#3829=FACE_OUTER_BOUND('',#3828,.T.);
#3830=ORIENTED_EDGE('',*,*,#3786,.T.);
#3831=EDGE_LOOP('',(#3830));
#3832=FACE_BOUND('',#3831,.T.);
#3833=CARTESIAN_POINT('',(-7.62,6.35,-1.25));
#3834=DIRECTION('',(0.0,-0.0,1.0));
#3835=DIRECTION('',(-0.0,1.0,0.0));
#3836=AXIS2_PLACEMENT_3D('',#3833,#3834,#3835);
#3837=CONICAL_SURFACE('',#3836,0.685,0.7853981634);
#3838=ADVANCED_FACE('n° 3106',(#3829,#3832),#3837,.T.);
#3839=ORIENTED_EDGE('',*,*,#3806,.T.);
#3840=EDGE_LOOP('',(#3839));
#3841=FACE_OUTER_BOUND('',#3840,.T.);
#3842=CARTESIAN_POINT('',(-7.62,6.35,-4.175));
#3843=DIRECTION('',(0.0,0.0,-1.0));
#3844=DIRECTION('',(1.0,0.0,0.0));
#3845=AXIS2_PLACEMENT_3D('',#3842,#3843,#3844);
#3846=SPHERICAL_SURFACE('',#3845,0.255);
#3847=ADVANCED_FACE('n° 3145',(#3841),#3846,.T.);
#3848=CARTESIAN_POINT('',(-7.62,8.34,3.001));
#3849=VERTEX_POINT('',#3848);
#3850=CARTESIAN_POINT('',(-7.62,8.89,3.001));
#3851=DIRECTION('',(0.0,0.0,-1.0));
#3852=DIRECTION('',(0.0,-1.0,-0.0));
#3853=AXIS2_PLACEMENT_3D('',#3850,#3851,#3852);
#3854=CIRCLE('',#3853,0.55);
#3855=EDGE_CURVE('n° 4998',#3849,#3849,#3854,.T.);
#3856=ORIENTED_EDGE('',*,*,#3855,.T.);
#3857=EDGE_LOOP('',(#3856));
#3858=FACE_OUTER_BOUND('',#3857,.T.);
#3859=CARTESIAN_POINT('',(-7.62,7.975,3.001));
#3860=VERTEX_POINT('',#3859);
#3861=CARTESIAN_POINT('',(-7.62,8.89,3.001));
#3862=DIRECTION('',(0.0,0.0,-1.0));
#3863=DIRECTION('',(0.0,-1.0,-0.0));
#3864=AXIS2_PLACEMENT_3D('',#3861,#3862,#3863);
#3865=CIRCLE('',#3864,0.915);
#3866=EDGE_CURVE('n° 3189',#3860,#3860,#3865,.T.);
#3867=ORIENTED_EDGE('',*,*,#3866,.F.);
#3868=EDGE_LOOP('',(#3867));
#3869=FACE_BOUND('',#3868,.T.);
#3870=CARTESIAN_POINT('',(-7.62,8.89,3.001));
#3871=DIRECTION('',(0.0,0.0,-1.0));
#3872=DIRECTION('',(0.0,-1.0,-0.0));
#3873=AXIS2_PLACEMENT_3D('',#3870,#3871,#3872);
#3874=PLANE('',#3873);
#3875=ADVANCED_FACE('n° 3247',(#3858,#3869),#3874,.F.);
#3876=ORIENTED_EDGE('',*,*,#3866,.T.);
#3877=EDGE_LOOP('',(#3876));
#3878=FACE_OUTER_BOUND('',#3877,.T.);
#3879=ORIENTED_EDGE('',*,*,#467,.T.);
#3880=EDGE_LOOP('',(#3879));
#3881=FACE_BOUND('',#3880,.T.);
#3882=CARTESIAN_POINT('',(-7.62,8.89,3.0));
#3883=DIRECTION('',(0.0,0.0,-1.0));
#3884=DIRECTION('',(0.0,-1.0,-0.0));
#3885=AXIS2_PLACEMENT_3D('',#3882,#3883,#3884);
#3886=CYLINDRICAL_SURFACE('',#3885,0.915);
#3887=ADVANCED_FACE('n° 3242',(#3878,#3881),#3886,.T.);
#3888=CARTESIAN_POINT('',(-7.62,8.205,-1.25));
#3889=VERTEX_POINT('',#3888);
#3890=CARTESIAN_POINT('',(-7.62,8.89,-1.25));
#3891=DIRECTION('',(0.0,0.0,-1.0));
#3892=DIRECTION('',(0.0,-1.0,-0.0));
#3893=AXIS2_PLACEMENT_3D('',#3890,#3891,#3892);
#3894=CIRCLE('',#3893,0.685);
#3895=EDGE_CURVE('n° 3192',#3889,#3889,#3894,.T.);
#3896=ORIENTED_EDGE('',*,*,#3895,.F.);
#3897=EDGE_LOOP('',(#3896));
#3898=FACE_OUTER_BOUND('',#3897,.T.);
#3899=ORIENTED_EDGE('',*,*,#34,.T.);
#3900=EDGE_LOOP('',(#3899));
#3901=FACE_BOUND('',#3900,.T.);
#3902=CARTESIAN_POINT('',(-7.62,8.89,3.0));
#3903=DIRECTION('',(0.0,0.0,-1.0));
#3904=DIRECTION('',(0.0,-1.0,-0.0));
#3905=AXIS2_PLACEMENT_3D('',#3902,#3903,#3904);
#3906=CYLINDRICAL_SURFACE('',#3905,0.685);
#3907=ADVANCED_FACE('n° 3217',(#3898,#3901),#3906,.T.);
#3908=CARTESIAN_POINT('',(-7.62,8.635,-4.175));
#3909=VERTEX_POINT('',#3908);
#3910=CARTESIAN_POINT('',(-7.62,8.89,-4.175));
#3911=DIRECTION('',(0.0,0.0,-1.0));
#3912=DIRECTION('',(0.0,-1.0,-0.0));
#3913=AXIS2_PLACEMENT_3D('',#3910,#3911,#3912);
#3914=CIRCLE('',#3913,0.255);
#3915=EDGE_CURVE('n° 3198',#3909,#3909,#3914,.T.);
#3916=ORIENTED_EDGE('',*,*,#3915,.F.);
#3917=EDGE_LOOP('',(#3916));
#3918=FACE_OUTER_BOUND('',#3917,.T.);
#3919=CARTESIAN_POINT('',(-7.62,8.635,-1.68));
#3920=VERTEX_POINT('',#3919);
#3921=CARTESIAN_POINT('',(-7.62,8.89,-1.68));
#3922=DIRECTION('',(0.0,0.0,-1.0));
#3923=DIRECTION('',(0.0,-1.0,-0.0));
#3924=AXIS2_PLACEMENT_3D('',#3921,#3922,#3923);
#3925=CIRCLE('',#3924,0.255);
#3926=EDGE_CURVE('n° 3191',#3920,#3920,#3925,.T.);
#3927=ORIENTED_EDGE('',*,*,#3926,.T.);
#3928=EDGE_LOOP('',(#3927));
#3929=FACE_BOUND('',#3928,.T.);
#3930=CARTESIAN_POINT('',(-7.62,8.89,3.0));
#3931=DIRECTION('',(0.0,0.0,-1.0));
#3932=DIRECTION('',(0.0,-1.0,-0.0));
#3933=AXIS2_PLACEMENT_3D('',#3930,#3931,#3932);
#3934=CYLINDRICAL_SURFACE('',#3933,0.255);
#3935=ADVANCED_FACE('n° 3207',(#3918,#3929),#3934,.T.);
#3936=ORIENTED_EDGE('',*,*,#3926,.F.);
#3937=EDGE_LOOP('',(#3936));
#3938=FACE_OUTER_BOUND('',#3937,.T.);
#3939=ORIENTED_EDGE('',*,*,#3895,.T.);
#3940=EDGE_LOOP('',(#3939));
#3941=FACE_BOUND('',#3940,.T.);
#3942=CARTESIAN_POINT('',(-7.62,8.89,-1.25));
#3943=DIRECTION('',(0.0,-0.0,1.0));
#3944=DIRECTION('',(-0.0,1.0,0.0));
#3945=AXIS2_PLACEMENT_3D('',#3942,#3943,#3944);
#3946=CONICAL_SURFACE('',#3945,0.685,0.7853981634);
#3947=ADVANCED_FACE('n° 3212',(#3938,#3941),#3946,.T.);
#3948=ORIENTED_EDGE('',*,*,#3915,.T.);
#3949=EDGE_LOOP('',(#3948));
#3950=FACE_OUTER_BOUND('',#3949,.T.);
#3951=CARTESIAN_POINT('',(-7.62,8.89,-4.175));
#3952=DIRECTION('',(0.0,0.0,-1.0));
#3953=DIRECTION('',(1.0,0.0,0.0));
#3954=AXIS2_PLACEMENT_3D('',#3951,#3952,#3953);
#3955=SPHERICAL_SURFACE('',#3954,0.255);
#3956=ADVANCED_FACE('n° 3251',(#3950),#3955,.T.);
#3957=CARTESIAN_POINT('',(-7.62,10.88,3.001));
#3958=VERTEX_POINT('',#3957);
#3959=CARTESIAN_POINT('',(-7.62,11.43,3.001));
#3960=DIRECTION('',(0.0,0.0,-1.0));
#3961=DIRECTION('',(0.0,-1.0,-0.0));
#3962=AXIS2_PLACEMENT_3D('',#3959,#3960,#3961);
#3963=CIRCLE('',#3962,0.55);
#3964=EDGE_CURVE('n° 5056',#3958,#3958,#3963,.T.);
#3965=ORIENTED_EDGE('',*,*,#3964,.T.);
#3966=EDGE_LOOP('',(#3965));
#3967=FACE_OUTER_BOUND('',#3966,.T.);
#3968=CARTESIAN_POINT('',(-7.62,10.515,3.001));
#3969=VERTEX_POINT('',#3968);
#3970=CARTESIAN_POINT('',(-7.62,11.43,3.001));
#3971=DIRECTION('',(0.0,0.0,-1.0));
#3972=DIRECTION('',(0.0,-1.0,-0.0));
#3973=AXIS2_PLACEMENT_3D('',#3970,#3971,#3972);
#3974=CIRCLE('',#3973,0.915);
#3975=EDGE_CURVE('n° 3295',#3969,#3969,#3974,.T.);
#3976=ORIENTED_EDGE('',*,*,#3975,.F.);
#3977=EDGE_LOOP('',(#3976));
#3978=FACE_BOUND('',#3977,.T.);
#3979=CARTESIAN_POINT('',(-7.62,11.43,3.001));
#3980=DIRECTION('',(0.0,0.0,-1.0));
#3981=DIRECTION('',(0.0,-1.0,-0.0));
#3982=AXIS2_PLACEMENT_3D('',#3979,#3980,#3981);
#3983=PLANE('',#3982);
#3984=ADVANCED_FACE('n° 3353',(#3967,#3978),#3983,.F.);
#3985=ORIENTED_EDGE('',*,*,#3975,.T.);
#3986=EDGE_LOOP('',(#3985));
#3987=FACE_OUTER_BOUND('',#3986,.T.);
#3988=ORIENTED_EDGE('',*,*,#622,.T.);
#3989=EDGE_LOOP('',(#3988));
#3990=FACE_BOUND('',#3989,.T.);
#3991=CARTESIAN_POINT('',(-7.62,11.43,3.0));
#3992=DIRECTION('',(0.0,0.0,-1.0));
#3993=DIRECTION('',(0.0,-1.0,-0.0));
#3994=AXIS2_PLACEMENT_3D('',#3991,#3992,#3993);
#3995=CYLINDRICAL_SURFACE('',#3994,0.915);
#3996=ADVANCED_FACE('n° 3348',(#3987,#3990),#3995,.T.);
#3997=CARTESIAN_POINT('',(-7.62,10.745,-1.25));
#3998=VERTEX_POINT('',#3997);
#3999=CARTESIAN_POINT('',(-7.62,11.43,-1.25));
#4000=DIRECTION('',(0.0,0.0,-1.0));
#4001=DIRECTION('',(0.0,-1.0,-0.0));
#4002=AXIS2_PLACEMENT_3D('',#3999,#4000,#4001);
#4003=CIRCLE('',#4002,0.685);
#4004=EDGE_CURVE('n° 3298',#3998,#3998,#4003,.T.);
#4005=ORIENTED_EDGE('',*,*,#4004,.F.);
#4006=EDGE_LOOP('',(#4005));
#4007=FACE_OUTER_BOUND('',#4006,.T.);
#4008=ORIENTED_EDGE('',*,*,#428,.T.);
#4009=EDGE_LOOP('',(#4008));
#4010=FACE_BOUND('',#4009,.T.);
#4011=CARTESIAN_POINT('',(-7.62,11.43,3.0));
#4012=DIRECTION('',(0.0,0.0,-1.0));
#4013=DIRECTION('',(0.0,-1.0,-0.0));
#4014=AXIS2_PLACEMENT_3D('',#4011,#4012,#4013);
#4015=CYLINDRICAL_SURFACE('',#4014,0.685);
#4016=ADVANCED_FACE('n° 3323',(#4007,#4010),#4015,.T.);
#4017=CARTESIAN_POINT('',(-7.62,11.175,-4.175));
#4018=VERTEX_POINT('',#4017);
#4019=CARTESIAN_POINT('',(-7.62,11.43,-4.175));
#4020=DIRECTION('',(0.0,0.0,-1.0));
#4021=DIRECTION('',(0.0,-1.0,-0.0));
#4022=AXIS2_PLACEMENT_3D('',#4019,#4020,#4021);
#4023=CIRCLE('',#4022,0.255);
#4024=EDGE_CURVE('n° 3304',#4018,#4018,#4023,.T.);
#4025=ORIENTED_EDGE('',*,*,#4024,.F.);
#4026=EDGE_LOOP('',(#4025));
#4027=FACE_OUTER_BOUND('',#4026,.T.);
#4028=CARTESIAN_POINT('',(-7.62,11.175,-1.68));
#4029=VERTEX_POINT('',#4028);
#4030=CARTESIAN_POINT('',(-7.62,11.43,-1.68));
#4031=DIRECTION('',(0.0,0.0,-1.0));
#4032=DIRECTION('',(0.0,-1.0,-0.0));
#4033=AXIS2_PLACEMENT_3D('',#4030,#4031,#4032);
#4034=CIRCLE('',#4033,0.255);
#4035=EDGE_CURVE('n° 3297',#4029,#4029,#4034,.T.);
#4036=ORIENTED_EDGE('',*,*,#4035,.T.);
#4037=EDGE_LOOP('',(#4036));
#4038=FACE_BOUND('',#4037,.T.);
#4039=CARTESIAN_POINT('',(-7.62,11.43,3.0));
#4040=DIRECTION('',(0.0,0.0,-1.0));
#4041=DIRECTION('',(0.0,-1.0,-0.0));
#4042=AXIS2_PLACEMENT_3D('',#4039,#4040,#4041);
#4043=CYLINDRICAL_SURFACE('',#4042,0.255);
#4044=ADVANCED_FACE('n° 3313',(#4027,#4038),#4043,.T.);
#4045=ORIENTED_EDGE('',*,*,#4035,.F.);
#4046=EDGE_LOOP('',(#4045));
#4047=FACE_OUTER_BOUND('',#4046,.T.);
#4048=ORIENTED_EDGE('',*,*,#4004,.T.);
#4049=EDGE_LOOP('',(#4048));
#4050=FACE_BOUND('',#4049,.T.);
#4051=CARTESIAN_POINT('',(-7.62,11.43,-1.25));
#4052=DIRECTION('',(0.0,-0.0,1.0));
#4053=DIRECTION('',(-0.0,1.0,0.0));
#4054=AXIS2_PLACEMENT_3D('',#4051,#4052,#4053);
#4055=CONICAL_SURFACE('',#4054,0.685,0.7853981634);
#4056=ADVANCED_FACE('n° 3318',(#4047,#4050),#4055,.T.);
#4057=ORIENTED_EDGE('',*,*,#4024,.T.);
#4058=EDGE_LOOP('',(#4057));
#4059=FACE_OUTER_BOUND('',#4058,.T.);
#4060=CARTESIAN_POINT('',(-7.62,11.43,-4.175));
#4061=DIRECTION('',(0.0,0.0,-1.0));
#4062=DIRECTION('',(1.0,0.0,0.0));
#4063=AXIS2_PLACEMENT_3D('',#4060,#4061,#4062);
#4064=SPHERICAL_SURFACE('',#4063,0.255);
#4065=ADVANCED_FACE('n° 3357',(#4059),#4064,.T.);
#4066=CARTESIAN_POINT('',(-7.62,13.42,3.001));
#4067=VERTEX_POINT('',#4066);
#4068=CARTESIAN_POINT('',(-7.62,13.97,3.001));
#4069=DIRECTION('',(0.0,0.0,-1.0));
#4070=DIRECTION('',(0.0,-1.0,-0.0));
#4071=AXIS2_PLACEMENT_3D('',#4068,#4069,#4070);
#4072=CIRCLE('',#4071,0.55);
#4073=EDGE_CURVE('n° 5114',#4067,#4067,#4072,.T.);
#4074=ORIENTED_EDGE('',*,*,#4073,.T.);
#4075=EDGE_LOOP('',(#4074));
#4076=FACE_OUTER_BOUND('',#4075,.T.);
#4077=CARTESIAN_POINT('',(-7.62,13.055,3.001));
#4078=VERTEX_POINT('',#4077);
#4079=CARTESIAN_POINT('',(-7.62,13.97,3.001));
#4080=DIRECTION('',(0.0,0.0,-1.0));
#4081=DIRECTION('',(0.0,-1.0,-0.0));
#4082=AXIS2_PLACEMENT_3D('',#4079,#4080,#4081);
#4083=CIRCLE('',#4082,0.915);
#4084=EDGE_CURVE('n° 3401',#4078,#4078,#4083,.T.);
#4085=ORIENTED_EDGE('',*,*,#4084,.F.);
#4086=EDGE_LOOP('',(#4085));
#4087=FACE_BOUND('',#4086,.T.);
#4088=CARTESIAN_POINT('',(-7.62,13.97,3.001));
#4089=DIRECTION('',(0.0,0.0,-1.0));
#4090=DIRECTION('',(0.0,-1.0,-0.0));
#4091=AXIS2_PLACEMENT_3D('',#4088,#4089,#4090);
#4092=PLANE('',#4091);
#4093=ADVANCED_FACE('n° 3459',(#4076,#4087),#4092,.F.);
#4094=ORIENTED_EDGE('',*,*,#4084,.T.);
#4095=EDGE_LOOP('',(#4094));
#4096=FACE_OUTER_BOUND('',#4095,.T.);
#4097=ORIENTED_EDGE('',*,*,#456,.T.);
#4098=EDGE_LOOP('',(#4097));
#4099=FACE_BOUND('',#4098,.T.);
#4100=CARTESIAN_POINT('',(-7.62,13.97,3.0));
#4101=DIRECTION('',(0.0,0.0,-1.0));
#4102=DIRECTION('',(0.0,-1.0,-0.0));
#4103=AXIS2_PLACEMENT_3D('',#4100,#4101,#4102);
#4104=CYLINDRICAL_SURFACE('',#4103,0.915);
#4105=ADVANCED_FACE('n° 3454',(#4096,#4099),#4104,.T.);
#4106=CARTESIAN_POINT('',(-7.62,13.285,-1.25));
#4107=VERTEX_POINT('',#4106);
#4108=CARTESIAN_POINT('',(-7.62,13.97,-1.25));
#4109=DIRECTION('',(0.0,0.0,-1.0));
#4110=DIRECTION('',(0.0,-1.0,-0.0));
#4111=AXIS2_PLACEMENT_3D('',#4108,#4109,#4110);
#4112=CIRCLE('',#4111,0.685);
#4113=EDGE_CURVE('n° 3404',#4107,#4107,#4112,.T.);
#4114=ORIENTED_EDGE('',*,*,#4113,.F.);
#4115=EDGE_LOOP('',(#4114));
#4116=FACE_OUTER_BOUND('',#4115,.T.);
#4117=ORIENTED_EDGE('',*,*,#23,.T.);
#4118=EDGE_LOOP('',(#4117));
#4119=FACE_BOUND('',#4118,.T.);
#4120=CARTESIAN_POINT('',(-7.62,13.97,3.0));
#4121=DIRECTION('',(0.0,0.0,-1.0));
#4122=DIRECTION('',(0.0,-1.0,-0.0));
#4123=AXIS2_PLACEMENT_3D('',#4120,#4121,#4122);
#4124=CYLINDRICAL_SURFACE('',#4123,0.685);
#4125=ADVANCED_FACE('n° 3429',(#4116,#4119),#4124,.T.);
#4126=CARTESIAN_POINT('',(-7.62,13.715,-4.175));
#4127=VERTEX_POINT('',#4126);
#4128=CARTESIAN_POINT('',(-7.62,13.97,-4.175));
#4129=DIRECTION('',(0.0,0.0,-1.0));
#4130=DIRECTION('',(0.0,-1.0,-0.0));
#4131=AXIS2_PLACEMENT_3D('',#4128,#4129,#4130);
#4132=CIRCLE('',#4131,0.255);
#4133=EDGE_CURVE('n° 3410',#4127,#4127,#4132,.T.);
#4134=ORIENTED_EDGE('',*,*,#4133,.F.);
#4135=EDGE_LOOP('',(#4134));
#4136=FACE_OUTER_BOUND('',#4135,.T.);
#4137=CARTESIAN_POINT('',(-7.62,13.715,-1.68));
#4138=VERTEX_POINT('',#4137);
#4139=CARTESIAN_POINT('',(-7.62,13.97,-1.68));
#4140=DIRECTION('',(0.0,0.0,-1.0));
#4141=DIRECTION('',(0.0,-1.0,-0.0));
#4142=AXIS2_PLACEMENT_3D('',#4139,#4140,#4141);
#4143=CIRCLE('',#4142,0.255);
#4144=EDGE_CURVE('n° 3403',#4138,#4138,#4143,.T.);
#4145=ORIENTED_EDGE('',*,*,#4144,.T.);
#4146=EDGE_LOOP('',(#4145));
#4147=FACE_BOUND('',#4146,.T.);
#4148=CARTESIAN_POINT('',(-7.62,13.97,3.0));
#4149=DIRECTION('',(0.0,0.0,-1.0));
#4150=DIRECTION('',(0.0,-1.0,-0.0));
#4151=AXIS2_PLACEMENT_3D('',#4148,#4149,#4150);
#4152=CYLINDRICAL_SURFACE('',#4151,0.255);
#4153=ADVANCED_FACE('n° 3419',(#4136,#4147),#4152,.T.);
#4154=ORIENTED_EDGE('',*,*,#4144,.F.);
#4155=EDGE_LOOP('',(#4154));
#4156=FACE_OUTER_BOUND('',#4155,.T.);
#4157=ORIENTED_EDGE('',*,*,#4113,.T.);
#4158=EDGE_LOOP('',(#4157));
#4159=FACE_BOUND('',#4158,.T.);
#4160=CARTESIAN_POINT('',(-7.62,13.97,-1.25));
#4161=DIRECTION('',(0.0,-0.0,1.0));
#4162=DIRECTION('',(-0.0,1.0,0.0));
#4163=AXIS2_PLACEMENT_3D('',#4160,#4161,#4162);
#4164=CONICAL_SURFACE('',#4163,0.685,0.7853981634);
#4165=ADVANCED_FACE('n° 3424',(#4156,#4159),#4164,.T.);
#4166=ORIENTED_EDGE('',*,*,#4133,.T.);
#4167=EDGE_LOOP('',(#4166));
#4168=FACE_OUTER_BOUND('',#4167,.T.);
#4169=CARTESIAN_POINT('',(-7.62,13.97,-4.175));
#4170=DIRECTION('',(0.0,0.0,-1.0));
#4171=DIRECTION('',(1.0,0.0,0.0));
#4172=AXIS2_PLACEMENT_3D('',#4169,#4170,#4171);
#4173=SPHERICAL_SURFACE('',#4172,0.255);
#4174=ADVANCED_FACE('n° 3463',(#4168),#4173,.T.);
#4175=CARTESIAN_POINT('',(-7.62,15.96,3.001));
#4176=VERTEX_POINT('',#4175);
#4177=CARTESIAN_POINT('',(-7.62,16.51,3.001));
#4178=DIRECTION('',(0.0,0.0,-1.0));
#4179=DIRECTION('',(0.0,-1.0,-0.0));
#4180=AXIS2_PLACEMENT_3D('',#4177,#4178,#4179);
#4181=CIRCLE('',#4180,0.55);
#4182=EDGE_CURVE('n° 5172',#4176,#4176,#4181,.T.);
#4183=ORIENTED_EDGE('',*,*,#4182,.T.);
#4184=EDGE_LOOP('',(#4183));
#4185=FACE_OUTER_BOUND('',#4184,.T.);
#4186=CARTESIAN_POINT('',(-7.62,15.595,3.001));
#4187=VERTEX_POINT('',#4186);
#4188=CARTESIAN_POINT('',(-7.62,16.51,3.001));
#4189=DIRECTION('',(0.0,0.0,-1.0));
#4190=DIRECTION('',(0.0,-1.0,-0.0));
#4191=AXIS2_PLACEMENT_3D('',#4188,#4189,#4190);
#4192=CIRCLE('',#4191,0.915);
#4193=EDGE_CURVE('n° 3507',#4187,#4187,#4192,.T.);
#4194=ORIENTED_EDGE('',*,*,#4193,.F.);
#4195=EDGE_LOOP('',(#4194));
#4196=FACE_BOUND('',#4195,.T.);
#4197=CARTESIAN_POINT('',(-7.62,16.51,3.001));
#4198=DIRECTION('',(0.0,0.0,-1.0));
#4199=DIRECTION('',(0.0,-1.0,-0.0));
#4200=AXIS2_PLACEMENT_3D('',#4197,#4198,#4199);
#4201=PLANE('',#4200);
#4202=ADVANCED_FACE('n° 3565',(#4185,#4196),#4201,.F.);
#4203=ORIENTED_EDGE('',*,*,#4193,.T.);
#4204=EDGE_LOOP('',(#4203));
#4205=FACE_OUTER_BOUND('',#4204,.T.);
#4206=ORIENTED_EDGE('',*,*,#633,.T.);
#4207=EDGE_LOOP('',(#4206));
#4208=FACE_BOUND('',#4207,.T.);
#4209=CARTESIAN_POINT('',(-7.62,16.51,3.0));
#4210=DIRECTION('',(0.0,0.0,-1.0));
#4211=DIRECTION('',(0.0,-1.0,-0.0));
#4212=AXIS2_PLACEMENT_3D('',#4209,#4210,#4211);
#4213=CYLINDRICAL_SURFACE('',#4212,0.915);
#4214=ADVANCED_FACE('n° 3560',(#4205,#4208),#4213,.T.);
#4215=CARTESIAN_POINT('',(-7.62,15.825,-1.25));
#4216=VERTEX_POINT('',#4215);
#4217=CARTESIAN_POINT('',(-7.62,16.51,-1.25));
#4218=DIRECTION('',(0.0,0.0,-1.0));
#4219=DIRECTION('',(0.0,-1.0,-0.0));
#4220=AXIS2_PLACEMENT_3D('',#4217,#4218,#4219);
#4221=CIRCLE('',#4220,0.685);
#4222=EDGE_CURVE('n° 3510',#4216,#4216,#4221,.T.);
#4223=ORIENTED_EDGE('',*,*,#4222,.F.);
#4224=EDGE_LOOP('',(#4223));
#4225=FACE_OUTER_BOUND('',#4224,.T.);
#4226=ORIENTED_EDGE('',*,*,#439,.T.);
#4227=EDGE_LOOP('',(#4226));
#4228=FACE_BOUND('',#4227,.T.);
#4229=CARTESIAN_POINT('',(-7.62,16.51,3.0));
#4230=DIRECTION('',(0.0,0.0,-1.0));
#4231=DIRECTION('',(0.0,-1.0,-0.0));
#4232=AXIS2_PLACEMENT_3D('',#4229,#4230,#4231);
#4233=CYLINDRICAL_SURFACE('',#4232,0.685);
#4234=ADVANCED_FACE('n° 3535',(#4225,#4228),#4233,.T.);
#4235=CARTESIAN_POINT('',(-7.62,16.255,-4.175));
#4236=VERTEX_POINT('',#4235);
#4237=CARTESIAN_POINT('',(-7.62,16.51,-4.175));
#4238=DIRECTION('',(0.0,0.0,-1.0));
#4239=DIRECTION('',(0.0,-1.0,-0.0));
#4240=AXIS2_PLACEMENT_3D('',#4237,#4238,#4239);
#4241=CIRCLE('',#4240,0.255);
#4242=EDGE_CURVE('n° 3516',#4236,#4236,#4241,.T.);
#4243=ORIENTED_EDGE('',*,*,#4242,.F.);
#4244=EDGE_LOOP('',(#4243));
#4245=FACE_OUTER_BOUND('',#4244,.T.);
#4246=CARTESIAN_POINT('',(-7.62,16.255,-1.68));
#4247=VERTEX_POINT('',#4246);
#4248=CARTESIAN_POINT('',(-7.62,16.51,-1.68));
#4249=DIRECTION('',(0.0,0.0,-1.0));
#4250=DIRECTION('',(0.0,-1.0,-0.0));
#4251=AXIS2_PLACEMENT_3D('',#4248,#4249,#4250);
#4252=CIRCLE('',#4251,0.255);
#4253=EDGE_CURVE('n° 3509',#4247,#4247,#4252,.T.);
#4254=ORIENTED_EDGE('',*,*,#4253,.T.);
#4255=EDGE_LOOP('',(#4254));
#4256=FACE_BOUND('',#4255,.T.);
#4257=CARTESIAN_POINT('',(-7.62,16.51,3.0));
#4258=DIRECTION('',(0.0,0.0,-1.0));
#4259=DIRECTION('',(0.0,-1.0,-0.0));
#4260=AXIS2_PLACEMENT_3D('',#4257,#4258,#4259);
#4261=CYLINDRICAL_SURFACE('',#4260,0.255);
#4262=ADVANCED_FACE('n° 3525',(#4245,#4256),#4261,.T.);
#4263=ORIENTED_EDGE('',*,*,#4253,.F.);
#4264=EDGE_LOOP('',(#4263));
#4265=FACE_OUTER_BOUND('',#4264,.T.);
#4266=ORIENTED_EDGE('',*,*,#4222,.T.);
#4267=EDGE_LOOP('',(#4266));
#4268=FACE_BOUND('',#4267,.T.);
#4269=CARTESIAN_POINT('',(-7.62,16.51,-1.25));
#4270=DIRECTION('',(0.0,-0.0,1.0));
#4271=DIRECTION('',(-0.0,1.0,0.0));
#4272=AXIS2_PLACEMENT_3D('',#4269,#4270,#4271);
#4273=CONICAL_SURFACE('',#4272,0.685,0.7853981634);
#4274=ADVANCED_FACE('n° 3530',(#4265,#4268),#4273,.T.);
#4275=ORIENTED_EDGE('',*,*,#4242,.T.);
#4276=EDGE_LOOP('',(#4275));
#4277=FACE_OUTER_BOUND('',#4276,.T.);
#4278=CARTESIAN_POINT('',(-7.62,16.51,-4.175));
#4279=DIRECTION('',(0.0,0.0,-1.0));
#4280=DIRECTION('',(1.0,0.0,0.0));
#4281=AXIS2_PLACEMENT_3D('',#4278,#4279,#4280);
#4282=SPHERICAL_SURFACE('',#4281,0.255);
#4283=ADVANCED_FACE('n° 3569',(#4277),#4282,.T.);
#4284=CARTESIAN_POINT('',(7.62,-17.06,3.0));
#4285=VERTEX_POINT('',#4284);
#4286=CARTESIAN_POINT('',(7.62,-16.51,3.0));
#4287=DIRECTION('',(0.0,0.0,-1.0));
#4288=DIRECTION('',(0.0,-1.0,-0.0));
#4289=AXIS2_PLACEMENT_3D('',#4286,#4287,#4288);
#4290=CIRCLE('',#4289,0.55);
#4291=EDGE_CURVE('n° 3608',#4285,#4285,#4290,.T.);
#4292=ORIENTED_EDGE('',*,*,#4291,.T.);
#4293=EDGE_LOOP('',(#4292));
#4294=FACE_OUTER_BOUND('',#4293,.T.);
#4295=ORIENTED_EDGE('',*,*,#1328,.F.);
#4296=EDGE_LOOP('',(#4295));
#4297=FACE_BOUND('',#4296,.T.);
#4298=CARTESIAN_POINT('',(7.62,-16.51,3.0));
#4299=DIRECTION('',(0.0,0.0,-1.0));
#4300=DIRECTION('',(0.0,-1.0,-0.0));
#4301=AXIS2_PLACEMENT_3D('',#4298,#4299,#4300);
#4302=CYLINDRICAL_SURFACE('',#4301,0.55);
#4303=ADVANCED_FACE('n° 3626',(#4294,#4297),#4302,.F.);
#4304=CARTESIAN_POINT('',(7.62,-16.97,2.0238547069));
#4305=VERTEX_POINT('',#4304);
#4306=CARTESIAN_POINT('',(7.62,-16.51,2.0238547069));
#4307=DIRECTION('',(0.0,0.0,-1.0));
#4308=DIRECTION('',(0.0,-1.0,-0.0));
#4309=AXIS2_PLACEMENT_3D('',#4306,#4307,#4308);
#4310=CIRCLE('',#4309,0.46);
#4311=EDGE_CURVE('n° 3611',#4305,#4305,#4310,.T.);
#4312=ORIENTED_EDGE('',*,*,#4311,.T.);
#4313=EDGE_LOOP('',(#4312));
#4314=FACE_OUTER_BOUND('',#4313,.T.);
#4315=CARTESIAN_POINT('',(7.62,-16.97,2.5238547069));
#4316=VERTEX_POINT('',#4315);
#4317=CARTESIAN_POINT('',(7.62,-16.51,2.5238547069));
#4318=DIRECTION('',(0.0,0.0,-1.0));
#4319=DIRECTION('',(0.0,-1.0,-0.0));
#4320=AXIS2_PLACEMENT_3D('',#4317,#4318,#4319);
#4321=CIRCLE('',#4320,0.46);
#4322=EDGE_CURVE('n° 3607',#4316,#4316,#4321,.T.);
#4323=ORIENTED_EDGE('',*,*,#4322,.F.);
#4324=EDGE_LOOP('',(#4323));
#4325=FACE_BOUND('',#4324,.T.);
#4326=CARTESIAN_POINT('',(7.62,-16.51,3.0));
#4327=DIRECTION('',(0.0,0.0,-1.0));
#4328=DIRECTION('',(0.0,-1.0,-0.0));
#4329=AXIS2_PLACEMENT_3D('',#4326,#4327,#4328);
#4330=CYLINDRICAL_SURFACE('',#4329,0.46);
#4331=ADVANCED_FACE('n° 3616',(#4314,#4325),#4330,.F.);
#4332=ORIENTED_EDGE('',*,*,#4322,.T.);
#4333=EDGE_LOOP('',(#4332));
#4334=FACE_OUTER_BOUND('',#4333,.T.);
#4335=ORIENTED_EDGE('',*,*,#4291,.F.);
#4336=EDGE_LOOP('',(#4335));
#4337=FACE_BOUND('',#4336,.T.);
#4338=CARTESIAN_POINT('',(7.62,-16.51,3.0));
#4339=DIRECTION('',(0.0,-0.0,1.0));
#4340=DIRECTION('',(-0.0,1.0,0.0));
#4341=AXIS2_PLACEMENT_3D('',#4338,#4339,#4340);
#4342=CONICAL_SURFACE('',#4341,0.55,0.1868139283);
#4343=ADVANCED_FACE('n° 3621',(#4334,#4337),#4342,.F.);
#4344=CARTESIAN_POINT('',(7.62,-16.748,0.5414586189));
#4345=VERTEX_POINT('',#4344);
#4346=CARTESIAN_POINT('',(7.62,-16.51,0.5414586189));
#4347=DIRECTION('',(0.0,0.0,-1.0));
#4348=DIRECTION('',(0.0,-1.0,-0.0));
#4349=AXIS2_PLACEMENT_3D('',#4346,#4347,#4348);
#4350=CIRCLE('',#4349,0.238);
#4351=EDGE_CURVE('n° 3610',#4345,#4345,#4350,.T.);
#4352=ORIENTED_EDGE('',*,*,#4351,.F.);
#4353=EDGE_LOOP('',(#4352));
#4354=FACE_OUTER_BOUND('',#4353,.T.);
#4355=CARTESIAN_POINT('',(7.62,-16.51,0.5414586189));
#4356=DIRECTION('',(0.0,0.0,-1.0));
#4357=DIRECTION('',(0.0,-1.0,-0.0));
#4358=AXIS2_PLACEMENT_3D('',#4355,#4356,#4357);
#4359=PLANE('',#4358);
#4360=ADVANCED_FACE('n° 3635',(#4354),#4359,.F.);
#4361=ORIENTED_EDGE('',*,*,#4351,.T.);
#4362=EDGE_LOOP('',(#4361));
#4363=FACE_OUTER_BOUND('',#4362,.T.);
#4364=ORIENTED_EDGE('',*,*,#4311,.F.);
#4365=EDGE_LOOP('',(#4364));
#4366=FACE_BOUND('',#4365,.T.);
#4367=CARTESIAN_POINT('',(7.62,-16.51,2.0238547069));
#4368=DIRECTION('',(0.0,-0.0,1.0));
#4369=DIRECTION('',(-0.0,1.0,0.0));
#4370=AXIS2_PLACEMENT_3D('',#4367,#4368,#4369);
#4371=CONICAL_SURFACE('',#4370,0.46,0.1486528201);
#4372=ADVANCED_FACE('n° 3639',(#4363,#4366),#4371,.F.);
#4373=CARTESIAN_POINT('',(7.62,-14.52,3.0));
#4374=VERTEX_POINT('',#4373);
#4375=CARTESIAN_POINT('',(7.62,-13.97,3.0));
#4376=DIRECTION('',(0.0,0.0,-1.0));
#4377=DIRECTION('',(0.0,-1.0,-0.0));
#4378=AXIS2_PLACEMENT_3D('',#4375,#4376,#4377);
#4379=CIRCLE('',#4378,0.55);
#4380=EDGE_CURVE('n° 3666',#4374,#4374,#4379,.T.);
#4381=ORIENTED_EDGE('',*,*,#4380,.T.);
#4382=EDGE_LOOP('',(#4381));
#4383=FACE_OUTER_BOUND('',#4382,.T.);
#4384=ORIENTED_EDGE('',*,*,#1437,.F.);
#4385=EDGE_LOOP('',(#4384));
#4386=FACE_BOUND('',#4385,.T.);
#4387=CARTESIAN_POINT('',(7.62,-13.97,3.0));
#4388=DIRECTION('',(0.0,0.0,-1.0));
#4389=DIRECTION('',(0.0,-1.0,-0.0));
#4390=AXIS2_PLACEMENT_3D('',#4387,#4388,#4389);
#4391=CYLINDRICAL_SURFACE('',#4390,0.55);
#4392=ADVANCED_FACE('n° 3684',(#4383,#4386),#4391,.F.);
#4393=CARTESIAN_POINT('',(7.62,-14.43,2.0238547069));
#4394=VERTEX_POINT('',#4393);
#4395=CARTESIAN_POINT('',(7.62,-13.97,2.0238547069));
#4396=DIRECTION('',(0.0,0.0,-1.0));
#4397=DIRECTION('',(0.0,-1.0,-0.0));
#4398=AXIS2_PLACEMENT_3D('',#4395,#4396,#4397);
#4399=CIRCLE('',#4398,0.46);
#4400=EDGE_CURVE('n° 3669',#4394,#4394,#4399,.T.);
#4401=ORIENTED_EDGE('',*,*,#4400,.T.);
#4402=EDGE_LOOP('',(#4401));
#4403=FACE_OUTER_BOUND('',#4402,.T.);
#4404=CARTESIAN_POINT('',(7.62,-14.43,2.5238547069));
#4405=VERTEX_POINT('',#4404);
#4406=CARTESIAN_POINT('',(7.62,-13.97,2.5238547069));
#4407=DIRECTION('',(0.0,0.0,-1.0));
#4408=DIRECTION('',(0.0,-1.0,-0.0));
#4409=AXIS2_PLACEMENT_3D('',#4406,#4407,#4408);
#4410=CIRCLE('',#4409,0.46);
#4411=EDGE_CURVE('n° 3665',#4405,#4405,#4410,.T.);
#4412=ORIENTED_EDGE('',*,*,#4411,.F.);
#4413=EDGE_LOOP('',(#4412));
#4414=FACE_BOUND('',#4413,.T.);
#4415=CARTESIAN_POINT('',(7.62,-13.97,3.0));
#4416=DIRECTION('',(0.0,0.0,-1.0));
#4417=DIRECTION('',(0.0,-1.0,-0.0));
#4418=AXIS2_PLACEMENT_3D('',#4415,#4416,#4417);
#4419=CYLINDRICAL_SURFACE('',#4418,0.46);
#4420=ADVANCED_FACE('n° 3674',(#4403,#4414),#4419,.F.);
#4421=ORIENTED_EDGE('',*,*,#4411,.T.);
#4422=EDGE_LOOP('',(#4421));
#4423=FACE_OUTER_BOUND('',#4422,.T.);
#4424=ORIENTED_EDGE('',*,*,#4380,.F.);
#4425=EDGE_LOOP('',(#4424));
#4426=FACE_BOUND('',#4425,.T.);
#4427=CARTESIAN_POINT('',(7.62,-13.97,3.0));
#4428=DIRECTION('',(0.0,-0.0,1.0));
#4429=DIRECTION('',(-0.0,1.0,0.0));
#4430=AXIS2_PLACEMENT_3D('',#4427,#4428,#4429);
#4431=CONICAL_SURFACE('',#4430,0.55,0.1868139283);
#4432=ADVANCED_FACE('n° 3679',(#4423,#4426),#4431,.F.);
#4433=CARTESIAN_POINT('',(7.62,-14.208,0.5414586189));
#4434=VERTEX_POINT('',#4433);
#4435=CARTESIAN_POINT('',(7.62,-13.97,0.5414586189));
#4436=DIRECTION('',(0.0,0.0,-1.0));
#4437=DIRECTION('',(0.0,-1.0,-0.0));
#4438=AXIS2_PLACEMENT_3D('',#4435,#4436,#4437);
#4439=CIRCLE('',#4438,0.238);
#4440=EDGE_CURVE('n° 3668',#4434,#4434,#4439,.T.);
#4441=ORIENTED_EDGE('',*,*,#4440,.F.);
#4442=EDGE_LOOP('',(#4441));
#4443=FACE_OUTER_BOUND('',#4442,.T.);
#4444=CARTESIAN_POINT('',(7.62,-13.97,0.5414586189));
#4445=DIRECTION('',(0.0,0.0,-1.0));
#4446=DIRECTION('',(0.0,-1.0,-0.0));
#4447=AXIS2_PLACEMENT_3D('',#4444,#4445,#4446);
#4448=PLANE('',#4447);
#4449=ADVANCED_FACE('n° 3693',(#4443),#4448,.F.);
#4450=ORIENTED_EDGE('',*,*,#4440,.T.);
#4451=EDGE_LOOP('',(#4450));
#4452=FACE_OUTER_BOUND('',#4451,.T.);
#4453=ORIENTED_EDGE('',*,*,#4400,.F.);
#4454=EDGE_LOOP('',(#4453));
#4455=FACE_BOUND('',#4454,.T.);
#4456=CARTESIAN_POINT('',(7.62,-13.97,2.0238547069));
#4457=DIRECTION('',(0.0,-0.0,1.0));
#4458=DIRECTION('',(-0.0,1.0,0.0));
#4459=AXIS2_PLACEMENT_3D('',#4456,#4457,#4458);
#4460=CONICAL_SURFACE('',#4459,0.46,0.1486528201);
#4461=ADVANCED_FACE('n° 3697',(#4452,#4455),#4460,.F.);
#4462=CARTESIAN_POINT('',(7.62,-11.98,3.0));
#4463=VERTEX_POINT('',#4462);
#4464=CARTESIAN_POINT('',(7.62,-11.43,3.0));
#4465=DIRECTION('',(0.0,0.0,-1.0));
#4466=DIRECTION('',(0.0,-1.0,-0.0));
#4467=AXIS2_PLACEMENT_3D('',#4464,#4465,#4466);
#4468=CIRCLE('',#4467,0.55);
#4469=EDGE_CURVE('n° 3724',#4463,#4463,#4468,.T.);
#4470=ORIENTED_EDGE('',*,*,#4469,.T.);
#4471=EDGE_LOOP('',(#4470));
#4472=FACE_OUTER_BOUND('',#4471,.T.);
#4473=ORIENTED_EDGE('',*,*,#1546,.F.);
#4474=EDGE_LOOP('',(#4473));
#4475=FACE_BOUND('',#4474,.T.);
#4476=CARTESIAN_POINT('',(7.62,-11.43,3.0));
#4477=DIRECTION('',(0.0,0.0,-1.0));
#4478=DIRECTION('',(0.0,-1.0,-0.0));
#4479=AXIS2_PLACEMENT_3D('',#4476,#4477,#4478);
#4480=CYLINDRICAL_SURFACE('',#4479,0.55);
#4481=ADVANCED_FACE('n° 3742',(#4472,#4475),#4480,.F.);
#4482=CARTESIAN_POINT('',(7.62,-11.89,2.0238547069));
#4483=VERTEX_POINT('',#4482);
#4484=CARTESIAN_POINT('',(7.62,-11.43,2.0238547069));
#4485=DIRECTION('',(0.0,0.0,-1.0));
#4486=DIRECTION('',(0.0,-1.0,-0.0));
#4487=AXIS2_PLACEMENT_3D('',#4484,#4485,#4486);
#4488=CIRCLE('',#4487,0.46);
#4489=EDGE_CURVE('n° 3727',#4483,#4483,#4488,.T.);
#4490=ORIENTED_EDGE('',*,*,#4489,.T.);
#4491=EDGE_LOOP('',(#4490));
#4492=FACE_OUTER_BOUND('',#4491,.T.);
#4493=CARTESIAN_POINT('',(7.62,-11.89,2.5238547069));
#4494=VERTEX_POINT('',#4493);
#4495=CARTESIAN_POINT('',(7.62,-11.43,2.5238547069));
#4496=DIRECTION('',(0.0,0.0,-1.0));
#4497=DIRECTION('',(0.0,-1.0,-0.0));
#4498=AXIS2_PLACEMENT_3D('',#4495,#4496,#4497);
#4499=CIRCLE('',#4498,0.46);
#4500=EDGE_CURVE('n° 3723',#4494,#4494,#4499,.T.);
#4501=ORIENTED_EDGE('',*,*,#4500,.F.);
#4502=EDGE_LOOP('',(#4501));
#4503=FACE_BOUND('',#4502,.T.);
#4504=CARTESIAN_POINT('',(7.62,-11.43,3.0));
#4505=DIRECTION('',(0.0,0.0,-1.0));
#4506=DIRECTION('',(0.0,-1.0,-0.0));
#4507=AXIS2_PLACEMENT_3D('',#4504,#4505,#4506);
#4508=CYLINDRICAL_SURFACE('',#4507,0.46);
#4509=ADVANCED_FACE('n° 3732',(#4492,#4503),#4508,.F.);
#4510=ORIENTED_EDGE('',*,*,#4500,.T.);
#4511=EDGE_LOOP('',(#4510));
#4512=FACE_OUTER_BOUND('',#4511,.T.);
#4513=ORIENTED_EDGE('',*,*,#4469,.F.);
#4514=EDGE_LOOP('',(#4513));
#4515=FACE_BOUND('',#4514,.T.);
#4516=CARTESIAN_POINT('',(7.62,-11.43,3.0));
#4517=DIRECTION('',(0.0,-0.0,1.0));
#4518=DIRECTION('',(-0.0,1.0,0.0));
#4519=AXIS2_PLACEMENT_3D('',#4516,#4517,#4518);
#4520=CONICAL_SURFACE('',#4519,0.55,0.1868139283);
#4521=ADVANCED_FACE('n° 3737',(#4512,#4515),#4520,.F.);
#4522=CARTESIAN_POINT('',(7.62,-11.668,0.5414586189));
#4523=VERTEX_POINT('',#4522);
#4524=CARTESIAN_POINT('',(7.62,-11.43,0.5414586189));
#4525=DIRECTION('',(0.0,0.0,-1.0));
#4526=DIRECTION('',(0.0,-1.0,-0.0));
#4527=AXIS2_PLACEMENT_3D('',#4524,#4525,#4526);
#4528=CIRCLE('',#4527,0.238);
#4529=EDGE_CURVE('n° 3726',#4523,#4523,#4528,.T.);
#4530=ORIENTED_EDGE('',*,*,#4529,.F.);
#4531=EDGE_LOOP('',(#4530));
#4532=FACE_OUTER_BOUND('',#4531,.T.);
#4533=CARTESIAN_POINT('',(7.62,-11.43,0.5414586189));
#4534=DIRECTION('',(0.0,0.0,-1.0));
#4535=DIRECTION('',(0.0,-1.0,-0.0));
#4536=AXIS2_PLACEMENT_3D('',#4533,#4534,#4535);
#4537=PLANE('',#4536);
#4538=ADVANCED_FACE('n° 3751',(#4532),#4537,.F.);
#4539=ORIENTED_EDGE('',*,*,#4529,.T.);
#4540=EDGE_LOOP('',(#4539));
#4541=FACE_OUTER_BOUND('',#4540,.T.);
#4542=ORIENTED_EDGE('',*,*,#4489,.F.);
#4543=EDGE_LOOP('',(#4542));
#4544=FACE_BOUND('',#4543,.T.);
#4545=CARTESIAN_POINT('',(7.62,-11.43,2.0238547069));
#4546=DIRECTION('',(0.0,-0.0,1.0));
#4547=DIRECTION('',(-0.0,1.0,0.0));
#4548=AXIS2_PLACEMENT_3D('',#4545,#4546,#4547);
#4549=CONICAL_SURFACE('',#4548,0.46,0.1486528201);
#4550=ADVANCED_FACE('n° 3755',(#4541,#4544),#4549,.F.);
#4551=CARTESIAN_POINT('',(7.62,-9.44,3.0));
#4552=VERTEX_POINT('',#4551);
#4553=CARTESIAN_POINT('',(7.62,-8.89,3.0));
#4554=DIRECTION('',(0.0,0.0,-1.0));
#4555=DIRECTION('',(0.0,-1.0,-0.0));
#4556=AXIS2_PLACEMENT_3D('',#4553,#4554,#4555);
#4557=CIRCLE('',#4556,0.55);
#4558=EDGE_CURVE('n° 3782',#4552,#4552,#4557,.T.);
#4559=ORIENTED_EDGE('',*,*,#4558,.T.);
#4560=EDGE_LOOP('',(#4559));
#4561=FACE_OUTER_BOUND('',#4560,.T.);
#4562=ORIENTED_EDGE('',*,*,#1655,.F.);
#4563=EDGE_LOOP('',(#4562));
#4564=FACE_BOUND('',#4563,.T.);
#4565=CARTESIAN_POINT('',(7.62,-8.89,3.0));
#4566=DIRECTION('',(0.0,0.0,-1.0));
#4567=DIRECTION('',(0.0,-1.0,-0.0));
#4568=AXIS2_PLACEMENT_3D('',#4565,#4566,#4567);
#4569=CYLINDRICAL_SURFACE('',#4568,0.55);
#4570=ADVANCED_FACE('n° 3800',(#4561,#4564),#4569,.F.);
#4571=CARTESIAN_POINT('',(7.62,-9.35,2.0238547069));
#4572=VERTEX_POINT('',#4571);
#4573=CARTESIAN_POINT('',(7.62,-8.89,2.0238547069));
#4574=DIRECTION('',(0.0,0.0,-1.0));
#4575=DIRECTION('',(0.0,-1.0,-0.0));
#4576=AXIS2_PLACEMENT_3D('',#4573,#4574,#4575);
#4577=CIRCLE('',#4576,0.46);
#4578=EDGE_CURVE('n° 3785',#4572,#4572,#4577,.T.);
#4579=ORIENTED_EDGE('',*,*,#4578,.T.);
#4580=EDGE_LOOP('',(#4579));
#4581=FACE_OUTER_BOUND('',#4580,.T.);
#4582=CARTESIAN_POINT('',(7.62,-9.35,2.5238547069));
#4583=VERTEX_POINT('',#4582);
#4584=CARTESIAN_POINT('',(7.62,-8.89,2.5238547069));
#4585=DIRECTION('',(0.0,0.0,-1.0));
#4586=DIRECTION('',(0.0,-1.0,-0.0));
#4587=AXIS2_PLACEMENT_3D('',#4584,#4585,#4586);
#4588=CIRCLE('',#4587,0.46);
#4589=EDGE_CURVE('n° 3781',#4583,#4583,#4588,.T.);
#4590=ORIENTED_EDGE('',*,*,#4589,.F.);
#4591=EDGE_LOOP('',(#4590));
#4592=FACE_BOUND('',#4591,.T.);
#4593=CARTESIAN_POINT('',(7.62,-8.89,3.0));
#4594=DIRECTION('',(0.0,0.0,-1.0));
#4595=DIRECTION('',(0.0,-1.0,-0.0));
#4596=AXIS2_PLACEMENT_3D('',#4593,#4594,#4595);
#4597=CYLINDRICAL_SURFACE('',#4596,0.46);
#4598=ADVANCED_FACE('n° 3790',(#4581,#4592),#4597,.F.);
#4599=ORIENTED_EDGE('',*,*,#4589,.T.);
#4600=EDGE_LOOP('',(#4599));
#4601=FACE_OUTER_BOUND('',#4600,.T.);
#4602=ORIENTED_EDGE('',*,*,#4558,.F.);
#4603=EDGE_LOOP('',(#4602));
#4604=FACE_BOUND('',#4603,.T.);
#4605=CARTESIAN_POINT('',(7.62,-8.89,3.0));
#4606=DIRECTION('',(0.0,-0.0,1.0));
#4607=DIRECTION('',(-0.0,1.0,0.0));
#4608=AXIS2_PLACEMENT_3D('',#4605,#4606,#4607);
#4609=CONICAL_SURFACE('',#4608,0.55,0.1868139283);
#4610=ADVANCED_FACE('n° 3795',(#4601,#4604),#4609,.F.);
#4611=CARTESIAN_POINT('',(7.62,-9.128,0.5414586189));
#4612=VERTEX_POINT('',#4611);
#4613=CARTESIAN_POINT('',(7.62,-8.89,0.5414586189));
#4614=DIRECTION('',(0.0,0.0,-1.0));
#4615=DIRECTION('',(0.0,-1.0,-0.0));
#4616=AXIS2_PLACEMENT_3D('',#4613,#4614,#4615);
#4617=CIRCLE('',#4616,0.238);
#4618=EDGE_CURVE('n° 3784',#4612,#4612,#4617,.T.);
#4619=ORIENTED_EDGE('',*,*,#4618,.F.);
#4620=EDGE_LOOP('',(#4619));
#4621=FACE_OUTER_BOUND('',#4620,.T.);
#4622=CARTESIAN_POINT('',(7.62,-8.89,0.5414586189));
#4623=DIRECTION('',(0.0,0.0,-1.0));
#4624=DIRECTION('',(0.0,-1.0,-0.0));
#4625=AXIS2_PLACEMENT_3D('',#4622,#4623,#4624);
#4626=PLANE('',#4625);
#4627=ADVANCED_FACE('n° 3809',(#4621),#4626,.F.);
#4628=ORIENTED_EDGE('',*,*,#4618,.T.);
#4629=EDGE_LOOP('',(#4628));
#4630=FACE_OUTER_BOUND('',#4629,.T.);
#4631=ORIENTED_EDGE('',*,*,#4578,.F.);
#4632=EDGE_LOOP('',(#4631));
#4633=FACE_BOUND('',#4632,.T.);
#4634=CARTESIAN_POINT('',(7.62,-8.89,2.0238547069));
#4635=DIRECTION('',(0.0,-0.0,1.0));
#4636=DIRECTION('',(-0.0,1.0,0.0));
#4637=AXIS2_PLACEMENT_3D('',#4634,#4635,#4636);
#4638=CONICAL_SURFACE('',#4637,0.46,0.1486528201);
#4639=ADVANCED_FACE('n° 3813',(#4630,#4633),#4638,.F.);
#4640=CARTESIAN_POINT('',(7.62,-6.9,3.0));
#4641=VERTEX_POINT('',#4640);
#4642=CARTESIAN_POINT('',(7.62,-6.35,3.0));
#4643=DIRECTION('',(0.0,0.0,-1.0));
#4644=DIRECTION('',(0.0,-1.0,-0.0));
#4645=AXIS2_PLACEMENT_3D('',#4642,#4643,#4644);
#4646=CIRCLE('',#4645,0.55);
#4647=EDGE_CURVE('n° 3840',#4641,#4641,#4646,.T.);
#4648=ORIENTED_EDGE('',*,*,#4647,.T.);
#4649=EDGE_LOOP('',(#4648));
#4650=FACE_OUTER_BOUND('',#4649,.T.);
#4651=ORIENTED_EDGE('',*,*,#1764,.F.);
#4652=EDGE_LOOP('',(#4651));
#4653=FACE_BOUND('',#4652,.T.);
#4654=CARTESIAN_POINT('',(7.62,-6.35,3.0));
#4655=DIRECTION('',(0.0,0.0,-1.0));
#4656=DIRECTION('',(0.0,-1.0,-0.0));
#4657=AXIS2_PLACEMENT_3D('',#4654,#4655,#4656);
#4658=CYLINDRICAL_SURFACE('',#4657,0.55);
#4659=ADVANCED_FACE('n° 3858',(#4650,#4653),#4658,.F.);
#4660=CARTESIAN_POINT('',(7.62,-6.81,2.0238547069));
#4661=VERTEX_POINT('',#4660);
#4662=CARTESIAN_POINT('',(7.62,-6.35,2.0238547069));
#4663=DIRECTION('',(0.0,0.0,-1.0));
#4664=DIRECTION('',(0.0,-1.0,-0.0));
#4665=AXIS2_PLACEMENT_3D('',#4662,#4663,#4664);
#4666=CIRCLE('',#4665,0.46);
#4667=EDGE_CURVE('n° 3843',#4661,#4661,#4666,.T.);
#4668=ORIENTED_EDGE('',*,*,#4667,.T.);
#4669=EDGE_LOOP('',(#4668));
#4670=FACE_OUTER_BOUND('',#4669,.T.);
#4671=CARTESIAN_POINT('',(7.62,-6.81,2.5238547069));
#4672=VERTEX_POINT('',#4671);
#4673=CARTESIAN_POINT('',(7.62,-6.35,2.5238547069));
#4674=DIRECTION('',(0.0,0.0,-1.0));
#4675=DIRECTION('',(0.0,-1.0,-0.0));
#4676=AXIS2_PLACEMENT_3D('',#4673,#4674,#4675);
#4677=CIRCLE('',#4676,0.46);
#4678=EDGE_CURVE('n° 3839',#4672,#4672,#4677,.T.);
#4679=ORIENTED_EDGE('',*,*,#4678,.F.);
#4680=EDGE_LOOP('',(#4679));
#4681=FACE_BOUND('',#4680,.T.);
#4682=CARTESIAN_POINT('',(7.62,-6.35,3.0));
#4683=DIRECTION('',(0.0,0.0,-1.0));
#4684=DIRECTION('',(0.0,-1.0,-0.0));
#4685=AXIS2_PLACEMENT_3D('',#4682,#4683,#4684);
#4686=CYLINDRICAL_SURFACE('',#4685,0.46);
#4687=ADVANCED_FACE('n° 3848',(#4670,#4681),#4686,.F.);
#4688=ORIENTED_EDGE('',*,*,#4678,.T.);
#4689=EDGE_LOOP('',(#4688));
#4690=FACE_OUTER_BOUND('',#4689,.T.);
#4691=ORIENTED_EDGE('',*,*,#4647,.F.);
#4692=EDGE_LOOP('',(#4691));
#4693=FACE_BOUND('',#4692,.T.);
#4694=CARTESIAN_POINT('',(7.62,-6.35,3.0));
#4695=DIRECTION('',(0.0,-0.0,1.0));
#4696=DIRECTION('',(-0.0,1.0,0.0));
#4697=AXIS2_PLACEMENT_3D('',#4694,#4695,#4696);
#4698=CONICAL_SURFACE('',#4697,0.55,0.1868139283);
#4699=ADVANCED_FACE('n° 3853',(#4690,#4693),#4698,.F.);
#4700=CARTESIAN_POINT('',(7.62,-6.588,0.5414586189));
#4701=VERTEX_POINT('',#4700);
#4702=CARTESIAN_POINT('',(7.62,-6.35,0.5414586189));
#4703=DIRECTION('',(0.0,0.0,-1.0));
#4704=DIRECTION('',(0.0,-1.0,-0.0));
#4705=AXIS2_PLACEMENT_3D('',#4702,#4703,#4704);
#4706=CIRCLE('',#4705,0.238);
#4707=EDGE_CURVE('n° 3842',#4701,#4701,#4706,.T.);
#4708=ORIENTED_EDGE('',*,*,#4707,.F.);
#4709=EDGE_LOOP('',(#4708));
#4710=FACE_OUTER_BOUND('',#4709,.T.);
#4711=CARTESIAN_POINT('',(7.62,-6.35,0.5414586189));
#4712=DIRECTION('',(0.0,0.0,-1.0));
#4713=DIRECTION('',(0.0,-1.0,-0.0));
#4714=AXIS2_PLACEMENT_3D('',#4711,#4712,#4713);
#4715=PLANE('',#4714);
#4716=ADVANCED_FACE('n° 3867',(#4710),#4715,.F.);
#4717=ORIENTED_EDGE('',*,*,#4707,.T.);
#4718=EDGE_LOOP('',(#4717));
#4719=FACE_OUTER_BOUND('',#4718,.T.);
#4720=ORIENTED_EDGE('',*,*,#4667,.F.);
#4721=EDGE_LOOP('',(#4720));
#4722=FACE_BOUND('',#4721,.T.);
#4723=CARTESIAN_POINT('',(7.62,-6.35,2.0238547069));
#4724=DIRECTION('',(0.0,-0.0,1.0));
#4725=DIRECTION('',(-0.0,1.0,0.0));
#4726=AXIS2_PLACEMENT_3D('',#4723,#4724,#4725);
#4727=CONICAL_SURFACE('',#4726,0.46,0.1486528201);
#4728=ADVANCED_FACE('n° 3871',(#4719,#4722),#4727,.F.);
#4729=CARTESIAN_POINT('',(7.62,-4.36,3.0));
#4730=VERTEX_POINT('',#4729);
#4731=CARTESIAN_POINT('',(7.62,-3.81,3.0));
#4732=DIRECTION('',(0.0,0.0,-1.0));
#4733=DIRECTION('',(0.0,-1.0,-0.0));
#4734=AXIS2_PLACEMENT_3D('',#4731,#4732,#4733);
#4735=CIRCLE('',#4734,0.55);
#4736=EDGE_CURVE('n° 3898',#4730,#4730,#4735,.T.);
#4737=ORIENTED_EDGE('',*,*,#4736,.T.);
#4738=EDGE_LOOP('',(#4737));
#4739=FACE_OUTER_BOUND('',#4738,.T.);
#4740=ORIENTED_EDGE('',*,*,#1873,.F.);
#4741=EDGE_LOOP('',(#4740));
#4742=FACE_BOUND('',#4741,.T.);
#4743=CARTESIAN_POINT('',(7.62,-3.81,3.0));
#4744=DIRECTION('',(0.0,0.0,-1.0));
#4745=DIRECTION('',(0.0,-1.0,-0.0));
#4746=AXIS2_PLACEMENT_3D('',#4743,#4744,#4745);
#4747=CYLINDRICAL_SURFACE('',#4746,0.55);
#4748=ADVANCED_FACE('n° 3916',(#4739,#4742),#4747,.F.);
#4749=CARTESIAN_POINT('',(7.62,-4.27,2.0238547069));
#4750=VERTEX_POINT('',#4749);
#4751=CARTESIAN_POINT('',(7.62,-3.81,2.0238547069));
#4752=DIRECTION('',(0.0,0.0,-1.0));
#4753=DIRECTION('',(0.0,-1.0,-0.0));
#4754=AXIS2_PLACEMENT_3D('',#4751,#4752,#4753);
#4755=CIRCLE('',#4754,0.46);
#4756=EDGE_CURVE('n° 3901',#4750,#4750,#4755,.T.);
#4757=ORIENTED_EDGE('',*,*,#4756,.T.);
#4758=EDGE_LOOP('',(#4757));
#4759=FACE_OUTER_BOUND('',#4758,.T.);
#4760=CARTESIAN_POINT('',(7.62,-4.27,2.5238547069));
#4761=VERTEX_POINT('',#4760);
#4762=CARTESIAN_POINT('',(7.62,-3.81,2.5238547069));
#4763=DIRECTION('',(0.0,0.0,-1.0));
#4764=DIRECTION('',(0.0,-1.0,-0.0));
#4765=AXIS2_PLACEMENT_3D('',#4762,#4763,#4764);
#4766=CIRCLE('',#4765,0.46);
#4767=EDGE_CURVE('n° 3897',#4761,#4761,#4766,.T.);
#4768=ORIENTED_EDGE('',*,*,#4767,.F.);
#4769=EDGE_LOOP('',(#4768));
#4770=FACE_BOUND('',#4769,.T.);
#4771=CARTESIAN_POINT('',(7.62,-3.81,3.0));
#4772=DIRECTION('',(0.0,0.0,-1.0));
#4773=DIRECTION('',(0.0,-1.0,-0.0));
#4774=AXIS2_PLACEMENT_3D('',#4771,#4772,#4773);
#4775=CYLINDRICAL_SURFACE('',#4774,0.46);
#4776=ADVANCED_FACE('n° 3906',(#4759,#4770),#4775,.F.);
#4777=ORIENTED_EDGE('',*,*,#4767,.T.);
#4778=EDGE_LOOP('',(#4777));
#4779=FACE_OUTER_BOUND('',#4778,.T.);
#4780=ORIENTED_EDGE('',*,*,#4736,.F.);
#4781=EDGE_LOOP('',(#4780));
#4782=FACE_BOUND('',#4781,.T.);
#4783=CARTESIAN_POINT('',(7.62,-3.81,3.0));
#4784=DIRECTION('',(0.0,-0.0,1.0));
#4785=DIRECTION('',(-0.0,1.0,0.0));
#4786=AXIS2_PLACEMENT_3D('',#4783,#4784,#4785);
#4787=CONICAL_SURFACE('',#4786,0.55,0.1868139283);
#4788=ADVANCED_FACE('n° 3911',(#4779,#4782),#4787,.F.);
#4789=CARTESIAN_POINT('',(7.62,-4.048,0.5414586189));
#4790=VERTEX_POINT('',#4789);
#4791=CARTESIAN_POINT('',(7.62,-3.81,0.5414586189));
#4792=DIRECTION('',(0.0,0.0,-1.0));
#4793=DIRECTION('',(0.0,-1.0,-0.0));
#4794=AXIS2_PLACEMENT_3D('',#4791,#4792,#4793);
#4795=CIRCLE('',#4794,0.238);
#4796=EDGE_CURVE('n° 3900',#4790,#4790,#4795,.T.);
#4797=ORIENTED_EDGE('',*,*,#4796,.F.);
#4798=EDGE_LOOP('',(#4797));
#4799=FACE_OUTER_BOUND('',#4798,.T.);
#4800=CARTESIAN_POINT('',(7.62,-3.81,0.5414586189));
#4801=DIRECTION('',(0.0,0.0,-1.0));
#4802=DIRECTION('',(0.0,-1.0,-0.0));
#4803=AXIS2_PLACEMENT_3D('',#4800,#4801,#4802);
#4804=PLANE('',#4803);
#4805=ADVANCED_FACE('n° 3925',(#4799),#4804,.F.);
#4806=ORIENTED_EDGE('',*,*,#4796,.T.);
#4807=EDGE_LOOP('',(#4806));
#4808=FACE_OUTER_BOUND('',#4807,.T.);
#4809=ORIENTED_EDGE('',*,*,#4756,.F.);
#4810=EDGE_LOOP('',(#4809));
#4811=FACE_BOUND('',#4810,.T.);
#4812=CARTESIAN_POINT('',(7.62,-3.81,2.0238547069));
#4813=DIRECTION('',(0.0,-0.0,1.0));
#4814=DIRECTION('',(-0.0,1.0,0.0));
#4815=AXIS2_PLACEMENT_3D('',#4812,#4813,#4814);
#4816=CONICAL_SURFACE('',#4815,0.46,0.1486528201);
#4817=ADVANCED_FACE('n° 3929',(#4808,#4811),#4816,.F.);
#4818=CARTESIAN_POINT('',(7.62,-1.82,3.0));
#4819=VERTEX_POINT('',#4818);
#4820=CARTESIAN_POINT('',(7.62,-1.27,3.0));
#4821=DIRECTION('',(0.0,0.0,-1.0));
#4822=DIRECTION('',(0.0,-1.0,-0.0));
#4823=AXIS2_PLACEMENT_3D('',#4820,#4821,#4822);
#4824=CIRCLE('',#4823,0.55);
#4825=EDGE_CURVE('n° 3956',#4819,#4819,#4824,.T.);
#4826=ORIENTED_EDGE('',*,*,#4825,.T.);
#4827=EDGE_LOOP('',(#4826));
#4828=FACE_OUTER_BOUND('',#4827,.T.);
#4829=ORIENTED_EDGE('',*,*,#1982,.F.);
#4830=EDGE_LOOP('',(#4829));
#4831=FACE_BOUND('',#4830,.T.);
#4832=CARTESIAN_POINT('',(7.62,-1.27,3.0));
#4833=DIRECTION('',(0.0,0.0,-1.0));
#4834=DIRECTION('',(0.0,-1.0,-0.0));
#4835=AXIS2_PLACEMENT_3D('',#4832,#4833,#4834);
#4836=CYLINDRICAL_SURFACE('',#4835,0.55);
#4837=ADVANCED_FACE('n° 3974',(#4828,#4831),#4836,.F.);
#4838=CARTESIAN_POINT('',(7.62,-1.73,2.0238547069));
#4839=VERTEX_POINT('',#4838);
#4840=CARTESIAN_POINT('',(7.62,-1.27,2.0238547069));
#4841=DIRECTION('',(0.0,0.0,-1.0));
#4842=DIRECTION('',(0.0,-1.0,-0.0));
#4843=AXIS2_PLACEMENT_3D('',#4840,#4841,#4842);
#4844=CIRCLE('',#4843,0.46);
#4845=EDGE_CURVE('n° 3959',#4839,#4839,#4844,.T.);
#4846=ORIENTED_EDGE('',*,*,#4845,.T.);
#4847=EDGE_LOOP('',(#4846));
#4848=FACE_OUTER_BOUND('',#4847,.T.);
#4849=CARTESIAN_POINT('',(7.62,-1.73,2.5238547069));
#4850=VERTEX_POINT('',#4849);
#4851=CARTESIAN_POINT('',(7.62,-1.27,2.5238547069));
#4852=DIRECTION('',(0.0,0.0,-1.0));
#4853=DIRECTION('',(0.0,-1.0,-0.0));
#4854=AXIS2_PLACEMENT_3D('',#4851,#4852,#4853);
#4855=CIRCLE('',#4854,0.46);
#4856=EDGE_CURVE('n° 3955',#4850,#4850,#4855,.T.);
#4857=ORIENTED_EDGE('',*,*,#4856,.F.);
#4858=EDGE_LOOP('',(#4857));
#4859=FACE_BOUND('',#4858,.T.);
#4860=CARTESIAN_POINT('',(7.62,-1.27,3.0));
#4861=DIRECTION('',(0.0,0.0,-1.0));
#4862=DIRECTION('',(0.0,-1.0,-0.0));
#4863=AXIS2_PLACEMENT_3D('',#4860,#4861,#4862);
#4864=CYLINDRICAL_SURFACE('',#4863,0.46);
#4865=ADVANCED_FACE('n° 3964',(#4848,#4859),#4864,.F.);
#4866=ORIENTED_EDGE('',*,*,#4856,.T.);
#4867=EDGE_LOOP('',(#4866));
#4868=FACE_OUTER_BOUND('',#4867,.T.);
#4869=ORIENTED_EDGE('',*,*,#4825,.F.);
#4870=EDGE_LOOP('',(#4869));
#4871=FACE_BOUND('',#4870,.T.);
#4872=CARTESIAN_POINT('',(7.62,-1.27,3.0));
#4873=DIRECTION('',(0.0,-0.0,1.0));
#4874=DIRECTION('',(-0.0,1.0,0.0));
#4875=AXIS2_PLACEMENT_3D('',#4872,#4873,#4874);
#4876=CONICAL_SURFACE('',#4875,0.55,0.1868139283);
#4877=ADVANCED_FACE('n° 3969',(#4868,#4871),#4876,.F.);
#4878=CARTESIAN_POINT('',(7.62,-1.508,0.5414586189));
#4879=VERTEX_POINT('',#4878);
#4880=CARTESIAN_POINT('',(7.62,-1.27,0.5414586189));
#4881=DIRECTION('',(0.0,0.0,-1.0));
#4882=DIRECTION('',(0.0,-1.0,-0.0));
#4883=AXIS2_PLACEMENT_3D('',#4880,#4881,#4882);
#4884=CIRCLE('',#4883,0.238);
#4885=EDGE_CURVE('n° 3958',#4879,#4879,#4884,.T.);
#4886=ORIENTED_EDGE('',*,*,#4885,.F.);
#4887=EDGE_LOOP('',(#4886));
#4888=FACE_OUTER_BOUND('',#4887,.T.);
#4889=CARTESIAN_POINT('',(7.62,-1.27,0.5414586189));
#4890=DIRECTION('',(0.0,0.0,-1.0));
#4891=DIRECTION('',(0.0,-1.0,-0.0));
#4892=AXIS2_PLACEMENT_3D('',#4889,#4890,#4891);
#4893=PLANE('',#4892);
#4894=ADVANCED_FACE('n° 3983',(#4888),#4893,.F.);
#4895=ORIENTED_EDGE('',*,*,#4885,.T.);
#4896=EDGE_LOOP('',(#4895));
#4897=FACE_OUTER_BOUND('',#4896,.T.);
#4898=ORIENTED_EDGE('',*,*,#4845,.F.);
#4899=EDGE_LOOP('',(#4898));
#4900=FACE_BOUND('',#4899,.T.);
#4901=CARTESIAN_POINT('',(7.62,-1.27,2.0238547069));
#4902=DIRECTION('',(0.0,-0.0,1.0));
#4903=DIRECTION('',(-0.0,1.0,0.0));
#4904=AXIS2_PLACEMENT_3D('',#4901,#4902,#4903);
#4905=CONICAL_SURFACE('',#4904,0.46,0.1486528201);
#4906=ADVANCED_FACE('n° 3987',(#4897,#4900),#4905,.F.);
#4907=CARTESIAN_POINT('',(7.62,0.72,3.0));
#4908=VERTEX_POINT('',#4907);
#4909=CARTESIAN_POINT('',(7.62,1.27,3.0));
#4910=DIRECTION('',(0.0,0.0,-1.0));
#4911=DIRECTION('',(0.0,-1.0,-0.0));
#4912=AXIS2_PLACEMENT_3D('',#4909,#4910,#4911);
#4913=CIRCLE('',#4912,0.55);
#4914=EDGE_CURVE('n° 4014',#4908,#4908,#4913,.T.);
#4915=ORIENTED_EDGE('',*,*,#4914,.T.);
#4916=EDGE_LOOP('',(#4915));
#4917=FACE_OUTER_BOUND('',#4916,.T.);
#4918=ORIENTED_EDGE('',*,*,#2091,.F.);
#4919=EDGE_LOOP('',(#4918));
#4920=FACE_BOUND('',#4919,.T.);
#4921=CARTESIAN_POINT('',(7.62,1.27,3.0));
#4922=DIRECTION('',(0.0,0.0,-1.0));
#4923=DIRECTION('',(0.0,-1.0,-0.0));
#4924=AXIS2_PLACEMENT_3D('',#4921,#4922,#4923);
#4925=CYLINDRICAL_SURFACE('',#4924,0.55);
#4926=ADVANCED_FACE('n° 4032',(#4917,#4920),#4925,.F.);
#4927=CARTESIAN_POINT('',(7.62,0.81,2.0238547069));
#4928=VERTEX_POINT('',#4927);
#4929=CARTESIAN_POINT('',(7.62,1.27,2.0238547069));
#4930=DIRECTION('',(0.0,0.0,-1.0));
#4931=DIRECTION('',(0.0,-1.0,-0.0));
#4932=AXIS2_PLACEMENT_3D('',#4929,#4930,#4931);
#4933=CIRCLE('',#4932,0.46);
#4934=EDGE_CURVE('n° 4017',#4928,#4928,#4933,.T.);
#4935=ORIENTED_EDGE('',*,*,#4934,.T.);
#4936=EDGE_LOOP('',(#4935));
#4937=FACE_OUTER_BOUND('',#4936,.T.);
#4938=CARTESIAN_POINT('',(7.62,0.81,2.5238547069));
#4939=VERTEX_POINT('',#4938);
#4940=CARTESIAN_POINT('',(7.62,1.27,2.5238547069));
#4941=DIRECTION('',(0.0,0.0,-1.0));
#4942=DIRECTION('',(0.0,-1.0,-0.0));
#4943=AXIS2_PLACEMENT_3D('',#4940,#4941,#4942);
#4944=CIRCLE('',#4943,0.46);
#4945=EDGE_CURVE('n° 4013',#4939,#4939,#4944,.T.);
#4946=ORIENTED_EDGE('',*,*,#4945,.F.);
#4947=EDGE_LOOP('',(#4946));
#4948=FACE_BOUND('',#4947,.T.);
#4949=CARTESIAN_POINT('',(7.62,1.27,3.0));
#4950=DIRECTION('',(0.0,0.0,-1.0));
#4951=DIRECTION('',(0.0,-1.0,-0.0));
#4952=AXIS2_PLACEMENT_3D('',#4949,#4950,#4951);
#4953=CYLINDRICAL_SURFACE('',#4952,0.46);
#4954=ADVANCED_FACE('n° 4022',(#4937,#4948),#4953,.F.);
#4955=ORIENTED_EDGE('',*,*,#4945,.T.);
#4956=EDGE_LOOP('',(#4955));
#4957=FACE_OUTER_BOUND('',#4956,.T.);
#4958=ORIENTED_EDGE('',*,*,#4914,.F.);
#4959=EDGE_LOOP('',(#4958));
#4960=FACE_BOUND('',#4959,.T.);
#4961=CARTESIAN_POINT('',(7.62,1.27,3.0));
#4962=DIRECTION('',(0.0,-0.0,1.0));
#4963=DIRECTION('',(-0.0,1.0,0.0));
#4964=AXIS2_PLACEMENT_3D('',#4961,#4962,#4963);
#4965=CONICAL_SURFACE('',#4964,0.55,0.1868139283);
#4966=ADVANCED_FACE('n° 4027',(#4957,#4960),#4965,.F.);
#4967=CARTESIAN_POINT('',(7.62,1.032,0.5414586189));
#4968=VERTEX_POINT('',#4967);
#4969=CARTESIAN_POINT('',(7.62,1.27,0.5414586189));
#4970=DIRECTION('',(0.0,0.0,-1.0));
#4971=DIRECTION('',(0.0,-1.0,-0.0));
#4972=AXIS2_PLACEMENT_3D('',#4969,#4970,#4971);
#4973=CIRCLE('',#4972,0.238);
#4974=EDGE_CURVE('n° 4016',#4968,#4968,#4973,.T.);
#4975=ORIENTED_EDGE('',*,*,#4974,.F.);
#4976=EDGE_LOOP('',(#4975));
#4977=FACE_OUTER_BOUND('',#4976,.T.);
#4978=CARTESIAN_POINT('',(7.62,1.27,0.5414586189));
#4979=DIRECTION('',(0.0,0.0,-1.0));
#4980=DIRECTION('',(0.0,-1.0,-0.0));
#4981=AXIS2_PLACEMENT_3D('',#4978,#4979,#4980);
#4982=PLANE('',#4981);
#4983=ADVANCED_FACE('n° 4041',(#4977),#4982,.F.);
#4984=ORIENTED_EDGE('',*,*,#4974,.T.);
#4985=EDGE_LOOP('',(#4984));
#4986=FACE_OUTER_BOUND('',#4985,.T.);
#4987=ORIENTED_EDGE('',*,*,#4934,.F.);
#4988=EDGE_LOOP('',(#4987));
#4989=FACE_BOUND('',#4988,.T.);
#4990=CARTESIAN_POINT('',(7.62,1.27,2.0238547069));
#4991=DIRECTION('',(0.0,-0.0,1.0));
#4992=DIRECTION('',(-0.0,1.0,0.0));
#4993=AXIS2_PLACEMENT_3D('',#4990,#4991,#4992);
#4994=CONICAL_SURFACE('',#4993,0.46,0.1486528201);
#4995=ADVANCED_FACE('n° 4045',(#4986,#4989),#4994,.F.);
#4996=CARTESIAN_POINT('',(7.62,3.26,3.0));
#4997=VERTEX_POINT('',#4996);
#4998=CARTESIAN_POINT('',(7.62,3.81,3.0));
#4999=DIRECTION('',(0.0,0.0,-1.0));
#5000=DIRECTION('',(0.0,-1.0,-0.0));
#5001=AXIS2_PLACEMENT_3D('',#4998,#4999,#5000);
#5002=CIRCLE('',#5001,0.55);
#5003=EDGE_CURVE('n° 4072',#4997,#4997,#5002,.T.);
#5004=ORIENTED_EDGE('',*,*,#5003,.T.);
#5005=EDGE_LOOP('',(#5004));
#5006=FACE_OUTER_BOUND('',#5005,.T.);
#5007=ORIENTED_EDGE('',*,*,#2200,.F.);
#5008=EDGE_LOOP('',(#5007));
#5009=FACE_BOUND('',#5008,.T.);
#5010=CARTESIAN_POINT('',(7.62,3.81,3.0));
#5011=DIRECTION('',(0.0,0.0,-1.0));
#5012=DIRECTION('',(0.0,-1.0,-0.0));
#5013=AXIS2_PLACEMENT_3D('',#5010,#5011,#5012);
#5014=CYLINDRICAL_SURFACE('',#5013,0.55);
#5015=ADVANCED_FACE('n° 4090',(#5006,#5009),#5014,.F.);
#5016=CARTESIAN_POINT('',(7.62,3.35,2.0238547069));
#5017=VERTEX_POINT('',#5016);
#5018=CARTESIAN_POINT('',(7.62,3.81,2.0238547069));
#5019=DIRECTION('',(0.0,0.0,-1.0));
#5020=DIRECTION('',(0.0,-1.0,-0.0));
#5021=AXIS2_PLACEMENT_3D('',#5018,#5019,#5020);
#5022=CIRCLE('',#5021,0.46);
#5023=EDGE_CURVE('n° 4075',#5017,#5017,#5022,.T.);
#5024=ORIENTED_EDGE('',*,*,#5023,.T.);
#5025=EDGE_LOOP('',(#5024));
#5026=FACE_OUTER_BOUND('',#5025,.T.);
#5027=CARTESIAN_POINT('',(7.62,3.35,2.5238547069));
#5028=VERTEX_POINT('',#5027);
#5029=CARTESIAN_POINT('',(7.62,3.81,2.5238547069));
#5030=DIRECTION('',(0.0,0.0,-1.0));
#5031=DIRECTION('',(0.0,-1.0,-0.0));
#5032=AXIS2_PLACEMENT_3D('',#5029,#5030,#5031);
#5033=CIRCLE('',#5032,0.46);
#5034=EDGE_CURVE('n° 4071',#5028,#5028,#5033,.T.);
#5035=ORIENTED_EDGE('',*,*,#5034,.F.);
#5036=EDGE_LOOP('',(#5035));
#5037=FACE_BOUND('',#5036,.T.);
#5038=CARTESIAN_POINT('',(7.62,3.81,3.0));
#5039=DIRECTION('',(0.0,0.0,-1.0));
#5040=DIRECTION('',(0.0,-1.0,-0.0));
#5041=AXIS2_PLACEMENT_3D('',#5038,#5039,#5040);
#5042=CYLINDRICAL_SURFACE('',#5041,0.46);
#5043=ADVANCED_FACE('n° 4080',(#5026,#5037),#5042,.F.);
#5044=ORIENTED_EDGE('',*,*,#5034,.T.);
#5045=EDGE_LOOP('',(#5044));
#5046=FACE_OUTER_BOUND('',#5045,.T.);
#5047=ORIENTED_EDGE('',*,*,#5003,.F.);
#5048=EDGE_LOOP('',(#5047));
#5049=FACE_BOUND('',#5048,.T.);
#5050=CARTESIAN_POINT('',(7.62,3.81,3.0));
#5051=DIRECTION('',(0.0,-0.0,1.0));
#5052=DIRECTION('',(-0.0,1.0,0.0));
#5053=AXIS2_PLACEMENT_3D('',#5050,#5051,#5052);
#5054=CONICAL_SURFACE('',#5053,0.55,0.1868139283);
#5055=ADVANCED_FACE('n° 4085',(#5046,#5049),#5054,.F.);
#5056=CARTESIAN_POINT('',(7.62,3.572,0.5414586189));
#5057=VERTEX_POINT('',#5056);
#5058=CARTESIAN_POINT('',(7.62,3.81,0.5414586189));
#5059=DIRECTION('',(0.0,0.0,-1.0));
#5060=DIRECTION('',(0.0,-1.0,-0.0));
#5061=AXIS2_PLACEMENT_3D('',#5058,#5059,#5060);
#5062=CIRCLE('',#5061,0.238);
#5063=EDGE_CURVE('n° 4074',#5057,#5057,#5062,.T.);
#5064=ORIENTED_EDGE('',*,*,#5063,.F.);
#5065=EDGE_LOOP('',(#5064));
#5066=FACE_OUTER_BOUND('',#5065,.T.);
#5067=CARTESIAN_POINT('',(7.62,3.81,0.5414586189));
#5068=DIRECTION('',(0.0,0.0,-1.0));
#5069=DIRECTION('',(0.0,-1.0,-0.0));
#5070=AXIS2_PLACEMENT_3D('',#5067,#5068,#5069);
#5071=PLANE('',#5070);
#5072=ADVANCED_FACE('n° 4099',(#5066),#5071,.F.);
#5073=ORIENTED_EDGE('',*,*,#5063,.T.);
#5074=EDGE_LOOP('',(#5073));
#5075=FACE_OUTER_BOUND('',#5074,.T.);
#5076=ORIENTED_EDGE('',*,*,#5023,.F.);
#5077=EDGE_LOOP('',(#5076));
#5078=FACE_BOUND('',#5077,.T.);
#5079=CARTESIAN_POINT('',(7.62,3.81,2.0238547069));
#5080=DIRECTION('',(0.0,-0.0,1.0));
#5081=DIRECTION('',(-0.0,1.0,0.0));
#5082=AXIS2_PLACEMENT_3D('',#5079,#5080,#5081);
#5083=CONICAL_SURFACE('',#5082,0.46,0.1486528201);
#5084=ADVANCED_FACE('n° 4103',(#5075,#5078),#5083,.F.);
#5085=CARTESIAN_POINT('',(7.62,5.8,3.0));
#5086=VERTEX_POINT('',#5085);
#5087=CARTESIAN_POINT('',(7.62,6.35,3.0));
#5088=DIRECTION('',(0.0,0.0,-1.0));
#5089=DIRECTION('',(0.0,-1.0,-0.0));
#5090=AXIS2_PLACEMENT_3D('',#5087,#5088,#5089);
#5091=CIRCLE('',#5090,0.55);
#5092=EDGE_CURVE('n° 4130',#5086,#5086,#5091,.T.);
#5093=ORIENTED_EDGE('',*,*,#5092,.T.);
#5094=EDGE_LOOP('',(#5093));
#5095=FACE_OUTER_BOUND('',#5094,.T.);
#5096=ORIENTED_EDGE('',*,*,#2309,.F.);
#5097=EDGE_LOOP('',(#5096));
#5098=FACE_BOUND('',#5097,.T.);
#5099=CARTESIAN_POINT('',(7.62,6.35,3.0));
#5100=DIRECTION('',(0.0,0.0,-1.0));
#5101=DIRECTION('',(0.0,-1.0,-0.0));
#5102=AXIS2_PLACEMENT_3D('',#5099,#5100,#5101);
#5103=CYLINDRICAL_SURFACE('',#5102,0.55);
#5104=ADVANCED_FACE('n° 4148',(#5095,#5098),#5103,.F.);
#5105=CARTESIAN_POINT('',(7.62,5.89,2.0238547069));
#5106=VERTEX_POINT('',#5105);
#5107=CARTESIAN_POINT('',(7.62,6.35,2.0238547069));
#5108=DIRECTION('',(0.0,0.0,-1.0));
#5109=DIRECTION('',(0.0,-1.0,-0.0));
#5110=AXIS2_PLACEMENT_3D('',#5107,#5108,#5109);
#5111=CIRCLE('',#5110,0.46);
#5112=EDGE_CURVE('n° 4133',#5106,#5106,#5111,.T.);
#5113=ORIENTED_EDGE('',*,*,#5112,.T.);
#5114=EDGE_LOOP('',(#5113));
#5115=FACE_OUTER_BOUND('',#5114,.T.);
#5116=CARTESIAN_POINT('',(7.62,5.89,2.5238547069));
#5117=VERTEX_POINT('',#5116);
#5118=CARTESIAN_POINT('',(7.62,6.35,2.5238547069));
#5119=DIRECTION('',(0.0,0.0,-1.0));
#5120=DIRECTION('',(0.0,-1.0,-0.0));
#5121=AXIS2_PLACEMENT_3D('',#5118,#5119,#5120);
#5122=CIRCLE('',#5121,0.46);
#5123=EDGE_CURVE('n° 4129',#5117,#5117,#5122,.T.);
#5124=ORIENTED_EDGE('',*,*,#5123,.F.);
#5125=EDGE_LOOP('',(#5124));
#5126=FACE_BOUND('',#5125,.T.);
#5127=CARTESIAN_POINT('',(7.62,6.35,3.0));
#5128=DIRECTION('',(0.0,0.0,-1.0));
#5129=DIRECTION('',(0.0,-1.0,-0.0));
#5130=AXIS2_PLACEMENT_3D('',#5127,#5128,#5129);
#5131=CYLINDRICAL_SURFACE('',#5130,0.46);
#5132=ADVANCED_FACE('n° 4138',(#5115,#5126),#5131,.F.);
#5133=ORIENTED_EDGE('',*,*,#5123,.T.);
#5134=EDGE_LOOP('',(#5133));
#5135=FACE_OUTER_BOUND('',#5134,.T.);
#5136=ORIENTED_EDGE('',*,*,#5092,.F.);
#5137=EDGE_LOOP('',(#5136));
#5138=FACE_BOUND('',#5137,.T.);
#5139=CARTESIAN_POINT('',(7.62,6.35,3.0));
#5140=DIRECTION('',(0.0,-0.0,1.0));
#5141=DIRECTION('',(-0.0,1.0,0.0));
#5142=AXIS2_PLACEMENT_3D('',#5139,#5140,#5141);
#5143=CONICAL_SURFACE('',#5142,0.55,0.1868139283);
#5144=ADVANCED_FACE('n° 4143',(#5135,#5138),#5143,.F.);
#5145=CARTESIAN_POINT('',(7.62,6.112,0.5414586189));
#5146=VERTEX_POINT('',#5145);
#5147=CARTESIAN_POINT('',(7.62,6.35,0.5414586189));
#5148=DIRECTION('',(0.0,0.0,-1.0));
#5149=DIRECTION('',(0.0,-1.0,-0.0));
#5150=AXIS2_PLACEMENT_3D('',#5147,#5148,#5149);
#5151=CIRCLE('',#5150,0.238);
#5152=EDGE_CURVE('n° 4132',#5146,#5146,#5151,.T.);
#5153=ORIENTED_EDGE('',*,*,#5152,.F.);
#5154=EDGE_LOOP('',(#5153));
#5155=FACE_OUTER_BOUND('',#5154,.T.);
#5156=CARTESIAN_POINT('',(7.62,6.35,0.5414586189));
#5157=DIRECTION('',(0.0,0.0,-1.0));
#5158=DIRECTION('',(0.0,-1.0,-0.0));
#5159=AXIS2_PLACEMENT_3D('',#5156,#5157,#5158);
#5160=PLANE('',#5159);
#5161=ADVANCED_FACE('n° 4157',(#5155),#5160,.F.);
#5162=ORIENTED_EDGE('',*,*,#5152,.T.);
#5163=EDGE_LOOP('',(#5162));
#5164=FACE_OUTER_BOUND('',#5163,.T.);
#5165=ORIENTED_EDGE('',*,*,#5112,.F.);
#5166=EDGE_LOOP('',(#5165));
#5167=FACE_BOUND('',#5166,.T.);
#5168=CARTESIAN_POINT('',(7.62,6.35,2.0238547069));
#5169=DIRECTION('',(0.0,-0.0,1.0));
#5170=DIRECTION('',(-0.0,1.0,0.0));
#5171=AXIS2_PLACEMENT_3D('',#5168,#5169,#5170);
#5172=CONICAL_SURFACE('',#5171,0.46,0.1486528201);
#5173=ADVANCED_FACE('n° 4161',(#5164,#5167),#5172,.F.);
#5174=CARTESIAN_POINT('',(7.62,8.34,3.0));
#5175=VERTEX_POINT('',#5174);
#5176=CARTESIAN_POINT('',(7.62,8.89,3.0));
#5177=DIRECTION('',(0.0,0.0,-1.0));
#5178=DIRECTION('',(0.0,-1.0,-0.0));
#5179=AXIS2_PLACEMENT_3D('',#5176,#5177,#5178);
#5180=CIRCLE('',#5179,0.55);
#5181=EDGE_CURVE('n° 4188',#5175,#5175,#5180,.T.);
#5182=ORIENTED_EDGE('',*,*,#5181,.T.);
#5183=EDGE_LOOP('',(#5182));
#5184=FACE_OUTER_BOUND('',#5183,.T.);
#5185=ORIENTED_EDGE('',*,*,#2418,.F.);
#5186=EDGE_LOOP('',(#5185));
#5187=FACE_BOUND('',#5186,.T.);
#5188=CARTESIAN_POINT('',(7.62,8.89,3.0));
#5189=DIRECTION('',(0.0,0.0,-1.0));
#5190=DIRECTION('',(0.0,-1.0,-0.0));
#5191=AXIS2_PLACEMENT_3D('',#5188,#5189,#5190);
#5192=CYLINDRICAL_SURFACE('',#5191,0.55);
#5193=ADVANCED_FACE('n° 4206',(#5184,#5187),#5192,.F.);
#5194=CARTESIAN_POINT('',(7.62,8.43,2.0238547069));
#5195=VERTEX_POINT('',#5194);
#5196=CARTESIAN_POINT('',(7.62,8.89,2.0238547069));
#5197=DIRECTION('',(0.0,0.0,-1.0));
#5198=DIRECTION('',(0.0,-1.0,-0.0));
#5199=AXIS2_PLACEMENT_3D('',#5196,#5197,#5198);
#5200=CIRCLE('',#5199,0.46);
#5201=EDGE_CURVE('n° 4191',#5195,#5195,#5200,.T.);
#5202=ORIENTED_EDGE('',*,*,#5201,.T.);
#5203=EDGE_LOOP('',(#5202));
#5204=FACE_OUTER_BOUND('',#5203,.T.);
#5205=CARTESIAN_POINT('',(7.62,8.43,2.5238547069));
#5206=VERTEX_POINT('',#5205);
#5207=CARTESIAN_POINT('',(7.62,8.89,2.5238547069));
#5208=DIRECTION('',(0.0,0.0,-1.0));
#5209=DIRECTION('',(0.0,-1.0,-0.0));
#5210=AXIS2_PLACEMENT_3D('',#5207,#5208,#5209);
#5211=CIRCLE('',#5210,0.46);
#5212=EDGE_CURVE('n° 4187',#5206,#5206,#5211,.T.);
#5213=ORIENTED_EDGE('',*,*,#5212,.F.);
#5214=EDGE_LOOP('',(#5213));
#5215=FACE_BOUND('',#5214,.T.);
#5216=CARTESIAN_POINT('',(7.62,8.89,3.0));
#5217=DIRECTION('',(0.0,0.0,-1.0));
#5218=DIRECTION('',(0.0,-1.0,-0.0));
#5219=AXIS2_PLACEMENT_3D('',#5216,#5217,#5218);
#5220=CYLINDRICAL_SURFACE('',#5219,0.46);
#5221=ADVANCED_FACE('n° 4196',(#5204,#5215),#5220,.F.);
#5222=ORIENTED_EDGE('',*,*,#5212,.T.);
#5223=EDGE_LOOP('',(#5222));
#5224=FACE_OUTER_BOUND('',#5223,.T.);
#5225=ORIENTED_EDGE('',*,*,#5181,.F.);
#5226=EDGE_LOOP('',(#5225));
#5227=FACE_BOUND('',#5226,.T.);
#5228=CARTESIAN_POINT('',(7.62,8.89,3.0));
#5229=DIRECTION('',(0.0,-0.0,1.0));
#5230=DIRECTION('',(-0.0,1.0,0.0));
#5231=AXIS2_PLACEMENT_3D('',#5228,#5229,#5230);
#5232=CONICAL_SURFACE('',#5231,0.55,0.1868139283);
#5233=ADVANCED_FACE('n° 4201',(#5224,#5227),#5232,.F.);
#5234=CARTESIAN_POINT('',(7.62,8.652,0.5414586189));
#5235=VERTEX_POINT('',#5234);
#5236=CARTESIAN_POINT('',(7.62,8.89,0.5414586189));
#5237=DIRECTION('',(0.0,0.0,-1.0));
#5238=DIRECTION('',(0.0,-1.0,-0.0));
#5239=AXIS2_PLACEMENT_3D('',#5236,#5237,#5238);
#5240=CIRCLE('',#5239,0.238);
#5241=EDGE_CURVE('n° 4190',#5235,#5235,#5240,.T.);
#5242=ORIENTED_EDGE('',*,*,#5241,.F.);
#5243=EDGE_LOOP('',(#5242));
#5244=FACE_OUTER_BOUND('',#5243,.T.);
#5245=CARTESIAN_POINT('',(7.62,8.89,0.5414586189));
#5246=DIRECTION('',(0.0,0.0,-1.0));
#5247=DIRECTION('',(0.0,-1.0,-0.0));
#5248=AXIS2_PLACEMENT_3D('',#5245,#5246,#5247);
#5249=PLANE('',#5248);
#5250=ADVANCED_FACE('n° 4215',(#5244),#5249,.F.);
#5251=ORIENTED_EDGE('',*,*,#5241,.T.);
#5252=EDGE_LOOP('',(#5251));
#5253=FACE_OUTER_BOUND('',#5252,.T.);
#5254=ORIENTED_EDGE('',*,*,#5201,.F.);
#5255=EDGE_LOOP('',(#5254));
#5256=FACE_BOUND('',#5255,.T.);
#5257=CARTESIAN_POINT('',(7.62,8.89,2.0238547069));
#5258=DIRECTION('',(0.0,-0.0,1.0));
#5259=DIRECTION('',(-0.0,1.0,0.0));
#5260=AXIS2_PLACEMENT_3D('',#5257,#5258,#5259);
#5261=CONICAL_SURFACE('',#5260,0.46,0.1486528201);
#5262=ADVANCED_FACE('n° 4219',(#5253,#5256),#5261,.F.);
#5263=CARTESIAN_POINT('',(7.62,10.88,3.0));
#5264=VERTEX_POINT('',#5263);
#5265=CARTESIAN_POINT('',(7.62,11.43,3.0));
#5266=DIRECTION('',(0.0,0.0,-1.0));
#5267=DIRECTION('',(0.0,-1.0,-0.0));
#5268=AXIS2_PLACEMENT_3D('',#5265,#5266,#5267);
#5269=CIRCLE('',#5268,0.55);
#5270=EDGE_CURVE('n° 4246',#5264,#5264,#5269,.T.);
#5271=ORIENTED_EDGE('',*,*,#5270,.T.);
#5272=EDGE_LOOP('',(#5271));
#5273=FACE_OUTER_BOUND('',#5272,.T.);
#5274=ORIENTED_EDGE('',*,*,#2527,.F.);
#5275=EDGE_LOOP('',(#5274));
#5276=FACE_BOUND('',#5275,.T.);
#5277=CARTESIAN_POINT('',(7.62,11.43,3.0));
#5278=DIRECTION('',(0.0,0.0,-1.0));
#5279=DIRECTION('',(0.0,-1.0,-0.0));
#5280=AXIS2_PLACEMENT_3D('',#5277,#5278,#5279);
#5281=CYLINDRICAL_SURFACE('',#5280,0.55);
#5282=ADVANCED_FACE('n° 4264',(#5273,#5276),#5281,.F.);
#5283=CARTESIAN_POINT('',(7.62,10.97,2.0238547069));
#5284=VERTEX_POINT('',#5283);
#5285=CARTESIAN_POINT('',(7.62,11.43,2.0238547069));
#5286=DIRECTION('',(0.0,0.0,-1.0));
#5287=DIRECTION('',(0.0,-1.0,-0.0));
#5288=AXIS2_PLACEMENT_3D('',#5285,#5286,#5287);
#5289=CIRCLE('',#5288,0.46);
#5290=EDGE_CURVE('n° 4249',#5284,#5284,#5289,.T.);
#5291=ORIENTED_EDGE('',*,*,#5290,.T.);
#5292=EDGE_LOOP('',(#5291));
#5293=FACE_OUTER_BOUND('',#5292,.T.);
#5294=CARTESIAN_POINT('',(7.62,10.97,2.5238547069));
#5295=VERTEX_POINT('',#5294);
#5296=CARTESIAN_POINT('',(7.62,11.43,2.5238547069));
#5297=DIRECTION('',(0.0,0.0,-1.0));
#5298=DIRECTION('',(0.0,-1.0,-0.0));
#5299=AXIS2_PLACEMENT_3D('',#5296,#5297,#5298);
#5300=CIRCLE('',#5299,0.46);
#5301=EDGE_CURVE('n° 4245',#5295,#5295,#5300,.T.);
#5302=ORIENTED_EDGE('',*,*,#5301,.F.);
#5303=EDGE_LOOP('',(#5302));
#5304=FACE_BOUND('',#5303,.T.);
#5305=CARTESIAN_POINT('',(7.62,11.43,3.0));
#5306=DIRECTION('',(0.0,0.0,-1.0));
#5307=DIRECTION('',(0.0,-1.0,-0.0));
#5308=AXIS2_PLACEMENT_3D('',#5305,#5306,#5307);
#5309=CYLINDRICAL_SURFACE('',#5308,0.46);
#5310=ADVANCED_FACE('n° 4254',(#5293,#5304),#5309,.F.);
#5311=ORIENTED_EDGE('',*,*,#5301,.T.);
#5312=EDGE_LOOP('',(#5311));
#5313=FACE_OUTER_BOUND('',#5312,.T.);
#5314=ORIENTED_EDGE('',*,*,#5270,.F.);
#5315=EDGE_LOOP('',(#5314));
#5316=FACE_BOUND('',#5315,.T.);
#5317=CARTESIAN_POINT('',(7.62,11.43,3.0));
#5318=DIRECTION('',(0.0,-0.0,1.0));
#5319=DIRECTION('',(-0.0,1.0,0.0));
#5320=AXIS2_PLACEMENT_3D('',#5317,#5318,#5319);
#5321=CONICAL_SURFACE('',#5320,0.55,0.1868139283);
#5322=ADVANCED_FACE('n° 4259',(#5313,#5316),#5321,.F.);
#5323=CARTESIAN_POINT('',(7.62,11.192,0.5414586189));
#5324=VERTEX_POINT('',#5323);
#5325=CARTESIAN_POINT('',(7.62,11.43,0.5414586189));
#5326=DIRECTION('',(0.0,0.0,-1.0));
#5327=DIRECTION('',(0.0,-1.0,-0.0));
#5328=AXIS2_PLACEMENT_3D('',#5325,#5326,#5327);
#5329=CIRCLE('',#5328,0.238);
#5330=EDGE_CURVE('n° 4248',#5324,#5324,#5329,.T.);
#5331=ORIENTED_EDGE('',*,*,#5330,.F.);
#5332=EDGE_LOOP('',(#5331));
#5333=FACE_OUTER_BOUND('',#5332,.T.);
#5334=CARTESIAN_POINT('',(7.62,11.43,0.5414586189));
#5335=DIRECTION('',(0.0,0.0,-1.0));
#5336=DIRECTION('',(0.0,-1.0,-0.0));
#5337=AXIS2_PLACEMENT_3D('',#5334,#5335,#5336);
#5338=PLANE('',#5337);
#5339=ADVANCED_FACE('n° 4273',(#5333),#5338,.F.);
#5340=ORIENTED_EDGE('',*,*,#5330,.T.);
#5341=EDGE_LOOP('',(#5340));
#5342=FACE_OUTER_BOUND('',#5341,.T.);
#5343=ORIENTED_EDGE('',*,*,#5290,.F.);
#5344=EDGE_LOOP('',(#5343));
#5345=FACE_BOUND('',#5344,.T.);
#5346=CARTESIAN_POINT('',(7.62,11.43,2.0238547069));
#5347=DIRECTION('',(0.0,-0.0,1.0));
#5348=DIRECTION('',(-0.0,1.0,0.0));
#5349=AXIS2_PLACEMENT_3D('',#5346,#5347,#5348);
#5350=CONICAL_SURFACE('',#5349,0.46,0.1486528201);
#5351=ADVANCED_FACE('n° 4277',(#5342,#5345),#5350,.F.);
#5352=CARTESIAN_POINT('',(7.62,13.42,3.0));
#5353=VERTEX_POINT('',#5352);
#5354=CARTESIAN_POINT('',(7.62,13.97,3.0));
#5355=DIRECTION('',(0.0,0.0,-1.0));
#5356=DIRECTION('',(0.0,-1.0,-0.0));
#5357=AXIS2_PLACEMENT_3D('',#5354,#5355,#5356);
#5358=CIRCLE('',#5357,0.55);
#5359=EDGE_CURVE('n° 4304',#5353,#5353,#5358,.T.);
#5360=ORIENTED_EDGE('',*,*,#5359,.T.);
#5361=EDGE_LOOP('',(#5360));
#5362=FACE_OUTER_BOUND('',#5361,.T.);
#5363=ORIENTED_EDGE('',*,*,#2636,.F.);
#5364=EDGE_LOOP('',(#5363));
#5365=FACE_BOUND('',#5364,.T.);
#5366=CARTESIAN_POINT('',(7.62,13.97,3.0));
#5367=DIRECTION('',(0.0,0.0,-1.0));
#5368=DIRECTION('',(0.0,-1.0,-0.0));
#5369=AXIS2_PLACEMENT_3D('',#5366,#5367,#5368);
#5370=CYLINDRICAL_SURFACE('',#5369,0.55);
#5371=ADVANCED_FACE('n° 4322',(#5362,#5365),#5370,.F.);
#5372=CARTESIAN_POINT('',(7.62,13.51,2.0238547069));
#5373=VERTEX_POINT('',#5372);
#5374=CARTESIAN_POINT('',(7.62,13.97,2.0238547069));
#5375=DIRECTION('',(0.0,0.0,-1.0));
#5376=DIRECTION('',(0.0,-1.0,-0.0));
#5377=AXIS2_PLACEMENT_3D('',#5374,#5375,#5376);
#5378=CIRCLE('',#5377,0.46);
#5379=EDGE_CURVE('n° 4307',#5373,#5373,#5378,.T.);
#5380=ORIENTED_EDGE('',*,*,#5379,.T.);
#5381=EDGE_LOOP('',(#5380));
#5382=FACE_OUTER_BOUND('',#5381,.T.);
#5383=CARTESIAN_POINT('',(7.62,13.51,2.5238547069));
#5384=VERTEX_POINT('',#5383);
#5385=CARTESIAN_POINT('',(7.62,13.97,2.5238547069));
#5386=DIRECTION('',(0.0,0.0,-1.0));
#5387=DIRECTION('',(0.0,-1.0,-0.0));
#5388=AXIS2_PLACEMENT_3D('',#5385,#5386,#5387);
#5389=CIRCLE('',#5388,0.46);
#5390=EDGE_CURVE('n° 4303',#5384,#5384,#5389,.T.);
#5391=ORIENTED_EDGE('',*,*,#5390,.F.);
#5392=EDGE_LOOP('',(#5391));
#5393=FACE_BOUND('',#5392,.T.);
#5394=CARTESIAN_POINT('',(7.62,13.97,3.0));
#5395=DIRECTION('',(0.0,0.0,-1.0));
#5396=DIRECTION('',(0.0,-1.0,-0.0));
#5397=AXIS2_PLACEMENT_3D('',#5394,#5395,#5396);
#5398=CYLINDRICAL_SURFACE('',#5397,0.46);
#5399=ADVANCED_FACE('n° 4312',(#5382,#5393),#5398,.F.);
#5400=ORIENTED_EDGE('',*,*,#5390,.T.);
#5401=EDGE_LOOP('',(#5400));
#5402=FACE_OUTER_BOUND('',#5401,.T.);
#5403=ORIENTED_EDGE('',*,*,#5359,.F.);
#5404=EDGE_LOOP('',(#5403));
#5405=FACE_BOUND('',#5404,.T.);
#5406=CARTESIAN_POINT('',(7.62,13.97,3.0));
#5407=DIRECTION('',(0.0,-0.0,1.0));
#5408=DIRECTION('',(-0.0,1.0,0.0));
#5409=AXIS2_PLACEMENT_3D('',#5406,#5407,#5408);
#5410=CONICAL_SURFACE('',#5409,0.55,0.1868139283);
#5411=ADVANCED_FACE('n° 4317',(#5402,#5405),#5410,.F.);
#5412=CARTESIAN_POINT('',(7.62,13.732,0.5414586189));
#5413=VERTEX_POINT('',#5412);
#5414=CARTESIAN_POINT('',(7.62,13.97,0.5414586189));
#5415=DIRECTION('',(0.0,0.0,-1.0));
#5416=DIRECTION('',(0.0,-1.0,-0.0));
#5417=AXIS2_PLACEMENT_3D('',#5414,#5415,#5416);
#5418=CIRCLE('',#5417,0.238);
#5419=EDGE_CURVE('n° 4306',#5413,#5413,#5418,.T.);
#5420=ORIENTED_EDGE('',*,*,#5419,.F.);
#5421=EDGE_LOOP('',(#5420));
#5422=FACE_OUTER_BOUND('',#5421,.T.);
#5423=CARTESIAN_POINT('',(7.62,13.97,0.5414586189));
#5424=DIRECTION('',(0.0,0.0,-1.0));
#5425=DIRECTION('',(0.0,-1.0,-0.0));
#5426=AXIS2_PLACEMENT_3D('',#5423,#5424,#5425);
#5427=PLANE('',#5426);
#5428=ADVANCED_FACE('n° 4331',(#5422),#5427,.F.);
#5429=ORIENTED_EDGE('',*,*,#5419,.T.);
#5430=EDGE_LOOP('',(#5429));
#5431=FACE_OUTER_BOUND('',#5430,.T.);
#5432=ORIENTED_EDGE('',*,*,#5379,.F.);
#5433=EDGE_LOOP('',(#5432));
#5434=FACE_BOUND('',#5433,.T.);
#5435=CARTESIAN_POINT('',(7.62,13.97,2.0238547069));
#5436=DIRECTION('',(0.0,-0.0,1.0));
#5437=DIRECTION('',(-0.0,1.0,0.0));
#5438=AXIS2_PLACEMENT_3D('',#5435,#5436,#5437);
#5439=CONICAL_SURFACE('',#5438,0.46,0.1486528201);
#5440=ADVANCED_FACE('n° 4335',(#5431,#5434),#5439,.F.);
#5441=CARTESIAN_POINT('',(7.62,15.96,3.0));
#5442=VERTEX_POINT('',#5441);
#5443=CARTESIAN_POINT('',(7.62,16.51,3.0));
#5444=DIRECTION('',(0.0,0.0,-1.0));
#5445=DIRECTION('',(0.0,-1.0,-0.0));
#5446=AXIS2_PLACEMENT_3D('',#5443,#5444,#5445);
#5447=CIRCLE('',#5446,0.55);
#5448=EDGE_CURVE('n° 4362',#5442,#5442,#5447,.T.);
#5449=ORIENTED_EDGE('',*,*,#5448,.T.);
#5450=EDGE_LOOP('',(#5449));
#5451=FACE_OUTER_BOUND('',#5450,.T.);
#5452=ORIENTED_EDGE('',*,*,#2745,.F.);
#5453=EDGE_LOOP('',(#5452));
#5454=FACE_BOUND('',#5453,.T.);
#5455=CARTESIAN_POINT('',(7.62,16.51,3.0));
#5456=DIRECTION('',(0.0,0.0,-1.0));
#5457=DIRECTION('',(0.0,-1.0,-0.0));
#5458=AXIS2_PLACEMENT_3D('',#5455,#5456,#5457);
#5459=CYLINDRICAL_SURFACE('',#5458,0.55);
#5460=ADVANCED_FACE('n° 4380',(#5451,#5454),#5459,.F.);
#5461=CARTESIAN_POINT('',(7.62,16.05,2.0238547069));
#5462=VERTEX_POINT('',#5461);
#5463=CARTESIAN_POINT('',(7.62,16.51,2.0238547069));
#5464=DIRECTION('',(0.0,0.0,-1.0));
#5465=DIRECTION('',(0.0,-1.0,-0.0));
#5466=AXIS2_PLACEMENT_3D('',#5463,#5464,#5465);
#5467=CIRCLE('',#5466,0.46);
#5468=EDGE_CURVE('n° 4365',#5462,#5462,#5467,.T.);
#5469=ORIENTED_EDGE('',*,*,#5468,.T.);
#5470=EDGE_LOOP('',(#5469));
#5471=FACE_OUTER_BOUND('',#5470,.T.);
#5472=CARTESIAN_POINT('',(7.62,16.05,2.5238547069));
#5473=VERTEX_POINT('',#5472);
#5474=CARTESIAN_POINT('',(7.62,16.51,2.5238547069));
#5475=DIRECTION('',(0.0,0.0,-1.0));
#5476=DIRECTION('',(0.0,-1.0,-0.0));
#5477=AXIS2_PLACEMENT_3D('',#5474,#5475,#5476);
#5478=CIRCLE('',#5477,0.46);
#5479=EDGE_CURVE('n° 4361',#5473,#5473,#5478,.T.);
#5480=ORIENTED_EDGE('',*,*,#5479,.F.);
#5481=EDGE_LOOP('',(#5480));
#5482=FACE_BOUND('',#5481,.T.);
#5483=CARTESIAN_POINT('',(7.62,16.51,3.0));
#5484=DIRECTION('',(0.0,0.0,-1.0));
#5485=DIRECTION('',(0.0,-1.0,-0.0));
#5486=AXIS2_PLACEMENT_3D('',#5483,#5484,#5485);
#5487=CYLINDRICAL_SURFACE('',#5486,0.46);
#5488=ADVANCED_FACE('n° 4370',(#5471,#5482),#5487,.F.);
#5489=ORIENTED_EDGE('',*,*,#5479,.T.);
#5490=EDGE_LOOP('',(#5489));
#5491=FACE_OUTER_BOUND('',#5490,.T.);
#5492=ORIENTED_EDGE('',*,*,#5448,.F.);
#5493=EDGE_LOOP('',(#5492));
#5494=FACE_BOUND('',#5493,.T.);
#5495=CARTESIAN_POINT('',(7.62,16.51,3.0));
#5496=DIRECTION('',(0.0,-0.0,1.0));
#5497=DIRECTION('',(-0.0,1.0,0.0));
#5498=AXIS2_PLACEMENT_3D('',#5495,#5496,#5497);
#5499=CONICAL_SURFACE('',#5498,0.55,0.1868139283);
#5500=ADVANCED_FACE('n° 4375',(#5491,#5494),#5499,.F.);
#5501=CARTESIAN_POINT('',(7.62,16.272,0.5414586189));
#5502=VERTEX_POINT('',#5501);
#5503=CARTESIAN_POINT('',(7.62,16.51,0.5414586189));
#5504=DIRECTION('',(0.0,0.0,-1.0));
#5505=DIRECTION('',(0.0,-1.0,-0.0));
#5506=AXIS2_PLACEMENT_3D('',#5503,#5504,#5505);
#5507=CIRCLE('',#5506,0.238);
#5508=EDGE_CURVE('n° 4364',#5502,#5502,#5507,.T.);
#5509=ORIENTED_EDGE('',*,*,#5508,.F.);
#5510=EDGE_LOOP('',(#5509));
#5511=FACE_OUTER_BOUND('',#5510,.T.);
#5512=CARTESIAN_POINT('',(7.62,16.51,0.5414586189));
#5513=DIRECTION('',(0.0,0.0,-1.0));
#5514=DIRECTION('',(0.0,-1.0,-0.0));
#5515=AXIS2_PLACEMENT_3D('',#5512,#5513,#5514);
#5516=PLANE('',#5515);
#5517=ADVANCED_FACE('n° 4389',(#5511),#5516,.F.);
#5518=ORIENTED_EDGE('',*,*,#5508,.T.);
#5519=EDGE_LOOP('',(#5518));
#5520=FACE_OUTER_BOUND('',#5519,.T.);
#5521=ORIENTED_EDGE('',*,*,#5468,.F.);
#5522=EDGE_LOOP('',(#5521));
#5523=FACE_BOUND('',#5522,.T.);
#5524=CARTESIAN_POINT('',(7.62,16.51,2.0238547069));
#5525=DIRECTION('',(0.0,-0.0,1.0));
#5526=DIRECTION('',(-0.0,1.0,0.0));
#5527=AXIS2_PLACEMENT_3D('',#5524,#5525,#5526);
#5528=CONICAL_SURFACE('',#5527,0.46,0.1486528201);
#5529=ADVANCED_FACE('n° 4393',(#5520,#5523),#5528,.F.);
#5530=CARTESIAN_POINT('',(-7.62,-17.06,3.0));
#5531=VERTEX_POINT('',#5530);
#5532=CARTESIAN_POINT('',(-7.62,-16.51,3.0));
#5533=DIRECTION('',(0.0,0.0,-1.0));
#5534=DIRECTION('',(0.0,-1.0,-0.0));
#5535=AXIS2_PLACEMENT_3D('',#5532,#5533,#5534);
#5536=CIRCLE('',#5535,0.55);
#5537=EDGE_CURVE('n° 4420',#5531,#5531,#5536,.T.);
#5538=ORIENTED_EDGE('',*,*,#5537,.T.);
#5539=EDGE_LOOP('',(#5538));
#5540=FACE_OUTER_BOUND('',#5539,.T.);
#5541=ORIENTED_EDGE('',*,*,#2765,.F.);
#5542=EDGE_LOOP('',(#5541));
#5543=FACE_BOUND('',#5542,.T.);
#5544=CARTESIAN_POINT('',(-7.62,-16.51,3.0));
#5545=DIRECTION('',(0.0,0.0,-1.0));
#5546=DIRECTION('',(0.0,-1.0,-0.0));
#5547=AXIS2_PLACEMENT_3D('',#5544,#5545,#5546);
#5548=CYLINDRICAL_SURFACE('',#5547,0.55);
#5549=ADVANCED_FACE('n° 4438',(#5540,#5543),#5548,.F.);
#5550=CARTESIAN_POINT('',(-7.62,-16.97,2.0238547069));
#5551=VERTEX_POINT('',#5550);
#5552=CARTESIAN_POINT('',(-7.62,-16.51,2.0238547069));
#5553=DIRECTION('',(0.0,0.0,-1.0));
#5554=DIRECTION('',(0.0,-1.0,-0.0));
#5555=AXIS2_PLACEMENT_3D('',#5552,#5553,#5554);
#5556=CIRCLE('',#5555,0.46);
#5557=EDGE_CURVE('n° 4423',#5551,#5551,#5556,.T.);
#5558=ORIENTED_EDGE('',*,*,#5557,.T.);
#5559=EDGE_LOOP('',(#5558));
#5560=FACE_OUTER_BOUND('',#5559,.T.);
#5561=CARTESIAN_POINT('',(-7.62,-16.97,2.5238547069));
#5562=VERTEX_POINT('',#5561);
#5563=CARTESIAN_POINT('',(-7.62,-16.51,2.5238547069));
#5564=DIRECTION('',(0.0,0.0,-1.0));
#5565=DIRECTION('',(0.0,-1.0,-0.0));
#5566=AXIS2_PLACEMENT_3D('',#5563,#5564,#5565);
#5567=CIRCLE('',#5566,0.46);
#5568=EDGE_CURVE('n° 4419',#5562,#5562,#5567,.T.);
#5569=ORIENTED_EDGE('',*,*,#5568,.F.);
#5570=EDGE_LOOP('',(#5569));
#5571=FACE_BOUND('',#5570,.T.);
#5572=CARTESIAN_POINT('',(-7.62,-16.51,3.0));
#5573=DIRECTION('',(0.0,0.0,-1.0));
#5574=DIRECTION('',(0.0,-1.0,-0.0));
#5575=AXIS2_PLACEMENT_3D('',#5572,#5573,#5574);
#5576=CYLINDRICAL_SURFACE('',#5575,0.46);
#5577=ADVANCED_FACE('n° 4428',(#5560,#5571),#5576,.F.);
#5578=ORIENTED_EDGE('',*,*,#5568,.T.);
#5579=EDGE_LOOP('',(#5578));
#5580=FACE_OUTER_BOUND('',#5579,.T.);
#5581=ORIENTED_EDGE('',*,*,#5537,.F.);
#5582=EDGE_LOOP('',(#5581));
#5583=FACE_BOUND('',#5582,.T.);
#5584=CARTESIAN_POINT('',(-7.62,-16.51,3.0));
#5585=DIRECTION('',(0.0,-0.0,1.0));
#5586=DIRECTION('',(-0.0,1.0,0.0));
#5587=AXIS2_PLACEMENT_3D('',#5584,#5585,#5586);
#5588=CONICAL_SURFACE('',#5587,0.55,0.1868139283);
#5589=ADVANCED_FACE('n° 4433',(#5580,#5583),#5588,.F.);
#5590=CARTESIAN_POINT('',(-7.62,-16.748,0.5414586189));
#5591=VERTEX_POINT('',#5590);
#5592=CARTESIAN_POINT('',(-7.62,-16.51,0.5414586189));
#5593=DIRECTION('',(0.0,0.0,-1.0));
#5594=DIRECTION('',(0.0,-1.0,-0.0));
#5595=AXIS2_PLACEMENT_3D('',#5592,#5593,#5594);
#5596=CIRCLE('',#5595,0.238);
#5597=EDGE_CURVE('n° 4422',#5591,#5591,#5596,.T.);
#5598=ORIENTED_EDGE('',*,*,#5597,.F.);
#5599=EDGE_LOOP('',(#5598));
#5600=FACE_OUTER_BOUND('',#5599,.T.);
#5601=CARTESIAN_POINT('',(-7.62,-16.51,0.5414586189));
#5602=DIRECTION('',(0.0,0.0,-1.0));
#5603=DIRECTION('',(0.0,-1.0,-0.0));
#5604=AXIS2_PLACEMENT_3D('',#5601,#5602,#5603);
#5605=PLANE('',#5604);
#5606=ADVANCED_FACE('n° 4447',(#5600),#5605,.F.);
#5607=ORIENTED_EDGE('',*,*,#5597,.T.);
#5608=EDGE_LOOP('',(#5607));
#5609=FACE_OUTER_BOUND('',#5608,.T.);
#5610=ORIENTED_EDGE('',*,*,#5557,.F.);
#5611=EDGE_LOOP('',(#5610));
#5612=FACE_BOUND('',#5611,.T.);
#5613=CARTESIAN_POINT('',(-7.62,-16.51,2.0238547069));
#5614=DIRECTION('',(0.0,-0.0,1.0));
#5615=DIRECTION('',(-0.0,1.0,0.0));
#5616=AXIS2_PLACEMENT_3D('',#5613,#5614,#5615);
#5617=CONICAL_SURFACE('',#5616,0.46,0.1486528201);
#5618=ADVANCED_FACE('n° 4451',(#5609,#5612),#5617,.F.);
#5619=CARTESIAN_POINT('',(-7.62,-14.52,3.0));
#5620=VERTEX_POINT('',#5619);
#5621=CARTESIAN_POINT('',(-7.62,-13.97,3.0));
#5622=DIRECTION('',(0.0,0.0,-1.0));
#5623=DIRECTION('',(0.0,-1.0,-0.0));
#5624=AXIS2_PLACEMENT_3D('',#5621,#5622,#5623);
#5625=CIRCLE('',#5624,0.55);
#5626=EDGE_CURVE('n° 4478',#5620,#5620,#5625,.T.);
#5627=ORIENTED_EDGE('',*,*,#5626,.T.);
#5628=EDGE_LOOP('',(#5627));
#5629=FACE_OUTER_BOUND('',#5628,.T.);
#5630=ORIENTED_EDGE('',*,*,#2874,.F.);
#5631=EDGE_LOOP('',(#5630));
#5632=FACE_BOUND('',#5631,.T.);
#5633=CARTESIAN_POINT('',(-7.62,-13.97,3.0));
#5634=DIRECTION('',(0.0,0.0,-1.0));
#5635=DIRECTION('',(0.0,-1.0,-0.0));
#5636=AXIS2_PLACEMENT_3D('',#5633,#5634,#5635);
#5637=CYLINDRICAL_SURFACE('',#5636,0.55);
#5638=ADVANCED_FACE('n° 4496',(#5629,#5632),#5637,.F.);
#5639=CARTESIAN_POINT('',(-7.62,-14.43,2.0238547069));
#5640=VERTEX_POINT('',#5639);
#5641=CARTESIAN_POINT('',(-7.62,-13.97,2.0238547069));
#5642=DIRECTION('',(0.0,0.0,-1.0));
#5643=DIRECTION('',(0.0,-1.0,-0.0));
#5644=AXIS2_PLACEMENT_3D('',#5641,#5642,#5643);
#5645=CIRCLE('',#5644,0.46);
#5646=EDGE_CURVE('n° 4481',#5640,#5640,#5645,.T.);
#5647=ORIENTED_EDGE('',*,*,#5646,.T.);
#5648=EDGE_LOOP('',(#5647));
#5649=FACE_OUTER_BOUND('',#5648,.T.);
#5650=CARTESIAN_POINT('',(-7.62,-14.43,2.5238547069));
#5651=VERTEX_POINT('',#5650);
#5652=CARTESIAN_POINT('',(-7.62,-13.97,2.5238547069));
#5653=DIRECTION('',(0.0,0.0,-1.0));
#5654=DIRECTION('',(0.0,-1.0,-0.0));
#5655=AXIS2_PLACEMENT_3D('',#5652,#5653,#5654);
#5656=CIRCLE('',#5655,0.46);
#5657=EDGE_CURVE('n° 4477',#5651,#5651,#5656,.T.);
#5658=ORIENTED_EDGE('',*,*,#5657,.F.);
#5659=EDGE_LOOP('',(#5658));
#5660=FACE_BOUND('',#5659,.T.);
#5661=CARTESIAN_POINT('',(-7.62,-13.97,3.0));
#5662=DIRECTION('',(0.0,0.0,-1.0));
#5663=DIRECTION('',(0.0,-1.0,-0.0));
#5664=AXIS2_PLACEMENT_3D('',#5661,#5662,#5663);
#5665=CYLINDRICAL_SURFACE('',#5664,0.46);
#5666=ADVANCED_FACE('n° 4486',(#5649,#5660),#5665,.F.);
#5667=ORIENTED_EDGE('',*,*,#5657,.T.);
#5668=EDGE_LOOP('',(#5667));
#5669=FACE_OUTER_BOUND('',#5668,.T.);
#5670=ORIENTED_EDGE('',*,*,#5626,.F.);
#5671=EDGE_LOOP('',(#5670));
#5672=FACE_BOUND('',#5671,.T.);
#5673=CARTESIAN_POINT('',(-7.62,-13.97,3.0));
#5674=DIRECTION('',(0.0,-0.0,1.0));
#5675=DIRECTION('',(-0.0,1.0,0.0));
#5676=AXIS2_PLACEMENT_3D('',#5673,#5674,#5675);
#5677=CONICAL_SURFACE('',#5676,0.55,0.1868139283);
#5678=ADVANCED_FACE('n° 4491',(#5669,#5672),#5677,.F.);
#5679=CARTESIAN_POINT('',(-7.62,-14.208,0.5414586189));
#5680=VERTEX_POINT('',#5679);
#5681=CARTESIAN_POINT('',(-7.62,-13.97,0.5414586189));
#5682=DIRECTION('',(0.0,0.0,-1.0));
#5683=DIRECTION('',(0.0,-1.0,-0.0));
#5684=AXIS2_PLACEMENT_3D('',#5681,#5682,#5683);
#5685=CIRCLE('',#5684,0.238);
#5686=EDGE_CURVE('n° 4480',#5680,#5680,#5685,.T.);
#5687=ORIENTED_EDGE('',*,*,#5686,.F.);
#5688=EDGE_LOOP('',(#5687));
#5689=FACE_OUTER_BOUND('',#5688,.T.);
#5690=CARTESIAN_POINT('',(-7.62,-13.97,0.5414586189));
#5691=DIRECTION('',(0.0,0.0,-1.0));
#5692=DIRECTION('',(0.0,-1.0,-0.0));
#5693=AXIS2_PLACEMENT_3D('',#5690,#5691,#5692);
#5694=PLANE('',#5693);
#5695=ADVANCED_FACE('n° 4505',(#5689),#5694,.F.);
#5696=ORIENTED_EDGE('',*,*,#5686,.T.);
#5697=EDGE_LOOP('',(#5696));
#5698=FACE_OUTER_BOUND('',#5697,.T.);
#5699=ORIENTED_EDGE('',*,*,#5646,.F.);
#5700=EDGE_LOOP('',(#5699));
#5701=FACE_BOUND('',#5700,.T.);
#5702=CARTESIAN_POINT('',(-7.62,-13.97,2.0238547069));
#5703=DIRECTION('',(0.0,-0.0,1.0));
#5704=DIRECTION('',(-0.0,1.0,0.0));
#5705=AXIS2_PLACEMENT_3D('',#5702,#5703,#5704);
#5706=CONICAL_SURFACE('',#5705,0.46,0.1486528201);
#5707=ADVANCED_FACE('n° 4509',(#5698,#5701),#5706,.F.);
#5708=CARTESIAN_POINT('',(-7.62,-11.98,3.0));
#5709=VERTEX_POINT('',#5708);
#5710=CARTESIAN_POINT('',(-7.62,-11.43,3.0));
#5711=DIRECTION('',(0.0,0.0,-1.0));
#5712=DIRECTION('',(0.0,-1.0,-0.0));
#5713=AXIS2_PLACEMENT_3D('',#5710,#5711,#5712);
#5714=CIRCLE('',#5713,0.55);
#5715=EDGE_CURVE('n° 4536',#5709,#5709,#5714,.T.);
#5716=ORIENTED_EDGE('',*,*,#5715,.T.);
#5717=EDGE_LOOP('',(#5716));
#5718=FACE_OUTER_BOUND('',#5717,.T.);
#5719=ORIENTED_EDGE('',*,*,#2983,.F.);
#5720=EDGE_LOOP('',(#5719));
#5721=FACE_BOUND('',#5720,.T.);
#5722=CARTESIAN_POINT('',(-7.62,-11.43,3.0));
#5723=DIRECTION('',(0.0,0.0,-1.0));
#5724=DIRECTION('',(0.0,-1.0,-0.0));
#5725=AXIS2_PLACEMENT_3D('',#5722,#5723,#5724);
#5726=CYLINDRICAL_SURFACE('',#5725,0.55);
#5727=ADVANCED_FACE('n° 4554',(#5718,#5721),#5726,.F.);
#5728=CARTESIAN_POINT('',(-7.62,-11.89,2.0238547069));
#5729=VERTEX_POINT('',#5728);
#5730=CARTESIAN_POINT('',(-7.62,-11.43,2.0238547069));
#5731=DIRECTION('',(0.0,0.0,-1.0));
#5732=DIRECTION('',(0.0,-1.0,-0.0));
#5733=AXIS2_PLACEMENT_3D('',#5730,#5731,#5732);
#5734=CIRCLE('',#5733,0.46);
#5735=EDGE_CURVE('n° 4539',#5729,#5729,#5734,.T.);
#5736=ORIENTED_EDGE('',*,*,#5735,.T.);
#5737=EDGE_LOOP('',(#5736));
#5738=FACE_OUTER_BOUND('',#5737,.T.);
#5739=CARTESIAN_POINT('',(-7.62,-11.89,2.5238547069));
#5740=VERTEX_POINT('',#5739);
#5741=CARTESIAN_POINT('',(-7.62,-11.43,2.5238547069));
#5742=DIRECTION('',(0.0,0.0,-1.0));
#5743=DIRECTION('',(0.0,-1.0,-0.0));
#5744=AXIS2_PLACEMENT_3D('',#5741,#5742,#5743);
#5745=CIRCLE('',#5744,0.46);
#5746=EDGE_CURVE('n° 4535',#5740,#5740,#5745,.T.);
#5747=ORIENTED_EDGE('',*,*,#5746,.F.);
#5748=EDGE_LOOP('',(#5747));
#5749=FACE_BOUND('',#5748,.T.);
#5750=CARTESIAN_POINT('',(-7.62,-11.43,3.0));
#5751=DIRECTION('',(0.0,0.0,-1.0));
#5752=DIRECTION('',(0.0,-1.0,-0.0));
#5753=AXIS2_PLACEMENT_3D('',#5750,#5751,#5752);
#5754=CYLINDRICAL_SURFACE('',#5753,0.46);
#5755=ADVANCED_FACE('n° 4544',(#5738,#5749),#5754,.F.);
#5756=ORIENTED_EDGE('',*,*,#5746,.T.);
#5757=EDGE_LOOP('',(#5756));
#5758=FACE_OUTER_BOUND('',#5757,.T.);
#5759=ORIENTED_EDGE('',*,*,#5715,.F.);
#5760=EDGE_LOOP('',(#5759));
#5761=FACE_BOUND('',#5760,.T.);
#5762=CARTESIAN_POINT('',(-7.62,-11.43,3.0));
#5763=DIRECTION('',(0.0,-0.0,1.0));
#5764=DIRECTION('',(-0.0,1.0,0.0));
#5765=AXIS2_PLACEMENT_3D('',#5762,#5763,#5764);
#5766=CONICAL_SURFACE('',#5765,0.55,0.1868139283);
#5767=ADVANCED_FACE('n° 4549',(#5758,#5761),#5766,.F.);
#5768=CARTESIAN_POINT('',(-7.62,-11.668,0.5414586189));
#5769=VERTEX_POINT('',#5768);
#5770=CARTESIAN_POINT('',(-7.62,-11.43,0.5414586189));
#5771=DIRECTION('',(0.0,0.0,-1.0));
#5772=DIRECTION('',(0.0,-1.0,-0.0));
#5773=AXIS2_PLACEMENT_3D('',#5770,#5771,#5772);
#5774=CIRCLE('',#5773,0.238);
#5775=EDGE_CURVE('n° 4538',#5769,#5769,#5774,.T.);
#5776=ORIENTED_EDGE('',*,*,#5775,.F.);
#5777=EDGE_LOOP('',(#5776));
#5778=FACE_OUTER_BOUND('',#5777,.T.);
#5779=CARTESIAN_POINT('',(-7.62,-11.43,0.5414586189));
#5780=DIRECTION('',(0.0,0.0,-1.0));
#5781=DIRECTION('',(0.0,-1.0,-0.0));
#5782=AXIS2_PLACEMENT_3D('',#5779,#5780,#5781);
#5783=PLANE('',#5782);
#5784=ADVANCED_FACE('n° 4563',(#5778),#5783,.F.);
#5785=ORIENTED_EDGE('',*,*,#5775,.T.);
#5786=EDGE_LOOP('',(#5785));
#5787=FACE_OUTER_BOUND('',#5786,.T.);
#5788=ORIENTED_EDGE('',*,*,#5735,.F.);
#5789=EDGE_LOOP('',(#5788));
#5790=FACE_BOUND('',#5789,.T.);
#5791=CARTESIAN_POINT('',(-7.62,-11.43,2.0238547069));
#5792=DIRECTION('',(0.0,-0.0,1.0));
#5793=DIRECTION('',(-0.0,1.0,0.0));
#5794=AXIS2_PLACEMENT_3D('',#5791,#5792,#5793);
#5795=CONICAL_SURFACE('',#5794,0.46,0.1486528201);
#5796=ADVANCED_FACE('n° 4567',(#5787,#5790),#5795,.F.);
#5797=CARTESIAN_POINT('',(-7.62,-9.44,3.0));
#5798=VERTEX_POINT('',#5797);
#5799=CARTESIAN_POINT('',(-7.62,-8.89,3.0));
#5800=DIRECTION('',(0.0,0.0,-1.0));
#5801=DIRECTION('',(0.0,-1.0,-0.0));
#5802=AXIS2_PLACEMENT_3D('',#5799,#5800,#5801);
#5803=CIRCLE('',#5802,0.55);
#5804=EDGE_CURVE('n° 4594',#5798,#5798,#5803,.T.);
#5805=ORIENTED_EDGE('',*,*,#5804,.T.);
#5806=EDGE_LOOP('',(#5805));
#5807=FACE_OUTER_BOUND('',#5806,.T.);
#5808=ORIENTED_EDGE('',*,*,#3092,.F.);
#5809=EDGE_LOOP('',(#5808));
#5810=FACE_BOUND('',#5809,.T.);
#5811=CARTESIAN_POINT('',(-7.62,-8.89,3.0));
#5812=DIRECTION('',(0.0,0.0,-1.0));
#5813=DIRECTION('',(0.0,-1.0,-0.0));
#5814=AXIS2_PLACEMENT_3D('',#5811,#5812,#5813);
#5815=CYLINDRICAL_SURFACE('',#5814,0.55);
#5816=ADVANCED_FACE('n° 4612',(#5807,#5810),#5815,.F.);
#5817=CARTESIAN_POINT('',(-7.62,-9.35,2.0238547069));
#5818=VERTEX_POINT('',#5817);
#5819=CARTESIAN_POINT('',(-7.62,-8.89,2.0238547069));
#5820=DIRECTION('',(0.0,0.0,-1.0));
#5821=DIRECTION('',(0.0,-1.0,-0.0));
#5822=AXIS2_PLACEMENT_3D('',#5819,#5820,#5821);
#5823=CIRCLE('',#5822,0.46);
#5824=EDGE_CURVE('n° 4597',#5818,#5818,#5823,.T.);
#5825=ORIENTED_EDGE('',*,*,#5824,.T.);
#5826=EDGE_LOOP('',(#5825));
#5827=FACE_OUTER_BOUND('',#5826,.T.);
#5828=CARTESIAN_POINT('',(-7.62,-9.35,2.5238547069));
#5829=VERTEX_POINT('',#5828);
#5830=CARTESIAN_POINT('',(-7.62,-8.89,2.5238547069));
#5831=DIRECTION('',(0.0,0.0,-1.0));
#5832=DIRECTION('',(0.0,-1.0,-0.0));
#5833=AXIS2_PLACEMENT_3D('',#5830,#5831,#5832);
#5834=CIRCLE('',#5833,0.46);
#5835=EDGE_CURVE('n° 4593',#5829,#5829,#5834,.T.);
#5836=ORIENTED_EDGE('',*,*,#5835,.F.);
#5837=EDGE_LOOP('',(#5836));
#5838=FACE_BOUND('',#5837,.T.);
#5839=CARTESIAN_POINT('',(-7.62,-8.89,3.0));
#5840=DIRECTION('',(0.0,0.0,-1.0));
#5841=DIRECTION('',(0.0,-1.0,-0.0));
#5842=AXIS2_PLACEMENT_3D('',#5839,#5840,#5841);
#5843=CYLINDRICAL_SURFACE('',#5842,0.46);
#5844=ADVANCED_FACE('n° 4602',(#5827,#5838),#5843,.F.);
#5845=ORIENTED_EDGE('',*,*,#5835,.T.);
#5846=EDGE_LOOP('',(#5845));
#5847=FACE_OUTER_BOUND('',#5846,.T.);
#5848=ORIENTED_EDGE('',*,*,#5804,.F.);
#5849=EDGE_LOOP('',(#5848));
#5850=FACE_BOUND('',#5849,.T.);
#5851=CARTESIAN_POINT('',(-7.62,-8.89,3.0));
#5852=DIRECTION('',(0.0,-0.0,1.0));
#5853=DIRECTION('',(-0.0,1.0,0.0));
#5854=AXIS2_PLACEMENT_3D('',#5851,#5852,#5853);
#5855=CONICAL_SURFACE('',#5854,0.55,0.1868139283);
#5856=ADVANCED_FACE('n° 4607',(#5847,#5850),#5855,.F.);
#5857=CARTESIAN_POINT('',(-7.62,-9.128,0.5414586189));
#5858=VERTEX_POINT('',#5857);
#5859=CARTESIAN_POINT('',(-7.62,-8.89,0.5414586189));
#5860=DIRECTION('',(0.0,0.0,-1.0));
#5861=DIRECTION('',(0.0,-1.0,-0.0));
#5862=AXIS2_PLACEMENT_3D('',#5859,#5860,#5861);
#5863=CIRCLE('',#5862,0.238);
#5864=EDGE_CURVE('n° 4596',#5858,#5858,#5863,.T.);
#5865=ORIENTED_EDGE('',*,*,#5864,.F.);
#5866=EDGE_LOOP('',(#5865));
#5867=FACE_OUTER_BOUND('',#5866,.T.);
#5868=CARTESIAN_POINT('',(-7.62,-8.89,0.5414586189));
#5869=DIRECTION('',(0.0,0.0,-1.0));
#5870=DIRECTION('',(0.0,-1.0,-0.0));
#5871=AXIS2_PLACEMENT_3D('',#5868,#5869,#5870);
#5872=PLANE('',#5871);
#5873=ADVANCED_FACE('n° 4621',(#5867),#5872,.F.);
#5874=ORIENTED_EDGE('',*,*,#5864,.T.);
#5875=EDGE_LOOP('',(#5874));
#5876=FACE_OUTER_BOUND('',#5875,.T.);
#5877=ORIENTED_EDGE('',*,*,#5824,.F.);
#5878=EDGE_LOOP('',(#5877));
#5879=FACE_BOUND('',#5878,.T.);
#5880=CARTESIAN_POINT('',(-7.62,-8.89,2.0238547069));
#5881=DIRECTION('',(0.0,-0.0,1.0));
#5882=DIRECTION('',(-0.0,1.0,0.0));
#5883=AXIS2_PLACEMENT_3D('',#5880,#5881,#5882);
#5884=CONICAL_SURFACE('',#5883,0.46,0.1486528201);
#5885=ADVANCED_FACE('n° 4625',(#5876,#5879),#5884,.F.);
#5886=CARTESIAN_POINT('',(-7.62,-6.9,3.0));
#5887=VERTEX_POINT('',#5886);
#5888=CARTESIAN_POINT('',(-7.62,-6.35,3.0));
#5889=DIRECTION('',(0.0,0.0,-1.0));
#5890=DIRECTION('',(0.0,-1.0,-0.0));
#5891=AXIS2_PLACEMENT_3D('',#5888,#5889,#5890);
#5892=CIRCLE('',#5891,0.55);
#5893=EDGE_CURVE('n° 4652',#5887,#5887,#5892,.T.);
#5894=ORIENTED_EDGE('',*,*,#5893,.T.);
#5895=EDGE_LOOP('',(#5894));
#5896=FACE_OUTER_BOUND('',#5895,.T.);
#5897=ORIENTED_EDGE('',*,*,#3201,.F.);
#5898=EDGE_LOOP('',(#5897));
#5899=FACE_BOUND('',#5898,.T.);
#5900=CARTESIAN_POINT('',(-7.62,-6.35,3.0));
#5901=DIRECTION('',(0.0,0.0,-1.0));
#5902=DIRECTION('',(0.0,-1.0,-0.0));
#5903=AXIS2_PLACEMENT_3D('',#5900,#5901,#5902);
#5904=CYLINDRICAL_SURFACE('',#5903,0.55);
#5905=ADVANCED_FACE('n° 4670',(#5896,#5899),#5904,.F.);
#5906=CARTESIAN_POINT('',(-7.62,-6.81,2.0238547069));
#5907=VERTEX_POINT('',#5906);
#5908=CARTESIAN_POINT('',(-7.62,-6.35,2.0238547069));
#5909=DIRECTION('',(0.0,0.0,-1.0));
#5910=DIRECTION('',(0.0,-1.0,-0.0));
#5911=AXIS2_PLACEMENT_3D('',#5908,#5909,#5910);
#5912=CIRCLE('',#5911,0.46);
#5913=EDGE_CURVE('n° 4655',#5907,#5907,#5912,.T.);
#5914=ORIENTED_EDGE('',*,*,#5913,.T.);
#5915=EDGE_LOOP('',(#5914));
#5916=FACE_OUTER_BOUND('',#5915,.T.);
#5917=CARTESIAN_POINT('',(-7.62,-6.81,2.5238547069));
#5918=VERTEX_POINT('',#5917);
#5919=CARTESIAN_POINT('',(-7.62,-6.35,2.5238547069));
#5920=DIRECTION('',(0.0,0.0,-1.0));
#5921=DIRECTION('',(0.0,-1.0,-0.0));
#5922=AXIS2_PLACEMENT_3D('',#5919,#5920,#5921);
#5923=CIRCLE('',#5922,0.46);
#5924=EDGE_CURVE('n° 4651',#5918,#5918,#5923,.T.);
#5925=ORIENTED_EDGE('',*,*,#5924,.F.);
#5926=EDGE_LOOP('',(#5925));
#5927=FACE_BOUND('',#5926,.T.);
#5928=CARTESIAN_POINT('',(-7.62,-6.35,3.0));
#5929=DIRECTION('',(0.0,0.0,-1.0));
#5930=DIRECTION('',(0.0,-1.0,-0.0));
#5931=AXIS2_PLACEMENT_3D('',#5928,#5929,#5930);
#5932=CYLINDRICAL_SURFACE('',#5931,0.46);
#5933=ADVANCED_FACE('n° 4660',(#5916,#5927),#5932,.F.);
#5934=ORIENTED_EDGE('',*,*,#5924,.T.);
#5935=EDGE_LOOP('',(#5934));
#5936=FACE_OUTER_BOUND('',#5935,.T.);
#5937=ORIENTED_EDGE('',*,*,#5893,.F.);
#5938=EDGE_LOOP('',(#5937));
#5939=FACE_BOUND('',#5938,.T.);
#5940=CARTESIAN_POINT('',(-7.62,-6.35,3.0));
#5941=DIRECTION('',(0.0,-0.0,1.0));
#5942=DIRECTION('',(-0.0,1.0,0.0));
#5943=AXIS2_PLACEMENT_3D('',#5940,#5941,#5942);
#5944=CONICAL_SURFACE('',#5943,0.55,0.1868139283);
#5945=ADVANCED_FACE('n° 4665',(#5936,#5939),#5944,.F.);
#5946=CARTESIAN_POINT('',(-7.62,-6.588,0.5414586189));
#5947=VERTEX_POINT('',#5946);
#5948=CARTESIAN_POINT('',(-7.62,-6.35,0.5414586189));
#5949=DIRECTION('',(0.0,0.0,-1.0));
#5950=DIRECTION('',(0.0,-1.0,-0.0));
#5951=AXIS2_PLACEMENT_3D('',#5948,#5949,#5950);
#5952=CIRCLE('',#5951,0.238);
#5953=EDGE_CURVE('n° 4654',#5947,#5947,#5952,.T.);
#5954=ORIENTED_EDGE('',*,*,#5953,.F.);
#5955=EDGE_LOOP('',(#5954));
#5956=FACE_OUTER_BOUND('',#5955,.T.);
#5957=CARTESIAN_POINT('',(-7.62,-6.35,0.5414586189));
#5958=DIRECTION('',(0.0,0.0,-1.0));
#5959=DIRECTION('',(0.0,-1.0,-0.0));
#5960=AXIS2_PLACEMENT_3D('',#5957,#5958,#5959);
#5961=PLANE('',#5960);
#5962=ADVANCED_FACE('n° 4679',(#5956),#5961,.F.);
#5963=ORIENTED_EDGE('',*,*,#5953,.T.);
#5964=EDGE_LOOP('',(#5963));
#5965=FACE_OUTER_BOUND('',#5964,.T.);
#5966=ORIENTED_EDGE('',*,*,#5913,.F.);
#5967=EDGE_LOOP('',(#5966));
#5968=FACE_BOUND('',#5967,.T.);
#5969=CARTESIAN_POINT('',(-7.62,-6.35,2.0238547069));
#5970=DIRECTION('',(0.0,-0.0,1.0));
#5971=DIRECTION('',(-0.0,1.0,0.0));
#5972=AXIS2_PLACEMENT_3D('',#5969,#5970,#5971);
#5973=CONICAL_SURFACE('',#5972,0.46,0.1486528201);
#5974=ADVANCED_FACE('n° 4683',(#5965,#5968),#5973,.F.);
#5975=CARTESIAN_POINT('',(-7.62,-4.36,3.0));
#5976=VERTEX_POINT('',#5975);
#5977=CARTESIAN_POINT('',(-7.62,-3.81,3.0));
#5978=DIRECTION('',(0.0,0.0,-1.0));
#5979=DIRECTION('',(0.0,-1.0,-0.0));
#5980=AXIS2_PLACEMENT_3D('',#5977,#5978,#5979);
#5981=CIRCLE('',#5980,0.55);
#5982=EDGE_CURVE('n° 4710',#5976,#5976,#5981,.T.);
#5983=ORIENTED_EDGE('',*,*,#5982,.T.);
#5984=EDGE_LOOP('',(#5983));
#5985=FACE_OUTER_BOUND('',#5984,.T.);
#5986=ORIENTED_EDGE('',*,*,#3310,.F.);
#5987=EDGE_LOOP('',(#5986));
#5988=FACE_BOUND('',#5987,.T.);
#5989=CARTESIAN_POINT('',(-7.62,-3.81,3.0));
#5990=DIRECTION('',(0.0,0.0,-1.0));
#5991=DIRECTION('',(0.0,-1.0,-0.0));
#5992=AXIS2_PLACEMENT_3D('',#5989,#5990,#5991);
#5993=CYLINDRICAL_SURFACE('',#5992,0.55);
#5994=ADVANCED_FACE('n° 4728',(#5985,#5988),#5993,.F.);
#5995=CARTESIAN_POINT('',(-7.62,-4.27,2.0238547069));
#5996=VERTEX_POINT('',#5995);
#5997=CARTESIAN_POINT('',(-7.62,-3.81,2.0238547069));
#5998=DIRECTION('',(0.0,0.0,-1.0));
#5999=DIRECTION('',(0.0,-1.0,-0.0));
#6000=AXIS2_PLACEMENT_3D('',#5997,#5998,#5999);
#6001=CIRCLE('',#6000,0.46);
#6002=EDGE_CURVE('n° 4713',#5996,#5996,#6001,.T.);
#6003=ORIENTED_EDGE('',*,*,#6002,.T.);
#6004=EDGE_LOOP('',(#6003));
#6005=FACE_OUTER_BOUND('',#6004,.T.);
#6006=CARTESIAN_POINT('',(-7.62,-4.27,2.5238547069));
#6007=VERTEX_POINT('',#6006);
#6008=CARTESIAN_POINT('',(-7.62,-3.81,2.5238547069));
#6009=DIRECTION('',(0.0,0.0,-1.0));
#6010=DIRECTION('',(0.0,-1.0,-0.0));
#6011=AXIS2_PLACEMENT_3D('',#6008,#6009,#6010);
#6012=CIRCLE('',#6011,0.46);
#6013=EDGE_CURVE('n° 4709',#6007,#6007,#6012,.T.);
#6014=ORIENTED_EDGE('',*,*,#6013,.F.);
#6015=EDGE_LOOP('',(#6014));
#6016=FACE_BOUND('',#6015,.T.);
#6017=CARTESIAN_POINT('',(-7.62,-3.81,3.0));
#6018=DIRECTION('',(0.0,0.0,-1.0));
#6019=DIRECTION('',(0.0,-1.0,-0.0));
#6020=AXIS2_PLACEMENT_3D('',#6017,#6018,#6019);
#6021=CYLINDRICAL_SURFACE('',#6020,0.46);
#6022=ADVANCED_FACE('n° 4718',(#6005,#6016),#6021,.F.);
#6023=ORIENTED_EDGE('',*,*,#6013,.T.);
#6024=EDGE_LOOP('',(#6023));
#6025=FACE_OUTER_BOUND('',#6024,.T.);
#6026=ORIENTED_EDGE('',*,*,#5982,.F.);
#6027=EDGE_LOOP('',(#6026));
#6028=FACE_BOUND('',#6027,.T.);
#6029=CARTESIAN_POINT('',(-7.62,-3.81,3.0));
#6030=DIRECTION('',(0.0,-0.0,1.0));
#6031=DIRECTION('',(-0.0,1.0,0.0));
#6032=AXIS2_PLACEMENT_3D('',#6029,#6030,#6031);
#6033=CONICAL_SURFACE('',#6032,0.55,0.1868139283);
#6034=ADVANCED_FACE('n° 4723',(#6025,#6028),#6033,.F.);
#6035=CARTESIAN_POINT('',(-7.62,-4.048,0.5414586189));
#6036=VERTEX_POINT('',#6035);
#6037=CARTESIAN_POINT('',(-7.62,-3.81,0.5414586189));
#6038=DIRECTION('',(0.0,0.0,-1.0));
#6039=DIRECTION('',(0.0,-1.0,-0.0));
#6040=AXIS2_PLACEMENT_3D('',#6037,#6038,#6039);
#6041=CIRCLE('',#6040,0.238);
#6042=EDGE_CURVE('n° 4712',#6036,#6036,#6041,.T.);
#6043=ORIENTED_EDGE('',*,*,#6042,.F.);
#6044=EDGE_LOOP('',(#6043));
#6045=FACE_OUTER_BOUND('',#6044,.T.);
#6046=CARTESIAN_POINT('',(-7.62,-3.81,0.5414586189));
#6047=DIRECTION('',(0.0,0.0,-1.0));
#6048=DIRECTION('',(0.0,-1.0,-0.0));
#6049=AXIS2_PLACEMENT_3D('',#6046,#6047,#6048);
#6050=PLANE('',#6049);
#6051=ADVANCED_FACE('n° 4737',(#6045),#6050,.F.);
#6052=ORIENTED_EDGE('',*,*,#6042,.T.);
#6053=EDGE_LOOP('',(#6052));
#6054=FACE_OUTER_BOUND('',#6053,.T.);
#6055=ORIENTED_EDGE('',*,*,#6002,.F.);
#6056=EDGE_LOOP('',(#6055));
#6057=FACE_BOUND('',#6056,.T.);
#6058=CARTESIAN_POINT('',(-7.62,-3.81,2.0238547069));
#6059=DIRECTION('',(0.0,-0.0,1.0));
#6060=DIRECTION('',(-0.0,1.0,0.0));
#6061=AXIS2_PLACEMENT_3D('',#6058,#6059,#6060);
#6062=CONICAL_SURFACE('',#6061,0.46,0.1486528201);
#6063=ADVANCED_FACE('n° 4741',(#6054,#6057),#6062,.F.);
#6064=CARTESIAN_POINT('',(-7.62,-1.82,3.0));
#6065=VERTEX_POINT('',#6064);
#6066=CARTESIAN_POINT('',(-7.62,-1.27,3.0));
#6067=DIRECTION('',(0.0,0.0,-1.0));
#6068=DIRECTION('',(0.0,-1.0,-0.0));
#6069=AXIS2_PLACEMENT_3D('',#6066,#6067,#6068);
#6070=CIRCLE('',#6069,0.55);
#6071=EDGE_CURVE('n° 4768',#6065,#6065,#6070,.T.);
#6072=ORIENTED_EDGE('',*,*,#6071,.T.);
#6073=EDGE_LOOP('',(#6072));
#6074=FACE_OUTER_BOUND('',#6073,.T.);
#6075=ORIENTED_EDGE('',*,*,#3419,.F.);
#6076=EDGE_LOOP('',(#6075));
#6077=FACE_BOUND('',#6076,.T.);
#6078=CARTESIAN_POINT('',(-7.62,-1.27,3.0));
#6079=DIRECTION('',(0.0,0.0,-1.0));
#6080=DIRECTION('',(0.0,-1.0,-0.0));
#6081=AXIS2_PLACEMENT_3D('',#6078,#6079,#6080);
#6082=CYLINDRICAL_SURFACE('',#6081,0.55);
#6083=ADVANCED_FACE('n° 4786',(#6074,#6077),#6082,.F.);
#6084=CARTESIAN_POINT('',(-7.62,-1.73,2.0238547069));
#6085=VERTEX_POINT('',#6084);
#6086=CARTESIAN_POINT('',(-7.62,-1.27,2.0238547069));
#6087=DIRECTION('',(0.0,0.0,-1.0));
#6088=DIRECTION('',(0.0,-1.0,-0.0));
#6089=AXIS2_PLACEMENT_3D('',#6086,#6087,#6088);
#6090=CIRCLE('',#6089,0.46);
#6091=EDGE_CURVE('n° 4771',#6085,#6085,#6090,.T.);
#6092=ORIENTED_EDGE('',*,*,#6091,.T.);
#6093=EDGE_LOOP('',(#6092));
#6094=FACE_OUTER_BOUND('',#6093,.T.);
#6095=CARTESIAN_POINT('',(-7.62,-1.73,2.5238547069));
#6096=VERTEX_POINT('',#6095);
#6097=CARTESIAN_POINT('',(-7.62,-1.27,2.5238547069));
#6098=DIRECTION('',(0.0,0.0,-1.0));
#6099=DIRECTION('',(0.0,-1.0,-0.0));
#6100=AXIS2_PLACEMENT_3D('',#6097,#6098,#6099);
#6101=CIRCLE('',#6100,0.46);
#6102=EDGE_CURVE('n° 4767',#6096,#6096,#6101,.T.);
#6103=ORIENTED_EDGE('',*,*,#6102,.F.);
#6104=EDGE_LOOP('',(#6103));
#6105=FACE_BOUND('',#6104,.T.);
#6106=CARTESIAN_POINT('',(-7.62,-1.27,3.0));
#6107=DIRECTION('',(0.0,0.0,-1.0));
#6108=DIRECTION('',(0.0,-1.0,-0.0));
#6109=AXIS2_PLACEMENT_3D('',#6106,#6107,#6108);
#6110=CYLINDRICAL_SURFACE('',#6109,0.46);
#6111=ADVANCED_FACE('n° 4776',(#6094,#6105),#6110,.F.);
#6112=ORIENTED_EDGE('',*,*,#6102,.T.);
#6113=EDGE_LOOP('',(#6112));
#6114=FACE_OUTER_BOUND('',#6113,.T.);
#6115=ORIENTED_EDGE('',*,*,#6071,.F.);
#6116=EDGE_LOOP('',(#6115));
#6117=FACE_BOUND('',#6116,.T.);
#6118=CARTESIAN_POINT('',(-7.62,-1.27,3.0));
#6119=DIRECTION('',(0.0,-0.0,1.0));
#6120=DIRECTION('',(-0.0,1.0,0.0));
#6121=AXIS2_PLACEMENT_3D('',#6118,#6119,#6120);
#6122=CONICAL_SURFACE('',#6121,0.55,0.1868139283);
#6123=ADVANCED_FACE('n° 4781',(#6114,#6117),#6122,.F.);
#6124=CARTESIAN_POINT('',(-7.62,-1.508,0.5414586189));
#6125=VERTEX_POINT('',#6124);
#6126=CARTESIAN_POINT('',(-7.62,-1.27,0.5414586189));
#6127=DIRECTION('',(0.0,0.0,-1.0));
#6128=DIRECTION('',(0.0,-1.0,-0.0));
#6129=AXIS2_PLACEMENT_3D('',#6126,#6127,#6128);
#6130=CIRCLE('',#6129,0.238);
#6131=EDGE_CURVE('n° 4770',#6125,#6125,#6130,.T.);
#6132=ORIENTED_EDGE('',*,*,#6131,.F.);
#6133=EDGE_LOOP('',(#6132));
#6134=FACE_OUTER_BOUND('',#6133,.T.);
#6135=CARTESIAN_POINT('',(-7.62,-1.27,0.5414586189));
#6136=DIRECTION('',(0.0,0.0,-1.0));
#6137=DIRECTION('',(0.0,-1.0,-0.0));
#6138=AXIS2_PLACEMENT_3D('',#6135,#6136,#6137);
#6139=PLANE('',#6138);
#6140=ADVANCED_FACE('n° 4795',(#6134),#6139,.F.);
#6141=ORIENTED_EDGE('',*,*,#6131,.T.);
#6142=EDGE_LOOP('',(#6141));
#6143=FACE_OUTER_BOUND('',#6142,.T.);
#6144=ORIENTED_EDGE('',*,*,#6091,.F.);
#6145=EDGE_LOOP('',(#6144));
#6146=FACE_BOUND('',#6145,.T.);
#6147=CARTESIAN_POINT('',(-7.62,-1.27,2.0238547069));
#6148=DIRECTION('',(0.0,-0.0,1.0));
#6149=DIRECTION('',(-0.0,1.0,0.0));
#6150=AXIS2_PLACEMENT_3D('',#6147,#6148,#6149);
#6151=CONICAL_SURFACE('',#6150,0.46,0.1486528201);
#6152=ADVANCED_FACE('n° 4799',(#6143,#6146),#6151,.F.);
#6153=CARTESIAN_POINT('',(-7.62,0.72,3.0));
#6154=VERTEX_POINT('',#6153);
#6155=CARTESIAN_POINT('',(-7.62,1.27,3.0));
#6156=DIRECTION('',(0.0,0.0,-1.0));
#6157=DIRECTION('',(0.0,-1.0,-0.0));
#6158=AXIS2_PLACEMENT_3D('',#6155,#6156,#6157);
#6159=CIRCLE('',#6158,0.55);
#6160=EDGE_CURVE('n° 4826',#6154,#6154,#6159,.T.);
#6161=ORIENTED_EDGE('',*,*,#6160,.T.);
#6162=EDGE_LOOP('',(#6161));
#6163=FACE_OUTER_BOUND('',#6162,.T.);
#6164=ORIENTED_EDGE('',*,*,#3528,.F.);
#6165=EDGE_LOOP('',(#6164));
#6166=FACE_BOUND('',#6165,.T.);
#6167=CARTESIAN_POINT('',(-7.62,1.27,3.0));
#6168=DIRECTION('',(0.0,0.0,-1.0));
#6169=DIRECTION('',(0.0,-1.0,-0.0));
#6170=AXIS2_PLACEMENT_3D('',#6167,#6168,#6169);
#6171=CYLINDRICAL_SURFACE('',#6170,0.55);
#6172=ADVANCED_FACE('n° 4844',(#6163,#6166),#6171,.F.);
#6173=CARTESIAN_POINT('',(-7.62,0.81,2.0238547069));
#6174=VERTEX_POINT('',#6173);
#6175=CARTESIAN_POINT('',(-7.62,1.27,2.0238547069));
#6176=DIRECTION('',(0.0,0.0,-1.0));
#6177=DIRECTION('',(0.0,-1.0,-0.0));
#6178=AXIS2_PLACEMENT_3D('',#6175,#6176,#6177);
#6179=CIRCLE('',#6178,0.46);
#6180=EDGE_CURVE('n° 4829',#6174,#6174,#6179,.T.);
#6181=ORIENTED_EDGE('',*,*,#6180,.T.);
#6182=EDGE_LOOP('',(#6181));
#6183=FACE_OUTER_BOUND('',#6182,.T.);
#6184=CARTESIAN_POINT('',(-7.62,0.81,2.5238547069));
#6185=VERTEX_POINT('',#6184);
#6186=CARTESIAN_POINT('',(-7.62,1.27,2.5238547069));
#6187=DIRECTION('',(0.0,0.0,-1.0));
#6188=DIRECTION('',(0.0,-1.0,-0.0));
#6189=AXIS2_PLACEMENT_3D('',#6186,#6187,#6188);
#6190=CIRCLE('',#6189,0.46);
#6191=EDGE_CURVE('n° 4825',#6185,#6185,#6190,.T.);
#6192=ORIENTED_EDGE('',*,*,#6191,.F.);
#6193=EDGE_LOOP('',(#6192));
#6194=FACE_BOUND('',#6193,.T.);
#6195=CARTESIAN_POINT('',(-7.62,1.27,3.0));
#6196=DIRECTION('',(0.0,0.0,-1.0));
#6197=DIRECTION('',(0.0,-1.0,-0.0));
#6198=AXIS2_PLACEMENT_3D('',#6195,#6196,#6197);
#6199=CYLINDRICAL_SURFACE('',#6198,0.46);
#6200=ADVANCED_FACE('n° 4834',(#6183,#6194),#6199,.F.);
#6201=ORIENTED_EDGE('',*,*,#6191,.T.);
#6202=EDGE_LOOP('',(#6201));
#6203=FACE_OUTER_BOUND('',#6202,.T.);
#6204=ORIENTED_EDGE('',*,*,#6160,.F.);
#6205=EDGE_LOOP('',(#6204));
#6206=FACE_BOUND('',#6205,.T.);
#6207=CARTESIAN_POINT('',(-7.62,1.27,3.0));
#6208=DIRECTION('',(0.0,-0.0,1.0));
#6209=DIRECTION('',(-0.0,1.0,0.0));
#6210=AXIS2_PLACEMENT_3D('',#6207,#6208,#6209);
#6211=CONICAL_SURFACE('',#6210,0.55,0.1868139283);
#6212=ADVANCED_FACE('n° 4839',(#6203,#6206),#6211,.F.);
#6213=CARTESIAN_POINT('',(-7.62,1.032,0.5414586189));
#6214=VERTEX_POINT('',#6213);
#6215=CARTESIAN_POINT('',(-7.62,1.27,0.5414586189));
#6216=DIRECTION('',(0.0,0.0,-1.0));
#6217=DIRECTION('',(0.0,-1.0,-0.0));
#6218=AXIS2_PLACEMENT_3D('',#6215,#6216,#6217);
#6219=CIRCLE('',#6218,0.238);
#6220=EDGE_CURVE('n° 4828',#6214,#6214,#6219,.T.);
#6221=ORIENTED_EDGE('',*,*,#6220,.F.);
#6222=EDGE_LOOP('',(#6221));
#6223=FACE_OUTER_BOUND('',#6222,.T.);
#6224=CARTESIAN_POINT('',(-7.62,1.27,0.5414586189));
#6225=DIRECTION('',(0.0,0.0,-1.0));
#6226=DIRECTION('',(0.0,-1.0,-0.0));
#6227=AXIS2_PLACEMENT_3D('',#6224,#6225,#6226);
#6228=PLANE('',#6227);
#6229=ADVANCED_FACE('n° 4853',(#6223),#6228,.F.);
#6230=ORIENTED_EDGE('',*,*,#6220,.T.);
#6231=EDGE_LOOP('',(#6230));
#6232=FACE_OUTER_BOUND('',#6231,.T.);
#6233=ORIENTED_EDGE('',*,*,#6180,.F.);
#6234=EDGE_LOOP('',(#6233));
#6235=FACE_BOUND('',#6234,.T.);
#6236=CARTESIAN_POINT('',(-7.62,1.27,2.0238547069));
#6237=DIRECTION('',(0.0,-0.0,1.0));
#6238=DIRECTION('',(-0.0,1.0,0.0));
#6239=AXIS2_PLACEMENT_3D('',#6236,#6237,#6238);
#6240=CONICAL_SURFACE('',#6239,0.46,0.1486528201);
#6241=ADVANCED_FACE('n° 4857',(#6232,#6235),#6240,.F.);
#6242=CARTESIAN_POINT('',(-7.62,3.26,3.0));
#6243=VERTEX_POINT('',#6242);
#6244=CARTESIAN_POINT('',(-7.62,3.81,3.0));
#6245=DIRECTION('',(0.0,0.0,-1.0));
#6246=DIRECTION('',(0.0,-1.0,-0.0));
#6247=AXIS2_PLACEMENT_3D('',#6244,#6245,#6246);
#6248=CIRCLE('',#6247,0.55);
#6249=EDGE_CURVE('n° 4884',#6243,#6243,#6248,.T.);
#6250=ORIENTED_EDGE('',*,*,#6249,.T.);
#6251=EDGE_LOOP('',(#6250));
#6252=FACE_OUTER_BOUND('',#6251,.T.);
#6253=ORIENTED_EDGE('',*,*,#3637,.F.);
#6254=EDGE_LOOP('',(#6253));
#6255=FACE_BOUND('',#6254,.T.);
#6256=CARTESIAN_POINT('',(-7.62,3.81,3.0));
#6257=DIRECTION('',(0.0,0.0,-1.0));
#6258=DIRECTION('',(0.0,-1.0,-0.0));
#6259=AXIS2_PLACEMENT_3D('',#6256,#6257,#6258);
#6260=CYLINDRICAL_SURFACE('',#6259,0.55);
#6261=ADVANCED_FACE('n° 4902',(#6252,#6255),#6260,.F.);
#6262=CARTESIAN_POINT('',(-7.62,3.35,2.0238547069));
#6263=VERTEX_POINT('',#6262);
#6264=CARTESIAN_POINT('',(-7.62,3.81,2.0238547069));
#6265=DIRECTION('',(0.0,0.0,-1.0));
#6266=DIRECTION('',(0.0,-1.0,-0.0));
#6267=AXIS2_PLACEMENT_3D('',#6264,#6265,#6266);
#6268=CIRCLE('',#6267,0.46);
#6269=EDGE_CURVE('n° 4887',#6263,#6263,#6268,.T.);
#6270=ORIENTED_EDGE('',*,*,#6269,.T.);
#6271=EDGE_LOOP('',(#6270));
#6272=FACE_OUTER_BOUND('',#6271,.T.);
#6273=CARTESIAN_POINT('',(-7.62,3.35,2.5238547069));
#6274=VERTEX_POINT('',#6273);
#6275=CARTESIAN_POINT('',(-7.62,3.81,2.5238547069));
#6276=DIRECTION('',(0.0,0.0,-1.0));
#6277=DIRECTION('',(0.0,-1.0,-0.0));
#6278=AXIS2_PLACEMENT_3D('',#6275,#6276,#6277);
#6279=CIRCLE('',#6278,0.46);
#6280=EDGE_CURVE('n° 4883',#6274,#6274,#6279,.T.);
#6281=ORIENTED_EDGE('',*,*,#6280,.F.);
#6282=EDGE_LOOP('',(#6281));
#6283=FACE_BOUND('',#6282,.T.);
#6284=CARTESIAN_POINT('',(-7.62,3.81,3.0));
#6285=DIRECTION('',(0.0,0.0,-1.0));
#6286=DIRECTION('',(0.0,-1.0,-0.0));
#6287=AXIS2_PLACEMENT_3D('',#6284,#6285,#6286);
#6288=CYLINDRICAL_SURFACE('',#6287,0.46);
#6289=ADVANCED_FACE('n° 4892',(#6272,#6283),#6288,.F.);
#6290=ORIENTED_EDGE('',*,*,#6280,.T.);
#6291=EDGE_LOOP('',(#6290));
#6292=FACE_OUTER_BOUND('',#6291,.T.);
#6293=ORIENTED_EDGE('',*,*,#6249,.F.);
#6294=EDGE_LOOP('',(#6293));
#6295=FACE_BOUND('',#6294,.T.);
#6296=CARTESIAN_POINT('',(-7.62,3.81,3.0));
#6297=DIRECTION('',(0.0,-0.0,1.0));
#6298=DIRECTION('',(-0.0,1.0,0.0));
#6299=AXIS2_PLACEMENT_3D('',#6296,#6297,#6298);
#6300=CONICAL_SURFACE('',#6299,0.55,0.1868139283);
#6301=ADVANCED_FACE('n° 4897',(#6292,#6295),#6300,.F.);
#6302=CARTESIAN_POINT('',(-7.62,3.572,0.5414586189));
#6303=VERTEX_POINT('',#6302);
#6304=CARTESIAN_POINT('',(-7.62,3.81,0.5414586189));
#6305=DIRECTION('',(0.0,0.0,-1.0));
#6306=DIRECTION('',(0.0,-1.0,-0.0));
#6307=AXIS2_PLACEMENT_3D('',#6304,#6305,#6306);
#6308=CIRCLE('',#6307,0.238);
#6309=EDGE_CURVE('n° 4886',#6303,#6303,#6308,.T.);
#6310=ORIENTED_EDGE('',*,*,#6309,.F.);
#6311=EDGE_LOOP('',(#6310));
#6312=FACE_OUTER_BOUND('',#6311,.T.);
#6313=CARTESIAN_POINT('',(-7.62,3.81,0.5414586189));
#6314=DIRECTION('',(0.0,0.0,-1.0));
#6315=DIRECTION('',(0.0,-1.0,-0.0));
#6316=AXIS2_PLACEMENT_3D('',#6313,#6314,#6315);
#6317=PLANE('',#6316);
#6318=ADVANCED_FACE('n° 4911',(#6312),#6317,.F.);
#6319=ORIENTED_EDGE('',*,*,#6309,.T.);
#6320=EDGE_LOOP('',(#6319));
#6321=FACE_OUTER_BOUND('',#6320,.T.);
#6322=ORIENTED_EDGE('',*,*,#6269,.F.);
#6323=EDGE_LOOP('',(#6322));
#6324=FACE_BOUND('',#6323,.T.);
#6325=CARTESIAN_POINT('',(-7.62,3.81,2.0238547069));
#6326=DIRECTION('',(0.0,-0.0,1.0));
#6327=DIRECTION('',(-0.0,1.0,0.0));
#6328=AXIS2_PLACEMENT_3D('',#6325,#6326,#6327);
#6329=CONICAL_SURFACE('',#6328,0.46,0.1486528201);
#6330=ADVANCED_FACE('n° 4915',(#6321,#6324),#6329,.F.);
#6331=CARTESIAN_POINT('',(-7.62,5.8,3.0));
#6332=VERTEX_POINT('',#6331);
#6333=CARTESIAN_POINT('',(-7.62,6.35,3.0));
#6334=DIRECTION('',(0.0,0.0,-1.0));
#6335=DIRECTION('',(0.0,-1.0,-0.0));
#6336=AXIS2_PLACEMENT_3D('',#6333,#6334,#6335);
#6337=CIRCLE('',#6336,0.55);
#6338=EDGE_CURVE('n° 4942',#6332,#6332,#6337,.T.);
#6339=ORIENTED_EDGE('',*,*,#6338,.T.);
#6340=EDGE_LOOP('',(#6339));
#6341=FACE_OUTER_BOUND('',#6340,.T.);
#6342=ORIENTED_EDGE('',*,*,#3746,.F.);
#6343=EDGE_LOOP('',(#6342));
#6344=FACE_BOUND('',#6343,.T.);
#6345=CARTESIAN_POINT('',(-7.62,6.35,3.0));
#6346=DIRECTION('',(0.0,0.0,-1.0));
#6347=DIRECTION('',(0.0,-1.0,-0.0));
#6348=AXIS2_PLACEMENT_3D('',#6345,#6346,#6347);
#6349=CYLINDRICAL_SURFACE('',#6348,0.55);
#6350=ADVANCED_FACE('n° 4960',(#6341,#6344),#6349,.F.);
#6351=CARTESIAN_POINT('',(-7.62,5.89,2.0238547069));
#6352=VERTEX_POINT('',#6351);
#6353=CARTESIAN_POINT('',(-7.62,6.35,2.0238547069));
#6354=DIRECTION('',(0.0,0.0,-1.0));
#6355=DIRECTION('',(0.0,-1.0,-0.0));
#6356=AXIS2_PLACEMENT_3D('',#6353,#6354,#6355);
#6357=CIRCLE('',#6356,0.46);
#6358=EDGE_CURVE('n° 4945',#6352,#6352,#6357,.T.);
#6359=ORIENTED_EDGE('',*,*,#6358,.T.);
#6360=EDGE_LOOP('',(#6359));
#6361=FACE_OUTER_BOUND('',#6360,.T.);
#6362=CARTESIAN_POINT('',(-7.62,5.89,2.5238547069));
#6363=VERTEX_POINT('',#6362);
#6364=CARTESIAN_POINT('',(-7.62,6.35,2.5238547069));
#6365=DIRECTION('',(0.0,0.0,-1.0));
#6366=DIRECTION('',(0.0,-1.0,-0.0));
#6367=AXIS2_PLACEMENT_3D('',#6364,#6365,#6366);
#6368=CIRCLE('',#6367,0.46);
#6369=EDGE_CURVE('n° 4941',#6363,#6363,#6368,.T.);
#6370=ORIENTED_EDGE('',*,*,#6369,.F.);
#6371=EDGE_LOOP('',(#6370));
#6372=FACE_BOUND('',#6371,.T.);
#6373=CARTESIAN_POINT('',(-7.62,6.35,3.0));
#6374=DIRECTION('',(0.0,0.0,-1.0));
#6375=DIRECTION('',(0.0,-1.0,-0.0));
#6376=AXIS2_PLACEMENT_3D('',#6373,#6374,#6375);
#6377=CYLINDRICAL_SURFACE('',#6376,0.46);
#6378=ADVANCED_FACE('n° 4950',(#6361,#6372),#6377,.F.);
#6379=ORIENTED_EDGE('',*,*,#6369,.T.);
#6380=EDGE_LOOP('',(#6379));
#6381=FACE_OUTER_BOUND('',#6380,.T.);
#6382=ORIENTED_EDGE('',*,*,#6338,.F.);
#6383=EDGE_LOOP('',(#6382));
#6384=FACE_BOUND('',#6383,.T.);
#6385=CARTESIAN_POINT('',(-7.62,6.35,3.0));
#6386=DIRECTION('',(0.0,-0.0,1.0));
#6387=DIRECTION('',(-0.0,1.0,0.0));
#6388=AXIS2_PLACEMENT_3D('',#6385,#6386,#6387);
#6389=CONICAL_SURFACE('',#6388,0.55,0.1868139283);
#6390=ADVANCED_FACE('n° 4955',(#6381,#6384),#6389,.F.);
#6391=CARTESIAN_POINT('',(-7.62,6.112,0.5414586189));
#6392=VERTEX_POINT('',#6391);
#6393=CARTESIAN_POINT('',(-7.62,6.35,0.5414586189));
#6394=DIRECTION('',(0.0,0.0,-1.0));
#6395=DIRECTION('',(0.0,-1.0,-0.0));
#6396=AXIS2_PLACEMENT_3D('',#6393,#6394,#6395);
#6397=CIRCLE('',#6396,0.238);
#6398=EDGE_CURVE('n° 4944',#6392,#6392,#6397,.T.);
#6399=ORIENTED_EDGE('',*,*,#6398,.F.);
#6400=EDGE_LOOP('',(#6399));
#6401=FACE_OUTER_BOUND('',#6400,.T.);
#6402=CARTESIAN_POINT('',(-7.62,6.35,0.5414586189));
#6403=DIRECTION('',(0.0,0.0,-1.0));
#6404=DIRECTION('',(0.0,-1.0,-0.0));
#6405=AXIS2_PLACEMENT_3D('',#6402,#6403,#6404);
#6406=PLANE('',#6405);
#6407=ADVANCED_FACE('n° 4969',(#6401),#6406,.F.);
#6408=ORIENTED_EDGE('',*,*,#6398,.T.);
#6409=EDGE_LOOP('',(#6408));
#6410=FACE_OUTER_BOUND('',#6409,.T.);
#6411=ORIENTED_EDGE('',*,*,#6358,.F.);
#6412=EDGE_LOOP('',(#6411));
#6413=FACE_BOUND('',#6412,.T.);
#6414=CARTESIAN_POINT('',(-7.62,6.35,2.0238547069));
#6415=DIRECTION('',(0.0,-0.0,1.0));
#6416=DIRECTION('',(-0.0,1.0,0.0));
#6417=AXIS2_PLACEMENT_3D('',#6414,#6415,#6416);
#6418=CONICAL_SURFACE('',#6417,0.46,0.1486528201);
#6419=ADVANCED_FACE('n° 4973',(#6410,#6413),#6418,.F.);
#6420=CARTESIAN_POINT('',(-7.62,8.34,3.0));
#6421=VERTEX_POINT('',#6420);
#6422=CARTESIAN_POINT('',(-7.62,8.89,3.0));
#6423=DIRECTION('',(0.0,0.0,-1.0));
#6424=DIRECTION('',(0.0,-1.0,-0.0));
#6425=AXIS2_PLACEMENT_3D('',#6422,#6423,#6424);
#6426=CIRCLE('',#6425,0.55);
#6427=EDGE_CURVE('n° 5000',#6421,#6421,#6426,.T.);
#6428=ORIENTED_EDGE('',*,*,#6427,.T.);
#6429=EDGE_LOOP('',(#6428));
#6430=FACE_OUTER_BOUND('',#6429,.T.);
#6431=ORIENTED_EDGE('',*,*,#3855,.F.);
#6432=EDGE_LOOP('',(#6431));
#6433=FACE_BOUND('',#6432,.T.);
#6434=CARTESIAN_POINT('',(-7.62,8.89,3.0));
#6435=DIRECTION('',(0.0,0.0,-1.0));
#6436=DIRECTION('',(0.0,-1.0,-0.0));
#6437=AXIS2_PLACEMENT_3D('',#6434,#6435,#6436);
#6438=CYLINDRICAL_SURFACE('',#6437,0.55);
#6439=ADVANCED_FACE('n° 5018',(#6430,#6433),#6438,.F.);
#6440=CARTESIAN_POINT('',(-7.62,8.43,2.0238547069));
#6441=VERTEX_POINT('',#6440);
#6442=CARTESIAN_POINT('',(-7.62,8.89,2.0238547069));
#6443=DIRECTION('',(0.0,0.0,-1.0));
#6444=DIRECTION('',(0.0,-1.0,-0.0));
#6445=AXIS2_PLACEMENT_3D('',#6442,#6443,#6444);
#6446=CIRCLE('',#6445,0.46);
#6447=EDGE_CURVE('n° 5003',#6441,#6441,#6446,.T.);
#6448=ORIENTED_EDGE('',*,*,#6447,.T.);
#6449=EDGE_LOOP('',(#6448));
#6450=FACE_OUTER_BOUND('',#6449,.T.);
#6451=CARTESIAN_POINT('',(-7.62,8.43,2.5238547069));
#6452=VERTEX_POINT('',#6451);
#6453=CARTESIAN_POINT('',(-7.62,8.89,2.5238547069));
#6454=DIRECTION('',(0.0,0.0,-1.0));
#6455=DIRECTION('',(0.0,-1.0,-0.0));
#6456=AXIS2_PLACEMENT_3D('',#6453,#6454,#6455);
#6457=CIRCLE('',#6456,0.46);
#6458=EDGE_CURVE('n° 4999',#6452,#6452,#6457,.T.);
#6459=ORIENTED_EDGE('',*,*,#6458,.F.);
#6460=EDGE_LOOP('',(#6459));
#6461=FACE_BOUND('',#6460,.T.);
#6462=CARTESIAN_POINT('',(-7.62,8.89,3.0));
#6463=DIRECTION('',(0.0,0.0,-1.0));
#6464=DIRECTION('',(0.0,-1.0,-0.0));
#6465=AXIS2_PLACEMENT_3D('',#6462,#6463,#6464);
#6466=CYLINDRICAL_SURFACE('',#6465,0.46);
#6467=ADVANCED_FACE('n° 5008',(#6450,#6461),#6466,.F.);
#6468=ORIENTED_EDGE('',*,*,#6458,.T.);
#6469=EDGE_LOOP('',(#6468));
#6470=FACE_OUTER_BOUND('',#6469,.T.);
#6471=ORIENTED_EDGE('',*,*,#6427,.F.);
#6472=EDGE_LOOP('',(#6471));
#6473=FACE_BOUND('',#6472,.T.);
#6474=CARTESIAN_POINT('',(-7.62,8.89,3.0));
#6475=DIRECTION('',(0.0,-0.0,1.0));
#6476=DIRECTION('',(-0.0,1.0,0.0));
#6477=AXIS2_PLACEMENT_3D('',#6474,#6475,#6476);
#6478=CONICAL_SURFACE('',#6477,0.55,0.1868139283);
#6479=ADVANCED_FACE('n° 5013',(#6470,#6473),#6478,.F.);
#6480=CARTESIAN_POINT('',(-7.62,8.652,0.5414586189));
#6481=VERTEX_POINT('',#6480);
#6482=CARTESIAN_POINT('',(-7.62,8.89,0.5414586189));
#6483=DIRECTION('',(0.0,0.0,-1.0));
#6484=DIRECTION('',(0.0,-1.0,-0.0));
#6485=AXIS2_PLACEMENT_3D('',#6482,#6483,#6484);
#6486=CIRCLE('',#6485,0.238);
#6487=EDGE_CURVE('n° 5002',#6481,#6481,#6486,.T.);
#6488=ORIENTED_EDGE('',*,*,#6487,.F.);
#6489=EDGE_LOOP('',(#6488));
#6490=FACE_OUTER_BOUND('',#6489,.T.);
#6491=CARTESIAN_POINT('',(-7.62,8.89,0.5414586189));
#6492=DIRECTION('',(0.0,0.0,-1.0));
#6493=DIRECTION('',(0.0,-1.0,-0.0));
#6494=AXIS2_PLACEMENT_3D('',#6491,#6492,#6493);
#6495=PLANE('',#6494);
#6496=ADVANCED_FACE('n° 5027',(#6490),#6495,.F.);
#6497=ORIENTED_EDGE('',*,*,#6487,.T.);
#6498=EDGE_LOOP('',(#6497));
#6499=FACE_OUTER_BOUND('',#6498,.T.);
#6500=ORIENTED_EDGE('',*,*,#6447,.F.);
#6501=EDGE_LOOP('',(#6500));
#6502=FACE_BOUND('',#6501,.T.);
#6503=CARTESIAN_POINT('',(-7.62,8.89,2.0238547069));
#6504=DIRECTION('',(0.0,-0.0,1.0));
#6505=DIRECTION('',(-0.0,1.0,0.0));
#6506=AXIS2_PLACEMENT_3D('',#6503,#6504,#6505);
#6507=CONICAL_SURFACE('',#6506,0.46,0.1486528201);
#6508=ADVANCED_FACE('n° 5031',(#6499,#6502),#6507,.F.);
#6509=CARTESIAN_POINT('',(-7.62,10.88,3.0));
#6510=VERTEX_POINT('',#6509);
#6511=CARTESIAN_POINT('',(-7.62,11.43,3.0));
#6512=DIRECTION('',(0.0,0.0,-1.0));
#6513=DIRECTION('',(0.0,-1.0,-0.0));
#6514=AXIS2_PLACEMENT_3D('',#6511,#6512,#6513);
#6515=CIRCLE('',#6514,0.55);
#6516=EDGE_CURVE('n° 5058',#6510,#6510,#6515,.T.);
#6517=ORIENTED_EDGE('',*,*,#6516,.T.);
#6518=EDGE_LOOP('',(#6517));
#6519=FACE_OUTER_BOUND('',#6518,.T.);
#6520=ORIENTED_EDGE('',*,*,#3964,.F.);
#6521=EDGE_LOOP('',(#6520));
#6522=FACE_BOUND('',#6521,.T.);
#6523=CARTESIAN_POINT('',(-7.62,11.43,3.0));
#6524=DIRECTION('',(0.0,0.0,-1.0));
#6525=DIRECTION('',(0.0,-1.0,-0.0));
#6526=AXIS2_PLACEMENT_3D('',#6523,#6524,#6525);
#6527=CYLINDRICAL_SURFACE('',#6526,0.55);
#6528=ADVANCED_FACE('n° 5076',(#6519,#6522),#6527,.F.);
#6529=CARTESIAN_POINT('',(-7.62,10.97,2.0238547069));
#6530=VERTEX_POINT('',#6529);
#6531=CARTESIAN_POINT('',(-7.62,11.43,2.0238547069));
#6532=DIRECTION('',(0.0,0.0,-1.0));
#6533=DIRECTION('',(0.0,-1.0,-0.0));
#6534=AXIS2_PLACEMENT_3D('',#6531,#6532,#6533);
#6535=CIRCLE('',#6534,0.46);
#6536=EDGE_CURVE('n° 5061',#6530,#6530,#6535,.T.);
#6537=ORIENTED_EDGE('',*,*,#6536,.T.);
#6538=EDGE_LOOP('',(#6537));
#6539=FACE_OUTER_BOUND('',#6538,.T.);
#6540=CARTESIAN_POINT('',(-7.62,10.97,2.5238547069));
#6541=VERTEX_POINT('',#6540);
#6542=CARTESIAN_POINT('',(-7.62,11.43,2.5238547069));
#6543=DIRECTION('',(0.0,0.0,-1.0));
#6544=DIRECTION('',(0.0,-1.0,-0.0));
#6545=AXIS2_PLACEMENT_3D('',#6542,#6543,#6544);
#6546=CIRCLE('',#6545,0.46);
#6547=EDGE_CURVE('n° 5057',#6541,#6541,#6546,.T.);
#6548=ORIENTED_EDGE('',*,*,#6547,.F.);
#6549=EDGE_LOOP('',(#6548));
#6550=FACE_BOUND('',#6549,.T.);
#6551=CARTESIAN_POINT('',(-7.62,11.43,3.0));
#6552=DIRECTION('',(0.0,0.0,-1.0));
#6553=DIRECTION('',(0.0,-1.0,-0.0));
#6554=AXIS2_PLACEMENT_3D('',#6551,#6552,#6553);
#6555=CYLINDRICAL_SURFACE('',#6554,0.46);
#6556=ADVANCED_FACE('n° 5066',(#6539,#6550),#6555,.F.);
#6557=ORIENTED_EDGE('',*,*,#6547,.T.);
#6558=EDGE_LOOP('',(#6557));
#6559=FACE_OUTER_BOUND('',#6558,.T.);
#6560=ORIENTED_EDGE('',*,*,#6516,.F.);
#6561=EDGE_LOOP('',(#6560));
#6562=FACE_BOUND('',#6561,.T.);
#6563=CARTESIAN_POINT('',(-7.62,11.43,3.0));
#6564=DIRECTION('',(0.0,-0.0,1.0));
#6565=DIRECTION('',(-0.0,1.0,0.0));
#6566=AXIS2_PLACEMENT_3D('',#6563,#6564,#6565);
#6567=CONICAL_SURFACE('',#6566,0.55,0.1868139283);
#6568=ADVANCED_FACE('n° 5071',(#6559,#6562),#6567,.F.);
#6569=CARTESIAN_POINT('',(-7.62,11.192,0.5414586189));
#6570=VERTEX_POINT('',#6569);
#6571=CARTESIAN_POINT('',(-7.62,11.43,0.5414586189));
#6572=DIRECTION('',(0.0,0.0,-1.0));
#6573=DIRECTION('',(0.0,-1.0,-0.0));
#6574=AXIS2_PLACEMENT_3D('',#6571,#6572,#6573);
#6575=CIRCLE('',#6574,0.238);
#6576=EDGE_CURVE('n° 5060',#6570,#6570,#6575,.T.);
#6577=ORIENTED_EDGE('',*,*,#6576,.F.);
#6578=EDGE_LOOP('',(#6577));
#6579=FACE_OUTER_BOUND('',#6578,.T.);
#6580=CARTESIAN_POINT('',(-7.62,11.43,0.5414586189));
#6581=DIRECTION('',(0.0,0.0,-1.0));
#6582=DIRECTION('',(0.0,-1.0,-0.0));
#6583=AXIS2_PLACEMENT_3D('',#6580,#6581,#6582);
#6584=PLANE('',#6583);
#6585=ADVANCED_FACE('n° 5085',(#6579),#6584,.F.);
#6586=ORIENTED_EDGE('',*,*,#6576,.T.);
#6587=EDGE_LOOP('',(#6586));
#6588=FACE_OUTER_BOUND('',#6587,.T.);
#6589=ORIENTED_EDGE('',*,*,#6536,.F.);
#6590=EDGE_LOOP('',(#6589));
#6591=FACE_BOUND('',#6590,.T.);
#6592=CARTESIAN_POINT('',(-7.62,11.43,2.0238547069));
#6593=DIRECTION('',(0.0,-0.0,1.0));
#6594=DIRECTION('',(-0.0,1.0,0.0));
#6595=AXIS2_PLACEMENT_3D('',#6592,#6593,#6594);
#6596=CONICAL_SURFACE('',#6595,0.46,0.1486528201);
#6597=ADVANCED_FACE('n° 5089',(#6588,#6591),#6596,.F.);
#6598=CARTESIAN_POINT('',(-7.62,13.42,3.0));
#6599=VERTEX_POINT('',#6598);
#6600=CARTESIAN_POINT('',(-7.62,13.97,3.0));
#6601=DIRECTION('',(0.0,0.0,-1.0));
#6602=DIRECTION('',(0.0,-1.0,-0.0));
#6603=AXIS2_PLACEMENT_3D('',#6600,#6601,#6602);
#6604=CIRCLE('',#6603,0.55);
#6605=EDGE_CURVE('n° 5116',#6599,#6599,#6604,.T.);
#6606=ORIENTED_EDGE('',*,*,#6605,.T.);
#6607=EDGE_LOOP('',(#6606));
#6608=FACE_OUTER_BOUND('',#6607,.T.);
#6609=ORIENTED_EDGE('',*,*,#4073,.F.);
#6610=EDGE_LOOP('',(#6609));
#6611=FACE_BOUND('',#6610,.T.);
#6612=CARTESIAN_POINT('',(-7.62,13.97,3.0));
#6613=DIRECTION('',(0.0,0.0,-1.0));
#6614=DIRECTION('',(0.0,-1.0,-0.0));
#6615=AXIS2_PLACEMENT_3D('',#6612,#6613,#6614);
#6616=CYLINDRICAL_SURFACE('',#6615,0.55);
#6617=ADVANCED_FACE('n° 5134',(#6608,#6611),#6616,.F.);
#6618=CARTESIAN_POINT('',(-7.62,13.51,2.0238547069));
#6619=VERTEX_POINT('',#6618);
#6620=CARTESIAN_POINT('',(-7.62,13.97,2.0238547069));
#6621=DIRECTION('',(0.0,0.0,-1.0));
#6622=DIRECTION('',(0.0,-1.0,-0.0));
#6623=AXIS2_PLACEMENT_3D('',#6620,#6621,#6622);
#6624=CIRCLE('',#6623,0.46);
#6625=EDGE_CURVE('n° 5119',#6619,#6619,#6624,.T.);
#6626=ORIENTED_EDGE('',*,*,#6625,.T.);
#6627=EDGE_LOOP('',(#6626));
#6628=FACE_OUTER_BOUND('',#6627,.T.);
#6629=CARTESIAN_POINT('',(-7.62,13.51,2.5238547069));
#6630=VERTEX_POINT('',#6629);
#6631=CARTESIAN_POINT('',(-7.62,13.97,2.5238547069));
#6632=DIRECTION('',(0.0,0.0,-1.0));
#6633=DIRECTION('',(0.0,-1.0,-0.0));
#6634=AXIS2_PLACEMENT_3D('',#6631,#6632,#6633);
#6635=CIRCLE('',#6634,0.46);
#6636=EDGE_CURVE('n° 5115',#6630,#6630,#6635,.T.);
#6637=ORIENTED_EDGE('',*,*,#6636,.F.);
#6638=EDGE_LOOP('',(#6637));
#6639=FACE_BOUND('',#6638,.T.);
#6640=CARTESIAN_POINT('',(-7.62,13.97,3.0));
#6641=DIRECTION('',(0.0,0.0,-1.0));
#6642=DIRECTION('',(0.0,-1.0,-0.0));
#6643=AXIS2_PLACEMENT_3D('',#6640,#6641,#6642);
#6644=CYLINDRICAL_SURFACE('',#6643,0.46);
#6645=ADVANCED_FACE('n° 5124',(#6628,#6639),#6644,.F.);
#6646=ORIENTED_EDGE('',*,*,#6636,.T.);
#6647=EDGE_LOOP('',(#6646));
#6648=FACE_OUTER_BOUND('',#6647,.T.);
#6649=ORIENTED_EDGE('',*,*,#6605,.F.);
#6650=EDGE_LOOP('',(#6649));
#6651=FACE_BOUND('',#6650,.T.);
#6652=CARTESIAN_POINT('',(-7.62,13.97,3.0));
#6653=DIRECTION('',(0.0,-0.0,1.0));
#6654=DIRECTION('',(-0.0,1.0,0.0));
#6655=AXIS2_PLACEMENT_3D('',#6652,#6653,#6654);
#6656=CONICAL_SURFACE('',#6655,0.55,0.1868139283);
#6657=ADVANCED_FACE('n° 5129',(#6648,#6651),#6656,.F.);
#6658=CARTESIAN_POINT('',(-7.62,13.732,0.5414586189));
#6659=VERTEX_POINT('',#6658);
#6660=CARTESIAN_POINT('',(-7.62,13.97,0.5414586189));
#6661=DIRECTION('',(0.0,0.0,-1.0));
#6662=DIRECTION('',(0.0,-1.0,-0.0));
#6663=AXIS2_PLACEMENT_3D('',#6660,#6661,#6662);
#6664=CIRCLE('',#6663,0.238);
#6665=EDGE_CURVE('n° 5118',#6659,#6659,#6664,.T.);
#6666=ORIENTED_EDGE('',*,*,#6665,.F.);
#6667=EDGE_LOOP('',(#6666));
#6668=FACE_OUTER_BOUND('',#6667,.T.);
#6669=CARTESIAN_POINT('',(-7.62,13.97,0.5414586189));
#6670=DIRECTION('',(0.0,0.0,-1.0));
#6671=DIRECTION('',(0.0,-1.0,-0.0));
#6672=AXIS2_PLACEMENT_3D('',#6669,#6670,#6671);
#6673=PLANE('',#6672);
#6674=ADVANCED_FACE('n° 5143',(#6668),#6673,.F.);
#6675=ORIENTED_EDGE('',*,*,#6665,.T.);
#6676=EDGE_LOOP('',(#6675));
#6677=FACE_OUTER_BOUND('',#6676,.T.);
#6678=ORIENTED_EDGE('',*,*,#6625,.F.);
#6679=EDGE_LOOP('',(#6678));
#6680=FACE_BOUND('',#6679,.T.);
#6681=CARTESIAN_POINT('',(-7.62,13.97,2.0238547069));
#6682=DIRECTION('',(0.0,-0.0,1.0));
#6683=DIRECTION('',(-0.0,1.0,0.0));
#6684=AXIS2_PLACEMENT_3D('',#6681,#6682,#6683);
#6685=CONICAL_SURFACE('',#6684,0.46,0.1486528201);
#6686=ADVANCED_FACE('n° 5147',(#6677,#6680),#6685,.F.);
#6687=CARTESIAN_POINT('',(-7.62,15.96,3.0));
#6688=VERTEX_POINT('',#6687);
#6689=CARTESIAN_POINT('',(-7.62,16.51,3.0));
#6690=DIRECTION('',(0.0,0.0,-1.0));
#6691=DIRECTION('',(0.0,-1.0,-0.0));
#6692=AXIS2_PLACEMENT_3D('',#6689,#6690,#6691);
#6693=CIRCLE('',#6692,0.55);
#6694=EDGE_CURVE('n° 5174',#6688,#6688,#6693,.T.);
#6695=ORIENTED_EDGE('',*,*,#6694,.T.);
#6696=EDGE_LOOP('',(#6695));
#6697=FACE_OUTER_BOUND('',#6696,.T.);
#6698=ORIENTED_EDGE('',*,*,#4182,.F.);
#6699=EDGE_LOOP('',(#6698));
#6700=FACE_BOUND('',#6699,.T.);
#6701=CARTESIAN_POINT('',(-7.62,16.51,3.0));
#6702=DIRECTION('',(0.0,0.0,-1.0));
#6703=DIRECTION('',(0.0,-1.0,-0.0));
#6704=AXIS2_PLACEMENT_3D('',#6701,#6702,#6703);
#6705=CYLINDRICAL_SURFACE('',#6704,0.55);
#6706=ADVANCED_FACE('n° 5192',(#6697,#6700),#6705,.F.);
#6707=CARTESIAN_POINT('',(-7.62,16.05,2.0238547069));
#6708=VERTEX_POINT('',#6707);
#6709=CARTESIAN_POINT('',(-7.62,16.51,2.0238547069));
#6710=DIRECTION('',(0.0,0.0,-1.0));
#6711=DIRECTION('',(0.0,-1.0,-0.0));
#6712=AXIS2_PLACEMENT_3D('',#6709,#6710,#6711);
#6713=CIRCLE('',#6712,0.46);
#6714=EDGE_CURVE('n° 5177',#6708,#6708,#6713,.T.);
#6715=ORIENTED_EDGE('',*,*,#6714,.T.);
#6716=EDGE_LOOP('',(#6715));
#6717=FACE_OUTER_BOUND('',#6716,.T.);
#6718=CARTESIAN_POINT('',(-7.62,16.05,2.5238547069));
#6719=VERTEX_POINT('',#6718);
#6720=CARTESIAN_POINT('',(-7.62,16.51,2.5238547069));
#6721=DIRECTION('',(0.0,0.0,-1.0));
#6722=DIRECTION('',(0.0,-1.0,-0.0));
#6723=AXIS2_PLACEMENT_3D('',#6720,#6721,#6722);
#6724=CIRCLE('',#6723,0.46);
#6725=EDGE_CURVE('n° 5173',#6719,#6719,#6724,.T.);
#6726=ORIENTED_EDGE('',*,*,#6725,.F.);
#6727=EDGE_LOOP('',(#6726));
#6728=FACE_BOUND('',#6727,.T.);
#6729=CARTESIAN_POINT('',(-7.62,16.51,3.0));
#6730=DIRECTION('',(0.0,0.0,-1.0));
#6731=DIRECTION('',(0.0,-1.0,-0.0));
#6732=AXIS2_PLACEMENT_3D('',#6729,#6730,#6731);
#6733=CYLINDRICAL_SURFACE('',#6732,0.46);
#6734=ADVANCED_FACE('n° 5182',(#6717,#6728),#6733,.F.);
#6735=ORIENTED_EDGE('',*,*,#6725,.T.);
#6736=EDGE_LOOP('',(#6735));
#6737=FACE_OUTER_BOUND('',#6736,.T.);
#6738=ORIENTED_EDGE('',*,*,#6694,.F.);
#6739=EDGE_LOOP('',(#6738));
#6740=FACE_BOUND('',#6739,.T.);
#6741=CARTESIAN_POINT('',(-7.62,16.51,3.0));
#6742=DIRECTION('',(0.0,-0.0,1.0));
#6743=DIRECTION('',(-0.0,1.0,0.0));
#6744=AXIS2_PLACEMENT_3D('',#6741,#6742,#6743);
#6745=CONICAL_SURFACE('',#6744,0.55,0.1868139283);
#6746=ADVANCED_FACE('n° 5187',(#6737,#6740),#6745,.F.);
#6747=CARTESIAN_POINT('',(-7.62,16.272,0.5414586189));
#6748=VERTEX_POINT('',#6747);
#6749=CARTESIAN_POINT('',(-7.62,16.51,0.5414586189));
#6750=DIRECTION('',(0.0,0.0,-1.0));
#6751=DIRECTION('',(0.0,-1.0,-0.0));
#6752=AXIS2_PLACEMENT_3D('',#6749,#6750,#6751);
#6753=CIRCLE('',#6752,0.238);
#6754=EDGE_CURVE('n° 5176',#6748,#6748,#6753,.T.);
#6755=ORIENTED_EDGE('',*,*,#6754,.F.);
#6756=EDGE_LOOP('',(#6755));
#6757=FACE_OUTER_BOUND('',#6756,.T.);
#6758=CARTESIAN_POINT('',(-7.62,16.51,0.5414586189));
#6759=DIRECTION('',(0.0,0.0,-1.0));
#6760=DIRECTION('',(0.0,-1.0,-0.0));
#6761=AXIS2_PLACEMENT_3D('',#6758,#6759,#6760);
#6762=PLANE('',#6761);
#6763=ADVANCED_FACE('n° 5201',(#6757),#6762,.F.);
#6764=ORIENTED_EDGE('',*,*,#6754,.T.);
#6765=EDGE_LOOP('',(#6764));
#6766=FACE_OUTER_BOUND('',#6765,.T.);
#6767=ORIENTED_EDGE('',*,*,#6714,.F.);
#6768=EDGE_LOOP('',(#6767));
#6769=FACE_BOUND('',#6768,.T.);
#6770=CARTESIAN_POINT('',(-7.62,16.51,2.0238547069));
#6771=DIRECTION('',(0.0,-0.0,1.0));
#6772=DIRECTION('',(-0.0,1.0,0.0));
#6773=AXIS2_PLACEMENT_3D('',#6770,#6771,#6772);
#6774=CONICAL_SURFACE('',#6773,0.46,0.1486528201);
#6775=ADVANCED_FACE('n° 5205',(#6766,#6769),#6774,.F.);
#6776=CLOSED_SHELL('K\X2\00F6\X0\rper-Verschieben/Kopieren1',(
    #448,#642,#836,#874,#922,#962,#1016,#1047,#1097,#1119,
    #1136,#1155,#1171,#1183,#1195,#1207,#1219,#1231,#1248,#1276,
    #1288,#1300,#1320,#1340,#1357,#1385,#1397,#1409,#1429,#1449,
    #1466,#1494,#1506,#1518,#1538,#1558,#1575,#1603,#1615,#1627,
    #1647,#1667,#1684,#1712,#1724,#1736,#1756,#1776,#1793,#1821,
    #1833,#1845,#1865,#1885,#1902,#1930,#1942,#1954,#1974,#1994,
    #2011,#2039,#2051,#2063,#2083,#2103,#2120,#2148,#2160,#2172,
    #2192,#2212,#2229,#2257,#2269,#2281,#2301,#2321,#2338,#2366,
    #2378,#2390,#2410,#2430,#2447,#2475,#2487,#2499,#2519,#2539,
    #2556,#2584,#2596,#2608,#2628,#2648,#2665,#2693,#2705,#2717,
    #2737,#2757,#2785,#2797,#2817,#2845,#2857,#2866,#2894,#2906,
    #2926,#2954,#2966,#2975,#3003,#3015,#3035,#3063,#3075,#3084,
    #3112,#3124,#3144,#3172,#3184,#3193,#3221,#3233,#3253,#3281,
    #3293,#3302,#3330,#3342,#3362,#3390,#3402,#3411,#3439,#3451,
    #3471,#3499,#3511,#3520,#3548,#3560,#3580,#3608,#3620,#3629,
    #3657,#3669,#3689,#3717,#3729,#3738,#3766,#3778,#3798,#3826,
    #3838,#3847,#3875,#3887,#3907,#3935,#3947,#3956,#3984,#3996,
    #4016,#4044,#4056,#4065,#4093,#4105,#4125,#4153,#4165,#4174,
    #4202,#4214,#4234,#4262,#4274,#4283,#4303,#4331,#4343,#4360,
    #4372,#4392,#4420,#4432,#4449,#4461,#4481,#4509,#4521,#4538,
    #4550,#4570,#4598,#4610,#4627,#4639,#4659,#4687,#4699,#4716,
    #4728,#4748,#4776,#4788,#4805,#4817,#4837,#4865,#4877,#4894,
    #4906,#4926,#4954,#4966,#4983,#4995,#5015,#5043,#5055,#5072,
    #5084,#5104,#5132,#5144,#5161,#5173,#5193,#5221,#5233,#5250,
    #5262,#5282,#5310,#5322,#5339,#5351,#5371,#5399,#5411,#5428,
    #5440,#5460,#5488,#5500,#5517,#5529,#5549,#5577,#5589,#5606,
    #5618,#5638,#5666,#5678,#5695,#5707,#5727,#5755,#5767,#5784,
    #5796,#5816,#5844,#5856,#5873,#5885,#5905,#5933,#5945,#5962,
    #5974,#5994,#6022,#6034,#6051,#6063,#6083,#6111,#6123,#6140,
    #6152,#6172,#6200,#6212,#6229,#6241,#6261,#6289,#6301,#6318,
    #6330,#6350,#6378,#6390,#6407,#6419,#6439,#6467,#6479,#6496,
    #6508,#6528,#6556,#6568,#6585,#6597,#6617,#6645,#6657,#6674,
    #6686,#6706,#6734,#6746,#6763,#6775));
#6777=MANIFOLD_SOLID_BREP('K\X2\00F6\X0\rper-Verschieben/Kopieren1',#6776);
#6778=COLOUR_RGB('',0.81176,0.81176,0.81176);
#6779=FILL_AREA_STYLE_COLOUR('',#6778);
#6780=FILL_AREA_STYLE('',(#6779));
#6781=SURFACE_STYLE_FILL_AREA(#6780);
#6782=SURFACE_SIDE_STYLE('',(#6781));
#6783=SURFACE_STYLE_USAGE(.BOTH.,#6782);
#6784=PRESENTATION_STYLE_ASSIGNMENT((#6783));
#6785=STYLED_ITEM('',(#6784),#6777);
#6786=COLOUR_RGB('',0.14118,0.14118,0.14118);
#6787=FILL_AREA_STYLE_COLOUR('',#6786);
#6788=FILL_AREA_STYLE('',(#6787));
#6789=SURFACE_STYLE_FILL_AREA(#6788);
#6790=SURFACE_SIDE_STYLE('',(#6789));
#6791=SURFACE_STYLE_USAGE(.BOTH.,#6790);
#6792=PRESENTATION_STYLE_ASSIGNMENT((#6791));
#6793=OVER_RIDING_STYLED_ITEM('',(#6792),#448,#6785);
#6794=OVER_RIDING_STYLED_ITEM('',(#6792),#642,#6785);
#6795=OVER_RIDING_STYLED_ITEM('',(#6792),#836,#6785);
#6796=OVER_RIDING_STYLED_ITEM('',(#6792),#874,#6785);
#6797=OVER_RIDING_STYLED_ITEM('',(#6792),#922,#6785);
#6798=OVER_RIDING_STYLED_ITEM('',(#6792),#962,#6785);
#6799=OVER_RIDING_STYLED_ITEM('',(#6792),#1016,#6785);
#6800=OVER_RIDING_STYLED_ITEM('',(#6792),#1047,#6785);
#6801=OVER_RIDING_STYLED_ITEM('',(#6792),#1097,#6785);
#6802=OVER_RIDING_STYLED_ITEM('',(#6792),#1119,#6785);
#6803=OVER_RIDING_STYLED_ITEM('',(#6792),#1136,#6785);
#6804=OVER_RIDING_STYLED_ITEM('',(#6792),#1155,#6785);
#6805=OVER_RIDING_STYLED_ITEM('',(#6792),#1171,#6785);
#6806=OVER_RIDING_STYLED_ITEM('',(#6792),#1183,#6785);
#6807=OVER_RIDING_STYLED_ITEM('',(#6792),#1195,#6785);
#6808=OVER_RIDING_STYLED_ITEM('',(#6792),#1207,#6785);
#6809=OVER_RIDING_STYLED_ITEM('',(#6792),#1219,#6785);
#6810=OVER_RIDING_STYLED_ITEM('',(#6792),#1231,#6785);
#6811=COLOUR_RGB('',0.87059,0.90588,0.92157);
#6812=FILL_AREA_STYLE_COLOUR('',#6811);
#6813=FILL_AREA_STYLE('',(#6812));
#6814=SURFACE_STYLE_FILL_AREA(#6813);
#6815=SURFACE_SIDE_STYLE('',(#6814));
#6816=SURFACE_STYLE_USAGE(.BOTH.,#6815);
#6817=PRESENTATION_STYLE_ASSIGNMENT((#6816));
#6818=OVER_RIDING_STYLED_ITEM('',(#6817),#1248,#6785);
#6819=OVER_RIDING_STYLED_ITEM('',(#6817),#1276,#6785);
#6820=OVER_RIDING_STYLED_ITEM('',(#6817),#1288,#6785);
#6821=OVER_RIDING_STYLED_ITEM('',(#6817),#1300,#6785);
#6822=OVER_RIDING_STYLED_ITEM('',(#6817),#1320,#6785);
#6823=OVER_RIDING_STYLED_ITEM('',(#6817),#1340,#6785);
#6824=OVER_RIDING_STYLED_ITEM('',(#6817),#1357,#6785);
#6825=OVER_RIDING_STYLED_ITEM('',(#6817),#1385,#6785);
#6826=OVER_RIDING_STYLED_ITEM('',(#6817),#1397,#6785);
#6827=OVER_RIDING_STYLED_ITEM('',(#6817),#1409,#6785);
#6828=OVER_RIDING_STYLED_ITEM('',(#6817),#1429,#6785);
#6829=OVER_RIDING_STYLED_ITEM('',(#6817),#1449,#6785);
#6830=OVER_RIDING_STYLED_ITEM('',(#6817),#1466,#6785);
#6831=OVER_RIDING_STYLED_ITEM('',(#6817),#1494,#6785);
#6832=OVER_RIDING_STYLED_ITEM('',(#6817),#1506,#6785);
#6833=OVER_RIDING_STYLED_ITEM('',(#6817),#1518,#6785);
#6834=OVER_RIDING_STYLED_ITEM('',(#6817),#1538,#6785);
#6835=OVER_RIDING_STYLED_ITEM('',(#6817),#1558,#6785);
#6836=OVER_RIDING_STYLED_ITEM('',(#6817),#1575,#6785);
#6837=OVER_RIDING_STYLED_ITEM('',(#6817),#1603,#6785);
#6838=OVER_RIDING_STYLED_ITEM('',(#6817),#1615,#6785);
#6839=OVER_RIDING_STYLED_ITEM('',(#6817),#1627,#6785);
#6840=OVER_RIDING_STYLED_ITEM('',(#6817),#1647,#6785);
#6841=OVER_RIDING_STYLED_ITEM('',(#6817),#1667,#6785);
#6842=OVER_RIDING_STYLED_ITEM('',(#6817),#1684,#6785);
#6843=OVER_RIDING_STYLED_ITEM('',(#6817),#1712,#6785);
#6844=OVER_RIDING_STYLED_ITEM('',(#6817),#1724,#6785);
#6845=OVER_RIDING_STYLED_ITEM('',(#6817),#1736,#6785);
#6846=OVER_RIDING_STYLED_ITEM('',(#6817),#1756,#6785);
#6847=OVER_RIDING_STYLED_ITEM('',(#6817),#1776,#6785);
#6848=OVER_RIDING_STYLED_ITEM('',(#6817),#1793,#6785);
#6849=OVER_RIDING_STYLED_ITEM('',(#6817),#1821,#6785);
#6850=OVER_RIDING_STYLED_ITEM('',(#6817),#1833,#6785);
#6851=OVER_RIDING_STYLED_ITEM('',(#6817),#1845,#6785);
#6852=OVER_RIDING_STYLED_ITEM('',(#6817),#1865,#6785);
#6853=OVER_RIDING_STYLED_ITEM('',(#6817),#1885,#6785);
#6854=OVER_RIDING_STYLED_ITEM('',(#6817),#1902,#6785);
#6855=OVER_RIDING_STYLED_ITEM('',(#6817),#1930,#6785);
#6856=OVER_RIDING_STYLED_ITEM('',(#6817),#1942,#6785);
#6857=OVER_RIDING_STYLED_ITEM('',(#6817),#1954,#6785);
#6858=OVER_RIDING_STYLED_ITEM('',(#6817),#1974,#6785);
#6859=OVER_RIDING_STYLED_ITEM('',(#6817),#1994,#6785);
#6860=OVER_RIDING_STYLED_ITEM('',(#6817),#2011,#6785);
#6861=OVER_RIDING_STYLED_ITEM('',(#6817),#2039,#6785);
#6862=OVER_RIDING_STYLED_ITEM('',(#6817),#2051,#6785);
#6863=OVER_RIDING_STYLED_ITEM('',(#6817),#2063,#6785);
#6864=OVER_RIDING_STYLED_ITEM('',(#6817),#2083,#6785);
#6865=OVER_RIDING_STYLED_ITEM('',(#6817),#2103,#6785);
#6866=OVER_RIDING_STYLED_ITEM('',(#6817),#2120,#6785);
#6867=OVER_RIDING_STYLED_ITEM('',(#6817),#2148,#6785);
#6868=OVER_RIDING_STYLED_ITEM('',(#6817),#2160,#6785);
#6869=OVER_RIDING_STYLED_ITEM('',(#6817),#2172,#6785);
#6870=OVER_RIDING_STYLED_ITEM('',(#6817),#2192,#6785);
#6871=OVER_RIDING_STYLED_ITEM('',(#6817),#2212,#6785);
#6872=OVER_RIDING_STYLED_ITEM('',(#6817),#2229,#6785);
#6873=OVER_RIDING_STYLED_ITEM('',(#6817),#2257,#6785);
#6874=OVER_RIDING_STYLED_ITEM('',(#6817),#2269,#6785);
#6875=OVER_RIDING_STYLED_ITEM('',(#6817),#2281,#6785);
#6876=OVER_RIDING_STYLED_ITEM('',(#6817),#2301,#6785);
#6877=OVER_RIDING_STYLED_ITEM('',(#6817),#2321,#6785);
#6878=OVER_RIDING_STYLED_ITEM('',(#6817),#2338,#6785);
#6879=OVER_RIDING_STYLED_ITEM('',(#6817),#2366,#6785);
#6880=OVER_RIDING_STYLED_ITEM('',(#6817),#2378,#6785);
#6881=OVER_RIDING_STYLED_ITEM('',(#6817),#2390,#6785);
#6882=OVER_RIDING_STYLED_ITEM('',(#6817),#2410,#6785);
#6883=OVER_RIDING_STYLED_ITEM('',(#6817),#2430,#6785);
#6884=OVER_RIDING_STYLED_ITEM('',(#6817),#2447,#6785);
#6885=OVER_RIDING_STYLED_ITEM('',(#6817),#2475,#6785);
#6886=OVER_RIDING_STYLED_ITEM('',(#6817),#2487,#6785);
#6887=OVER_RIDING_STYLED_ITEM('',(#6817),#2499,#6785);
#6888=OVER_RIDING_STYLED_ITEM('',(#6817),#2519,#6785);
#6889=OVER_RIDING_STYLED_ITEM('',(#6817),#2539,#6785);
#6890=OVER_RIDING_STYLED_ITEM('',(#6817),#2556,#6785);
#6891=OVER_RIDING_STYLED_ITEM('',(#6817),#2584,#6785);
#6892=OVER_RIDING_STYLED_ITEM('',(#6817),#2596,#6785);
#6893=OVER_RIDING_STYLED_ITEM('',(#6817),#2608,#6785);
#6894=OVER_RIDING_STYLED_ITEM('',(#6817),#2628,#6785);
#6895=OVER_RIDING_STYLED_ITEM('',(#6817),#2648,#6785);
#6896=OVER_RIDING_STYLED_ITEM('',(#6817),#2665,#6785);
#6897=OVER_RIDING_STYLED_ITEM('',(#6817),#2693,#6785);
#6898=OVER_RIDING_STYLED_ITEM('',(#6817),#2705,#6785);
#6899=OVER_RIDING_STYLED_ITEM('',(#6817),#2717,#6785);
#6900=OVER_RIDING_STYLED_ITEM('',(#6817),#2737,#6785);
#6901=OVER_RIDING_STYLED_ITEM('',(#6817),#2757,#6785);
#6902=OVER_RIDING_STYLED_ITEM('',(#6817),#2785,#6785);
#6903=OVER_RIDING_STYLED_ITEM('',(#6817),#2797,#6785);
#6904=OVER_RIDING_STYLED_ITEM('',(#6817),#2817,#6785);
#6905=OVER_RIDING_STYLED_ITEM('',(#6817),#2845,#6785);
#6906=OVER_RIDING_STYLED_ITEM('',(#6817),#2857,#6785);
#6907=OVER_RIDING_STYLED_ITEM('',(#6817),#2866,#6785);
#6908=OVER_RIDING_STYLED_ITEM('',(#6817),#2894,#6785);
#6909=OVER_RIDING_STYLED_ITEM('',(#6817),#2906,#6785);
#6910=OVER_RIDING_STYLED_ITEM('',(#6817),#2926,#6785);
#6911=OVER_RIDING_STYLED_ITEM('',(#6817),#2954,#6785);
#6912=OVER_RIDING_STYLED_ITEM('',(#6817),#2966,#6785);
#6913=OVER_RIDING_STYLED_ITEM('',(#6817),#2975,#6785);
#6914=OVER_RIDING_STYLED_ITEM('',(#6817),#3003,#6785);
#6915=OVER_RIDING_STYLED_ITEM('',(#6817),#3015,#6785);
#6916=OVER_RIDING_STYLED_ITEM('',(#6817),#3035,#6785);
#6917=OVER_RIDING_STYLED_ITEM('',(#6817),#3063,#6785);
#6918=OVER_RIDING_STYLED_ITEM('',(#6817),#3075,#6785);
#6919=OVER_RIDING_STYLED_ITEM('',(#6817),#3084,#6785);
#6920=OVER_RIDING_STYLED_ITEM('',(#6817),#3112,#6785);
#6921=OVER_RIDING_STYLED_ITEM('',(#6817),#3124,#6785);
#6922=OVER_RIDING_STYLED_ITEM('',(#6817),#3144,#6785);
#6923=OVER_RIDING_STYLED_ITEM('',(#6817),#3172,#6785);
#6924=OVER_RIDING_STYLED_ITEM('',(#6817),#3184,#6785);
#6925=OVER_RIDING_STYLED_ITEM('',(#6817),#3193,#6785);
#6926=OVER_RIDING_STYLED_ITEM('',(#6817),#3221,#6785);
#6927=OVER_RIDING_STYLED_ITEM('',(#6817),#3233,#6785);
#6928=OVER_RIDING_STYLED_ITEM('',(#6817),#3253,#6785);
#6929=OVER_RIDING_STYLED_ITEM('',(#6817),#3281,#6785);
#6930=OVER_RIDING_STYLED_ITEM('',(#6817),#3293,#6785);
#6931=OVER_RIDING_STYLED_ITEM('',(#6817),#3302,#6785);
#6932=OVER_RIDING_STYLED_ITEM('',(#6817),#3330,#6785);
#6933=OVER_RIDING_STYLED_ITEM('',(#6817),#3342,#6785);
#6934=OVER_RIDING_STYLED_ITEM('',(#6817),#3362,#6785);
#6935=OVER_RIDING_STYLED_ITEM('',(#6817),#3390,#6785);
#6936=OVER_RIDING_STYLED_ITEM('',(#6817),#3402,#6785);
#6937=OVER_RIDING_STYLED_ITEM('',(#6817),#3411,#6785);
#6938=OVER_RIDING_STYLED_ITEM('',(#6817),#3439,#6785);
#6939=OVER_RIDING_STYLED_ITEM('',(#6817),#3451,#6785);
#6940=OVER_RIDING_STYLED_ITEM('',(#6817),#3471,#6785);
#6941=OVER_RIDING_STYLED_ITEM('',(#6817),#3499,#6785);
#6942=OVER_RIDING_STYLED_ITEM('',(#6817),#3511,#6785);
#6943=OVER_RIDING_STYLED_ITEM('',(#6817),#3520,#6785);
#6944=OVER_RIDING_STYLED_ITEM('',(#6817),#3548,#6785);
#6945=OVER_RIDING_STYLED_ITEM('',(#6817),#3560,#6785);
#6946=OVER_RIDING_STYLED_ITEM('',(#6817),#3580,#6785);
#6947=OVER_RIDING_STYLED_ITEM('',(#6817),#3608,#6785);
#6948=OVER_RIDING_STYLED_ITEM('',(#6817),#3620,#6785);
#6949=OVER_RIDING_STYLED_ITEM('',(#6817),#3629,#6785);
#6950=OVER_RIDING_STYLED_ITEM('',(#6817),#3657,#6785);
#6951=OVER_RIDING_STYLED_ITEM('',(#6817),#3669,#6785);
#6952=OVER_RIDING_STYLED_ITEM('',(#6817),#3689,#6785);
#6953=OVER_RIDING_STYLED_ITEM('',(#6817),#3717,#6785);
#6954=OVER_RIDING_STYLED_ITEM('',(#6817),#3729,#6785);
#6955=OVER_RIDING_STYLED_ITEM('',(#6817),#3738,#6785);
#6956=OVER_RIDING_STYLED_ITEM('',(#6817),#3766,#6785);
#6957=OVER_RIDING_STYLED_ITEM('',(#6817),#3778,#6785);
#6958=OVER_RIDING_STYLED_ITEM('',(#6817),#3798,#6785);
#6959=OVER_RIDING_STYLED_ITEM('',(#6817),#3826,#6785);
#6960=OVER_RIDING_STYLED_ITEM('',(#6817),#3838,#6785);
#6961=OVER_RIDING_STYLED_ITEM('',(#6817),#3847,#6785);
#6962=OVER_RIDING_STYLED_ITEM('',(#6817),#3875,#6785);
#6963=OVER_RIDING_STYLED_ITEM('',(#6817),#3887,#6785);
#6964=OVER_RIDING_STYLED_ITEM('',(#6817),#3907,#6785);
#6965=OVER_RIDING_STYLED_ITEM('',(#6817),#3935,#6785);
#6966=OVER_RIDING_STYLED_ITEM('',(#6817),#3947,#6785);
#6967=OVER_RIDING_STYLED_ITEM('',(#6817),#3956,#6785);
#6968=OVER_RIDING_STYLED_ITEM('',(#6817),#3984,#6785);
#6969=OVER_RIDING_STYLED_ITEM('',(#6817),#3996,#6785);
#6970=OVER_RIDING_STYLED_ITEM('',(#6817),#4016,#6785);
#6971=OVER_RIDING_STYLED_ITEM('',(#6817),#4044,#6785);
#6972=OVER_RIDING_STYLED_ITEM('',(#6817),#4056,#6785);
#6973=OVER_RIDING_STYLED_ITEM('',(#6817),#4065,#6785);
#6974=OVER_RIDING_STYLED_ITEM('',(#6817),#4093,#6785);
#6975=OVER_RIDING_STYLED_ITEM('',(#6817),#4105,#6785);
#6976=OVER_RIDING_STYLED_ITEM('',(#6817),#4125,#6785);
#6977=OVER_RIDING_STYLED_ITEM('',(#6817),#4153,#6785);
#6978=OVER_RIDING_STYLED_ITEM('',(#6817),#4165,#6785);
#6979=OVER_RIDING_STYLED_ITEM('',(#6817),#4174,#6785);
#6980=OVER_RIDING_STYLED_ITEM('',(#6817),#4202,#6785);
#6981=OVER_RIDING_STYLED_ITEM('',(#6817),#4214,#6785);
#6982=OVER_RIDING_STYLED_ITEM('',(#6817),#4234,#6785);
#6983=OVER_RIDING_STYLED_ITEM('',(#6817),#4262,#6785);
#6984=OVER_RIDING_STYLED_ITEM('',(#6817),#4274,#6785);
#6985=OVER_RIDING_STYLED_ITEM('',(#6817),#4283,#6785);
#6986=OVER_RIDING_STYLED_ITEM('',(#6817),#4303,#6785);
#6987=COLOUR_RGB('',1.0,0.8,0.0);
#6988=FILL_AREA_STYLE_COLOUR('',#6987);
#6989=FILL_AREA_STYLE('',(#6988));
#6990=SURFACE_STYLE_FILL_AREA(#6989);
#6991=SURFACE_SIDE_STYLE('',(#6990));
#6992=SURFACE_STYLE_USAGE(.BOTH.,#6991);
#6993=PRESENTATION_STYLE_ASSIGNMENT((#6992));
#6994=OVER_RIDING_STYLED_ITEM('',(#6993),#4331,#6785);
#6995=OVER_RIDING_STYLED_ITEM('',(#6817),#4343,#6785);
#6996=OVER_RIDING_STYLED_ITEM('',(#6993),#4360,#6785);
#6997=OVER_RIDING_STYLED_ITEM('',(#6993),#4372,#6785);
#6998=OVER_RIDING_STYLED_ITEM('',(#6817),#4392,#6785);
#6999=OVER_RIDING_STYLED_ITEM('',(#6993),#4420,#6785);
#7000=OVER_RIDING_STYLED_ITEM('',(#6817),#4432,#6785);
#7001=OVER_RIDING_STYLED_ITEM('',(#6993),#4449,#6785);
#7002=OVER_RIDING_STYLED_ITEM('',(#6993),#4461,#6785);
#7003=OVER_RIDING_STYLED_ITEM('',(#6817),#4481,#6785);
#7004=OVER_RIDING_STYLED_ITEM('',(#6993),#4509,#6785);
#7005=OVER_RIDING_STYLED_ITEM('',(#6817),#4521,#6785);
#7006=OVER_RIDING_STYLED_ITEM('',(#6993),#4538,#6785);
#7007=OVER_RIDING_STYLED_ITEM('',(#6993),#4550,#6785);
#7008=OVER_RIDING_STYLED_ITEM('',(#6817),#4570,#6785);
#7009=OVER_RIDING_STYLED_ITEM('',(#6993),#4598,#6785);
#7010=OVER_RIDING_STYLED_ITEM('',(#6817),#4610,#6785);
#7011=OVER_RIDING_STYLED_ITEM('',(#6993),#4627,#6785);
#7012=OVER_RIDING_STYLED_ITEM('',(#6993),#4639,#6785);
#7013=OVER_RIDING_STYLED_ITEM('',(#6817),#4659,#6785);
#7014=OVER_RIDING_STYLED_ITEM('',(#6993),#4687,#6785);
#7015=OVER_RIDING_STYLED_ITEM('',(#6817),#4699,#6785);
#7016=OVER_RIDING_STYLED_ITEM('',(#6993),#4716,#6785);
#7017=OVER_RIDING_STYLED_ITEM('',(#6993),#4728,#6785);
#7018=OVER_RIDING_STYLED_ITEM('',(#6817),#4748,#6785);
#7019=OVER_RIDING_STYLED_ITEM('',(#6993),#4776,#6785);
#7020=OVER_RIDING_STYLED_ITEM('',(#6817),#4788,#6785);
#7021=OVER_RIDING_STYLED_ITEM('',(#6993),#4805,#6785);
#7022=OVER_RIDING_STYLED_ITEM('',(#6993),#4817,#6785);
#7023=OVER_RIDING_STYLED_ITEM('',(#6817),#4837,#6785);
#7024=OVER_RIDING_STYLED_ITEM('',(#6993),#4865,#6785);
#7025=OVER_RIDING_STYLED_ITEM('',(#6817),#4877,#6785);
#7026=OVER_RIDING_STYLED_ITEM('',(#6993),#4894,#6785);
#7027=OVER_RIDING_STYLED_ITEM('',(#6993),#4906,#6785);
#7028=OVER_RIDING_STYLED_ITEM('',(#6817),#4926,#6785);
#7029=OVER_RIDING_STYLED_ITEM('',(#6993),#4954,#6785);
#7030=OVER_RIDING_STYLED_ITEM('',(#6817),#4966,#6785);
#7031=OVER_RIDING_STYLED_ITEM('',(#6993),#4983,#6785);
#7032=OVER_RIDING_STYLED_ITEM('',(#6993),#4995,#6785);
#7033=OVER_RIDING_STYLED_ITEM('',(#6817),#5015,#6785);
#7034=OVER_RIDING_STYLED_ITEM('',(#6993),#5043,#6785);
#7035=OVER_RIDING_STYLED_ITEM('',(#6817),#5055,#6785);
#7036=OVER_RIDING_STYLED_ITEM('',(#6993),#5072,#6785);
#7037=OVER_RIDING_STYLED_ITEM('',(#6993),#5084,#6785);
#7038=OVER_RIDING_STYLED_ITEM('',(#6817),#5104,#6785);
#7039=OVER_RIDING_STYLED_ITEM('',(#6993),#5132,#6785);
#7040=OVER_RIDING_STYLED_ITEM('',(#6817),#5144,#6785);
#7041=OVER_RIDING_STYLED_ITEM('',(#6993),#5161,#6785);
#7042=OVER_RIDING_STYLED_ITEM('',(#6993),#5173,#6785);
#7043=OVER_RIDING_STYLED_ITEM('',(#6817),#5193,#6785);
#7044=OVER_RIDING_STYLED_ITEM('',(#6993),#5221,#6785);
#7045=OVER_RIDING_STYLED_ITEM('',(#6817),#5233,#6785);
#7046=OVER_RIDING_STYLED_ITEM('',(#6993),#5250,#6785);
#7047=OVER_RIDING_STYLED_ITEM('',(#6993),#5262,#6785);
#7048=OVER_RIDING_STYLED_ITEM('',(#6817),#5282,#6785);
#7049=OVER_RIDING_STYLED_ITEM('',(#6993),#5310,#6785);
#7050=OVER_RIDING_STYLED_ITEM('',(#6817),#5322,#6785);
#7051=OVER_RIDING_STYLED_ITEM('',(#6993),#5339,#6785);
#7052=OVER_RIDING_STYLED_ITEM('',(#6993),#5351,#6785);
#7053=OVER_RIDING_STYLED_ITEM('',(#6817),#5371,#6785);
#7054=OVER_RIDING_STYLED_ITEM('',(#6993),#5399,#6785);
#7055=OVER_RIDING_STYLED_ITEM('',(#6817),#5411,#6785);
#7056=OVER_RIDING_STYLED_ITEM('',(#6993),#5428,#6785);
#7057=OVER_RIDING_STYLED_ITEM('',(#6993),#5440,#6785);
#7058=OVER_RIDING_STYLED_ITEM('',(#6817),#5460,#6785);
#7059=OVER_RIDING_STYLED_ITEM('',(#6993),#5488,#6785);
#7060=OVER_RIDING_STYLED_ITEM('',(#6817),#5500,#6785);
#7061=OVER_RIDING_STYLED_ITEM('',(#6993),#5517,#6785);
#7062=OVER_RIDING_STYLED_ITEM('',(#6993),#5529,#6785);
#7063=OVER_RIDING_STYLED_ITEM('',(#6817),#5549,#6785);
#7064=OVER_RIDING_STYLED_ITEM('',(#6993),#5577,#6785);
#7065=OVER_RIDING_STYLED_ITEM('',(#6817),#5589,#6785);
#7066=OVER_RIDING_STYLED_ITEM('',(#6993),#5606,#6785);
#7067=OVER_RIDING_STYLED_ITEM('',(#6993),#5618,#6785);
#7068=OVER_RIDING_STYLED_ITEM('',(#6817),#5638,#6785);
#7069=OVER_RIDING_STYLED_ITEM('',(#6993),#5666,#6785);
#7070=OVER_RIDING_STYLED_ITEM('',(#6817),#5678,#6785);
#7071=OVER_RIDING_STYLED_ITEM('',(#6993),#5695,#6785);
#7072=OVER_RIDING_STYLED_ITEM('',(#6993),#5707,#6785);
#7073=OVER_RIDING_STYLED_ITEM('',(#6817),#5727,#6785);
#7074=OVER_RIDING_STYLED_ITEM('',(#6993),#5755,#6785);
#7075=OVER_RIDING_STYLED_ITEM('',(#6817),#5767,#6785);
#7076=OVER_RIDING_STYLED_ITEM('',(#6993),#5784,#6785);
#7077=OVER_RIDING_STYLED_ITEM('',(#6993),#5796,#6785);
#7078=OVER_RIDING_STYLED_ITEM('',(#6817),#5816,#6785);
#7079=OVER_RIDING_STYLED_ITEM('',(#6993),#5844,#6785);
#7080=OVER_RIDING_STYLED_ITEM('',(#6817),#5856,#6785);
#7081=OVER_RIDING_STYLED_ITEM('',(#6993),#5873,#6785);
#7082=OVER_RIDING_STYLED_ITEM('',(#6993),#5885,#6785);
#7083=OVER_RIDING_STYLED_ITEM('',(#6817),#5905,#6785);
#7084=OVER_RIDING_STYLED_ITEM('',(#6993),#5933,#6785);
#7085=OVER_RIDING_STYLED_ITEM('',(#6817),#5945,#6785);
#7086=OVER_RIDING_STYLED_ITEM('',(#6993),#5962,#6785);
#7087=OVER_RIDING_STYLED_ITEM('',(#6993),#5974,#6785);
#7088=OVER_RIDING_STYLED_ITEM('',(#6817),#5994,#6785);
#7089=OVER_RIDING_STYLED_ITEM('',(#6993),#6022,#6785);
#7090=OVER_RIDING_STYLED_ITEM('',(#6817),#6034,#6785);
#7091=OVER_RIDING_STYLED_ITEM('',(#6993),#6051,#6785);
#7092=OVER_RIDING_STYLED_ITEM('',(#6993),#6063,#6785);
#7093=OVER_RIDING_STYLED_ITEM('',(#6817),#6083,#6785);
#7094=OVER_RIDING_STYLED_ITEM('',(#6993),#6111,#6785);
#7095=OVER_RIDING_STYLED_ITEM('',(#6817),#6123,#6785);
#7096=OVER_RIDING_STYLED_ITEM('',(#6993),#6140,#6785);
#7097=OVER_RIDING_STYLED_ITEM('',(#6993),#6152,#6785);
#7098=OVER_RIDING_STYLED_ITEM('',(#6817),#6172,#6785);
#7099=OVER_RIDING_STYLED_ITEM('',(#6993),#6200,#6785);
#7100=OVER_RIDING_STYLED_ITEM('',(#6817),#6212,#6785);
#7101=OVER_RIDING_STYLED_ITEM('',(#6993),#6229,#6785);
#7102=OVER_RIDING_STYLED_ITEM('',(#6993),#6241,#6785);
#7103=OVER_RIDING_STYLED_ITEM('',(#6817),#6261,#6785);
#7104=OVER_RIDING_STYLED_ITEM('',(#6993),#6289,#6785);
#7105=OVER_RIDING_STYLED_ITEM('',(#6817),#6301,#6785);
#7106=OVER_RIDING_STYLED_ITEM('',(#6993),#6318,#6785);
#7107=OVER_RIDING_STYLED_ITEM('',(#6993),#6330,#6785);
#7108=OVER_RIDING_STYLED_ITEM('',(#6817),#6350,#6785);
#7109=OVER_RIDING_STYLED_ITEM('',(#6993),#6378,#6785);
#7110=OVER_RIDING_STYLED_ITEM('',(#6817),#6390,#6785);
#7111=OVER_RIDING_STYLED_ITEM('',(#6993),#6407,#6785);
#7112=OVER_RIDING_STYLED_ITEM('',(#6993),#6419,#6785);
#7113=OVER_RIDING_STYLED_ITEM('',(#6817),#6439,#6785);
#7114=OVER_RIDING_STYLED_ITEM('',(#6993),#6467,#6785);
#7115=OVER_RIDING_STYLED_ITEM('',(#6817),#6479,#6785);
#7116=OVER_RIDING_STYLED_ITEM('',(#6993),#6496,#6785);
#7117=OVER_RIDING_STYLED_ITEM('',(#6993),#6508,#6785);
#7118=OVER_RIDING_STYLED_ITEM('',(#6817),#6528,#6785);
#7119=OVER_RIDING_STYLED_ITEM('',(#6993),#6556,#6785);
#7120=OVER_RIDING_STYLED_ITEM('',(#6817),#6568,#6785);
#7121=OVER_RIDING_STYLED_ITEM('',(#6993),#6585,#6785);
#7122=OVER_RIDING_STYLED_ITEM('',(#6993),#6597,#6785);
#7123=OVER_RIDING_STYLED_ITEM('',(#6817),#6617,#6785);
#7124=OVER_RIDING_STYLED_ITEM('',(#6993),#6645,#6785);
#7125=OVER_RIDING_STYLED_ITEM('',(#6817),#6657,#6785);
#7126=OVER_RIDING_STYLED_ITEM('',(#6993),#6674,#6785);
#7127=OVER_RIDING_STYLED_ITEM('',(#6993),#6686,#6785);
#7128=OVER_RIDING_STYLED_ITEM('',(#6817),#6706,#6785);
#7129=OVER_RIDING_STYLED_ITEM('',(#6993),#6734,#6785);
#7130=OVER_RIDING_STYLED_ITEM('',(#6817),#6746,#6785);
#7131=OVER_RIDING_STYLED_ITEM('',(#6993),#6763,#6785);
#7132=OVER_RIDING_STYLED_ITEM('',(#6993),#6775,#6785);
#7133=CARTESIAN_POINT('',(0.,0.,0.));
#7134=DIRECTION('',(0.,0.,1.));
#7135=DIRECTION('',(1.,0.,0.));
#7136=AXIS2_PLACEMENT_3D('Reference Axes',#7133,#7134,#7135);
#7137=ADVANCED_BREP_SHAPE_REPRESENTATION('',(#7136,#6777),#5);
#7138=SHAPE_DEFINITION_REPRESENTATION(#12,#7137);
#7139=MECHANICAL_DESIGN_GEOMETRIC_PRESENTATION_REPRESENTATION('',(
    #6785,#6793,#6794,#6795,#6796,#6797,#6798,#6799,#6800,#6801,
    #6802,#6803,#6804,#6805,#6806,#6807,#6808,#6809,#6810,#6818,
    #6819,#6820,#6821,#6822,#6823,#6824,#6825,#6826,#6827,#6828,
    #6829,#6830,#6831,#6832,#6833,#6834,#6835,#6836,#6837,#6838,
    #6839,#6840,#6841,#6842,#6843,#6844,#6845,#6846,#6847,#6848,
    #6849,#6850,#6851,#6852,#6853,#6854,#6855,#6856,#6857,#6858,
    #6859,#6860,#6861,#6862,#6863,#6864,#6865,#6866,#6867,#6868,
    #6869,#6870,#6871,#6872,#6873,#6874,#6875,#6876,#6877,#6878,
    #6879,#6880,#6881,#6882,#6883,#6884,#6885,#6886,#6887,#6888,
    #6889,#6890,#6891,#6892,#6893,#6894,#6895,#6896,#6897,#6898,
    #6899,#6900,#6901,#6902,#6903,#6904,#6905,#6906,#6907,#6908,
    #6909,#6910,#6911,#6912,#6913,#6914,#6915,#6916,#6917,#6918,
    #6919,#6920,#6921,#6922,#6923,#6924,#6925,#6926,#6927,#6928,
    #6929,#6930,#6931,#6932,#6933,#6934,#6935,#6936,#6937,#6938,
    #6939,#6940,#6941,#6942,#6943,#6944,#6945,#6946,#6947,#6948,
    #6949,#6950,#6951,#6952,#6953,#6954,#6955,#6956,#6957,#6958,
    #6959,#6960,#6961,#6962,#6963,#6964,#6965,#6966,#6967,#6968,
    #6969,#6970,#6971,#6972,#6973,#6974,#6975,#6976,#6977,#6978,
    #6979,#6980,#6981,#6982,#6983,#6984,#6985,#6986,#6994,#6995,
    #6996,#6997,#6998,#6999,#7000,#7001,#7002,#7003,#7004,#7005,
    #7006,#7007,#7008,#7009,#7010,#7011,#7012,#7013,#7014,#7015,
    #7016,#7017,#7018,#7019,#7020,#7021,#7022,#7023,#7024,#7025,
    #7026,#7027,#7028,#7029,#7030,#7031,#7032,#7033,#7034,#7035,
    #7036,#7037,#7038,#7039,#7040,#7041,#7042,#7043,#7044,#7045,
    #7046,#7047,#7048,#7049,#7050,#7051,#7052,#7053,#7054,#7055,
    #7056,#7057,#7058,#7059,#7060,#7061,#7062,#7063,#7064,#7065,
    #7066,#7067,#7068,#7069,#7070,#7071,#7072,#7073,#7074,#7075,
    #7076,#7077,#7078,#7079,#7080,#7081,#7082,#7083,#7084,#7085,
    #7086,#7087,#7088,#7089,#7090,#7091,#7092,#7093,#7094,#7095,
    #7096,#7097,#7098,#7099,#7100,#7101,#7102,#7103,#7104,#7105,
    #7106,#7107,#7108,#7109,#7110,#7111,#7112,#7113,#7114,#7115,
    #7116,#7117,#7118,#7119,#7120,#7121,#7122,#7123,#7124,#7125,
    #7126,#7127,#7128,#7129,#7130,#7131,#7132),#5);
ENDSEC;
END-ISO-10303-21;
