ISO-10303-21;

HEADER;
FILE_DESCRIPTION((' '),'2;1');
FILE_NAME( 'AR40-HZL-TT.stp',
           '2022-09-01T08:51:31',
           (' '),
           ('--- Datakit www.datakit.com---'),
           ' Datakit CrossCadWare V2022.3  Jun 15 2022',
           'DATAKIT 2022 (c)',
           ' ');
FILE_SCHEMA(('AP242_MANAGED_MODEL_BASED_3D_ENGINEERING_MIM_LF { 1 0 10303 442 1 1 4 }'));
ENDSEC;

DATA;
#1=APPLICATION_CONTEXT('Managed model based 3d engineering');
#2=APPLICATION_PROTOCOL_DEFINITION('international standard','ap242_managed_model_based_3d_engineering',2013,#1);
#3=(LENGTH_UNIT()NAMED_UNIT(*)SI_UNIT(.MILLI.,.METRE.));
#4=(NAMED_UNIT(*)PLANE_ANGLE_UNIT()SI_UNIT($,.RADIAN.));
#5=( GEOMETRIC_REPRESENTATION_CONTEXT(3)
       GLOBAL_UNCERTAINTY_ASSIGNED_CONTEXT((#6)) GLOBAL_UNIT_ASSIGNED_CONTEXT
  ((#3,#4)) REPRESENTATION_CONTEXT('Context #1',
  '3D Context with UNIT and UNCERTAINTY') );
#6=UNCERTAINTY_MEASURE_WITH_UNIT(LENGTH_MEASURE(0.005),#3,'distance_accuracy_value','Confusion accuracy');
#7=PRODUCT_CONTEXT('',#1,'mechanical');
#8=PRODUCT('AR40-HZL-TT','','',(#7));
#9=PRODUCT_DEFINITION_FORMATION('','',#8);
#10=PRODUCT_DEFINITION_CONTEXT('part definition',#1,'design');
#11=PRODUCT_DEFINITION('design','',#9,#10);
#12=PRODUCT_DEFINITION_SHAPE('','',#11);
#13=PRODUCT_CATEGORY('part',$);
#14=PRODUCT_RELATED_PRODUCT_CATEGORY('part',$,(#8));
#15=PRODUCT_CATEGORY_RELATIONSHIP('','',#13,#14);
#16=CARTESIAN_POINT('',(-7.62,22.275,1.7));
#17=VERTEX_POINT('',#16);
#18=CARTESIAN_POINT('',(-7.62,21.59,1.7));
#19=DIRECTION('',(-0.0,0.0,-1.0));
#20=DIRECTION('',(-0.0,1.0,0.0));
#21=AXIS2_PLACEMENT_3D('',#18,#19,#20);
#22=CIRCLE('',#21,0.685);
#23=EDGE_CURVE('n° 4665',#17,#17,#22,.T.);
#24=ORIENTED_EDGE('',*,*,#23,.F.);
#25=EDGE_LOOP('',(#24));
#26=FACE_OUTER_BOUND('',#25,.T.);
#27=CARTESIAN_POINT('',(-7.62,17.195,1.7));
#28=VERTEX_POINT('',#27);
#29=CARTESIAN_POINT('',(-7.62,16.51,1.7));
#30=DIRECTION('',(-0.0,0.0,-1.0));
#31=DIRECTION('',(-0.0,1.0,0.0));
#32=AXIS2_PLACEMENT_3D('',#29,#30,#31);
#33=CIRCLE('',#32,0.685);
#34=EDGE_CURVE('n° 4453',#28,#28,#33,.T.);
#35=ORIENTED_EDGE('',*,*,#34,.F.);
#36=EDGE_LOOP('',(#35));
#37=FACE_BOUND('',#36,.T.);
#38=CARTESIAN_POINT('',(-7.62,12.115,1.7));
#39=VERTEX_POINT('',#38);
#40=CARTESIAN_POINT('',(-7.62,11.43,1.7));
#41=DIRECTION('',(-0.0,0.0,-1.0));
#42=DIRECTION('',(-0.0,1.0,0.0));
#43=AXIS2_PLACEMENT_3D('',#40,#41,#42);
#44=CIRCLE('',#43,0.685);
#45=EDGE_CURVE('n° 4241',#39,#39,#44,.T.);
#46=ORIENTED_EDGE('',*,*,#45,.F.);
#47=EDGE_LOOP('',(#46));
#48=FACE_BOUND('',#47,.T.);
#49=CARTESIAN_POINT('',(-7.62,7.035,1.7));
#50=VERTEX_POINT('',#49);
#51=CARTESIAN_POINT('',(-7.62,6.35,1.7));
#52=DIRECTION('',(-0.0,0.0,-1.0));
#53=DIRECTION('',(-0.0,1.0,0.0));
#54=AXIS2_PLACEMENT_3D('',#51,#52,#53);
#55=CIRCLE('',#54,0.685);
#56=EDGE_CURVE('n° 4029',#50,#50,#55,.T.);
#57=ORIENTED_EDGE('',*,*,#56,.F.);
#58=EDGE_LOOP('',(#57));
#59=FACE_BOUND('',#58,.T.);
#60=CARTESIAN_POINT('',(-7.62,1.955,1.7));
#61=VERTEX_POINT('',#60);
#62=CARTESIAN_POINT('',(-7.62,1.27,1.7));
#63=DIRECTION('',(-0.0,0.0,-1.0));
#64=DIRECTION('',(-0.0,1.0,0.0));
#65=AXIS2_PLACEMENT_3D('',#62,#63,#64);
#66=CIRCLE('',#65,0.685);
#67=EDGE_CURVE('n° 3817',#61,#61,#66,.T.);
#68=ORIENTED_EDGE('',*,*,#67,.F.);
#69=EDGE_LOOP('',(#68));
#70=FACE_BOUND('',#69,.T.);
#71=CARTESIAN_POINT('',(-7.62,-3.125,1.7));
#72=VERTEX_POINT('',#71);
#73=CARTESIAN_POINT('',(-7.62,-3.81,1.7));
#74=DIRECTION('',(-0.0,0.0,-1.0));
#75=DIRECTION('',(-0.0,1.0,0.0));
#76=AXIS2_PLACEMENT_3D('',#73,#74,#75);
#77=CIRCLE('',#76,0.685);
#78=EDGE_CURVE('n° 3605',#72,#72,#77,.T.);
#79=ORIENTED_EDGE('',*,*,#78,.F.);
#80=EDGE_LOOP('',(#79));
#81=FACE_BOUND('',#80,.T.);
#82=CARTESIAN_POINT('',(-7.62,-8.205,1.7));
#83=VERTEX_POINT('',#82);
#84=CARTESIAN_POINT('',(-7.62,-8.89,1.7));
#85=DIRECTION('',(-0.0,0.0,-1.0));
#86=DIRECTION('',(-0.0,1.0,0.0));
#87=AXIS2_PLACEMENT_3D('',#84,#85,#86);
#88=CIRCLE('',#87,0.685);
#89=EDGE_CURVE('n° 3393',#83,#83,#88,.T.);
#90=ORIENTED_EDGE('',*,*,#89,.F.);
#91=EDGE_LOOP('',(#90));
#92=FACE_BOUND('',#91,.T.);
#93=CARTESIAN_POINT('',(-7.62,-13.285,1.7));
#94=VERTEX_POINT('',#93);
#95=CARTESIAN_POINT('',(-7.62,-13.97,1.7));
#96=DIRECTION('',(-0.0,0.0,-1.0));
#97=DIRECTION('',(-0.0,1.0,0.0));
#98=AXIS2_PLACEMENT_3D('',#95,#96,#97);
#99=CIRCLE('',#98,0.685);
#100=EDGE_CURVE('n° 3181',#94,#94,#99,.T.);
#101=ORIENTED_EDGE('',*,*,#100,.F.);
#102=EDGE_LOOP('',(#101));
#103=FACE_BOUND('',#102,.T.);
#104=CARTESIAN_POINT('',(-7.62,-18.365,1.7));
#105=VERTEX_POINT('',#104);
#106=CARTESIAN_POINT('',(-7.62,-19.05,1.7));
#107=DIRECTION('',(-0.0,0.0,-1.0));
#108=DIRECTION('',(-0.0,1.0,0.0));
#109=AXIS2_PLACEMENT_3D('',#106,#107,#108);
#110=CIRCLE('',#109,0.685);
#111=EDGE_CURVE('n° 2969',#105,#105,#110,.T.);
#112=ORIENTED_EDGE('',*,*,#111,.F.);
#113=EDGE_LOOP('',(#112));
#114=FACE_BOUND('',#113,.T.);
#115=CARTESIAN_POINT('',(-7.62,-23.445,1.7));
#116=VERTEX_POINT('',#115);
#117=CARTESIAN_POINT('',(-7.62,-24.13,1.7));
#118=DIRECTION('',(-0.0,0.0,-1.0));
#119=DIRECTION('',(-0.0,1.0,0.0));
#120=AXIS2_PLACEMENT_3D('',#117,#118,#119);
#121=CIRCLE('',#120,0.685);
#122=EDGE_CURVE('n° 2757',#116,#116,#121,.T.);
#123=ORIENTED_EDGE('',*,*,#122,.F.);
#124=EDGE_LOOP('',(#123));
#125=FACE_BOUND('',#124,.T.);
#126=CARTESIAN_POINT('',(7.62,22.275,1.7));
#127=VERTEX_POINT('',#126);
#128=CARTESIAN_POINT('',(7.62,21.59,1.7));
#129=DIRECTION('',(-0.0,0.0,-1.0));
#130=DIRECTION('',(-0.0,1.0,0.0));
#131=AXIS2_PLACEMENT_3D('',#128,#129,#130);
#132=CIRCLE('',#131,0.685);
#133=EDGE_CURVE('n° 2539',#127,#127,#132,.T.);
#134=ORIENTED_EDGE('',*,*,#133,.F.);
#135=EDGE_LOOP('',(#134));
#136=FACE_BOUND('',#135,.T.);
#137=CARTESIAN_POINT('',(7.62,17.195,1.7));
#138=VERTEX_POINT('',#137);
#139=CARTESIAN_POINT('',(7.62,16.51,1.7));
#140=DIRECTION('',(-0.0,0.0,-1.0));
#141=DIRECTION('',(-0.0,1.0,0.0));
#142=AXIS2_PLACEMENT_3D('',#139,#140,#141);
#143=CIRCLE('',#142,0.685);
#144=EDGE_CURVE('n° 2327',#138,#138,#143,.T.);
#145=ORIENTED_EDGE('',*,*,#144,.F.);
#146=EDGE_LOOP('',(#145));
#147=FACE_BOUND('',#146,.T.);
#148=CARTESIAN_POINT('',(7.62,12.115,1.7));
#149=VERTEX_POINT('',#148);
#150=CARTESIAN_POINT('',(7.62,11.43,1.7));
#151=DIRECTION('',(-0.0,0.0,-1.0));
#152=DIRECTION('',(-0.0,1.0,0.0));
#153=AXIS2_PLACEMENT_3D('',#150,#151,#152);
#154=CIRCLE('',#153,0.685);
#155=EDGE_CURVE('n° 2115',#149,#149,#154,.T.);
#156=ORIENTED_EDGE('',*,*,#155,.F.);
#157=EDGE_LOOP('',(#156));
#158=FACE_BOUND('',#157,.T.);
#159=CARTESIAN_POINT('',(7.62,7.035,1.7));
#160=VERTEX_POINT('',#159);
#161=CARTESIAN_POINT('',(7.62,6.35,1.7));
#162=DIRECTION('',(-0.0,0.0,-1.0));
#163=DIRECTION('',(-0.0,1.0,0.0));
#164=AXIS2_PLACEMENT_3D('',#161,#162,#163);
#165=CIRCLE('',#164,0.685);
#166=EDGE_CURVE('n° 1903',#160,#160,#165,.T.);
#167=ORIENTED_EDGE('',*,*,#166,.F.);
#168=EDGE_LOOP('',(#167));
#169=FACE_BOUND('',#168,.T.);
#170=CARTESIAN_POINT('',(7.62,1.955,1.7));
#171=VERTEX_POINT('',#170);
#172=CARTESIAN_POINT('',(7.62,1.27,1.7));
#173=DIRECTION('',(-0.0,0.0,-1.0));
#174=DIRECTION('',(-0.0,1.0,0.0));
#175=AXIS2_PLACEMENT_3D('',#172,#173,#174);
#176=CIRCLE('',#175,0.685);
#177=EDGE_CURVE('n° 1691',#171,#171,#176,.T.);
#178=ORIENTED_EDGE('',*,*,#177,.F.);
#179=EDGE_LOOP('',(#178));
#180=FACE_BOUND('',#179,.T.);
#181=CARTESIAN_POINT('',(7.62,-3.125,1.7));
#182=VERTEX_POINT('',#181);
#183=CARTESIAN_POINT('',(7.62,-3.81,1.7));
#184=DIRECTION('',(-0.0,0.0,-1.0));
#185=DIRECTION('',(-0.0,1.0,0.0));
#186=AXIS2_PLACEMENT_3D('',#183,#184,#185);
#187=CIRCLE('',#186,0.685);
#188=EDGE_CURVE('n° 1479',#182,#182,#187,.T.);
#189=ORIENTED_EDGE('',*,*,#188,.F.);
#190=EDGE_LOOP('',(#189));
#191=FACE_BOUND('',#190,.T.);
#192=CARTESIAN_POINT('',(7.62,-8.205,1.7));
#193=VERTEX_POINT('',#192);
#194=CARTESIAN_POINT('',(7.62,-8.89,1.7));
#195=DIRECTION('',(-0.0,0.0,-1.0));
#196=DIRECTION('',(-0.0,1.0,0.0));
#197=AXIS2_PLACEMENT_3D('',#194,#195,#196);
#198=CIRCLE('',#197,0.685);
#199=EDGE_CURVE('n° 1267',#193,#193,#198,.T.);
#200=ORIENTED_EDGE('',*,*,#199,.F.);
#201=EDGE_LOOP('',(#200));
#202=FACE_BOUND('',#201,.T.);
#203=CARTESIAN_POINT('',(7.62,-13.285,1.7));
#204=VERTEX_POINT('',#203);
#205=CARTESIAN_POINT('',(7.62,-13.97,1.7));
#206=DIRECTION('',(-0.0,0.0,-1.0));
#207=DIRECTION('',(-0.0,1.0,0.0));
#208=AXIS2_PLACEMENT_3D('',#205,#206,#207);
#209=CIRCLE('',#208,0.685);
#210=EDGE_CURVE('n° 1055',#204,#204,#209,.T.);
#211=ORIENTED_EDGE('',*,*,#210,.F.);
#212=EDGE_LOOP('',(#211));
#213=FACE_BOUND('',#212,.T.);
#214=CARTESIAN_POINT('',(7.62,-18.365,1.7));
#215=VERTEX_POINT('',#214);
#216=CARTESIAN_POINT('',(7.62,-19.05,1.7));
#217=DIRECTION('',(-0.0,0.0,-1.0));
#218=DIRECTION('',(-0.0,1.0,0.0));
#219=AXIS2_PLACEMENT_3D('',#216,#217,#218);
#220=CIRCLE('',#219,0.685);
#221=EDGE_CURVE('n° 843',#215,#215,#220,.T.);
#222=ORIENTED_EDGE('',*,*,#221,.F.);
#223=EDGE_LOOP('',(#222));
#224=FACE_BOUND('',#223,.T.);
#225=CARTESIAN_POINT('',(7.62,-23.445,1.7));
#226=VERTEX_POINT('',#225);
#227=CARTESIAN_POINT('',(7.62,-24.13,1.7));
#228=DIRECTION('',(-0.0,0.0,-1.0));
#229=DIRECTION('',(-0.0,1.0,0.0));
#230=AXIS2_PLACEMENT_3D('',#227,#228,#229);
#231=CIRCLE('',#230,0.685);
#232=EDGE_CURVE('n° 631',#226,#226,#231,.T.);
#233=ORIENTED_EDGE('',*,*,#232,.F.);
#234=EDGE_LOOP('',(#233));
#235=FACE_BOUND('',#234,.T.);
#236=CARTESIAN_POINT('',(6.35,1.5,1.7));
#237=VERTEX_POINT('',#236);
#238=CARTESIAN_POINT('',(6.35,22.4,1.7));
#239=VERTEX_POINT('',#238);
#240=CARTESIAN_POINT('',(6.35,25.4,1.7));
#241=DIRECTION('',(-0.0,1.0,0.0));
#242=VECTOR('',#241,1.0);
#243=LINE('',#240,#242);
#244=EDGE_CURVE('n° 339',#237,#239,#243,.T.);
#245=ORIENTED_EDGE('',*,*,#244,.T.);
#246=CARTESIAN_POINT('',(-6.35,22.4,1.7));
#247=VERTEX_POINT('',#246);
#248=CARTESIAN_POINT('',(8.89,22.4,1.7));
#249=DIRECTION('',(-1.0,-0.0,0.0));
#250=VECTOR('',#249,1.0);
#251=LINE('',#248,#250);
#252=EDGE_CURVE('n° 342',#239,#247,#251,.T.);
#253=ORIENTED_EDGE('',*,*,#252,.T.);
#254=CARTESIAN_POINT('',(-6.35,1.5,1.7));
#255=VERTEX_POINT('',#254);
#256=CARTESIAN_POINT('',(-6.35,25.4,1.7));
#257=DIRECTION('',(0.0,-1.0,-0.0));
#258=VECTOR('',#257,1.0);
#259=LINE('',#256,#258);
#260=EDGE_CURVE('n° 331',#247,#255,#259,.T.);
#261=ORIENTED_EDGE('',*,*,#260,.T.);
#262=CARTESIAN_POINT('',(8.89,1.5,1.7));
#263=DIRECTION('',(1.0,0.0,0.0));
#264=VECTOR('',#263,1.0);
#265=LINE('',#262,#264);
#266=EDGE_CURVE('n° 335',#255,#237,#265,.T.);
#267=ORIENTED_EDGE('',*,*,#266,.T.);
#268=EDGE_LOOP('',(#245,#253,#261,#267));
#269=FACE_BOUND('',#268,.T.);
#270=CARTESIAN_POINT('',(6.35,-22.4,1.7));
#271=VERTEX_POINT('',#270);
#272=CARTESIAN_POINT('',(6.35,-1.5,1.7));
#273=VERTEX_POINT('',#272);
#274=CARTESIAN_POINT('',(6.35,25.4,1.7));
#275=DIRECTION('',(-0.0,1.0,0.0));
#276=VECTOR('',#275,1.0);
#277=LINE('',#274,#276);
#278=EDGE_CURVE('n° 132',#271,#273,#277,.T.);
#279=ORIENTED_EDGE('',*,*,#278,.T.);
#280=CARTESIAN_POINT('',(-6.35,-1.5,1.7));
#281=VERTEX_POINT('',#280);
#282=CARTESIAN_POINT('',(8.89,-1.5,1.7));
#283=DIRECTION('',(-1.0,-0.0,0.0));
#284=VECTOR('',#283,1.0);
#285=LINE('',#282,#284);
#286=EDGE_CURVE('n° 135',#273,#281,#285,.T.);
#287=ORIENTED_EDGE('',*,*,#286,.T.);
#288=CARTESIAN_POINT('',(-6.35,-22.4,1.7));
#289=VERTEX_POINT('',#288);
#290=CARTESIAN_POINT('',(-6.35,25.4,1.7));
#291=DIRECTION('',(0.0,-1.0,-0.0));
#292=VECTOR('',#291,1.0);
#293=LINE('',#290,#292);
#294=EDGE_CURVE('n° 124',#281,#289,#293,.T.);
#295=ORIENTED_EDGE('',*,*,#294,.T.);
#296=CARTESIAN_POINT('',(8.89,-22.4,1.7));
#297=DIRECTION('',(1.0,0.0,0.0));
#298=VECTOR('',#297,1.0);
#299=LINE('',#296,#298);
#300=EDGE_CURVE('n° 128',#289,#271,#299,.T.);
#301=ORIENTED_EDGE('',*,*,#300,.T.);
#302=EDGE_LOOP('',(#279,#287,#295,#301));
#303=FACE_BOUND('',#302,.T.);
#304=CARTESIAN_POINT('',(-1.2489995997,25.4,1.7));
#305=VERTEX_POINT('',#304);
#306=CARTESIAN_POINT('',(-8.89,25.4,1.7));
#307=VERTEX_POINT('',#306);
#308=CARTESIAN_POINT('',(8.89,25.4,1.7));
#309=DIRECTION('',(-1.0,-0.0,0.0));
#310=VECTOR('',#309,1.0);
#311=LINE('',#308,#310);
#312=EDGE_CURVE('n° 544',#305,#307,#311,.T.);
#313=ORIENTED_EDGE('',*,*,#312,.F.);
#314=CARTESIAN_POINT('',(1.2489995997,25.4,1.7));
#315=VERTEX_POINT('',#314);
#316=CARTESIAN_POINT('',(-0.0,25.68,1.7));
#317=DIRECTION('',(0.0,-0.0,1.0));
#318=DIRECTION('',(-0.0,1.0,0.0));
#319=AXIS2_PLACEMENT_3D('',#316,#317,#318);
#320=CIRCLE('',#319,1.28);
#321=EDGE_CURVE('n° 565',#305,#315,#320,.T.);
#322=ORIENTED_EDGE('',*,*,#321,.T.);
#323=CARTESIAN_POINT('',(8.89,25.4,1.7));
#324=VERTEX_POINT('',#323);
#325=CARTESIAN_POINT('',(8.89,25.4,1.7));
#326=DIRECTION('',(-1.0,-0.0,0.0));
#327=VECTOR('',#326,1.0);
#328=LINE('',#325,#327);
#329=EDGE_CURVE('n° 10',#324,#315,#328,.T.);
#330=ORIENTED_EDGE('',*,*,#329,.F.);
#331=CARTESIAN_POINT('',(8.89,-25.4,1.7));
#332=VERTEX_POINT('',#331);
#333=CARTESIAN_POINT('',(8.89,25.4,1.7));
#334=DIRECTION('',(0.0,-1.0,-0.0));
#335=VECTOR('',#334,1.0);
#336=LINE('',#333,#335);
#337=EDGE_CURVE('n° 83',#324,#332,#336,.T.);
#338=ORIENTED_EDGE('',*,*,#337,.T.);
#339=CARTESIAN_POINT('',(-8.89,-25.4,1.7));
#340=VERTEX_POINT('',#339);
#341=CARTESIAN_POINT('',(8.89,-25.4,1.7));
#342=DIRECTION('',(-1.0,-0.0,0.0));
#343=VECTOR('',#342,1.0);
#344=LINE('',#341,#343);
#345=EDGE_CURVE('n° 46',#332,#340,#344,.T.);
#346=ORIENTED_EDGE('',*,*,#345,.T.);
#347=CARTESIAN_POINT('',(-8.89,25.4,1.7));
#348=DIRECTION('',(0.0,-1.0,-0.0));
#349=VECTOR('',#348,1.0);
#350=LINE('',#347,#349);
#351=EDGE_CURVE('n° 85',#307,#340,#350,.T.);
#352=ORIENTED_EDGE('',*,*,#351,.F.);
#353=EDGE_LOOP('',(#313,#322,#330,#338,#346,#352));
#354=FACE_BOUND('',#353,.T.);
#355=CARTESIAN_POINT('',(7.62,-20.905,1.7));
#356=VERTEX_POINT('',#355);
#357=CARTESIAN_POINT('',(7.62,-21.59,1.7));
#358=DIRECTION('',(-0.0,0.0,-1.0));
#359=DIRECTION('',(-0.0,1.0,0.0));
#360=AXIS2_PLACEMENT_3D('',#357,#358,#359);
#361=CIRCLE('',#360,0.685);
#362=EDGE_CURVE('n° 737',#356,#356,#361,.T.);
#363=ORIENTED_EDGE('',*,*,#362,.F.);
#364=EDGE_LOOP('',(#363));
#365=FACE_BOUND('',#364,.T.);
#366=CARTESIAN_POINT('',(7.62,-15.825,1.7));
#367=VERTEX_POINT('',#366);
#368=CARTESIAN_POINT('',(7.62,-16.51,1.7));
#369=DIRECTION('',(-0.0,0.0,-1.0));
#370=DIRECTION('',(-0.0,1.0,0.0));
#371=AXIS2_PLACEMENT_3D('',#368,#369,#370);
#372=CIRCLE('',#371,0.685);
#373=EDGE_CURVE('n° 949',#367,#367,#372,.T.);
#374=ORIENTED_EDGE('',*,*,#373,.F.);
#375=EDGE_LOOP('',(#374));
#376=FACE_BOUND('',#375,.T.);
#377=CARTESIAN_POINT('',(7.62,-10.745,1.7));
#378=VERTEX_POINT('',#377);
#379=CARTESIAN_POINT('',(7.62,-11.43,1.7));
#380=DIRECTION('',(-0.0,0.0,-1.0));
#381=DIRECTION('',(-0.0,1.0,0.0));
#382=AXIS2_PLACEMENT_3D('',#379,#380,#381);
#383=CIRCLE('',#382,0.685);
#384=EDGE_CURVE('n° 1161',#378,#378,#383,.T.);
#385=ORIENTED_EDGE('',*,*,#384,.F.);
#386=EDGE_LOOP('',(#385));
#387=FACE_BOUND('',#386,.T.);
#388=CARTESIAN_POINT('',(7.62,-5.665,1.7));
#389=VERTEX_POINT('',#388);
#390=CARTESIAN_POINT('',(7.62,-6.35,1.7));
#391=DIRECTION('',(-0.0,0.0,-1.0));
#392=DIRECTION('',(-0.0,1.0,0.0));
#393=AXIS2_PLACEMENT_3D('',#390,#391,#392);
#394=CIRCLE('',#393,0.685);
#395=EDGE_CURVE('n° 1373',#389,#389,#394,.T.);
#396=ORIENTED_EDGE('',*,*,#395,.F.);
#397=EDGE_LOOP('',(#396));
#398=FACE_BOUND('',#397,.T.);
#399=CARTESIAN_POINT('',(7.62,-0.585,1.7));
#400=VERTEX_POINT('',#399);
#401=CARTESIAN_POINT('',(7.62,-1.27,1.7));
#402=DIRECTION('',(-0.0,0.0,-1.0));
#403=DIRECTION('',(-0.0,1.0,0.0));
#404=AXIS2_PLACEMENT_3D('',#401,#402,#403);
#405=CIRCLE('',#404,0.685);
#406=EDGE_CURVE('n° 1585',#400,#400,#405,.T.);
#407=ORIENTED_EDGE('',*,*,#406,.F.);
#408=EDGE_LOOP('',(#407));
#409=FACE_BOUND('',#408,.T.);
#410=CARTESIAN_POINT('',(7.62,4.495,1.7));
#411=VERTEX_POINT('',#410);
#412=CARTESIAN_POINT('',(7.62,3.81,1.7));
#413=DIRECTION('',(-0.0,0.0,-1.0));
#414=DIRECTION('',(-0.0,1.0,0.0));
#415=AXIS2_PLACEMENT_3D('',#412,#413,#414);
#416=CIRCLE('',#415,0.685);
#417=EDGE_CURVE('n° 1797',#411,#411,#416,.T.);
#418=ORIENTED_EDGE('',*,*,#417,.F.);
#419=EDGE_LOOP('',(#418));
#420=FACE_BOUND('',#419,.T.);
#421=CARTESIAN_POINT('',(7.62,9.575,1.7));
#422=VERTEX_POINT('',#421);
#423=CARTESIAN_POINT('',(7.62,8.89,1.7));
#424=DIRECTION('',(-0.0,0.0,-1.0));
#425=DIRECTION('',(-0.0,1.0,0.0));
#426=AXIS2_PLACEMENT_3D('',#423,#424,#425);
#427=CIRCLE('',#426,0.685);
#428=EDGE_CURVE('n° 2009',#422,#422,#427,.T.);
#429=ORIENTED_EDGE('',*,*,#428,.F.);
#430=EDGE_LOOP('',(#429));
#431=FACE_BOUND('',#430,.T.);
#432=CARTESIAN_POINT('',(7.62,14.655,1.7));
#433=VERTEX_POINT('',#432);
#434=CARTESIAN_POINT('',(7.62,13.97,1.7));
#435=DIRECTION('',(-0.0,0.0,-1.0));
#436=DIRECTION('',(-0.0,1.0,0.0));
#437=AXIS2_PLACEMENT_3D('',#434,#435,#436);
#438=CIRCLE('',#437,0.685);
#439=EDGE_CURVE('n° 2221',#433,#433,#438,.T.);
#440=ORIENTED_EDGE('',*,*,#439,.F.);
#441=EDGE_LOOP('',(#440));
#442=FACE_BOUND('',#441,.T.);
#443=CARTESIAN_POINT('',(7.62,19.735,1.7));
#444=VERTEX_POINT('',#443);
#445=CARTESIAN_POINT('',(7.62,19.05,1.7));
#446=DIRECTION('',(-0.0,0.0,-1.0));
#447=DIRECTION('',(-0.0,1.0,0.0));
#448=AXIS2_PLACEMENT_3D('',#445,#446,#447);
#449=CIRCLE('',#448,0.685);
#450=EDGE_CURVE('n° 2433',#444,#444,#449,.T.);
#451=ORIENTED_EDGE('',*,*,#450,.F.);
#452=EDGE_LOOP('',(#451));
#453=FACE_BOUND('',#452,.T.);
#454=CARTESIAN_POINT('',(7.62,24.815,1.7));
#455=VERTEX_POINT('',#454);
#456=CARTESIAN_POINT('',(7.62,24.13,1.7));
#457=DIRECTION('',(-0.0,0.0,-1.0));
#458=DIRECTION('',(-0.0,1.0,0.0));
#459=AXIS2_PLACEMENT_3D('',#456,#457,#458);
#460=CIRCLE('',#459,0.685);
#461=EDGE_CURVE('n° 2645',#455,#455,#460,.T.);
#462=ORIENTED_EDGE('',*,*,#461,.F.);
#463=EDGE_LOOP('',(#462));
#464=FACE_BOUND('',#463,.T.);
#465=CARTESIAN_POINT('',(-7.62,-20.905,1.7));
#466=VERTEX_POINT('',#465);
#467=CARTESIAN_POINT('',(-7.62,-21.59,1.7));
#468=DIRECTION('',(-0.0,0.0,-1.0));
#469=DIRECTION('',(-0.0,1.0,0.0));
#470=AXIS2_PLACEMENT_3D('',#467,#468,#469);
#471=CIRCLE('',#470,0.685);
#472=EDGE_CURVE('n° 2863',#466,#466,#471,.T.);
#473=ORIENTED_EDGE('',*,*,#472,.F.);
#474=EDGE_LOOP('',(#473));
#475=FACE_BOUND('',#474,.T.);
#476=CARTESIAN_POINT('',(-7.62,-15.825,1.7));
#477=VERTEX_POINT('',#476);
#478=CARTESIAN_POINT('',(-7.62,-16.51,1.7));
#479=DIRECTION('',(-0.0,0.0,-1.0));
#480=DIRECTION('',(-0.0,1.0,0.0));
#481=AXIS2_PLACEMENT_3D('',#478,#479,#480);
#482=CIRCLE('',#481,0.685);
#483=EDGE_CURVE('n° 3075',#477,#477,#482,.T.);
#484=ORIENTED_EDGE('',*,*,#483,.F.);
#485=EDGE_LOOP('',(#484));
#486=FACE_BOUND('',#485,.T.);
#487=CARTESIAN_POINT('',(-7.62,-10.745,1.7));
#488=VERTEX_POINT('',#487);
#489=CARTESIAN_POINT('',(-7.62,-11.43,1.7));
#490=DIRECTION('',(-0.0,0.0,-1.0));
#491=DIRECTION('',(-0.0,1.0,0.0));
#492=AXIS2_PLACEMENT_3D('',#489,#490,#491);
#493=CIRCLE('',#492,0.685);
#494=EDGE_CURVE('n° 3287',#488,#488,#493,.T.);
#495=ORIENTED_EDGE('',*,*,#494,.F.);
#496=EDGE_LOOP('',(#495));
#497=FACE_BOUND('',#496,.T.);
#498=CARTESIAN_POINT('',(-7.62,-5.665,1.7));
#499=VERTEX_POINT('',#498);
#500=CARTESIAN_POINT('',(-7.62,-6.35,1.7));
#501=DIRECTION('',(-0.0,0.0,-1.0));
#502=DIRECTION('',(-0.0,1.0,0.0));
#503=AXIS2_PLACEMENT_3D('',#500,#501,#502);
#504=CIRCLE('',#503,0.685);
#505=EDGE_CURVE('n° 3499',#499,#499,#504,.T.);
#506=ORIENTED_EDGE('',*,*,#505,.F.);
#507=EDGE_LOOP('',(#506));
#508=FACE_BOUND('',#507,.T.);
#509=CARTESIAN_POINT('',(-7.62,-0.585,1.7));
#510=VERTEX_POINT('',#509);
#511=CARTESIAN_POINT('',(-7.62,-1.27,1.7));
#512=DIRECTION('',(-0.0,0.0,-1.0));
#513=DIRECTION('',(-0.0,1.0,0.0));
#514=AXIS2_PLACEMENT_3D('',#511,#512,#513);
#515=CIRCLE('',#514,0.685);
#516=EDGE_CURVE('n° 3711',#510,#510,#515,.T.);
#517=ORIENTED_EDGE('',*,*,#516,.F.);
#518=EDGE_LOOP('',(#517));
#519=FACE_BOUND('',#518,.T.);
#520=CARTESIAN_POINT('',(-7.62,4.495,1.7));
#521=VERTEX_POINT('',#520);
#522=CARTESIAN_POINT('',(-7.62,3.81,1.7));
#523=DIRECTION('',(-0.0,0.0,-1.0));
#524=DIRECTION('',(-0.0,1.0,0.0));
#525=AXIS2_PLACEMENT_3D('',#522,#523,#524);
#526=CIRCLE('',#525,0.685);
#527=EDGE_CURVE('n° 3923',#521,#521,#526,.T.);
#528=ORIENTED_EDGE('',*,*,#527,.F.);
#529=EDGE_LOOP('',(#528));
#530=FACE_BOUND('',#529,.T.);
#531=CARTESIAN_POINT('',(-7.62,9.575,1.7));
#532=VERTEX_POINT('',#531);
#533=CARTESIAN_POINT('',(-7.62,8.89,1.7));
#534=DIRECTION('',(-0.0,0.0,-1.0));
#535=DIRECTION('',(-0.0,1.0,0.0));
#536=AXIS2_PLACEMENT_3D('',#533,#534,#535);
#537=CIRCLE('',#536,0.685);
#538=EDGE_CURVE('n° 4135',#532,#532,#537,.T.);
#539=ORIENTED_EDGE('',*,*,#538,.F.);
#540=EDGE_LOOP('',(#539));
#541=FACE_BOUND('',#540,.T.);
#542=CARTESIAN_POINT('',(-7.62,14.655,1.7));
#543=VERTEX_POINT('',#542);
#544=CARTESIAN_POINT('',(-7.62,13.97,1.7));
#545=DIRECTION('',(-0.0,0.0,-1.0));
#546=DIRECTION('',(-0.0,1.0,0.0));
#547=AXIS2_PLACEMENT_3D('',#544,#545,#546);
#548=CIRCLE('',#547,0.685);
#549=EDGE_CURVE('n° 4347',#543,#543,#548,.T.);
#550=ORIENTED_EDGE('',*,*,#549,.F.);
#551=EDGE_LOOP('',(#550));
#552=FACE_BOUND('',#551,.T.);
#553=CARTESIAN_POINT('',(-7.62,19.735,1.7));
#554=VERTEX_POINT('',#553);
#555=CARTESIAN_POINT('',(-7.62,19.05,1.7));
#556=DIRECTION('',(-0.0,0.0,-1.0));
#557=DIRECTION('',(-0.0,1.0,0.0));
#558=AXIS2_PLACEMENT_3D('',#555,#556,#557);
#559=CIRCLE('',#558,0.685);
#560=EDGE_CURVE('n° 4559',#554,#554,#559,.T.);
#561=ORIENTED_EDGE('',*,*,#560,.F.);
#562=EDGE_LOOP('',(#561));
#563=FACE_BOUND('',#562,.T.);
#564=CARTESIAN_POINT('',(-7.62,24.815,1.7));
#565=VERTEX_POINT('',#564);
#566=CARTESIAN_POINT('',(-7.62,24.13,1.7));
#567=DIRECTION('',(-0.0,0.0,-1.0));
#568=DIRECTION('',(-0.0,1.0,0.0));
#569=AXIS2_PLACEMENT_3D('',#566,#567,#568);
#570=CIRCLE('',#569,0.685);
#571=EDGE_CURVE('n° 4771',#565,#565,#570,.T.);
#572=ORIENTED_EDGE('',*,*,#571,.F.);
#573=EDGE_LOOP('',(#572));
#574=FACE_BOUND('',#573,.T.);
#575=CARTESIAN_POINT('',(8.89,25.4,1.7));
#576=DIRECTION('',(0.0,-0.0,1.0));
#577=DIRECTION('',(-0.0,1.0,0.0));
#578=AXIS2_PLACEMENT_3D('',#575,#576,#577);
#579=PLANE('',#578);
#580=ADVANCED_FACE('n° 89',(#26,#37,#48,#59,#70,#81,#92,#103,#114,#125,
    #136,#147,#158,#169,#180,#191,#202,#213,#224,#235,#269,#303,#354,#365,#376,#387,#398,#409,#420,#431,
    #442,#453,#464,#475,#486,#497,#508,#519,#530,#541,#552,#563,#574),#579,.F.);
#581=CARTESIAN_POINT('',(-8.535,21.59,4.7));
#582=VERTEX_POINT('',#581);
#583=CARTESIAN_POINT('',(-7.62,21.59,4.7));
#584=DIRECTION('',(-0.0,-0.0,1.0));
#585=DIRECTION('',(-1.0,-0.0,-0.0));
#586=AXIS2_PLACEMENT_3D('',#583,#584,#585);
#587=CIRCLE('',#586,0.915);
#588=EDGE_CURVE('n° 4659',#582,#582,#587,.T.);
#589=ORIENTED_EDGE('',*,*,#588,.F.);
#590=EDGE_LOOP('',(#589));
#591=FACE_OUTER_BOUND('',#590,.T.);
#592=CARTESIAN_POINT('',(-8.535,16.51,4.7));
#593=VERTEX_POINT('',#592);
#594=CARTESIAN_POINT('',(-7.62,16.51,4.7));
#595=DIRECTION('',(-0.0,-0.0,1.0));
#596=DIRECTION('',(-1.0,-0.0,-0.0));
#597=AXIS2_PLACEMENT_3D('',#594,#595,#596);
#598=CIRCLE('',#597,0.915);
#599=EDGE_CURVE('n° 4447',#593,#593,#598,.T.);
#600=ORIENTED_EDGE('',*,*,#599,.F.);
#601=EDGE_LOOP('',(#600));
#602=FACE_BOUND('',#601,.T.);
#603=CARTESIAN_POINT('',(-8.535,11.43,4.7));
#604=VERTEX_POINT('',#603);
#605=CARTESIAN_POINT('',(-7.62,11.43,4.7));
#606=DIRECTION('',(-0.0,-0.0,1.0));
#607=DIRECTION('',(-1.0,-0.0,-0.0));
#608=AXIS2_PLACEMENT_3D('',#605,#606,#607);
#609=CIRCLE('',#608,0.915);
#610=EDGE_CURVE('n° 4235',#604,#604,#609,.T.);
#611=ORIENTED_EDGE('',*,*,#610,.F.);
#612=EDGE_LOOP('',(#611));
#613=FACE_BOUND('',#612,.T.);
#614=CARTESIAN_POINT('',(-8.535,6.35,4.7));
#615=VERTEX_POINT('',#614);
#616=CARTESIAN_POINT('',(-7.62,6.35,4.7));
#617=DIRECTION('',(-0.0,-0.0,1.0));
#618=DIRECTION('',(-1.0,-0.0,-0.0));
#619=AXIS2_PLACEMENT_3D('',#616,#617,#618);
#620=CIRCLE('',#619,0.915);
#621=EDGE_CURVE('n° 4023',#615,#615,#620,.T.);
#622=ORIENTED_EDGE('',*,*,#621,.F.);
#623=EDGE_LOOP('',(#622));
#624=FACE_BOUND('',#623,.T.);
#625=CARTESIAN_POINT('',(-8.535,1.27,4.7));
#626=VERTEX_POINT('',#625);
#627=CARTESIAN_POINT('',(-7.62,1.27,4.7));
#628=DIRECTION('',(-0.0,-0.0,1.0));
#629=DIRECTION('',(-1.0,-0.0,-0.0));
#630=AXIS2_PLACEMENT_3D('',#627,#628,#629);
#631=CIRCLE('',#630,0.915);
#632=EDGE_CURVE('n° 3811',#626,#626,#631,.T.);
#633=ORIENTED_EDGE('',*,*,#632,.F.);
#634=EDGE_LOOP('',(#633));
#635=FACE_BOUND('',#634,.T.);
#636=CARTESIAN_POINT('',(-8.535,-3.81,4.7));
#637=VERTEX_POINT('',#636);
#638=CARTESIAN_POINT('',(-7.62,-3.81,4.7));
#639=DIRECTION('',(-0.0,-0.0,1.0));
#640=DIRECTION('',(-1.0,-0.0,-0.0));
#641=AXIS2_PLACEMENT_3D('',#638,#639,#640);
#642=CIRCLE('',#641,0.915);
#643=EDGE_CURVE('n° 3599',#637,#637,#642,.T.);
#644=ORIENTED_EDGE('',*,*,#643,.F.);
#645=EDGE_LOOP('',(#644));
#646=FACE_BOUND('',#645,.T.);
#647=CARTESIAN_POINT('',(-8.535,-8.89,4.7));
#648=VERTEX_POINT('',#647);
#649=CARTESIAN_POINT('',(-7.62,-8.89,4.7));
#650=DIRECTION('',(-0.0,-0.0,1.0));
#651=DIRECTION('',(-1.0,-0.0,-0.0));
#652=AXIS2_PLACEMENT_3D('',#649,#650,#651);
#653=CIRCLE('',#652,0.915);
#654=EDGE_CURVE('n° 3387',#648,#648,#653,.T.);
#655=ORIENTED_EDGE('',*,*,#654,.F.);
#656=EDGE_LOOP('',(#655));
#657=FACE_BOUND('',#656,.T.);
#658=CARTESIAN_POINT('',(-8.535,-13.97,4.7));
#659=VERTEX_POINT('',#658);
#660=CARTESIAN_POINT('',(-7.62,-13.97,4.7));
#661=DIRECTION('',(-0.0,-0.0,1.0));
#662=DIRECTION('',(-1.0,-0.0,-0.0));
#663=AXIS2_PLACEMENT_3D('',#660,#661,#662);
#664=CIRCLE('',#663,0.915);
#665=EDGE_CURVE('n° 3175',#659,#659,#664,.T.);
#666=ORIENTED_EDGE('',*,*,#665,.F.);
#667=EDGE_LOOP('',(#666));
#668=FACE_BOUND('',#667,.T.);
#669=CARTESIAN_POINT('',(-8.535,-19.05,4.7));
#670=VERTEX_POINT('',#669);
#671=CARTESIAN_POINT('',(-7.62,-19.05,4.7));
#672=DIRECTION('',(-0.0,-0.0,1.0));
#673=DIRECTION('',(-1.0,-0.0,-0.0));
#674=AXIS2_PLACEMENT_3D('',#671,#672,#673);
#675=CIRCLE('',#674,0.915);
#676=EDGE_CURVE('n° 2963',#670,#670,#675,.T.);
#677=ORIENTED_EDGE('',*,*,#676,.F.);
#678=EDGE_LOOP('',(#677));
#679=FACE_BOUND('',#678,.T.);
#680=CARTESIAN_POINT('',(-8.535,-24.13,4.7));
#681=VERTEX_POINT('',#680);
#682=CARTESIAN_POINT('',(-7.62,-24.13,4.7));
#683=DIRECTION('',(-0.0,-0.0,1.0));
#684=DIRECTION('',(-1.0,-0.0,-0.0));
#685=AXIS2_PLACEMENT_3D('',#682,#683,#684);
#686=CIRCLE('',#685,0.915);
#687=EDGE_CURVE('n° 2751',#681,#681,#686,.T.);
#688=ORIENTED_EDGE('',*,*,#687,.F.);
#689=EDGE_LOOP('',(#688));
#690=FACE_BOUND('',#689,.T.);
#691=CARTESIAN_POINT('',(-8.89,-25.4,4.7));
#692=VERTEX_POINT('',#691);
#693=CARTESIAN_POINT('',(-6.35,-25.4,4.7));
#694=VERTEX_POINT('',#693);
#695=CARTESIAN_POINT('',(-8.89,-25.4,4.7));
#696=DIRECTION('',(1.0,0.0,0.0));
#697=VECTOR('',#696,1.0);
#698=LINE('',#695,#697);
#699=EDGE_CURVE('n° 52',#692,#694,#698,.T.);
#700=ORIENTED_EDGE('',*,*,#699,.T.);
#701=CARTESIAN_POINT('',(-6.35,25.4,4.7));
#702=VERTEX_POINT('',#701);
#703=CARTESIAN_POINT('',(-6.35,25.4,4.7));
#704=DIRECTION('',(0.0,-1.0,-0.0));
#705=VECTOR('',#704,1.0);
#706=LINE('',#703,#705);
#707=EDGE_CURVE('n° 78',#702,#694,#706,.T.);
#708=ORIENTED_EDGE('',*,*,#707,.F.);
#709=CARTESIAN_POINT('',(-8.89,25.4,4.7));
#710=VERTEX_POINT('',#709);
#711=CARTESIAN_POINT('',(-8.89,25.4,4.7));
#712=DIRECTION('',(1.0,0.0,0.0));
#713=VECTOR('',#712,1.0);
#714=LINE('',#711,#713);
#715=EDGE_CURVE('n° 33',#710,#702,#714,.T.);
#716=ORIENTED_EDGE('',*,*,#715,.F.);
#717=CARTESIAN_POINT('',(-8.89,25.4,4.7));
#718=DIRECTION('',(0.0,-1.0,-0.0));
#719=VECTOR('',#718,1.0);
#720=LINE('',#717,#719);
#721=EDGE_CURVE('n° 84',#710,#692,#720,.T.);
#722=ORIENTED_EDGE('',*,*,#721,.T.);
#723=EDGE_LOOP('',(#700,#708,#716,#722));
#724=FACE_BOUND('',#723,.T.);
#725=CARTESIAN_POINT('',(-8.535,-21.59,4.7));
#726=VERTEX_POINT('',#725);
#727=CARTESIAN_POINT('',(-7.62,-21.59,4.7));
#728=DIRECTION('',(-0.0,-0.0,1.0));
#729=DIRECTION('',(-1.0,-0.0,-0.0));
#730=AXIS2_PLACEMENT_3D('',#727,#728,#729);
#731=CIRCLE('',#730,0.915);
#732=EDGE_CURVE('n° 2857',#726,#726,#731,.T.);
#733=ORIENTED_EDGE('',*,*,#732,.F.);
#734=EDGE_LOOP('',(#733));
#735=FACE_BOUND('',#734,.T.);
#736=CARTESIAN_POINT('',(-8.535,-16.51,4.7));
#737=VERTEX_POINT('',#736);
#738=CARTESIAN_POINT('',(-7.62,-16.51,4.7));
#739=DIRECTION('',(-0.0,-0.0,1.0));
#740=DIRECTION('',(-1.0,-0.0,-0.0));
#741=AXIS2_PLACEMENT_3D('',#738,#739,#740);
#742=CIRCLE('',#741,0.915);
#743=EDGE_CURVE('n° 3069',#737,#737,#742,.T.);
#744=ORIENTED_EDGE('',*,*,#743,.F.);
#745=EDGE_LOOP('',(#744));
#746=FACE_BOUND('',#745,.T.);
#747=CARTESIAN_POINT('',(-8.535,-11.43,4.7));
#748=VERTEX_POINT('',#747);
#749=CARTESIAN_POINT('',(-7.62,-11.43,4.7));
#750=DIRECTION('',(-0.0,-0.0,1.0));
#751=DIRECTION('',(-1.0,-0.0,-0.0));
#752=AXIS2_PLACEMENT_3D('',#749,#750,#751);
#753=CIRCLE('',#752,0.915);
#754=EDGE_CURVE('n° 3281',#748,#748,#753,.T.);
#755=ORIENTED_EDGE('',*,*,#754,.F.);
#756=EDGE_LOOP('',(#755));
#757=FACE_BOUND('',#756,.T.);
#758=CARTESIAN_POINT('',(-8.535,-6.35,4.7));
#759=VERTEX_POINT('',#758);
#760=CARTESIAN_POINT('',(-7.62,-6.35,4.7));
#761=DIRECTION('',(-0.0,-0.0,1.0));
#762=DIRECTION('',(-1.0,-0.0,-0.0));
#763=AXIS2_PLACEMENT_3D('',#760,#761,#762);
#764=CIRCLE('',#763,0.915);
#765=EDGE_CURVE('n° 3493',#759,#759,#764,.T.);
#766=ORIENTED_EDGE('',*,*,#765,.F.);
#767=EDGE_LOOP('',(#766));
#768=FACE_BOUND('',#767,.T.);
#769=CARTESIAN_POINT('',(-8.535,-1.27,4.7));
#770=VERTEX_POINT('',#769);
#771=CARTESIAN_POINT('',(-7.62,-1.27,4.7));
#772=DIRECTION('',(-0.0,-0.0,1.0));
#773=DIRECTION('',(-1.0,-0.0,-0.0));
#774=AXIS2_PLACEMENT_3D('',#771,#772,#773);
#775=CIRCLE('',#774,0.915);
#776=EDGE_CURVE('n° 3705',#770,#770,#775,.T.);
#777=ORIENTED_EDGE('',*,*,#776,.F.);
#778=EDGE_LOOP('',(#777));
#779=FACE_BOUND('',#778,.T.);
#780=CARTESIAN_POINT('',(-8.535,3.81,4.7));
#781=VERTEX_POINT('',#780);
#782=CARTESIAN_POINT('',(-7.62,3.81,4.7));
#783=DIRECTION('',(-0.0,-0.0,1.0));
#784=DIRECTION('',(-1.0,-0.0,-0.0));
#785=AXIS2_PLACEMENT_3D('',#782,#783,#784);
#786=CIRCLE('',#785,0.915);
#787=EDGE_CURVE('n° 3917',#781,#781,#786,.T.);
#788=ORIENTED_EDGE('',*,*,#787,.F.);
#789=EDGE_LOOP('',(#788));
#790=FACE_BOUND('',#789,.T.);
#791=CARTESIAN_POINT('',(-8.535,8.89,4.7));
#792=VERTEX_POINT('',#791);
#793=CARTESIAN_POINT('',(-7.62,8.89,4.7));
#794=DIRECTION('',(-0.0,-0.0,1.0));
#795=DIRECTION('',(-1.0,-0.0,-0.0));
#796=AXIS2_PLACEMENT_3D('',#793,#794,#795);
#797=CIRCLE('',#796,0.915);
#798=EDGE_CURVE('n° 4129',#792,#792,#797,.T.);
#799=ORIENTED_EDGE('',*,*,#798,.F.);
#800=EDGE_LOOP('',(#799));
#801=FACE_BOUND('',#800,.T.);
#802=CARTESIAN_POINT('',(-8.535,13.97,4.7));
#803=VERTEX_POINT('',#802);
#804=CARTESIAN_POINT('',(-7.62,13.97,4.7));
#805=DIRECTION('',(-0.0,-0.0,1.0));
#806=DIRECTION('',(-1.0,-0.0,-0.0));
#807=AXIS2_PLACEMENT_3D('',#804,#805,#806);
#808=CIRCLE('',#807,0.915);
#809=EDGE_CURVE('n° 4341',#803,#803,#808,.T.);
#810=ORIENTED_EDGE('',*,*,#809,.F.);
#811=EDGE_LOOP('',(#810));
#812=FACE_BOUND('',#811,.T.);
#813=CARTESIAN_POINT('',(-8.535,19.05,4.7));
#814=VERTEX_POINT('',#813);
#815=CARTESIAN_POINT('',(-7.62,19.05,4.7));
#816=DIRECTION('',(-0.0,-0.0,1.0));
#817=DIRECTION('',(-1.0,-0.0,-0.0));
#818=AXIS2_PLACEMENT_3D('',#815,#816,#817);
#819=CIRCLE('',#818,0.915);
#820=EDGE_CURVE('n° 4553',#814,#814,#819,.T.);
#821=ORIENTED_EDGE('',*,*,#820,.F.);
#822=EDGE_LOOP('',(#821));
#823=FACE_BOUND('',#822,.T.);
#824=CARTESIAN_POINT('',(-8.535,24.13,4.7));
#825=VERTEX_POINT('',#824);
#826=CARTESIAN_POINT('',(-7.62,24.13,4.7));
#827=DIRECTION('',(-0.0,-0.0,1.0));
#828=DIRECTION('',(-1.0,-0.0,-0.0));
#829=AXIS2_PLACEMENT_3D('',#826,#827,#828);
#830=CIRCLE('',#829,0.915);
#831=EDGE_CURVE('n° 4765',#825,#825,#830,.T.);
#832=ORIENTED_EDGE('',*,*,#831,.F.);
#833=EDGE_LOOP('',(#832));
#834=FACE_BOUND('',#833,.T.);
#835=CARTESIAN_POINT('',(-8.89,25.4,4.7));
#836=DIRECTION('',(0.0,0.0,-1.0));
#837=DIRECTION('',(-1.0,-0.0,-0.0));
#838=AXIS2_PLACEMENT_3D('',#835,#836,#837);
#839=PLANE('',#838);
#840=ADVANCED_FACE('n° 101',(#591,#602,#613,#624,#635,#646,#657,#668,#679,#690,
    #724,#735,#746,#757,#768,#779,#790,#801,#812,#823,#834),#839,.F.);
#841=CARTESIAN_POINT('',(7.62,20.675,4.7));
#842=VERTEX_POINT('',#841);
#843=CARTESIAN_POINT('',(7.62,21.59,4.7));
#844=DIRECTION('',(-0.0,-0.0,1.0));
#845=DIRECTION('',(0.0,-1.0,-0.0));
#846=AXIS2_PLACEMENT_3D('',#843,#844,#845);
#847=CIRCLE('',#846,0.915);
#848=EDGE_CURVE('n° 2545',#842,#842,#847,.T.);
#849=ORIENTED_EDGE('',*,*,#848,.F.);
#850=EDGE_LOOP('',(#849));
#851=FACE_OUTER_BOUND('',#850,.T.);
#852=CARTESIAN_POINT('',(7.62,15.595,4.7));
#853=VERTEX_POINT('',#852);
#854=CARTESIAN_POINT('',(7.62,16.51,4.7));
#855=DIRECTION('',(-0.0,-0.0,1.0));
#856=DIRECTION('',(0.0,-1.0,-0.0));
#857=AXIS2_PLACEMENT_3D('',#854,#855,#856);
#858=CIRCLE('',#857,0.915);
#859=EDGE_CURVE('n° 2333',#853,#853,#858,.T.);
#860=ORIENTED_EDGE('',*,*,#859,.F.);
#861=EDGE_LOOP('',(#860));
#862=FACE_BOUND('',#861,.T.);
#863=CARTESIAN_POINT('',(7.62,10.515,4.7));
#864=VERTEX_POINT('',#863);
#865=CARTESIAN_POINT('',(7.62,11.43,4.7));
#866=DIRECTION('',(-0.0,-0.0,1.0));
#867=DIRECTION('',(0.0,-1.0,-0.0));
#868=AXIS2_PLACEMENT_3D('',#865,#866,#867);
#869=CIRCLE('',#868,0.915);
#870=EDGE_CURVE('n° 2121',#864,#864,#869,.T.);
#871=ORIENTED_EDGE('',*,*,#870,.F.);
#872=EDGE_LOOP('',(#871));
#873=FACE_BOUND('',#872,.T.);
#874=CARTESIAN_POINT('',(7.62,5.435,4.7));
#875=VERTEX_POINT('',#874);
#876=CARTESIAN_POINT('',(7.62,6.35,4.7));
#877=DIRECTION('',(-0.0,-0.0,1.0));
#878=DIRECTION('',(0.0,-1.0,-0.0));
#879=AXIS2_PLACEMENT_3D('',#876,#877,#878);
#880=CIRCLE('',#879,0.915);
#881=EDGE_CURVE('n° 1909',#875,#875,#880,.T.);
#882=ORIENTED_EDGE('',*,*,#881,.F.);
#883=EDGE_LOOP('',(#882));
#884=FACE_BOUND('',#883,.T.);
#885=CARTESIAN_POINT('',(7.62,0.355,4.7));
#886=VERTEX_POINT('',#885);
#887=CARTESIAN_POINT('',(7.62,1.27,4.7));
#888=DIRECTION('',(-0.0,-0.0,1.0));
#889=DIRECTION('',(0.0,-1.0,-0.0));
#890=AXIS2_PLACEMENT_3D('',#887,#888,#889);
#891=CIRCLE('',#890,0.915);
#892=EDGE_CURVE('n° 1697',#886,#886,#891,.T.);
#893=ORIENTED_EDGE('',*,*,#892,.F.);
#894=EDGE_LOOP('',(#893));
#895=FACE_BOUND('',#894,.T.);
#896=CARTESIAN_POINT('',(7.62,-4.725,4.7));
#897=VERTEX_POINT('',#896);
#898=CARTESIAN_POINT('',(7.62,-3.81,4.7));
#899=DIRECTION('',(-0.0,-0.0,1.0));
#900=DIRECTION('',(0.0,-1.0,-0.0));
#901=AXIS2_PLACEMENT_3D('',#898,#899,#900);
#902=CIRCLE('',#901,0.915);
#903=EDGE_CURVE('n° 1485',#897,#897,#902,.T.);
#904=ORIENTED_EDGE('',*,*,#903,.F.);
#905=EDGE_LOOP('',(#904));
#906=FACE_BOUND('',#905,.T.);
#907=CARTESIAN_POINT('',(7.62,-9.805,4.7));
#908=VERTEX_POINT('',#907);
#909=CARTESIAN_POINT('',(7.62,-8.89,4.7));
#910=DIRECTION('',(-0.0,-0.0,1.0));
#911=DIRECTION('',(0.0,-1.0,-0.0));
#912=AXIS2_PLACEMENT_3D('',#909,#910,#911);
#913=CIRCLE('',#912,0.915);
#914=EDGE_CURVE('n° 1273',#908,#908,#913,.T.);
#915=ORIENTED_EDGE('',*,*,#914,.F.);
#916=EDGE_LOOP('',(#915));
#917=FACE_BOUND('',#916,.T.);
#918=CARTESIAN_POINT('',(7.62,-14.885,4.7));
#919=VERTEX_POINT('',#918);
#920=CARTESIAN_POINT('',(7.62,-13.97,4.7));
#921=DIRECTION('',(-0.0,-0.0,1.0));
#922=DIRECTION('',(0.0,-1.0,-0.0));
#923=AXIS2_PLACEMENT_3D('',#920,#921,#922);
#924=CIRCLE('',#923,0.915);
#925=EDGE_CURVE('n° 1061',#919,#919,#924,.T.);
#926=ORIENTED_EDGE('',*,*,#925,.F.);
#927=EDGE_LOOP('',(#926));
#928=FACE_BOUND('',#927,.T.);
#929=CARTESIAN_POINT('',(7.62,-19.965,4.7));
#930=VERTEX_POINT('',#929);
#931=CARTESIAN_POINT('',(7.62,-19.05,4.7));
#932=DIRECTION('',(-0.0,-0.0,1.0));
#933=DIRECTION('',(0.0,-1.0,-0.0));
#934=AXIS2_PLACEMENT_3D('',#931,#932,#933);
#935=CIRCLE('',#934,0.915);
#936=EDGE_CURVE('n° 849',#930,#930,#935,.T.);
#937=ORIENTED_EDGE('',*,*,#936,.F.);
#938=EDGE_LOOP('',(#937));
#939=FACE_BOUND('',#938,.T.);
#940=CARTESIAN_POINT('',(7.62,-25.045,4.7));
#941=VERTEX_POINT('',#940);
#942=CARTESIAN_POINT('',(7.62,-24.13,4.7));
#943=DIRECTION('',(-0.0,-0.0,1.0));
#944=DIRECTION('',(0.0,-1.0,-0.0));
#945=AXIS2_PLACEMENT_3D('',#942,#943,#944);
#946=CIRCLE('',#945,0.915);
#947=EDGE_CURVE('n° 637',#941,#941,#946,.T.);
#948=ORIENTED_EDGE('',*,*,#947,.F.);
#949=EDGE_LOOP('',(#948));
#950=FACE_BOUND('',#949,.T.);
#951=CARTESIAN_POINT('',(6.35,-25.4,4.7));
#952=VERTEX_POINT('',#951);
#953=CARTESIAN_POINT('',(8.89,-25.4,4.7));
#954=VERTEX_POINT('',#953);
#955=CARTESIAN_POINT('',(6.35,-25.4,4.7));
#956=DIRECTION('',(1.0,0.0,0.0));
#957=VECTOR('',#956,1.0);
#958=LINE('',#955,#957);
#959=EDGE_CURVE('n° 48',#952,#954,#958,.T.);
#960=ORIENTED_EDGE('',*,*,#959,.T.);
#961=CARTESIAN_POINT('',(8.89,25.4,4.7));
#962=VERTEX_POINT('',#961);
#963=CARTESIAN_POINT('',(8.89,25.4,4.7));
#964=DIRECTION('',(0.0,-1.0,-0.0));
#965=VECTOR('',#964,1.0);
#966=LINE('',#963,#965);
#967=EDGE_CURVE('n° 82',#962,#954,#966,.T.);
#968=ORIENTED_EDGE('',*,*,#967,.F.);
#969=CARTESIAN_POINT('',(6.35,25.4,4.7));
#970=VERTEX_POINT('',#969);
#971=CARTESIAN_POINT('',(6.35,25.4,4.7));
#972=DIRECTION('',(1.0,0.0,0.0));
#973=VECTOR('',#972,1.0);
#974=LINE('',#971,#973);
#975=EDGE_CURVE('n° 18',#970,#962,#974,.T.);
#976=ORIENTED_EDGE('',*,*,#975,.F.);
#977=CARTESIAN_POINT('',(6.35,25.4,4.7));
#978=DIRECTION('',(0.0,-1.0,-0.0));
#979=VECTOR('',#978,1.0);
#980=LINE('',#977,#979);
#981=EDGE_CURVE('n° 81',#970,#952,#980,.T.);
#982=ORIENTED_EDGE('',*,*,#981,.T.);
#983=EDGE_LOOP('',(#960,#968,#976,#982));
#984=FACE_BOUND('',#983,.T.);
#985=CARTESIAN_POINT('',(7.62,-22.505,4.7));
#986=VERTEX_POINT('',#985);
#987=CARTESIAN_POINT('',(7.62,-21.59,4.7));
#988=DIRECTION('',(-0.0,-0.0,1.0));
#989=DIRECTION('',(0.0,-1.0,-0.0));
#990=AXIS2_PLACEMENT_3D('',#987,#988,#989);
#991=CIRCLE('',#990,0.915);
#992=EDGE_CURVE('n° 743',#986,#986,#991,.T.);
#993=ORIENTED_EDGE('',*,*,#992,.F.);
#994=EDGE_LOOP('',(#993));
#995=FACE_BOUND('',#994,.T.);
#996=CARTESIAN_POINT('',(7.62,-17.425,4.7));
#997=VERTEX_POINT('',#996);
#998=CARTESIAN_POINT('',(7.62,-16.51,4.7));
#999=DIRECTION('',(-0.0,-0.0,1.0));
#1000=DIRECTION('',(0.0,-1.0,-0.0));
#1001=AXIS2_PLACEMENT_3D('',#998,#999,#1000);
#1002=CIRCLE('',#1001,0.915);
#1003=EDGE_CURVE('n° 955',#997,#997,#1002,.T.);
#1004=ORIENTED_EDGE('',*,*,#1003,.F.);
#1005=EDGE_LOOP('',(#1004));
#1006=FACE_BOUND('',#1005,.T.);
#1007=CARTESIAN_POINT('',(7.62,-12.345,4.7));
#1008=VERTEX_POINT('',#1007);
#1009=CARTESIAN_POINT('',(7.62,-11.43,4.7));
#1010=DIRECTION('',(-0.0,-0.0,1.0));
#1011=DIRECTION('',(0.0,-1.0,-0.0));
#1012=AXIS2_PLACEMENT_3D('',#1009,#1010,#1011);
#1013=CIRCLE('',#1012,0.915);
#1014=EDGE_CURVE('n° 1167',#1008,#1008,#1013,.T.);
#1015=ORIENTED_EDGE('',*,*,#1014,.F.);
#1016=EDGE_LOOP('',(#1015));
#1017=FACE_BOUND('',#1016,.T.);
#1018=CARTESIAN_POINT('',(7.62,-7.265,4.7));
#1019=VERTEX_POINT('',#1018);
#1020=CARTESIAN_POINT('',(7.62,-6.35,4.7));
#1021=DIRECTION('',(-0.0,-0.0,1.0));
#1022=DIRECTION('',(0.0,-1.0,-0.0));
#1023=AXIS2_PLACEMENT_3D('',#1020,#1021,#1022);
#1024=CIRCLE('',#1023,0.915);
#1025=EDGE_CURVE('n° 1379',#1019,#1019,#1024,.T.);
#1026=ORIENTED_EDGE('',*,*,#1025,.F.);
#1027=EDGE_LOOP('',(#1026));
#1028=FACE_BOUND('',#1027,.T.);
#1029=CARTESIAN_POINT('',(7.62,-2.185,4.7));
#1030=VERTEX_POINT('',#1029);
#1031=CARTESIAN_POINT('',(7.62,-1.27,4.7));
#1032=DIRECTION('',(-0.0,-0.0,1.0));
#1033=DIRECTION('',(0.0,-1.0,-0.0));
#1034=AXIS2_PLACEMENT_3D('',#1031,#1032,#1033);
#1035=CIRCLE('',#1034,0.915);
#1036=EDGE_CURVE('n° 1591',#1030,#1030,#1035,.T.);
#1037=ORIENTED_EDGE('',*,*,#1036,.F.);
#1038=EDGE_LOOP('',(#1037));
#1039=FACE_BOUND('',#1038,.T.);
#1040=CARTESIAN_POINT('',(7.62,2.895,4.7));
#1041=VERTEX_POINT('',#1040);
#1042=CARTESIAN_POINT('',(7.62,3.81,4.7));
#1043=DIRECTION('',(-0.0,-0.0,1.0));
#1044=DIRECTION('',(0.0,-1.0,-0.0));
#1045=AXIS2_PLACEMENT_3D('',#1042,#1043,#1044);
#1046=CIRCLE('',#1045,0.915);
#1047=EDGE_CURVE('n° 1803',#1041,#1041,#1046,.T.);
#1048=ORIENTED_EDGE('',*,*,#1047,.F.);
#1049=EDGE_LOOP('',(#1048));
#1050=FACE_BOUND('',#1049,.T.);
#1051=CARTESIAN_POINT('',(7.62,7.975,4.7));
#1052=VERTEX_POINT('',#1051);
#1053=CARTESIAN_POINT('',(7.62,8.89,4.7));
#1054=DIRECTION('',(-0.0,-0.0,1.0));
#1055=DIRECTION('',(0.0,-1.0,-0.0));
#1056=AXIS2_PLACEMENT_3D('',#1053,#1054,#1055);
#1057=CIRCLE('',#1056,0.915);
#1058=EDGE_CURVE('n° 2015',#1052,#1052,#1057,.T.);
#1059=ORIENTED_EDGE('',*,*,#1058,.F.);
#1060=EDGE_LOOP('',(#1059));
#1061=FACE_BOUND('',#1060,.T.);
#1062=CARTESIAN_POINT('',(7.62,13.055,4.7));
#1063=VERTEX_POINT('',#1062);
#1064=CARTESIAN_POINT('',(7.62,13.97,4.7));
#1065=DIRECTION('',(-0.0,-0.0,1.0));
#1066=DIRECTION('',(0.0,-1.0,-0.0));
#1067=AXIS2_PLACEMENT_3D('',#1064,#1065,#1066);
#1068=CIRCLE('',#1067,0.915);
#1069=EDGE_CURVE('n° 2227',#1063,#1063,#1068,.T.);
#1070=ORIENTED_EDGE('',*,*,#1069,.F.);
#1071=EDGE_LOOP('',(#1070));
#1072=FACE_BOUND('',#1071,.T.);
#1073=CARTESIAN_POINT('',(7.62,18.135,4.7));
#1074=VERTEX_POINT('',#1073);
#1075=CARTESIAN_POINT('',(7.62,19.05,4.7));
#1076=DIRECTION('',(-0.0,-0.0,1.0));
#1077=DIRECTION('',(0.0,-1.0,-0.0));
#1078=AXIS2_PLACEMENT_3D('',#1075,#1076,#1077);
#1079=CIRCLE('',#1078,0.915);
#1080=EDGE_CURVE('n° 2439',#1074,#1074,#1079,.T.);
#1081=ORIENTED_EDGE('',*,*,#1080,.F.);
#1082=EDGE_LOOP('',(#1081));
#1083=FACE_BOUND('',#1082,.T.);
#1084=CARTESIAN_POINT('',(7.62,23.215,4.7));
#1085=VERTEX_POINT('',#1084);
#1086=CARTESIAN_POINT('',(7.62,24.13,4.7));
#1087=DIRECTION('',(-0.0,-0.0,1.0));
#1088=DIRECTION('',(0.0,-1.0,-0.0));
#1089=AXIS2_PLACEMENT_3D('',#1086,#1087,#1088);
#1090=CIRCLE('',#1089,0.915);
#1091=EDGE_CURVE('n° 2651',#1085,#1085,#1090,.T.);
#1092=ORIENTED_EDGE('',*,*,#1091,.F.);
#1093=EDGE_LOOP('',(#1092));
#1094=FACE_BOUND('',#1093,.T.);
#1095=CARTESIAN_POINT('',(6.35,25.4,4.7));
#1096=DIRECTION('',(0.0,0.0,-1.0));
#1097=DIRECTION('',(0.0,-1.0,-0.0));
#1098=AXIS2_PLACEMENT_3D('',#1095,#1096,#1097);
#1099=PLANE('',#1098);
#1100=ADVANCED_FACE('n° 93',(#851,#862,#873,#884,#895,#906,#917,#928,#939,#950,
    #984,#995,#1006,#1017,#1028,#1039,#1050,#1061,#1072,#1083,#1094),#1099,.F.);
#1101=CARTESIAN_POINT('',(-1.2489995997,25.4,3.5));
#1102=VERTEX_POINT('',#1101);
#1103=CARTESIAN_POINT('',(-1.2489995997,25.4,-4.3));
#1104=DIRECTION('',(0.0,-0.0,1.0));
#1105=VECTOR('',#1104,1.0);
#1106=LINE('',#1103,#1105);
#1107=EDGE_CURVE('n° 550',#305,#1102,#1106,.T.);
#1108=ORIENTED_EDGE('',*,*,#1107,.F.);
#1109=ORIENTED_EDGE('',*,*,#312,.T.);
#1110=CARTESIAN_POINT('',(-8.89,25.4,1.7));
#1111=DIRECTION('',(0.0,-0.0,1.0));
#1112=VECTOR('',#1111,1.0);
#1113=LINE('',#1110,#1112);
#1114=EDGE_CURVE('n° 6',#307,#710,#1113,.T.);
#1115=ORIENTED_EDGE('',*,*,#1114,.T.);
#1116=ORIENTED_EDGE('',*,*,#715,.T.);
#1117=CARTESIAN_POINT('',(-6.35,25.4,3.5));
#1118=VERTEX_POINT('',#1117);
#1119=CARTESIAN_POINT('',(-6.35,25.4,4.7));
#1120=DIRECTION('',(0.0,0.0,-1.0));
#1121=VECTOR('',#1120,1.0);
#1122=LINE('',#1119,#1121);
#1123=EDGE_CURVE('n° 30',#702,#1118,#1122,.T.);
#1124=ORIENTED_EDGE('',*,*,#1123,.T.);
#1125=CARTESIAN_POINT('',(-6.35,25.4,3.5));
#1126=DIRECTION('',(1.0,0.0,0.0));
#1127=VECTOR('',#1126,1.0);
#1128=LINE('',#1125,#1127);
#1129=EDGE_CURVE('n° 26',#1118,#1102,#1128,.T.);
#1130=ORIENTED_EDGE('',*,*,#1129,.T.);
#1131=EDGE_LOOP('',(#1108,#1109,#1115,#1116,#1124,#1130));
#1132=FACE_OUTER_BOUND('',#1131,.T.);
#1133=CARTESIAN_POINT('',(-6.35,25.4,4.7));
#1134=DIRECTION('',(-0.0,1.0,0.0));
#1135=DIRECTION('',(-1.0,-0.0,-0.0));
#1136=AXIS2_PLACEMENT_3D('',#1133,#1134,#1135);
#1137=PLANE('',#1136);
#1138=ADVANCED_FACE('n° 549',(#1132),#1137,.T.);
#1139=CARTESIAN_POINT('',(1.2489995997,25.4,3.5));
#1140=VERTEX_POINT('',#1139);
#1141=CARTESIAN_POINT('',(6.35,25.4,3.5));
#1142=VERTEX_POINT('',#1141);
#1143=CARTESIAN_POINT('',(-6.35,25.4,3.5));
#1144=DIRECTION('',(1.0,0.0,0.0));
#1145=VECTOR('',#1144,1.0);
#1146=LINE('',#1143,#1145);
#1147=EDGE_CURVE('n° 538',#1140,#1142,#1146,.T.);
#1148=ORIENTED_EDGE('',*,*,#1147,.F.);
#1149=CARTESIAN_POINT('',(-0.0,25.68,3.5));
#1150=DIRECTION('',(-0.0,0.0,-1.0));
#1151=DIRECTION('',(-1.0,-0.0,0.0));
#1152=AXIS2_PLACEMENT_3D('',#1149,#1150,#1151);
#1153=CIRCLE('',#1152,1.28);
#1154=EDGE_CURVE('n° 566',#1140,#1102,#1153,.T.);
#1155=ORIENTED_EDGE('',*,*,#1154,.T.);
#1156=ORIENTED_EDGE('',*,*,#1129,.F.);
#1157=CARTESIAN_POINT('',(-6.35,22.4,3.5));
#1158=VERTEX_POINT('',#1157);
#1159=CARTESIAN_POINT('',(-6.35,25.4,3.5));
#1160=DIRECTION('',(0.0,-1.0,-0.0));
#1161=VECTOR('',#1160,1.0);
#1162=LINE('',#1159,#1161);
#1163=EDGE_CURVE('n° 79',#1118,#1158,#1162,.T.);
#1164=ORIENTED_EDGE('',*,*,#1163,.T.);
#1165=CARTESIAN_POINT('',(6.35,22.4,3.5));
#1166=VERTEX_POINT('',#1165);
#1167=CARTESIAN_POINT('',(-6.35,22.4,3.5));
#1168=DIRECTION('',(1.0,0.0,0.0));
#1169=VECTOR('',#1168,1.0);
#1170=LINE('',#1167,#1169);
#1171=EDGE_CURVE('n° 393',#1158,#1166,#1170,.T.);
#1172=ORIENTED_EDGE('',*,*,#1171,.T.);
#1173=CARTESIAN_POINT('',(6.35,25.4,3.5));
#1174=DIRECTION('',(0.0,-1.0,-0.0));
#1175=VECTOR('',#1174,1.0);
#1176=LINE('',#1173,#1175);
#1177=EDGE_CURVE('n° 80',#1142,#1166,#1176,.T.);
#1178=ORIENTED_EDGE('',*,*,#1177,.F.);
#1179=EDGE_LOOP('',(#1148,#1155,#1156,#1164,#1172,#1178));
#1180=FACE_OUTER_BOUND('',#1179,.T.);
#1181=CARTESIAN_POINT('',(-6.35,25.4,3.5));
#1182=DIRECTION('',(-0.0,0.0,-1.0));
#1183=DIRECTION('',(-1.0,-0.0,0.0));
#1184=AXIS2_PLACEMENT_3D('',#1181,#1182,#1183);
#1185=PLANE('',#1184);
#1186=ADVANCED_FACE('n° 388',(#1180),#1185,.F.);
#1187=CARTESIAN_POINT('',(6.35,1.5,3.5));
#1188=VERTEX_POINT('',#1187);
#1189=CARTESIAN_POINT('',(6.35,-1.5,3.5));
#1190=VERTEX_POINT('',#1189);
#1191=CARTESIAN_POINT('',(6.35,25.4,3.5));
#1192=DIRECTION('',(0.0,-1.0,-0.0));
#1193=VECTOR('',#1192,1.0);
#1194=LINE('',#1191,#1193);
#1195=EDGE_CURVE('n° 356',#1188,#1190,#1194,.T.);
#1196=ORIENTED_EDGE('',*,*,#1195,.F.);
#1197=CARTESIAN_POINT('',(-6.35,1.5,3.5));
#1198=VERTEX_POINT('',#1197);
#1199=CARTESIAN_POINT('',(-6.35,1.5,3.5));
#1200=DIRECTION('',(-1.0,-0.0,0.0));
#1201=VECTOR('',#1200,1.0);
#1202=LINE('',#1199,#1201);
#1203=EDGE_CURVE('n° 404',#1188,#1198,#1202,.T.);
#1204=ORIENTED_EDGE('',*,*,#1203,.T.);
#1205=CARTESIAN_POINT('',(-6.35,-1.5,3.5));
#1206=VERTEX_POINT('',#1205);
#1207=CARTESIAN_POINT('',(-6.35,25.4,3.5));
#1208=DIRECTION('',(0.0,-1.0,-0.0));
#1209=VECTOR('',#1208,1.0);
#1210=LINE('',#1207,#1209);
#1211=EDGE_CURVE('n° 370',#1198,#1206,#1210,.T.);
#1212=ORIENTED_EDGE('',*,*,#1211,.T.);
#1213=CARTESIAN_POINT('',(-6.35,-1.5,3.5));
#1214=DIRECTION('',(1.0,0.0,0.0));
#1215=VECTOR('',#1214,1.0);
#1216=LINE('',#1213,#1215);
#1217=EDGE_CURVE('n° 186',#1206,#1190,#1216,.T.);
#1218=ORIENTED_EDGE('',*,*,#1217,.T.);
#1219=EDGE_LOOP('',(#1196,#1204,#1212,#1218));
#1220=FACE_OUTER_BOUND('',#1219,.T.);
#1221=CARTESIAN_POINT('',(-6.35,25.4,3.5));
#1222=DIRECTION('',(-0.0,0.0,-1.0));
#1223=DIRECTION('',(-1.0,-0.0,0.0));
#1224=AXIS2_PLACEMENT_3D('',#1221,#1222,#1223);
#1225=PLANE('',#1224);
#1226=ADVANCED_FACE('n° 167',(#1220),#1225,.F.);
#1227=ORIENTED_EDGE('',*,*,#1211,.F.);
#1228=CARTESIAN_POINT('',(-6.35,1.5,4.2));
#1229=DIRECTION('',(0.0,-0.0,1.0));
#1230=VECTOR('',#1229,1.0);
#1231=LINE('',#1228,#1230);
#1232=EDGE_CURVE('n° 426',#255,#1198,#1231,.T.);
#1233=ORIENTED_EDGE('',*,*,#1232,.F.);
#1234=ORIENTED_EDGE('',*,*,#260,.F.);
#1235=CARTESIAN_POINT('',(-6.35,22.4,4.2));
#1236=DIRECTION('',(0.0,0.0,-1.0));
#1237=VECTOR('',#1236,1.0);
#1238=LINE('',#1235,#1237);
#1239=EDGE_CURVE('n° 415',#1158,#247,#1238,.T.);
#1240=ORIENTED_EDGE('',*,*,#1239,.F.);
#1241=ORIENTED_EDGE('',*,*,#1163,.F.);
#1242=ORIENTED_EDGE('',*,*,#1123,.F.);
#1243=ORIENTED_EDGE('',*,*,#707,.T.);
#1244=CARTESIAN_POINT('',(-6.35,-25.4,3.5));
#1245=VERTEX_POINT('',#1244);
#1246=CARTESIAN_POINT('',(-6.35,-25.4,4.7));
#1247=DIRECTION('',(0.0,0.0,-1.0));
#1248=VECTOR('',#1247,1.0);
#1249=LINE('',#1246,#1248);
#1250=EDGE_CURVE('n° 51',#694,#1245,#1249,.T.);
#1251=ORIENTED_EDGE('',*,*,#1250,.T.);
#1252=CARTESIAN_POINT('',(-6.35,-22.4,3.5));
#1253=VERTEX_POINT('',#1252);
#1254=CARTESIAN_POINT('',(-6.35,25.4,3.5));
#1255=DIRECTION('',(0.0,-1.0,-0.0));
#1256=VECTOR('',#1255,1.0);
#1257=LINE('',#1254,#1256);
#1258=EDGE_CURVE('n° 163',#1253,#1245,#1257,.T.);
#1259=ORIENTED_EDGE('',*,*,#1258,.F.);
#1260=CARTESIAN_POINT('',(-6.35,-22.4,4.2));
#1261=DIRECTION('',(0.0,-0.0,1.0));
#1262=VECTOR('',#1261,1.0);
#1263=LINE('',#1260,#1262);
#1264=EDGE_CURVE('n° 219',#289,#1253,#1263,.T.);
#1265=ORIENTED_EDGE('',*,*,#1264,.F.);
#1266=ORIENTED_EDGE('',*,*,#294,.F.);
#1267=CARTESIAN_POINT('',(-6.35,-1.5,4.2));
#1268=DIRECTION('',(0.0,0.0,-1.0));
#1269=VECTOR('',#1268,1.0);
#1270=LINE('',#1267,#1269);
#1271=EDGE_CURVE('n° 208',#1206,#281,#1270,.T.);
#1272=ORIENTED_EDGE('',*,*,#1271,.F.);
#1273=EDGE_LOOP('',(
    #1227,#1233,#1234,#1240,#1241,#1242,#1243,#1251,#1259,#1265,
    #1266,#1272));
#1274=FACE_OUTER_BOUND('',#1273,.T.);
#1275=CARTESIAN_POINT('',(-6.35,25.4,4.7));
#1276=DIRECTION('',(-1.0,-0.0,-0.0));
#1277=DIRECTION('',(0.0,-1.0,-0.0));
#1278=AXIS2_PLACEMENT_3D('',#1275,#1276,#1277);
#1279=PLANE('',#1278);
#1280=ADVANCED_FACE('n° 99',(#1274),#1279,.F.);
#1281=CARTESIAN_POINT('',(6.35,-22.4,3.5));
#1282=VERTEX_POINT('',#1281);
#1283=CARTESIAN_POINT('',(6.35,-25.4,3.5));
#1284=VERTEX_POINT('',#1283);
#1285=CARTESIAN_POINT('',(6.35,25.4,3.5));
#1286=DIRECTION('',(0.0,-1.0,-0.0));
#1287=VECTOR('',#1286,1.0);
#1288=LINE('',#1285,#1287);
#1289=EDGE_CURVE('n° 149',#1282,#1284,#1288,.T.);
#1290=ORIENTED_EDGE('',*,*,#1289,.F.);
#1291=CARTESIAN_POINT('',(-6.35,-22.4,3.5));
#1292=DIRECTION('',(-1.0,-0.0,0.0));
#1293=VECTOR('',#1292,1.0);
#1294=LINE('',#1291,#1293);
#1295=EDGE_CURVE('n° 197',#1282,#1253,#1294,.T.);
#1296=ORIENTED_EDGE('',*,*,#1295,.T.);
#1297=ORIENTED_EDGE('',*,*,#1258,.T.);
#1298=CARTESIAN_POINT('',(-6.35,-25.4,3.5));
#1299=DIRECTION('',(1.0,0.0,0.0));
#1300=VECTOR('',#1299,1.0);
#1301=LINE('',#1298,#1300);
#1302=EDGE_CURVE('n° 50',#1245,#1284,#1301,.T.);
#1303=ORIENTED_EDGE('',*,*,#1302,.T.);
#1304=EDGE_LOOP('',(#1290,#1296,#1297,#1303));
#1305=FACE_OUTER_BOUND('',#1304,.T.);
#1306=CARTESIAN_POINT('',(-6.35,25.4,3.5));
#1307=DIRECTION('',(-0.0,0.0,-1.0));
#1308=DIRECTION('',(-1.0,-0.0,0.0));
#1309=AXIS2_PLACEMENT_3D('',#1306,#1307,#1308);
#1310=PLANE('',#1309);
#1311=ADVANCED_FACE('n° 97',(#1305),#1310,.F.);
#1312=CARTESIAN_POINT('',(6.35,-25.4,3.5));
#1313=DIRECTION('',(0.0,-0.0,1.0));
#1314=VECTOR('',#1313,1.0);
#1315=LINE('',#1312,#1314);
#1316=EDGE_CURVE('n° 49',#1284,#952,#1315,.T.);
#1317=ORIENTED_EDGE('',*,*,#1316,.T.);
#1318=ORIENTED_EDGE('',*,*,#981,.F.);
#1319=CARTESIAN_POINT('',(6.35,25.4,3.5));
#1320=DIRECTION('',(0.0,-0.0,1.0));
#1321=VECTOR('',#1320,1.0);
#1322=LINE('',#1319,#1321);
#1323=EDGE_CURVE('n° 22',#1142,#970,#1322,.T.);
#1324=ORIENTED_EDGE('',*,*,#1323,.F.);
#1325=ORIENTED_EDGE('',*,*,#1177,.T.);
#1326=CARTESIAN_POINT('',(6.35,22.4,4.2));
#1327=DIRECTION('',(0.0,-0.0,1.0));
#1328=VECTOR('',#1327,1.0);
#1329=LINE('',#1326,#1328);
#1330=EDGE_CURVE('n° 421',#239,#1166,#1329,.T.);
#1331=ORIENTED_EDGE('',*,*,#1330,.F.);
#1332=ORIENTED_EDGE('',*,*,#244,.F.);
#1333=CARTESIAN_POINT('',(6.35,1.5,4.2));
#1334=DIRECTION('',(0.0,0.0,-1.0));
#1335=VECTOR('',#1334,1.0);
#1336=LINE('',#1333,#1335);
#1337=EDGE_CURVE('n° 403',#1188,#237,#1336,.T.);
#1338=ORIENTED_EDGE('',*,*,#1337,.F.);
#1339=ORIENTED_EDGE('',*,*,#1195,.T.);
#1340=CARTESIAN_POINT('',(6.35,-1.5,4.2));
#1341=DIRECTION('',(0.0,-0.0,1.0));
#1342=VECTOR('',#1341,1.0);
#1343=LINE('',#1340,#1342);
#1344=EDGE_CURVE('n° 214',#273,#1190,#1343,.T.);
#1345=ORIENTED_EDGE('',*,*,#1344,.F.);
#1346=ORIENTED_EDGE('',*,*,#278,.F.);
#1347=CARTESIAN_POINT('',(6.35,-22.4,4.2));
#1348=DIRECTION('',(0.0,0.0,-1.0));
#1349=VECTOR('',#1348,1.0);
#1350=LINE('',#1347,#1349);
#1351=EDGE_CURVE('n° 196',#1282,#271,#1350,.T.);
#1352=ORIENTED_EDGE('',*,*,#1351,.F.);
#1353=ORIENTED_EDGE('',*,*,#1289,.T.);
#1354=EDGE_LOOP('',(
    #1317,#1318,#1324,#1325,#1331,#1332,#1338,#1339,#1345,#1346,
    #1352,#1353));
#1355=FACE_OUTER_BOUND('',#1354,.T.);
#1356=CARTESIAN_POINT('',(6.35,25.4,3.5));
#1357=DIRECTION('',(1.0,0.0,0.0));
#1358=DIRECTION('',(-0.0,1.0,0.0));
#1359=AXIS2_PLACEMENT_3D('',#1356,#1357,#1358);
#1360=PLANE('',#1359);
#1361=ADVANCED_FACE('n° 95',(#1355),#1360,.F.);
#1362=CARTESIAN_POINT('',(8.89,-25.4,4.7));
#1363=DIRECTION('',(0.0,0.0,-1.0));
#1364=VECTOR('',#1363,1.0);
#1365=LINE('',#1362,#1364);
#1366=EDGE_CURVE('n° 47',#954,#332,#1365,.T.);
#1367=ORIENTED_EDGE('',*,*,#1366,.T.);
#1368=ORIENTED_EDGE('',*,*,#337,.F.);
#1369=CARTESIAN_POINT('',(8.89,25.4,4.7));
#1370=DIRECTION('',(0.0,0.0,-1.0));
#1371=VECTOR('',#1370,1.0);
#1372=LINE('',#1369,#1371);
#1373=EDGE_CURVE('n° 14',#962,#324,#1372,.T.);
#1374=ORIENTED_EDGE('',*,*,#1373,.F.);
#1375=ORIENTED_EDGE('',*,*,#967,.T.);
#1376=EDGE_LOOP('',(#1367,#1368,#1374,#1375));
#1377=FACE_OUTER_BOUND('',#1376,.T.);
#1378=CARTESIAN_POINT('',(8.89,25.4,4.7));
#1379=DIRECTION('',(-1.0,-0.0,-0.0));
#1380=DIRECTION('',(0.0,-1.0,-0.0));
#1381=AXIS2_PLACEMENT_3D('',#1378,#1379,#1380);
#1382=PLANE('',#1381);
#1383=ADVANCED_FACE('n° 91',(#1377),#1382,.F.);
#1384=CARTESIAN_POINT('',(-8.89,-25.4,1.7));
#1385=DIRECTION('',(0.0,-0.0,1.0));
#1386=VECTOR('',#1385,1.0);
#1387=LINE('',#1384,#1386);
#1388=EDGE_CURVE('n° 45',#340,#692,#1387,.T.);
#1389=ORIENTED_EDGE('',*,*,#1388,.T.);
#1390=ORIENTED_EDGE('',*,*,#721,.F.);
#1391=ORIENTED_EDGE('',*,*,#1114,.F.);
#1392=ORIENTED_EDGE('',*,*,#351,.T.);
#1393=EDGE_LOOP('',(#1389,#1390,#1391,#1392));
#1394=FACE_OUTER_BOUND('',#1393,.T.);
#1395=CARTESIAN_POINT('',(-8.89,25.4,1.7));
#1396=DIRECTION('',(1.0,0.0,0.0));
#1397=DIRECTION('',(-0.0,1.0,0.0));
#1398=AXIS2_PLACEMENT_3D('',#1395,#1396,#1397);
#1399=PLANE('',#1398);
#1400=ADVANCED_FACE('n° 87',(#1394),#1399,.F.);
#1401=CARTESIAN_POINT('',(1.2489995997,25.4,-4.3));
#1402=DIRECTION('',(0.0,0.0,-1.0));
#1403=VECTOR('',#1402,1.0);
#1404=LINE('',#1401,#1403);
#1405=EDGE_CURVE('n° 546',#1140,#315,#1404,.T.);
#1406=ORIENTED_EDGE('',*,*,#1405,.F.);
#1407=ORIENTED_EDGE('',*,*,#1147,.T.);
#1408=ORIENTED_EDGE('',*,*,#1323,.T.);
#1409=ORIENTED_EDGE('',*,*,#975,.T.);
#1410=ORIENTED_EDGE('',*,*,#1373,.T.);
#1411=ORIENTED_EDGE('',*,*,#329,.T.);
#1412=EDGE_LOOP('',(#1406,#1407,#1408,#1409,#1410,#1411));
#1413=FACE_OUTER_BOUND('',#1412,.T.);
#1414=CARTESIAN_POINT('',(-6.35,25.4,4.7));
#1415=DIRECTION('',(-0.0,1.0,0.0));
#1416=DIRECTION('',(-1.0,-0.0,-0.0));
#1417=AXIS2_PLACEMENT_3D('',#1414,#1415,#1416);
#1418=PLANE('',#1417);
#1419=ADVANCED_FACE('n° 36',(#1413),#1418,.T.);
#1420=ORIENTED_EDGE('',*,*,#699,.F.);
#1421=ORIENTED_EDGE('',*,*,#1388,.F.);
#1422=ORIENTED_EDGE('',*,*,#345,.F.);
#1423=ORIENTED_EDGE('',*,*,#1366,.F.);
#1424=ORIENTED_EDGE('',*,*,#959,.F.);
#1425=ORIENTED_EDGE('',*,*,#1316,.F.);
#1426=ORIENTED_EDGE('',*,*,#1302,.F.);
#1427=ORIENTED_EDGE('',*,*,#1250,.F.);
#1428=EDGE_LOOP('',(#1420,#1421,#1422,#1423,#1424,#1425,#1426,#1427));
#1429=FACE_OUTER_BOUND('',#1428,.T.);
#1430=CARTESIAN_POINT('',(-6.35,-25.4,4.7));
#1431=DIRECTION('',(-0.0,1.0,0.0));
#1432=DIRECTION('',(-1.0,-0.0,-0.0));
#1433=AXIS2_PLACEMENT_3D('',#1430,#1431,#1432);
#1434=PLANE('',#1433);
#1435=ADVANCED_FACE('n° 43',(#1429),#1434,.F.);
#1436=ORIENTED_EDGE('',*,*,#1271,.T.);
#1437=ORIENTED_EDGE('',*,*,#286,.F.);
#1438=ORIENTED_EDGE('',*,*,#1344,.T.);
#1439=ORIENTED_EDGE('',*,*,#1217,.F.);
#1440=EDGE_LOOP('',(#1436,#1437,#1438,#1439));
#1441=FACE_OUTER_BOUND('',#1440,.T.);
#1442=CARTESIAN_POINT('',(0.0,-1.5,4.2));
#1443=DIRECTION('',(-0.0,1.0,0.0));
#1444=DIRECTION('',(-1.0,-0.0,-0.0));
#1445=AXIS2_PLACEMENT_3D('',#1442,#1443,#1444);
#1446=PLANE('',#1445);
#1447=ADVANCED_FACE('n° 260',(#1441),#1446,.F.);
#1448=ORIENTED_EDGE('',*,*,#1351,.T.);
#1449=ORIENTED_EDGE('',*,*,#300,.F.);
#1450=ORIENTED_EDGE('',*,*,#1264,.T.);
#1451=ORIENTED_EDGE('',*,*,#1295,.F.);
#1452=EDGE_LOOP('',(#1448,#1449,#1450,#1451));
#1453=FACE_OUTER_BOUND('',#1452,.T.);
#1454=CARTESIAN_POINT('',(0.0,-22.4,4.2));
#1455=DIRECTION('',(0.0,-1.0,-0.0));
#1456=DIRECTION('',(1.0,0.0,0.0));
#1457=AXIS2_PLACEMENT_3D('',#1454,#1455,#1456);
#1458=PLANE('',#1457);
#1459=ADVANCED_FACE('n° 268',(#1453),#1458,.F.);
#1460=ORIENTED_EDGE('',*,*,#1239,.T.);
#1461=ORIENTED_EDGE('',*,*,#252,.F.);
#1462=ORIENTED_EDGE('',*,*,#1330,.T.);
#1463=ORIENTED_EDGE('',*,*,#1171,.F.);
#1464=EDGE_LOOP('',(#1460,#1461,#1462,#1463));
#1465=FACE_OUTER_BOUND('',#1464,.T.);
#1466=CARTESIAN_POINT('',(-0.0,22.4,4.2));
#1467=DIRECTION('',(-0.0,1.0,0.0));
#1468=DIRECTION('',(-1.0,-0.0,-0.0));
#1469=AXIS2_PLACEMENT_3D('',#1466,#1467,#1468);
#1470=PLANE('',#1469);
#1471=ADVANCED_FACE('n° 467',(#1465),#1470,.F.);
#1472=ORIENTED_EDGE('',*,*,#1337,.T.);
#1473=ORIENTED_EDGE('',*,*,#266,.F.);
#1474=ORIENTED_EDGE('',*,*,#1232,.T.);
#1475=ORIENTED_EDGE('',*,*,#1203,.F.);
#1476=EDGE_LOOP('',(#1472,#1473,#1474,#1475));
#1477=FACE_OUTER_BOUND('',#1476,.T.);
#1478=CARTESIAN_POINT('',(-0.0,1.5,4.2));
#1479=DIRECTION('',(0.0,-1.0,-0.0));
#1480=DIRECTION('',(1.0,0.0,0.0));
#1481=AXIS2_PLACEMENT_3D('',#1478,#1479,#1480);
#1482=PLANE('',#1481);
#1483=ADVANCED_FACE('n° 475',(#1477),#1482,.F.);
#1484=ORIENTED_EDGE('',*,*,#1107,.T.);
#1485=ORIENTED_EDGE('',*,*,#1154,.F.);
#1486=ORIENTED_EDGE('',*,*,#1405,.T.);
#1487=ORIENTED_EDGE('',*,*,#321,.F.);
#1488=EDGE_LOOP('',(#1484,#1485,#1486,#1487));
#1489=FACE_OUTER_BOUND('',#1488,.T.);
#1490=CARTESIAN_POINT('',(-0.0,25.68,-4.3));
#1491=DIRECTION('',(0.0,-0.0,1.0));
#1492=DIRECTION('',(-1.0,-0.0,-0.0));
#1493=AXIS2_PLACEMENT_3D('',#1490,#1491,#1492);
#1494=CYLINDRICAL_SURFACE('',#1493,1.28);
#1495=ADVANCED_FACE('n° 579',(#1489),#1494,.F.);
#1496=CARTESIAN_POINT('',(7.62,-24.385,-2.475));
#1497=VERTEX_POINT('',#1496);
#1498=CARTESIAN_POINT('',(7.62,-24.13,-2.475));
#1499=DIRECTION('',(0.0,0.0,-1.0));
#1500=DIRECTION('',(0.0,-1.0,-0.0));
#1501=AXIS2_PLACEMENT_3D('',#1498,#1499,#1500);
#1502=CIRCLE('',#1501,0.255);
#1503=EDGE_CURVE('n° 654',#1497,#1497,#1502,.T.);
#1504=ORIENTED_EDGE('',*,*,#1503,.T.);
#1505=EDGE_LOOP('',(#1504));
#1506=FACE_OUTER_BOUND('',#1505,.T.);
#1507=CARTESIAN_POINT('',(7.62,-24.13,-2.475));
#1508=DIRECTION('',(0.0,0.0,-1.0));
#1509=DIRECTION('',(1.0,0.0,0.0));
#1510=AXIS2_PLACEMENT_3D('',#1507,#1508,#1509);
#1511=SPHERICAL_SURFACE('',#1510,0.255);
#1512=ADVANCED_FACE('n° 707',(#1506),#1511,.T.);
#1513=CARTESIAN_POINT('',(7.62,-24.385,0.02));
#1514=VERTEX_POINT('',#1513);
#1515=CARTESIAN_POINT('',(7.62,-24.13,0.02));
#1516=DIRECTION('',(0.0,0.0,-1.0));
#1517=DIRECTION('',(0.0,-1.0,-0.0));
#1518=AXIS2_PLACEMENT_3D('',#1515,#1516,#1517);
#1519=CIRCLE('',#1518,0.255);
#1520=EDGE_CURVE('n° 647',#1514,#1514,#1519,.T.);
#1521=ORIENTED_EDGE('',*,*,#1520,.F.);
#1522=EDGE_LOOP('',(#1521));
#1523=FACE_OUTER_BOUND('',#1522,.T.);
#1524=CARTESIAN_POINT('',(7.62,-24.815,0.45));
#1525=VERTEX_POINT('',#1524);
#1526=CARTESIAN_POINT('',(7.62,-24.13,0.45));
#1527=DIRECTION('',(0.0,0.0,-1.0));
#1528=DIRECTION('',(0.0,-1.0,-0.0));
#1529=AXIS2_PLACEMENT_3D('',#1526,#1527,#1528);
#1530=CIRCLE('',#1529,0.685);
#1531=EDGE_CURVE('n° 648',#1525,#1525,#1530,.T.);
#1532=ORIENTED_EDGE('',*,*,#1531,.T.);
#1533=EDGE_LOOP('',(#1532));
#1534=FACE_BOUND('',#1533,.T.);
#1535=CARTESIAN_POINT('',(7.62,-24.13,0.45));
#1536=DIRECTION('',(0.0,-0.0,1.0));
#1537=DIRECTION('',(-0.0,1.0,0.0));
#1538=AXIS2_PLACEMENT_3D('',#1535,#1536,#1537);
#1539=CONICAL_SURFACE('',#1538,0.685,0.7853981634);
#1540=ADVANCED_FACE('n° 668',(#1523,#1534),#1539,.T.);
#1541=ORIENTED_EDGE('',*,*,#1503,.F.);
#1542=EDGE_LOOP('',(#1541));
#1543=FACE_OUTER_BOUND('',#1542,.T.);
#1544=ORIENTED_EDGE('',*,*,#1520,.T.);
#1545=EDGE_LOOP('',(#1544));
#1546=FACE_BOUND('',#1545,.T.);
#1547=CARTESIAN_POINT('',(7.62,-24.13,4.7));
#1548=DIRECTION('',(0.0,0.0,-1.0));
#1549=DIRECTION('',(0.0,-1.0,-0.0));
#1550=AXIS2_PLACEMENT_3D('',#1547,#1548,#1549);
#1551=CYLINDRICAL_SURFACE('',#1550,0.255);
#1552=ADVANCED_FACE('n° 663',(#1543,#1546),#1551,.T.);
#1553=ORIENTED_EDGE('',*,*,#1531,.F.);
#1554=EDGE_LOOP('',(#1553));
#1555=FACE_OUTER_BOUND('',#1554,.T.);
#1556=ORIENTED_EDGE('',*,*,#232,.T.);
#1557=EDGE_LOOP('',(#1556));
#1558=FACE_BOUND('',#1557,.T.);
#1559=CARTESIAN_POINT('',(7.62,-24.13,4.7));
#1560=DIRECTION('',(0.0,0.0,-1.0));
#1561=DIRECTION('',(0.0,-1.0,-0.0));
#1562=AXIS2_PLACEMENT_3D('',#1559,#1560,#1561);
#1563=CYLINDRICAL_SURFACE('',#1562,0.685);
#1564=ADVANCED_FACE('n° 673',(#1555,#1558),#1563,.T.);
#1565=CARTESIAN_POINT('',(7.62,-25.045,4.701));
#1566=VERTEX_POINT('',#1565);
#1567=CARTESIAN_POINT('',(7.62,-24.13,4.701));
#1568=DIRECTION('',(0.0,0.0,-1.0));
#1569=DIRECTION('',(0.0,-1.0,-0.0));
#1570=AXIS2_PLACEMENT_3D('',#1567,#1568,#1569);
#1571=CIRCLE('',#1570,0.915);
#1572=EDGE_CURVE('n° 644',#1566,#1566,#1571,.T.);
#1573=ORIENTED_EDGE('',*,*,#1572,.T.);
#1574=EDGE_LOOP('',(#1573));
#1575=FACE_OUTER_BOUND('',#1574,.T.);
#1576=ORIENTED_EDGE('',*,*,#947,.T.);
#1577=EDGE_LOOP('',(#1576));
#1578=FACE_BOUND('',#1577,.T.);
#1579=CARTESIAN_POINT('',(7.62,-24.13,4.7));
#1580=DIRECTION('',(0.0,0.0,-1.0));
#1581=DIRECTION('',(0.0,-1.0,-0.0));
#1582=AXIS2_PLACEMENT_3D('',#1579,#1580,#1581);
#1583=CYLINDRICAL_SURFACE('',#1582,0.915);
#1584=ADVANCED_FACE('n° 698',(#1575,#1578),#1583,.T.);
#1585=CARTESIAN_POINT('',(7.62,-24.68,4.701));
#1586=VERTEX_POINT('',#1585);
#1587=CARTESIAN_POINT('',(7.62,-24.13,4.701));
#1588=DIRECTION('',(0.0,0.0,-1.0));
#1589=DIRECTION('',(0.0,-1.0,-0.0));
#1590=AXIS2_PLACEMENT_3D('',#1587,#1588,#1589);
#1591=CIRCLE('',#1590,0.55);
#1592=EDGE_CURVE('n° 4878',#1586,#1586,#1591,.T.);
#1593=ORIENTED_EDGE('',*,*,#1592,.T.);
#1594=EDGE_LOOP('',(#1593));
#1595=FACE_OUTER_BOUND('',#1594,.T.);
#1596=ORIENTED_EDGE('',*,*,#1572,.F.);
#1597=EDGE_LOOP('',(#1596));
#1598=FACE_BOUND('',#1597,.T.);
#1599=CARTESIAN_POINT('',(7.62,-24.13,4.701));
#1600=DIRECTION('',(0.0,0.0,-1.0));
#1601=DIRECTION('',(0.0,-1.0,-0.0));
#1602=AXIS2_PLACEMENT_3D('',#1599,#1600,#1601);
#1603=PLANE('',#1602);
#1604=ADVANCED_FACE('n° 703',(#1595,#1598),#1603,.F.);
#1605=CARTESIAN_POINT('',(7.62,-21.845,-2.475));
#1606=VERTEX_POINT('',#1605);
#1607=CARTESIAN_POINT('',(7.62,-21.59,-2.475));
#1608=DIRECTION('',(0.0,0.0,-1.0));
#1609=DIRECTION('',(0.0,-1.0,-0.0));
#1610=AXIS2_PLACEMENT_3D('',#1607,#1608,#1609);
#1611=CIRCLE('',#1610,0.255);
#1612=EDGE_CURVE('n° 760',#1606,#1606,#1611,.T.);
#1613=ORIENTED_EDGE('',*,*,#1612,.T.);
#1614=EDGE_LOOP('',(#1613));
#1615=FACE_OUTER_BOUND('',#1614,.T.);
#1616=CARTESIAN_POINT('',(7.62,-21.59,-2.475));
#1617=DIRECTION('',(0.0,0.0,-1.0));
#1618=DIRECTION('',(1.0,0.0,0.0));
#1619=AXIS2_PLACEMENT_3D('',#1616,#1617,#1618);
#1620=SPHERICAL_SURFACE('',#1619,0.255);
#1621=ADVANCED_FACE('n° 813',(#1615),#1620,.T.);
#1622=CARTESIAN_POINT('',(7.62,-21.845,0.02));
#1623=VERTEX_POINT('',#1622);
#1624=CARTESIAN_POINT('',(7.62,-21.59,0.02));
#1625=DIRECTION('',(0.0,0.0,-1.0));
#1626=DIRECTION('',(0.0,-1.0,-0.0));
#1627=AXIS2_PLACEMENT_3D('',#1624,#1625,#1626);
#1628=CIRCLE('',#1627,0.255);
#1629=EDGE_CURVE('n° 753',#1623,#1623,#1628,.T.);
#1630=ORIENTED_EDGE('',*,*,#1629,.F.);
#1631=EDGE_LOOP('',(#1630));
#1632=FACE_OUTER_BOUND('',#1631,.T.);
#1633=CARTESIAN_POINT('',(7.62,-22.275,0.45));
#1634=VERTEX_POINT('',#1633);
#1635=CARTESIAN_POINT('',(7.62,-21.59,0.45));
#1636=DIRECTION('',(0.0,0.0,-1.0));
#1637=DIRECTION('',(0.0,-1.0,-0.0));
#1638=AXIS2_PLACEMENT_3D('',#1635,#1636,#1637);
#1639=CIRCLE('',#1638,0.685);
#1640=EDGE_CURVE('n° 754',#1634,#1634,#1639,.T.);
#1641=ORIENTED_EDGE('',*,*,#1640,.T.);
#1642=EDGE_LOOP('',(#1641));
#1643=FACE_BOUND('',#1642,.T.);
#1644=CARTESIAN_POINT('',(7.62,-21.59,0.45));
#1645=DIRECTION('',(0.0,-0.0,1.0));
#1646=DIRECTION('',(-0.0,1.0,0.0));
#1647=AXIS2_PLACEMENT_3D('',#1644,#1645,#1646);
#1648=CONICAL_SURFACE('',#1647,0.685,0.7853981634);
#1649=ADVANCED_FACE('n° 774',(#1632,#1643),#1648,.T.);
#1650=ORIENTED_EDGE('',*,*,#1612,.F.);
#1651=EDGE_LOOP('',(#1650));
#1652=FACE_OUTER_BOUND('',#1651,.T.);
#1653=ORIENTED_EDGE('',*,*,#1629,.T.);
#1654=EDGE_LOOP('',(#1653));
#1655=FACE_BOUND('',#1654,.T.);
#1656=CARTESIAN_POINT('',(7.62,-21.59,4.7));
#1657=DIRECTION('',(0.0,0.0,-1.0));
#1658=DIRECTION('',(0.0,-1.0,-0.0));
#1659=AXIS2_PLACEMENT_3D('',#1656,#1657,#1658);
#1660=CYLINDRICAL_SURFACE('',#1659,0.255);
#1661=ADVANCED_FACE('n° 769',(#1652,#1655),#1660,.T.);
#1662=ORIENTED_EDGE('',*,*,#1640,.F.);
#1663=EDGE_LOOP('',(#1662));
#1664=FACE_OUTER_BOUND('',#1663,.T.);
#1665=ORIENTED_EDGE('',*,*,#362,.T.);
#1666=EDGE_LOOP('',(#1665));
#1667=FACE_BOUND('',#1666,.T.);
#1668=CARTESIAN_POINT('',(7.62,-21.59,4.7));
#1669=DIRECTION('',(0.0,0.0,-1.0));
#1670=DIRECTION('',(0.0,-1.0,-0.0));
#1671=AXIS2_PLACEMENT_3D('',#1668,#1669,#1670);
#1672=CYLINDRICAL_SURFACE('',#1671,0.685);
#1673=ADVANCED_FACE('n° 779',(#1664,#1667),#1672,.T.);
#1674=CARTESIAN_POINT('',(7.62,-22.505,4.701));
#1675=VERTEX_POINT('',#1674);
#1676=CARTESIAN_POINT('',(7.62,-21.59,4.701));
#1677=DIRECTION('',(0.0,0.0,-1.0));
#1678=DIRECTION('',(0.0,-1.0,-0.0));
#1679=AXIS2_PLACEMENT_3D('',#1676,#1677,#1678);
#1680=CIRCLE('',#1679,0.915);
#1681=EDGE_CURVE('n° 750',#1675,#1675,#1680,.T.);
#1682=ORIENTED_EDGE('',*,*,#1681,.T.);
#1683=EDGE_LOOP('',(#1682));
#1684=FACE_OUTER_BOUND('',#1683,.T.);
#1685=ORIENTED_EDGE('',*,*,#992,.T.);
#1686=EDGE_LOOP('',(#1685));
#1687=FACE_BOUND('',#1686,.T.);
#1688=CARTESIAN_POINT('',(7.62,-21.59,4.7));
#1689=DIRECTION('',(0.0,0.0,-1.0));
#1690=DIRECTION('',(0.0,-1.0,-0.0));
#1691=AXIS2_PLACEMENT_3D('',#1688,#1689,#1690);
#1692=CYLINDRICAL_SURFACE('',#1691,0.915);
#1693=ADVANCED_FACE('n° 804',(#1684,#1687),#1692,.T.);
#1694=CARTESIAN_POINT('',(7.62,-22.14,4.701));
#1695=VERTEX_POINT('',#1694);
#1696=CARTESIAN_POINT('',(7.62,-21.59,4.701));
#1697=DIRECTION('',(0.0,0.0,-1.0));
#1698=DIRECTION('',(0.0,-1.0,-0.0));
#1699=AXIS2_PLACEMENT_3D('',#1696,#1697,#1698);
#1700=CIRCLE('',#1699,0.55);
#1701=EDGE_CURVE('n° 4936',#1695,#1695,#1700,.T.);
#1702=ORIENTED_EDGE('',*,*,#1701,.T.);
#1703=EDGE_LOOP('',(#1702));
#1704=FACE_OUTER_BOUND('',#1703,.T.);
#1705=ORIENTED_EDGE('',*,*,#1681,.F.);
#1706=EDGE_LOOP('',(#1705));
#1707=FACE_BOUND('',#1706,.T.);
#1708=CARTESIAN_POINT('',(7.62,-21.59,4.701));
#1709=DIRECTION('',(0.0,0.0,-1.0));
#1710=DIRECTION('',(0.0,-1.0,-0.0));
#1711=AXIS2_PLACEMENT_3D('',#1708,#1709,#1710);
#1712=PLANE('',#1711);
#1713=ADVANCED_FACE('n° 809',(#1704,#1707),#1712,.F.);
#1714=CARTESIAN_POINT('',(7.62,-19.305,-2.475));
#1715=VERTEX_POINT('',#1714);
#1716=CARTESIAN_POINT('',(7.62,-19.05,-2.475));
#1717=DIRECTION('',(0.0,0.0,-1.0));
#1718=DIRECTION('',(0.0,-1.0,-0.0));
#1719=AXIS2_PLACEMENT_3D('',#1716,#1717,#1718);
#1720=CIRCLE('',#1719,0.255);
#1721=EDGE_CURVE('n° 866',#1715,#1715,#1720,.T.);
#1722=ORIENTED_EDGE('',*,*,#1721,.T.);
#1723=EDGE_LOOP('',(#1722));
#1724=FACE_OUTER_BOUND('',#1723,.T.);
#1725=CARTESIAN_POINT('',(7.62,-19.05,-2.475));
#1726=DIRECTION('',(0.0,0.0,-1.0));
#1727=DIRECTION('',(1.0,0.0,0.0));
#1728=AXIS2_PLACEMENT_3D('',#1725,#1726,#1727);
#1729=SPHERICAL_SURFACE('',#1728,0.255);
#1730=ADVANCED_FACE('n° 919',(#1724),#1729,.T.);
#1731=CARTESIAN_POINT('',(7.62,-19.305,0.02));
#1732=VERTEX_POINT('',#1731);
#1733=CARTESIAN_POINT('',(7.62,-19.05,0.02));
#1734=DIRECTION('',(0.0,0.0,-1.0));
#1735=DIRECTION('',(0.0,-1.0,-0.0));
#1736=AXIS2_PLACEMENT_3D('',#1733,#1734,#1735);
#1737=CIRCLE('',#1736,0.255);
#1738=EDGE_CURVE('n° 859',#1732,#1732,#1737,.T.);
#1739=ORIENTED_EDGE('',*,*,#1738,.F.);
#1740=EDGE_LOOP('',(#1739));
#1741=FACE_OUTER_BOUND('',#1740,.T.);
#1742=CARTESIAN_POINT('',(7.62,-19.735,0.45));
#1743=VERTEX_POINT('',#1742);
#1744=CARTESIAN_POINT('',(7.62,-19.05,0.45));
#1745=DIRECTION('',(0.0,0.0,-1.0));
#1746=DIRECTION('',(0.0,-1.0,-0.0));
#1747=AXIS2_PLACEMENT_3D('',#1744,#1745,#1746);
#1748=CIRCLE('',#1747,0.685);
#1749=EDGE_CURVE('n° 860',#1743,#1743,#1748,.T.);
#1750=ORIENTED_EDGE('',*,*,#1749,.T.);
#1751=EDGE_LOOP('',(#1750));
#1752=FACE_BOUND('',#1751,.T.);
#1753=CARTESIAN_POINT('',(7.62,-19.05,0.45));
#1754=DIRECTION('',(0.0,-0.0,1.0));
#1755=DIRECTION('',(-0.0,1.0,0.0));
#1756=AXIS2_PLACEMENT_3D('',#1753,#1754,#1755);
#1757=CONICAL_SURFACE('',#1756,0.685,0.7853981634);
#1758=ADVANCED_FACE('n° 880',(#1741,#1752),#1757,.T.);
#1759=ORIENTED_EDGE('',*,*,#1721,.F.);
#1760=EDGE_LOOP('',(#1759));
#1761=FACE_OUTER_BOUND('',#1760,.T.);
#1762=ORIENTED_EDGE('',*,*,#1738,.T.);
#1763=EDGE_LOOP('',(#1762));
#1764=FACE_BOUND('',#1763,.T.);
#1765=CARTESIAN_POINT('',(7.62,-19.05,4.7));
#1766=DIRECTION('',(0.0,0.0,-1.0));
#1767=DIRECTION('',(0.0,-1.0,-0.0));
#1768=AXIS2_PLACEMENT_3D('',#1765,#1766,#1767);
#1769=CYLINDRICAL_SURFACE('',#1768,0.255);
#1770=ADVANCED_FACE('n° 875',(#1761,#1764),#1769,.T.);
#1771=ORIENTED_EDGE('',*,*,#1749,.F.);
#1772=EDGE_LOOP('',(#1771));
#1773=FACE_OUTER_BOUND('',#1772,.T.);
#1774=ORIENTED_EDGE('',*,*,#221,.T.);
#1775=EDGE_LOOP('',(#1774));
#1776=FACE_BOUND('',#1775,.T.);
#1777=CARTESIAN_POINT('',(7.62,-19.05,4.7));
#1778=DIRECTION('',(0.0,0.0,-1.0));
#1779=DIRECTION('',(0.0,-1.0,-0.0));
#1780=AXIS2_PLACEMENT_3D('',#1777,#1778,#1779);
#1781=CYLINDRICAL_SURFACE('',#1780,0.685);
#1782=ADVANCED_FACE('n° 885',(#1773,#1776),#1781,.T.);
#1783=CARTESIAN_POINT('',(7.62,-19.965,4.701));
#1784=VERTEX_POINT('',#1783);
#1785=CARTESIAN_POINT('',(7.62,-19.05,4.701));
#1786=DIRECTION('',(0.0,0.0,-1.0));
#1787=DIRECTION('',(0.0,-1.0,-0.0));
#1788=AXIS2_PLACEMENT_3D('',#1785,#1786,#1787);
#1789=CIRCLE('',#1788,0.915);
#1790=EDGE_CURVE('n° 856',#1784,#1784,#1789,.T.);
#1791=ORIENTED_EDGE('',*,*,#1790,.T.);
#1792=EDGE_LOOP('',(#1791));
#1793=FACE_OUTER_BOUND('',#1792,.T.);
#1794=ORIENTED_EDGE('',*,*,#936,.T.);
#1795=EDGE_LOOP('',(#1794));
#1796=FACE_BOUND('',#1795,.T.);
#1797=CARTESIAN_POINT('',(7.62,-19.05,4.7));
#1798=DIRECTION('',(0.0,0.0,-1.0));
#1799=DIRECTION('',(0.0,-1.0,-0.0));
#1800=AXIS2_PLACEMENT_3D('',#1797,#1798,#1799);
#1801=CYLINDRICAL_SURFACE('',#1800,0.915);
#1802=ADVANCED_FACE('n° 910',(#1793,#1796),#1801,.T.);
#1803=CARTESIAN_POINT('',(7.62,-19.6,4.701));
#1804=VERTEX_POINT('',#1803);
#1805=CARTESIAN_POINT('',(7.62,-19.05,4.701));
#1806=DIRECTION('',(0.0,0.0,-1.0));
#1807=DIRECTION('',(0.0,-1.0,-0.0));
#1808=AXIS2_PLACEMENT_3D('',#1805,#1806,#1807);
#1809=CIRCLE('',#1808,0.55);
#1810=EDGE_CURVE('n° 4994',#1804,#1804,#1809,.T.);
#1811=ORIENTED_EDGE('',*,*,#1810,.T.);
#1812=EDGE_LOOP('',(#1811));
#1813=FACE_OUTER_BOUND('',#1812,.T.);
#1814=ORIENTED_EDGE('',*,*,#1790,.F.);
#1815=EDGE_LOOP('',(#1814));
#1816=FACE_BOUND('',#1815,.T.);
#1817=CARTESIAN_POINT('',(7.62,-19.05,4.701));
#1818=DIRECTION('',(0.0,0.0,-1.0));
#1819=DIRECTION('',(0.0,-1.0,-0.0));
#1820=AXIS2_PLACEMENT_3D('',#1817,#1818,#1819);
#1821=PLANE('',#1820);
#1822=ADVANCED_FACE('n° 915',(#1813,#1816),#1821,.F.);
#1823=CARTESIAN_POINT('',(7.62,-16.765,-2.475));
#1824=VERTEX_POINT('',#1823);
#1825=CARTESIAN_POINT('',(7.62,-16.51,-2.475));
#1826=DIRECTION('',(0.0,0.0,-1.0));
#1827=DIRECTION('',(0.0,-1.0,-0.0));
#1828=AXIS2_PLACEMENT_3D('',#1825,#1826,#1827);
#1829=CIRCLE('',#1828,0.255);
#1830=EDGE_CURVE('n° 972',#1824,#1824,#1829,.T.);
#1831=ORIENTED_EDGE('',*,*,#1830,.T.);
#1832=EDGE_LOOP('',(#1831));
#1833=FACE_OUTER_BOUND('',#1832,.T.);
#1834=CARTESIAN_POINT('',(7.62,-16.51,-2.475));
#1835=DIRECTION('',(0.0,0.0,-1.0));
#1836=DIRECTION('',(1.0,0.0,0.0));
#1837=AXIS2_PLACEMENT_3D('',#1834,#1835,#1836);
#1838=SPHERICAL_SURFACE('',#1837,0.255);
#1839=ADVANCED_FACE('n° 1025',(#1833),#1838,.T.);
#1840=CARTESIAN_POINT('',(7.62,-16.765,0.02));
#1841=VERTEX_POINT('',#1840);
#1842=CARTESIAN_POINT('',(7.62,-16.51,0.02));
#1843=DIRECTION('',(0.0,0.0,-1.0));
#1844=DIRECTION('',(0.0,-1.0,-0.0));
#1845=AXIS2_PLACEMENT_3D('',#1842,#1843,#1844);
#1846=CIRCLE('',#1845,0.255);
#1847=EDGE_CURVE('n° 965',#1841,#1841,#1846,.T.);
#1848=ORIENTED_EDGE('',*,*,#1847,.F.);
#1849=EDGE_LOOP('',(#1848));
#1850=FACE_OUTER_BOUND('',#1849,.T.);
#1851=CARTESIAN_POINT('',(7.62,-17.195,0.45));
#1852=VERTEX_POINT('',#1851);
#1853=CARTESIAN_POINT('',(7.62,-16.51,0.45));
#1854=DIRECTION('',(0.0,0.0,-1.0));
#1855=DIRECTION('',(0.0,-1.0,-0.0));
#1856=AXIS2_PLACEMENT_3D('',#1853,#1854,#1855);
#1857=CIRCLE('',#1856,0.685);
#1858=EDGE_CURVE('n° 966',#1852,#1852,#1857,.T.);
#1859=ORIENTED_EDGE('',*,*,#1858,.T.);
#1860=EDGE_LOOP('',(#1859));
#1861=FACE_BOUND('',#1860,.T.);
#1862=CARTESIAN_POINT('',(7.62,-16.51,0.45));
#1863=DIRECTION('',(0.0,-0.0,1.0));
#1864=DIRECTION('',(-0.0,1.0,0.0));
#1865=AXIS2_PLACEMENT_3D('',#1862,#1863,#1864);
#1866=CONICAL_SURFACE('',#1865,0.685,0.7853981634);
#1867=ADVANCED_FACE('n° 986',(#1850,#1861),#1866,.T.);
#1868=ORIENTED_EDGE('',*,*,#1830,.F.);
#1869=EDGE_LOOP('',(#1868));
#1870=FACE_OUTER_BOUND('',#1869,.T.);
#1871=ORIENTED_EDGE('',*,*,#1847,.T.);
#1872=EDGE_LOOP('',(#1871));
#1873=FACE_BOUND('',#1872,.T.);
#1874=CARTESIAN_POINT('',(7.62,-16.51,4.7));
#1875=DIRECTION('',(0.0,0.0,-1.0));
#1876=DIRECTION('',(0.0,-1.0,-0.0));
#1877=AXIS2_PLACEMENT_3D('',#1874,#1875,#1876);
#1878=CYLINDRICAL_SURFACE('',#1877,0.255);
#1879=ADVANCED_FACE('n° 981',(#1870,#1873),#1878,.T.);
#1880=ORIENTED_EDGE('',*,*,#1858,.F.);
#1881=EDGE_LOOP('',(#1880));
#1882=FACE_OUTER_BOUND('',#1881,.T.);
#1883=ORIENTED_EDGE('',*,*,#373,.T.);
#1884=EDGE_LOOP('',(#1883));
#1885=FACE_BOUND('',#1884,.T.);
#1886=CARTESIAN_POINT('',(7.62,-16.51,4.7));
#1887=DIRECTION('',(0.0,0.0,-1.0));
#1888=DIRECTION('',(0.0,-1.0,-0.0));
#1889=AXIS2_PLACEMENT_3D('',#1886,#1887,#1888);
#1890=CYLINDRICAL_SURFACE('',#1889,0.685);
#1891=ADVANCED_FACE('n° 991',(#1882,#1885),#1890,.T.);
#1892=CARTESIAN_POINT('',(7.62,-17.425,4.701));
#1893=VERTEX_POINT('',#1892);
#1894=CARTESIAN_POINT('',(7.62,-16.51,4.701));
#1895=DIRECTION('',(0.0,0.0,-1.0));
#1896=DIRECTION('',(0.0,-1.0,-0.0));
#1897=AXIS2_PLACEMENT_3D('',#1894,#1895,#1896);
#1898=CIRCLE('',#1897,0.915);
#1899=EDGE_CURVE('n° 962',#1893,#1893,#1898,.T.);
#1900=ORIENTED_EDGE('',*,*,#1899,.T.);
#1901=EDGE_LOOP('',(#1900));
#1902=FACE_OUTER_BOUND('',#1901,.T.);
#1903=ORIENTED_EDGE('',*,*,#1003,.T.);
#1904=EDGE_LOOP('',(#1903));
#1905=FACE_BOUND('',#1904,.T.);
#1906=CARTESIAN_POINT('',(7.62,-16.51,4.7));
#1907=DIRECTION('',(0.0,0.0,-1.0));
#1908=DIRECTION('',(0.0,-1.0,-0.0));
#1909=AXIS2_PLACEMENT_3D('',#1906,#1907,#1908);
#1910=CYLINDRICAL_SURFACE('',#1909,0.915);
#1911=ADVANCED_FACE('n° 1016',(#1902,#1905),#1910,.T.);
#1912=CARTESIAN_POINT('',(7.62,-17.06,4.701));
#1913=VERTEX_POINT('',#1912);
#1914=CARTESIAN_POINT('',(7.62,-16.51,4.701));
#1915=DIRECTION('',(0.0,0.0,-1.0));
#1916=DIRECTION('',(0.0,-1.0,-0.0));
#1917=AXIS2_PLACEMENT_3D('',#1914,#1915,#1916);
#1918=CIRCLE('',#1917,0.55);
#1919=EDGE_CURVE('n° 5052',#1913,#1913,#1918,.T.);
#1920=ORIENTED_EDGE('',*,*,#1919,.T.);
#1921=EDGE_LOOP('',(#1920));
#1922=FACE_OUTER_BOUND('',#1921,.T.);
#1923=ORIENTED_EDGE('',*,*,#1899,.F.);
#1924=EDGE_LOOP('',(#1923));
#1925=FACE_BOUND('',#1924,.T.);
#1926=CARTESIAN_POINT('',(7.62,-16.51,4.701));
#1927=DIRECTION('',(0.0,0.0,-1.0));
#1928=DIRECTION('',(0.0,-1.0,-0.0));
#1929=AXIS2_PLACEMENT_3D('',#1926,#1927,#1928);
#1930=PLANE('',#1929);
#1931=ADVANCED_FACE('n° 1021',(#1922,#1925),#1930,.F.);
#1932=CARTESIAN_POINT('',(7.62,-14.225,-2.475));
#1933=VERTEX_POINT('',#1932);
#1934=CARTESIAN_POINT('',(7.62,-13.97,-2.475));
#1935=DIRECTION('',(0.0,0.0,-1.0));
#1936=DIRECTION('',(0.0,-1.0,-0.0));
#1937=AXIS2_PLACEMENT_3D('',#1934,#1935,#1936);
#1938=CIRCLE('',#1937,0.255);
#1939=EDGE_CURVE('n° 1078',#1933,#1933,#1938,.T.);
#1940=ORIENTED_EDGE('',*,*,#1939,.T.);
#1941=EDGE_LOOP('',(#1940));
#1942=FACE_OUTER_BOUND('',#1941,.T.);
#1943=CARTESIAN_POINT('',(7.62,-13.97,-2.475));
#1944=DIRECTION('',(0.0,0.0,-1.0));
#1945=DIRECTION('',(1.0,0.0,0.0));
#1946=AXIS2_PLACEMENT_3D('',#1943,#1944,#1945);
#1947=SPHERICAL_SURFACE('',#1946,0.255);
#1948=ADVANCED_FACE('n° 1131',(#1942),#1947,.T.);
#1949=CARTESIAN_POINT('',(7.62,-14.225,0.02));
#1950=VERTEX_POINT('',#1949);
#1951=CARTESIAN_POINT('',(7.62,-13.97,0.02));
#1952=DIRECTION('',(0.0,0.0,-1.0));
#1953=DIRECTION('',(0.0,-1.0,-0.0));
#1954=AXIS2_PLACEMENT_3D('',#1951,#1952,#1953);
#1955=CIRCLE('',#1954,0.255);
#1956=EDGE_CURVE('n° 1071',#1950,#1950,#1955,.T.);
#1957=ORIENTED_EDGE('',*,*,#1956,.F.);
#1958=EDGE_LOOP('',(#1957));
#1959=FACE_OUTER_BOUND('',#1958,.T.);
#1960=CARTESIAN_POINT('',(7.62,-14.655,0.45));
#1961=VERTEX_POINT('',#1960);
#1962=CARTESIAN_POINT('',(7.62,-13.97,0.45));
#1963=DIRECTION('',(0.0,0.0,-1.0));
#1964=DIRECTION('',(0.0,-1.0,-0.0));
#1965=AXIS2_PLACEMENT_3D('',#1962,#1963,#1964);
#1966=CIRCLE('',#1965,0.685);
#1967=EDGE_CURVE('n° 1072',#1961,#1961,#1966,.T.);
#1968=ORIENTED_EDGE('',*,*,#1967,.T.);
#1969=EDGE_LOOP('',(#1968));
#1970=FACE_BOUND('',#1969,.T.);
#1971=CARTESIAN_POINT('',(7.62,-13.97,0.45));
#1972=DIRECTION('',(0.0,-0.0,1.0));
#1973=DIRECTION('',(-0.0,1.0,0.0));
#1974=AXIS2_PLACEMENT_3D('',#1971,#1972,#1973);
#1975=CONICAL_SURFACE('',#1974,0.685,0.7853981634);
#1976=ADVANCED_FACE('n° 1092',(#1959,#1970),#1975,.T.);
#1977=ORIENTED_EDGE('',*,*,#1939,.F.);
#1978=EDGE_LOOP('',(#1977));
#1979=FACE_OUTER_BOUND('',#1978,.T.);
#1980=ORIENTED_EDGE('',*,*,#1956,.T.);
#1981=EDGE_LOOP('',(#1980));
#1982=FACE_BOUND('',#1981,.T.);
#1983=CARTESIAN_POINT('',(7.62,-13.97,4.7));
#1984=DIRECTION('',(0.0,0.0,-1.0));
#1985=DIRECTION('',(0.0,-1.0,-0.0));
#1986=AXIS2_PLACEMENT_3D('',#1983,#1984,#1985);
#1987=CYLINDRICAL_SURFACE('',#1986,0.255);
#1988=ADVANCED_FACE('n° 1087',(#1979,#1982),#1987,.T.);
#1989=ORIENTED_EDGE('',*,*,#1967,.F.);
#1990=EDGE_LOOP('',(#1989));
#1991=FACE_OUTER_BOUND('',#1990,.T.);
#1992=ORIENTED_EDGE('',*,*,#210,.T.);
#1993=EDGE_LOOP('',(#1992));
#1994=FACE_BOUND('',#1993,.T.);
#1995=CARTESIAN_POINT('',(7.62,-13.97,4.7));
#1996=DIRECTION('',(0.0,0.0,-1.0));
#1997=DIRECTION('',(0.0,-1.0,-0.0));
#1998=AXIS2_PLACEMENT_3D('',#1995,#1996,#1997);
#1999=CYLINDRICAL_SURFACE('',#1998,0.685);
#2000=ADVANCED_FACE('n° 1097',(#1991,#1994),#1999,.T.);
#2001=CARTESIAN_POINT('',(7.62,-14.885,4.701));
#2002=VERTEX_POINT('',#2001);
#2003=CARTESIAN_POINT('',(7.62,-13.97,4.701));
#2004=DIRECTION('',(0.0,0.0,-1.0));
#2005=DIRECTION('',(0.0,-1.0,-0.0));
#2006=AXIS2_PLACEMENT_3D('',#2003,#2004,#2005);
#2007=CIRCLE('',#2006,0.915);
#2008=EDGE_CURVE('n° 1068',#2002,#2002,#2007,.T.);
#2009=ORIENTED_EDGE('',*,*,#2008,.T.);
#2010=EDGE_LOOP('',(#2009));
#2011=FACE_OUTER_BOUND('',#2010,.T.);
#2012=ORIENTED_EDGE('',*,*,#925,.T.);
#2013=EDGE_LOOP('',(#2012));
#2014=FACE_BOUND('',#2013,.T.);
#2015=CARTESIAN_POINT('',(7.62,-13.97,4.7));
#2016=DIRECTION('',(0.0,0.0,-1.0));
#2017=DIRECTION('',(0.0,-1.0,-0.0));
#2018=AXIS2_PLACEMENT_3D('',#2015,#2016,#2017);
#2019=CYLINDRICAL_SURFACE('',#2018,0.915);
#2020=ADVANCED_FACE('n° 1122',(#2011,#2014),#2019,.T.);
#2021=CARTESIAN_POINT('',(7.62,-14.52,4.701));
#2022=VERTEX_POINT('',#2021);
#2023=CARTESIAN_POINT('',(7.62,-13.97,4.701));
#2024=DIRECTION('',(0.0,0.0,-1.0));
#2025=DIRECTION('',(0.0,-1.0,-0.0));
#2026=AXIS2_PLACEMENT_3D('',#2023,#2024,#2025);
#2027=CIRCLE('',#2026,0.55);
#2028=EDGE_CURVE('n° 5110',#2022,#2022,#2027,.T.);
#2029=ORIENTED_EDGE('',*,*,#2028,.T.);
#2030=EDGE_LOOP('',(#2029));
#2031=FACE_OUTER_BOUND('',#2030,.T.);
#2032=ORIENTED_EDGE('',*,*,#2008,.F.);
#2033=EDGE_LOOP('',(#2032));
#2034=FACE_BOUND('',#2033,.T.);
#2035=CARTESIAN_POINT('',(7.62,-13.97,4.701));
#2036=DIRECTION('',(0.0,0.0,-1.0));
#2037=DIRECTION('',(0.0,-1.0,-0.0));
#2038=AXIS2_PLACEMENT_3D('',#2035,#2036,#2037);
#2039=PLANE('',#2038);
#2040=ADVANCED_FACE('n° 1127',(#2031,#2034),#2039,.F.);
#2041=CARTESIAN_POINT('',(7.62,-11.685,-2.475));
#2042=VERTEX_POINT('',#2041);
#2043=CARTESIAN_POINT('',(7.62,-11.43,-2.475));
#2044=DIRECTION('',(0.0,0.0,-1.0));
#2045=DIRECTION('',(0.0,-1.0,-0.0));
#2046=AXIS2_PLACEMENT_3D('',#2043,#2044,#2045);
#2047=CIRCLE('',#2046,0.255);
#2048=EDGE_CURVE('n° 1184',#2042,#2042,#2047,.T.);
#2049=ORIENTED_EDGE('',*,*,#2048,.T.);
#2050=EDGE_LOOP('',(#2049));
#2051=FACE_OUTER_BOUND('',#2050,.T.);
#2052=CARTESIAN_POINT('',(7.62,-11.43,-2.475));
#2053=DIRECTION('',(0.0,0.0,-1.0));
#2054=DIRECTION('',(1.0,0.0,0.0));
#2055=AXIS2_PLACEMENT_3D('',#2052,#2053,#2054);
#2056=SPHERICAL_SURFACE('',#2055,0.255);
#2057=ADVANCED_FACE('n° 1237',(#2051),#2056,.T.);
#2058=CARTESIAN_POINT('',(7.62,-11.685,0.02));
#2059=VERTEX_POINT('',#2058);
#2060=CARTESIAN_POINT('',(7.62,-11.43,0.02));
#2061=DIRECTION('',(0.0,0.0,-1.0));
#2062=DIRECTION('',(0.0,-1.0,-0.0));
#2063=AXIS2_PLACEMENT_3D('',#2060,#2061,#2062);
#2064=CIRCLE('',#2063,0.255);
#2065=EDGE_CURVE('n° 1177',#2059,#2059,#2064,.T.);
#2066=ORIENTED_EDGE('',*,*,#2065,.F.);
#2067=EDGE_LOOP('',(#2066));
#2068=FACE_OUTER_BOUND('',#2067,.T.);
#2069=CARTESIAN_POINT('',(7.62,-12.115,0.45));
#2070=VERTEX_POINT('',#2069);
#2071=CARTESIAN_POINT('',(7.62,-11.43,0.45));
#2072=DIRECTION('',(0.0,0.0,-1.0));
#2073=DIRECTION('',(0.0,-1.0,-0.0));
#2074=AXIS2_PLACEMENT_3D('',#2071,#2072,#2073);
#2075=CIRCLE('',#2074,0.685);
#2076=EDGE_CURVE('n° 1178',#2070,#2070,#2075,.T.);
#2077=ORIENTED_EDGE('',*,*,#2076,.T.);
#2078=EDGE_LOOP('',(#2077));
#2079=FACE_BOUND('',#2078,.T.);
#2080=CARTESIAN_POINT('',(7.62,-11.43,0.45));
#2081=DIRECTION('',(0.0,-0.0,1.0));
#2082=DIRECTION('',(-0.0,1.0,0.0));
#2083=AXIS2_PLACEMENT_3D('',#2080,#2081,#2082);
#2084=CONICAL_SURFACE('',#2083,0.685,0.7853981634);
#2085=ADVANCED_FACE('n° 1198',(#2068,#2079),#2084,.T.);
#2086=ORIENTED_EDGE('',*,*,#2048,.F.);
#2087=EDGE_LOOP('',(#2086));
#2088=FACE_OUTER_BOUND('',#2087,.T.);
#2089=ORIENTED_EDGE('',*,*,#2065,.T.);
#2090=EDGE_LOOP('',(#2089));
#2091=FACE_BOUND('',#2090,.T.);
#2092=CARTESIAN_POINT('',(7.62,-11.43,4.7));
#2093=DIRECTION('',(0.0,0.0,-1.0));
#2094=DIRECTION('',(0.0,-1.0,-0.0));
#2095=AXIS2_PLACEMENT_3D('',#2092,#2093,#2094);
#2096=CYLINDRICAL_SURFACE('',#2095,0.255);
#2097=ADVANCED_FACE('n° 1193',(#2088,#2091),#2096,.T.);
#2098=ORIENTED_EDGE('',*,*,#2076,.F.);
#2099=EDGE_LOOP('',(#2098));
#2100=FACE_OUTER_BOUND('',#2099,.T.);
#2101=ORIENTED_EDGE('',*,*,#384,.T.);
#2102=EDGE_LOOP('',(#2101));
#2103=FACE_BOUND('',#2102,.T.);
#2104=CARTESIAN_POINT('',(7.62,-11.43,4.7));
#2105=DIRECTION('',(0.0,0.0,-1.0));
#2106=DIRECTION('',(0.0,-1.0,-0.0));
#2107=AXIS2_PLACEMENT_3D('',#2104,#2105,#2106);
#2108=CYLINDRICAL_SURFACE('',#2107,0.685);
#2109=ADVANCED_FACE('n° 1203',(#2100,#2103),#2108,.T.);
#2110=CARTESIAN_POINT('',(7.62,-12.345,4.701));
#2111=VERTEX_POINT('',#2110);
#2112=CARTESIAN_POINT('',(7.62,-11.43,4.701));
#2113=DIRECTION('',(0.0,0.0,-1.0));
#2114=DIRECTION('',(0.0,-1.0,-0.0));
#2115=AXIS2_PLACEMENT_3D('',#2112,#2113,#2114);
#2116=CIRCLE('',#2115,0.915);
#2117=EDGE_CURVE('n° 1174',#2111,#2111,#2116,.T.);
#2118=ORIENTED_EDGE('',*,*,#2117,.T.);
#2119=EDGE_LOOP('',(#2118));
#2120=FACE_OUTER_BOUND('',#2119,.T.);
#2121=ORIENTED_EDGE('',*,*,#1014,.T.);
#2122=EDGE_LOOP('',(#2121));
#2123=FACE_BOUND('',#2122,.T.);
#2124=CARTESIAN_POINT('',(7.62,-11.43,4.7));
#2125=DIRECTION('',(0.0,0.0,-1.0));
#2126=DIRECTION('',(0.0,-1.0,-0.0));
#2127=AXIS2_PLACEMENT_3D('',#2124,#2125,#2126);
#2128=CYLINDRICAL_SURFACE('',#2127,0.915);
#2129=ADVANCED_FACE('n° 1228',(#2120,#2123),#2128,.T.);
#2130=CARTESIAN_POINT('',(7.62,-11.98,4.701));
#2131=VERTEX_POINT('',#2130);
#2132=CARTESIAN_POINT('',(7.62,-11.43,4.701));
#2133=DIRECTION('',(0.0,0.0,-1.0));
#2134=DIRECTION('',(0.0,-1.0,-0.0));
#2135=AXIS2_PLACEMENT_3D('',#2132,#2133,#2134);
#2136=CIRCLE('',#2135,0.55);
#2137=EDGE_CURVE('n° 5168',#2131,#2131,#2136,.T.);
#2138=ORIENTED_EDGE('',*,*,#2137,.T.);
#2139=EDGE_LOOP('',(#2138));
#2140=FACE_OUTER_BOUND('',#2139,.T.);
#2141=ORIENTED_EDGE('',*,*,#2117,.F.);
#2142=EDGE_LOOP('',(#2141));
#2143=FACE_BOUND('',#2142,.T.);
#2144=CARTESIAN_POINT('',(7.62,-11.43,4.701));
#2145=DIRECTION('',(0.0,0.0,-1.0));
#2146=DIRECTION('',(0.0,-1.0,-0.0));
#2147=AXIS2_PLACEMENT_3D('',#2144,#2145,#2146);
#2148=PLANE('',#2147);
#2149=ADVANCED_FACE('n° 1233',(#2140,#2143),#2148,.F.);
#2150=CARTESIAN_POINT('',(7.62,-9.145,-2.475));
#2151=VERTEX_POINT('',#2150);
#2152=CARTESIAN_POINT('',(7.62,-8.89,-2.475));
#2153=DIRECTION('',(0.0,0.0,-1.0));
#2154=DIRECTION('',(0.0,-1.0,-0.0));
#2155=AXIS2_PLACEMENT_3D('',#2152,#2153,#2154);
#2156=CIRCLE('',#2155,0.255);
#2157=EDGE_CURVE('n° 1290',#2151,#2151,#2156,.T.);
#2158=ORIENTED_EDGE('',*,*,#2157,.T.);
#2159=EDGE_LOOP('',(#2158));
#2160=FACE_OUTER_BOUND('',#2159,.T.);
#2161=CARTESIAN_POINT('',(7.62,-8.89,-2.475));
#2162=DIRECTION('',(0.0,0.0,-1.0));
#2163=DIRECTION('',(1.0,0.0,0.0));
#2164=AXIS2_PLACEMENT_3D('',#2161,#2162,#2163);
#2165=SPHERICAL_SURFACE('',#2164,0.255);
#2166=ADVANCED_FACE('n° 1343',(#2160),#2165,.T.);
#2167=CARTESIAN_POINT('',(7.62,-9.145,0.02));
#2168=VERTEX_POINT('',#2167);
#2169=CARTESIAN_POINT('',(7.62,-8.89,0.02));
#2170=DIRECTION('',(0.0,0.0,-1.0));
#2171=DIRECTION('',(0.0,-1.0,-0.0));
#2172=AXIS2_PLACEMENT_3D('',#2169,#2170,#2171);
#2173=CIRCLE('',#2172,0.255);
#2174=EDGE_CURVE('n° 1283',#2168,#2168,#2173,.T.);
#2175=ORIENTED_EDGE('',*,*,#2174,.F.);
#2176=EDGE_LOOP('',(#2175));
#2177=FACE_OUTER_BOUND('',#2176,.T.);
#2178=CARTESIAN_POINT('',(7.62,-9.575,0.45));
#2179=VERTEX_POINT('',#2178);
#2180=CARTESIAN_POINT('',(7.62,-8.89,0.45));
#2181=DIRECTION('',(0.0,0.0,-1.0));
#2182=DIRECTION('',(0.0,-1.0,-0.0));
#2183=AXIS2_PLACEMENT_3D('',#2180,#2181,#2182);
#2184=CIRCLE('',#2183,0.685);
#2185=EDGE_CURVE('n° 1284',#2179,#2179,#2184,.T.);
#2186=ORIENTED_EDGE('',*,*,#2185,.T.);
#2187=EDGE_LOOP('',(#2186));
#2188=FACE_BOUND('',#2187,.T.);
#2189=CARTESIAN_POINT('',(7.62,-8.89,0.45));
#2190=DIRECTION('',(0.0,-0.0,1.0));
#2191=DIRECTION('',(-0.0,1.0,0.0));
#2192=AXIS2_PLACEMENT_3D('',#2189,#2190,#2191);
#2193=CONICAL_SURFACE('',#2192,0.685,0.7853981634);
#2194=ADVANCED_FACE('n° 1304',(#2177,#2188),#2193,.T.);
#2195=ORIENTED_EDGE('',*,*,#2157,.F.);
#2196=EDGE_LOOP('',(#2195));
#2197=FACE_OUTER_BOUND('',#2196,.T.);
#2198=ORIENTED_EDGE('',*,*,#2174,.T.);
#2199=EDGE_LOOP('',(#2198));
#2200=FACE_BOUND('',#2199,.T.);
#2201=CARTESIAN_POINT('',(7.62,-8.89,4.7));
#2202=DIRECTION('',(0.0,0.0,-1.0));
#2203=DIRECTION('',(0.0,-1.0,-0.0));
#2204=AXIS2_PLACEMENT_3D('',#2201,#2202,#2203);
#2205=CYLINDRICAL_SURFACE('',#2204,0.255);
#2206=ADVANCED_FACE('n° 1299',(#2197,#2200),#2205,.T.);
#2207=ORIENTED_EDGE('',*,*,#2185,.F.);
#2208=EDGE_LOOP('',(#2207));
#2209=FACE_OUTER_BOUND('',#2208,.T.);
#2210=ORIENTED_EDGE('',*,*,#199,.T.);
#2211=EDGE_LOOP('',(#2210));
#2212=FACE_BOUND('',#2211,.T.);
#2213=CARTESIAN_POINT('',(7.62,-8.89,4.7));
#2214=DIRECTION('',(0.0,0.0,-1.0));
#2215=DIRECTION('',(0.0,-1.0,-0.0));
#2216=AXIS2_PLACEMENT_3D('',#2213,#2214,#2215);
#2217=CYLINDRICAL_SURFACE('',#2216,0.685);
#2218=ADVANCED_FACE('n° 1309',(#2209,#2212),#2217,.T.);
#2219=CARTESIAN_POINT('',(7.62,-9.805,4.701));
#2220=VERTEX_POINT('',#2219);
#2221=CARTESIAN_POINT('',(7.62,-8.89,4.701));
#2222=DIRECTION('',(0.0,0.0,-1.0));
#2223=DIRECTION('',(0.0,-1.0,-0.0));
#2224=AXIS2_PLACEMENT_3D('',#2221,#2222,#2223);
#2225=CIRCLE('',#2224,0.915);
#2226=EDGE_CURVE('n° 1280',#2220,#2220,#2225,.T.);
#2227=ORIENTED_EDGE('',*,*,#2226,.T.);
#2228=EDGE_LOOP('',(#2227));
#2229=FACE_OUTER_BOUND('',#2228,.T.);
#2230=ORIENTED_EDGE('',*,*,#914,.T.);
#2231=EDGE_LOOP('',(#2230));
#2232=FACE_BOUND('',#2231,.T.);
#2233=CARTESIAN_POINT('',(7.62,-8.89,4.7));
#2234=DIRECTION('',(0.0,0.0,-1.0));
#2235=DIRECTION('',(0.0,-1.0,-0.0));
#2236=AXIS2_PLACEMENT_3D('',#2233,#2234,#2235);
#2237=CYLINDRICAL_SURFACE('',#2236,0.915);
#2238=ADVANCED_FACE('n° 1334',(#2229,#2232),#2237,.T.);
#2239=CARTESIAN_POINT('',(7.62,-9.44,4.701));
#2240=VERTEX_POINT('',#2239);
#2241=CARTESIAN_POINT('',(7.62,-8.89,4.701));
#2242=DIRECTION('',(0.0,0.0,-1.0));
#2243=DIRECTION('',(0.0,-1.0,-0.0));
#2244=AXIS2_PLACEMENT_3D('',#2241,#2242,#2243);
#2245=CIRCLE('',#2244,0.55);
#2246=EDGE_CURVE('n° 5226',#2240,#2240,#2245,.T.);
#2247=ORIENTED_EDGE('',*,*,#2246,.T.);
#2248=EDGE_LOOP('',(#2247));
#2249=FACE_OUTER_BOUND('',#2248,.T.);
#2250=ORIENTED_EDGE('',*,*,#2226,.F.);
#2251=EDGE_LOOP('',(#2250));
#2252=FACE_BOUND('',#2251,.T.);
#2253=CARTESIAN_POINT('',(7.62,-8.89,4.701));
#2254=DIRECTION('',(0.0,0.0,-1.0));
#2255=DIRECTION('',(0.0,-1.0,-0.0));
#2256=AXIS2_PLACEMENT_3D('',#2253,#2254,#2255);
#2257=PLANE('',#2256);
#2258=ADVANCED_FACE('n° 1339',(#2249,#2252),#2257,.F.);
#2259=CARTESIAN_POINT('',(7.62,-6.605,-2.475));
#2260=VERTEX_POINT('',#2259);
#2261=CARTESIAN_POINT('',(7.62,-6.35,-2.475));
#2262=DIRECTION('',(0.0,0.0,-1.0));
#2263=DIRECTION('',(0.0,-1.0,-0.0));
#2264=AXIS2_PLACEMENT_3D('',#2261,#2262,#2263);
#2265=CIRCLE('',#2264,0.255);
#2266=EDGE_CURVE('n° 1396',#2260,#2260,#2265,.T.);
#2267=ORIENTED_EDGE('',*,*,#2266,.T.);
#2268=EDGE_LOOP('',(#2267));
#2269=FACE_OUTER_BOUND('',#2268,.T.);
#2270=CARTESIAN_POINT('',(7.62,-6.35,-2.475));
#2271=DIRECTION('',(0.0,0.0,-1.0));
#2272=DIRECTION('',(1.0,0.0,0.0));
#2273=AXIS2_PLACEMENT_3D('',#2270,#2271,#2272);
#2274=SPHERICAL_SURFACE('',#2273,0.255);
#2275=ADVANCED_FACE('n° 1449',(#2269),#2274,.T.);
#2276=CARTESIAN_POINT('',(7.62,-6.605,0.02));
#2277=VERTEX_POINT('',#2276);
#2278=CARTESIAN_POINT('',(7.62,-6.35,0.02));
#2279=DIRECTION('',(0.0,0.0,-1.0));
#2280=DIRECTION('',(0.0,-1.0,-0.0));
#2281=AXIS2_PLACEMENT_3D('',#2278,#2279,#2280);
#2282=CIRCLE('',#2281,0.255);
#2283=EDGE_CURVE('n° 1389',#2277,#2277,#2282,.T.);
#2284=ORIENTED_EDGE('',*,*,#2283,.F.);
#2285=EDGE_LOOP('',(#2284));
#2286=FACE_OUTER_BOUND('',#2285,.T.);
#2287=CARTESIAN_POINT('',(7.62,-7.035,0.45));
#2288=VERTEX_POINT('',#2287);
#2289=CARTESIAN_POINT('',(7.62,-6.35,0.45));
#2290=DIRECTION('',(0.0,0.0,-1.0));
#2291=DIRECTION('',(0.0,-1.0,-0.0));
#2292=AXIS2_PLACEMENT_3D('',#2289,#2290,#2291);
#2293=CIRCLE('',#2292,0.685);
#2294=EDGE_CURVE('n° 1390',#2288,#2288,#2293,.T.);
#2295=ORIENTED_EDGE('',*,*,#2294,.T.);
#2296=EDGE_LOOP('',(#2295));
#2297=FACE_BOUND('',#2296,.T.);
#2298=CARTESIAN_POINT('',(7.62,-6.35,0.45));
#2299=DIRECTION('',(0.0,-0.0,1.0));
#2300=DIRECTION('',(-0.0,1.0,0.0));
#2301=AXIS2_PLACEMENT_3D('',#2298,#2299,#2300);
#2302=CONICAL_SURFACE('',#2301,0.685,0.7853981634);
#2303=ADVANCED_FACE('n° 1410',(#2286,#2297),#2302,.T.);
#2304=ORIENTED_EDGE('',*,*,#2266,.F.);
#2305=EDGE_LOOP('',(#2304));
#2306=FACE_OUTER_BOUND('',#2305,.T.);
#2307=ORIENTED_EDGE('',*,*,#2283,.T.);
#2308=EDGE_LOOP('',(#2307));
#2309=FACE_BOUND('',#2308,.T.);
#2310=CARTESIAN_POINT('',(7.62,-6.35,4.7));
#2311=DIRECTION('',(0.0,0.0,-1.0));
#2312=DIRECTION('',(0.0,-1.0,-0.0));
#2313=AXIS2_PLACEMENT_3D('',#2310,#2311,#2312);
#2314=CYLINDRICAL_SURFACE('',#2313,0.255);
#2315=ADVANCED_FACE('n° 1405',(#2306,#2309),#2314,.T.);
#2316=ORIENTED_EDGE('',*,*,#2294,.F.);
#2317=EDGE_LOOP('',(#2316));
#2318=FACE_OUTER_BOUND('',#2317,.T.);
#2319=ORIENTED_EDGE('',*,*,#395,.T.);
#2320=EDGE_LOOP('',(#2319));
#2321=FACE_BOUND('',#2320,.T.);
#2322=CARTESIAN_POINT('',(7.62,-6.35,4.7));
#2323=DIRECTION('',(0.0,0.0,-1.0));
#2324=DIRECTION('',(0.0,-1.0,-0.0));
#2325=AXIS2_PLACEMENT_3D('',#2322,#2323,#2324);
#2326=CYLINDRICAL_SURFACE('',#2325,0.685);
#2327=ADVANCED_FACE('n° 1415',(#2318,#2321),#2326,.T.);
#2328=CARTESIAN_POINT('',(7.62,-7.265,4.701));
#2329=VERTEX_POINT('',#2328);
#2330=CARTESIAN_POINT('',(7.62,-6.35,4.701));
#2331=DIRECTION('',(0.0,0.0,-1.0));
#2332=DIRECTION('',(0.0,-1.0,-0.0));
#2333=AXIS2_PLACEMENT_3D('',#2330,#2331,#2332);
#2334=CIRCLE('',#2333,0.915);
#2335=EDGE_CURVE('n° 1386',#2329,#2329,#2334,.T.);
#2336=ORIENTED_EDGE('',*,*,#2335,.T.);
#2337=EDGE_LOOP('',(#2336));
#2338=FACE_OUTER_BOUND('',#2337,.T.);
#2339=ORIENTED_EDGE('',*,*,#1025,.T.);
#2340=EDGE_LOOP('',(#2339));
#2341=FACE_BOUND('',#2340,.T.);
#2342=CARTESIAN_POINT('',(7.62,-6.35,4.7));
#2343=DIRECTION('',(0.0,0.0,-1.0));
#2344=DIRECTION('',(0.0,-1.0,-0.0));
#2345=AXIS2_PLACEMENT_3D('',#2342,#2343,#2344);
#2346=CYLINDRICAL_SURFACE('',#2345,0.915);
#2347=ADVANCED_FACE('n° 1440',(#2338,#2341),#2346,.T.);
#2348=CARTESIAN_POINT('',(7.62,-6.9,4.701));
#2349=VERTEX_POINT('',#2348);
#2350=CARTESIAN_POINT('',(7.62,-6.35,4.701));
#2351=DIRECTION('',(0.0,0.0,-1.0));
#2352=DIRECTION('',(0.0,-1.0,-0.0));
#2353=AXIS2_PLACEMENT_3D('',#2350,#2351,#2352);
#2354=CIRCLE('',#2353,0.55);
#2355=EDGE_CURVE('n° 5284',#2349,#2349,#2354,.T.);
#2356=ORIENTED_EDGE('',*,*,#2355,.T.);
#2357=EDGE_LOOP('',(#2356));
#2358=FACE_OUTER_BOUND('',#2357,.T.);
#2359=ORIENTED_EDGE('',*,*,#2335,.F.);
#2360=EDGE_LOOP('',(#2359));
#2361=FACE_BOUND('',#2360,.T.);
#2362=CARTESIAN_POINT('',(7.62,-6.35,4.701));
#2363=DIRECTION('',(0.0,0.0,-1.0));
#2364=DIRECTION('',(0.0,-1.0,-0.0));
#2365=AXIS2_PLACEMENT_3D('',#2362,#2363,#2364);
#2366=PLANE('',#2365);
#2367=ADVANCED_FACE('n° 1445',(#2358,#2361),#2366,.F.);
#2368=CARTESIAN_POINT('',(7.62,-4.065,-2.475));
#2369=VERTEX_POINT('',#2368);
#2370=CARTESIAN_POINT('',(7.62,-3.81,-2.475));
#2371=DIRECTION('',(0.0,0.0,-1.0));
#2372=DIRECTION('',(0.0,-1.0,-0.0));
#2373=AXIS2_PLACEMENT_3D('',#2370,#2371,#2372);
#2374=CIRCLE('',#2373,0.255);
#2375=EDGE_CURVE('n° 1502',#2369,#2369,#2374,.T.);
#2376=ORIENTED_EDGE('',*,*,#2375,.T.);
#2377=EDGE_LOOP('',(#2376));
#2378=FACE_OUTER_BOUND('',#2377,.T.);
#2379=CARTESIAN_POINT('',(7.62,-3.81,-2.475));
#2380=DIRECTION('',(0.0,0.0,-1.0));
#2381=DIRECTION('',(1.0,0.0,0.0));
#2382=AXIS2_PLACEMENT_3D('',#2379,#2380,#2381);
#2383=SPHERICAL_SURFACE('',#2382,0.255);
#2384=ADVANCED_FACE('n° 1555',(#2378),#2383,.T.);
#2385=CARTESIAN_POINT('',(7.62,-4.065,0.02));
#2386=VERTEX_POINT('',#2385);
#2387=CARTESIAN_POINT('',(7.62,-3.81,0.02));
#2388=DIRECTION('',(0.0,0.0,-1.0));
#2389=DIRECTION('',(0.0,-1.0,-0.0));
#2390=AXIS2_PLACEMENT_3D('',#2387,#2388,#2389);
#2391=CIRCLE('',#2390,0.255);
#2392=EDGE_CURVE('n° 1495',#2386,#2386,#2391,.T.);
#2393=ORIENTED_EDGE('',*,*,#2392,.F.);
#2394=EDGE_LOOP('',(#2393));
#2395=FACE_OUTER_BOUND('',#2394,.T.);
#2396=CARTESIAN_POINT('',(7.62,-4.495,0.45));
#2397=VERTEX_POINT('',#2396);
#2398=CARTESIAN_POINT('',(7.62,-3.81,0.45));
#2399=DIRECTION('',(0.0,0.0,-1.0));
#2400=DIRECTION('',(0.0,-1.0,-0.0));
#2401=AXIS2_PLACEMENT_3D('',#2398,#2399,#2400);
#2402=CIRCLE('',#2401,0.685);
#2403=EDGE_CURVE('n° 1496',#2397,#2397,#2402,.T.);
#2404=ORIENTED_EDGE('',*,*,#2403,.T.);
#2405=EDGE_LOOP('',(#2404));
#2406=FACE_BOUND('',#2405,.T.);
#2407=CARTESIAN_POINT('',(7.62,-3.81,0.45));
#2408=DIRECTION('',(0.0,-0.0,1.0));
#2409=DIRECTION('',(-0.0,1.0,0.0));
#2410=AXIS2_PLACEMENT_3D('',#2407,#2408,#2409);
#2411=CONICAL_SURFACE('',#2410,0.685,0.7853981634);
#2412=ADVANCED_FACE('n° 1516',(#2395,#2406),#2411,.T.);
#2413=ORIENTED_EDGE('',*,*,#2375,.F.);
#2414=EDGE_LOOP('',(#2413));
#2415=FACE_OUTER_BOUND('',#2414,.T.);
#2416=ORIENTED_EDGE('',*,*,#2392,.T.);
#2417=EDGE_LOOP('',(#2416));
#2418=FACE_BOUND('',#2417,.T.);
#2419=CARTESIAN_POINT('',(7.62,-3.81,4.7));
#2420=DIRECTION('',(0.0,0.0,-1.0));
#2421=DIRECTION('',(0.0,-1.0,-0.0));
#2422=AXIS2_PLACEMENT_3D('',#2419,#2420,#2421);
#2423=CYLINDRICAL_SURFACE('',#2422,0.255);
#2424=ADVANCED_FACE('n° 1511',(#2415,#2418),#2423,.T.);
#2425=ORIENTED_EDGE('',*,*,#2403,.F.);
#2426=EDGE_LOOP('',(#2425));
#2427=FACE_OUTER_BOUND('',#2426,.T.);
#2428=ORIENTED_EDGE('',*,*,#188,.T.);
#2429=EDGE_LOOP('',(#2428));
#2430=FACE_BOUND('',#2429,.T.);
#2431=CARTESIAN_POINT('',(7.62,-3.81,4.7));
#2432=DIRECTION('',(0.0,0.0,-1.0));
#2433=DIRECTION('',(0.0,-1.0,-0.0));
#2434=AXIS2_PLACEMENT_3D('',#2431,#2432,#2433);
#2435=CYLINDRICAL_SURFACE('',#2434,0.685);
#2436=ADVANCED_FACE('n° 1521',(#2427,#2430),#2435,.T.);
#2437=CARTESIAN_POINT('',(7.62,-4.725,4.701));
#2438=VERTEX_POINT('',#2437);
#2439=CARTESIAN_POINT('',(7.62,-3.81,4.701));
#2440=DIRECTION('',(0.0,0.0,-1.0));
#2441=DIRECTION('',(0.0,-1.0,-0.0));
#2442=AXIS2_PLACEMENT_3D('',#2439,#2440,#2441);
#2443=CIRCLE('',#2442,0.915);
#2444=EDGE_CURVE('n° 1492',#2438,#2438,#2443,.T.);
#2445=ORIENTED_EDGE('',*,*,#2444,.T.);
#2446=EDGE_LOOP('',(#2445));
#2447=FACE_OUTER_BOUND('',#2446,.T.);
#2448=ORIENTED_EDGE('',*,*,#903,.T.);
#2449=EDGE_LOOP('',(#2448));
#2450=FACE_BOUND('',#2449,.T.);
#2451=CARTESIAN_POINT('',(7.62,-3.81,4.7));
#2452=DIRECTION('',(0.0,0.0,-1.0));
#2453=DIRECTION('',(0.0,-1.0,-0.0));
#2454=AXIS2_PLACEMENT_3D('',#2451,#2452,#2453);
#2455=CYLINDRICAL_SURFACE('',#2454,0.915);
#2456=ADVANCED_FACE('n° 1546',(#2447,#2450),#2455,.T.);
#2457=CARTESIAN_POINT('',(7.62,-4.36,4.701));
#2458=VERTEX_POINT('',#2457);
#2459=CARTESIAN_POINT('',(7.62,-3.81,4.701));
#2460=DIRECTION('',(0.0,0.0,-1.0));
#2461=DIRECTION('',(0.0,-1.0,-0.0));
#2462=AXIS2_PLACEMENT_3D('',#2459,#2460,#2461);
#2463=CIRCLE('',#2462,0.55);
#2464=EDGE_CURVE('n° 5342',#2458,#2458,#2463,.T.);
#2465=ORIENTED_EDGE('',*,*,#2464,.T.);
#2466=EDGE_LOOP('',(#2465));
#2467=FACE_OUTER_BOUND('',#2466,.T.);
#2468=ORIENTED_EDGE('',*,*,#2444,.F.);
#2469=EDGE_LOOP('',(#2468));
#2470=FACE_BOUND('',#2469,.T.);
#2471=CARTESIAN_POINT('',(7.62,-3.81,4.701));
#2472=DIRECTION('',(0.0,0.0,-1.0));
#2473=DIRECTION('',(0.0,-1.0,-0.0));
#2474=AXIS2_PLACEMENT_3D('',#2471,#2472,#2473);
#2475=PLANE('',#2474);
#2476=ADVANCED_FACE('n° 1551',(#2467,#2470),#2475,.F.);
#2477=CARTESIAN_POINT('',(7.62,-1.525,-2.475));
#2478=VERTEX_POINT('',#2477);
#2479=CARTESIAN_POINT('',(7.62,-1.27,-2.475));
#2480=DIRECTION('',(0.0,0.0,-1.0));
#2481=DIRECTION('',(0.0,-1.0,-0.0));
#2482=AXIS2_PLACEMENT_3D('',#2479,#2480,#2481);
#2483=CIRCLE('',#2482,0.255);
#2484=EDGE_CURVE('n° 1608',#2478,#2478,#2483,.T.);
#2485=ORIENTED_EDGE('',*,*,#2484,.T.);
#2486=EDGE_LOOP('',(#2485));
#2487=FACE_OUTER_BOUND('',#2486,.T.);
#2488=CARTESIAN_POINT('',(7.62,-1.27,-2.475));
#2489=DIRECTION('',(0.0,0.0,-1.0));
#2490=DIRECTION('',(1.0,0.0,0.0));
#2491=AXIS2_PLACEMENT_3D('',#2488,#2489,#2490);
#2492=SPHERICAL_SURFACE('',#2491,0.255);
#2493=ADVANCED_FACE('n° 1661',(#2487),#2492,.T.);
#2494=CARTESIAN_POINT('',(7.62,-1.525,0.02));
#2495=VERTEX_POINT('',#2494);
#2496=CARTESIAN_POINT('',(7.62,-1.27,0.02));
#2497=DIRECTION('',(0.0,0.0,-1.0));
#2498=DIRECTION('',(0.0,-1.0,-0.0));
#2499=AXIS2_PLACEMENT_3D('',#2496,#2497,#2498);
#2500=CIRCLE('',#2499,0.255);
#2501=EDGE_CURVE('n° 1601',#2495,#2495,#2500,.T.);
#2502=ORIENTED_EDGE('',*,*,#2501,.F.);
#2503=EDGE_LOOP('',(#2502));
#2504=FACE_OUTER_BOUND('',#2503,.T.);
#2505=CARTESIAN_POINT('',(7.62,-1.955,0.45));
#2506=VERTEX_POINT('',#2505);
#2507=CARTESIAN_POINT('',(7.62,-1.27,0.45));
#2508=DIRECTION('',(0.0,0.0,-1.0));
#2509=DIRECTION('',(0.0,-1.0,-0.0));
#2510=AXIS2_PLACEMENT_3D('',#2507,#2508,#2509);
#2511=CIRCLE('',#2510,0.685);
#2512=EDGE_CURVE('n° 1602',#2506,#2506,#2511,.T.);
#2513=ORIENTED_EDGE('',*,*,#2512,.T.);
#2514=EDGE_LOOP('',(#2513));
#2515=FACE_BOUND('',#2514,.T.);
#2516=CARTESIAN_POINT('',(7.62,-1.27,0.45));
#2517=DIRECTION('',(0.0,-0.0,1.0));
#2518=DIRECTION('',(-0.0,1.0,0.0));
#2519=AXIS2_PLACEMENT_3D('',#2516,#2517,#2518);
#2520=CONICAL_SURFACE('',#2519,0.685,0.7853981634);
#2521=ADVANCED_FACE('n° 1622',(#2504,#2515),#2520,.T.);
#2522=ORIENTED_EDGE('',*,*,#2484,.F.);
#2523=EDGE_LOOP('',(#2522));
#2524=FACE_OUTER_BOUND('',#2523,.T.);
#2525=ORIENTED_EDGE('',*,*,#2501,.T.);
#2526=EDGE_LOOP('',(#2525));
#2527=FACE_BOUND('',#2526,.T.);
#2528=CARTESIAN_POINT('',(7.62,-1.27,4.7));
#2529=DIRECTION('',(0.0,0.0,-1.0));
#2530=DIRECTION('',(0.0,-1.0,-0.0));
#2531=AXIS2_PLACEMENT_3D('',#2528,#2529,#2530);
#2532=CYLINDRICAL_SURFACE('',#2531,0.255);
#2533=ADVANCED_FACE('n° 1617',(#2524,#2527),#2532,.T.);
#2534=ORIENTED_EDGE('',*,*,#2512,.F.);
#2535=EDGE_LOOP('',(#2534));
#2536=FACE_OUTER_BOUND('',#2535,.T.);
#2537=ORIENTED_EDGE('',*,*,#406,.T.);
#2538=EDGE_LOOP('',(#2537));
#2539=FACE_BOUND('',#2538,.T.);
#2540=CARTESIAN_POINT('',(7.62,-1.27,4.7));
#2541=DIRECTION('',(0.0,0.0,-1.0));
#2542=DIRECTION('',(0.0,-1.0,-0.0));
#2543=AXIS2_PLACEMENT_3D('',#2540,#2541,#2542);
#2544=CYLINDRICAL_SURFACE('',#2543,0.685);
#2545=ADVANCED_FACE('n° 1627',(#2536,#2539),#2544,.T.);
#2546=CARTESIAN_POINT('',(7.62,-2.185,4.701));
#2547=VERTEX_POINT('',#2546);
#2548=CARTESIAN_POINT('',(7.62,-1.27,4.701));
#2549=DIRECTION('',(0.0,0.0,-1.0));
#2550=DIRECTION('',(0.0,-1.0,-0.0));
#2551=AXIS2_PLACEMENT_3D('',#2548,#2549,#2550);
#2552=CIRCLE('',#2551,0.915);
#2553=EDGE_CURVE('n° 1598',#2547,#2547,#2552,.T.);
#2554=ORIENTED_EDGE('',*,*,#2553,.T.);
#2555=EDGE_LOOP('',(#2554));
#2556=FACE_OUTER_BOUND('',#2555,.T.);
#2557=ORIENTED_EDGE('',*,*,#1036,.T.);
#2558=EDGE_LOOP('',(#2557));
#2559=FACE_BOUND('',#2558,.T.);
#2560=CARTESIAN_POINT('',(7.62,-1.27,4.7));
#2561=DIRECTION('',(0.0,0.0,-1.0));
#2562=DIRECTION('',(0.0,-1.0,-0.0));
#2563=AXIS2_PLACEMENT_3D('',#2560,#2561,#2562);
#2564=CYLINDRICAL_SURFACE('',#2563,0.915);
#2565=ADVANCED_FACE('n° 1652',(#2556,#2559),#2564,.T.);
#2566=CARTESIAN_POINT('',(7.62,-1.82,4.701));
#2567=VERTEX_POINT('',#2566);
#2568=CARTESIAN_POINT('',(7.62,-1.27,4.701));
#2569=DIRECTION('',(0.0,0.0,-1.0));
#2570=DIRECTION('',(0.0,-1.0,-0.0));
#2571=AXIS2_PLACEMENT_3D('',#2568,#2569,#2570);
#2572=CIRCLE('',#2571,0.55);
#2573=EDGE_CURVE('n° 5400',#2567,#2567,#2572,.T.);
#2574=ORIENTED_EDGE('',*,*,#2573,.T.);
#2575=EDGE_LOOP('',(#2574));
#2576=FACE_OUTER_BOUND('',#2575,.T.);
#2577=ORIENTED_EDGE('',*,*,#2553,.F.);
#2578=EDGE_LOOP('',(#2577));
#2579=FACE_BOUND('',#2578,.T.);
#2580=CARTESIAN_POINT('',(7.62,-1.27,4.701));
#2581=DIRECTION('',(0.0,0.0,-1.0));
#2582=DIRECTION('',(0.0,-1.0,-0.0));
#2583=AXIS2_PLACEMENT_3D('',#2580,#2581,#2582);
#2584=PLANE('',#2583);
#2585=ADVANCED_FACE('n° 1657',(#2576,#2579),#2584,.F.);
#2586=CARTESIAN_POINT('',(7.62,1.015,-2.475));
#2587=VERTEX_POINT('',#2586);
#2588=CARTESIAN_POINT('',(7.62,1.27,-2.475));
#2589=DIRECTION('',(0.0,0.0,-1.0));
#2590=DIRECTION('',(0.0,-1.0,-0.0));
#2591=AXIS2_PLACEMENT_3D('',#2588,#2589,#2590);
#2592=CIRCLE('',#2591,0.255);
#2593=EDGE_CURVE('n° 1714',#2587,#2587,#2592,.T.);
#2594=ORIENTED_EDGE('',*,*,#2593,.T.);
#2595=EDGE_LOOP('',(#2594));
#2596=FACE_OUTER_BOUND('',#2595,.T.);
#2597=CARTESIAN_POINT('',(7.62,1.27,-2.475));
#2598=DIRECTION('',(0.0,0.0,-1.0));
#2599=DIRECTION('',(1.0,0.0,0.0));
#2600=AXIS2_PLACEMENT_3D('',#2597,#2598,#2599);
#2601=SPHERICAL_SURFACE('',#2600,0.255);
#2602=ADVANCED_FACE('n° 1767',(#2596),#2601,.T.);
#2603=CARTESIAN_POINT('',(7.62,1.015,0.02));
#2604=VERTEX_POINT('',#2603);
#2605=CARTESIAN_POINT('',(7.62,1.27,0.02));
#2606=DIRECTION('',(0.0,0.0,-1.0));
#2607=DIRECTION('',(0.0,-1.0,-0.0));
#2608=AXIS2_PLACEMENT_3D('',#2605,#2606,#2607);
#2609=CIRCLE('',#2608,0.255);
#2610=EDGE_CURVE('n° 1707',#2604,#2604,#2609,.T.);
#2611=ORIENTED_EDGE('',*,*,#2610,.F.);
#2612=EDGE_LOOP('',(#2611));
#2613=FACE_OUTER_BOUND('',#2612,.T.);
#2614=CARTESIAN_POINT('',(7.62,0.585,0.45));
#2615=VERTEX_POINT('',#2614);
#2616=CARTESIAN_POINT('',(7.62,1.27,0.45));
#2617=DIRECTION('',(0.0,0.0,-1.0));
#2618=DIRECTION('',(0.0,-1.0,-0.0));
#2619=AXIS2_PLACEMENT_3D('',#2616,#2617,#2618);
#2620=CIRCLE('',#2619,0.685);
#2621=EDGE_CURVE('n° 1708',#2615,#2615,#2620,.T.);
#2622=ORIENTED_EDGE('',*,*,#2621,.T.);
#2623=EDGE_LOOP('',(#2622));
#2624=FACE_BOUND('',#2623,.T.);
#2625=CARTESIAN_POINT('',(7.62,1.27,0.45));
#2626=DIRECTION('',(0.0,-0.0,1.0));
#2627=DIRECTION('',(-0.0,1.0,0.0));
#2628=AXIS2_PLACEMENT_3D('',#2625,#2626,#2627);
#2629=CONICAL_SURFACE('',#2628,0.685,0.7853981634);
#2630=ADVANCED_FACE('n° 1728',(#2613,#2624),#2629,.T.);
#2631=ORIENTED_EDGE('',*,*,#2593,.F.);
#2632=EDGE_LOOP('',(#2631));
#2633=FACE_OUTER_BOUND('',#2632,.T.);
#2634=ORIENTED_EDGE('',*,*,#2610,.T.);
#2635=EDGE_LOOP('',(#2634));
#2636=FACE_BOUND('',#2635,.T.);
#2637=CARTESIAN_POINT('',(7.62,1.27,4.7));
#2638=DIRECTION('',(0.0,0.0,-1.0));
#2639=DIRECTION('',(0.0,-1.0,-0.0));
#2640=AXIS2_PLACEMENT_3D('',#2637,#2638,#2639);
#2641=CYLINDRICAL_SURFACE('',#2640,0.255);
#2642=ADVANCED_FACE('n° 1723',(#2633,#2636),#2641,.T.);
#2643=ORIENTED_EDGE('',*,*,#2621,.F.);
#2644=EDGE_LOOP('',(#2643));
#2645=FACE_OUTER_BOUND('',#2644,.T.);
#2646=ORIENTED_EDGE('',*,*,#177,.T.);
#2647=EDGE_LOOP('',(#2646));
#2648=FACE_BOUND('',#2647,.T.);
#2649=CARTESIAN_POINT('',(7.62,1.27,4.7));
#2650=DIRECTION('',(0.0,0.0,-1.0));
#2651=DIRECTION('',(0.0,-1.0,-0.0));
#2652=AXIS2_PLACEMENT_3D('',#2649,#2650,#2651);
#2653=CYLINDRICAL_SURFACE('',#2652,0.685);
#2654=ADVANCED_FACE('n° 1733',(#2645,#2648),#2653,.T.);
#2655=CARTESIAN_POINT('',(7.62,0.355,4.701));
#2656=VERTEX_POINT('',#2655);
#2657=CARTESIAN_POINT('',(7.62,1.27,4.701));
#2658=DIRECTION('',(0.0,0.0,-1.0));
#2659=DIRECTION('',(0.0,-1.0,-0.0));
#2660=AXIS2_PLACEMENT_3D('',#2657,#2658,#2659);
#2661=CIRCLE('',#2660,0.915);
#2662=EDGE_CURVE('n° 1704',#2656,#2656,#2661,.T.);
#2663=ORIENTED_EDGE('',*,*,#2662,.T.);
#2664=EDGE_LOOP('',(#2663));
#2665=FACE_OUTER_BOUND('',#2664,.T.);
#2666=ORIENTED_EDGE('',*,*,#892,.T.);
#2667=EDGE_LOOP('',(#2666));
#2668=FACE_BOUND('',#2667,.T.);
#2669=CARTESIAN_POINT('',(7.62,1.27,4.7));
#2670=DIRECTION('',(0.0,0.0,-1.0));
#2671=DIRECTION('',(0.0,-1.0,-0.0));
#2672=AXIS2_PLACEMENT_3D('',#2669,#2670,#2671);
#2673=CYLINDRICAL_SURFACE('',#2672,0.915);
#2674=ADVANCED_FACE('n° 1758',(#2665,#2668),#2673,.T.);
#2675=CARTESIAN_POINT('',(7.62,0.72,4.701));
#2676=VERTEX_POINT('',#2675);
#2677=CARTESIAN_POINT('',(7.62,1.27,4.701));
#2678=DIRECTION('',(0.0,0.0,-1.0));
#2679=DIRECTION('',(0.0,-1.0,-0.0));
#2680=AXIS2_PLACEMENT_3D('',#2677,#2678,#2679);
#2681=CIRCLE('',#2680,0.55);
#2682=EDGE_CURVE('n° 5458',#2676,#2676,#2681,.T.);
#2683=ORIENTED_EDGE('',*,*,#2682,.T.);
#2684=EDGE_LOOP('',(#2683));
#2685=FACE_OUTER_BOUND('',#2684,.T.);
#2686=ORIENTED_EDGE('',*,*,#2662,.F.);
#2687=EDGE_LOOP('',(#2686));
#2688=FACE_BOUND('',#2687,.T.);
#2689=CARTESIAN_POINT('',(7.62,1.27,4.701));
#2690=DIRECTION('',(0.0,0.0,-1.0));
#2691=DIRECTION('',(0.0,-1.0,-0.0));
#2692=AXIS2_PLACEMENT_3D('',#2689,#2690,#2691);
#2693=PLANE('',#2692);
#2694=ADVANCED_FACE('n° 1763',(#2685,#2688),#2693,.F.);
#2695=CARTESIAN_POINT('',(7.62,3.555,-2.475));
#2696=VERTEX_POINT('',#2695);
#2697=CARTESIAN_POINT('',(7.62,3.81,-2.475));
#2698=DIRECTION('',(0.0,0.0,-1.0));
#2699=DIRECTION('',(0.0,-1.0,-0.0));
#2700=AXIS2_PLACEMENT_3D('',#2697,#2698,#2699);
#2701=CIRCLE('',#2700,0.255);
#2702=EDGE_CURVE('n° 1820',#2696,#2696,#2701,.T.);
#2703=ORIENTED_EDGE('',*,*,#2702,.T.);
#2704=EDGE_LOOP('',(#2703));
#2705=FACE_OUTER_BOUND('',#2704,.T.);
#2706=CARTESIAN_POINT('',(7.62,3.81,-2.475));
#2707=DIRECTION('',(0.0,0.0,-1.0));
#2708=DIRECTION('',(1.0,0.0,0.0));
#2709=AXIS2_PLACEMENT_3D('',#2706,#2707,#2708);
#2710=SPHERICAL_SURFACE('',#2709,0.255);
#2711=ADVANCED_FACE('n° 1873',(#2705),#2710,.T.);
#2712=CARTESIAN_POINT('',(7.62,3.555,0.02));
#2713=VERTEX_POINT('',#2712);
#2714=CARTESIAN_POINT('',(7.62,3.81,0.02));
#2715=DIRECTION('',(0.0,0.0,-1.0));
#2716=DIRECTION('',(0.0,-1.0,-0.0));
#2717=AXIS2_PLACEMENT_3D('',#2714,#2715,#2716);
#2718=CIRCLE('',#2717,0.255);
#2719=EDGE_CURVE('n° 1813',#2713,#2713,#2718,.T.);
#2720=ORIENTED_EDGE('',*,*,#2719,.F.);
#2721=EDGE_LOOP('',(#2720));
#2722=FACE_OUTER_BOUND('',#2721,.T.);
#2723=CARTESIAN_POINT('',(7.62,3.125,0.45));
#2724=VERTEX_POINT('',#2723);
#2725=CARTESIAN_POINT('',(7.62,3.81,0.45));
#2726=DIRECTION('',(0.0,0.0,-1.0));
#2727=DIRECTION('',(0.0,-1.0,-0.0));
#2728=AXIS2_PLACEMENT_3D('',#2725,#2726,#2727);
#2729=CIRCLE('',#2728,0.685);
#2730=EDGE_CURVE('n° 1814',#2724,#2724,#2729,.T.);
#2731=ORIENTED_EDGE('',*,*,#2730,.T.);
#2732=EDGE_LOOP('',(#2731));
#2733=FACE_BOUND('',#2732,.T.);
#2734=CARTESIAN_POINT('',(7.62,3.81,0.45));
#2735=DIRECTION('',(0.0,-0.0,1.0));
#2736=DIRECTION('',(-0.0,1.0,0.0));
#2737=AXIS2_PLACEMENT_3D('',#2734,#2735,#2736);
#2738=CONICAL_SURFACE('',#2737,0.685,0.7853981634);
#2739=ADVANCED_FACE('n° 1834',(#2722,#2733),#2738,.T.);
#2740=ORIENTED_EDGE('',*,*,#2702,.F.);
#2741=EDGE_LOOP('',(#2740));
#2742=FACE_OUTER_BOUND('',#2741,.T.);
#2743=ORIENTED_EDGE('',*,*,#2719,.T.);
#2744=EDGE_LOOP('',(#2743));
#2745=FACE_BOUND('',#2744,.T.);
#2746=CARTESIAN_POINT('',(7.62,3.81,4.7));
#2747=DIRECTION('',(0.0,0.0,-1.0));
#2748=DIRECTION('',(0.0,-1.0,-0.0));
#2749=AXIS2_PLACEMENT_3D('',#2746,#2747,#2748);
#2750=CYLINDRICAL_SURFACE('',#2749,0.255);
#2751=ADVANCED_FACE('n° 1829',(#2742,#2745),#2750,.T.);
#2752=ORIENTED_EDGE('',*,*,#2730,.F.);
#2753=EDGE_LOOP('',(#2752));
#2754=FACE_OUTER_BOUND('',#2753,.T.);
#2755=ORIENTED_EDGE('',*,*,#417,.T.);
#2756=EDGE_LOOP('',(#2755));
#2757=FACE_BOUND('',#2756,.T.);
#2758=CARTESIAN_POINT('',(7.62,3.81,4.7));
#2759=DIRECTION('',(0.0,0.0,-1.0));
#2760=DIRECTION('',(0.0,-1.0,-0.0));
#2761=AXIS2_PLACEMENT_3D('',#2758,#2759,#2760);
#2762=CYLINDRICAL_SURFACE('',#2761,0.685);
#2763=ADVANCED_FACE('n° 1839',(#2754,#2757),#2762,.T.);
#2764=CARTESIAN_POINT('',(7.62,2.895,4.701));
#2765=VERTEX_POINT('',#2764);
#2766=CARTESIAN_POINT('',(7.62,3.81,4.701));
#2767=DIRECTION('',(0.0,0.0,-1.0));
#2768=DIRECTION('',(0.0,-1.0,-0.0));
#2769=AXIS2_PLACEMENT_3D('',#2766,#2767,#2768);
#2770=CIRCLE('',#2769,0.915);
#2771=EDGE_CURVE('n° 1810',#2765,#2765,#2770,.T.);
#2772=ORIENTED_EDGE('',*,*,#2771,.T.);
#2773=EDGE_LOOP('',(#2772));
#2774=FACE_OUTER_BOUND('',#2773,.T.);
#2775=ORIENTED_EDGE('',*,*,#1047,.T.);
#2776=EDGE_LOOP('',(#2775));
#2777=FACE_BOUND('',#2776,.T.);
#2778=CARTESIAN_POINT('',(7.62,3.81,4.7));
#2779=DIRECTION('',(0.0,0.0,-1.0));
#2780=DIRECTION('',(0.0,-1.0,-0.0));
#2781=AXIS2_PLACEMENT_3D('',#2778,#2779,#2780);
#2782=CYLINDRICAL_SURFACE('',#2781,0.915);
#2783=ADVANCED_FACE('n° 1864',(#2774,#2777),#2782,.T.);
#2784=CARTESIAN_POINT('',(7.62,3.26,4.701));
#2785=VERTEX_POINT('',#2784);
#2786=CARTESIAN_POINT('',(7.62,3.81,4.701));
#2787=DIRECTION('',(0.0,0.0,-1.0));
#2788=DIRECTION('',(0.0,-1.0,-0.0));
#2789=AXIS2_PLACEMENT_3D('',#2786,#2787,#2788);
#2790=CIRCLE('',#2789,0.55);
#2791=EDGE_CURVE('n° 5516',#2785,#2785,#2790,.T.);
#2792=ORIENTED_EDGE('',*,*,#2791,.T.);
#2793=EDGE_LOOP('',(#2792));
#2794=FACE_OUTER_BOUND('',#2793,.T.);
#2795=ORIENTED_EDGE('',*,*,#2771,.F.);
#2796=EDGE_LOOP('',(#2795));
#2797=FACE_BOUND('',#2796,.T.);
#2798=CARTESIAN_POINT('',(7.62,3.81,4.701));
#2799=DIRECTION('',(0.0,0.0,-1.0));
#2800=DIRECTION('',(0.0,-1.0,-0.0));
#2801=AXIS2_PLACEMENT_3D('',#2798,#2799,#2800);
#2802=PLANE('',#2801);
#2803=ADVANCED_FACE('n° 1869',(#2794,#2797),#2802,.F.);
#2804=CARTESIAN_POINT('',(7.62,6.095,-2.475));
#2805=VERTEX_POINT('',#2804);
#2806=CARTESIAN_POINT('',(7.62,6.35,-2.475));
#2807=DIRECTION('',(0.0,0.0,-1.0));
#2808=DIRECTION('',(0.0,-1.0,-0.0));
#2809=AXIS2_PLACEMENT_3D('',#2806,#2807,#2808);
#2810=CIRCLE('',#2809,0.255);
#2811=EDGE_CURVE('n° 1926',#2805,#2805,#2810,.T.);
#2812=ORIENTED_EDGE('',*,*,#2811,.T.);
#2813=EDGE_LOOP('',(#2812));
#2814=FACE_OUTER_BOUND('',#2813,.T.);
#2815=CARTESIAN_POINT('',(7.62,6.35,-2.475));
#2816=DIRECTION('',(0.0,0.0,-1.0));
#2817=DIRECTION('',(1.0,0.0,0.0));
#2818=AXIS2_PLACEMENT_3D('',#2815,#2816,#2817);
#2819=SPHERICAL_SURFACE('',#2818,0.255);
#2820=ADVANCED_FACE('n° 1979',(#2814),#2819,.T.);
#2821=CARTESIAN_POINT('',(7.62,6.095,0.02));
#2822=VERTEX_POINT('',#2821);
#2823=CARTESIAN_POINT('',(7.62,6.35,0.02));
#2824=DIRECTION('',(0.0,0.0,-1.0));
#2825=DIRECTION('',(0.0,-1.0,-0.0));
#2826=AXIS2_PLACEMENT_3D('',#2823,#2824,#2825);
#2827=CIRCLE('',#2826,0.255);
#2828=EDGE_CURVE('n° 1919',#2822,#2822,#2827,.T.);
#2829=ORIENTED_EDGE('',*,*,#2828,.F.);
#2830=EDGE_LOOP('',(#2829));
#2831=FACE_OUTER_BOUND('',#2830,.T.);
#2832=CARTESIAN_POINT('',(7.62,5.665,0.45));
#2833=VERTEX_POINT('',#2832);
#2834=CARTESIAN_POINT('',(7.62,6.35,0.45));
#2835=DIRECTION('',(0.0,0.0,-1.0));
#2836=DIRECTION('',(0.0,-1.0,-0.0));
#2837=AXIS2_PLACEMENT_3D('',#2834,#2835,#2836);
#2838=CIRCLE('',#2837,0.685);
#2839=EDGE_CURVE('n° 1920',#2833,#2833,#2838,.T.);
#2840=ORIENTED_EDGE('',*,*,#2839,.T.);
#2841=EDGE_LOOP('',(#2840));
#2842=FACE_BOUND('',#2841,.T.);
#2843=CARTESIAN_POINT('',(7.62,6.35,0.45));
#2844=DIRECTION('',(0.0,-0.0,1.0));
#2845=DIRECTION('',(-0.0,1.0,0.0));
#2846=AXIS2_PLACEMENT_3D('',#2843,#2844,#2845);
#2847=CONICAL_SURFACE('',#2846,0.685,0.7853981634);
#2848=ADVANCED_FACE('n° 1940',(#2831,#2842),#2847,.T.);
#2849=ORIENTED_EDGE('',*,*,#2811,.F.);
#2850=EDGE_LOOP('',(#2849));
#2851=FACE_OUTER_BOUND('',#2850,.T.);
#2852=ORIENTED_EDGE('',*,*,#2828,.T.);
#2853=EDGE_LOOP('',(#2852));
#2854=FACE_BOUND('',#2853,.T.);
#2855=CARTESIAN_POINT('',(7.62,6.35,4.7));
#2856=DIRECTION('',(0.0,0.0,-1.0));
#2857=DIRECTION('',(0.0,-1.0,-0.0));
#2858=AXIS2_PLACEMENT_3D('',#2855,#2856,#2857);
#2859=CYLINDRICAL_SURFACE('',#2858,0.255);
#2860=ADVANCED_FACE('n° 1935',(#2851,#2854),#2859,.T.);
#2861=ORIENTED_EDGE('',*,*,#2839,.F.);
#2862=EDGE_LOOP('',(#2861));
#2863=FACE_OUTER_BOUND('',#2862,.T.);
#2864=ORIENTED_EDGE('',*,*,#166,.T.);
#2865=EDGE_LOOP('',(#2864));
#2866=FACE_BOUND('',#2865,.T.);
#2867=CARTESIAN_POINT('',(7.62,6.35,4.7));
#2868=DIRECTION('',(0.0,0.0,-1.0));
#2869=DIRECTION('',(0.0,-1.0,-0.0));
#2870=AXIS2_PLACEMENT_3D('',#2867,#2868,#2869);
#2871=CYLINDRICAL_SURFACE('',#2870,0.685);
#2872=ADVANCED_FACE('n° 1945',(#2863,#2866),#2871,.T.);
#2873=CARTESIAN_POINT('',(7.62,5.435,4.701));
#2874=VERTEX_POINT('',#2873);
#2875=CARTESIAN_POINT('',(7.62,6.35,4.701));
#2876=DIRECTION('',(0.0,0.0,-1.0));
#2877=DIRECTION('',(0.0,-1.0,-0.0));
#2878=AXIS2_PLACEMENT_3D('',#2875,#2876,#2877);
#2879=CIRCLE('',#2878,0.915);
#2880=EDGE_CURVE('n° 1916',#2874,#2874,#2879,.T.);
#2881=ORIENTED_EDGE('',*,*,#2880,.T.);
#2882=EDGE_LOOP('',(#2881));
#2883=FACE_OUTER_BOUND('',#2882,.T.);
#2884=ORIENTED_EDGE('',*,*,#881,.T.);
#2885=EDGE_LOOP('',(#2884));
#2886=FACE_BOUND('',#2885,.T.);
#2887=CARTESIAN_POINT('',(7.62,6.35,4.7));
#2888=DIRECTION('',(0.0,0.0,-1.0));
#2889=DIRECTION('',(0.0,-1.0,-0.0));
#2890=AXIS2_PLACEMENT_3D('',#2887,#2888,#2889);
#2891=CYLINDRICAL_SURFACE('',#2890,0.915);
#2892=ADVANCED_FACE('n° 1970',(#2883,#2886),#2891,.T.);
#2893=CARTESIAN_POINT('',(7.62,5.8,4.701));
#2894=VERTEX_POINT('',#2893);
#2895=CARTESIAN_POINT('',(7.62,6.35,4.701));
#2896=DIRECTION('',(0.0,0.0,-1.0));
#2897=DIRECTION('',(0.0,-1.0,-0.0));
#2898=AXIS2_PLACEMENT_3D('',#2895,#2896,#2897);
#2899=CIRCLE('',#2898,0.55);
#2900=EDGE_CURVE('n° 5574',#2894,#2894,#2899,.T.);
#2901=ORIENTED_EDGE('',*,*,#2900,.T.);
#2902=EDGE_LOOP('',(#2901));
#2903=FACE_OUTER_BOUND('',#2902,.T.);
#2904=ORIENTED_EDGE('',*,*,#2880,.F.);
#2905=EDGE_LOOP('',(#2904));
#2906=FACE_BOUND('',#2905,.T.);
#2907=CARTESIAN_POINT('',(7.62,6.35,4.701));
#2908=DIRECTION('',(0.0,0.0,-1.0));
#2909=DIRECTION('',(0.0,-1.0,-0.0));
#2910=AXIS2_PLACEMENT_3D('',#2907,#2908,#2909);
#2911=PLANE('',#2910);
#2912=ADVANCED_FACE('n° 1975',(#2903,#2906),#2911,.F.);
#2913=CARTESIAN_POINT('',(7.62,8.635,-2.475));
#2914=VERTEX_POINT('',#2913);
#2915=CARTESIAN_POINT('',(7.62,8.89,-2.475));
#2916=DIRECTION('',(0.0,0.0,-1.0));
#2917=DIRECTION('',(0.0,-1.0,-0.0));
#2918=AXIS2_PLACEMENT_3D('',#2915,#2916,#2917);
#2919=CIRCLE('',#2918,0.255);
#2920=EDGE_CURVE('n° 2032',#2914,#2914,#2919,.T.);
#2921=ORIENTED_EDGE('',*,*,#2920,.T.);
#2922=EDGE_LOOP('',(#2921));
#2923=FACE_OUTER_BOUND('',#2922,.T.);
#2924=CARTESIAN_POINT('',(7.62,8.89,-2.475));
#2925=DIRECTION('',(0.0,0.0,-1.0));
#2926=DIRECTION('',(1.0,0.0,0.0));
#2927=AXIS2_PLACEMENT_3D('',#2924,#2925,#2926);
#2928=SPHERICAL_SURFACE('',#2927,0.255);
#2929=ADVANCED_FACE('n° 2085',(#2923),#2928,.T.);
#2930=CARTESIAN_POINT('',(7.62,8.635,0.02));
#2931=VERTEX_POINT('',#2930);
#2932=CARTESIAN_POINT('',(7.62,8.89,0.02));
#2933=DIRECTION('',(0.0,0.0,-1.0));
#2934=DIRECTION('',(0.0,-1.0,-0.0));
#2935=AXIS2_PLACEMENT_3D('',#2932,#2933,#2934);
#2936=CIRCLE('',#2935,0.255);
#2937=EDGE_CURVE('n° 2025',#2931,#2931,#2936,.T.);
#2938=ORIENTED_EDGE('',*,*,#2937,.F.);
#2939=EDGE_LOOP('',(#2938));
#2940=FACE_OUTER_BOUND('',#2939,.T.);
#2941=CARTESIAN_POINT('',(7.62,8.205,0.45));
#2942=VERTEX_POINT('',#2941);
#2943=CARTESIAN_POINT('',(7.62,8.89,0.45));
#2944=DIRECTION('',(0.0,0.0,-1.0));
#2945=DIRECTION('',(0.0,-1.0,-0.0));
#2946=AXIS2_PLACEMENT_3D('',#2943,#2944,#2945);
#2947=CIRCLE('',#2946,0.685);
#2948=EDGE_CURVE('n° 2026',#2942,#2942,#2947,.T.);
#2949=ORIENTED_EDGE('',*,*,#2948,.T.);
#2950=EDGE_LOOP('',(#2949));
#2951=FACE_BOUND('',#2950,.T.);
#2952=CARTESIAN_POINT('',(7.62,8.89,0.45));
#2953=DIRECTION('',(0.0,-0.0,1.0));
#2954=DIRECTION('',(-0.0,1.0,0.0));
#2955=AXIS2_PLACEMENT_3D('',#2952,#2953,#2954);
#2956=CONICAL_SURFACE('',#2955,0.685,0.7853981634);
#2957=ADVANCED_FACE('n° 2046',(#2940,#2951),#2956,.T.);
#2958=ORIENTED_EDGE('',*,*,#2920,.F.);
#2959=EDGE_LOOP('',(#2958));
#2960=FACE_OUTER_BOUND('',#2959,.T.);
#2961=ORIENTED_EDGE('',*,*,#2937,.T.);
#2962=EDGE_LOOP('',(#2961));
#2963=FACE_BOUND('',#2962,.T.);
#2964=CARTESIAN_POINT('',(7.62,8.89,4.7));
#2965=DIRECTION('',(0.0,0.0,-1.0));
#2966=DIRECTION('',(0.0,-1.0,-0.0));
#2967=AXIS2_PLACEMENT_3D('',#2964,#2965,#2966);
#2968=CYLINDRICAL_SURFACE('',#2967,0.255);
#2969=ADVANCED_FACE('n° 2041',(#2960,#2963),#2968,.T.);
#2970=ORIENTED_EDGE('',*,*,#2948,.F.);
#2971=EDGE_LOOP('',(#2970));
#2972=FACE_OUTER_BOUND('',#2971,.T.);
#2973=ORIENTED_EDGE('',*,*,#428,.T.);
#2974=EDGE_LOOP('',(#2973));
#2975=FACE_BOUND('',#2974,.T.);
#2976=CARTESIAN_POINT('',(7.62,8.89,4.7));
#2977=DIRECTION('',(0.0,0.0,-1.0));
#2978=DIRECTION('',(0.0,-1.0,-0.0));
#2979=AXIS2_PLACEMENT_3D('',#2976,#2977,#2978);
#2980=CYLINDRICAL_SURFACE('',#2979,0.685);
#2981=ADVANCED_FACE('n° 2051',(#2972,#2975),#2980,.T.);
#2982=CARTESIAN_POINT('',(7.62,7.975,4.701));
#2983=VERTEX_POINT('',#2982);
#2984=CARTESIAN_POINT('',(7.62,8.89,4.701));
#2985=DIRECTION('',(0.0,0.0,-1.0));
#2986=DIRECTION('',(0.0,-1.0,-0.0));
#2987=AXIS2_PLACEMENT_3D('',#2984,#2985,#2986);
#2988=CIRCLE('',#2987,0.915);
#2989=EDGE_CURVE('n° 2022',#2983,#2983,#2988,.T.);
#2990=ORIENTED_EDGE('',*,*,#2989,.T.);
#2991=EDGE_LOOP('',(#2990));
#2992=FACE_OUTER_BOUND('',#2991,.T.);
#2993=ORIENTED_EDGE('',*,*,#1058,.T.);
#2994=EDGE_LOOP('',(#2993));
#2995=FACE_BOUND('',#2994,.T.);
#2996=CARTESIAN_POINT('',(7.62,8.89,4.7));
#2997=DIRECTION('',(0.0,0.0,-1.0));
#2998=DIRECTION('',(0.0,-1.0,-0.0));
#2999=AXIS2_PLACEMENT_3D('',#2996,#2997,#2998);
#3000=CYLINDRICAL_SURFACE('',#2999,0.915);
#3001=ADVANCED_FACE('n° 2076',(#2992,#2995),#3000,.T.);
#3002=CARTESIAN_POINT('',(7.62,8.34,4.701));
#3003=VERTEX_POINT('',#3002);
#3004=CARTESIAN_POINT('',(7.62,8.89,4.701));
#3005=DIRECTION('',(0.0,0.0,-1.0));
#3006=DIRECTION('',(0.0,-1.0,-0.0));
#3007=AXIS2_PLACEMENT_3D('',#3004,#3005,#3006);
#3008=CIRCLE('',#3007,0.55);
#3009=EDGE_CURVE('n° 5632',#3003,#3003,#3008,.T.);
#3010=ORIENTED_EDGE('',*,*,#3009,.T.);
#3011=EDGE_LOOP('',(#3010));
#3012=FACE_OUTER_BOUND('',#3011,.T.);
#3013=ORIENTED_EDGE('',*,*,#2989,.F.);
#3014=EDGE_LOOP('',(#3013));
#3015=FACE_BOUND('',#3014,.T.);
#3016=CARTESIAN_POINT('',(7.62,8.89,4.701));
#3017=DIRECTION('',(0.0,0.0,-1.0));
#3018=DIRECTION('',(0.0,-1.0,-0.0));
#3019=AXIS2_PLACEMENT_3D('',#3016,#3017,#3018);
#3020=PLANE('',#3019);
#3021=ADVANCED_FACE('n° 2081',(#3012,#3015),#3020,.F.);
#3022=CARTESIAN_POINT('',(7.62,11.175,-2.475));
#3023=VERTEX_POINT('',#3022);
#3024=CARTESIAN_POINT('',(7.62,11.43,-2.475));
#3025=DIRECTION('',(0.0,0.0,-1.0));
#3026=DIRECTION('',(0.0,-1.0,-0.0));
#3027=AXIS2_PLACEMENT_3D('',#3024,#3025,#3026);
#3028=CIRCLE('',#3027,0.255);
#3029=EDGE_CURVE('n° 2138',#3023,#3023,#3028,.T.);
#3030=ORIENTED_EDGE('',*,*,#3029,.T.);
#3031=EDGE_LOOP('',(#3030));
#3032=FACE_OUTER_BOUND('',#3031,.T.);
#3033=CARTESIAN_POINT('',(7.62,11.43,-2.475));
#3034=DIRECTION('',(0.0,0.0,-1.0));
#3035=DIRECTION('',(1.0,0.0,0.0));
#3036=AXIS2_PLACEMENT_3D('',#3033,#3034,#3035);
#3037=SPHERICAL_SURFACE('',#3036,0.255);
#3038=ADVANCED_FACE('n° 2191',(#3032),#3037,.T.);
#3039=CARTESIAN_POINT('',(7.62,11.175,0.02));
#3040=VERTEX_POINT('',#3039);
#3041=CARTESIAN_POINT('',(7.62,11.43,0.02));
#3042=DIRECTION('',(0.0,0.0,-1.0));
#3043=DIRECTION('',(0.0,-1.0,-0.0));
#3044=AXIS2_PLACEMENT_3D('',#3041,#3042,#3043);
#3045=CIRCLE('',#3044,0.255);
#3046=EDGE_CURVE('n° 2131',#3040,#3040,#3045,.T.);
#3047=ORIENTED_EDGE('',*,*,#3046,.F.);
#3048=EDGE_LOOP('',(#3047));
#3049=FACE_OUTER_BOUND('',#3048,.T.);
#3050=CARTESIAN_POINT('',(7.62,10.745,0.45));
#3051=VERTEX_POINT('',#3050);
#3052=CARTESIAN_POINT('',(7.62,11.43,0.45));
#3053=DIRECTION('',(0.0,0.0,-1.0));
#3054=DIRECTION('',(0.0,-1.0,-0.0));
#3055=AXIS2_PLACEMENT_3D('',#3052,#3053,#3054);
#3056=CIRCLE('',#3055,0.685);
#3057=EDGE_CURVE('n° 2132',#3051,#3051,#3056,.T.);
#3058=ORIENTED_EDGE('',*,*,#3057,.T.);
#3059=EDGE_LOOP('',(#3058));
#3060=FACE_BOUND('',#3059,.T.);
#3061=CARTESIAN_POINT('',(7.62,11.43,0.45));
#3062=DIRECTION('',(0.0,-0.0,1.0));
#3063=DIRECTION('',(-0.0,1.0,0.0));
#3064=AXIS2_PLACEMENT_3D('',#3061,#3062,#3063);
#3065=CONICAL_SURFACE('',#3064,0.685,0.7853981634);
#3066=ADVANCED_FACE('n° 2152',(#3049,#3060),#3065,.T.);
#3067=ORIENTED_EDGE('',*,*,#3029,.F.);
#3068=EDGE_LOOP('',(#3067));
#3069=FACE_OUTER_BOUND('',#3068,.T.);
#3070=ORIENTED_EDGE('',*,*,#3046,.T.);
#3071=EDGE_LOOP('',(#3070));
#3072=FACE_BOUND('',#3071,.T.);
#3073=CARTESIAN_POINT('',(7.62,11.43,4.7));
#3074=DIRECTION('',(0.0,0.0,-1.0));
#3075=DIRECTION('',(0.0,-1.0,-0.0));
#3076=AXIS2_PLACEMENT_3D('',#3073,#3074,#3075);
#3077=CYLINDRICAL_SURFACE('',#3076,0.255);
#3078=ADVANCED_FACE('n° 2147',(#3069,#3072),#3077,.T.);
#3079=ORIENTED_EDGE('',*,*,#3057,.F.);
#3080=EDGE_LOOP('',(#3079));
#3081=FACE_OUTER_BOUND('',#3080,.T.);
#3082=ORIENTED_EDGE('',*,*,#155,.T.);
#3083=EDGE_LOOP('',(#3082));
#3084=FACE_BOUND('',#3083,.T.);
#3085=CARTESIAN_POINT('',(7.62,11.43,4.7));
#3086=DIRECTION('',(0.0,0.0,-1.0));
#3087=DIRECTION('',(0.0,-1.0,-0.0));
#3088=AXIS2_PLACEMENT_3D('',#3085,#3086,#3087);
#3089=CYLINDRICAL_SURFACE('',#3088,0.685);
#3090=ADVANCED_FACE('n° 2157',(#3081,#3084),#3089,.T.);
#3091=CARTESIAN_POINT('',(7.62,10.515,4.701));
#3092=VERTEX_POINT('',#3091);
#3093=CARTESIAN_POINT('',(7.62,11.43,4.701));
#3094=DIRECTION('',(0.0,0.0,-1.0));
#3095=DIRECTION('',(0.0,-1.0,-0.0));
#3096=AXIS2_PLACEMENT_3D('',#3093,#3094,#3095);
#3097=CIRCLE('',#3096,0.915);
#3098=EDGE_CURVE('n° 2128',#3092,#3092,#3097,.T.);
#3099=ORIENTED_EDGE('',*,*,#3098,.T.);
#3100=EDGE_LOOP('',(#3099));
#3101=FACE_OUTER_BOUND('',#3100,.T.);
#3102=ORIENTED_EDGE('',*,*,#870,.T.);
#3103=EDGE_LOOP('',(#3102));
#3104=FACE_BOUND('',#3103,.T.);
#3105=CARTESIAN_POINT('',(7.62,11.43,4.7));
#3106=DIRECTION('',(0.0,0.0,-1.0));
#3107=DIRECTION('',(0.0,-1.0,-0.0));
#3108=AXIS2_PLACEMENT_3D('',#3105,#3106,#3107);
#3109=CYLINDRICAL_SURFACE('',#3108,0.915);
#3110=ADVANCED_FACE('n° 2182',(#3101,#3104),#3109,.T.);
#3111=CARTESIAN_POINT('',(7.62,10.88,4.701));
#3112=VERTEX_POINT('',#3111);
#3113=CARTESIAN_POINT('',(7.62,11.43,4.701));
#3114=DIRECTION('',(0.0,0.0,-1.0));
#3115=DIRECTION('',(0.0,-1.0,-0.0));
#3116=AXIS2_PLACEMENT_3D('',#3113,#3114,#3115);
#3117=CIRCLE('',#3116,0.55);
#3118=EDGE_CURVE('n° 5690',#3112,#3112,#3117,.T.);
#3119=ORIENTED_EDGE('',*,*,#3118,.T.);
#3120=EDGE_LOOP('',(#3119));
#3121=FACE_OUTER_BOUND('',#3120,.T.);
#3122=ORIENTED_EDGE('',*,*,#3098,.F.);
#3123=EDGE_LOOP('',(#3122));
#3124=FACE_BOUND('',#3123,.T.);
#3125=CARTESIAN_POINT('',(7.62,11.43,4.701));
#3126=DIRECTION('',(0.0,0.0,-1.0));
#3127=DIRECTION('',(0.0,-1.0,-0.0));
#3128=AXIS2_PLACEMENT_3D('',#3125,#3126,#3127);
#3129=PLANE('',#3128);
#3130=ADVANCED_FACE('n° 2187',(#3121,#3124),#3129,.F.);
#3131=CARTESIAN_POINT('',(7.62,13.715,-2.475));
#3132=VERTEX_POINT('',#3131);
#3133=CARTESIAN_POINT('',(7.62,13.97,-2.475));
#3134=DIRECTION('',(0.0,0.0,-1.0));
#3135=DIRECTION('',(0.0,-1.0,-0.0));
#3136=AXIS2_PLACEMENT_3D('',#3133,#3134,#3135);
#3137=CIRCLE('',#3136,0.255);
#3138=EDGE_CURVE('n° 2244',#3132,#3132,#3137,.T.);
#3139=ORIENTED_EDGE('',*,*,#3138,.T.);
#3140=EDGE_LOOP('',(#3139));
#3141=FACE_OUTER_BOUND('',#3140,.T.);
#3142=CARTESIAN_POINT('',(7.62,13.97,-2.475));
#3143=DIRECTION('',(0.0,0.0,-1.0));
#3144=DIRECTION('',(1.0,0.0,0.0));
#3145=AXIS2_PLACEMENT_3D('',#3142,#3143,#3144);
#3146=SPHERICAL_SURFACE('',#3145,0.255);
#3147=ADVANCED_FACE('n° 2297',(#3141),#3146,.T.);
#3148=CARTESIAN_POINT('',(7.62,13.715,0.02));
#3149=VERTEX_POINT('',#3148);
#3150=CARTESIAN_POINT('',(7.62,13.97,0.02));
#3151=DIRECTION('',(0.0,0.0,-1.0));
#3152=DIRECTION('',(0.0,-1.0,-0.0));
#3153=AXIS2_PLACEMENT_3D('',#3150,#3151,#3152);
#3154=CIRCLE('',#3153,0.255);
#3155=EDGE_CURVE('n° 2237',#3149,#3149,#3154,.T.);
#3156=ORIENTED_EDGE('',*,*,#3155,.F.);
#3157=EDGE_LOOP('',(#3156));
#3158=FACE_OUTER_BOUND('',#3157,.T.);
#3159=CARTESIAN_POINT('',(7.62,13.285,0.45));
#3160=VERTEX_POINT('',#3159);
#3161=CARTESIAN_POINT('',(7.62,13.97,0.45));
#3162=DIRECTION('',(0.0,0.0,-1.0));
#3163=DIRECTION('',(0.0,-1.0,-0.0));
#3164=AXIS2_PLACEMENT_3D('',#3161,#3162,#3163);
#3165=CIRCLE('',#3164,0.685);
#3166=EDGE_CURVE('n° 2238',#3160,#3160,#3165,.T.);
#3167=ORIENTED_EDGE('',*,*,#3166,.T.);
#3168=EDGE_LOOP('',(#3167));
#3169=FACE_BOUND('',#3168,.T.);
#3170=CARTESIAN_POINT('',(7.62,13.97,0.45));
#3171=DIRECTION('',(0.0,-0.0,1.0));
#3172=DIRECTION('',(-0.0,1.0,0.0));
#3173=AXIS2_PLACEMENT_3D('',#3170,#3171,#3172);
#3174=CONICAL_SURFACE('',#3173,0.685,0.7853981634);
#3175=ADVANCED_FACE('n° 2258',(#3158,#3169),#3174,.T.);
#3176=ORIENTED_EDGE('',*,*,#3138,.F.);
#3177=EDGE_LOOP('',(#3176));
#3178=FACE_OUTER_BOUND('',#3177,.T.);
#3179=ORIENTED_EDGE('',*,*,#3155,.T.);
#3180=EDGE_LOOP('',(#3179));
#3181=FACE_BOUND('',#3180,.T.);
#3182=CARTESIAN_POINT('',(7.62,13.97,4.7));
#3183=DIRECTION('',(0.0,0.0,-1.0));
#3184=DIRECTION('',(0.0,-1.0,-0.0));
#3185=AXIS2_PLACEMENT_3D('',#3182,#3183,#3184);
#3186=CYLINDRICAL_SURFACE('',#3185,0.255);
#3187=ADVANCED_FACE('n° 2253',(#3178,#3181),#3186,.T.);
#3188=ORIENTED_EDGE('',*,*,#3166,.F.);
#3189=EDGE_LOOP('',(#3188));
#3190=FACE_OUTER_BOUND('',#3189,.T.);
#3191=ORIENTED_EDGE('',*,*,#439,.T.);
#3192=EDGE_LOOP('',(#3191));
#3193=FACE_BOUND('',#3192,.T.);
#3194=CARTESIAN_POINT('',(7.62,13.97,4.7));
#3195=DIRECTION('',(0.0,0.0,-1.0));
#3196=DIRECTION('',(0.0,-1.0,-0.0));
#3197=AXIS2_PLACEMENT_3D('',#3194,#3195,#3196);
#3198=CYLINDRICAL_SURFACE('',#3197,0.685);
#3199=ADVANCED_FACE('n° 2263',(#3190,#3193),#3198,.T.);
#3200=CARTESIAN_POINT('',(7.62,13.055,4.701));
#3201=VERTEX_POINT('',#3200);
#3202=CARTESIAN_POINT('',(7.62,13.97,4.701));
#3203=DIRECTION('',(0.0,0.0,-1.0));
#3204=DIRECTION('',(0.0,-1.0,-0.0));
#3205=AXIS2_PLACEMENT_3D('',#3202,#3203,#3204);
#3206=CIRCLE('',#3205,0.915);
#3207=EDGE_CURVE('n° 2234',#3201,#3201,#3206,.T.);
#3208=ORIENTED_EDGE('',*,*,#3207,.T.);
#3209=EDGE_LOOP('',(#3208));
#3210=FACE_OUTER_BOUND('',#3209,.T.);
#3211=ORIENTED_EDGE('',*,*,#1069,.T.);
#3212=EDGE_LOOP('',(#3211));
#3213=FACE_BOUND('',#3212,.T.);
#3214=CARTESIAN_POINT('',(7.62,13.97,4.7));
#3215=DIRECTION('',(0.0,0.0,-1.0));
#3216=DIRECTION('',(0.0,-1.0,-0.0));
#3217=AXIS2_PLACEMENT_3D('',#3214,#3215,#3216);
#3218=CYLINDRICAL_SURFACE('',#3217,0.915);
#3219=ADVANCED_FACE('n° 2288',(#3210,#3213),#3218,.T.);
#3220=CARTESIAN_POINT('',(7.62,13.42,4.701));
#3221=VERTEX_POINT('',#3220);
#3222=CARTESIAN_POINT('',(7.62,13.97,4.701));
#3223=DIRECTION('',(0.0,0.0,-1.0));
#3224=DIRECTION('',(0.0,-1.0,-0.0));
#3225=AXIS2_PLACEMENT_3D('',#3222,#3223,#3224);
#3226=CIRCLE('',#3225,0.55);
#3227=EDGE_CURVE('n° 5748',#3221,#3221,#3226,.T.);
#3228=ORIENTED_EDGE('',*,*,#3227,.T.);
#3229=EDGE_LOOP('',(#3228));
#3230=FACE_OUTER_BOUND('',#3229,.T.);
#3231=ORIENTED_EDGE('',*,*,#3207,.F.);
#3232=EDGE_LOOP('',(#3231));
#3233=FACE_BOUND('',#3232,.T.);
#3234=CARTESIAN_POINT('',(7.62,13.97,4.701));
#3235=DIRECTION('',(0.0,0.0,-1.0));
#3236=DIRECTION('',(0.0,-1.0,-0.0));
#3237=AXIS2_PLACEMENT_3D('',#3234,#3235,#3236);
#3238=PLANE('',#3237);
#3239=ADVANCED_FACE('n° 2293',(#3230,#3233),#3238,.F.);
#3240=CARTESIAN_POINT('',(7.62,16.255,-2.475));
#3241=VERTEX_POINT('',#3240);
#3242=CARTESIAN_POINT('',(7.62,16.51,-2.475));
#3243=DIRECTION('',(0.0,0.0,-1.0));
#3244=DIRECTION('',(0.0,-1.0,-0.0));
#3245=AXIS2_PLACEMENT_3D('',#3242,#3243,#3244);
#3246=CIRCLE('',#3245,0.255);
#3247=EDGE_CURVE('n° 2350',#3241,#3241,#3246,.T.);
#3248=ORIENTED_EDGE('',*,*,#3247,.T.);
#3249=EDGE_LOOP('',(#3248));
#3250=FACE_OUTER_BOUND('',#3249,.T.);
#3251=CARTESIAN_POINT('',(7.62,16.51,-2.475));
#3252=DIRECTION('',(0.0,0.0,-1.0));
#3253=DIRECTION('',(1.0,0.0,0.0));
#3254=AXIS2_PLACEMENT_3D('',#3251,#3252,#3253);
#3255=SPHERICAL_SURFACE('',#3254,0.255);
#3256=ADVANCED_FACE('n° 2403',(#3250),#3255,.T.);
#3257=CARTESIAN_POINT('',(7.62,16.255,0.02));
#3258=VERTEX_POINT('',#3257);
#3259=CARTESIAN_POINT('',(7.62,16.51,0.02));
#3260=DIRECTION('',(0.0,0.0,-1.0));
#3261=DIRECTION('',(0.0,-1.0,-0.0));
#3262=AXIS2_PLACEMENT_3D('',#3259,#3260,#3261);
#3263=CIRCLE('',#3262,0.255);
#3264=EDGE_CURVE('n° 2343',#3258,#3258,#3263,.T.);
#3265=ORIENTED_EDGE('',*,*,#3264,.F.);
#3266=EDGE_LOOP('',(#3265));
#3267=FACE_OUTER_BOUND('',#3266,.T.);
#3268=CARTESIAN_POINT('',(7.62,15.825,0.45));
#3269=VERTEX_POINT('',#3268);
#3270=CARTESIAN_POINT('',(7.62,16.51,0.45));
#3271=DIRECTION('',(0.0,0.0,-1.0));
#3272=DIRECTION('',(0.0,-1.0,-0.0));
#3273=AXIS2_PLACEMENT_3D('',#3270,#3271,#3272);
#3274=CIRCLE('',#3273,0.685);
#3275=EDGE_CURVE('n° 2344',#3269,#3269,#3274,.T.);
#3276=ORIENTED_EDGE('',*,*,#3275,.T.);
#3277=EDGE_LOOP('',(#3276));
#3278=FACE_BOUND('',#3277,.T.);
#3279=CARTESIAN_POINT('',(7.62,16.51,0.45));
#3280=DIRECTION('',(0.0,-0.0,1.0));
#3281=DIRECTION('',(-0.0,1.0,0.0));
#3282=AXIS2_PLACEMENT_3D('',#3279,#3280,#3281);
#3283=CONICAL_SURFACE('',#3282,0.685,0.7853981634);
#3284=ADVANCED_FACE('n° 2364',(#3267,#3278),#3283,.T.);
#3285=ORIENTED_EDGE('',*,*,#3247,.F.);
#3286=EDGE_LOOP('',(#3285));
#3287=FACE_OUTER_BOUND('',#3286,.T.);
#3288=ORIENTED_EDGE('',*,*,#3264,.T.);
#3289=EDGE_LOOP('',(#3288));
#3290=FACE_BOUND('',#3289,.T.);
#3291=CARTESIAN_POINT('',(7.62,16.51,4.7));
#3292=DIRECTION('',(0.0,0.0,-1.0));
#3293=DIRECTION('',(0.0,-1.0,-0.0));
#3294=AXIS2_PLACEMENT_3D('',#3291,#3292,#3293);
#3295=CYLINDRICAL_SURFACE('',#3294,0.255);
#3296=ADVANCED_FACE('n° 2359',(#3287,#3290),#3295,.T.);
#3297=ORIENTED_EDGE('',*,*,#3275,.F.);
#3298=EDGE_LOOP('',(#3297));
#3299=FACE_OUTER_BOUND('',#3298,.T.);
#3300=ORIENTED_EDGE('',*,*,#144,.T.);
#3301=EDGE_LOOP('',(#3300));
#3302=FACE_BOUND('',#3301,.T.);
#3303=CARTESIAN_POINT('',(7.62,16.51,4.7));
#3304=DIRECTION('',(0.0,0.0,-1.0));
#3305=DIRECTION('',(0.0,-1.0,-0.0));
#3306=AXIS2_PLACEMENT_3D('',#3303,#3304,#3305);
#3307=CYLINDRICAL_SURFACE('',#3306,0.685);
#3308=ADVANCED_FACE('n° 2369',(#3299,#3302),#3307,.T.);
#3309=CARTESIAN_POINT('',(7.62,15.595,4.701));
#3310=VERTEX_POINT('',#3309);
#3311=CARTESIAN_POINT('',(7.62,16.51,4.701));
#3312=DIRECTION('',(0.0,0.0,-1.0));
#3313=DIRECTION('',(0.0,-1.0,-0.0));
#3314=AXIS2_PLACEMENT_3D('',#3311,#3312,#3313);
#3315=CIRCLE('',#3314,0.915);
#3316=EDGE_CURVE('n° 2340',#3310,#3310,#3315,.T.);
#3317=ORIENTED_EDGE('',*,*,#3316,.T.);
#3318=EDGE_LOOP('',(#3317));
#3319=FACE_OUTER_BOUND('',#3318,.T.);
#3320=ORIENTED_EDGE('',*,*,#859,.T.);
#3321=EDGE_LOOP('',(#3320));
#3322=FACE_BOUND('',#3321,.T.);
#3323=CARTESIAN_POINT('',(7.62,16.51,4.7));
#3324=DIRECTION('',(0.0,0.0,-1.0));
#3325=DIRECTION('',(0.0,-1.0,-0.0));
#3326=AXIS2_PLACEMENT_3D('',#3323,#3324,#3325);
#3327=CYLINDRICAL_SURFACE('',#3326,0.915);
#3328=ADVANCED_FACE('n° 2394',(#3319,#3322),#3327,.T.);
#3329=CARTESIAN_POINT('',(7.62,15.96,4.701));
#3330=VERTEX_POINT('',#3329);
#3331=CARTESIAN_POINT('',(7.62,16.51,4.701));
#3332=DIRECTION('',(0.0,0.0,-1.0));
#3333=DIRECTION('',(0.0,-1.0,-0.0));
#3334=AXIS2_PLACEMENT_3D('',#3331,#3332,#3333);
#3335=CIRCLE('',#3334,0.55);
#3336=EDGE_CURVE('n° 5806',#3330,#3330,#3335,.T.);
#3337=ORIENTED_EDGE('',*,*,#3336,.T.);
#3338=EDGE_LOOP('',(#3337));
#3339=FACE_OUTER_BOUND('',#3338,.T.);
#3340=ORIENTED_EDGE('',*,*,#3316,.F.);
#3341=EDGE_LOOP('',(#3340));
#3342=FACE_BOUND('',#3341,.T.);
#3343=CARTESIAN_POINT('',(7.62,16.51,4.701));
#3344=DIRECTION('',(0.0,0.0,-1.0));
#3345=DIRECTION('',(0.0,-1.0,-0.0));
#3346=AXIS2_PLACEMENT_3D('',#3343,#3344,#3345);
#3347=PLANE('',#3346);
#3348=ADVANCED_FACE('n° 2399',(#3339,#3342),#3347,.F.);
#3349=CARTESIAN_POINT('',(7.62,18.795,-2.475));
#3350=VERTEX_POINT('',#3349);
#3351=CARTESIAN_POINT('',(7.62,19.05,-2.475));
#3352=DIRECTION('',(0.0,0.0,-1.0));
#3353=DIRECTION('',(0.0,-1.0,-0.0));
#3354=AXIS2_PLACEMENT_3D('',#3351,#3352,#3353);
#3355=CIRCLE('',#3354,0.255);
#3356=EDGE_CURVE('n° 2456',#3350,#3350,#3355,.T.);
#3357=ORIENTED_EDGE('',*,*,#3356,.T.);
#3358=EDGE_LOOP('',(#3357));
#3359=FACE_OUTER_BOUND('',#3358,.T.);
#3360=CARTESIAN_POINT('',(7.62,19.05,-2.475));
#3361=DIRECTION('',(0.0,0.0,-1.0));
#3362=DIRECTION('',(1.0,0.0,0.0));
#3363=AXIS2_PLACEMENT_3D('',#3360,#3361,#3362);
#3364=SPHERICAL_SURFACE('',#3363,0.255);
#3365=ADVANCED_FACE('n° 2509',(#3359),#3364,.T.);
#3366=CARTESIAN_POINT('',(7.62,18.795,0.02));
#3367=VERTEX_POINT('',#3366);
#3368=CARTESIAN_POINT('',(7.62,19.05,0.02));
#3369=DIRECTION('',(0.0,0.0,-1.0));
#3370=DIRECTION('',(0.0,-1.0,-0.0));
#3371=AXIS2_PLACEMENT_3D('',#3368,#3369,#3370);
#3372=CIRCLE('',#3371,0.255);
#3373=EDGE_CURVE('n° 2449',#3367,#3367,#3372,.T.);
#3374=ORIENTED_EDGE('',*,*,#3373,.F.);
#3375=EDGE_LOOP('',(#3374));
#3376=FACE_OUTER_BOUND('',#3375,.T.);
#3377=CARTESIAN_POINT('',(7.62,18.365,0.45));
#3378=VERTEX_POINT('',#3377);
#3379=CARTESIAN_POINT('',(7.62,19.05,0.45));
#3380=DIRECTION('',(0.0,0.0,-1.0));
#3381=DIRECTION('',(0.0,-1.0,-0.0));
#3382=AXIS2_PLACEMENT_3D('',#3379,#3380,#3381);
#3383=CIRCLE('',#3382,0.685);
#3384=EDGE_CURVE('n° 2450',#3378,#3378,#3383,.T.);
#3385=ORIENTED_EDGE('',*,*,#3384,.T.);
#3386=EDGE_LOOP('',(#3385));
#3387=FACE_BOUND('',#3386,.T.);
#3388=CARTESIAN_POINT('',(7.62,19.05,0.45));
#3389=DIRECTION('',(0.0,-0.0,1.0));
#3390=DIRECTION('',(-0.0,1.0,0.0));
#3391=AXIS2_PLACEMENT_3D('',#3388,#3389,#3390);
#3392=CONICAL_SURFACE('',#3391,0.685,0.7853981634);
#3393=ADVANCED_FACE('n° 2470',(#3376,#3387),#3392,.T.);
#3394=ORIENTED_EDGE('',*,*,#3356,.F.);
#3395=EDGE_LOOP('',(#3394));
#3396=FACE_OUTER_BOUND('',#3395,.T.);
#3397=ORIENTED_EDGE('',*,*,#3373,.T.);
#3398=EDGE_LOOP('',(#3397));
#3399=FACE_BOUND('',#3398,.T.);
#3400=CARTESIAN_POINT('',(7.62,19.05,4.7));
#3401=DIRECTION('',(0.0,0.0,-1.0));
#3402=DIRECTION('',(0.0,-1.0,-0.0));
#3403=AXIS2_PLACEMENT_3D('',#3400,#3401,#3402);
#3404=CYLINDRICAL_SURFACE('',#3403,0.255);
#3405=ADVANCED_FACE('n° 2465',(#3396,#3399),#3404,.T.);
#3406=ORIENTED_EDGE('',*,*,#3384,.F.);
#3407=EDGE_LOOP('',(#3406));
#3408=FACE_OUTER_BOUND('',#3407,.T.);
#3409=ORIENTED_EDGE('',*,*,#450,.T.);
#3410=EDGE_LOOP('',(#3409));
#3411=FACE_BOUND('',#3410,.T.);
#3412=CARTESIAN_POINT('',(7.62,19.05,4.7));
#3413=DIRECTION('',(0.0,0.0,-1.0));
#3414=DIRECTION('',(0.0,-1.0,-0.0));
#3415=AXIS2_PLACEMENT_3D('',#3412,#3413,#3414);
#3416=CYLINDRICAL_SURFACE('',#3415,0.685);
#3417=ADVANCED_FACE('n° 2475',(#3408,#3411),#3416,.T.);
#3418=CARTESIAN_POINT('',(7.62,18.135,4.701));
#3419=VERTEX_POINT('',#3418);
#3420=CARTESIAN_POINT('',(7.62,19.05,4.701));
#3421=DIRECTION('',(0.0,0.0,-1.0));
#3422=DIRECTION('',(0.0,-1.0,-0.0));
#3423=AXIS2_PLACEMENT_3D('',#3420,#3421,#3422);
#3424=CIRCLE('',#3423,0.915);
#3425=EDGE_CURVE('n° 2446',#3419,#3419,#3424,.T.);
#3426=ORIENTED_EDGE('',*,*,#3425,.T.);
#3427=EDGE_LOOP('',(#3426));
#3428=FACE_OUTER_BOUND('',#3427,.T.);
#3429=ORIENTED_EDGE('',*,*,#1080,.T.);
#3430=EDGE_LOOP('',(#3429));
#3431=FACE_BOUND('',#3430,.T.);
#3432=CARTESIAN_POINT('',(7.62,19.05,4.7));
#3433=DIRECTION('',(0.0,0.0,-1.0));
#3434=DIRECTION('',(0.0,-1.0,-0.0));
#3435=AXIS2_PLACEMENT_3D('',#3432,#3433,#3434);
#3436=CYLINDRICAL_SURFACE('',#3435,0.915);
#3437=ADVANCED_FACE('n° 2500',(#3428,#3431),#3436,.T.);
#3438=CARTESIAN_POINT('',(7.62,18.5,4.701));
#3439=VERTEX_POINT('',#3438);
#3440=CARTESIAN_POINT('',(7.62,19.05,4.701));
#3441=DIRECTION('',(0.0,0.0,-1.0));
#3442=DIRECTION('',(0.0,-1.0,-0.0));
#3443=AXIS2_PLACEMENT_3D('',#3440,#3441,#3442);
#3444=CIRCLE('',#3443,0.55);
#3445=EDGE_CURVE('n° 5864',#3439,#3439,#3444,.T.);
#3446=ORIENTED_EDGE('',*,*,#3445,.T.);
#3447=EDGE_LOOP('',(#3446));
#3448=FACE_OUTER_BOUND('',#3447,.T.);
#3449=ORIENTED_EDGE('',*,*,#3425,.F.);
#3450=EDGE_LOOP('',(#3449));
#3451=FACE_BOUND('',#3450,.T.);
#3452=CARTESIAN_POINT('',(7.62,19.05,4.701));
#3453=DIRECTION('',(0.0,0.0,-1.0));
#3454=DIRECTION('',(0.0,-1.0,-0.0));
#3455=AXIS2_PLACEMENT_3D('',#3452,#3453,#3454);
#3456=PLANE('',#3455);
#3457=ADVANCED_FACE('n° 2505',(#3448,#3451),#3456,.F.);
#3458=CARTESIAN_POINT('',(7.62,21.335,-2.475));
#3459=VERTEX_POINT('',#3458);
#3460=CARTESIAN_POINT('',(7.62,21.59,-2.475));
#3461=DIRECTION('',(0.0,0.0,-1.0));
#3462=DIRECTION('',(0.0,-1.0,-0.0));
#3463=AXIS2_PLACEMENT_3D('',#3460,#3461,#3462);
#3464=CIRCLE('',#3463,0.255);
#3465=EDGE_CURVE('n° 2562',#3459,#3459,#3464,.T.);
#3466=ORIENTED_EDGE('',*,*,#3465,.T.);
#3467=EDGE_LOOP('',(#3466));
#3468=FACE_OUTER_BOUND('',#3467,.T.);
#3469=CARTESIAN_POINT('',(7.62,21.59,-2.475));
#3470=DIRECTION('',(0.0,0.0,-1.0));
#3471=DIRECTION('',(1.0,0.0,0.0));
#3472=AXIS2_PLACEMENT_3D('',#3469,#3470,#3471);
#3473=SPHERICAL_SURFACE('',#3472,0.255);
#3474=ADVANCED_FACE('n° 2615',(#3468),#3473,.T.);
#3475=CARTESIAN_POINT('',(7.62,21.335,0.02));
#3476=VERTEX_POINT('',#3475);
#3477=CARTESIAN_POINT('',(7.62,21.59,0.02));
#3478=DIRECTION('',(0.0,0.0,-1.0));
#3479=DIRECTION('',(0.0,-1.0,-0.0));
#3480=AXIS2_PLACEMENT_3D('',#3477,#3478,#3479);
#3481=CIRCLE('',#3480,0.255);
#3482=EDGE_CURVE('n° 2555',#3476,#3476,#3481,.T.);
#3483=ORIENTED_EDGE('',*,*,#3482,.F.);
#3484=EDGE_LOOP('',(#3483));
#3485=FACE_OUTER_BOUND('',#3484,.T.);
#3486=CARTESIAN_POINT('',(7.62,20.905,0.45));
#3487=VERTEX_POINT('',#3486);
#3488=CARTESIAN_POINT('',(7.62,21.59,0.45));
#3489=DIRECTION('',(0.0,0.0,-1.0));
#3490=DIRECTION('',(0.0,-1.0,-0.0));
#3491=AXIS2_PLACEMENT_3D('',#3488,#3489,#3490);
#3492=CIRCLE('',#3491,0.685);
#3493=EDGE_CURVE('n° 2556',#3487,#3487,#3492,.T.);
#3494=ORIENTED_EDGE('',*,*,#3493,.T.);
#3495=EDGE_LOOP('',(#3494));
#3496=FACE_BOUND('',#3495,.T.);
#3497=CARTESIAN_POINT('',(7.62,21.59,0.45));
#3498=DIRECTION('',(0.0,-0.0,1.0));
#3499=DIRECTION('',(-0.0,1.0,0.0));
#3500=AXIS2_PLACEMENT_3D('',#3497,#3498,#3499);
#3501=CONICAL_SURFACE('',#3500,0.685,0.7853981634);
#3502=ADVANCED_FACE('n° 2576',(#3485,#3496),#3501,.T.);
#3503=ORIENTED_EDGE('',*,*,#3465,.F.);
#3504=EDGE_LOOP('',(#3503));
#3505=FACE_OUTER_BOUND('',#3504,.T.);
#3506=ORIENTED_EDGE('',*,*,#3482,.T.);
#3507=EDGE_LOOP('',(#3506));
#3508=FACE_BOUND('',#3507,.T.);
#3509=CARTESIAN_POINT('',(7.62,21.59,4.7));
#3510=DIRECTION('',(0.0,0.0,-1.0));
#3511=DIRECTION('',(0.0,-1.0,-0.0));
#3512=AXIS2_PLACEMENT_3D('',#3509,#3510,#3511);
#3513=CYLINDRICAL_SURFACE('',#3512,0.255);
#3514=ADVANCED_FACE('n° 2571',(#3505,#3508),#3513,.T.);
#3515=ORIENTED_EDGE('',*,*,#3493,.F.);
#3516=EDGE_LOOP('',(#3515));
#3517=FACE_OUTER_BOUND('',#3516,.T.);
#3518=ORIENTED_EDGE('',*,*,#133,.T.);
#3519=EDGE_LOOP('',(#3518));
#3520=FACE_BOUND('',#3519,.T.);
#3521=CARTESIAN_POINT('',(7.62,21.59,4.7));
#3522=DIRECTION('',(0.0,0.0,-1.0));
#3523=DIRECTION('',(0.0,-1.0,-0.0));
#3524=AXIS2_PLACEMENT_3D('',#3521,#3522,#3523);
#3525=CYLINDRICAL_SURFACE('',#3524,0.685);
#3526=ADVANCED_FACE('n° 2581',(#3517,#3520),#3525,.T.);
#3527=CARTESIAN_POINT('',(7.62,20.675,4.701));
#3528=VERTEX_POINT('',#3527);
#3529=CARTESIAN_POINT('',(7.62,21.59,4.701));
#3530=DIRECTION('',(0.0,0.0,-1.0));
#3531=DIRECTION('',(0.0,-1.0,-0.0));
#3532=AXIS2_PLACEMENT_3D('',#3529,#3530,#3531);
#3533=CIRCLE('',#3532,0.915);
#3534=EDGE_CURVE('n° 2552',#3528,#3528,#3533,.T.);
#3535=ORIENTED_EDGE('',*,*,#3534,.T.);
#3536=EDGE_LOOP('',(#3535));
#3537=FACE_OUTER_BOUND('',#3536,.T.);
#3538=ORIENTED_EDGE('',*,*,#848,.T.);
#3539=EDGE_LOOP('',(#3538));
#3540=FACE_BOUND('',#3539,.T.);
#3541=CARTESIAN_POINT('',(7.62,21.59,4.7));
#3542=DIRECTION('',(0.0,0.0,-1.0));
#3543=DIRECTION('',(0.0,-1.0,-0.0));
#3544=AXIS2_PLACEMENT_3D('',#3541,#3542,#3543);
#3545=CYLINDRICAL_SURFACE('',#3544,0.915);
#3546=ADVANCED_FACE('n° 2606',(#3537,#3540),#3545,.T.);
#3547=CARTESIAN_POINT('',(7.62,21.04,4.701));
#3548=VERTEX_POINT('',#3547);
#3549=CARTESIAN_POINT('',(7.62,21.59,4.701));
#3550=DIRECTION('',(0.0,0.0,-1.0));
#3551=DIRECTION('',(0.0,-1.0,-0.0));
#3552=AXIS2_PLACEMENT_3D('',#3549,#3550,#3551);
#3553=CIRCLE('',#3552,0.55);
#3554=EDGE_CURVE('n° 5922',#3548,#3548,#3553,.T.);
#3555=ORIENTED_EDGE('',*,*,#3554,.T.);
#3556=EDGE_LOOP('',(#3555));
#3557=FACE_OUTER_BOUND('',#3556,.T.);
#3558=ORIENTED_EDGE('',*,*,#3534,.F.);
#3559=EDGE_LOOP('',(#3558));
#3560=FACE_BOUND('',#3559,.T.);
#3561=CARTESIAN_POINT('',(7.62,21.59,4.701));
#3562=DIRECTION('',(0.0,0.0,-1.0));
#3563=DIRECTION('',(0.0,-1.0,-0.0));
#3564=AXIS2_PLACEMENT_3D('',#3561,#3562,#3563);
#3565=PLANE('',#3564);
#3566=ADVANCED_FACE('n° 2611',(#3557,#3560),#3565,.F.);
#3567=CARTESIAN_POINT('',(7.62,23.875,-2.475));
#3568=VERTEX_POINT('',#3567);
#3569=CARTESIAN_POINT('',(7.62,24.13,-2.475));
#3570=DIRECTION('',(0.0,0.0,-1.0));
#3571=DIRECTION('',(0.0,-1.0,-0.0));
#3572=AXIS2_PLACEMENT_3D('',#3569,#3570,#3571);
#3573=CIRCLE('',#3572,0.255);
#3574=EDGE_CURVE('n° 2668',#3568,#3568,#3573,.T.);
#3575=ORIENTED_EDGE('',*,*,#3574,.T.);
#3576=EDGE_LOOP('',(#3575));
#3577=FACE_OUTER_BOUND('',#3576,.T.);
#3578=CARTESIAN_POINT('',(7.62,24.13,-2.475));
#3579=DIRECTION('',(0.0,0.0,-1.0));
#3580=DIRECTION('',(1.0,0.0,0.0));
#3581=AXIS2_PLACEMENT_3D('',#3578,#3579,#3580);
#3582=SPHERICAL_SURFACE('',#3581,0.255);
#3583=ADVANCED_FACE('n° 2721',(#3577),#3582,.T.);
#3584=CARTESIAN_POINT('',(7.62,23.875,0.02));
#3585=VERTEX_POINT('',#3584);
#3586=CARTESIAN_POINT('',(7.62,24.13,0.02));
#3587=DIRECTION('',(0.0,0.0,-1.0));
#3588=DIRECTION('',(0.0,-1.0,-0.0));
#3589=AXIS2_PLACEMENT_3D('',#3586,#3587,#3588);
#3590=CIRCLE('',#3589,0.255);
#3591=EDGE_CURVE('n° 2661',#3585,#3585,#3590,.T.);
#3592=ORIENTED_EDGE('',*,*,#3591,.F.);
#3593=EDGE_LOOP('',(#3592));
#3594=FACE_OUTER_BOUND('',#3593,.T.);
#3595=CARTESIAN_POINT('',(7.62,23.445,0.45));
#3596=VERTEX_POINT('',#3595);
#3597=CARTESIAN_POINT('',(7.62,24.13,0.45));
#3598=DIRECTION('',(0.0,0.0,-1.0));
#3599=DIRECTION('',(0.0,-1.0,-0.0));
#3600=AXIS2_PLACEMENT_3D('',#3597,#3598,#3599);
#3601=CIRCLE('',#3600,0.685);
#3602=EDGE_CURVE('n° 2662',#3596,#3596,#3601,.T.);
#3603=ORIENTED_EDGE('',*,*,#3602,.T.);
#3604=EDGE_LOOP('',(#3603));
#3605=FACE_BOUND('',#3604,.T.);
#3606=CARTESIAN_POINT('',(7.62,24.13,0.45));
#3607=DIRECTION('',(0.0,-0.0,1.0));
#3608=DIRECTION('',(-0.0,1.0,0.0));
#3609=AXIS2_PLACEMENT_3D('',#3606,#3607,#3608);
#3610=CONICAL_SURFACE('',#3609,0.685,0.7853981634);
#3611=ADVANCED_FACE('n° 2682',(#3594,#3605),#3610,.T.);
#3612=ORIENTED_EDGE('',*,*,#3574,.F.);
#3613=EDGE_LOOP('',(#3612));
#3614=FACE_OUTER_BOUND('',#3613,.T.);
#3615=ORIENTED_EDGE('',*,*,#3591,.T.);
#3616=EDGE_LOOP('',(#3615));
#3617=FACE_BOUND('',#3616,.T.);
#3618=CARTESIAN_POINT('',(7.62,24.13,4.7));
#3619=DIRECTION('',(0.0,0.0,-1.0));
#3620=DIRECTION('',(0.0,-1.0,-0.0));
#3621=AXIS2_PLACEMENT_3D('',#3618,#3619,#3620);
#3622=CYLINDRICAL_SURFACE('',#3621,0.255);
#3623=ADVANCED_FACE('n° 2677',(#3614,#3617),#3622,.T.);
#3624=ORIENTED_EDGE('',*,*,#3602,.F.);
#3625=EDGE_LOOP('',(#3624));
#3626=FACE_OUTER_BOUND('',#3625,.T.);
#3627=ORIENTED_EDGE('',*,*,#461,.T.);
#3628=EDGE_LOOP('',(#3627));
#3629=FACE_BOUND('',#3628,.T.);
#3630=CARTESIAN_POINT('',(7.62,24.13,4.7));
#3631=DIRECTION('',(0.0,0.0,-1.0));
#3632=DIRECTION('',(0.0,-1.0,-0.0));
#3633=AXIS2_PLACEMENT_3D('',#3630,#3631,#3632);
#3634=CYLINDRICAL_SURFACE('',#3633,0.685);
#3635=ADVANCED_FACE('n° 2687',(#3626,#3629),#3634,.T.);
#3636=CARTESIAN_POINT('',(7.62,23.215,4.701));
#3637=VERTEX_POINT('',#3636);
#3638=CARTESIAN_POINT('',(7.62,24.13,4.701));
#3639=DIRECTION('',(0.0,0.0,-1.0));
#3640=DIRECTION('',(0.0,-1.0,-0.0));
#3641=AXIS2_PLACEMENT_3D('',#3638,#3639,#3640);
#3642=CIRCLE('',#3641,0.915);
#3643=EDGE_CURVE('n° 2658',#3637,#3637,#3642,.T.);
#3644=ORIENTED_EDGE('',*,*,#3643,.T.);
#3645=EDGE_LOOP('',(#3644));
#3646=FACE_OUTER_BOUND('',#3645,.T.);
#3647=ORIENTED_EDGE('',*,*,#1091,.T.);
#3648=EDGE_LOOP('',(#3647));
#3649=FACE_BOUND('',#3648,.T.);
#3650=CARTESIAN_POINT('',(7.62,24.13,4.7));
#3651=DIRECTION('',(0.0,0.0,-1.0));
#3652=DIRECTION('',(0.0,-1.0,-0.0));
#3653=AXIS2_PLACEMENT_3D('',#3650,#3651,#3652);
#3654=CYLINDRICAL_SURFACE('',#3653,0.915);
#3655=ADVANCED_FACE('n° 2712',(#3646,#3649),#3654,.T.);
#3656=CARTESIAN_POINT('',(7.62,23.58,4.701));
#3657=VERTEX_POINT('',#3656);
#3658=CARTESIAN_POINT('',(7.62,24.13,4.701));
#3659=DIRECTION('',(0.0,0.0,-1.0));
#3660=DIRECTION('',(0.0,-1.0,-0.0));
#3661=AXIS2_PLACEMENT_3D('',#3658,#3659,#3660);
#3662=CIRCLE('',#3661,0.55);
#3663=EDGE_CURVE('n° 5980',#3657,#3657,#3662,.T.);
#3664=ORIENTED_EDGE('',*,*,#3663,.T.);
#3665=EDGE_LOOP('',(#3664));
#3666=FACE_OUTER_BOUND('',#3665,.T.);
#3667=ORIENTED_EDGE('',*,*,#3643,.F.);
#3668=EDGE_LOOP('',(#3667));
#3669=FACE_BOUND('',#3668,.T.);
#3670=CARTESIAN_POINT('',(7.62,24.13,4.701));
#3671=DIRECTION('',(0.0,0.0,-1.0));
#3672=DIRECTION('',(0.0,-1.0,-0.0));
#3673=AXIS2_PLACEMENT_3D('',#3670,#3671,#3672);
#3674=PLANE('',#3673);
#3675=ADVANCED_FACE('n° 2717',(#3666,#3669),#3674,.F.);
#3676=CARTESIAN_POINT('',(-7.62,-24.68,4.701));
#3677=VERTEX_POINT('',#3676);
#3678=CARTESIAN_POINT('',(-7.62,-24.13,4.701));
#3679=DIRECTION('',(0.0,0.0,-1.0));
#3680=DIRECTION('',(0.0,-1.0,-0.0));
#3681=AXIS2_PLACEMENT_3D('',#3678,#3679,#3680);
#3682=CIRCLE('',#3681,0.55);
#3683=EDGE_CURVE('n° 6038',#3677,#3677,#3682,.T.);
#3684=ORIENTED_EDGE('',*,*,#3683,.T.);
#3685=EDGE_LOOP('',(#3684));
#3686=FACE_OUTER_BOUND('',#3685,.T.);
#3687=CARTESIAN_POINT('',(-7.62,-25.045,4.701));
#3688=VERTEX_POINT('',#3687);
#3689=CARTESIAN_POINT('',(-7.62,-24.13,4.701));
#3690=DIRECTION('',(0.0,0.0,-1.0));
#3691=DIRECTION('',(0.0,-1.0,-0.0));
#3692=AXIS2_PLACEMENT_3D('',#3689,#3690,#3691);
#3693=CIRCLE('',#3692,0.915);
#3694=EDGE_CURVE('n° 2765',#3688,#3688,#3693,.T.);
#3695=ORIENTED_EDGE('',*,*,#3694,.F.);
#3696=EDGE_LOOP('',(#3695));
#3697=FACE_BOUND('',#3696,.T.);
#3698=CARTESIAN_POINT('',(-7.62,-24.13,4.701));
#3699=DIRECTION('',(0.0,0.0,-1.0));
#3700=DIRECTION('',(0.0,-1.0,-0.0));
#3701=AXIS2_PLACEMENT_3D('',#3698,#3699,#3700);
#3702=PLANE('',#3701);
#3703=ADVANCED_FACE('n° 2823',(#3686,#3697),#3702,.F.);
#3704=ORIENTED_EDGE('',*,*,#3694,.T.);
#3705=EDGE_LOOP('',(#3704));
#3706=FACE_OUTER_BOUND('',#3705,.T.);
#3707=ORIENTED_EDGE('',*,*,#687,.T.);
#3708=EDGE_LOOP('',(#3707));
#3709=FACE_BOUND('',#3708,.T.);
#3710=CARTESIAN_POINT('',(-7.62,-24.13,4.7));
#3711=DIRECTION('',(0.0,0.0,-1.0));
#3712=DIRECTION('',(0.0,-1.0,-0.0));
#3713=AXIS2_PLACEMENT_3D('',#3710,#3711,#3712);
#3714=CYLINDRICAL_SURFACE('',#3713,0.915);
#3715=ADVANCED_FACE('n° 2818',(#3706,#3709),#3714,.T.);
#3716=CARTESIAN_POINT('',(-7.62,-24.815,0.45));
#3717=VERTEX_POINT('',#3716);
#3718=CARTESIAN_POINT('',(-7.62,-24.13,0.45));
#3719=DIRECTION('',(0.0,0.0,-1.0));
#3720=DIRECTION('',(0.0,-1.0,-0.0));
#3721=AXIS2_PLACEMENT_3D('',#3718,#3719,#3720);
#3722=CIRCLE('',#3721,0.685);
#3723=EDGE_CURVE('n° 2768',#3717,#3717,#3722,.T.);
#3724=ORIENTED_EDGE('',*,*,#3723,.F.);
#3725=EDGE_LOOP('',(#3724));
#3726=FACE_OUTER_BOUND('',#3725,.T.);
#3727=ORIENTED_EDGE('',*,*,#122,.T.);
#3728=EDGE_LOOP('',(#3727));
#3729=FACE_BOUND('',#3728,.T.);
#3730=CARTESIAN_POINT('',(-7.62,-24.13,4.7));
#3731=DIRECTION('',(0.0,0.0,-1.0));
#3732=DIRECTION('',(0.0,-1.0,-0.0));
#3733=AXIS2_PLACEMENT_3D('',#3730,#3731,#3732);
#3734=CYLINDRICAL_SURFACE('',#3733,0.685);
#3735=ADVANCED_FACE('n° 2793',(#3726,#3729),#3734,.T.);
#3736=CARTESIAN_POINT('',(-7.62,-24.385,-2.475));
#3737=VERTEX_POINT('',#3736);
#3738=CARTESIAN_POINT('',(-7.62,-24.13,-2.475));
#3739=DIRECTION('',(0.0,0.0,-1.0));
#3740=DIRECTION('',(0.0,-1.0,-0.0));
#3741=AXIS2_PLACEMENT_3D('',#3738,#3739,#3740);
#3742=CIRCLE('',#3741,0.255);
#3743=EDGE_CURVE('n° 2774',#3737,#3737,#3742,.T.);
#3744=ORIENTED_EDGE('',*,*,#3743,.F.);
#3745=EDGE_LOOP('',(#3744));
#3746=FACE_OUTER_BOUND('',#3745,.T.);
#3747=CARTESIAN_POINT('',(-7.62,-24.385,0.02));
#3748=VERTEX_POINT('',#3747);
#3749=CARTESIAN_POINT('',(-7.62,-24.13,0.02));
#3750=DIRECTION('',(0.0,0.0,-1.0));
#3751=DIRECTION('',(0.0,-1.0,-0.0));
#3752=AXIS2_PLACEMENT_3D('',#3749,#3750,#3751);
#3753=CIRCLE('',#3752,0.255);
#3754=EDGE_CURVE('n° 2767',#3748,#3748,#3753,.T.);
#3755=ORIENTED_EDGE('',*,*,#3754,.T.);
#3756=EDGE_LOOP('',(#3755));
#3757=FACE_BOUND('',#3756,.T.);
#3758=CARTESIAN_POINT('',(-7.62,-24.13,4.7));
#3759=DIRECTION('',(0.0,0.0,-1.0));
#3760=DIRECTION('',(0.0,-1.0,-0.0));
#3761=AXIS2_PLACEMENT_3D('',#3758,#3759,#3760);
#3762=CYLINDRICAL_SURFACE('',#3761,0.255);
#3763=ADVANCED_FACE('n° 2783',(#3746,#3757),#3762,.T.);
#3764=ORIENTED_EDGE('',*,*,#3754,.F.);
#3765=EDGE_LOOP('',(#3764));
#3766=FACE_OUTER_BOUND('',#3765,.T.);
#3767=ORIENTED_EDGE('',*,*,#3723,.T.);
#3768=EDGE_LOOP('',(#3767));
#3769=FACE_BOUND('',#3768,.T.);
#3770=CARTESIAN_POINT('',(-7.62,-24.13,0.45));
#3771=DIRECTION('',(0.0,-0.0,1.0));
#3772=DIRECTION('',(-0.0,1.0,0.0));
#3773=AXIS2_PLACEMENT_3D('',#3770,#3771,#3772);
#3774=CONICAL_SURFACE('',#3773,0.685,0.7853981634);
#3775=ADVANCED_FACE('n° 2788',(#3766,#3769),#3774,.T.);
#3776=ORIENTED_EDGE('',*,*,#3743,.T.);
#3777=EDGE_LOOP('',(#3776));
#3778=FACE_OUTER_BOUND('',#3777,.T.);
#3779=CARTESIAN_POINT('',(-7.62,-24.13,-2.475));
#3780=DIRECTION('',(0.0,0.0,-1.0));
#3781=DIRECTION('',(1.0,0.0,0.0));
#3782=AXIS2_PLACEMENT_3D('',#3779,#3780,#3781);
#3783=SPHERICAL_SURFACE('',#3782,0.255);
#3784=ADVANCED_FACE('n° 2827',(#3778),#3783,.T.);
#3785=CARTESIAN_POINT('',(-7.62,-22.14,4.701));
#3786=VERTEX_POINT('',#3785);
#3787=CARTESIAN_POINT('',(-7.62,-21.59,4.701));
#3788=DIRECTION('',(0.0,0.0,-1.0));
#3789=DIRECTION('',(0.0,-1.0,-0.0));
#3790=AXIS2_PLACEMENT_3D('',#3787,#3788,#3789);
#3791=CIRCLE('',#3790,0.55);
#3792=EDGE_CURVE('n° 6096',#3786,#3786,#3791,.T.);
#3793=ORIENTED_EDGE('',*,*,#3792,.T.);
#3794=EDGE_LOOP('',(#3793));
#3795=FACE_OUTER_BOUND('',#3794,.T.);
#3796=CARTESIAN_POINT('',(-7.62,-22.505,4.701));
#3797=VERTEX_POINT('',#3796);
#3798=CARTESIAN_POINT('',(-7.62,-21.59,4.701));
#3799=DIRECTION('',(0.0,0.0,-1.0));
#3800=DIRECTION('',(0.0,-1.0,-0.0));
#3801=AXIS2_PLACEMENT_3D('',#3798,#3799,#3800);
#3802=CIRCLE('',#3801,0.915);
#3803=EDGE_CURVE('n° 2871',#3797,#3797,#3802,.T.);
#3804=ORIENTED_EDGE('',*,*,#3803,.F.);
#3805=EDGE_LOOP('',(#3804));
#3806=FACE_BOUND('',#3805,.T.);
#3807=CARTESIAN_POINT('',(-7.62,-21.59,4.701));
#3808=DIRECTION('',(0.0,0.0,-1.0));
#3809=DIRECTION('',(0.0,-1.0,-0.0));
#3810=AXIS2_PLACEMENT_3D('',#3807,#3808,#3809);
#3811=PLANE('',#3810);
#3812=ADVANCED_FACE('n° 2929',(#3795,#3806),#3811,.F.);
#3813=ORIENTED_EDGE('',*,*,#3803,.T.);
#3814=EDGE_LOOP('',(#3813));
#3815=FACE_OUTER_BOUND('',#3814,.T.);
#3816=ORIENTED_EDGE('',*,*,#732,.T.);
#3817=EDGE_LOOP('',(#3816));
#3818=FACE_BOUND('',#3817,.T.);
#3819=CARTESIAN_POINT('',(-7.62,-21.59,4.7));
#3820=DIRECTION('',(0.0,0.0,-1.0));
#3821=DIRECTION('',(0.0,-1.0,-0.0));
#3822=AXIS2_PLACEMENT_3D('',#3819,#3820,#3821);
#3823=CYLINDRICAL_SURFACE('',#3822,0.915);
#3824=ADVANCED_FACE('n° 2924',(#3815,#3818),#3823,.T.);
#3825=CARTESIAN_POINT('',(-7.62,-22.275,0.45));
#3826=VERTEX_POINT('',#3825);
#3827=CARTESIAN_POINT('',(-7.62,-21.59,0.45));
#3828=DIRECTION('',(0.0,0.0,-1.0));
#3829=DIRECTION('',(0.0,-1.0,-0.0));
#3830=AXIS2_PLACEMENT_3D('',#3827,#3828,#3829);
#3831=CIRCLE('',#3830,0.685);
#3832=EDGE_CURVE('n° 2874',#3826,#3826,#3831,.T.);
#3833=ORIENTED_EDGE('',*,*,#3832,.F.);
#3834=EDGE_LOOP('',(#3833));
#3835=FACE_OUTER_BOUND('',#3834,.T.);
#3836=ORIENTED_EDGE('',*,*,#472,.T.);
#3837=EDGE_LOOP('',(#3836));
#3838=FACE_BOUND('',#3837,.T.);
#3839=CARTESIAN_POINT('',(-7.62,-21.59,4.7));
#3840=DIRECTION('',(0.0,0.0,-1.0));
#3841=DIRECTION('',(0.0,-1.0,-0.0));
#3842=AXIS2_PLACEMENT_3D('',#3839,#3840,#3841);
#3843=CYLINDRICAL_SURFACE('',#3842,0.685);
#3844=ADVANCED_FACE('n° 2899',(#3835,#3838),#3843,.T.);
#3845=CARTESIAN_POINT('',(-7.62,-21.845,-2.475));
#3846=VERTEX_POINT('',#3845);
#3847=CARTESIAN_POINT('',(-7.62,-21.59,-2.475));
#3848=DIRECTION('',(0.0,0.0,-1.0));
#3849=DIRECTION('',(0.0,-1.0,-0.0));
#3850=AXIS2_PLACEMENT_3D('',#3847,#3848,#3849);
#3851=CIRCLE('',#3850,0.255);
#3852=EDGE_CURVE('n° 2880',#3846,#3846,#3851,.T.);
#3853=ORIENTED_EDGE('',*,*,#3852,.F.);
#3854=EDGE_LOOP('',(#3853));
#3855=FACE_OUTER_BOUND('',#3854,.T.);
#3856=CARTESIAN_POINT('',(-7.62,-21.845,0.02));
#3857=VERTEX_POINT('',#3856);
#3858=CARTESIAN_POINT('',(-7.62,-21.59,0.02));
#3859=DIRECTION('',(0.0,0.0,-1.0));
#3860=DIRECTION('',(0.0,-1.0,-0.0));
#3861=AXIS2_PLACEMENT_3D('',#3858,#3859,#3860);
#3862=CIRCLE('',#3861,0.255);
#3863=EDGE_CURVE('n° 2873',#3857,#3857,#3862,.T.);
#3864=ORIENTED_EDGE('',*,*,#3863,.T.);
#3865=EDGE_LOOP('',(#3864));
#3866=FACE_BOUND('',#3865,.T.);
#3867=CARTESIAN_POINT('',(-7.62,-21.59,4.7));
#3868=DIRECTION('',(0.0,0.0,-1.0));
#3869=DIRECTION('',(0.0,-1.0,-0.0));
#3870=AXIS2_PLACEMENT_3D('',#3867,#3868,#3869);
#3871=CYLINDRICAL_SURFACE('',#3870,0.255);
#3872=ADVANCED_FACE('n° 2889',(#3855,#3866),#3871,.T.);
#3873=ORIENTED_EDGE('',*,*,#3863,.F.);
#3874=EDGE_LOOP('',(#3873));
#3875=FACE_OUTER_BOUND('',#3874,.T.);
#3876=ORIENTED_EDGE('',*,*,#3832,.T.);
#3877=EDGE_LOOP('',(#3876));
#3878=FACE_BOUND('',#3877,.T.);
#3879=CARTESIAN_POINT('',(-7.62,-21.59,0.45));
#3880=DIRECTION('',(0.0,-0.0,1.0));
#3881=DIRECTION('',(-0.0,1.0,0.0));
#3882=AXIS2_PLACEMENT_3D('',#3879,#3880,#3881);
#3883=CONICAL_SURFACE('',#3882,0.685,0.7853981634);
#3884=ADVANCED_FACE('n° 2894',(#3875,#3878),#3883,.T.);
#3885=ORIENTED_EDGE('',*,*,#3852,.T.);
#3886=EDGE_LOOP('',(#3885));
#3887=FACE_OUTER_BOUND('',#3886,.T.);
#3888=CARTESIAN_POINT('',(-7.62,-21.59,-2.475));
#3889=DIRECTION('',(0.0,0.0,-1.0));
#3890=DIRECTION('',(1.0,0.0,0.0));
#3891=AXIS2_PLACEMENT_3D('',#3888,#3889,#3890);
#3892=SPHERICAL_SURFACE('',#3891,0.255);
#3893=ADVANCED_FACE('n° 2933',(#3887),#3892,.T.);
#3894=CARTESIAN_POINT('',(-7.62,-19.6,4.701));
#3895=VERTEX_POINT('',#3894);
#3896=CARTESIAN_POINT('',(-7.62,-19.05,4.701));
#3897=DIRECTION('',(0.0,0.0,-1.0));
#3898=DIRECTION('',(0.0,-1.0,-0.0));
#3899=AXIS2_PLACEMENT_3D('',#3896,#3897,#3898);
#3900=CIRCLE('',#3899,0.55);
#3901=EDGE_CURVE('n° 6154',#3895,#3895,#3900,.T.);
#3902=ORIENTED_EDGE('',*,*,#3901,.T.);
#3903=EDGE_LOOP('',(#3902));
#3904=FACE_OUTER_BOUND('',#3903,.T.);
#3905=CARTESIAN_POINT('',(-7.62,-19.965,4.701));
#3906=VERTEX_POINT('',#3905);
#3907=CARTESIAN_POINT('',(-7.62,-19.05,4.701));
#3908=DIRECTION('',(0.0,0.0,-1.0));
#3909=DIRECTION('',(0.0,-1.0,-0.0));
#3910=AXIS2_PLACEMENT_3D('',#3907,#3908,#3909);
#3911=CIRCLE('',#3910,0.915);
#3912=EDGE_CURVE('n° 2977',#3906,#3906,#3911,.T.);
#3913=ORIENTED_EDGE('',*,*,#3912,.F.);
#3914=EDGE_LOOP('',(#3913));
#3915=FACE_BOUND('',#3914,.T.);
#3916=CARTESIAN_POINT('',(-7.62,-19.05,4.701));
#3917=DIRECTION('',(0.0,0.0,-1.0));
#3918=DIRECTION('',(0.0,-1.0,-0.0));
#3919=AXIS2_PLACEMENT_3D('',#3916,#3917,#3918);
#3920=PLANE('',#3919);
#3921=ADVANCED_FACE('n° 3035',(#3904,#3915),#3920,.F.);
#3922=ORIENTED_EDGE('',*,*,#3912,.T.);
#3923=EDGE_LOOP('',(#3922));
#3924=FACE_OUTER_BOUND('',#3923,.T.);
#3925=ORIENTED_EDGE('',*,*,#676,.T.);
#3926=EDGE_LOOP('',(#3925));
#3927=FACE_BOUND('',#3926,.T.);
#3928=CARTESIAN_POINT('',(-7.62,-19.05,4.7));
#3929=DIRECTION('',(0.0,0.0,-1.0));
#3930=DIRECTION('',(0.0,-1.0,-0.0));
#3931=AXIS2_PLACEMENT_3D('',#3928,#3929,#3930);
#3932=CYLINDRICAL_SURFACE('',#3931,0.915);
#3933=ADVANCED_FACE('n° 3030',(#3924,#3927),#3932,.T.);
#3934=CARTESIAN_POINT('',(-7.62,-19.735,0.45));
#3935=VERTEX_POINT('',#3934);
#3936=CARTESIAN_POINT('',(-7.62,-19.05,0.45));
#3937=DIRECTION('',(0.0,0.0,-1.0));
#3938=DIRECTION('',(0.0,-1.0,-0.0));
#3939=AXIS2_PLACEMENT_3D('',#3936,#3937,#3938);
#3940=CIRCLE('',#3939,0.685);
#3941=EDGE_CURVE('n° 2980',#3935,#3935,#3940,.T.);
#3942=ORIENTED_EDGE('',*,*,#3941,.F.);
#3943=EDGE_LOOP('',(#3942));
#3944=FACE_OUTER_BOUND('',#3943,.T.);
#3945=ORIENTED_EDGE('',*,*,#111,.T.);
#3946=EDGE_LOOP('',(#3945));
#3947=FACE_BOUND('',#3946,.T.);
#3948=CARTESIAN_POINT('',(-7.62,-19.05,4.7));
#3949=DIRECTION('',(0.0,0.0,-1.0));
#3950=DIRECTION('',(0.0,-1.0,-0.0));
#3951=AXIS2_PLACEMENT_3D('',#3948,#3949,#3950);
#3952=CYLINDRICAL_SURFACE('',#3951,0.685);
#3953=ADVANCED_FACE('n° 3005',(#3944,#3947),#3952,.T.);
#3954=CARTESIAN_POINT('',(-7.62,-19.305,-2.475));
#3955=VERTEX_POINT('',#3954);
#3956=CARTESIAN_POINT('',(-7.62,-19.05,-2.475));
#3957=DIRECTION('',(0.0,0.0,-1.0));
#3958=DIRECTION('',(0.0,-1.0,-0.0));
#3959=AXIS2_PLACEMENT_3D('',#3956,#3957,#3958);
#3960=CIRCLE('',#3959,0.255);
#3961=EDGE_CURVE('n° 2986',#3955,#3955,#3960,.T.);
#3962=ORIENTED_EDGE('',*,*,#3961,.F.);
#3963=EDGE_LOOP('',(#3962));
#3964=FACE_OUTER_BOUND('',#3963,.T.);
#3965=CARTESIAN_POINT('',(-7.62,-19.305,0.02));
#3966=VERTEX_POINT('',#3965);
#3967=CARTESIAN_POINT('',(-7.62,-19.05,0.02));
#3968=DIRECTION('',(0.0,0.0,-1.0));
#3969=DIRECTION('',(0.0,-1.0,-0.0));
#3970=AXIS2_PLACEMENT_3D('',#3967,#3968,#3969);
#3971=CIRCLE('',#3970,0.255);
#3972=EDGE_CURVE('n° 2979',#3966,#3966,#3971,.T.);
#3973=ORIENTED_EDGE('',*,*,#3972,.T.);
#3974=EDGE_LOOP('',(#3973));
#3975=FACE_BOUND('',#3974,.T.);
#3976=CARTESIAN_POINT('',(-7.62,-19.05,4.7));
#3977=DIRECTION('',(0.0,0.0,-1.0));
#3978=DIRECTION('',(0.0,-1.0,-0.0));
#3979=AXIS2_PLACEMENT_3D('',#3976,#3977,#3978);
#3980=CYLINDRICAL_SURFACE('',#3979,0.255);
#3981=ADVANCED_FACE('n° 2995',(#3964,#3975),#3980,.T.);
#3982=ORIENTED_EDGE('',*,*,#3972,.F.);
#3983=EDGE_LOOP('',(#3982));
#3984=FACE_OUTER_BOUND('',#3983,.T.);
#3985=ORIENTED_EDGE('',*,*,#3941,.T.);
#3986=EDGE_LOOP('',(#3985));
#3987=FACE_BOUND('',#3986,.T.);
#3988=CARTESIAN_POINT('',(-7.62,-19.05,0.45));
#3989=DIRECTION('',(0.0,-0.0,1.0));
#3990=DIRECTION('',(-0.0,1.0,0.0));
#3991=AXIS2_PLACEMENT_3D('',#3988,#3989,#3990);
#3992=CONICAL_SURFACE('',#3991,0.685,0.7853981634);
#3993=ADVANCED_FACE('n° 3000',(#3984,#3987),#3992,.T.);
#3994=ORIENTED_EDGE('',*,*,#3961,.T.);
#3995=EDGE_LOOP('',(#3994));
#3996=FACE_OUTER_BOUND('',#3995,.T.);
#3997=CARTESIAN_POINT('',(-7.62,-19.05,-2.475));
#3998=DIRECTION('',(0.0,0.0,-1.0));
#3999=DIRECTION('',(1.0,0.0,0.0));
#4000=AXIS2_PLACEMENT_3D('',#3997,#3998,#3999);
#4001=SPHERICAL_SURFACE('',#4000,0.255);
#4002=ADVANCED_FACE('n° 3039',(#3996),#4001,.T.);
#4003=CARTESIAN_POINT('',(-7.62,-17.06,4.701));
#4004=VERTEX_POINT('',#4003);
#4005=CARTESIAN_POINT('',(-7.62,-16.51,4.701));
#4006=DIRECTION('',(0.0,0.0,-1.0));
#4007=DIRECTION('',(0.0,-1.0,-0.0));
#4008=AXIS2_PLACEMENT_3D('',#4005,#4006,#4007);
#4009=CIRCLE('',#4008,0.55);
#4010=EDGE_CURVE('n° 6212',#4004,#4004,#4009,.T.);
#4011=ORIENTED_EDGE('',*,*,#4010,.T.);
#4012=EDGE_LOOP('',(#4011));
#4013=FACE_OUTER_BOUND('',#4012,.T.);
#4014=CARTESIAN_POINT('',(-7.62,-17.425,4.701));
#4015=VERTEX_POINT('',#4014);
#4016=CARTESIAN_POINT('',(-7.62,-16.51,4.701));
#4017=DIRECTION('',(0.0,0.0,-1.0));
#4018=DIRECTION('',(0.0,-1.0,-0.0));
#4019=AXIS2_PLACEMENT_3D('',#4016,#4017,#4018);
#4020=CIRCLE('',#4019,0.915);
#4021=EDGE_CURVE('n° 3083',#4015,#4015,#4020,.T.);
#4022=ORIENTED_EDGE('',*,*,#4021,.F.);
#4023=EDGE_LOOP('',(#4022));
#4024=FACE_BOUND('',#4023,.T.);
#4025=CARTESIAN_POINT('',(-7.62,-16.51,4.701));
#4026=DIRECTION('',(0.0,0.0,-1.0));
#4027=DIRECTION('',(0.0,-1.0,-0.0));
#4028=AXIS2_PLACEMENT_3D('',#4025,#4026,#4027);
#4029=PLANE('',#4028);
#4030=ADVANCED_FACE('n° 3141',(#4013,#4024),#4029,.F.);
#4031=ORIENTED_EDGE('',*,*,#4021,.T.);
#4032=EDGE_LOOP('',(#4031));
#4033=FACE_OUTER_BOUND('',#4032,.T.);
#4034=ORIENTED_EDGE('',*,*,#743,.T.);
#4035=EDGE_LOOP('',(#4034));
#4036=FACE_BOUND('',#4035,.T.);
#4037=CARTESIAN_POINT('',(-7.62,-16.51,4.7));
#4038=DIRECTION('',(0.0,0.0,-1.0));
#4039=DIRECTION('',(0.0,-1.0,-0.0));
#4040=AXIS2_PLACEMENT_3D('',#4037,#4038,#4039);
#4041=CYLINDRICAL_SURFACE('',#4040,0.915);
#4042=ADVANCED_FACE('n° 3136',(#4033,#4036),#4041,.T.);
#4043=CARTESIAN_POINT('',(-7.62,-17.195,0.45));
#4044=VERTEX_POINT('',#4043);
#4045=CARTESIAN_POINT('',(-7.62,-16.51,0.45));
#4046=DIRECTION('',(0.0,0.0,-1.0));
#4047=DIRECTION('',(0.0,-1.0,-0.0));
#4048=AXIS2_PLACEMENT_3D('',#4045,#4046,#4047);
#4049=CIRCLE('',#4048,0.685);
#4050=EDGE_CURVE('n° 3086',#4044,#4044,#4049,.T.);
#4051=ORIENTED_EDGE('',*,*,#4050,.F.);
#4052=EDGE_LOOP('',(#4051));
#4053=FACE_OUTER_BOUND('',#4052,.T.);
#4054=ORIENTED_EDGE('',*,*,#483,.T.);
#4055=EDGE_LOOP('',(#4054));
#4056=FACE_BOUND('',#4055,.T.);
#4057=CARTESIAN_POINT('',(-7.62,-16.51,4.7));
#4058=DIRECTION('',(0.0,0.0,-1.0));
#4059=DIRECTION('',(0.0,-1.0,-0.0));
#4060=AXIS2_PLACEMENT_3D('',#4057,#4058,#4059);
#4061=CYLINDRICAL_SURFACE('',#4060,0.685);
#4062=ADVANCED_FACE('n° 3111',(#4053,#4056),#4061,.T.);
#4063=CARTESIAN_POINT('',(-7.62,-16.765,-2.475));
#4064=VERTEX_POINT('',#4063);
#4065=CARTESIAN_POINT('',(-7.62,-16.51,-2.475));
#4066=DIRECTION('',(0.0,0.0,-1.0));
#4067=DIRECTION('',(0.0,-1.0,-0.0));
#4068=AXIS2_PLACEMENT_3D('',#4065,#4066,#4067);
#4069=CIRCLE('',#4068,0.255);
#4070=EDGE_CURVE('n° 3092',#4064,#4064,#4069,.T.);
#4071=ORIENTED_EDGE('',*,*,#4070,.F.);
#4072=EDGE_LOOP('',(#4071));
#4073=FACE_OUTER_BOUND('',#4072,.T.);
#4074=CARTESIAN_POINT('',(-7.62,-16.765,0.02));
#4075=VERTEX_POINT('',#4074);
#4076=CARTESIAN_POINT('',(-7.62,-16.51,0.02));
#4077=DIRECTION('',(0.0,0.0,-1.0));
#4078=DIRECTION('',(0.0,-1.0,-0.0));
#4079=AXIS2_PLACEMENT_3D('',#4076,#4077,#4078);
#4080=CIRCLE('',#4079,0.255);
#4081=EDGE_CURVE('n° 3085',#4075,#4075,#4080,.T.);
#4082=ORIENTED_EDGE('',*,*,#4081,.T.);
#4083=EDGE_LOOP('',(#4082));
#4084=FACE_BOUND('',#4083,.T.);
#4085=CARTESIAN_POINT('',(-7.62,-16.51,4.7));
#4086=DIRECTION('',(0.0,0.0,-1.0));
#4087=DIRECTION('',(0.0,-1.0,-0.0));
#4088=AXIS2_PLACEMENT_3D('',#4085,#4086,#4087);
#4089=CYLINDRICAL_SURFACE('',#4088,0.255);
#4090=ADVANCED_FACE('n° 3101',(#4073,#4084),#4089,.T.);
#4091=ORIENTED_EDGE('',*,*,#4081,.F.);
#4092=EDGE_LOOP('',(#4091));
#4093=FACE_OUTER_BOUND('',#4092,.T.);
#4094=ORIENTED_EDGE('',*,*,#4050,.T.);
#4095=EDGE_LOOP('',(#4094));
#4096=FACE_BOUND('',#4095,.T.);
#4097=CARTESIAN_POINT('',(-7.62,-16.51,0.45));
#4098=DIRECTION('',(0.0,-0.0,1.0));
#4099=DIRECTION('',(-0.0,1.0,0.0));
#4100=AXIS2_PLACEMENT_3D('',#4097,#4098,#4099);
#4101=CONICAL_SURFACE('',#4100,0.685,0.7853981634);
#4102=ADVANCED_FACE('n° 3106',(#4093,#4096),#4101,.T.);
#4103=ORIENTED_EDGE('',*,*,#4070,.T.);
#4104=EDGE_LOOP('',(#4103));
#4105=FACE_OUTER_BOUND('',#4104,.T.);
#4106=CARTESIAN_POINT('',(-7.62,-16.51,-2.475));
#4107=DIRECTION('',(0.0,0.0,-1.0));
#4108=DIRECTION('',(1.0,0.0,0.0));
#4109=AXIS2_PLACEMENT_3D('',#4106,#4107,#4108);
#4110=SPHERICAL_SURFACE('',#4109,0.255);
#4111=ADVANCED_FACE('n° 3145',(#4105),#4110,.T.);
#4112=CARTESIAN_POINT('',(-7.62,-14.52,4.701));
#4113=VERTEX_POINT('',#4112);
#4114=CARTESIAN_POINT('',(-7.62,-13.97,4.701));
#4115=DIRECTION('',(0.0,0.0,-1.0));
#4116=DIRECTION('',(0.0,-1.0,-0.0));
#4117=AXIS2_PLACEMENT_3D('',#4114,#4115,#4116);
#4118=CIRCLE('',#4117,0.55);
#4119=EDGE_CURVE('n° 6270',#4113,#4113,#4118,.T.);
#4120=ORIENTED_EDGE('',*,*,#4119,.T.);
#4121=EDGE_LOOP('',(#4120));
#4122=FACE_OUTER_BOUND('',#4121,.T.);
#4123=CARTESIAN_POINT('',(-7.62,-14.885,4.701));
#4124=VERTEX_POINT('',#4123);
#4125=CARTESIAN_POINT('',(-7.62,-13.97,4.701));
#4126=DIRECTION('',(0.0,0.0,-1.0));
#4127=DIRECTION('',(0.0,-1.0,-0.0));
#4128=AXIS2_PLACEMENT_3D('',#4125,#4126,#4127);
#4129=CIRCLE('',#4128,0.915);
#4130=EDGE_CURVE('n° 3189',#4124,#4124,#4129,.T.);
#4131=ORIENTED_EDGE('',*,*,#4130,.F.);
#4132=EDGE_LOOP('',(#4131));
#4133=FACE_BOUND('',#4132,.T.);
#4134=CARTESIAN_POINT('',(-7.62,-13.97,4.701));
#4135=DIRECTION('',(0.0,0.0,-1.0));
#4136=DIRECTION('',(0.0,-1.0,-0.0));
#4137=AXIS2_PLACEMENT_3D('',#4134,#4135,#4136);
#4138=PLANE('',#4137);
#4139=ADVANCED_FACE('n° 3247',(#4122,#4133),#4138,.F.);
#4140=ORIENTED_EDGE('',*,*,#4130,.T.);
#4141=EDGE_LOOP('',(#4140));
#4142=FACE_OUTER_BOUND('',#4141,.T.);
#4143=ORIENTED_EDGE('',*,*,#665,.T.);
#4144=EDGE_LOOP('',(#4143));
#4145=FACE_BOUND('',#4144,.T.);
#4146=CARTESIAN_POINT('',(-7.62,-13.97,4.7));
#4147=DIRECTION('',(0.0,0.0,-1.0));
#4148=DIRECTION('',(0.0,-1.0,-0.0));
#4149=AXIS2_PLACEMENT_3D('',#4146,#4147,#4148);
#4150=CYLINDRICAL_SURFACE('',#4149,0.915);
#4151=ADVANCED_FACE('n° 3242',(#4142,#4145),#4150,.T.);
#4152=CARTESIAN_POINT('',(-7.62,-14.655,0.45));
#4153=VERTEX_POINT('',#4152);
#4154=CARTESIAN_POINT('',(-7.62,-13.97,0.45));
#4155=DIRECTION('',(0.0,0.0,-1.0));
#4156=DIRECTION('',(0.0,-1.0,-0.0));
#4157=AXIS2_PLACEMENT_3D('',#4154,#4155,#4156);
#4158=CIRCLE('',#4157,0.685);
#4159=EDGE_CURVE('n° 3192',#4153,#4153,#4158,.T.);
#4160=ORIENTED_EDGE('',*,*,#4159,.F.);
#4161=EDGE_LOOP('',(#4160));
#4162=FACE_OUTER_BOUND('',#4161,.T.);
#4163=ORIENTED_EDGE('',*,*,#100,.T.);
#4164=EDGE_LOOP('',(#4163));
#4165=FACE_BOUND('',#4164,.T.);
#4166=CARTESIAN_POINT('',(-7.62,-13.97,4.7));
#4167=DIRECTION('',(0.0,0.0,-1.0));
#4168=DIRECTION('',(0.0,-1.0,-0.0));
#4169=AXIS2_PLACEMENT_3D('',#4166,#4167,#4168);
#4170=CYLINDRICAL_SURFACE('',#4169,0.685);
#4171=ADVANCED_FACE('n° 3217',(#4162,#4165),#4170,.T.);
#4172=CARTESIAN_POINT('',(-7.62,-14.225,-2.475));
#4173=VERTEX_POINT('',#4172);
#4174=CARTESIAN_POINT('',(-7.62,-13.97,-2.475));
#4175=DIRECTION('',(0.0,0.0,-1.0));
#4176=DIRECTION('',(0.0,-1.0,-0.0));
#4177=AXIS2_PLACEMENT_3D('',#4174,#4175,#4176);
#4178=CIRCLE('',#4177,0.255);
#4179=EDGE_CURVE('n° 3198',#4173,#4173,#4178,.T.);
#4180=ORIENTED_EDGE('',*,*,#4179,.F.);
#4181=EDGE_LOOP('',(#4180));
#4182=FACE_OUTER_BOUND('',#4181,.T.);
#4183=CARTESIAN_POINT('',(-7.62,-14.225,0.02));
#4184=VERTEX_POINT('',#4183);
#4185=CARTESIAN_POINT('',(-7.62,-13.97,0.02));
#4186=DIRECTION('',(0.0,0.0,-1.0));
#4187=DIRECTION('',(0.0,-1.0,-0.0));
#4188=AXIS2_PLACEMENT_3D('',#4185,#4186,#4187);
#4189=CIRCLE('',#4188,0.255);
#4190=EDGE_CURVE('n° 3191',#4184,#4184,#4189,.T.);
#4191=ORIENTED_EDGE('',*,*,#4190,.T.);
#4192=EDGE_LOOP('',(#4191));
#4193=FACE_BOUND('',#4192,.T.);
#4194=CARTESIAN_POINT('',(-7.62,-13.97,4.7));
#4195=DIRECTION('',(0.0,0.0,-1.0));
#4196=DIRECTION('',(0.0,-1.0,-0.0));
#4197=AXIS2_PLACEMENT_3D('',#4194,#4195,#4196);
#4198=CYLINDRICAL_SURFACE('',#4197,0.255);
#4199=ADVANCED_FACE('n° 3207',(#4182,#4193),#4198,.T.);
#4200=ORIENTED_EDGE('',*,*,#4190,.F.);
#4201=EDGE_LOOP('',(#4200));
#4202=FACE_OUTER_BOUND('',#4201,.T.);
#4203=ORIENTED_EDGE('',*,*,#4159,.T.);
#4204=EDGE_LOOP('',(#4203));
#4205=FACE_BOUND('',#4204,.T.);
#4206=CARTESIAN_POINT('',(-7.62,-13.97,0.45));
#4207=DIRECTION('',(0.0,-0.0,1.0));
#4208=DIRECTION('',(-0.0,1.0,0.0));
#4209=AXIS2_PLACEMENT_3D('',#4206,#4207,#4208);
#4210=CONICAL_SURFACE('',#4209,0.685,0.7853981634);
#4211=ADVANCED_FACE('n° 3212',(#4202,#4205),#4210,.T.);
#4212=ORIENTED_EDGE('',*,*,#4179,.T.);
#4213=EDGE_LOOP('',(#4212));
#4214=FACE_OUTER_BOUND('',#4213,.T.);
#4215=CARTESIAN_POINT('',(-7.62,-13.97,-2.475));
#4216=DIRECTION('',(0.0,0.0,-1.0));
#4217=DIRECTION('',(1.0,0.0,0.0));
#4218=AXIS2_PLACEMENT_3D('',#4215,#4216,#4217);
#4219=SPHERICAL_SURFACE('',#4218,0.255);
#4220=ADVANCED_FACE('n° 3251',(#4214),#4219,.T.);
#4221=CARTESIAN_POINT('',(-7.62,-11.98,4.701));
#4222=VERTEX_POINT('',#4221);
#4223=CARTESIAN_POINT('',(-7.62,-11.43,4.701));
#4224=DIRECTION('',(0.0,0.0,-1.0));
#4225=DIRECTION('',(0.0,-1.0,-0.0));
#4226=AXIS2_PLACEMENT_3D('',#4223,#4224,#4225);
#4227=CIRCLE('',#4226,0.55);
#4228=EDGE_CURVE('n° 6328',#4222,#4222,#4227,.T.);
#4229=ORIENTED_EDGE('',*,*,#4228,.T.);
#4230=EDGE_LOOP('',(#4229));
#4231=FACE_OUTER_BOUND('',#4230,.T.);
#4232=CARTESIAN_POINT('',(-7.62,-12.345,4.701));
#4233=VERTEX_POINT('',#4232);
#4234=CARTESIAN_POINT('',(-7.62,-11.43,4.701));
#4235=DIRECTION('',(0.0,0.0,-1.0));
#4236=DIRECTION('',(0.0,-1.0,-0.0));
#4237=AXIS2_PLACEMENT_3D('',#4234,#4235,#4236);
#4238=CIRCLE('',#4237,0.915);
#4239=EDGE_CURVE('n° 3295',#4233,#4233,#4238,.T.);
#4240=ORIENTED_EDGE('',*,*,#4239,.F.);
#4241=EDGE_LOOP('',(#4240));
#4242=FACE_BOUND('',#4241,.T.);
#4243=CARTESIAN_POINT('',(-7.62,-11.43,4.701));
#4244=DIRECTION('',(0.0,0.0,-1.0));
#4245=DIRECTION('',(0.0,-1.0,-0.0));
#4246=AXIS2_PLACEMENT_3D('',#4243,#4244,#4245);
#4247=PLANE('',#4246);
#4248=ADVANCED_FACE('n° 3353',(#4231,#4242),#4247,.F.);
#4249=ORIENTED_EDGE('',*,*,#4239,.T.);
#4250=EDGE_LOOP('',(#4249));
#4251=FACE_OUTER_BOUND('',#4250,.T.);
#4252=ORIENTED_EDGE('',*,*,#754,.T.);
#4253=EDGE_LOOP('',(#4252));
#4254=FACE_BOUND('',#4253,.T.);
#4255=CARTESIAN_POINT('',(-7.62,-11.43,4.7));
#4256=DIRECTION('',(0.0,0.0,-1.0));
#4257=DIRECTION('',(0.0,-1.0,-0.0));
#4258=AXIS2_PLACEMENT_3D('',#4255,#4256,#4257);
#4259=CYLINDRICAL_SURFACE('',#4258,0.915);
#4260=ADVANCED_FACE('n° 3348',(#4251,#4254),#4259,.T.);
#4261=CARTESIAN_POINT('',(-7.62,-12.115,0.45));
#4262=VERTEX_POINT('',#4261);
#4263=CARTESIAN_POINT('',(-7.62,-11.43,0.45));
#4264=DIRECTION('',(0.0,0.0,-1.0));
#4265=DIRECTION('',(0.0,-1.0,-0.0));
#4266=AXIS2_PLACEMENT_3D('',#4263,#4264,#4265);
#4267=CIRCLE('',#4266,0.685);
#4268=EDGE_CURVE('n° 3298',#4262,#4262,#4267,.T.);
#4269=ORIENTED_EDGE('',*,*,#4268,.F.);
#4270=EDGE_LOOP('',(#4269));
#4271=FACE_OUTER_BOUND('',#4270,.T.);
#4272=ORIENTED_EDGE('',*,*,#494,.T.);
#4273=EDGE_LOOP('',(#4272));
#4274=FACE_BOUND('',#4273,.T.);
#4275=CARTESIAN_POINT('',(-7.62,-11.43,4.7));
#4276=DIRECTION('',(0.0,0.0,-1.0));
#4277=DIRECTION('',(0.0,-1.0,-0.0));
#4278=AXIS2_PLACEMENT_3D('',#4275,#4276,#4277);
#4279=CYLINDRICAL_SURFACE('',#4278,0.685);
#4280=ADVANCED_FACE('n° 3323',(#4271,#4274),#4279,.T.);
#4281=CARTESIAN_POINT('',(-7.62,-11.685,-2.475));
#4282=VERTEX_POINT('',#4281);
#4283=CARTESIAN_POINT('',(-7.62,-11.43,-2.475));
#4284=DIRECTION('',(0.0,0.0,-1.0));
#4285=DIRECTION('',(0.0,-1.0,-0.0));
#4286=AXIS2_PLACEMENT_3D('',#4283,#4284,#4285);
#4287=CIRCLE('',#4286,0.255);
#4288=EDGE_CURVE('n° 3304',#4282,#4282,#4287,.T.);
#4289=ORIENTED_EDGE('',*,*,#4288,.F.);
#4290=EDGE_LOOP('',(#4289));
#4291=FACE_OUTER_BOUND('',#4290,.T.);
#4292=CARTESIAN_POINT('',(-7.62,-11.685,0.02));
#4293=VERTEX_POINT('',#4292);
#4294=CARTESIAN_POINT('',(-7.62,-11.43,0.02));
#4295=DIRECTION('',(0.0,0.0,-1.0));
#4296=DIRECTION('',(0.0,-1.0,-0.0));
#4297=AXIS2_PLACEMENT_3D('',#4294,#4295,#4296);
#4298=CIRCLE('',#4297,0.255);
#4299=EDGE_CURVE('n° 3297',#4293,#4293,#4298,.T.);
#4300=ORIENTED_EDGE('',*,*,#4299,.T.);
#4301=EDGE_LOOP('',(#4300));
#4302=FACE_BOUND('',#4301,.T.);
#4303=CARTESIAN_POINT('',(-7.62,-11.43,4.7));
#4304=DIRECTION('',(0.0,0.0,-1.0));
#4305=DIRECTION('',(0.0,-1.0,-0.0));
#4306=AXIS2_PLACEMENT_3D('',#4303,#4304,#4305);
#4307=CYLINDRICAL_SURFACE('',#4306,0.255);
#4308=ADVANCED_FACE('n° 3313',(#4291,#4302),#4307,.T.);
#4309=ORIENTED_EDGE('',*,*,#4299,.F.);
#4310=EDGE_LOOP('',(#4309));
#4311=FACE_OUTER_BOUND('',#4310,.T.);
#4312=ORIENTED_EDGE('',*,*,#4268,.T.);
#4313=EDGE_LOOP('',(#4312));
#4314=FACE_BOUND('',#4313,.T.);
#4315=CARTESIAN_POINT('',(-7.62,-11.43,0.45));
#4316=DIRECTION('',(0.0,-0.0,1.0));
#4317=DIRECTION('',(-0.0,1.0,0.0));
#4318=AXIS2_PLACEMENT_3D('',#4315,#4316,#4317);
#4319=CONICAL_SURFACE('',#4318,0.685,0.7853981634);
#4320=ADVANCED_FACE('n° 3318',(#4311,#4314),#4319,.T.);
#4321=ORIENTED_EDGE('',*,*,#4288,.T.);
#4322=EDGE_LOOP('',(#4321));
#4323=FACE_OUTER_BOUND('',#4322,.T.);
#4324=CARTESIAN_POINT('',(-7.62,-11.43,-2.475));
#4325=DIRECTION('',(0.0,0.0,-1.0));
#4326=DIRECTION('',(1.0,0.0,0.0));
#4327=AXIS2_PLACEMENT_3D('',#4324,#4325,#4326);
#4328=SPHERICAL_SURFACE('',#4327,0.255);
#4329=ADVANCED_FACE('n° 3357',(#4323),#4328,.T.);
#4330=CARTESIAN_POINT('',(-7.62,-9.44,4.701));
#4331=VERTEX_POINT('',#4330);
#4332=CARTESIAN_POINT('',(-7.62,-8.89,4.701));
#4333=DIRECTION('',(0.0,0.0,-1.0));
#4334=DIRECTION('',(0.0,-1.0,-0.0));
#4335=AXIS2_PLACEMENT_3D('',#4332,#4333,#4334);
#4336=CIRCLE('',#4335,0.55);
#4337=EDGE_CURVE('n° 6386',#4331,#4331,#4336,.T.);
#4338=ORIENTED_EDGE('',*,*,#4337,.T.);
#4339=EDGE_LOOP('',(#4338));
#4340=FACE_OUTER_BOUND('',#4339,.T.);
#4341=CARTESIAN_POINT('',(-7.62,-9.805,4.701));
#4342=VERTEX_POINT('',#4341);
#4343=CARTESIAN_POINT('',(-7.62,-8.89,4.701));
#4344=DIRECTION('',(0.0,0.0,-1.0));
#4345=DIRECTION('',(0.0,-1.0,-0.0));
#4346=AXIS2_PLACEMENT_3D('',#4343,#4344,#4345);
#4347=CIRCLE('',#4346,0.915);
#4348=EDGE_CURVE('n° 3401',#4342,#4342,#4347,.T.);
#4349=ORIENTED_EDGE('',*,*,#4348,.F.);
#4350=EDGE_LOOP('',(#4349));
#4351=FACE_BOUND('',#4350,.T.);
#4352=CARTESIAN_POINT('',(-7.62,-8.89,4.701));
#4353=DIRECTION('',(0.0,0.0,-1.0));
#4354=DIRECTION('',(0.0,-1.0,-0.0));
#4355=AXIS2_PLACEMENT_3D('',#4352,#4353,#4354);
#4356=PLANE('',#4355);
#4357=ADVANCED_FACE('n° 3459',(#4340,#4351),#4356,.F.);
#4358=ORIENTED_EDGE('',*,*,#4348,.T.);
#4359=EDGE_LOOP('',(#4358));
#4360=FACE_OUTER_BOUND('',#4359,.T.);
#4361=ORIENTED_EDGE('',*,*,#654,.T.);
#4362=EDGE_LOOP('',(#4361));
#4363=FACE_BOUND('',#4362,.T.);
#4364=CARTESIAN_POINT('',(-7.62,-8.89,4.7));
#4365=DIRECTION('',(0.0,0.0,-1.0));
#4366=DIRECTION('',(0.0,-1.0,-0.0));
#4367=AXIS2_PLACEMENT_3D('',#4364,#4365,#4366);
#4368=CYLINDRICAL_SURFACE('',#4367,0.915);
#4369=ADVANCED_FACE('n° 3454',(#4360,#4363),#4368,.T.);
#4370=CARTESIAN_POINT('',(-7.62,-9.575,0.45));
#4371=VERTEX_POINT('',#4370);
#4372=CARTESIAN_POINT('',(-7.62,-8.89,0.45));
#4373=DIRECTION('',(0.0,0.0,-1.0));
#4374=DIRECTION('',(0.0,-1.0,-0.0));
#4375=AXIS2_PLACEMENT_3D('',#4372,#4373,#4374);
#4376=CIRCLE('',#4375,0.685);
#4377=EDGE_CURVE('n° 3404',#4371,#4371,#4376,.T.);
#4378=ORIENTED_EDGE('',*,*,#4377,.F.);
#4379=EDGE_LOOP('',(#4378));
#4380=FACE_OUTER_BOUND('',#4379,.T.);
#4381=ORIENTED_EDGE('',*,*,#89,.T.);
#4382=EDGE_LOOP('',(#4381));
#4383=FACE_BOUND('',#4382,.T.);
#4384=CARTESIAN_POINT('',(-7.62,-8.89,4.7));
#4385=DIRECTION('',(0.0,0.0,-1.0));
#4386=DIRECTION('',(0.0,-1.0,-0.0));
#4387=AXIS2_PLACEMENT_3D('',#4384,#4385,#4386);
#4388=CYLINDRICAL_SURFACE('',#4387,0.685);
#4389=ADVANCED_FACE('n° 3429',(#4380,#4383),#4388,.T.);
#4390=CARTESIAN_POINT('',(-7.62,-9.145,-2.475));
#4391=VERTEX_POINT('',#4390);
#4392=CARTESIAN_POINT('',(-7.62,-8.89,-2.475));
#4393=DIRECTION('',(0.0,0.0,-1.0));
#4394=DIRECTION('',(0.0,-1.0,-0.0));
#4395=AXIS2_PLACEMENT_3D('',#4392,#4393,#4394);
#4396=CIRCLE('',#4395,0.255);
#4397=EDGE_CURVE('n° 3410',#4391,#4391,#4396,.T.);
#4398=ORIENTED_EDGE('',*,*,#4397,.F.);
#4399=EDGE_LOOP('',(#4398));
#4400=FACE_OUTER_BOUND('',#4399,.T.);
#4401=CARTESIAN_POINT('',(-7.62,-9.145,0.02));
#4402=VERTEX_POINT('',#4401);
#4403=CARTESIAN_POINT('',(-7.62,-8.89,0.02));
#4404=DIRECTION('',(0.0,0.0,-1.0));
#4405=DIRECTION('',(0.0,-1.0,-0.0));
#4406=AXIS2_PLACEMENT_3D('',#4403,#4404,#4405);
#4407=CIRCLE('',#4406,0.255);
#4408=EDGE_CURVE('n° 3403',#4402,#4402,#4407,.T.);
#4409=ORIENTED_EDGE('',*,*,#4408,.T.);
#4410=EDGE_LOOP('',(#4409));
#4411=FACE_BOUND('',#4410,.T.);
#4412=CARTESIAN_POINT('',(-7.62,-8.89,4.7));
#4413=DIRECTION('',(0.0,0.0,-1.0));
#4414=DIRECTION('',(0.0,-1.0,-0.0));
#4415=AXIS2_PLACEMENT_3D('',#4412,#4413,#4414);
#4416=CYLINDRICAL_SURFACE('',#4415,0.255);
#4417=ADVANCED_FACE('n° 3419',(#4400,#4411),#4416,.T.);
#4418=ORIENTED_EDGE('',*,*,#4408,.F.);
#4419=EDGE_LOOP('',(#4418));
#4420=FACE_OUTER_BOUND('',#4419,.T.);
#4421=ORIENTED_EDGE('',*,*,#4377,.T.);
#4422=EDGE_LOOP('',(#4421));
#4423=FACE_BOUND('',#4422,.T.);
#4424=CARTESIAN_POINT('',(-7.62,-8.89,0.45));
#4425=DIRECTION('',(0.0,-0.0,1.0));
#4426=DIRECTION('',(-0.0,1.0,0.0));
#4427=AXIS2_PLACEMENT_3D('',#4424,#4425,#4426);
#4428=CONICAL_SURFACE('',#4427,0.685,0.7853981634);
#4429=ADVANCED_FACE('n° 3424',(#4420,#4423),#4428,.T.);
#4430=ORIENTED_EDGE('',*,*,#4397,.T.);
#4431=EDGE_LOOP('',(#4430));
#4432=FACE_OUTER_BOUND('',#4431,.T.);
#4433=CARTESIAN_POINT('',(-7.62,-8.89,-2.475));
#4434=DIRECTION('',(0.0,0.0,-1.0));
#4435=DIRECTION('',(1.0,0.0,0.0));
#4436=AXIS2_PLACEMENT_3D('',#4433,#4434,#4435);
#4437=SPHERICAL_SURFACE('',#4436,0.255);
#4438=ADVANCED_FACE('n° 3463',(#4432),#4437,.T.);
#4439=CARTESIAN_POINT('',(-7.62,-6.9,4.701));
#4440=VERTEX_POINT('',#4439);
#4441=CARTESIAN_POINT('',(-7.62,-6.35,4.701));
#4442=DIRECTION('',(0.0,0.0,-1.0));
#4443=DIRECTION('',(0.0,-1.0,-0.0));
#4444=AXIS2_PLACEMENT_3D('',#4441,#4442,#4443);
#4445=CIRCLE('',#4444,0.55);
#4446=EDGE_CURVE('n° 6444',#4440,#4440,#4445,.T.);
#4447=ORIENTED_EDGE('',*,*,#4446,.T.);
#4448=EDGE_LOOP('',(#4447));
#4449=FACE_OUTER_BOUND('',#4448,.T.);
#4450=CARTESIAN_POINT('',(-7.62,-7.265,4.701));
#4451=VERTEX_POINT('',#4450);
#4452=CARTESIAN_POINT('',(-7.62,-6.35,4.701));
#4453=DIRECTION('',(0.0,0.0,-1.0));
#4454=DIRECTION('',(0.0,-1.0,-0.0));
#4455=AXIS2_PLACEMENT_3D('',#4452,#4453,#4454);
#4456=CIRCLE('',#4455,0.915);
#4457=EDGE_CURVE('n° 3507',#4451,#4451,#4456,.T.);
#4458=ORIENTED_EDGE('',*,*,#4457,.F.);
#4459=EDGE_LOOP('',(#4458));
#4460=FACE_BOUND('',#4459,.T.);
#4461=CARTESIAN_POINT('',(-7.62,-6.35,4.701));
#4462=DIRECTION('',(0.0,0.0,-1.0));
#4463=DIRECTION('',(0.0,-1.0,-0.0));
#4464=AXIS2_PLACEMENT_3D('',#4461,#4462,#4463);
#4465=PLANE('',#4464);
#4466=ADVANCED_FACE('n° 3565',(#4449,#4460),#4465,.F.);
#4467=ORIENTED_EDGE('',*,*,#4457,.T.);
#4468=EDGE_LOOP('',(#4467));
#4469=FACE_OUTER_BOUND('',#4468,.T.);
#4470=ORIENTED_EDGE('',*,*,#765,.T.);
#4471=EDGE_LOOP('',(#4470));
#4472=FACE_BOUND('',#4471,.T.);
#4473=CARTESIAN_POINT('',(-7.62,-6.35,4.7));
#4474=DIRECTION('',(0.0,0.0,-1.0));
#4475=DIRECTION('',(0.0,-1.0,-0.0));
#4476=AXIS2_PLACEMENT_3D('',#4473,#4474,#4475);
#4477=CYLINDRICAL_SURFACE('',#4476,0.915);
#4478=ADVANCED_FACE('n° 3560',(#4469,#4472),#4477,.T.);
#4479=CARTESIAN_POINT('',(-7.62,-7.035,0.45));
#4480=VERTEX_POINT('',#4479);
#4481=CARTESIAN_POINT('',(-7.62,-6.35,0.45));
#4482=DIRECTION('',(0.0,0.0,-1.0));
#4483=DIRECTION('',(0.0,-1.0,-0.0));
#4484=AXIS2_PLACEMENT_3D('',#4481,#4482,#4483);
#4485=CIRCLE('',#4484,0.685);
#4486=EDGE_CURVE('n° 3510',#4480,#4480,#4485,.T.);
#4487=ORIENTED_EDGE('',*,*,#4486,.F.);
#4488=EDGE_LOOP('',(#4487));
#4489=FACE_OUTER_BOUND('',#4488,.T.);
#4490=ORIENTED_EDGE('',*,*,#505,.T.);
#4491=EDGE_LOOP('',(#4490));
#4492=FACE_BOUND('',#4491,.T.);
#4493=CARTESIAN_POINT('',(-7.62,-6.35,4.7));
#4494=DIRECTION('',(0.0,0.0,-1.0));
#4495=DIRECTION('',(0.0,-1.0,-0.0));
#4496=AXIS2_PLACEMENT_3D('',#4493,#4494,#4495);
#4497=CYLINDRICAL_SURFACE('',#4496,0.685);
#4498=ADVANCED_FACE('n° 3535',(#4489,#4492),#4497,.T.);
#4499=CARTESIAN_POINT('',(-7.62,-6.605,-2.475));
#4500=VERTEX_POINT('',#4499);
#4501=CARTESIAN_POINT('',(-7.62,-6.35,-2.475));
#4502=DIRECTION('',(0.0,0.0,-1.0));
#4503=DIRECTION('',(0.0,-1.0,-0.0));
#4504=AXIS2_PLACEMENT_3D('',#4501,#4502,#4503);
#4505=CIRCLE('',#4504,0.255);
#4506=EDGE_CURVE('n° 3516',#4500,#4500,#4505,.T.);
#4507=ORIENTED_EDGE('',*,*,#4506,.F.);
#4508=EDGE_LOOP('',(#4507));
#4509=FACE_OUTER_BOUND('',#4508,.T.);
#4510=CARTESIAN_POINT('',(-7.62,-6.605,0.02));
#4511=VERTEX_POINT('',#4510);
#4512=CARTESIAN_POINT('',(-7.62,-6.35,0.02));
#4513=DIRECTION('',(0.0,0.0,-1.0));
#4514=DIRECTION('',(0.0,-1.0,-0.0));
#4515=AXIS2_PLACEMENT_3D('',#4512,#4513,#4514);
#4516=CIRCLE('',#4515,0.255);
#4517=EDGE_CURVE('n° 3509',#4511,#4511,#4516,.T.);
#4518=ORIENTED_EDGE('',*,*,#4517,.T.);
#4519=EDGE_LOOP('',(#4518));
#4520=FACE_BOUND('',#4519,.T.);
#4521=CARTESIAN_POINT('',(-7.62,-6.35,4.7));
#4522=DIRECTION('',(0.0,0.0,-1.0));
#4523=DIRECTION('',(0.0,-1.0,-0.0));
#4524=AXIS2_PLACEMENT_3D('',#4521,#4522,#4523);
#4525=CYLINDRICAL_SURFACE('',#4524,0.255);
#4526=ADVANCED_FACE('n° 3525',(#4509,#4520),#4525,.T.);
#4527=ORIENTED_EDGE('',*,*,#4517,.F.);
#4528=EDGE_LOOP('',(#4527));
#4529=FACE_OUTER_BOUND('',#4528,.T.);
#4530=ORIENTED_EDGE('',*,*,#4486,.T.);
#4531=EDGE_LOOP('',(#4530));
#4532=FACE_BOUND('',#4531,.T.);
#4533=CARTESIAN_POINT('',(-7.62,-6.35,0.45));
#4534=DIRECTION('',(0.0,-0.0,1.0));
#4535=DIRECTION('',(-0.0,1.0,0.0));
#4536=AXIS2_PLACEMENT_3D('',#4533,#4534,#4535);
#4537=CONICAL_SURFACE('',#4536,0.685,0.7853981634);
#4538=ADVANCED_FACE('n° 3530',(#4529,#4532),#4537,.T.);
#4539=ORIENTED_EDGE('',*,*,#4506,.T.);
#4540=EDGE_LOOP('',(#4539));
#4541=FACE_OUTER_BOUND('',#4540,.T.);
#4542=CARTESIAN_POINT('',(-7.62,-6.35,-2.475));
#4543=DIRECTION('',(0.0,0.0,-1.0));
#4544=DIRECTION('',(1.0,0.0,0.0));
#4545=AXIS2_PLACEMENT_3D('',#4542,#4543,#4544);
#4546=SPHERICAL_SURFACE('',#4545,0.255);
#4547=ADVANCED_FACE('n° 3569',(#4541),#4546,.T.);
#4548=CARTESIAN_POINT('',(-7.62,-4.36,4.701));
#4549=VERTEX_POINT('',#4548);
#4550=CARTESIAN_POINT('',(-7.62,-3.81,4.701));
#4551=DIRECTION('',(0.0,0.0,-1.0));
#4552=DIRECTION('',(0.0,-1.0,-0.0));
#4553=AXIS2_PLACEMENT_3D('',#4550,#4551,#4552);
#4554=CIRCLE('',#4553,0.55);
#4555=EDGE_CURVE('n° 6502',#4549,#4549,#4554,.T.);
#4556=ORIENTED_EDGE('',*,*,#4555,.T.);
#4557=EDGE_LOOP('',(#4556));
#4558=FACE_OUTER_BOUND('',#4557,.T.);
#4559=CARTESIAN_POINT('',(-7.62,-4.725,4.701));
#4560=VERTEX_POINT('',#4559);
#4561=CARTESIAN_POINT('',(-7.62,-3.81,4.701));
#4562=DIRECTION('',(0.0,0.0,-1.0));
#4563=DIRECTION('',(0.0,-1.0,-0.0));
#4564=AXIS2_PLACEMENT_3D('',#4561,#4562,#4563);
#4565=CIRCLE('',#4564,0.915);
#4566=EDGE_CURVE('n° 3613',#4560,#4560,#4565,.T.);
#4567=ORIENTED_EDGE('',*,*,#4566,.F.);
#4568=EDGE_LOOP('',(#4567));
#4569=FACE_BOUND('',#4568,.T.);
#4570=CARTESIAN_POINT('',(-7.62,-3.81,4.701));
#4571=DIRECTION('',(0.0,0.0,-1.0));
#4572=DIRECTION('',(0.0,-1.0,-0.0));
#4573=AXIS2_PLACEMENT_3D('',#4570,#4571,#4572);
#4574=PLANE('',#4573);
#4575=ADVANCED_FACE('n° 3671',(#4558,#4569),#4574,.F.);
#4576=ORIENTED_EDGE('',*,*,#4566,.T.);
#4577=EDGE_LOOP('',(#4576));
#4578=FACE_OUTER_BOUND('',#4577,.T.);
#4579=ORIENTED_EDGE('',*,*,#643,.T.);
#4580=EDGE_LOOP('',(#4579));
#4581=FACE_BOUND('',#4580,.T.);
#4582=CARTESIAN_POINT('',(-7.62,-3.81,4.7));
#4583=DIRECTION('',(0.0,0.0,-1.0));
#4584=DIRECTION('',(0.0,-1.0,-0.0));
#4585=AXIS2_PLACEMENT_3D('',#4582,#4583,#4584);
#4586=CYLINDRICAL_SURFACE('',#4585,0.915);
#4587=ADVANCED_FACE('n° 3666',(#4578,#4581),#4586,.T.);
#4588=CARTESIAN_POINT('',(-7.62,-4.495,0.45));
#4589=VERTEX_POINT('',#4588);
#4590=CARTESIAN_POINT('',(-7.62,-3.81,0.45));
#4591=DIRECTION('',(0.0,0.0,-1.0));
#4592=DIRECTION('',(0.0,-1.0,-0.0));
#4593=AXIS2_PLACEMENT_3D('',#4590,#4591,#4592);
#4594=CIRCLE('',#4593,0.685);
#4595=EDGE_CURVE('n° 3616',#4589,#4589,#4594,.T.);
#4596=ORIENTED_EDGE('',*,*,#4595,.F.);
#4597=EDGE_LOOP('',(#4596));
#4598=FACE_OUTER_BOUND('',#4597,.T.);
#4599=ORIENTED_EDGE('',*,*,#78,.T.);
#4600=EDGE_LOOP('',(#4599));
#4601=FACE_BOUND('',#4600,.T.);
#4602=CARTESIAN_POINT('',(-7.62,-3.81,4.7));
#4603=DIRECTION('',(0.0,0.0,-1.0));
#4604=DIRECTION('',(0.0,-1.0,-0.0));
#4605=AXIS2_PLACEMENT_3D('',#4602,#4603,#4604);
#4606=CYLINDRICAL_SURFACE('',#4605,0.685);
#4607=ADVANCED_FACE('n° 3641',(#4598,#4601),#4606,.T.);
#4608=CARTESIAN_POINT('',(-7.62,-4.065,-2.475));
#4609=VERTEX_POINT('',#4608);
#4610=CARTESIAN_POINT('',(-7.62,-3.81,-2.475));
#4611=DIRECTION('',(0.0,0.0,-1.0));
#4612=DIRECTION('',(0.0,-1.0,-0.0));
#4613=AXIS2_PLACEMENT_3D('',#4610,#4611,#4612);
#4614=CIRCLE('',#4613,0.255);
#4615=EDGE_CURVE('n° 3622',#4609,#4609,#4614,.T.);
#4616=ORIENTED_EDGE('',*,*,#4615,.F.);
#4617=EDGE_LOOP('',(#4616));
#4618=FACE_OUTER_BOUND('',#4617,.T.);
#4619=CARTESIAN_POINT('',(-7.62,-4.065,0.02));
#4620=VERTEX_POINT('',#4619);
#4621=CARTESIAN_POINT('',(-7.62,-3.81,0.02));
#4622=DIRECTION('',(0.0,0.0,-1.0));
#4623=DIRECTION('',(0.0,-1.0,-0.0));
#4624=AXIS2_PLACEMENT_3D('',#4621,#4622,#4623);
#4625=CIRCLE('',#4624,0.255);
#4626=EDGE_CURVE('n° 3615',#4620,#4620,#4625,.T.);
#4627=ORIENTED_EDGE('',*,*,#4626,.T.);
#4628=EDGE_LOOP('',(#4627));
#4629=FACE_BOUND('',#4628,.T.);
#4630=CARTESIAN_POINT('',(-7.62,-3.81,4.7));
#4631=DIRECTION('',(0.0,0.0,-1.0));
#4632=DIRECTION('',(0.0,-1.0,-0.0));
#4633=AXIS2_PLACEMENT_3D('',#4630,#4631,#4632);
#4634=CYLINDRICAL_SURFACE('',#4633,0.255);
#4635=ADVANCED_FACE('n° 3631',(#4618,#4629),#4634,.T.);
#4636=ORIENTED_EDGE('',*,*,#4626,.F.);
#4637=EDGE_LOOP('',(#4636));
#4638=FACE_OUTER_BOUND('',#4637,.T.);
#4639=ORIENTED_EDGE('',*,*,#4595,.T.);
#4640=EDGE_LOOP('',(#4639));
#4641=FACE_BOUND('',#4640,.T.);
#4642=CARTESIAN_POINT('',(-7.62,-3.81,0.45));
#4643=DIRECTION('',(0.0,-0.0,1.0));
#4644=DIRECTION('',(-0.0,1.0,0.0));
#4645=AXIS2_PLACEMENT_3D('',#4642,#4643,#4644);
#4646=CONICAL_SURFACE('',#4645,0.685,0.7853981634);
#4647=ADVANCED_FACE('n° 3636',(#4638,#4641),#4646,.T.);
#4648=ORIENTED_EDGE('',*,*,#4615,.T.);
#4649=EDGE_LOOP('',(#4648));
#4650=FACE_OUTER_BOUND('',#4649,.T.);
#4651=CARTESIAN_POINT('',(-7.62,-3.81,-2.475));
#4652=DIRECTION('',(0.0,0.0,-1.0));
#4653=DIRECTION('',(1.0,0.0,0.0));
#4654=AXIS2_PLACEMENT_3D('',#4651,#4652,#4653);
#4655=SPHERICAL_SURFACE('',#4654,0.255);
#4656=ADVANCED_FACE('n° 3675',(#4650),#4655,.T.);
#4657=CARTESIAN_POINT('',(-7.62,-1.82,4.701));
#4658=VERTEX_POINT('',#4657);
#4659=CARTESIAN_POINT('',(-7.62,-1.27,4.701));
#4660=DIRECTION('',(0.0,0.0,-1.0));
#4661=DIRECTION('',(0.0,-1.0,-0.0));
#4662=AXIS2_PLACEMENT_3D('',#4659,#4660,#4661);
#4663=CIRCLE('',#4662,0.55);
#4664=EDGE_CURVE('n° 6560',#4658,#4658,#4663,.T.);
#4665=ORIENTED_EDGE('',*,*,#4664,.T.);
#4666=EDGE_LOOP('',(#4665));
#4667=FACE_OUTER_BOUND('',#4666,.T.);
#4668=CARTESIAN_POINT('',(-7.62,-2.185,4.701));
#4669=VERTEX_POINT('',#4668);
#4670=CARTESIAN_POINT('',(-7.62,-1.27,4.701));
#4671=DIRECTION('',(0.0,0.0,-1.0));
#4672=DIRECTION('',(0.0,-1.0,-0.0));
#4673=AXIS2_PLACEMENT_3D('',#4670,#4671,#4672);
#4674=CIRCLE('',#4673,0.915);
#4675=EDGE_CURVE('n° 3719',#4669,#4669,#4674,.T.);
#4676=ORIENTED_EDGE('',*,*,#4675,.F.);
#4677=EDGE_LOOP('',(#4676));
#4678=FACE_BOUND('',#4677,.T.);
#4679=CARTESIAN_POINT('',(-7.62,-1.27,4.701));
#4680=DIRECTION('',(0.0,0.0,-1.0));
#4681=DIRECTION('',(0.0,-1.0,-0.0));
#4682=AXIS2_PLACEMENT_3D('',#4679,#4680,#4681);
#4683=PLANE('',#4682);
#4684=ADVANCED_FACE('n° 3777',(#4667,#4678),#4683,.F.);
#4685=ORIENTED_EDGE('',*,*,#4675,.T.);
#4686=EDGE_LOOP('',(#4685));
#4687=FACE_OUTER_BOUND('',#4686,.T.);
#4688=ORIENTED_EDGE('',*,*,#776,.T.);
#4689=EDGE_LOOP('',(#4688));
#4690=FACE_BOUND('',#4689,.T.);
#4691=CARTESIAN_POINT('',(-7.62,-1.27,4.7));
#4692=DIRECTION('',(0.0,0.0,-1.0));
#4693=DIRECTION('',(0.0,-1.0,-0.0));
#4694=AXIS2_PLACEMENT_3D('',#4691,#4692,#4693);
#4695=CYLINDRICAL_SURFACE('',#4694,0.915);
#4696=ADVANCED_FACE('n° 3772',(#4687,#4690),#4695,.T.);
#4697=CARTESIAN_POINT('',(-7.62,-1.955,0.45));
#4698=VERTEX_POINT('',#4697);
#4699=CARTESIAN_POINT('',(-7.62,-1.27,0.45));
#4700=DIRECTION('',(0.0,0.0,-1.0));
#4701=DIRECTION('',(0.0,-1.0,-0.0));
#4702=AXIS2_PLACEMENT_3D('',#4699,#4700,#4701);
#4703=CIRCLE('',#4702,0.685);
#4704=EDGE_CURVE('n° 3722',#4698,#4698,#4703,.T.);
#4705=ORIENTED_EDGE('',*,*,#4704,.F.);
#4706=EDGE_LOOP('',(#4705));
#4707=FACE_OUTER_BOUND('',#4706,.T.);
#4708=ORIENTED_EDGE('',*,*,#516,.T.);
#4709=EDGE_LOOP('',(#4708));
#4710=FACE_BOUND('',#4709,.T.);
#4711=CARTESIAN_POINT('',(-7.62,-1.27,4.7));
#4712=DIRECTION('',(0.0,0.0,-1.0));
#4713=DIRECTION('',(0.0,-1.0,-0.0));
#4714=AXIS2_PLACEMENT_3D('',#4711,#4712,#4713);
#4715=CYLINDRICAL_SURFACE('',#4714,0.685);
#4716=ADVANCED_FACE('n° 3747',(#4707,#4710),#4715,.T.);
#4717=CARTESIAN_POINT('',(-7.62,-1.525,-2.475));
#4718=VERTEX_POINT('',#4717);
#4719=CARTESIAN_POINT('',(-7.62,-1.27,-2.475));
#4720=DIRECTION('',(0.0,0.0,-1.0));
#4721=DIRECTION('',(0.0,-1.0,-0.0));
#4722=AXIS2_PLACEMENT_3D('',#4719,#4720,#4721);
#4723=CIRCLE('',#4722,0.255);
#4724=EDGE_CURVE('n° 3728',#4718,#4718,#4723,.T.);
#4725=ORIENTED_EDGE('',*,*,#4724,.F.);
#4726=EDGE_LOOP('',(#4725));
#4727=FACE_OUTER_BOUND('',#4726,.T.);
#4728=CARTESIAN_POINT('',(-7.62,-1.525,0.02));
#4729=VERTEX_POINT('',#4728);
#4730=CARTESIAN_POINT('',(-7.62,-1.27,0.02));
#4731=DIRECTION('',(0.0,0.0,-1.0));
#4732=DIRECTION('',(0.0,-1.0,-0.0));
#4733=AXIS2_PLACEMENT_3D('',#4730,#4731,#4732);
#4734=CIRCLE('',#4733,0.255);
#4735=EDGE_CURVE('n° 3721',#4729,#4729,#4734,.T.);
#4736=ORIENTED_EDGE('',*,*,#4735,.T.);
#4737=EDGE_LOOP('',(#4736));
#4738=FACE_BOUND('',#4737,.T.);
#4739=CARTESIAN_POINT('',(-7.62,-1.27,4.7));
#4740=DIRECTION('',(0.0,0.0,-1.0));
#4741=DIRECTION('',(0.0,-1.0,-0.0));
#4742=AXIS2_PLACEMENT_3D('',#4739,#4740,#4741);
#4743=CYLINDRICAL_SURFACE('',#4742,0.255);
#4744=ADVANCED_FACE('n° 3737',(#4727,#4738),#4743,.T.);
#4745=ORIENTED_EDGE('',*,*,#4735,.F.);
#4746=EDGE_LOOP('',(#4745));
#4747=FACE_OUTER_BOUND('',#4746,.T.);
#4748=ORIENTED_EDGE('',*,*,#4704,.T.);
#4749=EDGE_LOOP('',(#4748));
#4750=FACE_BOUND('',#4749,.T.);
#4751=CARTESIAN_POINT('',(-7.62,-1.27,0.45));
#4752=DIRECTION('',(0.0,-0.0,1.0));
#4753=DIRECTION('',(-0.0,1.0,0.0));
#4754=AXIS2_PLACEMENT_3D('',#4751,#4752,#4753);
#4755=CONICAL_SURFACE('',#4754,0.685,0.7853981634);
#4756=ADVANCED_FACE('n° 3742',(#4747,#4750),#4755,.T.);
#4757=ORIENTED_EDGE('',*,*,#4724,.T.);
#4758=EDGE_LOOP('',(#4757));
#4759=FACE_OUTER_BOUND('',#4758,.T.);
#4760=CARTESIAN_POINT('',(-7.62,-1.27,-2.475));
#4761=DIRECTION('',(0.0,0.0,-1.0));
#4762=DIRECTION('',(1.0,0.0,0.0));
#4763=AXIS2_PLACEMENT_3D('',#4760,#4761,#4762);
#4764=SPHERICAL_SURFACE('',#4763,0.255);
#4765=ADVANCED_FACE('n° 3781',(#4759),#4764,.T.);
#4766=CARTESIAN_POINT('',(-7.62,0.72,4.701));
#4767=VERTEX_POINT('',#4766);
#4768=CARTESIAN_POINT('',(-7.62,1.27,4.701));
#4769=DIRECTION('',(0.0,0.0,-1.0));
#4770=DIRECTION('',(0.0,-1.0,-0.0));
#4771=AXIS2_PLACEMENT_3D('',#4768,#4769,#4770);
#4772=CIRCLE('',#4771,0.55);
#4773=EDGE_CURVE('n° 6618',#4767,#4767,#4772,.T.);
#4774=ORIENTED_EDGE('',*,*,#4773,.T.);
#4775=EDGE_LOOP('',(#4774));
#4776=FACE_OUTER_BOUND('',#4775,.T.);
#4777=CARTESIAN_POINT('',(-7.62,0.355,4.701));
#4778=VERTEX_POINT('',#4777);
#4779=CARTESIAN_POINT('',(-7.62,1.27,4.701));
#4780=DIRECTION('',(0.0,0.0,-1.0));
#4781=DIRECTION('',(0.0,-1.0,-0.0));
#4782=AXIS2_PLACEMENT_3D('',#4779,#4780,#4781);
#4783=CIRCLE('',#4782,0.915);
#4784=EDGE_CURVE('n° 3825',#4778,#4778,#4783,.T.);
#4785=ORIENTED_EDGE('',*,*,#4784,.F.);
#4786=EDGE_LOOP('',(#4785));
#4787=FACE_BOUND('',#4786,.T.);
#4788=CARTESIAN_POINT('',(-7.62,1.27,4.701));
#4789=DIRECTION('',(0.0,0.0,-1.0));
#4790=DIRECTION('',(0.0,-1.0,-0.0));
#4791=AXIS2_PLACEMENT_3D('',#4788,#4789,#4790);
#4792=PLANE('',#4791);
#4793=ADVANCED_FACE('n° 3883',(#4776,#4787),#4792,.F.);
#4794=ORIENTED_EDGE('',*,*,#4784,.T.);
#4795=EDGE_LOOP('',(#4794));
#4796=FACE_OUTER_BOUND('',#4795,.T.);
#4797=ORIENTED_EDGE('',*,*,#632,.T.);
#4798=EDGE_LOOP('',(#4797));
#4799=FACE_BOUND('',#4798,.T.);
#4800=CARTESIAN_POINT('',(-7.62,1.27,4.7));
#4801=DIRECTION('',(0.0,0.0,-1.0));
#4802=DIRECTION('',(0.0,-1.0,-0.0));
#4803=AXIS2_PLACEMENT_3D('',#4800,#4801,#4802);
#4804=CYLINDRICAL_SURFACE('',#4803,0.915);
#4805=ADVANCED_FACE('n° 3878',(#4796,#4799),#4804,.T.);
#4806=CARTESIAN_POINT('',(-7.62,0.585,0.45));
#4807=VERTEX_POINT('',#4806);
#4808=CARTESIAN_POINT('',(-7.62,1.27,0.45));
#4809=DIRECTION('',(0.0,0.0,-1.0));
#4810=DIRECTION('',(0.0,-1.0,-0.0));
#4811=AXIS2_PLACEMENT_3D('',#4808,#4809,#4810);
#4812=CIRCLE('',#4811,0.685);
#4813=EDGE_CURVE('n° 3828',#4807,#4807,#4812,.T.);
#4814=ORIENTED_EDGE('',*,*,#4813,.F.);
#4815=EDGE_LOOP('',(#4814));
#4816=FACE_OUTER_BOUND('',#4815,.T.);
#4817=ORIENTED_EDGE('',*,*,#67,.T.);
#4818=EDGE_LOOP('',(#4817));
#4819=FACE_BOUND('',#4818,.T.);
#4820=CARTESIAN_POINT('',(-7.62,1.27,4.7));
#4821=DIRECTION('',(0.0,0.0,-1.0));
#4822=DIRECTION('',(0.0,-1.0,-0.0));
#4823=AXIS2_PLACEMENT_3D('',#4820,#4821,#4822);
#4824=CYLINDRICAL_SURFACE('',#4823,0.685);
#4825=ADVANCED_FACE('n° 3853',(#4816,#4819),#4824,.T.);
#4826=CARTESIAN_POINT('',(-7.62,1.015,-2.475));
#4827=VERTEX_POINT('',#4826);
#4828=CARTESIAN_POINT('',(-7.62,1.27,-2.475));
#4829=DIRECTION('',(0.0,0.0,-1.0));
#4830=DIRECTION('',(0.0,-1.0,-0.0));
#4831=AXIS2_PLACEMENT_3D('',#4828,#4829,#4830);
#4832=CIRCLE('',#4831,0.255);
#4833=EDGE_CURVE('n° 3834',#4827,#4827,#4832,.T.);
#4834=ORIENTED_EDGE('',*,*,#4833,.F.);
#4835=EDGE_LOOP('',(#4834));
#4836=FACE_OUTER_BOUND('',#4835,.T.);
#4837=CARTESIAN_POINT('',(-7.62,1.015,0.02));
#4838=VERTEX_POINT('',#4837);
#4839=CARTESIAN_POINT('',(-7.62,1.27,0.02));
#4840=DIRECTION('',(0.0,0.0,-1.0));
#4841=DIRECTION('',(0.0,-1.0,-0.0));
#4842=AXIS2_PLACEMENT_3D('',#4839,#4840,#4841);
#4843=CIRCLE('',#4842,0.255);
#4844=EDGE_CURVE('n° 3827',#4838,#4838,#4843,.T.);
#4845=ORIENTED_EDGE('',*,*,#4844,.T.);
#4846=EDGE_LOOP('',(#4845));
#4847=FACE_BOUND('',#4846,.T.);
#4848=CARTESIAN_POINT('',(-7.62,1.27,4.7));
#4849=DIRECTION('',(0.0,0.0,-1.0));
#4850=DIRECTION('',(0.0,-1.0,-0.0));
#4851=AXIS2_PLACEMENT_3D('',#4848,#4849,#4850);
#4852=CYLINDRICAL_SURFACE('',#4851,0.255);
#4853=ADVANCED_FACE('n° 3843',(#4836,#4847),#4852,.T.);
#4854=ORIENTED_EDGE('',*,*,#4844,.F.);
#4855=EDGE_LOOP('',(#4854));
#4856=FACE_OUTER_BOUND('',#4855,.T.);
#4857=ORIENTED_EDGE('',*,*,#4813,.T.);
#4858=EDGE_LOOP('',(#4857));
#4859=FACE_BOUND('',#4858,.T.);
#4860=CARTESIAN_POINT('',(-7.62,1.27,0.45));
#4861=DIRECTION('',(0.0,-0.0,1.0));
#4862=DIRECTION('',(-0.0,1.0,0.0));
#4863=AXIS2_PLACEMENT_3D('',#4860,#4861,#4862);
#4864=CONICAL_SURFACE('',#4863,0.685,0.7853981634);
#4865=ADVANCED_FACE('n° 3848',(#4856,#4859),#4864,.T.);
#4866=ORIENTED_EDGE('',*,*,#4833,.T.);
#4867=EDGE_LOOP('',(#4866));
#4868=FACE_OUTER_BOUND('',#4867,.T.);
#4869=CARTESIAN_POINT('',(-7.62,1.27,-2.475));
#4870=DIRECTION('',(0.0,0.0,-1.0));
#4871=DIRECTION('',(1.0,0.0,0.0));
#4872=AXIS2_PLACEMENT_3D('',#4869,#4870,#4871);
#4873=SPHERICAL_SURFACE('',#4872,0.255);
#4874=ADVANCED_FACE('n° 3887',(#4868),#4873,.T.);
#4875=CARTESIAN_POINT('',(-7.62,3.26,4.701));
#4876=VERTEX_POINT('',#4875);
#4877=CARTESIAN_POINT('',(-7.62,3.81,4.701));
#4878=DIRECTION('',(0.0,0.0,-1.0));
#4879=DIRECTION('',(0.0,-1.0,-0.0));
#4880=AXIS2_PLACEMENT_3D('',#4877,#4878,#4879);
#4881=CIRCLE('',#4880,0.55);
#4882=EDGE_CURVE('n° 6676',#4876,#4876,#4881,.T.);
#4883=ORIENTED_EDGE('',*,*,#4882,.T.);
#4884=EDGE_LOOP('',(#4883));
#4885=FACE_OUTER_BOUND('',#4884,.T.);
#4886=CARTESIAN_POINT('',(-7.62,2.895,4.701));
#4887=VERTEX_POINT('',#4886);
#4888=CARTESIAN_POINT('',(-7.62,3.81,4.701));
#4889=DIRECTION('',(0.0,0.0,-1.0));
#4890=DIRECTION('',(0.0,-1.0,-0.0));
#4891=AXIS2_PLACEMENT_3D('',#4888,#4889,#4890);
#4892=CIRCLE('',#4891,0.915);
#4893=EDGE_CURVE('n° 3931',#4887,#4887,#4892,.T.);
#4894=ORIENTED_EDGE('',*,*,#4893,.F.);
#4895=EDGE_LOOP('',(#4894));
#4896=FACE_BOUND('',#4895,.T.);
#4897=CARTESIAN_POINT('',(-7.62,3.81,4.701));
#4898=DIRECTION('',(0.0,0.0,-1.0));
#4899=DIRECTION('',(0.0,-1.0,-0.0));
#4900=AXIS2_PLACEMENT_3D('',#4897,#4898,#4899);
#4901=PLANE('',#4900);
#4902=ADVANCED_FACE('n° 3989',(#4885,#4896),#4901,.F.);
#4903=ORIENTED_EDGE('',*,*,#4893,.T.);
#4904=EDGE_LOOP('',(#4903));
#4905=FACE_OUTER_BOUND('',#4904,.T.);
#4906=ORIENTED_EDGE('',*,*,#787,.T.);
#4907=EDGE_LOOP('',(#4906));
#4908=FACE_BOUND('',#4907,.T.);
#4909=CARTESIAN_POINT('',(-7.62,3.81,4.7));
#4910=DIRECTION('',(0.0,0.0,-1.0));
#4911=DIRECTION('',(0.0,-1.0,-0.0));
#4912=AXIS2_PLACEMENT_3D('',#4909,#4910,#4911);
#4913=CYLINDRICAL_SURFACE('',#4912,0.915);
#4914=ADVANCED_FACE('n° 3984',(#4905,#4908),#4913,.T.);
#4915=CARTESIAN_POINT('',(-7.62,3.125,0.45));
#4916=VERTEX_POINT('',#4915);
#4917=CARTESIAN_POINT('',(-7.62,3.81,0.45));
#4918=DIRECTION('',(0.0,0.0,-1.0));
#4919=DIRECTION('',(0.0,-1.0,-0.0));
#4920=AXIS2_PLACEMENT_3D('',#4917,#4918,#4919);
#4921=CIRCLE('',#4920,0.685);
#4922=EDGE_CURVE('n° 3934',#4916,#4916,#4921,.T.);
#4923=ORIENTED_EDGE('',*,*,#4922,.F.);
#4924=EDGE_LOOP('',(#4923));
#4925=FACE_OUTER_BOUND('',#4924,.T.);
#4926=ORIENTED_EDGE('',*,*,#527,.T.);
#4927=EDGE_LOOP('',(#4926));
#4928=FACE_BOUND('',#4927,.T.);
#4929=CARTESIAN_POINT('',(-7.62,3.81,4.7));
#4930=DIRECTION('',(0.0,0.0,-1.0));
#4931=DIRECTION('',(0.0,-1.0,-0.0));
#4932=AXIS2_PLACEMENT_3D('',#4929,#4930,#4931);
#4933=CYLINDRICAL_SURFACE('',#4932,0.685);
#4934=ADVANCED_FACE('n° 3959',(#4925,#4928),#4933,.T.);
#4935=CARTESIAN_POINT('',(-7.62,3.555,-2.475));
#4936=VERTEX_POINT('',#4935);
#4937=CARTESIAN_POINT('',(-7.62,3.81,-2.475));
#4938=DIRECTION('',(0.0,0.0,-1.0));
#4939=DIRECTION('',(0.0,-1.0,-0.0));
#4940=AXIS2_PLACEMENT_3D('',#4937,#4938,#4939);
#4941=CIRCLE('',#4940,0.255);
#4942=EDGE_CURVE('n° 3940',#4936,#4936,#4941,.T.);
#4943=ORIENTED_EDGE('',*,*,#4942,.F.);
#4944=EDGE_LOOP('',(#4943));
#4945=FACE_OUTER_BOUND('',#4944,.T.);
#4946=CARTESIAN_POINT('',(-7.62,3.555,0.02));
#4947=VERTEX_POINT('',#4946);
#4948=CARTESIAN_POINT('',(-7.62,3.81,0.02));
#4949=DIRECTION('',(0.0,0.0,-1.0));
#4950=DIRECTION('',(0.0,-1.0,-0.0));
#4951=AXIS2_PLACEMENT_3D('',#4948,#4949,#4950);
#4952=CIRCLE('',#4951,0.255);
#4953=EDGE_CURVE('n° 3933',#4947,#4947,#4952,.T.);
#4954=ORIENTED_EDGE('',*,*,#4953,.T.);
#4955=EDGE_LOOP('',(#4954));
#4956=FACE_BOUND('',#4955,.T.);
#4957=CARTESIAN_POINT('',(-7.62,3.81,4.7));
#4958=DIRECTION('',(0.0,0.0,-1.0));
#4959=DIRECTION('',(0.0,-1.0,-0.0));
#4960=AXIS2_PLACEMENT_3D('',#4957,#4958,#4959);
#4961=CYLINDRICAL_SURFACE('',#4960,0.255);
#4962=ADVANCED_FACE('n° 3949',(#4945,#4956),#4961,.T.);
#4963=ORIENTED_EDGE('',*,*,#4953,.F.);
#4964=EDGE_LOOP('',(#4963));
#4965=FACE_OUTER_BOUND('',#4964,.T.);
#4966=ORIENTED_EDGE('',*,*,#4922,.T.);
#4967=EDGE_LOOP('',(#4966));
#4968=FACE_BOUND('',#4967,.T.);
#4969=CARTESIAN_POINT('',(-7.62,3.81,0.45));
#4970=DIRECTION('',(0.0,-0.0,1.0));
#4971=DIRECTION('',(-0.0,1.0,0.0));
#4972=AXIS2_PLACEMENT_3D('',#4969,#4970,#4971);
#4973=CONICAL_SURFACE('',#4972,0.685,0.7853981634);
#4974=ADVANCED_FACE('n° 3954',(#4965,#4968),#4973,.T.);
#4975=ORIENTED_EDGE('',*,*,#4942,.T.);
#4976=EDGE_LOOP('',(#4975));
#4977=FACE_OUTER_BOUND('',#4976,.T.);
#4978=CARTESIAN_POINT('',(-7.62,3.81,-2.475));
#4979=DIRECTION('',(0.0,0.0,-1.0));
#4980=DIRECTION('',(1.0,0.0,0.0));
#4981=AXIS2_PLACEMENT_3D('',#4978,#4979,#4980);
#4982=SPHERICAL_SURFACE('',#4981,0.255);
#4983=ADVANCED_FACE('n° 3993',(#4977),#4982,.T.);
#4984=CARTESIAN_POINT('',(-7.62,5.8,4.701));
#4985=VERTEX_POINT('',#4984);
#4986=CARTESIAN_POINT('',(-7.62,6.35,4.701));
#4987=DIRECTION('',(0.0,0.0,-1.0));
#4988=DIRECTION('',(0.0,-1.0,-0.0));
#4989=AXIS2_PLACEMENT_3D('',#4986,#4987,#4988);
#4990=CIRCLE('',#4989,0.55);
#4991=EDGE_CURVE('n° 6734',#4985,#4985,#4990,.T.);
#4992=ORIENTED_EDGE('',*,*,#4991,.T.);
#4993=EDGE_LOOP('',(#4992));
#4994=FACE_OUTER_BOUND('',#4993,.T.);
#4995=CARTESIAN_POINT('',(-7.62,5.435,4.701));
#4996=VERTEX_POINT('',#4995);
#4997=CARTESIAN_POINT('',(-7.62,6.35,4.701));
#4998=DIRECTION('',(0.0,0.0,-1.0));
#4999=DIRECTION('',(0.0,-1.0,-0.0));
#5000=AXIS2_PLACEMENT_3D('',#4997,#4998,#4999);
#5001=CIRCLE('',#5000,0.915);
#5002=EDGE_CURVE('n° 4037',#4996,#4996,#5001,.T.);
#5003=ORIENTED_EDGE('',*,*,#5002,.F.);
#5004=EDGE_LOOP('',(#5003));
#5005=FACE_BOUND('',#5004,.T.);
#5006=CARTESIAN_POINT('',(-7.62,6.35,4.701));
#5007=DIRECTION('',(0.0,0.0,-1.0));
#5008=DIRECTION('',(0.0,-1.0,-0.0));
#5009=AXIS2_PLACEMENT_3D('',#5006,#5007,#5008);
#5010=PLANE('',#5009);
#5011=ADVANCED_FACE('n° 4095',(#4994,#5005),#5010,.F.);
#5012=ORIENTED_EDGE('',*,*,#5002,.T.);
#5013=EDGE_LOOP('',(#5012));
#5014=FACE_OUTER_BOUND('',#5013,.T.);
#5015=ORIENTED_EDGE('',*,*,#621,.T.);
#5016=EDGE_LOOP('',(#5015));
#5017=FACE_BOUND('',#5016,.T.);
#5018=CARTESIAN_POINT('',(-7.62,6.35,4.7));
#5019=DIRECTION('',(0.0,0.0,-1.0));
#5020=DIRECTION('',(0.0,-1.0,-0.0));
#5021=AXIS2_PLACEMENT_3D('',#5018,#5019,#5020);
#5022=CYLINDRICAL_SURFACE('',#5021,0.915);
#5023=ADVANCED_FACE('n° 4090',(#5014,#5017),#5022,.T.);
#5024=CARTESIAN_POINT('',(-7.62,5.665,0.45));
#5025=VERTEX_POINT('',#5024);
#5026=CARTESIAN_POINT('',(-7.62,6.35,0.45));
#5027=DIRECTION('',(0.0,0.0,-1.0));
#5028=DIRECTION('',(0.0,-1.0,-0.0));
#5029=AXIS2_PLACEMENT_3D('',#5026,#5027,#5028);
#5030=CIRCLE('',#5029,0.685);
#5031=EDGE_CURVE('n° 4040',#5025,#5025,#5030,.T.);
#5032=ORIENTED_EDGE('',*,*,#5031,.F.);
#5033=EDGE_LOOP('',(#5032));
#5034=FACE_OUTER_BOUND('',#5033,.T.);
#5035=ORIENTED_EDGE('',*,*,#56,.T.);
#5036=EDGE_LOOP('',(#5035));
#5037=FACE_BOUND('',#5036,.T.);
#5038=CARTESIAN_POINT('',(-7.62,6.35,4.7));
#5039=DIRECTION('',(0.0,0.0,-1.0));
#5040=DIRECTION('',(0.0,-1.0,-0.0));
#5041=AXIS2_PLACEMENT_3D('',#5038,#5039,#5040);
#5042=CYLINDRICAL_SURFACE('',#5041,0.685);
#5043=ADVANCED_FACE('n° 4065',(#5034,#5037),#5042,.T.);
#5044=CARTESIAN_POINT('',(-7.62,6.095,-2.475));
#5045=VERTEX_POINT('',#5044);
#5046=CARTESIAN_POINT('',(-7.62,6.35,-2.475));
#5047=DIRECTION('',(0.0,0.0,-1.0));
#5048=DIRECTION('',(0.0,-1.0,-0.0));
#5049=AXIS2_PLACEMENT_3D('',#5046,#5047,#5048);
#5050=CIRCLE('',#5049,0.255);
#5051=EDGE_CURVE('n° 4046',#5045,#5045,#5050,.T.);
#5052=ORIENTED_EDGE('',*,*,#5051,.F.);
#5053=EDGE_LOOP('',(#5052));
#5054=FACE_OUTER_BOUND('',#5053,.T.);
#5055=CARTESIAN_POINT('',(-7.62,6.095,0.02));
#5056=VERTEX_POINT('',#5055);
#5057=CARTESIAN_POINT('',(-7.62,6.35,0.02));
#5058=DIRECTION('',(0.0,0.0,-1.0));
#5059=DIRECTION('',(0.0,-1.0,-0.0));
#5060=AXIS2_PLACEMENT_3D('',#5057,#5058,#5059);
#5061=CIRCLE('',#5060,0.255);
#5062=EDGE_CURVE('n° 4039',#5056,#5056,#5061,.T.);
#5063=ORIENTED_EDGE('',*,*,#5062,.T.);
#5064=EDGE_LOOP('',(#5063));
#5065=FACE_BOUND('',#5064,.T.);
#5066=CARTESIAN_POINT('',(-7.62,6.35,4.7));
#5067=DIRECTION('',(0.0,0.0,-1.0));
#5068=DIRECTION('',(0.0,-1.0,-0.0));
#5069=AXIS2_PLACEMENT_3D('',#5066,#5067,#5068);
#5070=CYLINDRICAL_SURFACE('',#5069,0.255);
#5071=ADVANCED_FACE('n° 4055',(#5054,#5065),#5070,.T.);
#5072=ORIENTED_EDGE('',*,*,#5062,.F.);
#5073=EDGE_LOOP('',(#5072));
#5074=FACE_OUTER_BOUND('',#5073,.T.);
#5075=ORIENTED_EDGE('',*,*,#5031,.T.);
#5076=EDGE_LOOP('',(#5075));
#5077=FACE_BOUND('',#5076,.T.);
#5078=CARTESIAN_POINT('',(-7.62,6.35,0.45));
#5079=DIRECTION('',(0.0,-0.0,1.0));
#5080=DIRECTION('',(-0.0,1.0,0.0));
#5081=AXIS2_PLACEMENT_3D('',#5078,#5079,#5080);
#5082=CONICAL_SURFACE('',#5081,0.685,0.7853981634);
#5083=ADVANCED_FACE('n° 4060',(#5074,#5077),#5082,.T.);
#5084=ORIENTED_EDGE('',*,*,#5051,.T.);
#5085=EDGE_LOOP('',(#5084));
#5086=FACE_OUTER_BOUND('',#5085,.T.);
#5087=CARTESIAN_POINT('',(-7.62,6.35,-2.475));
#5088=DIRECTION('',(0.0,0.0,-1.0));
#5089=DIRECTION('',(1.0,0.0,0.0));
#5090=AXIS2_PLACEMENT_3D('',#5087,#5088,#5089);
#5091=SPHERICAL_SURFACE('',#5090,0.255);
#5092=ADVANCED_FACE('n° 4099',(#5086),#5091,.T.);
#5093=CARTESIAN_POINT('',(-7.62,8.34,4.701));
#5094=VERTEX_POINT('',#5093);
#5095=CARTESIAN_POINT('',(-7.62,8.89,4.701));
#5096=DIRECTION('',(0.0,0.0,-1.0));
#5097=DIRECTION('',(0.0,-1.0,-0.0));
#5098=AXIS2_PLACEMENT_3D('',#5095,#5096,#5097);
#5099=CIRCLE('',#5098,0.55);
#5100=EDGE_CURVE('n° 6792',#5094,#5094,#5099,.T.);
#5101=ORIENTED_EDGE('',*,*,#5100,.T.);
#5102=EDGE_LOOP('',(#5101));
#5103=FACE_OUTER_BOUND('',#5102,.T.);
#5104=CARTESIAN_POINT('',(-7.62,7.975,4.701));
#5105=VERTEX_POINT('',#5104);
#5106=CARTESIAN_POINT('',(-7.62,8.89,4.701));
#5107=DIRECTION('',(0.0,0.0,-1.0));
#5108=DIRECTION('',(0.0,-1.0,-0.0));
#5109=AXIS2_PLACEMENT_3D('',#5106,#5107,#5108);
#5110=CIRCLE('',#5109,0.915);
#5111=EDGE_CURVE('n° 4143',#5105,#5105,#5110,.T.);
#5112=ORIENTED_EDGE('',*,*,#5111,.F.);
#5113=EDGE_LOOP('',(#5112));
#5114=FACE_BOUND('',#5113,.T.);
#5115=CARTESIAN_POINT('',(-7.62,8.89,4.701));
#5116=DIRECTION('',(0.0,0.0,-1.0));
#5117=DIRECTION('',(0.0,-1.0,-0.0));
#5118=AXIS2_PLACEMENT_3D('',#5115,#5116,#5117);
#5119=PLANE('',#5118);
#5120=ADVANCED_FACE('n° 4201',(#5103,#5114),#5119,.F.);
#5121=ORIENTED_EDGE('',*,*,#5111,.T.);
#5122=EDGE_LOOP('',(#5121));
#5123=FACE_OUTER_BOUND('',#5122,.T.);
#5124=ORIENTED_EDGE('',*,*,#798,.T.);
#5125=EDGE_LOOP('',(#5124));
#5126=FACE_BOUND('',#5125,.T.);
#5127=CARTESIAN_POINT('',(-7.62,8.89,4.7));
#5128=DIRECTION('',(0.0,0.0,-1.0));
#5129=DIRECTION('',(0.0,-1.0,-0.0));
#5130=AXIS2_PLACEMENT_3D('',#5127,#5128,#5129);
#5131=CYLINDRICAL_SURFACE('',#5130,0.915);
#5132=ADVANCED_FACE('n° 4196',(#5123,#5126),#5131,.T.);
#5133=CARTESIAN_POINT('',(-7.62,8.205,0.45));
#5134=VERTEX_POINT('',#5133);
#5135=CARTESIAN_POINT('',(-7.62,8.89,0.45));
#5136=DIRECTION('',(0.0,0.0,-1.0));
#5137=DIRECTION('',(0.0,-1.0,-0.0));
#5138=AXIS2_PLACEMENT_3D('',#5135,#5136,#5137);
#5139=CIRCLE('',#5138,0.685);
#5140=EDGE_CURVE('n° 4146',#5134,#5134,#5139,.T.);
#5141=ORIENTED_EDGE('',*,*,#5140,.F.);
#5142=EDGE_LOOP('',(#5141));
#5143=FACE_OUTER_BOUND('',#5142,.T.);
#5144=ORIENTED_EDGE('',*,*,#538,.T.);
#5145=EDGE_LOOP('',(#5144));
#5146=FACE_BOUND('',#5145,.T.);
#5147=CARTESIAN_POINT('',(-7.62,8.89,4.7));
#5148=DIRECTION('',(0.0,0.0,-1.0));
#5149=DIRECTION('',(0.0,-1.0,-0.0));
#5150=AXIS2_PLACEMENT_3D('',#5147,#5148,#5149);
#5151=CYLINDRICAL_SURFACE('',#5150,0.685);
#5152=ADVANCED_FACE('n° 4171',(#5143,#5146),#5151,.T.);
#5153=CARTESIAN_POINT('',(-7.62,8.635,-2.475));
#5154=VERTEX_POINT('',#5153);
#5155=CARTESIAN_POINT('',(-7.62,8.89,-2.475));
#5156=DIRECTION('',(0.0,0.0,-1.0));
#5157=DIRECTION('',(0.0,-1.0,-0.0));
#5158=AXIS2_PLACEMENT_3D('',#5155,#5156,#5157);
#5159=CIRCLE('',#5158,0.255);
#5160=EDGE_CURVE('n° 4152',#5154,#5154,#5159,.T.);
#5161=ORIENTED_EDGE('',*,*,#5160,.F.);
#5162=EDGE_LOOP('',(#5161));
#5163=FACE_OUTER_BOUND('',#5162,.T.);
#5164=CARTESIAN_POINT('',(-7.62,8.635,0.02));
#5165=VERTEX_POINT('',#5164);
#5166=CARTESIAN_POINT('',(-7.62,8.89,0.02));
#5167=DIRECTION('',(0.0,0.0,-1.0));
#5168=DIRECTION('',(0.0,-1.0,-0.0));
#5169=AXIS2_PLACEMENT_3D('',#5166,#5167,#5168);
#5170=CIRCLE('',#5169,0.255);
#5171=EDGE_CURVE('n° 4145',#5165,#5165,#5170,.T.);
#5172=ORIENTED_EDGE('',*,*,#5171,.T.);
#5173=EDGE_LOOP('',(#5172));
#5174=FACE_BOUND('',#5173,.T.);
#5175=CARTESIAN_POINT('',(-7.62,8.89,4.7));
#5176=DIRECTION('',(0.0,0.0,-1.0));
#5177=DIRECTION('',(0.0,-1.0,-0.0));
#5178=AXIS2_PLACEMENT_3D('',#5175,#5176,#5177);
#5179=CYLINDRICAL_SURFACE('',#5178,0.255);
#5180=ADVANCED_FACE('n° 4161',(#5163,#5174),#5179,.T.);
#5181=ORIENTED_EDGE('',*,*,#5171,.F.);
#5182=EDGE_LOOP('',(#5181));
#5183=FACE_OUTER_BOUND('',#5182,.T.);
#5184=ORIENTED_EDGE('',*,*,#5140,.T.);
#5185=EDGE_LOOP('',(#5184));
#5186=FACE_BOUND('',#5185,.T.);
#5187=CARTESIAN_POINT('',(-7.62,8.89,0.45));
#5188=DIRECTION('',(0.0,-0.0,1.0));
#5189=DIRECTION('',(-0.0,1.0,0.0));
#5190=AXIS2_PLACEMENT_3D('',#5187,#5188,#5189);
#5191=CONICAL_SURFACE('',#5190,0.685,0.7853981634);
#5192=ADVANCED_FACE('n° 4166',(#5183,#5186),#5191,.T.);
#5193=ORIENTED_EDGE('',*,*,#5160,.T.);
#5194=EDGE_LOOP('',(#5193));
#5195=FACE_OUTER_BOUND('',#5194,.T.);
#5196=CARTESIAN_POINT('',(-7.62,8.89,-2.475));
#5197=DIRECTION('',(0.0,0.0,-1.0));
#5198=DIRECTION('',(1.0,0.0,0.0));
#5199=AXIS2_PLACEMENT_3D('',#5196,#5197,#5198);
#5200=SPHERICAL_SURFACE('',#5199,0.255);
#5201=ADVANCED_FACE('n° 4205',(#5195),#5200,.T.);
#5202=CARTESIAN_POINT('',(-7.62,10.88,4.701));
#5203=VERTEX_POINT('',#5202);
#5204=CARTESIAN_POINT('',(-7.62,11.43,4.701));
#5205=DIRECTION('',(0.0,0.0,-1.0));
#5206=DIRECTION('',(0.0,-1.0,-0.0));
#5207=AXIS2_PLACEMENT_3D('',#5204,#5205,#5206);
#5208=CIRCLE('',#5207,0.55);
#5209=EDGE_CURVE('n° 6850',#5203,#5203,#5208,.T.);
#5210=ORIENTED_EDGE('',*,*,#5209,.T.);
#5211=EDGE_LOOP('',(#5210));
#5212=FACE_OUTER_BOUND('',#5211,.T.);
#5213=CARTESIAN_POINT('',(-7.62,10.515,4.701));
#5214=VERTEX_POINT('',#5213);
#5215=CARTESIAN_POINT('',(-7.62,11.43,4.701));
#5216=DIRECTION('',(0.0,0.0,-1.0));
#5217=DIRECTION('',(0.0,-1.0,-0.0));
#5218=AXIS2_PLACEMENT_3D('',#5215,#5216,#5217);
#5219=CIRCLE('',#5218,0.915);
#5220=EDGE_CURVE('n° 4249',#5214,#5214,#5219,.T.);
#5221=ORIENTED_EDGE('',*,*,#5220,.F.);
#5222=EDGE_LOOP('',(#5221));
#5223=FACE_BOUND('',#5222,.T.);
#5224=CARTESIAN_POINT('',(-7.62,11.43,4.701));
#5225=DIRECTION('',(0.0,0.0,-1.0));
#5226=DIRECTION('',(0.0,-1.0,-0.0));
#5227=AXIS2_PLACEMENT_3D('',#5224,#5225,#5226);
#5228=PLANE('',#5227);
#5229=ADVANCED_FACE('n° 4307',(#5212,#5223),#5228,.F.);
#5230=ORIENTED_EDGE('',*,*,#5220,.T.);
#5231=EDGE_LOOP('',(#5230));
#5232=FACE_OUTER_BOUND('',#5231,.T.);
#5233=ORIENTED_EDGE('',*,*,#610,.T.);
#5234=EDGE_LOOP('',(#5233));
#5235=FACE_BOUND('',#5234,.T.);
#5236=CARTESIAN_POINT('',(-7.62,11.43,4.7));
#5237=DIRECTION('',(0.0,0.0,-1.0));
#5238=DIRECTION('',(0.0,-1.0,-0.0));
#5239=AXIS2_PLACEMENT_3D('',#5236,#5237,#5238);
#5240=CYLINDRICAL_SURFACE('',#5239,0.915);
#5241=ADVANCED_FACE('n° 4302',(#5232,#5235),#5240,.T.);
#5242=CARTESIAN_POINT('',(-7.62,10.745,0.45));
#5243=VERTEX_POINT('',#5242);
#5244=CARTESIAN_POINT('',(-7.62,11.43,0.45));
#5245=DIRECTION('',(0.0,0.0,-1.0));
#5246=DIRECTION('',(0.0,-1.0,-0.0));
#5247=AXIS2_PLACEMENT_3D('',#5244,#5245,#5246);
#5248=CIRCLE('',#5247,0.685);
#5249=EDGE_CURVE('n° 4252',#5243,#5243,#5248,.T.);
#5250=ORIENTED_EDGE('',*,*,#5249,.F.);
#5251=EDGE_LOOP('',(#5250));
#5252=FACE_OUTER_BOUND('',#5251,.T.);
#5253=ORIENTED_EDGE('',*,*,#45,.T.);
#5254=EDGE_LOOP('',(#5253));
#5255=FACE_BOUND('',#5254,.T.);
#5256=CARTESIAN_POINT('',(-7.62,11.43,4.7));
#5257=DIRECTION('',(0.0,0.0,-1.0));
#5258=DIRECTION('',(0.0,-1.0,-0.0));
#5259=AXIS2_PLACEMENT_3D('',#5256,#5257,#5258);
#5260=CYLINDRICAL_SURFACE('',#5259,0.685);
#5261=ADVANCED_FACE('n° 4277',(#5252,#5255),#5260,.T.);
#5262=CARTESIAN_POINT('',(-7.62,11.175,-2.475));
#5263=VERTEX_POINT('',#5262);
#5264=CARTESIAN_POINT('',(-7.62,11.43,-2.475));
#5265=DIRECTION('',(0.0,0.0,-1.0));
#5266=DIRECTION('',(0.0,-1.0,-0.0));
#5267=AXIS2_PLACEMENT_3D('',#5264,#5265,#5266);
#5268=CIRCLE('',#5267,0.255);
#5269=EDGE_CURVE('n° 4258',#5263,#5263,#5268,.T.);
#5270=ORIENTED_EDGE('',*,*,#5269,.F.);
#5271=EDGE_LOOP('',(#5270));
#5272=FACE_OUTER_BOUND('',#5271,.T.);
#5273=CARTESIAN_POINT('',(-7.62,11.175,0.02));
#5274=VERTEX_POINT('',#5273);
#5275=CARTESIAN_POINT('',(-7.62,11.43,0.02));
#5276=DIRECTION('',(0.0,0.0,-1.0));
#5277=DIRECTION('',(0.0,-1.0,-0.0));
#5278=AXIS2_PLACEMENT_3D('',#5275,#5276,#5277);
#5279=CIRCLE('',#5278,0.255);
#5280=EDGE_CURVE('n° 4251',#5274,#5274,#5279,.T.);
#5281=ORIENTED_EDGE('',*,*,#5280,.T.);
#5282=EDGE_LOOP('',(#5281));
#5283=FACE_BOUND('',#5282,.T.);
#5284=CARTESIAN_POINT('',(-7.62,11.43,4.7));
#5285=DIRECTION('',(0.0,0.0,-1.0));
#5286=DIRECTION('',(0.0,-1.0,-0.0));
#5287=AXIS2_PLACEMENT_3D('',#5284,#5285,#5286);
#5288=CYLINDRICAL_SURFACE('',#5287,0.255);
#5289=ADVANCED_FACE('n° 4267',(#5272,#5283),#5288,.T.);
#5290=ORIENTED_EDGE('',*,*,#5280,.F.);
#5291=EDGE_LOOP('',(#5290));
#5292=FACE_OUTER_BOUND('',#5291,.T.);
#5293=ORIENTED_EDGE('',*,*,#5249,.T.);
#5294=EDGE_LOOP('',(#5293));
#5295=FACE_BOUND('',#5294,.T.);
#5296=CARTESIAN_POINT('',(-7.62,11.43,0.45));
#5297=DIRECTION('',(0.0,-0.0,1.0));
#5298=DIRECTION('',(-0.0,1.0,0.0));
#5299=AXIS2_PLACEMENT_3D('',#5296,#5297,#5298);
#5300=CONICAL_SURFACE('',#5299,0.685,0.7853981634);
#5301=ADVANCED_FACE('n° 4272',(#5292,#5295),#5300,.T.);
#5302=ORIENTED_EDGE('',*,*,#5269,.T.);
#5303=EDGE_LOOP('',(#5302));
#5304=FACE_OUTER_BOUND('',#5303,.T.);
#5305=CARTESIAN_POINT('',(-7.62,11.43,-2.475));
#5306=DIRECTION('',(0.0,0.0,-1.0));
#5307=DIRECTION('',(1.0,0.0,0.0));
#5308=AXIS2_PLACEMENT_3D('',#5305,#5306,#5307);
#5309=SPHERICAL_SURFACE('',#5308,0.255);
#5310=ADVANCED_FACE('n° 4311',(#5304),#5309,.T.);
#5311=CARTESIAN_POINT('',(-7.62,13.42,4.701));
#5312=VERTEX_POINT('',#5311);
#5313=CARTESIAN_POINT('',(-7.62,13.97,4.701));
#5314=DIRECTION('',(0.0,0.0,-1.0));
#5315=DIRECTION('',(0.0,-1.0,-0.0));
#5316=AXIS2_PLACEMENT_3D('',#5313,#5314,#5315);
#5317=CIRCLE('',#5316,0.55);
#5318=EDGE_CURVE('n° 6908',#5312,#5312,#5317,.T.);
#5319=ORIENTED_EDGE('',*,*,#5318,.T.);
#5320=EDGE_LOOP('',(#5319));
#5321=FACE_OUTER_BOUND('',#5320,.T.);
#5322=CARTESIAN_POINT('',(-7.62,13.055,4.701));
#5323=VERTEX_POINT('',#5322);
#5324=CARTESIAN_POINT('',(-7.62,13.97,4.701));
#5325=DIRECTION('',(0.0,0.0,-1.0));
#5326=DIRECTION('',(0.0,-1.0,-0.0));
#5327=AXIS2_PLACEMENT_3D('',#5324,#5325,#5326);
#5328=CIRCLE('',#5327,0.915);
#5329=EDGE_CURVE('n° 4355',#5323,#5323,#5328,.T.);
#5330=ORIENTED_EDGE('',*,*,#5329,.F.);
#5331=EDGE_LOOP('',(#5330));
#5332=FACE_BOUND('',#5331,.T.);
#5333=CARTESIAN_POINT('',(-7.62,13.97,4.701));
#5334=DIRECTION('',(0.0,0.0,-1.0));
#5335=DIRECTION('',(0.0,-1.0,-0.0));
#5336=AXIS2_PLACEMENT_3D('',#5333,#5334,#5335);
#5337=PLANE('',#5336);
#5338=ADVANCED_FACE('n° 4413',(#5321,#5332),#5337,.F.);
#5339=ORIENTED_EDGE('',*,*,#5329,.T.);
#5340=EDGE_LOOP('',(#5339));
#5341=FACE_OUTER_BOUND('',#5340,.T.);
#5342=ORIENTED_EDGE('',*,*,#809,.T.);
#5343=EDGE_LOOP('',(#5342));
#5344=FACE_BOUND('',#5343,.T.);
#5345=CARTESIAN_POINT('',(-7.62,13.97,4.7));
#5346=DIRECTION('',(0.0,0.0,-1.0));
#5347=DIRECTION('',(0.0,-1.0,-0.0));
#5348=AXIS2_PLACEMENT_3D('',#5345,#5346,#5347);
#5349=CYLINDRICAL_SURFACE('',#5348,0.915);
#5350=ADVANCED_FACE('n° 4408',(#5341,#5344),#5349,.T.);
#5351=CARTESIAN_POINT('',(-7.62,13.285,0.45));
#5352=VERTEX_POINT('',#5351);
#5353=CARTESIAN_POINT('',(-7.62,13.97,0.45));
#5354=DIRECTION('',(0.0,0.0,-1.0));
#5355=DIRECTION('',(0.0,-1.0,-0.0));
#5356=AXIS2_PLACEMENT_3D('',#5353,#5354,#5355);
#5357=CIRCLE('',#5356,0.685);
#5358=EDGE_CURVE('n° 4358',#5352,#5352,#5357,.T.);
#5359=ORIENTED_EDGE('',*,*,#5358,.F.);
#5360=EDGE_LOOP('',(#5359));
#5361=FACE_OUTER_BOUND('',#5360,.T.);
#5362=ORIENTED_EDGE('',*,*,#549,.T.);
#5363=EDGE_LOOP('',(#5362));
#5364=FACE_BOUND('',#5363,.T.);
#5365=CARTESIAN_POINT('',(-7.62,13.97,4.7));
#5366=DIRECTION('',(0.0,0.0,-1.0));
#5367=DIRECTION('',(0.0,-1.0,-0.0));
#5368=AXIS2_PLACEMENT_3D('',#5365,#5366,#5367);
#5369=CYLINDRICAL_SURFACE('',#5368,0.685);
#5370=ADVANCED_FACE('n° 4383',(#5361,#5364),#5369,.T.);
#5371=CARTESIAN_POINT('',(-7.62,13.715,-2.475));
#5372=VERTEX_POINT('',#5371);
#5373=CARTESIAN_POINT('',(-7.62,13.97,-2.475));
#5374=DIRECTION('',(0.0,0.0,-1.0));
#5375=DIRECTION('',(0.0,-1.0,-0.0));
#5376=AXIS2_PLACEMENT_3D('',#5373,#5374,#5375);
#5377=CIRCLE('',#5376,0.255);
#5378=EDGE_CURVE('n° 4364',#5372,#5372,#5377,.T.);
#5379=ORIENTED_EDGE('',*,*,#5378,.F.);
#5380=EDGE_LOOP('',(#5379));
#5381=FACE_OUTER_BOUND('',#5380,.T.);
#5382=CARTESIAN_POINT('',(-7.62,13.715,0.02));
#5383=VERTEX_POINT('',#5382);
#5384=CARTESIAN_POINT('',(-7.62,13.97,0.02));
#5385=DIRECTION('',(0.0,0.0,-1.0));
#5386=DIRECTION('',(0.0,-1.0,-0.0));
#5387=AXIS2_PLACEMENT_3D('',#5384,#5385,#5386);
#5388=CIRCLE('',#5387,0.255);
#5389=EDGE_CURVE('n° 4357',#5383,#5383,#5388,.T.);
#5390=ORIENTED_EDGE('',*,*,#5389,.T.);
#5391=EDGE_LOOP('',(#5390));
#5392=FACE_BOUND('',#5391,.T.);
#5393=CARTESIAN_POINT('',(-7.62,13.97,4.7));
#5394=DIRECTION('',(0.0,0.0,-1.0));
#5395=DIRECTION('',(0.0,-1.0,-0.0));
#5396=AXIS2_PLACEMENT_3D('',#5393,#5394,#5395);
#5397=CYLINDRICAL_SURFACE('',#5396,0.255);
#5398=ADVANCED_FACE('n° 4373',(#5381,#5392),#5397,.T.);
#5399=ORIENTED_EDGE('',*,*,#5389,.F.);
#5400=EDGE_LOOP('',(#5399));
#5401=FACE_OUTER_BOUND('',#5400,.T.);
#5402=ORIENTED_EDGE('',*,*,#5358,.T.);
#5403=EDGE_LOOP('',(#5402));
#5404=FACE_BOUND('',#5403,.T.);
#5405=CARTESIAN_POINT('',(-7.62,13.97,0.45));
#5406=DIRECTION('',(0.0,-0.0,1.0));
#5407=DIRECTION('',(-0.0,1.0,0.0));
#5408=AXIS2_PLACEMENT_3D('',#5405,#5406,#5407);
#5409=CONICAL_SURFACE('',#5408,0.685,0.7853981634);
#5410=ADVANCED_FACE('n° 4378',(#5401,#5404),#5409,.T.);
#5411=ORIENTED_EDGE('',*,*,#5378,.T.);
#5412=EDGE_LOOP('',(#5411));
#5413=FACE_OUTER_BOUND('',#5412,.T.);
#5414=CARTESIAN_POINT('',(-7.62,13.97,-2.475));
#5415=DIRECTION('',(0.0,0.0,-1.0));
#5416=DIRECTION('',(1.0,0.0,0.0));
#5417=AXIS2_PLACEMENT_3D('',#5414,#5415,#5416);
#5418=SPHERICAL_SURFACE('',#5417,0.255);
#5419=ADVANCED_FACE('n° 4417',(#5413),#5418,.T.);
#5420=CARTESIAN_POINT('',(-7.62,15.96,4.701));
#5421=VERTEX_POINT('',#5420);
#5422=CARTESIAN_POINT('',(-7.62,16.51,4.701));
#5423=DIRECTION('',(0.0,0.0,-1.0));
#5424=DIRECTION('',(0.0,-1.0,-0.0));
#5425=AXIS2_PLACEMENT_3D('',#5422,#5423,#5424);
#5426=CIRCLE('',#5425,0.55);
#5427=EDGE_CURVE('n° 6966',#5421,#5421,#5426,.T.);
#5428=ORIENTED_EDGE('',*,*,#5427,.T.);
#5429=EDGE_LOOP('',(#5428));
#5430=FACE_OUTER_BOUND('',#5429,.T.);
#5431=CARTESIAN_POINT('',(-7.62,15.595,4.701));
#5432=VERTEX_POINT('',#5431);
#5433=CARTESIAN_POINT('',(-7.62,16.51,4.701));
#5434=DIRECTION('',(0.0,0.0,-1.0));
#5435=DIRECTION('',(0.0,-1.0,-0.0));
#5436=AXIS2_PLACEMENT_3D('',#5433,#5434,#5435);
#5437=CIRCLE('',#5436,0.915);
#5438=EDGE_CURVE('n° 4461',#5432,#5432,#5437,.T.);
#5439=ORIENTED_EDGE('',*,*,#5438,.F.);
#5440=EDGE_LOOP('',(#5439));
#5441=FACE_BOUND('',#5440,.T.);
#5442=CARTESIAN_POINT('',(-7.62,16.51,4.701));
#5443=DIRECTION('',(0.0,0.0,-1.0));
#5444=DIRECTION('',(0.0,-1.0,-0.0));
#5445=AXIS2_PLACEMENT_3D('',#5442,#5443,#5444);
#5446=PLANE('',#5445);
#5447=ADVANCED_FACE('n° 4519',(#5430,#5441),#5446,.F.);
#5448=ORIENTED_EDGE('',*,*,#5438,.T.);
#5449=EDGE_LOOP('',(#5448));
#5450=FACE_OUTER_BOUND('',#5449,.T.);
#5451=ORIENTED_EDGE('',*,*,#599,.T.);
#5452=EDGE_LOOP('',(#5451));
#5453=FACE_BOUND('',#5452,.T.);
#5454=CARTESIAN_POINT('',(-7.62,16.51,4.7));
#5455=DIRECTION('',(0.0,0.0,-1.0));
#5456=DIRECTION('',(0.0,-1.0,-0.0));
#5457=AXIS2_PLACEMENT_3D('',#5454,#5455,#5456);
#5458=CYLINDRICAL_SURFACE('',#5457,0.915);
#5459=ADVANCED_FACE('n° 4514',(#5450,#5453),#5458,.T.);
#5460=CARTESIAN_POINT('',(-7.62,15.825,0.45));
#5461=VERTEX_POINT('',#5460);
#5462=CARTESIAN_POINT('',(-7.62,16.51,0.45));
#5463=DIRECTION('',(0.0,0.0,-1.0));
#5464=DIRECTION('',(0.0,-1.0,-0.0));
#5465=AXIS2_PLACEMENT_3D('',#5462,#5463,#5464);
#5466=CIRCLE('',#5465,0.685);
#5467=EDGE_CURVE('n° 4464',#5461,#5461,#5466,.T.);
#5468=ORIENTED_EDGE('',*,*,#5467,.F.);
#5469=EDGE_LOOP('',(#5468));
#5470=FACE_OUTER_BOUND('',#5469,.T.);
#5471=ORIENTED_EDGE('',*,*,#34,.T.);
#5472=EDGE_LOOP('',(#5471));
#5473=FACE_BOUND('',#5472,.T.);
#5474=CARTESIAN_POINT('',(-7.62,16.51,4.7));
#5475=DIRECTION('',(0.0,0.0,-1.0));
#5476=DIRECTION('',(0.0,-1.0,-0.0));
#5477=AXIS2_PLACEMENT_3D('',#5474,#5475,#5476);
#5478=CYLINDRICAL_SURFACE('',#5477,0.685);
#5479=ADVANCED_FACE('n° 4489',(#5470,#5473),#5478,.T.);
#5480=CARTESIAN_POINT('',(-7.62,16.255,-2.475));
#5481=VERTEX_POINT('',#5480);
#5482=CARTESIAN_POINT('',(-7.62,16.51,-2.475));
#5483=DIRECTION('',(0.0,0.0,-1.0));
#5484=DIRECTION('',(0.0,-1.0,-0.0));
#5485=AXIS2_PLACEMENT_3D('',#5482,#5483,#5484);
#5486=CIRCLE('',#5485,0.255);
#5487=EDGE_CURVE('n° 4470',#5481,#5481,#5486,.T.);
#5488=ORIENTED_EDGE('',*,*,#5487,.F.);
#5489=EDGE_LOOP('',(#5488));
#5490=FACE_OUTER_BOUND('',#5489,.T.);
#5491=CARTESIAN_POINT('',(-7.62,16.255,0.02));
#5492=VERTEX_POINT('',#5491);
#5493=CARTESIAN_POINT('',(-7.62,16.51,0.02));
#5494=DIRECTION('',(0.0,0.0,-1.0));
#5495=DIRECTION('',(0.0,-1.0,-0.0));
#5496=AXIS2_PLACEMENT_3D('',#5493,#5494,#5495);
#5497=CIRCLE('',#5496,0.255);
#5498=EDGE_CURVE('n° 4463',#5492,#5492,#5497,.T.);
#5499=ORIENTED_EDGE('',*,*,#5498,.T.);
#5500=EDGE_LOOP('',(#5499));
#5501=FACE_BOUND('',#5500,.T.);
#5502=CARTESIAN_POINT('',(-7.62,16.51,4.7));
#5503=DIRECTION('',(0.0,0.0,-1.0));
#5504=DIRECTION('',(0.0,-1.0,-0.0));
#5505=AXIS2_PLACEMENT_3D('',#5502,#5503,#5504);
#5506=CYLINDRICAL_SURFACE('',#5505,0.255);
#5507=ADVANCED_FACE('n° 4479',(#5490,#5501),#5506,.T.);
#5508=ORIENTED_EDGE('',*,*,#5498,.F.);
#5509=EDGE_LOOP('',(#5508));
#5510=FACE_OUTER_BOUND('',#5509,.T.);
#5511=ORIENTED_EDGE('',*,*,#5467,.T.);
#5512=EDGE_LOOP('',(#5511));
#5513=FACE_BOUND('',#5512,.T.);
#5514=CARTESIAN_POINT('',(-7.62,16.51,0.45));
#5515=DIRECTION('',(0.0,-0.0,1.0));
#5516=DIRECTION('',(-0.0,1.0,0.0));
#5517=AXIS2_PLACEMENT_3D('',#5514,#5515,#5516);
#5518=CONICAL_SURFACE('',#5517,0.685,0.7853981634);
#5519=ADVANCED_FACE('n° 4484',(#5510,#5513),#5518,.T.);
#5520=ORIENTED_EDGE('',*,*,#5487,.T.);
#5521=EDGE_LOOP('',(#5520));
#5522=FACE_OUTER_BOUND('',#5521,.T.);
#5523=CARTESIAN_POINT('',(-7.62,16.51,-2.475));
#5524=DIRECTION('',(0.0,0.0,-1.0));
#5525=DIRECTION('',(1.0,0.0,0.0));
#5526=AXIS2_PLACEMENT_3D('',#5523,#5524,#5525);
#5527=SPHERICAL_SURFACE('',#5526,0.255);
#5528=ADVANCED_FACE('n° 4523',(#5522),#5527,.T.);
#5529=CARTESIAN_POINT('',(-7.62,18.5,4.701));
#5530=VERTEX_POINT('',#5529);
#5531=CARTESIAN_POINT('',(-7.62,19.05,4.701));
#5532=DIRECTION('',(0.0,0.0,-1.0));
#5533=DIRECTION('',(0.0,-1.0,-0.0));
#5534=AXIS2_PLACEMENT_3D('',#5531,#5532,#5533);
#5535=CIRCLE('',#5534,0.55);
#5536=EDGE_CURVE('n° 7024',#5530,#5530,#5535,.T.);
#5537=ORIENTED_EDGE('',*,*,#5536,.T.);
#5538=EDGE_LOOP('',(#5537));
#5539=FACE_OUTER_BOUND('',#5538,.T.);
#5540=CARTESIAN_POINT('',(-7.62,18.135,4.701));
#5541=VERTEX_POINT('',#5540);
#5542=CARTESIAN_POINT('',(-7.62,19.05,4.701));
#5543=DIRECTION('',(0.0,0.0,-1.0));
#5544=DIRECTION('',(0.0,-1.0,-0.0));
#5545=AXIS2_PLACEMENT_3D('',#5542,#5543,#5544);
#5546=CIRCLE('',#5545,0.915);
#5547=EDGE_CURVE('n° 4567',#5541,#5541,#5546,.T.);
#5548=ORIENTED_EDGE('',*,*,#5547,.F.);
#5549=EDGE_LOOP('',(#5548));
#5550=FACE_BOUND('',#5549,.T.);
#5551=CARTESIAN_POINT('',(-7.62,19.05,4.701));
#5552=DIRECTION('',(0.0,0.0,-1.0));
#5553=DIRECTION('',(0.0,-1.0,-0.0));
#5554=AXIS2_PLACEMENT_3D('',#5551,#5552,#5553);
#5555=PLANE('',#5554);
#5556=ADVANCED_FACE('n° 4625',(#5539,#5550),#5555,.F.);
#5557=ORIENTED_EDGE('',*,*,#5547,.T.);
#5558=EDGE_LOOP('',(#5557));
#5559=FACE_OUTER_BOUND('',#5558,.T.);
#5560=ORIENTED_EDGE('',*,*,#820,.T.);
#5561=EDGE_LOOP('',(#5560));
#5562=FACE_BOUND('',#5561,.T.);
#5563=CARTESIAN_POINT('',(-7.62,19.05,4.7));
#5564=DIRECTION('',(0.0,0.0,-1.0));
#5565=DIRECTION('',(0.0,-1.0,-0.0));
#5566=AXIS2_PLACEMENT_3D('',#5563,#5564,#5565);
#5567=CYLINDRICAL_SURFACE('',#5566,0.915);
#5568=ADVANCED_FACE('n° 4620',(#5559,#5562),#5567,.T.);
#5569=CARTESIAN_POINT('',(-7.62,18.365,0.45));
#5570=VERTEX_POINT('',#5569);
#5571=CARTESIAN_POINT('',(-7.62,19.05,0.45));
#5572=DIRECTION('',(0.0,0.0,-1.0));
#5573=DIRECTION('',(0.0,-1.0,-0.0));
#5574=AXIS2_PLACEMENT_3D('',#5571,#5572,#5573);
#5575=CIRCLE('',#5574,0.685);
#5576=EDGE_CURVE('n° 4570',#5570,#5570,#5575,.T.);
#5577=ORIENTED_EDGE('',*,*,#5576,.F.);
#5578=EDGE_LOOP('',(#5577));
#5579=FACE_OUTER_BOUND('',#5578,.T.);
#5580=ORIENTED_EDGE('',*,*,#560,.T.);
#5581=EDGE_LOOP('',(#5580));
#5582=FACE_BOUND('',#5581,.T.);
#5583=CARTESIAN_POINT('',(-7.62,19.05,4.7));
#5584=DIRECTION('',(0.0,0.0,-1.0));
#5585=DIRECTION('',(0.0,-1.0,-0.0));
#5586=AXIS2_PLACEMENT_3D('',#5583,#5584,#5585);
#5587=CYLINDRICAL_SURFACE('',#5586,0.685);
#5588=ADVANCED_FACE('n° 4595',(#5579,#5582),#5587,.T.);
#5589=CARTESIAN_POINT('',(-7.62,18.795,-2.475));
#5590=VERTEX_POINT('',#5589);
#5591=CARTESIAN_POINT('',(-7.62,19.05,-2.475));
#5592=DIRECTION('',(0.0,0.0,-1.0));
#5593=DIRECTION('',(0.0,-1.0,-0.0));
#5594=AXIS2_PLACEMENT_3D('',#5591,#5592,#5593);
#5595=CIRCLE('',#5594,0.255);
#5596=EDGE_CURVE('n° 4576',#5590,#5590,#5595,.T.);
#5597=ORIENTED_EDGE('',*,*,#5596,.F.);
#5598=EDGE_LOOP('',(#5597));
#5599=FACE_OUTER_BOUND('',#5598,.T.);
#5600=CARTESIAN_POINT('',(-7.62,18.795,0.02));
#5601=VERTEX_POINT('',#5600);
#5602=CARTESIAN_POINT('',(-7.62,19.05,0.02));
#5603=DIRECTION('',(0.0,0.0,-1.0));
#5604=DIRECTION('',(0.0,-1.0,-0.0));
#5605=AXIS2_PLACEMENT_3D('',#5602,#5603,#5604);
#5606=CIRCLE('',#5605,0.255);
#5607=EDGE_CURVE('n° 4569',#5601,#5601,#5606,.T.);
#5608=ORIENTED_EDGE('',*,*,#5607,.T.);
#5609=EDGE_LOOP('',(#5608));
#5610=FACE_BOUND('',#5609,.T.);
#5611=CARTESIAN_POINT('',(-7.62,19.05,4.7));
#5612=DIRECTION('',(0.0,0.0,-1.0));
#5613=DIRECTION('',(0.0,-1.0,-0.0));
#5614=AXIS2_PLACEMENT_3D('',#5611,#5612,#5613);
#5615=CYLINDRICAL_SURFACE('',#5614,0.255);
#5616=ADVANCED_FACE('n° 4585',(#5599,#5610),#5615,.T.);
#5617=ORIENTED_EDGE('',*,*,#5607,.F.);
#5618=EDGE_LOOP('',(#5617));
#5619=FACE_OUTER_BOUND('',#5618,.T.);
#5620=ORIENTED_EDGE('',*,*,#5576,.T.);
#5621=EDGE_LOOP('',(#5620));
#5622=FACE_BOUND('',#5621,.T.);
#5623=CARTESIAN_POINT('',(-7.62,19.05,0.45));
#5624=DIRECTION('',(0.0,-0.0,1.0));
#5625=DIRECTION('',(-0.0,1.0,0.0));
#5626=AXIS2_PLACEMENT_3D('',#5623,#5624,#5625);
#5627=CONICAL_SURFACE('',#5626,0.685,0.7853981634);
#5628=ADVANCED_FACE('n° 4590',(#5619,#5622),#5627,.T.);
#5629=ORIENTED_EDGE('',*,*,#5596,.T.);
#5630=EDGE_LOOP('',(#5629));
#5631=FACE_OUTER_BOUND('',#5630,.T.);
#5632=CARTESIAN_POINT('',(-7.62,19.05,-2.475));
#5633=DIRECTION('',(0.0,0.0,-1.0));
#5634=DIRECTION('',(1.0,0.0,0.0));
#5635=AXIS2_PLACEMENT_3D('',#5632,#5633,#5634);
#5636=SPHERICAL_SURFACE('',#5635,0.255);
#5637=ADVANCED_FACE('n° 4629',(#5631),#5636,.T.);
#5638=CARTESIAN_POINT('',(-7.62,21.04,4.701));
#5639=VERTEX_POINT('',#5638);
#5640=CARTESIAN_POINT('',(-7.62,21.59,4.701));
#5641=DIRECTION('',(0.0,0.0,-1.0));
#5642=DIRECTION('',(0.0,-1.0,-0.0));
#5643=AXIS2_PLACEMENT_3D('',#5640,#5641,#5642);
#5644=CIRCLE('',#5643,0.55);
#5645=EDGE_CURVE('n° 7082',#5639,#5639,#5644,.T.);
#5646=ORIENTED_EDGE('',*,*,#5645,.T.);
#5647=EDGE_LOOP('',(#5646));
#5648=FACE_OUTER_BOUND('',#5647,.T.);
#5649=CARTESIAN_POINT('',(-7.62,20.675,4.701));
#5650=VERTEX_POINT('',#5649);
#5651=CARTESIAN_POINT('',(-7.62,21.59,4.701));
#5652=DIRECTION('',(0.0,0.0,-1.0));
#5653=DIRECTION('',(0.0,-1.0,-0.0));
#5654=AXIS2_PLACEMENT_3D('',#5651,#5652,#5653);
#5655=CIRCLE('',#5654,0.915);
#5656=EDGE_CURVE('n° 4673',#5650,#5650,#5655,.T.);
#5657=ORIENTED_EDGE('',*,*,#5656,.F.);
#5658=EDGE_LOOP('',(#5657));
#5659=FACE_BOUND('',#5658,.T.);
#5660=CARTESIAN_POINT('',(-7.62,21.59,4.701));
#5661=DIRECTION('',(0.0,0.0,-1.0));
#5662=DIRECTION('',(0.0,-1.0,-0.0));
#5663=AXIS2_PLACEMENT_3D('',#5660,#5661,#5662);
#5664=PLANE('',#5663);
#5665=ADVANCED_FACE('n° 4731',(#5648,#5659),#5664,.F.);
#5666=ORIENTED_EDGE('',*,*,#5656,.T.);
#5667=EDGE_LOOP('',(#5666));
#5668=FACE_OUTER_BOUND('',#5667,.T.);
#5669=ORIENTED_EDGE('',*,*,#588,.T.);
#5670=EDGE_LOOP('',(#5669));
#5671=FACE_BOUND('',#5670,.T.);
#5672=CARTESIAN_POINT('',(-7.62,21.59,4.7));
#5673=DIRECTION('',(0.0,0.0,-1.0));
#5674=DIRECTION('',(0.0,-1.0,-0.0));
#5675=AXIS2_PLACEMENT_3D('',#5672,#5673,#5674);
#5676=CYLINDRICAL_SURFACE('',#5675,0.915);
#5677=ADVANCED_FACE('n° 4726',(#5668,#5671),#5676,.T.);
#5678=CARTESIAN_POINT('',(-7.62,20.905,0.45));
#5679=VERTEX_POINT('',#5678);
#5680=CARTESIAN_POINT('',(-7.62,21.59,0.45));
#5681=DIRECTION('',(0.0,0.0,-1.0));
#5682=DIRECTION('',(0.0,-1.0,-0.0));
#5683=AXIS2_PLACEMENT_3D('',#5680,#5681,#5682);
#5684=CIRCLE('',#5683,0.685);
#5685=EDGE_CURVE('n° 4676',#5679,#5679,#5684,.T.);
#5686=ORIENTED_EDGE('',*,*,#5685,.F.);
#5687=EDGE_LOOP('',(#5686));
#5688=FACE_OUTER_BOUND('',#5687,.T.);
#5689=ORIENTED_EDGE('',*,*,#23,.T.);
#5690=EDGE_LOOP('',(#5689));
#5691=FACE_BOUND('',#5690,.T.);
#5692=CARTESIAN_POINT('',(-7.62,21.59,4.7));
#5693=DIRECTION('',(0.0,0.0,-1.0));
#5694=DIRECTION('',(0.0,-1.0,-0.0));
#5695=AXIS2_PLACEMENT_3D('',#5692,#5693,#5694);
#5696=CYLINDRICAL_SURFACE('',#5695,0.685);
#5697=ADVANCED_FACE('n° 4701',(#5688,#5691),#5696,.T.);
#5698=CARTESIAN_POINT('',(-7.62,21.335,-2.475));
#5699=VERTEX_POINT('',#5698);
#5700=CARTESIAN_POINT('',(-7.62,21.59,-2.475));
#5701=DIRECTION('',(0.0,0.0,-1.0));
#5702=DIRECTION('',(0.0,-1.0,-0.0));
#5703=AXIS2_PLACEMENT_3D('',#5700,#5701,#5702);
#5704=CIRCLE('',#5703,0.255);
#5705=EDGE_CURVE('n° 4682',#5699,#5699,#5704,.T.);
#5706=ORIENTED_EDGE('',*,*,#5705,.F.);
#5707=EDGE_LOOP('',(#5706));
#5708=FACE_OUTER_BOUND('',#5707,.T.);
#5709=CARTESIAN_POINT('',(-7.62,21.335,0.02));
#5710=VERTEX_POINT('',#5709);
#5711=CARTESIAN_POINT('',(-7.62,21.59,0.02));
#5712=DIRECTION('',(0.0,0.0,-1.0));
#5713=DIRECTION('',(0.0,-1.0,-0.0));
#5714=AXIS2_PLACEMENT_3D('',#5711,#5712,#5713);
#5715=CIRCLE('',#5714,0.255);
#5716=EDGE_CURVE('n° 4675',#5710,#5710,#5715,.T.);
#5717=ORIENTED_EDGE('',*,*,#5716,.T.);
#5718=EDGE_LOOP('',(#5717));
#5719=FACE_BOUND('',#5718,.T.);
#5720=CARTESIAN_POINT('',(-7.62,21.59,4.7));
#5721=DIRECTION('',(0.0,0.0,-1.0));
#5722=DIRECTION('',(0.0,-1.0,-0.0));
#5723=AXIS2_PLACEMENT_3D('',#5720,#5721,#5722);
#5724=CYLINDRICAL_SURFACE('',#5723,0.255);
#5725=ADVANCED_FACE('n° 4691',(#5708,#5719),#5724,.T.);
#5726=ORIENTED_EDGE('',*,*,#5716,.F.);
#5727=EDGE_LOOP('',(#5726));
#5728=FACE_OUTER_BOUND('',#5727,.T.);
#5729=ORIENTED_EDGE('',*,*,#5685,.T.);
#5730=EDGE_LOOP('',(#5729));
#5731=FACE_BOUND('',#5730,.T.);
#5732=CARTESIAN_POINT('',(-7.62,21.59,0.45));
#5733=DIRECTION('',(0.0,-0.0,1.0));
#5734=DIRECTION('',(-0.0,1.0,0.0));
#5735=AXIS2_PLACEMENT_3D('',#5732,#5733,#5734);
#5736=CONICAL_SURFACE('',#5735,0.685,0.7853981634);
#5737=ADVANCED_FACE('n° 4696',(#5728,#5731),#5736,.T.);
#5738=ORIENTED_EDGE('',*,*,#5705,.T.);
#5739=EDGE_LOOP('',(#5738));
#5740=FACE_OUTER_BOUND('',#5739,.T.);
#5741=CARTESIAN_POINT('',(-7.62,21.59,-2.475));
#5742=DIRECTION('',(0.0,0.0,-1.0));
#5743=DIRECTION('',(1.0,0.0,0.0));
#5744=AXIS2_PLACEMENT_3D('',#5741,#5742,#5743);
#5745=SPHERICAL_SURFACE('',#5744,0.255);
#5746=ADVANCED_FACE('n° 4735',(#5740),#5745,.T.);
#5747=CARTESIAN_POINT('',(-7.62,23.58,4.701));
#5748=VERTEX_POINT('',#5747);
#5749=CARTESIAN_POINT('',(-7.62,24.13,4.701));
#5750=DIRECTION('',(0.0,0.0,-1.0));
#5751=DIRECTION('',(0.0,-1.0,-0.0));
#5752=AXIS2_PLACEMENT_3D('',#5749,#5750,#5751);
#5753=CIRCLE('',#5752,0.55);
#5754=EDGE_CURVE('n° 7140',#5748,#5748,#5753,.T.);
#5755=ORIENTED_EDGE('',*,*,#5754,.T.);
#5756=EDGE_LOOP('',(#5755));
#5757=FACE_OUTER_BOUND('',#5756,.T.);
#5758=CARTESIAN_POINT('',(-7.62,23.215,4.701));
#5759=VERTEX_POINT('',#5758);
#5760=CARTESIAN_POINT('',(-7.62,24.13,4.701));
#5761=DIRECTION('',(0.0,0.0,-1.0));
#5762=DIRECTION('',(0.0,-1.0,-0.0));
#5763=AXIS2_PLACEMENT_3D('',#5760,#5761,#5762);
#5764=CIRCLE('',#5763,0.915);
#5765=EDGE_CURVE('n° 4779',#5759,#5759,#5764,.T.);
#5766=ORIENTED_EDGE('',*,*,#5765,.F.);
#5767=EDGE_LOOP('',(#5766));
#5768=FACE_BOUND('',#5767,.T.);
#5769=CARTESIAN_POINT('',(-7.62,24.13,4.701));
#5770=DIRECTION('',(0.0,0.0,-1.0));
#5771=DIRECTION('',(0.0,-1.0,-0.0));
#5772=AXIS2_PLACEMENT_3D('',#5769,#5770,#5771);
#5773=PLANE('',#5772);
#5774=ADVANCED_FACE('n° 4837',(#5757,#5768),#5773,.F.);
#5775=ORIENTED_EDGE('',*,*,#5765,.T.);
#5776=EDGE_LOOP('',(#5775));
#5777=FACE_OUTER_BOUND('',#5776,.T.);
#5778=ORIENTED_EDGE('',*,*,#831,.T.);
#5779=EDGE_LOOP('',(#5778));
#5780=FACE_BOUND('',#5779,.T.);
#5781=CARTESIAN_POINT('',(-7.62,24.13,4.7));
#5782=DIRECTION('',(0.0,0.0,-1.0));
#5783=DIRECTION('',(0.0,-1.0,-0.0));
#5784=AXIS2_PLACEMENT_3D('',#5781,#5782,#5783);
#5785=CYLINDRICAL_SURFACE('',#5784,0.915);
#5786=ADVANCED_FACE('n° 4832',(#5777,#5780),#5785,.T.);
#5787=CARTESIAN_POINT('',(-7.62,23.445,0.45));
#5788=VERTEX_POINT('',#5787);
#5789=CARTESIAN_POINT('',(-7.62,24.13,0.45));
#5790=DIRECTION('',(0.0,0.0,-1.0));
#5791=DIRECTION('',(0.0,-1.0,-0.0));
#5792=AXIS2_PLACEMENT_3D('',#5789,#5790,#5791);
#5793=CIRCLE('',#5792,0.685);
#5794=EDGE_CURVE('n° 4782',#5788,#5788,#5793,.T.);
#5795=ORIENTED_EDGE('',*,*,#5794,.F.);
#5796=EDGE_LOOP('',(#5795));
#5797=FACE_OUTER_BOUND('',#5796,.T.);
#5798=ORIENTED_EDGE('',*,*,#571,.T.);
#5799=EDGE_LOOP('',(#5798));
#5800=FACE_BOUND('',#5799,.T.);
#5801=CARTESIAN_POINT('',(-7.62,24.13,4.7));
#5802=DIRECTION('',(0.0,0.0,-1.0));
#5803=DIRECTION('',(0.0,-1.0,-0.0));
#5804=AXIS2_PLACEMENT_3D('',#5801,#5802,#5803);
#5805=CYLINDRICAL_SURFACE('',#5804,0.685);
#5806=ADVANCED_FACE('n° 4807',(#5797,#5800),#5805,.T.);
#5807=CARTESIAN_POINT('',(-7.62,23.875,-2.475));
#5808=VERTEX_POINT('',#5807);
#5809=CARTESIAN_POINT('',(-7.62,24.13,-2.475));
#5810=DIRECTION('',(0.0,0.0,-1.0));
#5811=DIRECTION('',(0.0,-1.0,-0.0));
#5812=AXIS2_PLACEMENT_3D('',#5809,#5810,#5811);
#5813=CIRCLE('',#5812,0.255);
#5814=EDGE_CURVE('n° 4788',#5808,#5808,#5813,.T.);
#5815=ORIENTED_EDGE('',*,*,#5814,.F.);
#5816=EDGE_LOOP('',(#5815));
#5817=FACE_OUTER_BOUND('',#5816,.T.);
#5818=CARTESIAN_POINT('',(-7.62,23.875,0.02));
#5819=VERTEX_POINT('',#5818);
#5820=CARTESIAN_POINT('',(-7.62,24.13,0.02));
#5821=DIRECTION('',(0.0,0.0,-1.0));
#5822=DIRECTION('',(0.0,-1.0,-0.0));
#5823=AXIS2_PLACEMENT_3D('',#5820,#5821,#5822);
#5824=CIRCLE('',#5823,0.255);
#5825=EDGE_CURVE('n° 4781',#5819,#5819,#5824,.T.);
#5826=ORIENTED_EDGE('',*,*,#5825,.T.);
#5827=EDGE_LOOP('',(#5826));
#5828=FACE_BOUND('',#5827,.T.);
#5829=CARTESIAN_POINT('',(-7.62,24.13,4.7));
#5830=DIRECTION('',(0.0,0.0,-1.0));
#5831=DIRECTION('',(0.0,-1.0,-0.0));
#5832=AXIS2_PLACEMENT_3D('',#5829,#5830,#5831);
#5833=CYLINDRICAL_SURFACE('',#5832,0.255);
#5834=ADVANCED_FACE('n° 4797',(#5817,#5828),#5833,.T.);
#5835=ORIENTED_EDGE('',*,*,#5825,.F.);
#5836=EDGE_LOOP('',(#5835));
#5837=FACE_OUTER_BOUND('',#5836,.T.);
#5838=ORIENTED_EDGE('',*,*,#5794,.T.);
#5839=EDGE_LOOP('',(#5838));
#5840=FACE_BOUND('',#5839,.T.);
#5841=CARTESIAN_POINT('',(-7.62,24.13,0.45));
#5842=DIRECTION('',(0.0,-0.0,1.0));
#5843=DIRECTION('',(-0.0,1.0,0.0));
#5844=AXIS2_PLACEMENT_3D('',#5841,#5842,#5843);
#5845=CONICAL_SURFACE('',#5844,0.685,0.7853981634);
#5846=ADVANCED_FACE('n° 4802',(#5837,#5840),#5845,.T.);
#5847=ORIENTED_EDGE('',*,*,#5814,.T.);
#5848=EDGE_LOOP('',(#5847));
#5849=FACE_OUTER_BOUND('',#5848,.T.);
#5850=CARTESIAN_POINT('',(-7.62,24.13,-2.475));
#5851=DIRECTION('',(0.0,0.0,-1.0));
#5852=DIRECTION('',(1.0,0.0,0.0));
#5853=AXIS2_PLACEMENT_3D('',#5850,#5851,#5852);
#5854=SPHERICAL_SURFACE('',#5853,0.255);
#5855=ADVANCED_FACE('n° 4841',(#5849),#5854,.T.);
#5856=CARTESIAN_POINT('',(7.62,-24.68,4.7));
#5857=VERTEX_POINT('',#5856);
#5858=CARTESIAN_POINT('',(7.62,-24.13,4.7));
#5859=DIRECTION('',(0.0,0.0,-1.0));
#5860=DIRECTION('',(0.0,-1.0,-0.0));
#5861=AXIS2_PLACEMENT_3D('',#5858,#5859,#5860);
#5862=CIRCLE('',#5861,0.55);
#5863=EDGE_CURVE('n° 4880',#5857,#5857,#5862,.T.);
#5864=ORIENTED_EDGE('',*,*,#5863,.T.);
#5865=EDGE_LOOP('',(#5864));
#5866=FACE_OUTER_BOUND('',#5865,.T.);
#5867=ORIENTED_EDGE('',*,*,#1592,.F.);
#5868=EDGE_LOOP('',(#5867));
#5869=FACE_BOUND('',#5868,.T.);
#5870=CARTESIAN_POINT('',(7.62,-24.13,4.7));
#5871=DIRECTION('',(0.0,0.0,-1.0));
#5872=DIRECTION('',(0.0,-1.0,-0.0));
#5873=AXIS2_PLACEMENT_3D('',#5870,#5871,#5872);
#5874=CYLINDRICAL_SURFACE('',#5873,0.55);
#5875=ADVANCED_FACE('n° 4898',(#5866,#5869),#5874,.F.);
#5876=CARTESIAN_POINT('',(7.62,-24.59,3.7238547069));
#5877=VERTEX_POINT('',#5876);
#5878=CARTESIAN_POINT('',(7.62,-24.13,3.7238547069));
#5879=DIRECTION('',(0.0,0.0,-1.0));
#5880=DIRECTION('',(0.0,-1.0,-0.0));
#5881=AXIS2_PLACEMENT_3D('',#5878,#5879,#5880);
#5882=CIRCLE('',#5881,0.46);
#5883=EDGE_CURVE('n° 4883',#5877,#5877,#5882,.T.);
#5884=ORIENTED_EDGE('',*,*,#5883,.T.);
#5885=EDGE_LOOP('',(#5884));
#5886=FACE_OUTER_BOUND('',#5885,.T.);
#5887=CARTESIAN_POINT('',(7.62,-24.59,4.2238547069));
#5888=VERTEX_POINT('',#5887);
#5889=CARTESIAN_POINT('',(7.62,-24.13,4.2238547069));
#5890=DIRECTION('',(0.0,0.0,-1.0));
#5891=DIRECTION('',(0.0,-1.0,-0.0));
#5892=AXIS2_PLACEMENT_3D('',#5889,#5890,#5891);
#5893=CIRCLE('',#5892,0.46);
#5894=EDGE_CURVE('n° 4879',#5888,#5888,#5893,.T.);
#5895=ORIENTED_EDGE('',*,*,#5894,.F.);
#5896=EDGE_LOOP('',(#5895));
#5897=FACE_BOUND('',#5896,.T.);
#5898=CARTESIAN_POINT('',(7.62,-24.13,4.7));
#5899=DIRECTION('',(0.0,0.0,-1.0));
#5900=DIRECTION('',(0.0,-1.0,-0.0));
#5901=AXIS2_PLACEMENT_3D('',#5898,#5899,#5900);
#5902=CYLINDRICAL_SURFACE('',#5901,0.46);
#5903=ADVANCED_FACE('n° 4888',(#5886,#5897),#5902,.F.);
#5904=ORIENTED_EDGE('',*,*,#5894,.T.);
#5905=EDGE_LOOP('',(#5904));
#5906=FACE_OUTER_BOUND('',#5905,.T.);
#5907=ORIENTED_EDGE('',*,*,#5863,.F.);
#5908=EDGE_LOOP('',(#5907));
#5909=FACE_BOUND('',#5908,.T.);
#5910=CARTESIAN_POINT('',(7.62,-24.13,4.7));
#5911=DIRECTION('',(0.0,-0.0,1.0));
#5912=DIRECTION('',(-0.0,1.0,0.0));
#5913=AXIS2_PLACEMENT_3D('',#5910,#5911,#5912);
#5914=CONICAL_SURFACE('',#5913,0.55,0.1868139283);
#5915=ADVANCED_FACE('n° 4893',(#5906,#5909),#5914,.F.);
#5916=CARTESIAN_POINT('',(7.62,-24.368,2.2414586189));
#5917=VERTEX_POINT('',#5916);
#5918=CARTESIAN_POINT('',(7.62,-24.13,2.2414586189));
#5919=DIRECTION('',(0.0,0.0,-1.0));
#5920=DIRECTION('',(0.0,-1.0,-0.0));
#5921=AXIS2_PLACEMENT_3D('',#5918,#5919,#5920);
#5922=CIRCLE('',#5921,0.238);
#5923=EDGE_CURVE('n° 4882',#5917,#5917,#5922,.T.);
#5924=ORIENTED_EDGE('',*,*,#5923,.F.);
#5925=EDGE_LOOP('',(#5924));
#5926=FACE_OUTER_BOUND('',#5925,.T.);
#5927=CARTESIAN_POINT('',(7.62,-24.13,2.2414586189));
#5928=DIRECTION('',(0.0,0.0,-1.0));
#5929=DIRECTION('',(0.0,-1.0,-0.0));
#5930=AXIS2_PLACEMENT_3D('',#5927,#5928,#5929);
#5931=PLANE('',#5930);
#5932=ADVANCED_FACE('n° 4907',(#5926),#5931,.F.);
#5933=ORIENTED_EDGE('',*,*,#5923,.T.);
#5934=EDGE_LOOP('',(#5933));
#5935=FACE_OUTER_BOUND('',#5934,.T.);
#5936=ORIENTED_EDGE('',*,*,#5883,.F.);
#5937=EDGE_LOOP('',(#5936));
#5938=FACE_BOUND('',#5937,.T.);
#5939=CARTESIAN_POINT('',(7.62,-24.13,3.7238547069));
#5940=DIRECTION('',(0.0,-0.0,1.0));
#5941=DIRECTION('',(-0.0,1.0,0.0));
#5942=AXIS2_PLACEMENT_3D('',#5939,#5940,#5941);
#5943=CONICAL_SURFACE('',#5942,0.46,0.1486528201);
#5944=ADVANCED_FACE('n° 4911',(#5935,#5938),#5943,.F.);
#5945=CARTESIAN_POINT('',(7.62,-22.14,4.7));
#5946=VERTEX_POINT('',#5945);
#5947=CARTESIAN_POINT('',(7.62,-21.59,4.7));
#5948=DIRECTION('',(0.0,0.0,-1.0));
#5949=DIRECTION('',(0.0,-1.0,-0.0));
#5950=AXIS2_PLACEMENT_3D('',#5947,#5948,#5949);
#5951=CIRCLE('',#5950,0.55);
#5952=EDGE_CURVE('n° 4938',#5946,#5946,#5951,.T.);
#5953=ORIENTED_EDGE('',*,*,#5952,.T.);
#5954=EDGE_LOOP('',(#5953));
#5955=FACE_OUTER_BOUND('',#5954,.T.);
#5956=ORIENTED_EDGE('',*,*,#1701,.F.);
#5957=EDGE_LOOP('',(#5956));
#5958=FACE_BOUND('',#5957,.T.);
#5959=CARTESIAN_POINT('',(7.62,-21.59,4.7));
#5960=DIRECTION('',(0.0,0.0,-1.0));
#5961=DIRECTION('',(0.0,-1.0,-0.0));
#5962=AXIS2_PLACEMENT_3D('',#5959,#5960,#5961);
#5963=CYLINDRICAL_SURFACE('',#5962,0.55);
#5964=ADVANCED_FACE('n° 4956',(#5955,#5958),#5963,.F.);
#5965=CARTESIAN_POINT('',(7.62,-22.05,3.7238547069));
#5966=VERTEX_POINT('',#5965);
#5967=CARTESIAN_POINT('',(7.62,-21.59,3.7238547069));
#5968=DIRECTION('',(0.0,0.0,-1.0));
#5969=DIRECTION('',(0.0,-1.0,-0.0));
#5970=AXIS2_PLACEMENT_3D('',#5967,#5968,#5969);
#5971=CIRCLE('',#5970,0.46);
#5972=EDGE_CURVE('n° 4941',#5966,#5966,#5971,.T.);
#5973=ORIENTED_EDGE('',*,*,#5972,.T.);
#5974=EDGE_LOOP('',(#5973));
#5975=FACE_OUTER_BOUND('',#5974,.T.);
#5976=CARTESIAN_POINT('',(7.62,-22.05,4.2238547069));
#5977=VERTEX_POINT('',#5976);
#5978=CARTESIAN_POINT('',(7.62,-21.59,4.2238547069));
#5979=DIRECTION('',(0.0,0.0,-1.0));
#5980=DIRECTION('',(0.0,-1.0,-0.0));
#5981=AXIS2_PLACEMENT_3D('',#5978,#5979,#5980);
#5982=CIRCLE('',#5981,0.46);
#5983=EDGE_CURVE('n° 4937',#5977,#5977,#5982,.T.);
#5984=ORIENTED_EDGE('',*,*,#5983,.F.);
#5985=EDGE_LOOP('',(#5984));
#5986=FACE_BOUND('',#5985,.T.);
#5987=CARTESIAN_POINT('',(7.62,-21.59,4.7));
#5988=DIRECTION('',(0.0,0.0,-1.0));
#5989=DIRECTION('',(0.0,-1.0,-0.0));
#5990=AXIS2_PLACEMENT_3D('',#5987,#5988,#5989);
#5991=CYLINDRICAL_SURFACE('',#5990,0.46);
#5992=ADVANCED_FACE('n° 4946',(#5975,#5986),#5991,.F.);
#5993=ORIENTED_EDGE('',*,*,#5983,.T.);
#5994=EDGE_LOOP('',(#5993));
#5995=FACE_OUTER_BOUND('',#5994,.T.);
#5996=ORIENTED_EDGE('',*,*,#5952,.F.);
#5997=EDGE_LOOP('',(#5996));
#5998=FACE_BOUND('',#5997,.T.);
#5999=CARTESIAN_POINT('',(7.62,-21.59,4.7));
#6000=DIRECTION('',(0.0,-0.0,1.0));
#6001=DIRECTION('',(-0.0,1.0,0.0));
#6002=AXIS2_PLACEMENT_3D('',#5999,#6000,#6001);
#6003=CONICAL_SURFACE('',#6002,0.55,0.1868139283);
#6004=ADVANCED_FACE('n° 4951',(#5995,#5998),#6003,.F.);
#6005=CARTESIAN_POINT('',(7.62,-21.828,2.2414586189));
#6006=VERTEX_POINT('',#6005);
#6007=CARTESIAN_POINT('',(7.62,-21.59,2.2414586189));
#6008=DIRECTION('',(0.0,0.0,-1.0));
#6009=DIRECTION('',(0.0,-1.0,-0.0));
#6010=AXIS2_PLACEMENT_3D('',#6007,#6008,#6009);
#6011=CIRCLE('',#6010,0.238);
#6012=EDGE_CURVE('n° 4940',#6006,#6006,#6011,.T.);
#6013=ORIENTED_EDGE('',*,*,#6012,.F.);
#6014=EDGE_LOOP('',(#6013));
#6015=FACE_OUTER_BOUND('',#6014,.T.);
#6016=CARTESIAN_POINT('',(7.62,-21.59,2.2414586189));
#6017=DIRECTION('',(0.0,0.0,-1.0));
#6018=DIRECTION('',(0.0,-1.0,-0.0));
#6019=AXIS2_PLACEMENT_3D('',#6016,#6017,#6018);
#6020=PLANE('',#6019);
#6021=ADVANCED_FACE('n° 4965',(#6015),#6020,.F.);
#6022=ORIENTED_EDGE('',*,*,#6012,.T.);
#6023=EDGE_LOOP('',(#6022));
#6024=FACE_OUTER_BOUND('',#6023,.T.);
#6025=ORIENTED_EDGE('',*,*,#5972,.F.);
#6026=EDGE_LOOP('',(#6025));
#6027=FACE_BOUND('',#6026,.T.);
#6028=CARTESIAN_POINT('',(7.62,-21.59,3.7238547069));
#6029=DIRECTION('',(0.0,-0.0,1.0));
#6030=DIRECTION('',(-0.0,1.0,0.0));
#6031=AXIS2_PLACEMENT_3D('',#6028,#6029,#6030);
#6032=CONICAL_SURFACE('',#6031,0.46,0.1486528201);
#6033=ADVANCED_FACE('n° 4969',(#6024,#6027),#6032,.F.);
#6034=CARTESIAN_POINT('',(7.62,-19.6,4.7));
#6035=VERTEX_POINT('',#6034);
#6036=CARTESIAN_POINT('',(7.62,-19.05,4.7));
#6037=DIRECTION('',(0.0,0.0,-1.0));
#6038=DIRECTION('',(0.0,-1.0,-0.0));
#6039=AXIS2_PLACEMENT_3D('',#6036,#6037,#6038);
#6040=CIRCLE('',#6039,0.55);
#6041=EDGE_CURVE('n° 4996',#6035,#6035,#6040,.T.);
#6042=ORIENTED_EDGE('',*,*,#6041,.T.);
#6043=EDGE_LOOP('',(#6042));
#6044=FACE_OUTER_BOUND('',#6043,.T.);
#6045=ORIENTED_EDGE('',*,*,#1810,.F.);
#6046=EDGE_LOOP('',(#6045));
#6047=FACE_BOUND('',#6046,.T.);
#6048=CARTESIAN_POINT('',(7.62,-19.05,4.7));
#6049=DIRECTION('',(0.0,0.0,-1.0));
#6050=DIRECTION('',(0.0,-1.0,-0.0));
#6051=AXIS2_PLACEMENT_3D('',#6048,#6049,#6050);
#6052=CYLINDRICAL_SURFACE('',#6051,0.55);
#6053=ADVANCED_FACE('n° 5014',(#6044,#6047),#6052,.F.);
#6054=CARTESIAN_POINT('',(7.62,-19.51,3.7238547069));
#6055=VERTEX_POINT('',#6054);
#6056=CARTESIAN_POINT('',(7.62,-19.05,3.7238547069));
#6057=DIRECTION('',(0.0,0.0,-1.0));
#6058=DIRECTION('',(0.0,-1.0,-0.0));
#6059=AXIS2_PLACEMENT_3D('',#6056,#6057,#6058);
#6060=CIRCLE('',#6059,0.46);
#6061=EDGE_CURVE('n° 4999',#6055,#6055,#6060,.T.);
#6062=ORIENTED_EDGE('',*,*,#6061,.T.);
#6063=EDGE_LOOP('',(#6062));
#6064=FACE_OUTER_BOUND('',#6063,.T.);
#6065=CARTESIAN_POINT('',(7.62,-19.51,4.2238547069));
#6066=VERTEX_POINT('',#6065);
#6067=CARTESIAN_POINT('',(7.62,-19.05,4.2238547069));
#6068=DIRECTION('',(0.0,0.0,-1.0));
#6069=DIRECTION('',(0.0,-1.0,-0.0));
#6070=AXIS2_PLACEMENT_3D('',#6067,#6068,#6069);
#6071=CIRCLE('',#6070,0.46);
#6072=EDGE_CURVE('n° 4995',#6066,#6066,#6071,.T.);
#6073=ORIENTED_EDGE('',*,*,#6072,.F.);
#6074=EDGE_LOOP('',(#6073));
#6075=FACE_BOUND('',#6074,.T.);
#6076=CARTESIAN_POINT('',(7.62,-19.05,4.7));
#6077=DIRECTION('',(0.0,0.0,-1.0));
#6078=DIRECTION('',(0.0,-1.0,-0.0));
#6079=AXIS2_PLACEMENT_3D('',#6076,#6077,#6078);
#6080=CYLINDRICAL_SURFACE('',#6079,0.46);
#6081=ADVANCED_FACE('n° 5004',(#6064,#6075),#6080,.F.);
#6082=ORIENTED_EDGE('',*,*,#6072,.T.);
#6083=EDGE_LOOP('',(#6082));
#6084=FACE_OUTER_BOUND('',#6083,.T.);
#6085=ORIENTED_EDGE('',*,*,#6041,.F.);
#6086=EDGE_LOOP('',(#6085));
#6087=FACE_BOUND('',#6086,.T.);
#6088=CARTESIAN_POINT('',(7.62,-19.05,4.7));
#6089=DIRECTION('',(0.0,-0.0,1.0));
#6090=DIRECTION('',(-0.0,1.0,0.0));
#6091=AXIS2_PLACEMENT_3D('',#6088,#6089,#6090);
#6092=CONICAL_SURFACE('',#6091,0.55,0.1868139283);
#6093=ADVANCED_FACE('n° 5009',(#6084,#6087),#6092,.F.);
#6094=CARTESIAN_POINT('',(7.62,-19.288,2.2414586189));
#6095=VERTEX_POINT('',#6094);
#6096=CARTESIAN_POINT('',(7.62,-19.05,2.2414586189));
#6097=DIRECTION('',(0.0,0.0,-1.0));
#6098=DIRECTION('',(0.0,-1.0,-0.0));
#6099=AXIS2_PLACEMENT_3D('',#6096,#6097,#6098);
#6100=CIRCLE('',#6099,0.238);
#6101=EDGE_CURVE('n° 4998',#6095,#6095,#6100,.T.);
#6102=ORIENTED_EDGE('',*,*,#6101,.F.);
#6103=EDGE_LOOP('',(#6102));
#6104=FACE_OUTER_BOUND('',#6103,.T.);
#6105=CARTESIAN_POINT('',(7.62,-19.05,2.2414586189));
#6106=DIRECTION('',(0.0,0.0,-1.0));
#6107=DIRECTION('',(0.0,-1.0,-0.0));
#6108=AXIS2_PLACEMENT_3D('',#6105,#6106,#6107);
#6109=PLANE('',#6108);
#6110=ADVANCED_FACE('n° 5023',(#6104),#6109,.F.);
#6111=ORIENTED_EDGE('',*,*,#6101,.T.);
#6112=EDGE_LOOP('',(#6111));
#6113=FACE_OUTER_BOUND('',#6112,.T.);
#6114=ORIENTED_EDGE('',*,*,#6061,.F.);
#6115=EDGE_LOOP('',(#6114));
#6116=FACE_BOUND('',#6115,.T.);
#6117=CARTESIAN_POINT('',(7.62,-19.05,3.7238547069));
#6118=DIRECTION('',(0.0,-0.0,1.0));
#6119=DIRECTION('',(-0.0,1.0,0.0));
#6120=AXIS2_PLACEMENT_3D('',#6117,#6118,#6119);
#6121=CONICAL_SURFACE('',#6120,0.46,0.1486528201);
#6122=ADVANCED_FACE('n° 5027',(#6113,#6116),#6121,.F.);
#6123=CARTESIAN_POINT('',(7.62,-17.06,4.7));
#6124=VERTEX_POINT('',#6123);
#6125=CARTESIAN_POINT('',(7.62,-16.51,4.7));
#6126=DIRECTION('',(0.0,0.0,-1.0));
#6127=DIRECTION('',(0.0,-1.0,-0.0));
#6128=AXIS2_PLACEMENT_3D('',#6125,#6126,#6127);
#6129=CIRCLE('',#6128,0.55);
#6130=EDGE_CURVE('n° 5054',#6124,#6124,#6129,.T.);
#6131=ORIENTED_EDGE('',*,*,#6130,.T.);
#6132=EDGE_LOOP('',(#6131));
#6133=FACE_OUTER_BOUND('',#6132,.T.);
#6134=ORIENTED_EDGE('',*,*,#1919,.F.);
#6135=EDGE_LOOP('',(#6134));
#6136=FACE_BOUND('',#6135,.T.);
#6137=CARTESIAN_POINT('',(7.62,-16.51,4.7));
#6138=DIRECTION('',(0.0,0.0,-1.0));
#6139=DIRECTION('',(0.0,-1.0,-0.0));
#6140=AXIS2_PLACEMENT_3D('',#6137,#6138,#6139);
#6141=CYLINDRICAL_SURFACE('',#6140,0.55);
#6142=ADVANCED_FACE('n° 5072',(#6133,#6136),#6141,.F.);
#6143=CARTESIAN_POINT('',(7.62,-16.97,3.7238547069));
#6144=VERTEX_POINT('',#6143);
#6145=CARTESIAN_POINT('',(7.62,-16.51,3.7238547069));
#6146=DIRECTION('',(0.0,0.0,-1.0));
#6147=DIRECTION('',(0.0,-1.0,-0.0));
#6148=AXIS2_PLACEMENT_3D('',#6145,#6146,#6147);
#6149=CIRCLE('',#6148,0.46);
#6150=EDGE_CURVE('n° 5057',#6144,#6144,#6149,.T.);
#6151=ORIENTED_EDGE('',*,*,#6150,.T.);
#6152=EDGE_LOOP('',(#6151));
#6153=FACE_OUTER_BOUND('',#6152,.T.);
#6154=CARTESIAN_POINT('',(7.62,-16.97,4.2238547069));
#6155=VERTEX_POINT('',#6154);
#6156=CARTESIAN_POINT('',(7.62,-16.51,4.2238547069));
#6157=DIRECTION('',(0.0,0.0,-1.0));
#6158=DIRECTION('',(0.0,-1.0,-0.0));
#6159=AXIS2_PLACEMENT_3D('',#6156,#6157,#6158);
#6160=CIRCLE('',#6159,0.46);
#6161=EDGE_CURVE('n° 5053',#6155,#6155,#6160,.T.);
#6162=ORIENTED_EDGE('',*,*,#6161,.F.);
#6163=EDGE_LOOP('',(#6162));
#6164=FACE_BOUND('',#6163,.T.);
#6165=CARTESIAN_POINT('',(7.62,-16.51,4.7));
#6166=DIRECTION('',(0.0,0.0,-1.0));
#6167=DIRECTION('',(0.0,-1.0,-0.0));
#6168=AXIS2_PLACEMENT_3D('',#6165,#6166,#6167);
#6169=CYLINDRICAL_SURFACE('',#6168,0.46);
#6170=ADVANCED_FACE('n° 5062',(#6153,#6164),#6169,.F.);
#6171=ORIENTED_EDGE('',*,*,#6161,.T.);
#6172=EDGE_LOOP('',(#6171));
#6173=FACE_OUTER_BOUND('',#6172,.T.);
#6174=ORIENTED_EDGE('',*,*,#6130,.F.);
#6175=EDGE_LOOP('',(#6174));
#6176=FACE_BOUND('',#6175,.T.);
#6177=CARTESIAN_POINT('',(7.62,-16.51,4.7));
#6178=DIRECTION('',(0.0,-0.0,1.0));
#6179=DIRECTION('',(-0.0,1.0,0.0));
#6180=AXIS2_PLACEMENT_3D('',#6177,#6178,#6179);
#6181=CONICAL_SURFACE('',#6180,0.55,0.1868139283);
#6182=ADVANCED_FACE('n° 5067',(#6173,#6176),#6181,.F.);
#6183=CARTESIAN_POINT('',(7.62,-16.748,2.2414586189));
#6184=VERTEX_POINT('',#6183);
#6185=CARTESIAN_POINT('',(7.62,-16.51,2.2414586189));
#6186=DIRECTION('',(0.0,0.0,-1.0));
#6187=DIRECTION('',(0.0,-1.0,-0.0));
#6188=AXIS2_PLACEMENT_3D('',#6185,#6186,#6187);
#6189=CIRCLE('',#6188,0.238);
#6190=EDGE_CURVE('n° 5056',#6184,#6184,#6189,.T.);
#6191=ORIENTED_EDGE('',*,*,#6190,.F.);
#6192=EDGE_LOOP('',(#6191));
#6193=FACE_OUTER_BOUND('',#6192,.T.);
#6194=CARTESIAN_POINT('',(7.62,-16.51,2.2414586189));
#6195=DIRECTION('',(0.0,0.0,-1.0));
#6196=DIRECTION('',(0.0,-1.0,-0.0));
#6197=AXIS2_PLACEMENT_3D('',#6194,#6195,#6196);
#6198=PLANE('',#6197);
#6199=ADVANCED_FACE('n° 5081',(#6193),#6198,.F.);
#6200=ORIENTED_EDGE('',*,*,#6190,.T.);
#6201=EDGE_LOOP('',(#6200));
#6202=FACE_OUTER_BOUND('',#6201,.T.);
#6203=ORIENTED_EDGE('',*,*,#6150,.F.);
#6204=EDGE_LOOP('',(#6203));
#6205=FACE_BOUND('',#6204,.T.);
#6206=CARTESIAN_POINT('',(7.62,-16.51,3.7238547069));
#6207=DIRECTION('',(0.0,-0.0,1.0));
#6208=DIRECTION('',(-0.0,1.0,0.0));
#6209=AXIS2_PLACEMENT_3D('',#6206,#6207,#6208);
#6210=CONICAL_SURFACE('',#6209,0.46,0.1486528201);
#6211=ADVANCED_FACE('n° 5085',(#6202,#6205),#6210,.F.);
#6212=CARTESIAN_POINT('',(7.62,-14.52,4.7));
#6213=VERTEX_POINT('',#6212);
#6214=CARTESIAN_POINT('',(7.62,-13.97,4.7));
#6215=DIRECTION('',(0.0,0.0,-1.0));
#6216=DIRECTION('',(0.0,-1.0,-0.0));
#6217=AXIS2_PLACEMENT_3D('',#6214,#6215,#6216);
#6218=CIRCLE('',#6217,0.55);
#6219=EDGE_CURVE('n° 5112',#6213,#6213,#6218,.T.);
#6220=ORIENTED_EDGE('',*,*,#6219,.T.);
#6221=EDGE_LOOP('',(#6220));
#6222=FACE_OUTER_BOUND('',#6221,.T.);
#6223=ORIENTED_EDGE('',*,*,#2028,.F.);
#6224=EDGE_LOOP('',(#6223));
#6225=FACE_BOUND('',#6224,.T.);
#6226=CARTESIAN_POINT('',(7.62,-13.97,4.7));
#6227=DIRECTION('',(0.0,0.0,-1.0));
#6228=DIRECTION('',(0.0,-1.0,-0.0));
#6229=AXIS2_PLACEMENT_3D('',#6226,#6227,#6228);
#6230=CYLINDRICAL_SURFACE('',#6229,0.55);
#6231=ADVANCED_FACE('n° 5130',(#6222,#6225),#6230,.F.);
#6232=CARTESIAN_POINT('',(7.62,-14.43,3.7238547069));
#6233=VERTEX_POINT('',#6232);
#6234=CARTESIAN_POINT('',(7.62,-13.97,3.7238547069));
#6235=DIRECTION('',(0.0,0.0,-1.0));
#6236=DIRECTION('',(0.0,-1.0,-0.0));
#6237=AXIS2_PLACEMENT_3D('',#6234,#6235,#6236);
#6238=CIRCLE('',#6237,0.46);
#6239=EDGE_CURVE('n° 5115',#6233,#6233,#6238,.T.);
#6240=ORIENTED_EDGE('',*,*,#6239,.T.);
#6241=EDGE_LOOP('',(#6240));
#6242=FACE_OUTER_BOUND('',#6241,.T.);
#6243=CARTESIAN_POINT('',(7.62,-14.43,4.2238547069));
#6244=VERTEX_POINT('',#6243);
#6245=CARTESIAN_POINT('',(7.62,-13.97,4.2238547069));
#6246=DIRECTION('',(0.0,0.0,-1.0));
#6247=DIRECTION('',(0.0,-1.0,-0.0));
#6248=AXIS2_PLACEMENT_3D('',#6245,#6246,#6247);
#6249=CIRCLE('',#6248,0.46);
#6250=EDGE_CURVE('n° 5111',#6244,#6244,#6249,.T.);
#6251=ORIENTED_EDGE('',*,*,#6250,.F.);
#6252=EDGE_LOOP('',(#6251));
#6253=FACE_BOUND('',#6252,.T.);
#6254=CARTESIAN_POINT('',(7.62,-13.97,4.7));
#6255=DIRECTION('',(0.0,0.0,-1.0));
#6256=DIRECTION('',(0.0,-1.0,-0.0));
#6257=AXIS2_PLACEMENT_3D('',#6254,#6255,#6256);
#6258=CYLINDRICAL_SURFACE('',#6257,0.46);
#6259=ADVANCED_FACE('n° 5120',(#6242,#6253),#6258,.F.);
#6260=ORIENTED_EDGE('',*,*,#6250,.T.);
#6261=EDGE_LOOP('',(#6260));
#6262=FACE_OUTER_BOUND('',#6261,.T.);
#6263=ORIENTED_EDGE('',*,*,#6219,.F.);
#6264=EDGE_LOOP('',(#6263));
#6265=FACE_BOUND('',#6264,.T.);
#6266=CARTESIAN_POINT('',(7.62,-13.97,4.7));
#6267=DIRECTION('',(0.0,-0.0,1.0));
#6268=DIRECTION('',(-0.0,1.0,0.0));
#6269=AXIS2_PLACEMENT_3D('',#6266,#6267,#6268);
#6270=CONICAL_SURFACE('',#6269,0.55,0.1868139283);
#6271=ADVANCED_FACE('n° 5125',(#6262,#6265),#6270,.F.);
#6272=CARTESIAN_POINT('',(7.62,-14.208,2.2414586189));
#6273=VERTEX_POINT('',#6272);
#6274=CARTESIAN_POINT('',(7.62,-13.97,2.2414586189));
#6275=DIRECTION('',(0.0,0.0,-1.0));
#6276=DIRECTION('',(0.0,-1.0,-0.0));
#6277=AXIS2_PLACEMENT_3D('',#6274,#6275,#6276);
#6278=CIRCLE('',#6277,0.238);
#6279=EDGE_CURVE('n° 5114',#6273,#6273,#6278,.T.);
#6280=ORIENTED_EDGE('',*,*,#6279,.F.);
#6281=EDGE_LOOP('',(#6280));
#6282=FACE_OUTER_BOUND('',#6281,.T.);
#6283=CARTESIAN_POINT('',(7.62,-13.97,2.2414586189));
#6284=DIRECTION('',(0.0,0.0,-1.0));
#6285=DIRECTION('',(0.0,-1.0,-0.0));
#6286=AXIS2_PLACEMENT_3D('',#6283,#6284,#6285);
#6287=PLANE('',#6286);
#6288=ADVANCED_FACE('n° 5139',(#6282),#6287,.F.);
#6289=ORIENTED_EDGE('',*,*,#6279,.T.);
#6290=EDGE_LOOP('',(#6289));
#6291=FACE_OUTER_BOUND('',#6290,.T.);
#6292=ORIENTED_EDGE('',*,*,#6239,.F.);
#6293=EDGE_LOOP('',(#6292));
#6294=FACE_BOUND('',#6293,.T.);
#6295=CARTESIAN_POINT('',(7.62,-13.97,3.7238547069));
#6296=DIRECTION('',(0.0,-0.0,1.0));
#6297=DIRECTION('',(-0.0,1.0,0.0));
#6298=AXIS2_PLACEMENT_3D('',#6295,#6296,#6297);
#6299=CONICAL_SURFACE('',#6298,0.46,0.1486528201);
#6300=ADVANCED_FACE('n° 5143',(#6291,#6294),#6299,.F.);
#6301=CARTESIAN_POINT('',(7.62,-11.98,4.7));
#6302=VERTEX_POINT('',#6301);
#6303=CARTESIAN_POINT('',(7.62,-11.43,4.7));
#6304=DIRECTION('',(0.0,0.0,-1.0));
#6305=DIRECTION('',(0.0,-1.0,-0.0));
#6306=AXIS2_PLACEMENT_3D('',#6303,#6304,#6305);
#6307=CIRCLE('',#6306,0.55);
#6308=EDGE_CURVE('n° 5170',#6302,#6302,#6307,.T.);
#6309=ORIENTED_EDGE('',*,*,#6308,.T.);
#6310=EDGE_LOOP('',(#6309));
#6311=FACE_OUTER_BOUND('',#6310,.T.);
#6312=ORIENTED_EDGE('',*,*,#2137,.F.);
#6313=EDGE_LOOP('',(#6312));
#6314=FACE_BOUND('',#6313,.T.);
#6315=CARTESIAN_POINT('',(7.62,-11.43,4.7));
#6316=DIRECTION('',(0.0,0.0,-1.0));
#6317=DIRECTION('',(0.0,-1.0,-0.0));
#6318=AXIS2_PLACEMENT_3D('',#6315,#6316,#6317);
#6319=CYLINDRICAL_SURFACE('',#6318,0.55);
#6320=ADVANCED_FACE('n° 5188',(#6311,#6314),#6319,.F.);
#6321=CARTESIAN_POINT('',(7.62,-11.89,3.7238547069));
#6322=VERTEX_POINT('',#6321);
#6323=CARTESIAN_POINT('',(7.62,-11.43,3.7238547069));
#6324=DIRECTION('',(0.0,0.0,-1.0));
#6325=DIRECTION('',(0.0,-1.0,-0.0));
#6326=AXIS2_PLACEMENT_3D('',#6323,#6324,#6325);
#6327=CIRCLE('',#6326,0.46);
#6328=EDGE_CURVE('n° 5173',#6322,#6322,#6327,.T.);
#6329=ORIENTED_EDGE('',*,*,#6328,.T.);
#6330=EDGE_LOOP('',(#6329));
#6331=FACE_OUTER_BOUND('',#6330,.T.);
#6332=CARTESIAN_POINT('',(7.62,-11.89,4.2238547069));
#6333=VERTEX_POINT('',#6332);
#6334=CARTESIAN_POINT('',(7.62,-11.43,4.2238547069));
#6335=DIRECTION('',(0.0,0.0,-1.0));
#6336=DIRECTION('',(0.0,-1.0,-0.0));
#6337=AXIS2_PLACEMENT_3D('',#6334,#6335,#6336);
#6338=CIRCLE('',#6337,0.46);
#6339=EDGE_CURVE('n° 5169',#6333,#6333,#6338,.T.);
#6340=ORIENTED_EDGE('',*,*,#6339,.F.);
#6341=EDGE_LOOP('',(#6340));
#6342=FACE_BOUND('',#6341,.T.);
#6343=CARTESIAN_POINT('',(7.62,-11.43,4.7));
#6344=DIRECTION('',(0.0,0.0,-1.0));
#6345=DIRECTION('',(0.0,-1.0,-0.0));
#6346=AXIS2_PLACEMENT_3D('',#6343,#6344,#6345);
#6347=CYLINDRICAL_SURFACE('',#6346,0.46);
#6348=ADVANCED_FACE('n° 5178',(#6331,#6342),#6347,.F.);
#6349=ORIENTED_EDGE('',*,*,#6339,.T.);
#6350=EDGE_LOOP('',(#6349));
#6351=FACE_OUTER_BOUND('',#6350,.T.);
#6352=ORIENTED_EDGE('',*,*,#6308,.F.);
#6353=EDGE_LOOP('',(#6352));
#6354=FACE_BOUND('',#6353,.T.);
#6355=CARTESIAN_POINT('',(7.62,-11.43,4.7));
#6356=DIRECTION('',(0.0,-0.0,1.0));
#6357=DIRECTION('',(-0.0,1.0,0.0));
#6358=AXIS2_PLACEMENT_3D('',#6355,#6356,#6357);
#6359=CONICAL_SURFACE('',#6358,0.55,0.1868139283);
#6360=ADVANCED_FACE('n° 5183',(#6351,#6354),#6359,.F.);
#6361=CARTESIAN_POINT('',(7.62,-11.668,2.2414586189));
#6362=VERTEX_POINT('',#6361);
#6363=CARTESIAN_POINT('',(7.62,-11.43,2.2414586189));
#6364=DIRECTION('',(0.0,0.0,-1.0));
#6365=DIRECTION('',(0.0,-1.0,-0.0));
#6366=AXIS2_PLACEMENT_3D('',#6363,#6364,#6365);
#6367=CIRCLE('',#6366,0.238);
#6368=EDGE_CURVE('n° 5172',#6362,#6362,#6367,.T.);
#6369=ORIENTED_EDGE('',*,*,#6368,.F.);
#6370=EDGE_LOOP('',(#6369));
#6371=FACE_OUTER_BOUND('',#6370,.T.);
#6372=CARTESIAN_POINT('',(7.62,-11.43,2.2414586189));
#6373=DIRECTION('',(0.0,0.0,-1.0));
#6374=DIRECTION('',(0.0,-1.0,-0.0));
#6375=AXIS2_PLACEMENT_3D('',#6372,#6373,#6374);
#6376=PLANE('',#6375);
#6377=ADVANCED_FACE('n° 5197',(#6371),#6376,.F.);
#6378=ORIENTED_EDGE('',*,*,#6368,.T.);
#6379=EDGE_LOOP('',(#6378));
#6380=FACE_OUTER_BOUND('',#6379,.T.);
#6381=ORIENTED_EDGE('',*,*,#6328,.F.);
#6382=EDGE_LOOP('',(#6381));
#6383=FACE_BOUND('',#6382,.T.);
#6384=CARTESIAN_POINT('',(7.62,-11.43,3.7238547069));
#6385=DIRECTION('',(0.0,-0.0,1.0));
#6386=DIRECTION('',(-0.0,1.0,0.0));
#6387=AXIS2_PLACEMENT_3D('',#6384,#6385,#6386);
#6388=CONICAL_SURFACE('',#6387,0.46,0.1486528201);
#6389=ADVANCED_FACE('n° 5201',(#6380,#6383),#6388,.F.);
#6390=CARTESIAN_POINT('',(7.62,-9.44,4.7));
#6391=VERTEX_POINT('',#6390);
#6392=CARTESIAN_POINT('',(7.62,-8.89,4.7));
#6393=DIRECTION('',(0.0,0.0,-1.0));
#6394=DIRECTION('',(0.0,-1.0,-0.0));
#6395=AXIS2_PLACEMENT_3D('',#6392,#6393,#6394);
#6396=CIRCLE('',#6395,0.55);
#6397=EDGE_CURVE('n° 5228',#6391,#6391,#6396,.T.);
#6398=ORIENTED_EDGE('',*,*,#6397,.T.);
#6399=EDGE_LOOP('',(#6398));
#6400=FACE_OUTER_BOUND('',#6399,.T.);
#6401=ORIENTED_EDGE('',*,*,#2246,.F.);
#6402=EDGE_LOOP('',(#6401));
#6403=FACE_BOUND('',#6402,.T.);
#6404=CARTESIAN_POINT('',(7.62,-8.89,4.7));
#6405=DIRECTION('',(0.0,0.0,-1.0));
#6406=DIRECTION('',(0.0,-1.0,-0.0));
#6407=AXIS2_PLACEMENT_3D('',#6404,#6405,#6406);
#6408=CYLINDRICAL_SURFACE('',#6407,0.55);
#6409=ADVANCED_FACE('n° 5246',(#6400,#6403),#6408,.F.);
#6410=CARTESIAN_POINT('',(7.62,-9.35,3.7238547069));
#6411=VERTEX_POINT('',#6410);
#6412=CARTESIAN_POINT('',(7.62,-8.89,3.7238547069));
#6413=DIRECTION('',(0.0,0.0,-1.0));
#6414=DIRECTION('',(0.0,-1.0,-0.0));
#6415=AXIS2_PLACEMENT_3D('',#6412,#6413,#6414);
#6416=CIRCLE('',#6415,0.46);
#6417=EDGE_CURVE('n° 5231',#6411,#6411,#6416,.T.);
#6418=ORIENTED_EDGE('',*,*,#6417,.T.);
#6419=EDGE_LOOP('',(#6418));
#6420=FACE_OUTER_BOUND('',#6419,.T.);
#6421=CARTESIAN_POINT('',(7.62,-9.35,4.2238547069));
#6422=VERTEX_POINT('',#6421);
#6423=CARTESIAN_POINT('',(7.62,-8.89,4.2238547069));
#6424=DIRECTION('',(0.0,0.0,-1.0));
#6425=DIRECTION('',(0.0,-1.0,-0.0));
#6426=AXIS2_PLACEMENT_3D('',#6423,#6424,#6425);
#6427=CIRCLE('',#6426,0.46);
#6428=EDGE_CURVE('n° 5227',#6422,#6422,#6427,.T.);
#6429=ORIENTED_EDGE('',*,*,#6428,.F.);
#6430=EDGE_LOOP('',(#6429));
#6431=FACE_BOUND('',#6430,.T.);
#6432=CARTESIAN_POINT('',(7.62,-8.89,4.7));
#6433=DIRECTION('',(0.0,0.0,-1.0));
#6434=DIRECTION('',(0.0,-1.0,-0.0));
#6435=AXIS2_PLACEMENT_3D('',#6432,#6433,#6434);
#6436=CYLINDRICAL_SURFACE('',#6435,0.46);
#6437=ADVANCED_FACE('n° 5236',(#6420,#6431),#6436,.F.);
#6438=ORIENTED_EDGE('',*,*,#6428,.T.);
#6439=EDGE_LOOP('',(#6438));
#6440=FACE_OUTER_BOUND('',#6439,.T.);
#6441=ORIENTED_EDGE('',*,*,#6397,.F.);
#6442=EDGE_LOOP('',(#6441));
#6443=FACE_BOUND('',#6442,.T.);
#6444=CARTESIAN_POINT('',(7.62,-8.89,4.7));
#6445=DIRECTION('',(0.0,-0.0,1.0));
#6446=DIRECTION('',(-0.0,1.0,0.0));
#6447=AXIS2_PLACEMENT_3D('',#6444,#6445,#6446);
#6448=CONICAL_SURFACE('',#6447,0.55,0.1868139283);
#6449=ADVANCED_FACE('n° 5241',(#6440,#6443),#6448,.F.);
#6450=CARTESIAN_POINT('',(7.62,-9.128,2.2414586189));
#6451=VERTEX_POINT('',#6450);
#6452=CARTESIAN_POINT('',(7.62,-8.89,2.2414586189));
#6453=DIRECTION('',(0.0,0.0,-1.0));
#6454=DIRECTION('',(0.0,-1.0,-0.0));
#6455=AXIS2_PLACEMENT_3D('',#6452,#6453,#6454);
#6456=CIRCLE('',#6455,0.238);
#6457=EDGE_CURVE('n° 5230',#6451,#6451,#6456,.T.);
#6458=ORIENTED_EDGE('',*,*,#6457,.F.);
#6459=EDGE_LOOP('',(#6458));
#6460=FACE_OUTER_BOUND('',#6459,.T.);
#6461=CARTESIAN_POINT('',(7.62,-8.89,2.2414586189));
#6462=DIRECTION('',(0.0,0.0,-1.0));
#6463=DIRECTION('',(0.0,-1.0,-0.0));
#6464=AXIS2_PLACEMENT_3D('',#6461,#6462,#6463);
#6465=PLANE('',#6464);
#6466=ADVANCED_FACE('n° 5255',(#6460),#6465,.F.);
#6467=ORIENTED_EDGE('',*,*,#6457,.T.);
#6468=EDGE_LOOP('',(#6467));
#6469=FACE_OUTER_BOUND('',#6468,.T.);
#6470=ORIENTED_EDGE('',*,*,#6417,.F.);
#6471=EDGE_LOOP('',(#6470));
#6472=FACE_BOUND('',#6471,.T.);
#6473=CARTESIAN_POINT('',(7.62,-8.89,3.7238547069));
#6474=DIRECTION('',(0.0,-0.0,1.0));
#6475=DIRECTION('',(-0.0,1.0,0.0));
#6476=AXIS2_PLACEMENT_3D('',#6473,#6474,#6475);
#6477=CONICAL_SURFACE('',#6476,0.46,0.1486528201);
#6478=ADVANCED_FACE('n° 5259',(#6469,#6472),#6477,.F.);
#6479=CARTESIAN_POINT('',(7.62,-6.9,4.7));
#6480=VERTEX_POINT('',#6479);
#6481=CARTESIAN_POINT('',(7.62,-6.35,4.7));
#6482=DIRECTION('',(0.0,0.0,-1.0));
#6483=DIRECTION('',(0.0,-1.0,-0.0));
#6484=AXIS2_PLACEMENT_3D('',#6481,#6482,#6483);
#6485=CIRCLE('',#6484,0.55);
#6486=EDGE_CURVE('n° 5286',#6480,#6480,#6485,.T.);
#6487=ORIENTED_EDGE('',*,*,#6486,.T.);
#6488=EDGE_LOOP('',(#6487));
#6489=FACE_OUTER_BOUND('',#6488,.T.);
#6490=ORIENTED_EDGE('',*,*,#2355,.F.);
#6491=EDGE_LOOP('',(#6490));
#6492=FACE_BOUND('',#6491,.T.);
#6493=CARTESIAN_POINT('',(7.62,-6.35,4.7));
#6494=DIRECTION('',(0.0,0.0,-1.0));
#6495=DIRECTION('',(0.0,-1.0,-0.0));
#6496=AXIS2_PLACEMENT_3D('',#6493,#6494,#6495);
#6497=CYLINDRICAL_SURFACE('',#6496,0.55);
#6498=ADVANCED_FACE('n° 5304',(#6489,#6492),#6497,.F.);
#6499=CARTESIAN_POINT('',(7.62,-6.81,3.7238547069));
#6500=VERTEX_POINT('',#6499);
#6501=CARTESIAN_POINT('',(7.62,-6.35,3.7238547069));
#6502=DIRECTION('',(0.0,0.0,-1.0));
#6503=DIRECTION('',(0.0,-1.0,-0.0));
#6504=AXIS2_PLACEMENT_3D('',#6501,#6502,#6503);
#6505=CIRCLE('',#6504,0.46);
#6506=EDGE_CURVE('n° 5289',#6500,#6500,#6505,.T.);
#6507=ORIENTED_EDGE('',*,*,#6506,.T.);
#6508=EDGE_LOOP('',(#6507));
#6509=FACE_OUTER_BOUND('',#6508,.T.);
#6510=CARTESIAN_POINT('',(7.62,-6.81,4.2238547069));
#6511=VERTEX_POINT('',#6510);
#6512=CARTESIAN_POINT('',(7.62,-6.35,4.2238547069));
#6513=DIRECTION('',(0.0,0.0,-1.0));
#6514=DIRECTION('',(0.0,-1.0,-0.0));
#6515=AXIS2_PLACEMENT_3D('',#6512,#6513,#6514);
#6516=CIRCLE('',#6515,0.46);
#6517=EDGE_CURVE('n° 5285',#6511,#6511,#6516,.T.);
#6518=ORIENTED_EDGE('',*,*,#6517,.F.);
#6519=EDGE_LOOP('',(#6518));
#6520=FACE_BOUND('',#6519,.T.);
#6521=CARTESIAN_POINT('',(7.62,-6.35,4.7));
#6522=DIRECTION('',(0.0,0.0,-1.0));
#6523=DIRECTION('',(0.0,-1.0,-0.0));
#6524=AXIS2_PLACEMENT_3D('',#6521,#6522,#6523);
#6525=CYLINDRICAL_SURFACE('',#6524,0.46);
#6526=ADVANCED_FACE('n° 5294',(#6509,#6520),#6525,.F.);
#6527=ORIENTED_EDGE('',*,*,#6517,.T.);
#6528=EDGE_LOOP('',(#6527));
#6529=FACE_OUTER_BOUND('',#6528,.T.);
#6530=ORIENTED_EDGE('',*,*,#6486,.F.);
#6531=EDGE_LOOP('',(#6530));
#6532=FACE_BOUND('',#6531,.T.);
#6533=CARTESIAN_POINT('',(7.62,-6.35,4.7));
#6534=DIRECTION('',(0.0,-0.0,1.0));
#6535=DIRECTION('',(-0.0,1.0,0.0));
#6536=AXIS2_PLACEMENT_3D('',#6533,#6534,#6535);
#6537=CONICAL_SURFACE('',#6536,0.55,0.1868139283);
#6538=ADVANCED_FACE('n° 5299',(#6529,#6532),#6537,.F.);
#6539=CARTESIAN_POINT('',(7.62,-6.588,2.2414586189));
#6540=VERTEX_POINT('',#6539);
#6541=CARTESIAN_POINT('',(7.62,-6.35,2.2414586189));
#6542=DIRECTION('',(0.0,0.0,-1.0));
#6543=DIRECTION('',(0.0,-1.0,-0.0));
#6544=AXIS2_PLACEMENT_3D('',#6541,#6542,#6543);
#6545=CIRCLE('',#6544,0.238);
#6546=EDGE_CURVE('n° 5288',#6540,#6540,#6545,.T.);
#6547=ORIENTED_EDGE('',*,*,#6546,.F.);
#6548=EDGE_LOOP('',(#6547));
#6549=FACE_OUTER_BOUND('',#6548,.T.);
#6550=CARTESIAN_POINT('',(7.62,-6.35,2.2414586189));
#6551=DIRECTION('',(0.0,0.0,-1.0));
#6552=DIRECTION('',(0.0,-1.0,-0.0));
#6553=AXIS2_PLACEMENT_3D('',#6550,#6551,#6552);
#6554=PLANE('',#6553);
#6555=ADVANCED_FACE('n° 5313',(#6549),#6554,.F.);
#6556=ORIENTED_EDGE('',*,*,#6546,.T.);
#6557=EDGE_LOOP('',(#6556));
#6558=FACE_OUTER_BOUND('',#6557,.T.);
#6559=ORIENTED_EDGE('',*,*,#6506,.F.);
#6560=EDGE_LOOP('',(#6559));
#6561=FACE_BOUND('',#6560,.T.);
#6562=CARTESIAN_POINT('',(7.62,-6.35,3.7238547069));
#6563=DIRECTION('',(0.0,-0.0,1.0));
#6564=DIRECTION('',(-0.0,1.0,0.0));
#6565=AXIS2_PLACEMENT_3D('',#6562,#6563,#6564);
#6566=CONICAL_SURFACE('',#6565,0.46,0.1486528201);
#6567=ADVANCED_FACE('n° 5317',(#6558,#6561),#6566,.F.);
#6568=CARTESIAN_POINT('',(7.62,-4.36,4.7));
#6569=VERTEX_POINT('',#6568);
#6570=CARTESIAN_POINT('',(7.62,-3.81,4.7));
#6571=DIRECTION('',(0.0,0.0,-1.0));
#6572=DIRECTION('',(0.0,-1.0,-0.0));
#6573=AXIS2_PLACEMENT_3D('',#6570,#6571,#6572);
#6574=CIRCLE('',#6573,0.55);
#6575=EDGE_CURVE('n° 5344',#6569,#6569,#6574,.T.);
#6576=ORIENTED_EDGE('',*,*,#6575,.T.);
#6577=EDGE_LOOP('',(#6576));
#6578=FACE_OUTER_BOUND('',#6577,.T.);
#6579=ORIENTED_EDGE('',*,*,#2464,.F.);
#6580=EDGE_LOOP('',(#6579));
#6581=FACE_BOUND('',#6580,.T.);
#6582=CARTESIAN_POINT('',(7.62,-3.81,4.7));
#6583=DIRECTION('',(0.0,0.0,-1.0));
#6584=DIRECTION('',(0.0,-1.0,-0.0));
#6585=AXIS2_PLACEMENT_3D('',#6582,#6583,#6584);
#6586=CYLINDRICAL_SURFACE('',#6585,0.55);
#6587=ADVANCED_FACE('n° 5362',(#6578,#6581),#6586,.F.);
#6588=CARTESIAN_POINT('',(7.62,-4.27,3.7238547069));
#6589=VERTEX_POINT('',#6588);
#6590=CARTESIAN_POINT('',(7.62,-3.81,3.7238547069));
#6591=DIRECTION('',(0.0,0.0,-1.0));
#6592=DIRECTION('',(0.0,-1.0,-0.0));
#6593=AXIS2_PLACEMENT_3D('',#6590,#6591,#6592);
#6594=CIRCLE('',#6593,0.46);
#6595=EDGE_CURVE('n° 5347',#6589,#6589,#6594,.T.);
#6596=ORIENTED_EDGE('',*,*,#6595,.T.);
#6597=EDGE_LOOP('',(#6596));
#6598=FACE_OUTER_BOUND('',#6597,.T.);
#6599=CARTESIAN_POINT('',(7.62,-4.27,4.2238547069));
#6600=VERTEX_POINT('',#6599);
#6601=CARTESIAN_POINT('',(7.62,-3.81,4.2238547069));
#6602=DIRECTION('',(0.0,0.0,-1.0));
#6603=DIRECTION('',(0.0,-1.0,-0.0));
#6604=AXIS2_PLACEMENT_3D('',#6601,#6602,#6603);
#6605=CIRCLE('',#6604,0.46);
#6606=EDGE_CURVE('n° 5343',#6600,#6600,#6605,.T.);
#6607=ORIENTED_EDGE('',*,*,#6606,.F.);
#6608=EDGE_LOOP('',(#6607));
#6609=FACE_BOUND('',#6608,.T.);
#6610=CARTESIAN_POINT('',(7.62,-3.81,4.7));
#6611=DIRECTION('',(0.0,0.0,-1.0));
#6612=DIRECTION('',(0.0,-1.0,-0.0));
#6613=AXIS2_PLACEMENT_3D('',#6610,#6611,#6612);
#6614=CYLINDRICAL_SURFACE('',#6613,0.46);
#6615=ADVANCED_FACE('n° 5352',(#6598,#6609),#6614,.F.);
#6616=ORIENTED_EDGE('',*,*,#6606,.T.);
#6617=EDGE_LOOP('',(#6616));
#6618=FACE_OUTER_BOUND('',#6617,.T.);
#6619=ORIENTED_EDGE('',*,*,#6575,.F.);
#6620=EDGE_LOOP('',(#6619));
#6621=FACE_BOUND('',#6620,.T.);
#6622=CARTESIAN_POINT('',(7.62,-3.81,4.7));
#6623=DIRECTION('',(0.0,-0.0,1.0));
#6624=DIRECTION('',(-0.0,1.0,0.0));
#6625=AXIS2_PLACEMENT_3D('',#6622,#6623,#6624);
#6626=CONICAL_SURFACE('',#6625,0.55,0.1868139283);
#6627=ADVANCED_FACE('n° 5357',(#6618,#6621),#6626,.F.);
#6628=CARTESIAN_POINT('',(7.62,-4.048,2.2414586189));
#6629=VERTEX_POINT('',#6628);
#6630=CARTESIAN_POINT('',(7.62,-3.81,2.2414586189));
#6631=DIRECTION('',(0.0,0.0,-1.0));
#6632=DIRECTION('',(0.0,-1.0,-0.0));
#6633=AXIS2_PLACEMENT_3D('',#6630,#6631,#6632);
#6634=CIRCLE('',#6633,0.238);
#6635=EDGE_CURVE('n° 5346',#6629,#6629,#6634,.T.);
#6636=ORIENTED_EDGE('',*,*,#6635,.F.);
#6637=EDGE_LOOP('',(#6636));
#6638=FACE_OUTER_BOUND('',#6637,.T.);
#6639=CARTESIAN_POINT('',(7.62,-3.81,2.2414586189));
#6640=DIRECTION('',(0.0,0.0,-1.0));
#6641=DIRECTION('',(0.0,-1.0,-0.0));
#6642=AXIS2_PLACEMENT_3D('',#6639,#6640,#6641);
#6643=PLANE('',#6642);
#6644=ADVANCED_FACE('n° 5371',(#6638),#6643,.F.);
#6645=ORIENTED_EDGE('',*,*,#6635,.T.);
#6646=EDGE_LOOP('',(#6645));
#6647=FACE_OUTER_BOUND('',#6646,.T.);
#6648=ORIENTED_EDGE('',*,*,#6595,.F.);
#6649=EDGE_LOOP('',(#6648));
#6650=FACE_BOUND('',#6649,.T.);
#6651=CARTESIAN_POINT('',(7.62,-3.81,3.7238547069));
#6652=DIRECTION('',(0.0,-0.0,1.0));
#6653=DIRECTION('',(-0.0,1.0,0.0));
#6654=AXIS2_PLACEMENT_3D('',#6651,#6652,#6653);
#6655=CONICAL_SURFACE('',#6654,0.46,0.1486528201);
#6656=ADVANCED_FACE('n° 5375',(#6647,#6650),#6655,.F.);
#6657=CARTESIAN_POINT('',(7.62,-1.82,4.7));
#6658=VERTEX_POINT('',#6657);
#6659=CARTESIAN_POINT('',(7.62,-1.27,4.7));
#6660=DIRECTION('',(0.0,0.0,-1.0));
#6661=DIRECTION('',(0.0,-1.0,-0.0));
#6662=AXIS2_PLACEMENT_3D('',#6659,#6660,#6661);
#6663=CIRCLE('',#6662,0.55);
#6664=EDGE_CURVE('n° 5402',#6658,#6658,#6663,.T.);
#6665=ORIENTED_EDGE('',*,*,#6664,.T.);
#6666=EDGE_LOOP('',(#6665));
#6667=FACE_OUTER_BOUND('',#6666,.T.);
#6668=ORIENTED_EDGE('',*,*,#2573,.F.);
#6669=EDGE_LOOP('',(#6668));
#6670=FACE_BOUND('',#6669,.T.);
#6671=CARTESIAN_POINT('',(7.62,-1.27,4.7));
#6672=DIRECTION('',(0.0,0.0,-1.0));
#6673=DIRECTION('',(0.0,-1.0,-0.0));
#6674=AXIS2_PLACEMENT_3D('',#6671,#6672,#6673);
#6675=CYLINDRICAL_SURFACE('',#6674,0.55);
#6676=ADVANCED_FACE('n° 5420',(#6667,#6670),#6675,.F.);
#6677=CARTESIAN_POINT('',(7.62,-1.73,3.7238547069));
#6678=VERTEX_POINT('',#6677);
#6679=CARTESIAN_POINT('',(7.62,-1.27,3.7238547069));
#6680=DIRECTION('',(0.0,0.0,-1.0));
#6681=DIRECTION('',(0.0,-1.0,-0.0));
#6682=AXIS2_PLACEMENT_3D('',#6679,#6680,#6681);
#6683=CIRCLE('',#6682,0.46);
#6684=EDGE_CURVE('n° 5405',#6678,#6678,#6683,.T.);
#6685=ORIENTED_EDGE('',*,*,#6684,.T.);
#6686=EDGE_LOOP('',(#6685));
#6687=FACE_OUTER_BOUND('',#6686,.T.);
#6688=CARTESIAN_POINT('',(7.62,-1.73,4.2238547069));
#6689=VERTEX_POINT('',#6688);
#6690=CARTESIAN_POINT('',(7.62,-1.27,4.2238547069));
#6691=DIRECTION('',(0.0,0.0,-1.0));
#6692=DIRECTION('',(0.0,-1.0,-0.0));
#6693=AXIS2_PLACEMENT_3D('',#6690,#6691,#6692);
#6694=CIRCLE('',#6693,0.46);
#6695=EDGE_CURVE('n° 5401',#6689,#6689,#6694,.T.);
#6696=ORIENTED_EDGE('',*,*,#6695,.F.);
#6697=EDGE_LOOP('',(#6696));
#6698=FACE_BOUND('',#6697,.T.);
#6699=CARTESIAN_POINT('',(7.62,-1.27,4.7));
#6700=DIRECTION('',(0.0,0.0,-1.0));
#6701=DIRECTION('',(0.0,-1.0,-0.0));
#6702=AXIS2_PLACEMENT_3D('',#6699,#6700,#6701);
#6703=CYLINDRICAL_SURFACE('',#6702,0.46);
#6704=ADVANCED_FACE('n° 5410',(#6687,#6698),#6703,.F.);
#6705=ORIENTED_EDGE('',*,*,#6695,.T.);
#6706=EDGE_LOOP('',(#6705));
#6707=FACE_OUTER_BOUND('',#6706,.T.);
#6708=ORIENTED_EDGE('',*,*,#6664,.F.);
#6709=EDGE_LOOP('',(#6708));
#6710=FACE_BOUND('',#6709,.T.);
#6711=CARTESIAN_POINT('',(7.62,-1.27,4.7));
#6712=DIRECTION('',(0.0,-0.0,1.0));
#6713=DIRECTION('',(-0.0,1.0,0.0));
#6714=AXIS2_PLACEMENT_3D('',#6711,#6712,#6713);
#6715=CONICAL_SURFACE('',#6714,0.55,0.1868139283);
#6716=ADVANCED_FACE('n° 5415',(#6707,#6710),#6715,.F.);
#6717=CARTESIAN_POINT('',(7.62,-1.508,2.2414586189));
#6718=VERTEX_POINT('',#6717);
#6719=CARTESIAN_POINT('',(7.62,-1.27,2.2414586189));
#6720=DIRECTION('',(0.0,0.0,-1.0));
#6721=DIRECTION('',(0.0,-1.0,-0.0));
#6722=AXIS2_PLACEMENT_3D('',#6719,#6720,#6721);
#6723=CIRCLE('',#6722,0.238);
#6724=EDGE_CURVE('n° 5404',#6718,#6718,#6723,.T.);
#6725=ORIENTED_EDGE('',*,*,#6724,.F.);
#6726=EDGE_LOOP('',(#6725));
#6727=FACE_OUTER_BOUND('',#6726,.T.);
#6728=CARTESIAN_POINT('',(7.62,-1.27,2.2414586189));
#6729=DIRECTION('',(0.0,0.0,-1.0));
#6730=DIRECTION('',(0.0,-1.0,-0.0));
#6731=AXIS2_PLACEMENT_3D('',#6728,#6729,#6730);
#6732=PLANE('',#6731);
#6733=ADVANCED_FACE('n° 5429',(#6727),#6732,.F.);
#6734=ORIENTED_EDGE('',*,*,#6724,.T.);
#6735=EDGE_LOOP('',(#6734));
#6736=FACE_OUTER_BOUND('',#6735,.T.);
#6737=ORIENTED_EDGE('',*,*,#6684,.F.);
#6738=EDGE_LOOP('',(#6737));
#6739=FACE_BOUND('',#6738,.T.);
#6740=CARTESIAN_POINT('',(7.62,-1.27,3.7238547069));
#6741=DIRECTION('',(0.0,-0.0,1.0));
#6742=DIRECTION('',(-0.0,1.0,0.0));
#6743=AXIS2_PLACEMENT_3D('',#6740,#6741,#6742);
#6744=CONICAL_SURFACE('',#6743,0.46,0.1486528201);
#6745=ADVANCED_FACE('n° 5433',(#6736,#6739),#6744,.F.);
#6746=CARTESIAN_POINT('',(7.62,0.72,4.7));
#6747=VERTEX_POINT('',#6746);
#6748=CARTESIAN_POINT('',(7.62,1.27,4.7));
#6749=DIRECTION('',(0.0,0.0,-1.0));
#6750=DIRECTION('',(0.0,-1.0,-0.0));
#6751=AXIS2_PLACEMENT_3D('',#6748,#6749,#6750);
#6752=CIRCLE('',#6751,0.55);
#6753=EDGE_CURVE('n° 5460',#6747,#6747,#6752,.T.);
#6754=ORIENTED_EDGE('',*,*,#6753,.T.);
#6755=EDGE_LOOP('',(#6754));
#6756=FACE_OUTER_BOUND('',#6755,.T.);
#6757=ORIENTED_EDGE('',*,*,#2682,.F.);
#6758=EDGE_LOOP('',(#6757));
#6759=FACE_BOUND('',#6758,.T.);
#6760=CARTESIAN_POINT('',(7.62,1.27,4.7));
#6761=DIRECTION('',(0.0,0.0,-1.0));
#6762=DIRECTION('',(0.0,-1.0,-0.0));
#6763=AXIS2_PLACEMENT_3D('',#6760,#6761,#6762);
#6764=CYLINDRICAL_SURFACE('',#6763,0.55);
#6765=ADVANCED_FACE('n° 5478',(#6756,#6759),#6764,.F.);
#6766=CARTESIAN_POINT('',(7.62,0.81,3.7238547069));
#6767=VERTEX_POINT('',#6766);
#6768=CARTESIAN_POINT('',(7.62,1.27,3.7238547069));
#6769=DIRECTION('',(0.0,0.0,-1.0));
#6770=DIRECTION('',(0.0,-1.0,-0.0));
#6771=AXIS2_PLACEMENT_3D('',#6768,#6769,#6770);
#6772=CIRCLE('',#6771,0.46);
#6773=EDGE_CURVE('n° 5463',#6767,#6767,#6772,.T.);
#6774=ORIENTED_EDGE('',*,*,#6773,.T.);
#6775=EDGE_LOOP('',(#6774));
#6776=FACE_OUTER_BOUND('',#6775,.T.);
#6777=CARTESIAN_POINT('',(7.62,0.81,4.2238547069));
#6778=VERTEX_POINT('',#6777);
#6779=CARTESIAN_POINT('',(7.62,1.27,4.2238547069));
#6780=DIRECTION('',(0.0,0.0,-1.0));
#6781=DIRECTION('',(0.0,-1.0,-0.0));
#6782=AXIS2_PLACEMENT_3D('',#6779,#6780,#6781);
#6783=CIRCLE('',#6782,0.46);
#6784=EDGE_CURVE('n° 5459',#6778,#6778,#6783,.T.);
#6785=ORIENTED_EDGE('',*,*,#6784,.F.);
#6786=EDGE_LOOP('',(#6785));
#6787=FACE_BOUND('',#6786,.T.);
#6788=CARTESIAN_POINT('',(7.62,1.27,4.7));
#6789=DIRECTION('',(0.0,0.0,-1.0));
#6790=DIRECTION('',(0.0,-1.0,-0.0));
#6791=AXIS2_PLACEMENT_3D('',#6788,#6789,#6790);
#6792=CYLINDRICAL_SURFACE('',#6791,0.46);
#6793=ADVANCED_FACE('n° 5468',(#6776,#6787),#6792,.F.);
#6794=ORIENTED_EDGE('',*,*,#6784,.T.);
#6795=EDGE_LOOP('',(#6794));
#6796=FACE_OUTER_BOUND('',#6795,.T.);
#6797=ORIENTED_EDGE('',*,*,#6753,.F.);
#6798=EDGE_LOOP('',(#6797));
#6799=FACE_BOUND('',#6798,.T.);
#6800=CARTESIAN_POINT('',(7.62,1.27,4.7));
#6801=DIRECTION('',(0.0,-0.0,1.0));
#6802=DIRECTION('',(-0.0,1.0,0.0));
#6803=AXIS2_PLACEMENT_3D('',#6800,#6801,#6802);
#6804=CONICAL_SURFACE('',#6803,0.55,0.1868139283);
#6805=ADVANCED_FACE('n° 5473',(#6796,#6799),#6804,.F.);
#6806=CARTESIAN_POINT('',(7.62,1.032,2.2414586189));
#6807=VERTEX_POINT('',#6806);
#6808=CARTESIAN_POINT('',(7.62,1.27,2.2414586189));
#6809=DIRECTION('',(0.0,0.0,-1.0));
#6810=DIRECTION('',(0.0,-1.0,-0.0));
#6811=AXIS2_PLACEMENT_3D('',#6808,#6809,#6810);
#6812=CIRCLE('',#6811,0.238);
#6813=EDGE_CURVE('n° 5462',#6807,#6807,#6812,.T.);
#6814=ORIENTED_EDGE('',*,*,#6813,.F.);
#6815=EDGE_LOOP('',(#6814));
#6816=FACE_OUTER_BOUND('',#6815,.T.);
#6817=CARTESIAN_POINT('',(7.62,1.27,2.2414586189));
#6818=DIRECTION('',(0.0,0.0,-1.0));
#6819=DIRECTION('',(0.0,-1.0,-0.0));
#6820=AXIS2_PLACEMENT_3D('',#6817,#6818,#6819);
#6821=PLANE('',#6820);
#6822=ADVANCED_FACE('n° 5487',(#6816),#6821,.F.);
#6823=ORIENTED_EDGE('',*,*,#6813,.T.);
#6824=EDGE_LOOP('',(#6823));
#6825=FACE_OUTER_BOUND('',#6824,.T.);
#6826=ORIENTED_EDGE('',*,*,#6773,.F.);
#6827=EDGE_LOOP('',(#6826));
#6828=FACE_BOUND('',#6827,.T.);
#6829=CARTESIAN_POINT('',(7.62,1.27,3.7238547069));
#6830=DIRECTION('',(0.0,-0.0,1.0));
#6831=DIRECTION('',(-0.0,1.0,0.0));
#6832=AXIS2_PLACEMENT_3D('',#6829,#6830,#6831);
#6833=CONICAL_SURFACE('',#6832,0.46,0.1486528201);
#6834=ADVANCED_FACE('n° 5491',(#6825,#6828),#6833,.F.);
#6835=CARTESIAN_POINT('',(7.62,3.26,4.7));
#6836=VERTEX_POINT('',#6835);
#6837=CARTESIAN_POINT('',(7.62,3.81,4.7));
#6838=DIRECTION('',(0.0,0.0,-1.0));
#6839=DIRECTION('',(0.0,-1.0,-0.0));
#6840=AXIS2_PLACEMENT_3D('',#6837,#6838,#6839);
#6841=CIRCLE('',#6840,0.55);
#6842=EDGE_CURVE('n° 5518',#6836,#6836,#6841,.T.);
#6843=ORIENTED_EDGE('',*,*,#6842,.T.);
#6844=EDGE_LOOP('',(#6843));
#6845=FACE_OUTER_BOUND('',#6844,.T.);
#6846=ORIENTED_EDGE('',*,*,#2791,.F.);
#6847=EDGE_LOOP('',(#6846));
#6848=FACE_BOUND('',#6847,.T.);
#6849=CARTESIAN_POINT('',(7.62,3.81,4.7));
#6850=DIRECTION('',(0.0,0.0,-1.0));
#6851=DIRECTION('',(0.0,-1.0,-0.0));
#6852=AXIS2_PLACEMENT_3D('',#6849,#6850,#6851);
#6853=CYLINDRICAL_SURFACE('',#6852,0.55);
#6854=ADVANCED_FACE('n° 5536',(#6845,#6848),#6853,.F.);
#6855=CARTESIAN_POINT('',(7.62,3.35,3.7238547069));
#6856=VERTEX_POINT('',#6855);
#6857=CARTESIAN_POINT('',(7.62,3.81,3.7238547069));
#6858=DIRECTION('',(0.0,0.0,-1.0));
#6859=DIRECTION('',(0.0,-1.0,-0.0));
#6860=AXIS2_PLACEMENT_3D('',#6857,#6858,#6859);
#6861=CIRCLE('',#6860,0.46);
#6862=EDGE_CURVE('n° 5521',#6856,#6856,#6861,.T.);
#6863=ORIENTED_EDGE('',*,*,#6862,.T.);
#6864=EDGE_LOOP('',(#6863));
#6865=FACE_OUTER_BOUND('',#6864,.T.);
#6866=CARTESIAN_POINT('',(7.62,3.35,4.2238547069));
#6867=VERTEX_POINT('',#6866);
#6868=CARTESIAN_POINT('',(7.62,3.81,4.2238547069));
#6869=DIRECTION('',(0.0,0.0,-1.0));
#6870=DIRECTION('',(0.0,-1.0,-0.0));
#6871=AXIS2_PLACEMENT_3D('',#6868,#6869,#6870);
#6872=CIRCLE('',#6871,0.46);
#6873=EDGE_CURVE('n° 5517',#6867,#6867,#6872,.T.);
#6874=ORIENTED_EDGE('',*,*,#6873,.F.);
#6875=EDGE_LOOP('',(#6874));
#6876=FACE_BOUND('',#6875,.T.);
#6877=CARTESIAN_POINT('',(7.62,3.81,4.7));
#6878=DIRECTION('',(0.0,0.0,-1.0));
#6879=DIRECTION('',(0.0,-1.0,-0.0));
#6880=AXIS2_PLACEMENT_3D('',#6877,#6878,#6879);
#6881=CYLINDRICAL_SURFACE('',#6880,0.46);
#6882=ADVANCED_FACE('n° 5526',(#6865,#6876),#6881,.F.);
#6883=ORIENTED_EDGE('',*,*,#6873,.T.);
#6884=EDGE_LOOP('',(#6883));
#6885=FACE_OUTER_BOUND('',#6884,.T.);
#6886=ORIENTED_EDGE('',*,*,#6842,.F.);
#6887=EDGE_LOOP('',(#6886));
#6888=FACE_BOUND('',#6887,.T.);
#6889=CARTESIAN_POINT('',(7.62,3.81,4.7));
#6890=DIRECTION('',(0.0,-0.0,1.0));
#6891=DIRECTION('',(-0.0,1.0,0.0));
#6892=AXIS2_PLACEMENT_3D('',#6889,#6890,#6891);
#6893=CONICAL_SURFACE('',#6892,0.55,0.1868139283);
#6894=ADVANCED_FACE('n° 5531',(#6885,#6888),#6893,.F.);
#6895=CARTESIAN_POINT('',(7.62,3.572,2.2414586189));
#6896=VERTEX_POINT('',#6895);
#6897=CARTESIAN_POINT('',(7.62,3.81,2.2414586189));
#6898=DIRECTION('',(0.0,0.0,-1.0));
#6899=DIRECTION('',(0.0,-1.0,-0.0));
#6900=AXIS2_PLACEMENT_3D('',#6897,#6898,#6899);
#6901=CIRCLE('',#6900,0.238);
#6902=EDGE_CURVE('n° 5520',#6896,#6896,#6901,.T.);
#6903=ORIENTED_EDGE('',*,*,#6902,.F.);
#6904=EDGE_LOOP('',(#6903));
#6905=FACE_OUTER_BOUND('',#6904,.T.);
#6906=CARTESIAN_POINT('',(7.62,3.81,2.2414586189));
#6907=DIRECTION('',(0.0,0.0,-1.0));
#6908=DIRECTION('',(0.0,-1.0,-0.0));
#6909=AXIS2_PLACEMENT_3D('',#6906,#6907,#6908);
#6910=PLANE('',#6909);
#6911=ADVANCED_FACE('n° 5545',(#6905),#6910,.F.);
#6912=ORIENTED_EDGE('',*,*,#6902,.T.);
#6913=EDGE_LOOP('',(#6912));
#6914=FACE_OUTER_BOUND('',#6913,.T.);
#6915=ORIENTED_EDGE('',*,*,#6862,.F.);
#6916=EDGE_LOOP('',(#6915));
#6917=FACE_BOUND('',#6916,.T.);
#6918=CARTESIAN_POINT('',(7.62,3.81,3.7238547069));
#6919=DIRECTION('',(0.0,-0.0,1.0));
#6920=DIRECTION('',(-0.0,1.0,0.0));
#6921=AXIS2_PLACEMENT_3D('',#6918,#6919,#6920);
#6922=CONICAL_SURFACE('',#6921,0.46,0.1486528201);
#6923=ADVANCED_FACE('n° 5549',(#6914,#6917),#6922,.F.);
#6924=CARTESIAN_POINT('',(7.62,5.8,4.7));
#6925=VERTEX_POINT('',#6924);
#6926=CARTESIAN_POINT('',(7.62,6.35,4.7));
#6927=DIRECTION('',(0.0,0.0,-1.0));
#6928=DIRECTION('',(0.0,-1.0,-0.0));
#6929=AXIS2_PLACEMENT_3D('',#6926,#6927,#6928);
#6930=CIRCLE('',#6929,0.55);
#6931=EDGE_CURVE('n° 5576',#6925,#6925,#6930,.T.);
#6932=ORIENTED_EDGE('',*,*,#6931,.T.);
#6933=EDGE_LOOP('',(#6932));
#6934=FACE_OUTER_BOUND('',#6933,.T.);
#6935=ORIENTED_EDGE('',*,*,#2900,.F.);
#6936=EDGE_LOOP('',(#6935));
#6937=FACE_BOUND('',#6936,.T.);
#6938=CARTESIAN_POINT('',(7.62,6.35,4.7));
#6939=DIRECTION('',(0.0,0.0,-1.0));
#6940=DIRECTION('',(0.0,-1.0,-0.0));
#6941=AXIS2_PLACEMENT_3D('',#6938,#6939,#6940);
#6942=CYLINDRICAL_SURFACE('',#6941,0.55);
#6943=ADVANCED_FACE('n° 5594',(#6934,#6937),#6942,.F.);
#6944=CARTESIAN_POINT('',(7.62,5.89,3.7238547069));
#6945=VERTEX_POINT('',#6944);
#6946=CARTESIAN_POINT('',(7.62,6.35,3.7238547069));
#6947=DIRECTION('',(0.0,0.0,-1.0));
#6948=DIRECTION('',(0.0,-1.0,-0.0));
#6949=AXIS2_PLACEMENT_3D('',#6946,#6947,#6948);
#6950=CIRCLE('',#6949,0.46);
#6951=EDGE_CURVE('n° 5579',#6945,#6945,#6950,.T.);
#6952=ORIENTED_EDGE('',*,*,#6951,.T.);
#6953=EDGE_LOOP('',(#6952));
#6954=FACE_OUTER_BOUND('',#6953,.T.);
#6955=CARTESIAN_POINT('',(7.62,5.89,4.2238547069));
#6956=VERTEX_POINT('',#6955);
#6957=CARTESIAN_POINT('',(7.62,6.35,4.2238547069));
#6958=DIRECTION('',(0.0,0.0,-1.0));
#6959=DIRECTION('',(0.0,-1.0,-0.0));
#6960=AXIS2_PLACEMENT_3D('',#6957,#6958,#6959);
#6961=CIRCLE('',#6960,0.46);
#6962=EDGE_CURVE('n° 5575',#6956,#6956,#6961,.T.);
#6963=ORIENTED_EDGE('',*,*,#6962,.F.);
#6964=EDGE_LOOP('',(#6963));
#6965=FACE_BOUND('',#6964,.T.);
#6966=CARTESIAN_POINT('',(7.62,6.35,4.7));
#6967=DIRECTION('',(0.0,0.0,-1.0));
#6968=DIRECTION('',(0.0,-1.0,-0.0));
#6969=AXIS2_PLACEMENT_3D('',#6966,#6967,#6968);
#6970=CYLINDRICAL_SURFACE('',#6969,0.46);
#6971=ADVANCED_FACE('n° 5584',(#6954,#6965),#6970,.F.);
#6972=ORIENTED_EDGE('',*,*,#6962,.T.);
#6973=EDGE_LOOP('',(#6972));
#6974=FACE_OUTER_BOUND('',#6973,.T.);
#6975=ORIENTED_EDGE('',*,*,#6931,.F.);
#6976=EDGE_LOOP('',(#6975));
#6977=FACE_BOUND('',#6976,.T.);
#6978=CARTESIAN_POINT('',(7.62,6.35,4.7));
#6979=DIRECTION('',(0.0,-0.0,1.0));
#6980=DIRECTION('',(-0.0,1.0,0.0));
#6981=AXIS2_PLACEMENT_3D('',#6978,#6979,#6980);
#6982=CONICAL_SURFACE('',#6981,0.55,0.1868139283);
#6983=ADVANCED_FACE('n° 5589',(#6974,#6977),#6982,.F.);
#6984=CARTESIAN_POINT('',(7.62,6.112,2.2414586189));
#6985=VERTEX_POINT('',#6984);
#6986=CARTESIAN_POINT('',(7.62,6.35,2.2414586189));
#6987=DIRECTION('',(0.0,0.0,-1.0));
#6988=DIRECTION('',(0.0,-1.0,-0.0));
#6989=AXIS2_PLACEMENT_3D('',#6986,#6987,#6988);
#6990=CIRCLE('',#6989,0.238);
#6991=EDGE_CURVE('n° 5578',#6985,#6985,#6990,.T.);
#6992=ORIENTED_EDGE('',*,*,#6991,.F.);
#6993=EDGE_LOOP('',(#6992));
#6994=FACE_OUTER_BOUND('',#6993,.T.);
#6995=CARTESIAN_POINT('',(7.62,6.35,2.2414586189));
#6996=DIRECTION('',(0.0,0.0,-1.0));
#6997=DIRECTION('',(0.0,-1.0,-0.0));
#6998=AXIS2_PLACEMENT_3D('',#6995,#6996,#6997);
#6999=PLANE('',#6998);
#7000=ADVANCED_FACE('n° 5603',(#6994),#6999,.F.);
#7001=ORIENTED_EDGE('',*,*,#6991,.T.);
#7002=EDGE_LOOP('',(#7001));
#7003=FACE_OUTER_BOUND('',#7002,.T.);
#7004=ORIENTED_EDGE('',*,*,#6951,.F.);
#7005=EDGE_LOOP('',(#7004));
#7006=FACE_BOUND('',#7005,.T.);
#7007=CARTESIAN_POINT('',(7.62,6.35,3.7238547069));
#7008=DIRECTION('',(0.0,-0.0,1.0));
#7009=DIRECTION('',(-0.0,1.0,0.0));
#7010=AXIS2_PLACEMENT_3D('',#7007,#7008,#7009);
#7011=CONICAL_SURFACE('',#7010,0.46,0.1486528201);
#7012=ADVANCED_FACE('n° 5607',(#7003,#7006),#7011,.F.);
#7013=CARTESIAN_POINT('',(7.62,8.34,4.7));
#7014=VERTEX_POINT('',#7013);
#7015=CARTESIAN_POINT('',(7.62,8.89,4.7));
#7016=DIRECTION('',(0.0,0.0,-1.0));
#7017=DIRECTION('',(0.0,-1.0,-0.0));
#7018=AXIS2_PLACEMENT_3D('',#7015,#7016,#7017);
#7019=CIRCLE('',#7018,0.55);
#7020=EDGE_CURVE('n° 5634',#7014,#7014,#7019,.T.);
#7021=ORIENTED_EDGE('',*,*,#7020,.T.);
#7022=EDGE_LOOP('',(#7021));
#7023=FACE_OUTER_BOUND('',#7022,.T.);
#7024=ORIENTED_EDGE('',*,*,#3009,.F.);
#7025=EDGE_LOOP('',(#7024));
#7026=FACE_BOUND('',#7025,.T.);
#7027=CARTESIAN_POINT('',(7.62,8.89,4.7));
#7028=DIRECTION('',(0.0,0.0,-1.0));
#7029=DIRECTION('',(0.0,-1.0,-0.0));
#7030=AXIS2_PLACEMENT_3D('',#7027,#7028,#7029);
#7031=CYLINDRICAL_SURFACE('',#7030,0.55);
#7032=ADVANCED_FACE('n° 5652',(#7023,#7026),#7031,.F.);
#7033=CARTESIAN_POINT('',(7.62,8.43,3.7238547069));
#7034=VERTEX_POINT('',#7033);
#7035=CARTESIAN_POINT('',(7.62,8.89,3.7238547069));
#7036=DIRECTION('',(0.0,0.0,-1.0));
#7037=DIRECTION('',(0.0,-1.0,-0.0));
#7038=AXIS2_PLACEMENT_3D('',#7035,#7036,#7037);
#7039=CIRCLE('',#7038,0.46);
#7040=EDGE_CURVE('n° 5637',#7034,#7034,#7039,.T.);
#7041=ORIENTED_EDGE('',*,*,#7040,.T.);
#7042=EDGE_LOOP('',(#7041));
#7043=FACE_OUTER_BOUND('',#7042,.T.);
#7044=CARTESIAN_POINT('',(7.62,8.43,4.2238547069));
#7045=VERTEX_POINT('',#7044);
#7046=CARTESIAN_POINT('',(7.62,8.89,4.2238547069));
#7047=DIRECTION('',(0.0,0.0,-1.0));
#7048=DIRECTION('',(0.0,-1.0,-0.0));
#7049=AXIS2_PLACEMENT_3D('',#7046,#7047,#7048);
#7050=CIRCLE('',#7049,0.46);
#7051=EDGE_CURVE('n° 5633',#7045,#7045,#7050,.T.);
#7052=ORIENTED_EDGE('',*,*,#7051,.F.);
#7053=EDGE_LOOP('',(#7052));
#7054=FACE_BOUND('',#7053,.T.);
#7055=CARTESIAN_POINT('',(7.62,8.89,4.7));
#7056=DIRECTION('',(0.0,0.0,-1.0));
#7057=DIRECTION('',(0.0,-1.0,-0.0));
#7058=AXIS2_PLACEMENT_3D('',#7055,#7056,#7057);
#7059=CYLINDRICAL_SURFACE('',#7058,0.46);
#7060=ADVANCED_FACE('n° 5642',(#7043,#7054),#7059,.F.);
#7061=ORIENTED_EDGE('',*,*,#7051,.T.);
#7062=EDGE_LOOP('',(#7061));
#7063=FACE_OUTER_BOUND('',#7062,.T.);
#7064=ORIENTED_EDGE('',*,*,#7020,.F.);
#7065=EDGE_LOOP('',(#7064));
#7066=FACE_BOUND('',#7065,.T.);
#7067=CARTESIAN_POINT('',(7.62,8.89,4.7));
#7068=DIRECTION('',(0.0,-0.0,1.0));
#7069=DIRECTION('',(-0.0,1.0,0.0));
#7070=AXIS2_PLACEMENT_3D('',#7067,#7068,#7069);
#7071=CONICAL_SURFACE('',#7070,0.55,0.1868139283);
#7072=ADVANCED_FACE('n° 5647',(#7063,#7066),#7071,.F.);
#7073=CARTESIAN_POINT('',(7.62,8.652,2.2414586189));
#7074=VERTEX_POINT('',#7073);
#7075=CARTESIAN_POINT('',(7.62,8.89,2.2414586189));
#7076=DIRECTION('',(0.0,0.0,-1.0));
#7077=DIRECTION('',(0.0,-1.0,-0.0));
#7078=AXIS2_PLACEMENT_3D('',#7075,#7076,#7077);
#7079=CIRCLE('',#7078,0.238);
#7080=EDGE_CURVE('n° 5636',#7074,#7074,#7079,.T.);
#7081=ORIENTED_EDGE('',*,*,#7080,.F.);
#7082=EDGE_LOOP('',(#7081));
#7083=FACE_OUTER_BOUND('',#7082,.T.);
#7084=CARTESIAN_POINT('',(7.62,8.89,2.2414586189));
#7085=DIRECTION('',(0.0,0.0,-1.0));
#7086=DIRECTION('',(0.0,-1.0,-0.0));
#7087=AXIS2_PLACEMENT_3D('',#7084,#7085,#7086);
#7088=PLANE('',#7087);
#7089=ADVANCED_FACE('n° 5661',(#7083),#7088,.F.);
#7090=ORIENTED_EDGE('',*,*,#7080,.T.);
#7091=EDGE_LOOP('',(#7090));
#7092=FACE_OUTER_BOUND('',#7091,.T.);
#7093=ORIENTED_EDGE('',*,*,#7040,.F.);
#7094=EDGE_LOOP('',(#7093));
#7095=FACE_BOUND('',#7094,.T.);
#7096=CARTESIAN_POINT('',(7.62,8.89,3.7238547069));
#7097=DIRECTION('',(0.0,-0.0,1.0));
#7098=DIRECTION('',(-0.0,1.0,0.0));
#7099=AXIS2_PLACEMENT_3D('',#7096,#7097,#7098);
#7100=CONICAL_SURFACE('',#7099,0.46,0.1486528201);
#7101=ADVANCED_FACE('n° 5665',(#7092,#7095),#7100,.F.);
#7102=CARTESIAN_POINT('',(7.62,10.88,4.7));
#7103=VERTEX_POINT('',#7102);
#7104=CARTESIAN_POINT('',(7.62,11.43,4.7));
#7105=DIRECTION('',(0.0,0.0,-1.0));
#7106=DIRECTION('',(0.0,-1.0,-0.0));
#7107=AXIS2_PLACEMENT_3D('',#7104,#7105,#7106);
#7108=CIRCLE('',#7107,0.55);
#7109=EDGE_CURVE('n° 5692',#7103,#7103,#7108,.T.);
#7110=ORIENTED_EDGE('',*,*,#7109,.T.);
#7111=EDGE_LOOP('',(#7110));
#7112=FACE_OUTER_BOUND('',#7111,.T.);
#7113=ORIENTED_EDGE('',*,*,#3118,.F.);
#7114=EDGE_LOOP('',(#7113));
#7115=FACE_BOUND('',#7114,.T.);
#7116=CARTESIAN_POINT('',(7.62,11.43,4.7));
#7117=DIRECTION('',(0.0,0.0,-1.0));
#7118=DIRECTION('',(0.0,-1.0,-0.0));
#7119=AXIS2_PLACEMENT_3D('',#7116,#7117,#7118);
#7120=CYLINDRICAL_SURFACE('',#7119,0.55);
#7121=ADVANCED_FACE('n° 5710',(#7112,#7115),#7120,.F.);
#7122=CARTESIAN_POINT('',(7.62,10.97,3.7238547069));
#7123=VERTEX_POINT('',#7122);
#7124=CARTESIAN_POINT('',(7.62,11.43,3.7238547069));
#7125=DIRECTION('',(0.0,0.0,-1.0));
#7126=DIRECTION('',(0.0,-1.0,-0.0));
#7127=AXIS2_PLACEMENT_3D('',#7124,#7125,#7126);
#7128=CIRCLE('',#7127,0.46);
#7129=EDGE_CURVE('n° 5695',#7123,#7123,#7128,.T.);
#7130=ORIENTED_EDGE('',*,*,#7129,.T.);
#7131=EDGE_LOOP('',(#7130));
#7132=FACE_OUTER_BOUND('',#7131,.T.);
#7133=CARTESIAN_POINT('',(7.62,10.97,4.2238547069));
#7134=VERTEX_POINT('',#7133);
#7135=CARTESIAN_POINT('',(7.62,11.43,4.2238547069));
#7136=DIRECTION('',(0.0,0.0,-1.0));
#7137=DIRECTION('',(0.0,-1.0,-0.0));
#7138=AXIS2_PLACEMENT_3D('',#7135,#7136,#7137);
#7139=CIRCLE('',#7138,0.46);
#7140=EDGE_CURVE('n° 5691',#7134,#7134,#7139,.T.);
#7141=ORIENTED_EDGE('',*,*,#7140,.F.);
#7142=EDGE_LOOP('',(#7141));
#7143=FACE_BOUND('',#7142,.T.);
#7144=CARTESIAN_POINT('',(7.62,11.43,4.7));
#7145=DIRECTION('',(0.0,0.0,-1.0));
#7146=DIRECTION('',(0.0,-1.0,-0.0));
#7147=AXIS2_PLACEMENT_3D('',#7144,#7145,#7146);
#7148=CYLINDRICAL_SURFACE('',#7147,0.46);
#7149=ADVANCED_FACE('n° 5700',(#7132,#7143),#7148,.F.);
#7150=ORIENTED_EDGE('',*,*,#7140,.T.);
#7151=EDGE_LOOP('',(#7150));
#7152=FACE_OUTER_BOUND('',#7151,.T.);
#7153=ORIENTED_EDGE('',*,*,#7109,.F.);
#7154=EDGE_LOOP('',(#7153));
#7155=FACE_BOUND('',#7154,.T.);
#7156=CARTESIAN_POINT('',(7.62,11.43,4.7));
#7157=DIRECTION('',(0.0,-0.0,1.0));
#7158=DIRECTION('',(-0.0,1.0,0.0));
#7159=AXIS2_PLACEMENT_3D('',#7156,#7157,#7158);
#7160=CONICAL_SURFACE('',#7159,0.55,0.1868139283);
#7161=ADVANCED_FACE('n° 5705',(#7152,#7155),#7160,.F.);
#7162=CARTESIAN_POINT('',(7.62,11.192,2.2414586189));
#7163=VERTEX_POINT('',#7162);
#7164=CARTESIAN_POINT('',(7.62,11.43,2.2414586189));
#7165=DIRECTION('',(0.0,0.0,-1.0));
#7166=DIRECTION('',(0.0,-1.0,-0.0));
#7167=AXIS2_PLACEMENT_3D('',#7164,#7165,#7166);
#7168=CIRCLE('',#7167,0.238);
#7169=EDGE_CURVE('n° 5694',#7163,#7163,#7168,.T.);
#7170=ORIENTED_EDGE('',*,*,#7169,.F.);
#7171=EDGE_LOOP('',(#7170));
#7172=FACE_OUTER_BOUND('',#7171,.T.);
#7173=CARTESIAN_POINT('',(7.62,11.43,2.2414586189));
#7174=DIRECTION('',(0.0,0.0,-1.0));
#7175=DIRECTION('',(0.0,-1.0,-0.0));
#7176=AXIS2_PLACEMENT_3D('',#7173,#7174,#7175);
#7177=PLANE('',#7176);
#7178=ADVANCED_FACE('n° 5719',(#7172),#7177,.F.);
#7179=ORIENTED_EDGE('',*,*,#7169,.T.);
#7180=EDGE_LOOP('',(#7179));
#7181=FACE_OUTER_BOUND('',#7180,.T.);
#7182=ORIENTED_EDGE('',*,*,#7129,.F.);
#7183=EDGE_LOOP('',(#7182));
#7184=FACE_BOUND('',#7183,.T.);
#7185=CARTESIAN_POINT('',(7.62,11.43,3.7238547069));
#7186=DIRECTION('',(0.0,-0.0,1.0));
#7187=DIRECTION('',(-0.0,1.0,0.0));
#7188=AXIS2_PLACEMENT_3D('',#7185,#7186,#7187);
#7189=CONICAL_SURFACE('',#7188,0.46,0.1486528201);
#7190=ADVANCED_FACE('n° 5723',(#7181,#7184),#7189,.F.);
#7191=CARTESIAN_POINT('',(7.62,13.42,4.7));
#7192=VERTEX_POINT('',#7191);
#7193=CARTESIAN_POINT('',(7.62,13.97,4.7));
#7194=DIRECTION('',(0.0,0.0,-1.0));
#7195=DIRECTION('',(0.0,-1.0,-0.0));
#7196=AXIS2_PLACEMENT_3D('',#7193,#7194,#7195);
#7197=CIRCLE('',#7196,0.55);
#7198=EDGE_CURVE('n° 5750',#7192,#7192,#7197,.T.);
#7199=ORIENTED_EDGE('',*,*,#7198,.T.);
#7200=EDGE_LOOP('',(#7199));
#7201=FACE_OUTER_BOUND('',#7200,.T.);
#7202=ORIENTED_EDGE('',*,*,#3227,.F.);
#7203=EDGE_LOOP('',(#7202));
#7204=FACE_BOUND('',#7203,.T.);
#7205=CARTESIAN_POINT('',(7.62,13.97,4.7));
#7206=DIRECTION('',(0.0,0.0,-1.0));
#7207=DIRECTION('',(0.0,-1.0,-0.0));
#7208=AXIS2_PLACEMENT_3D('',#7205,#7206,#7207);
#7209=CYLINDRICAL_SURFACE('',#7208,0.55);
#7210=ADVANCED_FACE('n° 5768',(#7201,#7204),#7209,.F.);
#7211=CARTESIAN_POINT('',(7.62,13.51,3.7238547069));
#7212=VERTEX_POINT('',#7211);
#7213=CARTESIAN_POINT('',(7.62,13.97,3.7238547069));
#7214=DIRECTION('',(0.0,0.0,-1.0));
#7215=DIRECTION('',(0.0,-1.0,-0.0));
#7216=AXIS2_PLACEMENT_3D('',#7213,#7214,#7215);
#7217=CIRCLE('',#7216,0.46);
#7218=EDGE_CURVE('n° 5753',#7212,#7212,#7217,.T.);
#7219=ORIENTED_EDGE('',*,*,#7218,.T.);
#7220=EDGE_LOOP('',(#7219));
#7221=FACE_OUTER_BOUND('',#7220,.T.);
#7222=CARTESIAN_POINT('',(7.62,13.51,4.2238547069));
#7223=VERTEX_POINT('',#7222);
#7224=CARTESIAN_POINT('',(7.62,13.97,4.2238547069));
#7225=DIRECTION('',(0.0,0.0,-1.0));
#7226=DIRECTION('',(0.0,-1.0,-0.0));
#7227=AXIS2_PLACEMENT_3D('',#7224,#7225,#7226);
#7228=CIRCLE('',#7227,0.46);
#7229=EDGE_CURVE('n° 5749',#7223,#7223,#7228,.T.);
#7230=ORIENTED_EDGE('',*,*,#7229,.F.);
#7231=EDGE_LOOP('',(#7230));
#7232=FACE_BOUND('',#7231,.T.);
#7233=CARTESIAN_POINT('',(7.62,13.97,4.7));
#7234=DIRECTION('',(0.0,0.0,-1.0));
#7235=DIRECTION('',(0.0,-1.0,-0.0));
#7236=AXIS2_PLACEMENT_3D('',#7233,#7234,#7235);
#7237=CYLINDRICAL_SURFACE('',#7236,0.46);
#7238=ADVANCED_FACE('n° 5758',(#7221,#7232),#7237,.F.);
#7239=ORIENTED_EDGE('',*,*,#7229,.T.);
#7240=EDGE_LOOP('',(#7239));
#7241=FACE_OUTER_BOUND('',#7240,.T.);
#7242=ORIENTED_EDGE('',*,*,#7198,.F.);
#7243=EDGE_LOOP('',(#7242));
#7244=FACE_BOUND('',#7243,.T.);
#7245=CARTESIAN_POINT('',(7.62,13.97,4.7));
#7246=DIRECTION('',(0.0,-0.0,1.0));
#7247=DIRECTION('',(-0.0,1.0,0.0));
#7248=AXIS2_PLACEMENT_3D('',#7245,#7246,#7247);
#7249=CONICAL_SURFACE('',#7248,0.55,0.1868139283);
#7250=ADVANCED_FACE('n° 5763',(#7241,#7244),#7249,.F.);
#7251=CARTESIAN_POINT('',(7.62,13.732,2.2414586189));
#7252=VERTEX_POINT('',#7251);
#7253=CARTESIAN_POINT('',(7.62,13.97,2.2414586189));
#7254=DIRECTION('',(0.0,0.0,-1.0));
#7255=DIRECTION('',(0.0,-1.0,-0.0));
#7256=AXIS2_PLACEMENT_3D('',#7253,#7254,#7255);
#7257=CIRCLE('',#7256,0.238);
#7258=EDGE_CURVE('n° 5752',#7252,#7252,#7257,.T.);
#7259=ORIENTED_EDGE('',*,*,#7258,.F.);
#7260=EDGE_LOOP('',(#7259));
#7261=FACE_OUTER_BOUND('',#7260,.T.);
#7262=CARTESIAN_POINT('',(7.62,13.97,2.2414586189));
#7263=DIRECTION('',(0.0,0.0,-1.0));
#7264=DIRECTION('',(0.0,-1.0,-0.0));
#7265=AXIS2_PLACEMENT_3D('',#7262,#7263,#7264);
#7266=PLANE('',#7265);
#7267=ADVANCED_FACE('n° 5777',(#7261),#7266,.F.);
#7268=ORIENTED_EDGE('',*,*,#7258,.T.);
#7269=EDGE_LOOP('',(#7268));
#7270=FACE_OUTER_BOUND('',#7269,.T.);
#7271=ORIENTED_EDGE('',*,*,#7218,.F.);
#7272=EDGE_LOOP('',(#7271));
#7273=FACE_BOUND('',#7272,.T.);
#7274=CARTESIAN_POINT('',(7.62,13.97,3.7238547069));
#7275=DIRECTION('',(0.0,-0.0,1.0));
#7276=DIRECTION('',(-0.0,1.0,0.0));
#7277=AXIS2_PLACEMENT_3D('',#7274,#7275,#7276);
#7278=CONICAL_SURFACE('',#7277,0.46,0.1486528201);
#7279=ADVANCED_FACE('n° 5781',(#7270,#7273),#7278,.F.);
#7280=CARTESIAN_POINT('',(7.62,15.96,4.7));
#7281=VERTEX_POINT('',#7280);
#7282=CARTESIAN_POINT('',(7.62,16.51,4.7));
#7283=DIRECTION('',(0.0,0.0,-1.0));
#7284=DIRECTION('',(0.0,-1.0,-0.0));
#7285=AXIS2_PLACEMENT_3D('',#7282,#7283,#7284);
#7286=CIRCLE('',#7285,0.55);
#7287=EDGE_CURVE('n° 5808',#7281,#7281,#7286,.T.);
#7288=ORIENTED_EDGE('',*,*,#7287,.T.);
#7289=EDGE_LOOP('',(#7288));
#7290=FACE_OUTER_BOUND('',#7289,.T.);
#7291=ORIENTED_EDGE('',*,*,#3336,.F.);
#7292=EDGE_LOOP('',(#7291));
#7293=FACE_BOUND('',#7292,.T.);
#7294=CARTESIAN_POINT('',(7.62,16.51,4.7));
#7295=DIRECTION('',(0.0,0.0,-1.0));
#7296=DIRECTION('',(0.0,-1.0,-0.0));
#7297=AXIS2_PLACEMENT_3D('',#7294,#7295,#7296);
#7298=CYLINDRICAL_SURFACE('',#7297,0.55);
#7299=ADVANCED_FACE('n° 5826',(#7290,#7293),#7298,.F.);
#7300=CARTESIAN_POINT('',(7.62,16.05,3.7238547069));
#7301=VERTEX_POINT('',#7300);
#7302=CARTESIAN_POINT('',(7.62,16.51,3.7238547069));
#7303=DIRECTION('',(0.0,0.0,-1.0));
#7304=DIRECTION('',(0.0,-1.0,-0.0));
#7305=AXIS2_PLACEMENT_3D('',#7302,#7303,#7304);
#7306=CIRCLE('',#7305,0.46);
#7307=EDGE_CURVE('n° 5811',#7301,#7301,#7306,.T.);
#7308=ORIENTED_EDGE('',*,*,#7307,.T.);
#7309=EDGE_LOOP('',(#7308));
#7310=FACE_OUTER_BOUND('',#7309,.T.);
#7311=CARTESIAN_POINT('',(7.62,16.05,4.2238547069));
#7312=VERTEX_POINT('',#7311);
#7313=CARTESIAN_POINT('',(7.62,16.51,4.2238547069));
#7314=DIRECTION('',(0.0,0.0,-1.0));
#7315=DIRECTION('',(0.0,-1.0,-0.0));
#7316=AXIS2_PLACEMENT_3D('',#7313,#7314,#7315);
#7317=CIRCLE('',#7316,0.46);
#7318=EDGE_CURVE('n° 5807',#7312,#7312,#7317,.T.);
#7319=ORIENTED_EDGE('',*,*,#7318,.F.);
#7320=EDGE_LOOP('',(#7319));
#7321=FACE_BOUND('',#7320,.T.);
#7322=CARTESIAN_POINT('',(7.62,16.51,4.7));
#7323=DIRECTION('',(0.0,0.0,-1.0));
#7324=DIRECTION('',(0.0,-1.0,-0.0));
#7325=AXIS2_PLACEMENT_3D('',#7322,#7323,#7324);
#7326=CYLINDRICAL_SURFACE('',#7325,0.46);
#7327=ADVANCED_FACE('n° 5816',(#7310,#7321),#7326,.F.);
#7328=ORIENTED_EDGE('',*,*,#7318,.T.);
#7329=EDGE_LOOP('',(#7328));
#7330=FACE_OUTER_BOUND('',#7329,.T.);
#7331=ORIENTED_EDGE('',*,*,#7287,.F.);
#7332=EDGE_LOOP('',(#7331));
#7333=FACE_BOUND('',#7332,.T.);
#7334=CARTESIAN_POINT('',(7.62,16.51,4.7));
#7335=DIRECTION('',(0.0,-0.0,1.0));
#7336=DIRECTION('',(-0.0,1.0,0.0));
#7337=AXIS2_PLACEMENT_3D('',#7334,#7335,#7336);
#7338=CONICAL_SURFACE('',#7337,0.55,0.1868139283);
#7339=ADVANCED_FACE('n° 5821',(#7330,#7333),#7338,.F.);
#7340=CARTESIAN_POINT('',(7.62,16.272,2.2414586189));
#7341=VERTEX_POINT('',#7340);
#7342=CARTESIAN_POINT('',(7.62,16.51,2.2414586189));
#7343=DIRECTION('',(0.0,0.0,-1.0));
#7344=DIRECTION('',(0.0,-1.0,-0.0));
#7345=AXIS2_PLACEMENT_3D('',#7342,#7343,#7344);
#7346=CIRCLE('',#7345,0.238);
#7347=EDGE_CURVE('n° 5810',#7341,#7341,#7346,.T.);
#7348=ORIENTED_EDGE('',*,*,#7347,.F.);
#7349=EDGE_LOOP('',(#7348));
#7350=FACE_OUTER_BOUND('',#7349,.T.);
#7351=CARTESIAN_POINT('',(7.62,16.51,2.2414586189));
#7352=DIRECTION('',(0.0,0.0,-1.0));
#7353=DIRECTION('',(0.0,-1.0,-0.0));
#7354=AXIS2_PLACEMENT_3D('',#7351,#7352,#7353);
#7355=PLANE('',#7354);
#7356=ADVANCED_FACE('n° 5835',(#7350),#7355,.F.);
#7357=ORIENTED_EDGE('',*,*,#7347,.T.);
#7358=EDGE_LOOP('',(#7357));
#7359=FACE_OUTER_BOUND('',#7358,.T.);
#7360=ORIENTED_EDGE('',*,*,#7307,.F.);
#7361=EDGE_LOOP('',(#7360));
#7362=FACE_BOUND('',#7361,.T.);
#7363=CARTESIAN_POINT('',(7.62,16.51,3.7238547069));
#7364=DIRECTION('',(0.0,-0.0,1.0));
#7365=DIRECTION('',(-0.0,1.0,0.0));
#7366=AXIS2_PLACEMENT_3D('',#7363,#7364,#7365);
#7367=CONICAL_SURFACE('',#7366,0.46,0.1486528201);
#7368=ADVANCED_FACE('n° 5839',(#7359,#7362),#7367,.F.);
#7369=CARTESIAN_POINT('',(7.62,18.5,4.7));
#7370=VERTEX_POINT('',#7369);
#7371=CARTESIAN_POINT('',(7.62,19.05,4.7));
#7372=DIRECTION('',(0.0,0.0,-1.0));
#7373=DIRECTION('',(0.0,-1.0,-0.0));
#7374=AXIS2_PLACEMENT_3D('',#7371,#7372,#7373);
#7375=CIRCLE('',#7374,0.55);
#7376=EDGE_CURVE('n° 5866',#7370,#7370,#7375,.T.);
#7377=ORIENTED_EDGE('',*,*,#7376,.T.);
#7378=EDGE_LOOP('',(#7377));
#7379=FACE_OUTER_BOUND('',#7378,.T.);
#7380=ORIENTED_EDGE('',*,*,#3445,.F.);
#7381=EDGE_LOOP('',(#7380));
#7382=FACE_BOUND('',#7381,.T.);
#7383=CARTESIAN_POINT('',(7.62,19.05,4.7));
#7384=DIRECTION('',(0.0,0.0,-1.0));
#7385=DIRECTION('',(0.0,-1.0,-0.0));
#7386=AXIS2_PLACEMENT_3D('',#7383,#7384,#7385);
#7387=CYLINDRICAL_SURFACE('',#7386,0.55);
#7388=ADVANCED_FACE('n° 5884',(#7379,#7382),#7387,.F.);
#7389=CARTESIAN_POINT('',(7.62,18.59,3.7238547069));
#7390=VERTEX_POINT('',#7389);
#7391=CARTESIAN_POINT('',(7.62,19.05,3.7238547069));
#7392=DIRECTION('',(0.0,0.0,-1.0));
#7393=DIRECTION('',(0.0,-1.0,-0.0));
#7394=AXIS2_PLACEMENT_3D('',#7391,#7392,#7393);
#7395=CIRCLE('',#7394,0.46);
#7396=EDGE_CURVE('n° 5869',#7390,#7390,#7395,.T.);
#7397=ORIENTED_EDGE('',*,*,#7396,.T.);
#7398=EDGE_LOOP('',(#7397));
#7399=FACE_OUTER_BOUND('',#7398,.T.);
#7400=CARTESIAN_POINT('',(7.62,18.59,4.2238547069));
#7401=VERTEX_POINT('',#7400);
#7402=CARTESIAN_POINT('',(7.62,19.05,4.2238547069));
#7403=DIRECTION('',(0.0,0.0,-1.0));
#7404=DIRECTION('',(0.0,-1.0,-0.0));
#7405=AXIS2_PLACEMENT_3D('',#7402,#7403,#7404);
#7406=CIRCLE('',#7405,0.46);
#7407=EDGE_CURVE('n° 5865',#7401,#7401,#7406,.T.);
#7408=ORIENTED_EDGE('',*,*,#7407,.F.);
#7409=EDGE_LOOP('',(#7408));
#7410=FACE_BOUND('',#7409,.T.);
#7411=CARTESIAN_POINT('',(7.62,19.05,4.7));
#7412=DIRECTION('',(0.0,0.0,-1.0));
#7413=DIRECTION('',(0.0,-1.0,-0.0));
#7414=AXIS2_PLACEMENT_3D('',#7411,#7412,#7413);
#7415=CYLINDRICAL_SURFACE('',#7414,0.46);
#7416=ADVANCED_FACE('n° 5874',(#7399,#7410),#7415,.F.);
#7417=ORIENTED_EDGE('',*,*,#7407,.T.);
#7418=EDGE_LOOP('',(#7417));
#7419=FACE_OUTER_BOUND('',#7418,.T.);
#7420=ORIENTED_EDGE('',*,*,#7376,.F.);
#7421=EDGE_LOOP('',(#7420));
#7422=FACE_BOUND('',#7421,.T.);
#7423=CARTESIAN_POINT('',(7.62,19.05,4.7));
#7424=DIRECTION('',(0.0,-0.0,1.0));
#7425=DIRECTION('',(-0.0,1.0,0.0));
#7426=AXIS2_PLACEMENT_3D('',#7423,#7424,#7425);
#7427=CONICAL_SURFACE('',#7426,0.55,0.1868139283);
#7428=ADVANCED_FACE('n° 5879',(#7419,#7422),#7427,.F.);
#7429=CARTESIAN_POINT('',(7.62,18.812,2.2414586189));
#7430=VERTEX_POINT('',#7429);
#7431=CARTESIAN_POINT('',(7.62,19.05,2.2414586189));
#7432=DIRECTION('',(0.0,0.0,-1.0));
#7433=DIRECTION('',(0.0,-1.0,-0.0));
#7434=AXIS2_PLACEMENT_3D('',#7431,#7432,#7433);
#7435=CIRCLE('',#7434,0.238);
#7436=EDGE_CURVE('n° 5868',#7430,#7430,#7435,.T.);
#7437=ORIENTED_EDGE('',*,*,#7436,.F.);
#7438=EDGE_LOOP('',(#7437));
#7439=FACE_OUTER_BOUND('',#7438,.T.);
#7440=CARTESIAN_POINT('',(7.62,19.05,2.2414586189));
#7441=DIRECTION('',(0.0,0.0,-1.0));
#7442=DIRECTION('',(0.0,-1.0,-0.0));
#7443=AXIS2_PLACEMENT_3D('',#7440,#7441,#7442);
#7444=PLANE('',#7443);
#7445=ADVANCED_FACE('n° 5893',(#7439),#7444,.F.);
#7446=ORIENTED_EDGE('',*,*,#7436,.T.);
#7447=EDGE_LOOP('',(#7446));
#7448=FACE_OUTER_BOUND('',#7447,.T.);
#7449=ORIENTED_EDGE('',*,*,#7396,.F.);
#7450=EDGE_LOOP('',(#7449));
#7451=FACE_BOUND('',#7450,.T.);
#7452=CARTESIAN_POINT('',(7.62,19.05,3.7238547069));
#7453=DIRECTION('',(0.0,-0.0,1.0));
#7454=DIRECTION('',(-0.0,1.0,0.0));
#7455=AXIS2_PLACEMENT_3D('',#7452,#7453,#7454);
#7456=CONICAL_SURFACE('',#7455,0.46,0.1486528201);
#7457=ADVANCED_FACE('n° 5897',(#7448,#7451),#7456,.F.);
#7458=CARTESIAN_POINT('',(7.62,21.04,4.7));
#7459=VERTEX_POINT('',#7458);
#7460=CARTESIAN_POINT('',(7.62,21.59,4.7));
#7461=DIRECTION('',(0.0,0.0,-1.0));
#7462=DIRECTION('',(0.0,-1.0,-0.0));
#7463=AXIS2_PLACEMENT_3D('',#7460,#7461,#7462);
#7464=CIRCLE('',#7463,0.55);
#7465=EDGE_CURVE('n° 5924',#7459,#7459,#7464,.T.);
#7466=ORIENTED_EDGE('',*,*,#7465,.T.);
#7467=EDGE_LOOP('',(#7466));
#7468=FACE_OUTER_BOUND('',#7467,.T.);
#7469=ORIENTED_EDGE('',*,*,#3554,.F.);
#7470=EDGE_LOOP('',(#7469));
#7471=FACE_BOUND('',#7470,.T.);
#7472=CARTESIAN_POINT('',(7.62,21.59,4.7));
#7473=DIRECTION('',(0.0,0.0,-1.0));
#7474=DIRECTION('',(0.0,-1.0,-0.0));
#7475=AXIS2_PLACEMENT_3D('',#7472,#7473,#7474);
#7476=CYLINDRICAL_SURFACE('',#7475,0.55);
#7477=ADVANCED_FACE('n° 5942',(#7468,#7471),#7476,.F.);
#7478=CARTESIAN_POINT('',(7.62,21.13,3.7238547069));
#7479=VERTEX_POINT('',#7478);
#7480=CARTESIAN_POINT('',(7.62,21.59,3.7238547069));
#7481=DIRECTION('',(0.0,0.0,-1.0));
#7482=DIRECTION('',(0.0,-1.0,-0.0));
#7483=AXIS2_PLACEMENT_3D('',#7480,#7481,#7482);
#7484=CIRCLE('',#7483,0.46);
#7485=EDGE_CURVE('n° 5927',#7479,#7479,#7484,.T.);
#7486=ORIENTED_EDGE('',*,*,#7485,.T.);
#7487=EDGE_LOOP('',(#7486));
#7488=FACE_OUTER_BOUND('',#7487,.T.);
#7489=CARTESIAN_POINT('',(7.62,21.13,4.2238547069));
#7490=VERTEX_POINT('',#7489);
#7491=CARTESIAN_POINT('',(7.62,21.59,4.2238547069));
#7492=DIRECTION('',(0.0,0.0,-1.0));
#7493=DIRECTION('',(0.0,-1.0,-0.0));
#7494=AXIS2_PLACEMENT_3D('',#7491,#7492,#7493);
#7495=CIRCLE('',#7494,0.46);
#7496=EDGE_CURVE('n° 5923',#7490,#7490,#7495,.T.);
#7497=ORIENTED_EDGE('',*,*,#7496,.F.);
#7498=EDGE_LOOP('',(#7497));
#7499=FACE_BOUND('',#7498,.T.);
#7500=CARTESIAN_POINT('',(7.62,21.59,4.7));
#7501=DIRECTION('',(0.0,0.0,-1.0));
#7502=DIRECTION('',(0.0,-1.0,-0.0));
#7503=AXIS2_PLACEMENT_3D('',#7500,#7501,#7502);
#7504=CYLINDRICAL_SURFACE('',#7503,0.46);
#7505=ADVANCED_FACE('n° 5932',(#7488,#7499),#7504,.F.);
#7506=ORIENTED_EDGE('',*,*,#7496,.T.);
#7507=EDGE_LOOP('',(#7506));
#7508=FACE_OUTER_BOUND('',#7507,.T.);
#7509=ORIENTED_EDGE('',*,*,#7465,.F.);
#7510=EDGE_LOOP('',(#7509));
#7511=FACE_BOUND('',#7510,.T.);
#7512=CARTESIAN_POINT('',(7.62,21.59,4.7));
#7513=DIRECTION('',(0.0,-0.0,1.0));
#7514=DIRECTION('',(-0.0,1.0,0.0));
#7515=AXIS2_PLACEMENT_3D('',#7512,#7513,#7514);
#7516=CONICAL_SURFACE('',#7515,0.55,0.1868139283);
#7517=ADVANCED_FACE('n° 5937',(#7508,#7511),#7516,.F.);
#7518=CARTESIAN_POINT('',(7.62,21.352,2.2414586189));
#7519=VERTEX_POINT('',#7518);
#7520=CARTESIAN_POINT('',(7.62,21.59,2.2414586189));
#7521=DIRECTION('',(0.0,0.0,-1.0));
#7522=DIRECTION('',(0.0,-1.0,-0.0));
#7523=AXIS2_PLACEMENT_3D('',#7520,#7521,#7522);
#7524=CIRCLE('',#7523,0.238);
#7525=EDGE_CURVE('n° 5926',#7519,#7519,#7524,.T.);
#7526=ORIENTED_EDGE('',*,*,#7525,.F.);
#7527=EDGE_LOOP('',(#7526));
#7528=FACE_OUTER_BOUND('',#7527,.T.);
#7529=CARTESIAN_POINT('',(7.62,21.59,2.2414586189));
#7530=DIRECTION('',(0.0,0.0,-1.0));
#7531=DIRECTION('',(0.0,-1.0,-0.0));
#7532=AXIS2_PLACEMENT_3D('',#7529,#7530,#7531);
#7533=PLANE('',#7532);
#7534=ADVANCED_FACE('n° 5951',(#7528),#7533,.F.);
#7535=ORIENTED_EDGE('',*,*,#7525,.T.);
#7536=EDGE_LOOP('',(#7535));
#7537=FACE_OUTER_BOUND('',#7536,.T.);
#7538=ORIENTED_EDGE('',*,*,#7485,.F.);
#7539=EDGE_LOOP('',(#7538));
#7540=FACE_BOUND('',#7539,.T.);
#7541=CARTESIAN_POINT('',(7.62,21.59,3.7238547069));
#7542=DIRECTION('',(0.0,-0.0,1.0));
#7543=DIRECTION('',(-0.0,1.0,0.0));
#7544=AXIS2_PLACEMENT_3D('',#7541,#7542,#7543);
#7545=CONICAL_SURFACE('',#7544,0.46,0.1486528201);
#7546=ADVANCED_FACE('n° 5955',(#7537,#7540),#7545,.F.);
#7547=CARTESIAN_POINT('',(7.62,23.58,4.7));
#7548=VERTEX_POINT('',#7547);
#7549=CARTESIAN_POINT('',(7.62,24.13,4.7));
#7550=DIRECTION('',(0.0,0.0,-1.0));
#7551=DIRECTION('',(0.0,-1.0,-0.0));
#7552=AXIS2_PLACEMENT_3D('',#7549,#7550,#7551);
#7553=CIRCLE('',#7552,0.55);
#7554=EDGE_CURVE('n° 5982',#7548,#7548,#7553,.T.);
#7555=ORIENTED_EDGE('',*,*,#7554,.T.);
#7556=EDGE_LOOP('',(#7555));
#7557=FACE_OUTER_BOUND('',#7556,.T.);
#7558=ORIENTED_EDGE('',*,*,#3663,.F.);
#7559=EDGE_LOOP('',(#7558));
#7560=FACE_BOUND('',#7559,.T.);
#7561=CARTESIAN_POINT('',(7.62,24.13,4.7));
#7562=DIRECTION('',(0.0,0.0,-1.0));
#7563=DIRECTION('',(0.0,-1.0,-0.0));
#7564=AXIS2_PLACEMENT_3D('',#7561,#7562,#7563);
#7565=CYLINDRICAL_SURFACE('',#7564,0.55);
#7566=ADVANCED_FACE('n° 6000',(#7557,#7560),#7565,.F.);
#7567=CARTESIAN_POINT('',(7.62,23.67,3.7238547069));
#7568=VERTEX_POINT('',#7567);
#7569=CARTESIAN_POINT('',(7.62,24.13,3.7238547069));
#7570=DIRECTION('',(0.0,0.0,-1.0));
#7571=DIRECTION('',(0.0,-1.0,-0.0));
#7572=AXIS2_PLACEMENT_3D('',#7569,#7570,#7571);
#7573=CIRCLE('',#7572,0.46);
#7574=EDGE_CURVE('n° 5985',#7568,#7568,#7573,.T.);
#7575=ORIENTED_EDGE('',*,*,#7574,.T.);
#7576=EDGE_LOOP('',(#7575));
#7577=FACE_OUTER_BOUND('',#7576,.T.);
#7578=CARTESIAN_POINT('',(7.62,23.67,4.2238547069));
#7579=VERTEX_POINT('',#7578);
#7580=CARTESIAN_POINT('',(7.62,24.13,4.2238547069));
#7581=DIRECTION('',(0.0,0.0,-1.0));
#7582=DIRECTION('',(0.0,-1.0,-0.0));
#7583=AXIS2_PLACEMENT_3D('',#7580,#7581,#7582);
#7584=CIRCLE('',#7583,0.46);
#7585=EDGE_CURVE('n° 5981',#7579,#7579,#7584,.T.);
#7586=ORIENTED_EDGE('',*,*,#7585,.F.);
#7587=EDGE_LOOP('',(#7586));
#7588=FACE_BOUND('',#7587,.T.);
#7589=CARTESIAN_POINT('',(7.62,24.13,4.7));
#7590=DIRECTION('',(0.0,0.0,-1.0));
#7591=DIRECTION('',(0.0,-1.0,-0.0));
#7592=AXIS2_PLACEMENT_3D('',#7589,#7590,#7591);
#7593=CYLINDRICAL_SURFACE('',#7592,0.46);
#7594=ADVANCED_FACE('n° 5990',(#7577,#7588),#7593,.F.);
#7595=ORIENTED_EDGE('',*,*,#7585,.T.);
#7596=EDGE_LOOP('',(#7595));
#7597=FACE_OUTER_BOUND('',#7596,.T.);
#7598=ORIENTED_EDGE('',*,*,#7554,.F.);
#7599=EDGE_LOOP('',(#7598));
#7600=FACE_BOUND('',#7599,.T.);
#7601=CARTESIAN_POINT('',(7.62,24.13,4.7));
#7602=DIRECTION('',(0.0,-0.0,1.0));
#7603=DIRECTION('',(-0.0,1.0,0.0));
#7604=AXIS2_PLACEMENT_3D('',#7601,#7602,#7603);
#7605=CONICAL_SURFACE('',#7604,0.55,0.1868139283);
#7606=ADVANCED_FACE('n° 5995',(#7597,#7600),#7605,.F.);
#7607=CARTESIAN_POINT('',(7.62,23.892,2.2414586189));
#7608=VERTEX_POINT('',#7607);
#7609=CARTESIAN_POINT('',(7.62,24.13,2.2414586189));
#7610=DIRECTION('',(0.0,0.0,-1.0));
#7611=DIRECTION('',(0.0,-1.0,-0.0));
#7612=AXIS2_PLACEMENT_3D('',#7609,#7610,#7611);
#7613=CIRCLE('',#7612,0.238);
#7614=EDGE_CURVE('n° 5984',#7608,#7608,#7613,.T.);
#7615=ORIENTED_EDGE('',*,*,#7614,.F.);
#7616=EDGE_LOOP('',(#7615));
#7617=FACE_OUTER_BOUND('',#7616,.T.);
#7618=CARTESIAN_POINT('',(7.62,24.13,2.2414586189));
#7619=DIRECTION('',(0.0,0.0,-1.0));
#7620=DIRECTION('',(0.0,-1.0,-0.0));
#7621=AXIS2_PLACEMENT_3D('',#7618,#7619,#7620);
#7622=PLANE('',#7621);
#7623=ADVANCED_FACE('n° 6009',(#7617),#7622,.F.);
#7624=ORIENTED_EDGE('',*,*,#7614,.T.);
#7625=EDGE_LOOP('',(#7624));
#7626=FACE_OUTER_BOUND('',#7625,.T.);
#7627=ORIENTED_EDGE('',*,*,#7574,.F.);
#7628=EDGE_LOOP('',(#7627));
#7629=FACE_BOUND('',#7628,.T.);
#7630=CARTESIAN_POINT('',(7.62,24.13,3.7238547069));
#7631=DIRECTION('',(0.0,-0.0,1.0));
#7632=DIRECTION('',(-0.0,1.0,0.0));
#7633=AXIS2_PLACEMENT_3D('',#7630,#7631,#7632);
#7634=CONICAL_SURFACE('',#7633,0.46,0.1486528201);
#7635=ADVANCED_FACE('n° 6013',(#7626,#7629),#7634,.F.);
#7636=CARTESIAN_POINT('',(-7.62,-24.68,4.7));
#7637=VERTEX_POINT('',#7636);
#7638=CARTESIAN_POINT('',(-7.62,-24.13,4.7));
#7639=DIRECTION('',(0.0,0.0,-1.0));
#7640=DIRECTION('',(0.0,-1.0,-0.0));
#7641=AXIS2_PLACEMENT_3D('',#7638,#7639,#7640);
#7642=CIRCLE('',#7641,0.55);
#7643=EDGE_CURVE('n° 6040',#7637,#7637,#7642,.T.);
#7644=ORIENTED_EDGE('',*,*,#7643,.T.);
#7645=EDGE_LOOP('',(#7644));
#7646=FACE_OUTER_BOUND('',#7645,.T.);
#7647=ORIENTED_EDGE('',*,*,#3683,.F.);
#7648=EDGE_LOOP('',(#7647));
#7649=FACE_BOUND('',#7648,.T.);
#7650=CARTESIAN_POINT('',(-7.62,-24.13,4.7));
#7651=DIRECTION('',(0.0,0.0,-1.0));
#7652=DIRECTION('',(0.0,-1.0,-0.0));
#7653=AXIS2_PLACEMENT_3D('',#7650,#7651,#7652);
#7654=CYLINDRICAL_SURFACE('',#7653,0.55);
#7655=ADVANCED_FACE('n° 6058',(#7646,#7649),#7654,.F.);
#7656=CARTESIAN_POINT('',(-7.62,-24.59,3.7238547069));
#7657=VERTEX_POINT('',#7656);
#7658=CARTESIAN_POINT('',(-7.62,-24.13,3.7238547069));
#7659=DIRECTION('',(0.0,0.0,-1.0));
#7660=DIRECTION('',(0.0,-1.0,-0.0));
#7661=AXIS2_PLACEMENT_3D('',#7658,#7659,#7660);
#7662=CIRCLE('',#7661,0.46);
#7663=EDGE_CURVE('n° 6043',#7657,#7657,#7662,.T.);
#7664=ORIENTED_EDGE('',*,*,#7663,.T.);
#7665=EDGE_LOOP('',(#7664));
#7666=FACE_OUTER_BOUND('',#7665,.T.);
#7667=CARTESIAN_POINT('',(-7.62,-24.59,4.2238547069));
#7668=VERTEX_POINT('',#7667);
#7669=CARTESIAN_POINT('',(-7.62,-24.13,4.2238547069));
#7670=DIRECTION('',(0.0,0.0,-1.0));
#7671=DIRECTION('',(0.0,-1.0,-0.0));
#7672=AXIS2_PLACEMENT_3D('',#7669,#7670,#7671);
#7673=CIRCLE('',#7672,0.46);
#7674=EDGE_CURVE('n° 6039',#7668,#7668,#7673,.T.);
#7675=ORIENTED_EDGE('',*,*,#7674,.F.);
#7676=EDGE_LOOP('',(#7675));
#7677=FACE_BOUND('',#7676,.T.);
#7678=CARTESIAN_POINT('',(-7.62,-24.13,4.7));
#7679=DIRECTION('',(0.0,0.0,-1.0));
#7680=DIRECTION('',(0.0,-1.0,-0.0));
#7681=AXIS2_PLACEMENT_3D('',#7678,#7679,#7680);
#7682=CYLINDRICAL_SURFACE('',#7681,0.46);
#7683=ADVANCED_FACE('n° 6048',(#7666,#7677),#7682,.F.);
#7684=ORIENTED_EDGE('',*,*,#7674,.T.);
#7685=EDGE_LOOP('',(#7684));
#7686=FACE_OUTER_BOUND('',#7685,.T.);
#7687=ORIENTED_EDGE('',*,*,#7643,.F.);
#7688=EDGE_LOOP('',(#7687));
#7689=FACE_BOUND('',#7688,.T.);
#7690=CARTESIAN_POINT('',(-7.62,-24.13,4.7));
#7691=DIRECTION('',(0.0,-0.0,1.0));
#7692=DIRECTION('',(-0.0,1.0,0.0));
#7693=AXIS2_PLACEMENT_3D('',#7690,#7691,#7692);
#7694=CONICAL_SURFACE('',#7693,0.55,0.1868139283);
#7695=ADVANCED_FACE('n° 6053',(#7686,#7689),#7694,.F.);
#7696=CARTESIAN_POINT('',(-7.62,-24.368,2.2414586189));
#7697=VERTEX_POINT('',#7696);
#7698=CARTESIAN_POINT('',(-7.62,-24.13,2.2414586189));
#7699=DIRECTION('',(0.0,0.0,-1.0));
#7700=DIRECTION('',(0.0,-1.0,-0.0));
#7701=AXIS2_PLACEMENT_3D('',#7698,#7699,#7700);
#7702=CIRCLE('',#7701,0.238);
#7703=EDGE_CURVE('n° 6042',#7697,#7697,#7702,.T.);
#7704=ORIENTED_EDGE('',*,*,#7703,.F.);
#7705=EDGE_LOOP('',(#7704));
#7706=FACE_OUTER_BOUND('',#7705,.T.);
#7707=CARTESIAN_POINT('',(-7.62,-24.13,2.2414586189));
#7708=DIRECTION('',(0.0,0.0,-1.0));
#7709=DIRECTION('',(0.0,-1.0,-0.0));
#7710=AXIS2_PLACEMENT_3D('',#7707,#7708,#7709);
#7711=PLANE('',#7710);
#7712=ADVANCED_FACE('n° 6067',(#7706),#7711,.F.);
#7713=ORIENTED_EDGE('',*,*,#7703,.T.);
#7714=EDGE_LOOP('',(#7713));
#7715=FACE_OUTER_BOUND('',#7714,.T.);
#7716=ORIENTED_EDGE('',*,*,#7663,.F.);
#7717=EDGE_LOOP('',(#7716));
#7718=FACE_BOUND('',#7717,.T.);
#7719=CARTESIAN_POINT('',(-7.62,-24.13,3.7238547069));
#7720=DIRECTION('',(0.0,-0.0,1.0));
#7721=DIRECTION('',(-0.0,1.0,0.0));
#7722=AXIS2_PLACEMENT_3D('',#7719,#7720,#7721);
#7723=CONICAL_SURFACE('',#7722,0.46,0.1486528201);
#7724=ADVANCED_FACE('n° 6071',(#7715,#7718),#7723,.F.);
#7725=CARTESIAN_POINT('',(-7.62,-22.14,4.7));
#7726=VERTEX_POINT('',#7725);
#7727=CARTESIAN_POINT('',(-7.62,-21.59,4.7));
#7728=DIRECTION('',(0.0,0.0,-1.0));
#7729=DIRECTION('',(0.0,-1.0,-0.0));
#7730=AXIS2_PLACEMENT_3D('',#7727,#7728,#7729);
#7731=CIRCLE('',#7730,0.55);
#7732=EDGE_CURVE('n° 6098',#7726,#7726,#7731,.T.);
#7733=ORIENTED_EDGE('',*,*,#7732,.T.);
#7734=EDGE_LOOP('',(#7733));
#7735=FACE_OUTER_BOUND('',#7734,.T.);
#7736=ORIENTED_EDGE('',*,*,#3792,.F.);
#7737=EDGE_LOOP('',(#7736));
#7738=FACE_BOUND('',#7737,.T.);
#7739=CARTESIAN_POINT('',(-7.62,-21.59,4.7));
#7740=DIRECTION('',(0.0,0.0,-1.0));
#7741=DIRECTION('',(0.0,-1.0,-0.0));
#7742=AXIS2_PLACEMENT_3D('',#7739,#7740,#7741);
#7743=CYLINDRICAL_SURFACE('',#7742,0.55);
#7744=ADVANCED_FACE('n° 6116',(#7735,#7738),#7743,.F.);
#7745=CARTESIAN_POINT('',(-7.62,-22.05,3.7238547069));
#7746=VERTEX_POINT('',#7745);
#7747=CARTESIAN_POINT('',(-7.62,-21.59,3.7238547069));
#7748=DIRECTION('',(0.0,0.0,-1.0));
#7749=DIRECTION('',(0.0,-1.0,-0.0));
#7750=AXIS2_PLACEMENT_3D('',#7747,#7748,#7749);
#7751=CIRCLE('',#7750,0.46);
#7752=EDGE_CURVE('n° 6101',#7746,#7746,#7751,.T.);
#7753=ORIENTED_EDGE('',*,*,#7752,.T.);
#7754=EDGE_LOOP('',(#7753));
#7755=FACE_OUTER_BOUND('',#7754,.T.);
#7756=CARTESIAN_POINT('',(-7.62,-22.05,4.2238547069));
#7757=VERTEX_POINT('',#7756);
#7758=CARTESIAN_POINT('',(-7.62,-21.59,4.2238547069));
#7759=DIRECTION('',(0.0,0.0,-1.0));
#7760=DIRECTION('',(0.0,-1.0,-0.0));
#7761=AXIS2_PLACEMENT_3D('',#7758,#7759,#7760);
#7762=CIRCLE('',#7761,0.46);
#7763=EDGE_CURVE('n° 6097',#7757,#7757,#7762,.T.);
#7764=ORIENTED_EDGE('',*,*,#7763,.F.);
#7765=EDGE_LOOP('',(#7764));
#7766=FACE_BOUND('',#7765,.T.);
#7767=CARTESIAN_POINT('',(-7.62,-21.59,4.7));
#7768=DIRECTION('',(0.0,0.0,-1.0));
#7769=DIRECTION('',(0.0,-1.0,-0.0));
#7770=AXIS2_PLACEMENT_3D('',#7767,#7768,#7769);
#7771=CYLINDRICAL_SURFACE('',#7770,0.46);
#7772=ADVANCED_FACE('n° 6106',(#7755,#7766),#7771,.F.);
#7773=ORIENTED_EDGE('',*,*,#7763,.T.);
#7774=EDGE_LOOP('',(#7773));
#7775=FACE_OUTER_BOUND('',#7774,.T.);
#7776=ORIENTED_EDGE('',*,*,#7732,.F.);
#7777=EDGE_LOOP('',(#7776));
#7778=FACE_BOUND('',#7777,.T.);
#7779=CARTESIAN_POINT('',(-7.62,-21.59,4.7));
#7780=DIRECTION('',(0.0,-0.0,1.0));
#7781=DIRECTION('',(-0.0,1.0,0.0));
#7782=AXIS2_PLACEMENT_3D('',#7779,#7780,#7781);
#7783=CONICAL_SURFACE('',#7782,0.55,0.1868139283);
#7784=ADVANCED_FACE('n° 6111',(#7775,#7778),#7783,.F.);
#7785=CARTESIAN_POINT('',(-7.62,-21.828,2.2414586189));
#7786=VERTEX_POINT('',#7785);
#7787=CARTESIAN_POINT('',(-7.62,-21.59,2.2414586189));
#7788=DIRECTION('',(0.0,0.0,-1.0));
#7789=DIRECTION('',(0.0,-1.0,-0.0));
#7790=AXIS2_PLACEMENT_3D('',#7787,#7788,#7789);
#7791=CIRCLE('',#7790,0.238);
#7792=EDGE_CURVE('n° 6100',#7786,#7786,#7791,.T.);
#7793=ORIENTED_EDGE('',*,*,#7792,.F.);
#7794=EDGE_LOOP('',(#7793));
#7795=FACE_OUTER_BOUND('',#7794,.T.);
#7796=CARTESIAN_POINT('',(-7.62,-21.59,2.2414586189));
#7797=DIRECTION('',(0.0,0.0,-1.0));
#7798=DIRECTION('',(0.0,-1.0,-0.0));
#7799=AXIS2_PLACEMENT_3D('',#7796,#7797,#7798);
#7800=PLANE('',#7799);
#7801=ADVANCED_FACE('n° 6125',(#7795),#7800,.F.);
#7802=ORIENTED_EDGE('',*,*,#7792,.T.);
#7803=EDGE_LOOP('',(#7802));
#7804=FACE_OUTER_BOUND('',#7803,.T.);
#7805=ORIENTED_EDGE('',*,*,#7752,.F.);
#7806=EDGE_LOOP('',(#7805));
#7807=FACE_BOUND('',#7806,.T.);
#7808=CARTESIAN_POINT('',(-7.62,-21.59,3.7238547069));
#7809=DIRECTION('',(0.0,-0.0,1.0));
#7810=DIRECTION('',(-0.0,1.0,0.0));
#7811=AXIS2_PLACEMENT_3D('',#7808,#7809,#7810);
#7812=CONICAL_SURFACE('',#7811,0.46,0.1486528201);
#7813=ADVANCED_FACE('n° 6129',(#7804,#7807),#7812,.F.);
#7814=CARTESIAN_POINT('',(-7.62,-19.6,4.7));
#7815=VERTEX_POINT('',#7814);
#7816=CARTESIAN_POINT('',(-7.62,-19.05,4.7));
#7817=DIRECTION('',(0.0,0.0,-1.0));
#7818=DIRECTION('',(0.0,-1.0,-0.0));
#7819=AXIS2_PLACEMENT_3D('',#7816,#7817,#7818);
#7820=CIRCLE('',#7819,0.55);
#7821=EDGE_CURVE('n° 6156',#7815,#7815,#7820,.T.);
#7822=ORIENTED_EDGE('',*,*,#7821,.T.);
#7823=EDGE_LOOP('',(#7822));
#7824=FACE_OUTER_BOUND('',#7823,.T.);
#7825=ORIENTED_EDGE('',*,*,#3901,.F.);
#7826=EDGE_LOOP('',(#7825));
#7827=FACE_BOUND('',#7826,.T.);
#7828=CARTESIAN_POINT('',(-7.62,-19.05,4.7));
#7829=DIRECTION('',(0.0,0.0,-1.0));
#7830=DIRECTION('',(0.0,-1.0,-0.0));
#7831=AXIS2_PLACEMENT_3D('',#7828,#7829,#7830);
#7832=CYLINDRICAL_SURFACE('',#7831,0.55);
#7833=ADVANCED_FACE('n° 6174',(#7824,#7827),#7832,.F.);
#7834=CARTESIAN_POINT('',(-7.62,-19.51,3.7238547069));
#7835=VERTEX_POINT('',#7834);
#7836=CARTESIAN_POINT('',(-7.62,-19.05,3.7238547069));
#7837=DIRECTION('',(0.0,0.0,-1.0));
#7838=DIRECTION('',(0.0,-1.0,-0.0));
#7839=AXIS2_PLACEMENT_3D('',#7836,#7837,#7838);
#7840=CIRCLE('',#7839,0.46);
#7841=EDGE_CURVE('n° 6159',#7835,#7835,#7840,.T.);
#7842=ORIENTED_EDGE('',*,*,#7841,.T.);
#7843=EDGE_LOOP('',(#7842));
#7844=FACE_OUTER_BOUND('',#7843,.T.);
#7845=CARTESIAN_POINT('',(-7.62,-19.51,4.2238547069));
#7846=VERTEX_POINT('',#7845);
#7847=CARTESIAN_POINT('',(-7.62,-19.05,4.2238547069));
#7848=DIRECTION('',(0.0,0.0,-1.0));
#7849=DIRECTION('',(0.0,-1.0,-0.0));
#7850=AXIS2_PLACEMENT_3D('',#7847,#7848,#7849);
#7851=CIRCLE('',#7850,0.46);
#7852=EDGE_CURVE('n° 6155',#7846,#7846,#7851,.T.);
#7853=ORIENTED_EDGE('',*,*,#7852,.F.);
#7854=EDGE_LOOP('',(#7853));
#7855=FACE_BOUND('',#7854,.T.);
#7856=CARTESIAN_POINT('',(-7.62,-19.05,4.7));
#7857=DIRECTION('',(0.0,0.0,-1.0));
#7858=DIRECTION('',(0.0,-1.0,-0.0));
#7859=AXIS2_PLACEMENT_3D('',#7856,#7857,#7858);
#7860=CYLINDRICAL_SURFACE('',#7859,0.46);
#7861=ADVANCED_FACE('n° 6164',(#7844,#7855),#7860,.F.);
#7862=ORIENTED_EDGE('',*,*,#7852,.T.);
#7863=EDGE_LOOP('',(#7862));
#7864=FACE_OUTER_BOUND('',#7863,.T.);
#7865=ORIENTED_EDGE('',*,*,#7821,.F.);
#7866=EDGE_LOOP('',(#7865));
#7867=FACE_BOUND('',#7866,.T.);
#7868=CARTESIAN_POINT('',(-7.62,-19.05,4.7));
#7869=DIRECTION('',(0.0,-0.0,1.0));
#7870=DIRECTION('',(-0.0,1.0,0.0));
#7871=AXIS2_PLACEMENT_3D('',#7868,#7869,#7870);
#7872=CONICAL_SURFACE('',#7871,0.55,0.1868139283);
#7873=ADVANCED_FACE('n° 6169',(#7864,#7867),#7872,.F.);
#7874=CARTESIAN_POINT('',(-7.62,-19.288,2.2414586189));
#7875=VERTEX_POINT('',#7874);
#7876=CARTESIAN_POINT('',(-7.62,-19.05,2.2414586189));
#7877=DIRECTION('',(0.0,0.0,-1.0));
#7878=DIRECTION('',(0.0,-1.0,-0.0));
#7879=AXIS2_PLACEMENT_3D('',#7876,#7877,#7878);
#7880=CIRCLE('',#7879,0.238);
#7881=EDGE_CURVE('n° 6158',#7875,#7875,#7880,.T.);
#7882=ORIENTED_EDGE('',*,*,#7881,.F.);
#7883=EDGE_LOOP('',(#7882));
#7884=FACE_OUTER_BOUND('',#7883,.T.);
#7885=CARTESIAN_POINT('',(-7.62,-19.05,2.2414586189));
#7886=DIRECTION('',(0.0,0.0,-1.0));
#7887=DIRECTION('',(0.0,-1.0,-0.0));
#7888=AXIS2_PLACEMENT_3D('',#7885,#7886,#7887);
#7889=PLANE('',#7888);
#7890=ADVANCED_FACE('n° 6183',(#7884),#7889,.F.);
#7891=ORIENTED_EDGE('',*,*,#7881,.T.);
#7892=EDGE_LOOP('',(#7891));
#7893=FACE_OUTER_BOUND('',#7892,.T.);
#7894=ORIENTED_EDGE('',*,*,#7841,.F.);
#7895=EDGE_LOOP('',(#7894));
#7896=FACE_BOUND('',#7895,.T.);
#7897=CARTESIAN_POINT('',(-7.62,-19.05,3.7238547069));
#7898=DIRECTION('',(0.0,-0.0,1.0));
#7899=DIRECTION('',(-0.0,1.0,0.0));
#7900=AXIS2_PLACEMENT_3D('',#7897,#7898,#7899);
#7901=CONICAL_SURFACE('',#7900,0.46,0.1486528201);
#7902=ADVANCED_FACE('n° 6187',(#7893,#7896),#7901,.F.);
#7903=CARTESIAN_POINT('',(-7.62,-17.06,4.7));
#7904=VERTEX_POINT('',#7903);
#7905=CARTESIAN_POINT('',(-7.62,-16.51,4.7));
#7906=DIRECTION('',(0.0,0.0,-1.0));
#7907=DIRECTION('',(0.0,-1.0,-0.0));
#7908=AXIS2_PLACEMENT_3D('',#7905,#7906,#7907);
#7909=CIRCLE('',#7908,0.55);
#7910=EDGE_CURVE('n° 6214',#7904,#7904,#7909,.T.);
#7911=ORIENTED_EDGE('',*,*,#7910,.T.);
#7912=EDGE_LOOP('',(#7911));
#7913=FACE_OUTER_BOUND('',#7912,.T.);
#7914=ORIENTED_EDGE('',*,*,#4010,.F.);
#7915=EDGE_LOOP('',(#7914));
#7916=FACE_BOUND('',#7915,.T.);
#7917=CARTESIAN_POINT('',(-7.62,-16.51,4.7));
#7918=DIRECTION('',(0.0,0.0,-1.0));
#7919=DIRECTION('',(0.0,-1.0,-0.0));
#7920=AXIS2_PLACEMENT_3D('',#7917,#7918,#7919);
#7921=CYLINDRICAL_SURFACE('',#7920,0.55);
#7922=ADVANCED_FACE('n° 6232',(#7913,#7916),#7921,.F.);
#7923=CARTESIAN_POINT('',(-7.62,-16.97,3.7238547069));
#7924=VERTEX_POINT('',#7923);
#7925=CARTESIAN_POINT('',(-7.62,-16.51,3.7238547069));
#7926=DIRECTION('',(0.0,0.0,-1.0));
#7927=DIRECTION('',(0.0,-1.0,-0.0));
#7928=AXIS2_PLACEMENT_3D('',#7925,#7926,#7927);
#7929=CIRCLE('',#7928,0.46);
#7930=EDGE_CURVE('n° 6217',#7924,#7924,#7929,.T.);
#7931=ORIENTED_EDGE('',*,*,#7930,.T.);
#7932=EDGE_LOOP('',(#7931));
#7933=FACE_OUTER_BOUND('',#7932,.T.);
#7934=CARTESIAN_POINT('',(-7.62,-16.97,4.2238547069));
#7935=VERTEX_POINT('',#7934);
#7936=CARTESIAN_POINT('',(-7.62,-16.51,4.2238547069));
#7937=DIRECTION('',(0.0,0.0,-1.0));
#7938=DIRECTION('',(0.0,-1.0,-0.0));
#7939=AXIS2_PLACEMENT_3D('',#7936,#7937,#7938);
#7940=CIRCLE('',#7939,0.46);
#7941=EDGE_CURVE('n° 6213',#7935,#7935,#7940,.T.);
#7942=ORIENTED_EDGE('',*,*,#7941,.F.);
#7943=EDGE_LOOP('',(#7942));
#7944=FACE_BOUND('',#7943,.T.);
#7945=CARTESIAN_POINT('',(-7.62,-16.51,4.7));
#7946=DIRECTION('',(0.0,0.0,-1.0));
#7947=DIRECTION('',(0.0,-1.0,-0.0));
#7948=AXIS2_PLACEMENT_3D('',#7945,#7946,#7947);
#7949=CYLINDRICAL_SURFACE('',#7948,0.46);
#7950=ADVANCED_FACE('n° 6222',(#7933,#7944),#7949,.F.);
#7951=ORIENTED_EDGE('',*,*,#7941,.T.);
#7952=EDGE_LOOP('',(#7951));
#7953=FACE_OUTER_BOUND('',#7952,.T.);
#7954=ORIENTED_EDGE('',*,*,#7910,.F.);
#7955=EDGE_LOOP('',(#7954));
#7956=FACE_BOUND('',#7955,.T.);
#7957=CARTESIAN_POINT('',(-7.62,-16.51,4.7));
#7958=DIRECTION('',(0.0,-0.0,1.0));
#7959=DIRECTION('',(-0.0,1.0,0.0));
#7960=AXIS2_PLACEMENT_3D('',#7957,#7958,#7959);
#7961=CONICAL_SURFACE('',#7960,0.55,0.1868139283);
#7962=ADVANCED_FACE('n° 6227',(#7953,#7956),#7961,.F.);
#7963=CARTESIAN_POINT('',(-7.62,-16.748,2.2414586189));
#7964=VERTEX_POINT('',#7963);
#7965=CARTESIAN_POINT('',(-7.62,-16.51,2.2414586189));
#7966=DIRECTION('',(0.0,0.0,-1.0));
#7967=DIRECTION('',(0.0,-1.0,-0.0));
#7968=AXIS2_PLACEMENT_3D('',#7965,#7966,#7967);
#7969=CIRCLE('',#7968,0.238);
#7970=EDGE_CURVE('n° 6216',#7964,#7964,#7969,.T.);
#7971=ORIENTED_EDGE('',*,*,#7970,.F.);
#7972=EDGE_LOOP('',(#7971));
#7973=FACE_OUTER_BOUND('',#7972,.T.);
#7974=CARTESIAN_POINT('',(-7.62,-16.51,2.2414586189));
#7975=DIRECTION('',(0.0,0.0,-1.0));
#7976=DIRECTION('',(0.0,-1.0,-0.0));
#7977=AXIS2_PLACEMENT_3D('',#7974,#7975,#7976);
#7978=PLANE('',#7977);
#7979=ADVANCED_FACE('n° 6241',(#7973),#7978,.F.);
#7980=ORIENTED_EDGE('',*,*,#7970,.T.);
#7981=EDGE_LOOP('',(#7980));
#7982=FACE_OUTER_BOUND('',#7981,.T.);
#7983=ORIENTED_EDGE('',*,*,#7930,.F.);
#7984=EDGE_LOOP('',(#7983));
#7985=FACE_BOUND('',#7984,.T.);
#7986=CARTESIAN_POINT('',(-7.62,-16.51,3.7238547069));
#7987=DIRECTION('',(0.0,-0.0,1.0));
#7988=DIRECTION('',(-0.0,1.0,0.0));
#7989=AXIS2_PLACEMENT_3D('',#7986,#7987,#7988);
#7990=CONICAL_SURFACE('',#7989,0.46,0.1486528201);
#7991=ADVANCED_FACE('n° 6245',(#7982,#7985),#7990,.F.);
#7992=CARTESIAN_POINT('',(-7.62,-14.52,4.7));
#7993=VERTEX_POINT('',#7992);
#7994=CARTESIAN_POINT('',(-7.62,-13.97,4.7));
#7995=DIRECTION('',(0.0,0.0,-1.0));
#7996=DIRECTION('',(0.0,-1.0,-0.0));
#7997=AXIS2_PLACEMENT_3D('',#7994,#7995,#7996);
#7998=CIRCLE('',#7997,0.55);
#7999=EDGE_CURVE('n° 6272',#7993,#7993,#7998,.T.);
#8000=ORIENTED_EDGE('',*,*,#7999,.T.);
#8001=EDGE_LOOP('',(#8000));
#8002=FACE_OUTER_BOUND('',#8001,.T.);
#8003=ORIENTED_EDGE('',*,*,#4119,.F.);
#8004=EDGE_LOOP('',(#8003));
#8005=FACE_BOUND('',#8004,.T.);
#8006=CARTESIAN_POINT('',(-7.62,-13.97,4.7));
#8007=DIRECTION('',(0.0,0.0,-1.0));
#8008=DIRECTION('',(0.0,-1.0,-0.0));
#8009=AXIS2_PLACEMENT_3D('',#8006,#8007,#8008);
#8010=CYLINDRICAL_SURFACE('',#8009,0.55);
#8011=ADVANCED_FACE('n° 6290',(#8002,#8005),#8010,.F.);
#8012=CARTESIAN_POINT('',(-7.62,-14.43,3.7238547069));
#8013=VERTEX_POINT('',#8012);
#8014=CARTESIAN_POINT('',(-7.62,-13.97,3.7238547069));
#8015=DIRECTION('',(0.0,0.0,-1.0));
#8016=DIRECTION('',(0.0,-1.0,-0.0));
#8017=AXIS2_PLACEMENT_3D('',#8014,#8015,#8016);
#8018=CIRCLE('',#8017,0.46);
#8019=EDGE_CURVE('n° 6275',#8013,#8013,#8018,.T.);
#8020=ORIENTED_EDGE('',*,*,#8019,.T.);
#8021=EDGE_LOOP('',(#8020));
#8022=FACE_OUTER_BOUND('',#8021,.T.);
#8023=CARTESIAN_POINT('',(-7.62,-14.43,4.2238547069));
#8024=VERTEX_POINT('',#8023);
#8025=CARTESIAN_POINT('',(-7.62,-13.97,4.2238547069));
#8026=DIRECTION('',(0.0,0.0,-1.0));
#8027=DIRECTION('',(0.0,-1.0,-0.0));
#8028=AXIS2_PLACEMENT_3D('',#8025,#8026,#8027);
#8029=CIRCLE('',#8028,0.46);
#8030=EDGE_CURVE('n° 6271',#8024,#8024,#8029,.T.);
#8031=ORIENTED_EDGE('',*,*,#8030,.F.);
#8032=EDGE_LOOP('',(#8031));
#8033=FACE_BOUND('',#8032,.T.);
#8034=CARTESIAN_POINT('',(-7.62,-13.97,4.7));
#8035=DIRECTION('',(0.0,0.0,-1.0));
#8036=DIRECTION('',(0.0,-1.0,-0.0));
#8037=AXIS2_PLACEMENT_3D('',#8034,#8035,#8036);
#8038=CYLINDRICAL_SURFACE('',#8037,0.46);
#8039=ADVANCED_FACE('n° 6280',(#8022,#8033),#8038,.F.);
#8040=ORIENTED_EDGE('',*,*,#8030,.T.);
#8041=EDGE_LOOP('',(#8040));
#8042=FACE_OUTER_BOUND('',#8041,.T.);
#8043=ORIENTED_EDGE('',*,*,#7999,.F.);
#8044=EDGE_LOOP('',(#8043));
#8045=FACE_BOUND('',#8044,.T.);
#8046=CARTESIAN_POINT('',(-7.62,-13.97,4.7));
#8047=DIRECTION('',(0.0,-0.0,1.0));
#8048=DIRECTION('',(-0.0,1.0,0.0));
#8049=AXIS2_PLACEMENT_3D('',#8046,#8047,#8048);
#8050=CONICAL_SURFACE('',#8049,0.55,0.1868139283);
#8051=ADVANCED_FACE('n° 6285',(#8042,#8045),#8050,.F.);
#8052=CARTESIAN_POINT('',(-7.62,-14.208,2.2414586189));
#8053=VERTEX_POINT('',#8052);
#8054=CARTESIAN_POINT('',(-7.62,-13.97,2.2414586189));
#8055=DIRECTION('',(0.0,0.0,-1.0));
#8056=DIRECTION('',(0.0,-1.0,-0.0));
#8057=AXIS2_PLACEMENT_3D('',#8054,#8055,#8056);
#8058=CIRCLE('',#8057,0.238);
#8059=EDGE_CURVE('n° 6274',#8053,#8053,#8058,.T.);
#8060=ORIENTED_EDGE('',*,*,#8059,.F.);
#8061=EDGE_LOOP('',(#8060));
#8062=FACE_OUTER_BOUND('',#8061,.T.);
#8063=CARTESIAN_POINT('',(-7.62,-13.97,2.2414586189));
#8064=DIRECTION('',(0.0,0.0,-1.0));
#8065=DIRECTION('',(0.0,-1.0,-0.0));
#8066=AXIS2_PLACEMENT_3D('',#8063,#8064,#8065);
#8067=PLANE('',#8066);
#8068=ADVANCED_FACE('n° 6299',(#8062),#8067,.F.);
#8069=ORIENTED_EDGE('',*,*,#8059,.T.);
#8070=EDGE_LOOP('',(#8069));
#8071=FACE_OUTER_BOUND('',#8070,.T.);
#8072=ORIENTED_EDGE('',*,*,#8019,.F.);
#8073=EDGE_LOOP('',(#8072));
#8074=FACE_BOUND('',#8073,.T.);
#8075=CARTESIAN_POINT('',(-7.62,-13.97,3.7238547069));
#8076=DIRECTION('',(0.0,-0.0,1.0));
#8077=DIRECTION('',(-0.0,1.0,0.0));
#8078=AXIS2_PLACEMENT_3D('',#8075,#8076,#8077);
#8079=CONICAL_SURFACE('',#8078,0.46,0.1486528201);
#8080=ADVANCED_FACE('n° 6303',(#8071,#8074),#8079,.F.);
#8081=CARTESIAN_POINT('',(-7.62,-11.98,4.7));
#8082=VERTEX_POINT('',#8081);
#8083=CARTESIAN_POINT('',(-7.62,-11.43,4.7));
#8084=DIRECTION('',(0.0,0.0,-1.0));
#8085=DIRECTION('',(0.0,-1.0,-0.0));
#8086=AXIS2_PLACEMENT_3D('',#8083,#8084,#8085);
#8087=CIRCLE('',#8086,0.55);
#8088=EDGE_CURVE('n° 6330',#8082,#8082,#8087,.T.);
#8089=ORIENTED_EDGE('',*,*,#8088,.T.);
#8090=EDGE_LOOP('',(#8089));
#8091=FACE_OUTER_BOUND('',#8090,.T.);
#8092=ORIENTED_EDGE('',*,*,#4228,.F.);
#8093=EDGE_LOOP('',(#8092));
#8094=FACE_BOUND('',#8093,.T.);
#8095=CARTESIAN_POINT('',(-7.62,-11.43,4.7));
#8096=DIRECTION('',(0.0,0.0,-1.0));
#8097=DIRECTION('',(0.0,-1.0,-0.0));
#8098=AXIS2_PLACEMENT_3D('',#8095,#8096,#8097);
#8099=CYLINDRICAL_SURFACE('',#8098,0.55);
#8100=ADVANCED_FACE('n° 6348',(#8091,#8094),#8099,.F.);
#8101=CARTESIAN_POINT('',(-7.62,-11.89,3.7238547069));
#8102=VERTEX_POINT('',#8101);
#8103=CARTESIAN_POINT('',(-7.62,-11.43,3.7238547069));
#8104=DIRECTION('',(0.0,0.0,-1.0));
#8105=DIRECTION('',(0.0,-1.0,-0.0));
#8106=AXIS2_PLACEMENT_3D('',#8103,#8104,#8105);
#8107=CIRCLE('',#8106,0.46);
#8108=EDGE_CURVE('n° 6333',#8102,#8102,#8107,.T.);
#8109=ORIENTED_EDGE('',*,*,#8108,.T.);
#8110=EDGE_LOOP('',(#8109));
#8111=FACE_OUTER_BOUND('',#8110,.T.);
#8112=CARTESIAN_POINT('',(-7.62,-11.89,4.2238547069));
#8113=VERTEX_POINT('',#8112);
#8114=CARTESIAN_POINT('',(-7.62,-11.43,4.2238547069));
#8115=DIRECTION('',(0.0,0.0,-1.0));
#8116=DIRECTION('',(0.0,-1.0,-0.0));
#8117=AXIS2_PLACEMENT_3D('',#8114,#8115,#8116);
#8118=CIRCLE('',#8117,0.46);
#8119=EDGE_CURVE('n° 6329',#8113,#8113,#8118,.T.);
#8120=ORIENTED_EDGE('',*,*,#8119,.F.);
#8121=EDGE_LOOP('',(#8120));
#8122=FACE_BOUND('',#8121,.T.);
#8123=CARTESIAN_POINT('',(-7.62,-11.43,4.7));
#8124=DIRECTION('',(0.0,0.0,-1.0));
#8125=DIRECTION('',(0.0,-1.0,-0.0));
#8126=AXIS2_PLACEMENT_3D('',#8123,#8124,#8125);
#8127=CYLINDRICAL_SURFACE('',#8126,0.46);
#8128=ADVANCED_FACE('n° 6338',(#8111,#8122),#8127,.F.);
#8129=ORIENTED_EDGE('',*,*,#8119,.T.);
#8130=EDGE_LOOP('',(#8129));
#8131=FACE_OUTER_BOUND('',#8130,.T.);
#8132=ORIENTED_EDGE('',*,*,#8088,.F.);
#8133=EDGE_LOOP('',(#8132));
#8134=FACE_BOUND('',#8133,.T.);
#8135=CARTESIAN_POINT('',(-7.62,-11.43,4.7));
#8136=DIRECTION('',(0.0,-0.0,1.0));
#8137=DIRECTION('',(-0.0,1.0,0.0));
#8138=AXIS2_PLACEMENT_3D('',#8135,#8136,#8137);
#8139=CONICAL_SURFACE('',#8138,0.55,0.1868139283);
#8140=ADVANCED_FACE('n° 6343',(#8131,#8134),#8139,.F.);
#8141=CARTESIAN_POINT('',(-7.62,-11.668,2.2414586189));
#8142=VERTEX_POINT('',#8141);
#8143=CARTESIAN_POINT('',(-7.62,-11.43,2.2414586189));
#8144=DIRECTION('',(0.0,0.0,-1.0));
#8145=DIRECTION('',(0.0,-1.0,-0.0));
#8146=AXIS2_PLACEMENT_3D('',#8143,#8144,#8145);
#8147=CIRCLE('',#8146,0.238);
#8148=EDGE_CURVE('n° 6332',#8142,#8142,#8147,.T.);
#8149=ORIENTED_EDGE('',*,*,#8148,.F.);
#8150=EDGE_LOOP('',(#8149));
#8151=FACE_OUTER_BOUND('',#8150,.T.);
#8152=CARTESIAN_POINT('',(-7.62,-11.43,2.2414586189));
#8153=DIRECTION('',(0.0,0.0,-1.0));
#8154=DIRECTION('',(0.0,-1.0,-0.0));
#8155=AXIS2_PLACEMENT_3D('',#8152,#8153,#8154);
#8156=PLANE('',#8155);
#8157=ADVANCED_FACE('n° 6357',(#8151),#8156,.F.);
#8158=ORIENTED_EDGE('',*,*,#8148,.T.);
#8159=EDGE_LOOP('',(#8158));
#8160=FACE_OUTER_BOUND('',#8159,.T.);
#8161=ORIENTED_EDGE('',*,*,#8108,.F.);
#8162=EDGE_LOOP('',(#8161));
#8163=FACE_BOUND('',#8162,.T.);
#8164=CARTESIAN_POINT('',(-7.62,-11.43,3.7238547069));
#8165=DIRECTION('',(0.0,-0.0,1.0));
#8166=DIRECTION('',(-0.0,1.0,0.0));
#8167=AXIS2_PLACEMENT_3D('',#8164,#8165,#8166);
#8168=CONICAL_SURFACE('',#8167,0.46,0.1486528201);
#8169=ADVANCED_FACE('n° 6361',(#8160,#8163),#8168,.F.);
#8170=CARTESIAN_POINT('',(-7.62,-9.44,4.7));
#8171=VERTEX_POINT('',#8170);
#8172=CARTESIAN_POINT('',(-7.62,-8.89,4.7));
#8173=DIRECTION('',(0.0,0.0,-1.0));
#8174=DIRECTION('',(0.0,-1.0,-0.0));
#8175=AXIS2_PLACEMENT_3D('',#8172,#8173,#8174);
#8176=CIRCLE('',#8175,0.55);
#8177=EDGE_CURVE('n° 6388',#8171,#8171,#8176,.T.);
#8178=ORIENTED_EDGE('',*,*,#8177,.T.);
#8179=EDGE_LOOP('',(#8178));
#8180=FACE_OUTER_BOUND('',#8179,.T.);
#8181=ORIENTED_EDGE('',*,*,#4337,.F.);
#8182=EDGE_LOOP('',(#8181));
#8183=FACE_BOUND('',#8182,.T.);
#8184=CARTESIAN_POINT('',(-7.62,-8.89,4.7));
#8185=DIRECTION('',(0.0,0.0,-1.0));
#8186=DIRECTION('',(0.0,-1.0,-0.0));
#8187=AXIS2_PLACEMENT_3D('',#8184,#8185,#8186);
#8188=CYLINDRICAL_SURFACE('',#8187,0.55);
#8189=ADVANCED_FACE('n° 6406',(#8180,#8183),#8188,.F.);
#8190=CARTESIAN_POINT('',(-7.62,-9.35,3.7238547069));
#8191=VERTEX_POINT('',#8190);
#8192=CARTESIAN_POINT('',(-7.62,-8.89,3.7238547069));
#8193=DIRECTION('',(0.0,0.0,-1.0));
#8194=DIRECTION('',(0.0,-1.0,-0.0));
#8195=AXIS2_PLACEMENT_3D('',#8192,#8193,#8194);
#8196=CIRCLE('',#8195,0.46);
#8197=EDGE_CURVE('n° 6391',#8191,#8191,#8196,.T.);
#8198=ORIENTED_EDGE('',*,*,#8197,.T.);
#8199=EDGE_LOOP('',(#8198));
#8200=FACE_OUTER_BOUND('',#8199,.T.);
#8201=CARTESIAN_POINT('',(-7.62,-9.35,4.2238547069));
#8202=VERTEX_POINT('',#8201);
#8203=CARTESIAN_POINT('',(-7.62,-8.89,4.2238547069));
#8204=DIRECTION('',(0.0,0.0,-1.0));
#8205=DIRECTION('',(0.0,-1.0,-0.0));
#8206=AXIS2_PLACEMENT_3D('',#8203,#8204,#8205);
#8207=CIRCLE('',#8206,0.46);
#8208=EDGE_CURVE('n° 6387',#8202,#8202,#8207,.T.);
#8209=ORIENTED_EDGE('',*,*,#8208,.F.);
#8210=EDGE_LOOP('',(#8209));
#8211=FACE_BOUND('',#8210,.T.);
#8212=CARTESIAN_POINT('',(-7.62,-8.89,4.7));
#8213=DIRECTION('',(0.0,0.0,-1.0));
#8214=DIRECTION('',(0.0,-1.0,-0.0));
#8215=AXIS2_PLACEMENT_3D('',#8212,#8213,#8214);
#8216=CYLINDRICAL_SURFACE('',#8215,0.46);
#8217=ADVANCED_FACE('n° 6396',(#8200,#8211),#8216,.F.);
#8218=ORIENTED_EDGE('',*,*,#8208,.T.);
#8219=EDGE_LOOP('',(#8218));
#8220=FACE_OUTER_BOUND('',#8219,.T.);
#8221=ORIENTED_EDGE('',*,*,#8177,.F.);
#8222=EDGE_LOOP('',(#8221));
#8223=FACE_BOUND('',#8222,.T.);
#8224=CARTESIAN_POINT('',(-7.62,-8.89,4.7));
#8225=DIRECTION('',(0.0,-0.0,1.0));
#8226=DIRECTION('',(-0.0,1.0,0.0));
#8227=AXIS2_PLACEMENT_3D('',#8224,#8225,#8226);
#8228=CONICAL_SURFACE('',#8227,0.55,0.1868139283);
#8229=ADVANCED_FACE('n° 6401',(#8220,#8223),#8228,.F.);
#8230=CARTESIAN_POINT('',(-7.62,-9.128,2.2414586189));
#8231=VERTEX_POINT('',#8230);
#8232=CARTESIAN_POINT('',(-7.62,-8.89,2.2414586189));
#8233=DIRECTION('',(0.0,0.0,-1.0));
#8234=DIRECTION('',(0.0,-1.0,-0.0));
#8235=AXIS2_PLACEMENT_3D('',#8232,#8233,#8234);
#8236=CIRCLE('',#8235,0.238);
#8237=EDGE_CURVE('n° 6390',#8231,#8231,#8236,.T.);
#8238=ORIENTED_EDGE('',*,*,#8237,.F.);
#8239=EDGE_LOOP('',(#8238));
#8240=FACE_OUTER_BOUND('',#8239,.T.);
#8241=CARTESIAN_POINT('',(-7.62,-8.89,2.2414586189));
#8242=DIRECTION('',(0.0,0.0,-1.0));
#8243=DIRECTION('',(0.0,-1.0,-0.0));
#8244=AXIS2_PLACEMENT_3D('',#8241,#8242,#8243);
#8245=PLANE('',#8244);
#8246=ADVANCED_FACE('n° 6415',(#8240),#8245,.F.);
#8247=ORIENTED_EDGE('',*,*,#8237,.T.);
#8248=EDGE_LOOP('',(#8247));
#8249=FACE_OUTER_BOUND('',#8248,.T.);
#8250=ORIENTED_EDGE('',*,*,#8197,.F.);
#8251=EDGE_LOOP('',(#8250));
#8252=FACE_BOUND('',#8251,.T.);
#8253=CARTESIAN_POINT('',(-7.62,-8.89,3.7238547069));
#8254=DIRECTION('',(0.0,-0.0,1.0));
#8255=DIRECTION('',(-0.0,1.0,0.0));
#8256=AXIS2_PLACEMENT_3D('',#8253,#8254,#8255);
#8257=CONICAL_SURFACE('',#8256,0.46,0.1486528201);
#8258=ADVANCED_FACE('n° 6419',(#8249,#8252),#8257,.F.);
#8259=CARTESIAN_POINT('',(-7.62,-6.9,4.7));
#8260=VERTEX_POINT('',#8259);
#8261=CARTESIAN_POINT('',(-7.62,-6.35,4.7));
#8262=DIRECTION('',(0.0,0.0,-1.0));
#8263=DIRECTION('',(0.0,-1.0,-0.0));
#8264=AXIS2_PLACEMENT_3D('',#8261,#8262,#8263);
#8265=CIRCLE('',#8264,0.55);
#8266=EDGE_CURVE('n° 6446',#8260,#8260,#8265,.T.);
#8267=ORIENTED_EDGE('',*,*,#8266,.T.);
#8268=EDGE_LOOP('',(#8267));
#8269=FACE_OUTER_BOUND('',#8268,.T.);
#8270=ORIENTED_EDGE('',*,*,#4446,.F.);
#8271=EDGE_LOOP('',(#8270));
#8272=FACE_BOUND('',#8271,.T.);
#8273=CARTESIAN_POINT('',(-7.62,-6.35,4.7));
#8274=DIRECTION('',(0.0,0.0,-1.0));
#8275=DIRECTION('',(0.0,-1.0,-0.0));
#8276=AXIS2_PLACEMENT_3D('',#8273,#8274,#8275);
#8277=CYLINDRICAL_SURFACE('',#8276,0.55);
#8278=ADVANCED_FACE('n° 6464',(#8269,#8272),#8277,.F.);
#8279=CARTESIAN_POINT('',(-7.62,-6.81,3.7238547069));
#8280=VERTEX_POINT('',#8279);
#8281=CARTESIAN_POINT('',(-7.62,-6.35,3.7238547069));
#8282=DIRECTION('',(0.0,0.0,-1.0));
#8283=DIRECTION('',(0.0,-1.0,-0.0));
#8284=AXIS2_PLACEMENT_3D('',#8281,#8282,#8283);
#8285=CIRCLE('',#8284,0.46);
#8286=EDGE_CURVE('n° 6449',#8280,#8280,#8285,.T.);
#8287=ORIENTED_EDGE('',*,*,#8286,.T.);
#8288=EDGE_LOOP('',(#8287));
#8289=FACE_OUTER_BOUND('',#8288,.T.);
#8290=CARTESIAN_POINT('',(-7.62,-6.81,4.2238547069));
#8291=VERTEX_POINT('',#8290);
#8292=CARTESIAN_POINT('',(-7.62,-6.35,4.2238547069));
#8293=DIRECTION('',(0.0,0.0,-1.0));
#8294=DIRECTION('',(0.0,-1.0,-0.0));
#8295=AXIS2_PLACEMENT_3D('',#8292,#8293,#8294);
#8296=CIRCLE('',#8295,0.46);
#8297=EDGE_CURVE('n° 6445',#8291,#8291,#8296,.T.);
#8298=ORIENTED_EDGE('',*,*,#8297,.F.);
#8299=EDGE_LOOP('',(#8298));
#8300=FACE_BOUND('',#8299,.T.);
#8301=CARTESIAN_POINT('',(-7.62,-6.35,4.7));
#8302=DIRECTION('',(0.0,0.0,-1.0));
#8303=DIRECTION('',(0.0,-1.0,-0.0));
#8304=AXIS2_PLACEMENT_3D('',#8301,#8302,#8303);
#8305=CYLINDRICAL_SURFACE('',#8304,0.46);
#8306=ADVANCED_FACE('n° 6454',(#8289,#8300),#8305,.F.);
#8307=ORIENTED_EDGE('',*,*,#8297,.T.);
#8308=EDGE_LOOP('',(#8307));
#8309=FACE_OUTER_BOUND('',#8308,.T.);
#8310=ORIENTED_EDGE('',*,*,#8266,.F.);
#8311=EDGE_LOOP('',(#8310));
#8312=FACE_BOUND('',#8311,.T.);
#8313=CARTESIAN_POINT('',(-7.62,-6.35,4.7));
#8314=DIRECTION('',(0.0,-0.0,1.0));
#8315=DIRECTION('',(-0.0,1.0,0.0));
#8316=AXIS2_PLACEMENT_3D('',#8313,#8314,#8315);
#8317=CONICAL_SURFACE('',#8316,0.55,0.1868139283);
#8318=ADVANCED_FACE('n° 6459',(#8309,#8312),#8317,.F.);
#8319=CARTESIAN_POINT('',(-7.62,-6.588,2.2414586189));
#8320=VERTEX_POINT('',#8319);
#8321=CARTESIAN_POINT('',(-7.62,-6.35,2.2414586189));
#8322=DIRECTION('',(0.0,0.0,-1.0));
#8323=DIRECTION('',(0.0,-1.0,-0.0));
#8324=AXIS2_PLACEMENT_3D('',#8321,#8322,#8323);
#8325=CIRCLE('',#8324,0.238);
#8326=EDGE_CURVE('n° 6448',#8320,#8320,#8325,.T.);
#8327=ORIENTED_EDGE('',*,*,#8326,.F.);
#8328=EDGE_LOOP('',(#8327));
#8329=FACE_OUTER_BOUND('',#8328,.T.);
#8330=CARTESIAN_POINT('',(-7.62,-6.35,2.2414586189));
#8331=DIRECTION('',(0.0,0.0,-1.0));
#8332=DIRECTION('',(0.0,-1.0,-0.0));
#8333=AXIS2_PLACEMENT_3D('',#8330,#8331,#8332);
#8334=PLANE('',#8333);
#8335=ADVANCED_FACE('n° 6473',(#8329),#8334,.F.);
#8336=ORIENTED_EDGE('',*,*,#8326,.T.);
#8337=EDGE_LOOP('',(#8336));
#8338=FACE_OUTER_BOUND('',#8337,.T.);
#8339=ORIENTED_EDGE('',*,*,#8286,.F.);
#8340=EDGE_LOOP('',(#8339));
#8341=FACE_BOUND('',#8340,.T.);
#8342=CARTESIAN_POINT('',(-7.62,-6.35,3.7238547069));
#8343=DIRECTION('',(0.0,-0.0,1.0));
#8344=DIRECTION('',(-0.0,1.0,0.0));
#8345=AXIS2_PLACEMENT_3D('',#8342,#8343,#8344);
#8346=CONICAL_SURFACE('',#8345,0.46,0.1486528201);
#8347=ADVANCED_FACE('n° 6477',(#8338,#8341),#8346,.F.);
#8348=CARTESIAN_POINT('',(-7.62,-4.36,4.7));
#8349=VERTEX_POINT('',#8348);
#8350=CARTESIAN_POINT('',(-7.62,-3.81,4.7));
#8351=DIRECTION('',(0.0,0.0,-1.0));
#8352=DIRECTION('',(0.0,-1.0,-0.0));
#8353=AXIS2_PLACEMENT_3D('',#8350,#8351,#8352);
#8354=CIRCLE('',#8353,0.55);
#8355=EDGE_CURVE('n° 6504',#8349,#8349,#8354,.T.);
#8356=ORIENTED_EDGE('',*,*,#8355,.T.);
#8357=EDGE_LOOP('',(#8356));
#8358=FACE_OUTER_BOUND('',#8357,.T.);
#8359=ORIENTED_EDGE('',*,*,#4555,.F.);
#8360=EDGE_LOOP('',(#8359));
#8361=FACE_BOUND('',#8360,.T.);
#8362=CARTESIAN_POINT('',(-7.62,-3.81,4.7));
#8363=DIRECTION('',(0.0,0.0,-1.0));
#8364=DIRECTION('',(0.0,-1.0,-0.0));
#8365=AXIS2_PLACEMENT_3D('',#8362,#8363,#8364);
#8366=CYLINDRICAL_SURFACE('',#8365,0.55);
#8367=ADVANCED_FACE('n° 6522',(#8358,#8361),#8366,.F.);
#8368=CARTESIAN_POINT('',(-7.62,-4.27,3.7238547069));
#8369=VERTEX_POINT('',#8368);
#8370=CARTESIAN_POINT('',(-7.62,-3.81,3.7238547069));
#8371=DIRECTION('',(0.0,0.0,-1.0));
#8372=DIRECTION('',(0.0,-1.0,-0.0));
#8373=AXIS2_PLACEMENT_3D('',#8370,#8371,#8372);
#8374=CIRCLE('',#8373,0.46);
#8375=EDGE_CURVE('n° 6507',#8369,#8369,#8374,.T.);
#8376=ORIENTED_EDGE('',*,*,#8375,.T.);
#8377=EDGE_LOOP('',(#8376));
#8378=FACE_OUTER_BOUND('',#8377,.T.);
#8379=CARTESIAN_POINT('',(-7.62,-4.27,4.2238547069));
#8380=VERTEX_POINT('',#8379);
#8381=CARTESIAN_POINT('',(-7.62,-3.81,4.2238547069));
#8382=DIRECTION('',(0.0,0.0,-1.0));
#8383=DIRECTION('',(0.0,-1.0,-0.0));
#8384=AXIS2_PLACEMENT_3D('',#8381,#8382,#8383);
#8385=CIRCLE('',#8384,0.46);
#8386=EDGE_CURVE('n° 6503',#8380,#8380,#8385,.T.);
#8387=ORIENTED_EDGE('',*,*,#8386,.F.);
#8388=EDGE_LOOP('',(#8387));
#8389=FACE_BOUND('',#8388,.T.);
#8390=CARTESIAN_POINT('',(-7.62,-3.81,4.7));
#8391=DIRECTION('',(0.0,0.0,-1.0));
#8392=DIRECTION('',(0.0,-1.0,-0.0));
#8393=AXIS2_PLACEMENT_3D('',#8390,#8391,#8392);
#8394=CYLINDRICAL_SURFACE('',#8393,0.46);
#8395=ADVANCED_FACE('n° 6512',(#8378,#8389),#8394,.F.);
#8396=ORIENTED_EDGE('',*,*,#8386,.T.);
#8397=EDGE_LOOP('',(#8396));
#8398=FACE_OUTER_BOUND('',#8397,.T.);
#8399=ORIENTED_EDGE('',*,*,#8355,.F.);
#8400=EDGE_LOOP('',(#8399));
#8401=FACE_BOUND('',#8400,.T.);
#8402=CARTESIAN_POINT('',(-7.62,-3.81,4.7));
#8403=DIRECTION('',(0.0,-0.0,1.0));
#8404=DIRECTION('',(-0.0,1.0,0.0));
#8405=AXIS2_PLACEMENT_3D('',#8402,#8403,#8404);
#8406=CONICAL_SURFACE('',#8405,0.55,0.1868139283);
#8407=ADVANCED_FACE('n° 6517',(#8398,#8401),#8406,.F.);
#8408=CARTESIAN_POINT('',(-7.62,-4.048,2.2414586189));
#8409=VERTEX_POINT('',#8408);
#8410=CARTESIAN_POINT('',(-7.62,-3.81,2.2414586189));
#8411=DIRECTION('',(0.0,0.0,-1.0));
#8412=DIRECTION('',(0.0,-1.0,-0.0));
#8413=AXIS2_PLACEMENT_3D('',#8410,#8411,#8412);
#8414=CIRCLE('',#8413,0.238);
#8415=EDGE_CURVE('n° 6506',#8409,#8409,#8414,.T.);
#8416=ORIENTED_EDGE('',*,*,#8415,.F.);
#8417=EDGE_LOOP('',(#8416));
#8418=FACE_OUTER_BOUND('',#8417,.T.);
#8419=CARTESIAN_POINT('',(-7.62,-3.81,2.2414586189));
#8420=DIRECTION('',(0.0,0.0,-1.0));
#8421=DIRECTION('',(0.0,-1.0,-0.0));
#8422=AXIS2_PLACEMENT_3D('',#8419,#8420,#8421);
#8423=PLANE('',#8422);
#8424=ADVANCED_FACE('n° 6531',(#8418),#8423,.F.);
#8425=ORIENTED_EDGE('',*,*,#8415,.T.);
#8426=EDGE_LOOP('',(#8425));
#8427=FACE_OUTER_BOUND('',#8426,.T.);
#8428=ORIENTED_EDGE('',*,*,#8375,.F.);
#8429=EDGE_LOOP('',(#8428));
#8430=FACE_BOUND('',#8429,.T.);
#8431=CARTESIAN_POINT('',(-7.62,-3.81,3.7238547069));
#8432=DIRECTION('',(0.0,-0.0,1.0));
#8433=DIRECTION('',(-0.0,1.0,0.0));
#8434=AXIS2_PLACEMENT_3D('',#8431,#8432,#8433);
#8435=CONICAL_SURFACE('',#8434,0.46,0.1486528201);
#8436=ADVANCED_FACE('n° 6535',(#8427,#8430),#8435,.F.);
#8437=CARTESIAN_POINT('',(-7.62,-1.82,4.7));
#8438=VERTEX_POINT('',#8437);
#8439=CARTESIAN_POINT('',(-7.62,-1.27,4.7));
#8440=DIRECTION('',(0.0,0.0,-1.0));
#8441=DIRECTION('',(0.0,-1.0,-0.0));
#8442=AXIS2_PLACEMENT_3D('',#8439,#8440,#8441);
#8443=CIRCLE('',#8442,0.55);
#8444=EDGE_CURVE('n° 6562',#8438,#8438,#8443,.T.);
#8445=ORIENTED_EDGE('',*,*,#8444,.T.);
#8446=EDGE_LOOP('',(#8445));
#8447=FACE_OUTER_BOUND('',#8446,.T.);
#8448=ORIENTED_EDGE('',*,*,#4664,.F.);
#8449=EDGE_LOOP('',(#8448));
#8450=FACE_BOUND('',#8449,.T.);
#8451=CARTESIAN_POINT('',(-7.62,-1.27,4.7));
#8452=DIRECTION('',(0.0,0.0,-1.0));
#8453=DIRECTION('',(0.0,-1.0,-0.0));
#8454=AXIS2_PLACEMENT_3D('',#8451,#8452,#8453);
#8455=CYLINDRICAL_SURFACE('',#8454,0.55);
#8456=ADVANCED_FACE('n° 6580',(#8447,#8450),#8455,.F.);
#8457=CARTESIAN_POINT('',(-7.62,-1.73,3.7238547069));
#8458=VERTEX_POINT('',#8457);
#8459=CARTESIAN_POINT('',(-7.62,-1.27,3.7238547069));
#8460=DIRECTION('',(0.0,0.0,-1.0));
#8461=DIRECTION('',(0.0,-1.0,-0.0));
#8462=AXIS2_PLACEMENT_3D('',#8459,#8460,#8461);
#8463=CIRCLE('',#8462,0.46);
#8464=EDGE_CURVE('n° 6565',#8458,#8458,#8463,.T.);
#8465=ORIENTED_EDGE('',*,*,#8464,.T.);
#8466=EDGE_LOOP('',(#8465));
#8467=FACE_OUTER_BOUND('',#8466,.T.);
#8468=CARTESIAN_POINT('',(-7.62,-1.73,4.2238547069));
#8469=VERTEX_POINT('',#8468);
#8470=CARTESIAN_POINT('',(-7.62,-1.27,4.2238547069));
#8471=DIRECTION('',(0.0,0.0,-1.0));
#8472=DIRECTION('',(0.0,-1.0,-0.0));
#8473=AXIS2_PLACEMENT_3D('',#8470,#8471,#8472);
#8474=CIRCLE('',#8473,0.46);
#8475=EDGE_CURVE('n° 6561',#8469,#8469,#8474,.T.);
#8476=ORIENTED_EDGE('',*,*,#8475,.F.);
#8477=EDGE_LOOP('',(#8476));
#8478=FACE_BOUND('',#8477,.T.);
#8479=CARTESIAN_POINT('',(-7.62,-1.27,4.7));
#8480=DIRECTION('',(0.0,0.0,-1.0));
#8481=DIRECTION('',(0.0,-1.0,-0.0));
#8482=AXIS2_PLACEMENT_3D('',#8479,#8480,#8481);
#8483=CYLINDRICAL_SURFACE('',#8482,0.46);
#8484=ADVANCED_FACE('n° 6570',(#8467,#8478),#8483,.F.);
#8485=ORIENTED_EDGE('',*,*,#8475,.T.);
#8486=EDGE_LOOP('',(#8485));
#8487=FACE_OUTER_BOUND('',#8486,.T.);
#8488=ORIENTED_EDGE('',*,*,#8444,.F.);
#8489=EDGE_LOOP('',(#8488));
#8490=FACE_BOUND('',#8489,.T.);
#8491=CARTESIAN_POINT('',(-7.62,-1.27,4.7));
#8492=DIRECTION('',(0.0,-0.0,1.0));
#8493=DIRECTION('',(-0.0,1.0,0.0));
#8494=AXIS2_PLACEMENT_3D('',#8491,#8492,#8493);
#8495=CONICAL_SURFACE('',#8494,0.55,0.1868139283);
#8496=ADVANCED_FACE('n° 6575',(#8487,#8490),#8495,.F.);
#8497=CARTESIAN_POINT('',(-7.62,-1.508,2.2414586189));
#8498=VERTEX_POINT('',#8497);
#8499=CARTESIAN_POINT('',(-7.62,-1.27,2.2414586189));
#8500=DIRECTION('',(0.0,0.0,-1.0));
#8501=DIRECTION('',(0.0,-1.0,-0.0));
#8502=AXIS2_PLACEMENT_3D('',#8499,#8500,#8501);
#8503=CIRCLE('',#8502,0.238);
#8504=EDGE_CURVE('n° 6564',#8498,#8498,#8503,.T.);
#8505=ORIENTED_EDGE('',*,*,#8504,.F.);
#8506=EDGE_LOOP('',(#8505));
#8507=FACE_OUTER_BOUND('',#8506,.T.);
#8508=CARTESIAN_POINT('',(-7.62,-1.27,2.2414586189));
#8509=DIRECTION('',(0.0,0.0,-1.0));
#8510=DIRECTION('',(0.0,-1.0,-0.0));
#8511=AXIS2_PLACEMENT_3D('',#8508,#8509,#8510);
#8512=PLANE('',#8511);
#8513=ADVANCED_FACE('n° 6589',(#8507),#8512,.F.);
#8514=ORIENTED_EDGE('',*,*,#8504,.T.);
#8515=EDGE_LOOP('',(#8514));
#8516=FACE_OUTER_BOUND('',#8515,.T.);
#8517=ORIENTED_EDGE('',*,*,#8464,.F.);
#8518=EDGE_LOOP('',(#8517));
#8519=FACE_BOUND('',#8518,.T.);
#8520=CARTESIAN_POINT('',(-7.62,-1.27,3.7238547069));
#8521=DIRECTION('',(0.0,-0.0,1.0));
#8522=DIRECTION('',(-0.0,1.0,0.0));
#8523=AXIS2_PLACEMENT_3D('',#8520,#8521,#8522);
#8524=CONICAL_SURFACE('',#8523,0.46,0.1486528201);
#8525=ADVANCED_FACE('n° 6593',(#8516,#8519),#8524,.F.);
#8526=CARTESIAN_POINT('',(-7.62,0.72,4.7));
#8527=VERTEX_POINT('',#8526);
#8528=CARTESIAN_POINT('',(-7.62,1.27,4.7));
#8529=DIRECTION('',(0.0,0.0,-1.0));
#8530=DIRECTION('',(0.0,-1.0,-0.0));
#8531=AXIS2_PLACEMENT_3D('',#8528,#8529,#8530);
#8532=CIRCLE('',#8531,0.55);
#8533=EDGE_CURVE('n° 6620',#8527,#8527,#8532,.T.);
#8534=ORIENTED_EDGE('',*,*,#8533,.T.);
#8535=EDGE_LOOP('',(#8534));
#8536=FACE_OUTER_BOUND('',#8535,.T.);
#8537=ORIENTED_EDGE('',*,*,#4773,.F.);
#8538=EDGE_LOOP('',(#8537));
#8539=FACE_BOUND('',#8538,.T.);
#8540=CARTESIAN_POINT('',(-7.62,1.27,4.7));
#8541=DIRECTION('',(0.0,0.0,-1.0));
#8542=DIRECTION('',(0.0,-1.0,-0.0));
#8543=AXIS2_PLACEMENT_3D('',#8540,#8541,#8542);
#8544=CYLINDRICAL_SURFACE('',#8543,0.55);
#8545=ADVANCED_FACE('n° 6638',(#8536,#8539),#8544,.F.);
#8546=CARTESIAN_POINT('',(-7.62,0.81,3.7238547069));
#8547=VERTEX_POINT('',#8546);
#8548=CARTESIAN_POINT('',(-7.62,1.27,3.7238547069));
#8549=DIRECTION('',(0.0,0.0,-1.0));
#8550=DIRECTION('',(0.0,-1.0,-0.0));
#8551=AXIS2_PLACEMENT_3D('',#8548,#8549,#8550);
#8552=CIRCLE('',#8551,0.46);
#8553=EDGE_CURVE('n° 6623',#8547,#8547,#8552,.T.);
#8554=ORIENTED_EDGE('',*,*,#8553,.T.);
#8555=EDGE_LOOP('',(#8554));
#8556=FACE_OUTER_BOUND('',#8555,.T.);
#8557=CARTESIAN_POINT('',(-7.62,0.81,4.2238547069));
#8558=VERTEX_POINT('',#8557);
#8559=CARTESIAN_POINT('',(-7.62,1.27,4.2238547069));
#8560=DIRECTION('',(0.0,0.0,-1.0));
#8561=DIRECTION('',(0.0,-1.0,-0.0));
#8562=AXIS2_PLACEMENT_3D('',#8559,#8560,#8561);
#8563=CIRCLE('',#8562,0.46);
#8564=EDGE_CURVE('n° 6619',#8558,#8558,#8563,.T.);
#8565=ORIENTED_EDGE('',*,*,#8564,.F.);
#8566=EDGE_LOOP('',(#8565));
#8567=FACE_BOUND('',#8566,.T.);
#8568=CARTESIAN_POINT('',(-7.62,1.27,4.7));
#8569=DIRECTION('',(0.0,0.0,-1.0));
#8570=DIRECTION('',(0.0,-1.0,-0.0));
#8571=AXIS2_PLACEMENT_3D('',#8568,#8569,#8570);
#8572=CYLINDRICAL_SURFACE('',#8571,0.46);
#8573=ADVANCED_FACE('n° 6628',(#8556,#8567),#8572,.F.);
#8574=ORIENTED_EDGE('',*,*,#8564,.T.);
#8575=EDGE_LOOP('',(#8574));
#8576=FACE_OUTER_BOUND('',#8575,.T.);
#8577=ORIENTED_EDGE('',*,*,#8533,.F.);
#8578=EDGE_LOOP('',(#8577));
#8579=FACE_BOUND('',#8578,.T.);
#8580=CARTESIAN_POINT('',(-7.62,1.27,4.7));
#8581=DIRECTION('',(0.0,-0.0,1.0));
#8582=DIRECTION('',(-0.0,1.0,0.0));
#8583=AXIS2_PLACEMENT_3D('',#8580,#8581,#8582);
#8584=CONICAL_SURFACE('',#8583,0.55,0.1868139283);
#8585=ADVANCED_FACE('n° 6633',(#8576,#8579),#8584,.F.);
#8586=CARTESIAN_POINT('',(-7.62,1.032,2.2414586189));
#8587=VERTEX_POINT('',#8586);
#8588=CARTESIAN_POINT('',(-7.62,1.27,2.2414586189));
#8589=DIRECTION('',(0.0,0.0,-1.0));
#8590=DIRECTION('',(0.0,-1.0,-0.0));
#8591=AXIS2_PLACEMENT_3D('',#8588,#8589,#8590);
#8592=CIRCLE('',#8591,0.238);
#8593=EDGE_CURVE('n° 6622',#8587,#8587,#8592,.T.);
#8594=ORIENTED_EDGE('',*,*,#8593,.F.);
#8595=EDGE_LOOP('',(#8594));
#8596=FACE_OUTER_BOUND('',#8595,.T.);
#8597=CARTESIAN_POINT('',(-7.62,1.27,2.2414586189));
#8598=DIRECTION('',(0.0,0.0,-1.0));
#8599=DIRECTION('',(0.0,-1.0,-0.0));
#8600=AXIS2_PLACEMENT_3D('',#8597,#8598,#8599);
#8601=PLANE('',#8600);
#8602=ADVANCED_FACE('n° 6647',(#8596),#8601,.F.);
#8603=ORIENTED_EDGE('',*,*,#8593,.T.);
#8604=EDGE_LOOP('',(#8603));
#8605=FACE_OUTER_BOUND('',#8604,.T.);
#8606=ORIENTED_EDGE('',*,*,#8553,.F.);
#8607=EDGE_LOOP('',(#8606));
#8608=FACE_BOUND('',#8607,.T.);
#8609=CARTESIAN_POINT('',(-7.62,1.27,3.7238547069));
#8610=DIRECTION('',(0.0,-0.0,1.0));
#8611=DIRECTION('',(-0.0,1.0,0.0));
#8612=AXIS2_PLACEMENT_3D('',#8609,#8610,#8611);
#8613=CONICAL_SURFACE('',#8612,0.46,0.1486528201);
#8614=ADVANCED_FACE('n° 6651',(#8605,#8608),#8613,.F.);
#8615=CARTESIAN_POINT('',(-7.62,3.26,4.7));
#8616=VERTEX_POINT('',#8615);
#8617=CARTESIAN_POINT('',(-7.62,3.81,4.7));
#8618=DIRECTION('',(0.0,0.0,-1.0));
#8619=DIRECTION('',(0.0,-1.0,-0.0));
#8620=AXIS2_PLACEMENT_3D('',#8617,#8618,#8619);
#8621=CIRCLE('',#8620,0.55);
#8622=EDGE_CURVE('n° 6678',#8616,#8616,#8621,.T.);
#8623=ORIENTED_EDGE('',*,*,#8622,.T.);
#8624=EDGE_LOOP('',(#8623));
#8625=FACE_OUTER_BOUND('',#8624,.T.);
#8626=ORIENTED_EDGE('',*,*,#4882,.F.);
#8627=EDGE_LOOP('',(#8626));
#8628=FACE_BOUND('',#8627,.T.);
#8629=CARTESIAN_POINT('',(-7.62,3.81,4.7));
#8630=DIRECTION('',(0.0,0.0,-1.0));
#8631=DIRECTION('',(0.0,-1.0,-0.0));
#8632=AXIS2_PLACEMENT_3D('',#8629,#8630,#8631);
#8633=CYLINDRICAL_SURFACE('',#8632,0.55);
#8634=ADVANCED_FACE('n° 6696',(#8625,#8628),#8633,.F.);
#8635=CARTESIAN_POINT('',(-7.62,3.35,3.7238547069));
#8636=VERTEX_POINT('',#8635);
#8637=CARTESIAN_POINT('',(-7.62,3.81,3.7238547069));
#8638=DIRECTION('',(0.0,0.0,-1.0));
#8639=DIRECTION('',(0.0,-1.0,-0.0));
#8640=AXIS2_PLACEMENT_3D('',#8637,#8638,#8639);
#8641=CIRCLE('',#8640,0.46);
#8642=EDGE_CURVE('n° 6681',#8636,#8636,#8641,.T.);
#8643=ORIENTED_EDGE('',*,*,#8642,.T.);
#8644=EDGE_LOOP('',(#8643));
#8645=FACE_OUTER_BOUND('',#8644,.T.);
#8646=CARTESIAN_POINT('',(-7.62,3.35,4.2238547069));
#8647=VERTEX_POINT('',#8646);
#8648=CARTESIAN_POINT('',(-7.62,3.81,4.2238547069));
#8649=DIRECTION('',(0.0,0.0,-1.0));
#8650=DIRECTION('',(0.0,-1.0,-0.0));
#8651=AXIS2_PLACEMENT_3D('',#8648,#8649,#8650);
#8652=CIRCLE('',#8651,0.46);
#8653=EDGE_CURVE('n° 6677',#8647,#8647,#8652,.T.);
#8654=ORIENTED_EDGE('',*,*,#8653,.F.);
#8655=EDGE_LOOP('',(#8654));
#8656=FACE_BOUND('',#8655,.T.);
#8657=CARTESIAN_POINT('',(-7.62,3.81,4.7));
#8658=DIRECTION('',(0.0,0.0,-1.0));
#8659=DIRECTION('',(0.0,-1.0,-0.0));
#8660=AXIS2_PLACEMENT_3D('',#8657,#8658,#8659);
#8661=CYLINDRICAL_SURFACE('',#8660,0.46);
#8662=ADVANCED_FACE('n° 6686',(#8645,#8656),#8661,.F.);
#8663=ORIENTED_EDGE('',*,*,#8653,.T.);
#8664=EDGE_LOOP('',(#8663));
#8665=FACE_OUTER_BOUND('',#8664,.T.);
#8666=ORIENTED_EDGE('',*,*,#8622,.F.);
#8667=EDGE_LOOP('',(#8666));
#8668=FACE_BOUND('',#8667,.T.);
#8669=CARTESIAN_POINT('',(-7.62,3.81,4.7));
#8670=DIRECTION('',(0.0,-0.0,1.0));
#8671=DIRECTION('',(-0.0,1.0,0.0));
#8672=AXIS2_PLACEMENT_3D('',#8669,#8670,#8671);
#8673=CONICAL_SURFACE('',#8672,0.55,0.1868139283);
#8674=ADVANCED_FACE('n° 6691',(#8665,#8668),#8673,.F.);
#8675=CARTESIAN_POINT('',(-7.62,3.572,2.2414586189));
#8676=VERTEX_POINT('',#8675);
#8677=CARTESIAN_POINT('',(-7.62,3.81,2.2414586189));
#8678=DIRECTION('',(0.0,0.0,-1.0));
#8679=DIRECTION('',(0.0,-1.0,-0.0));
#8680=AXIS2_PLACEMENT_3D('',#8677,#8678,#8679);
#8681=CIRCLE('',#8680,0.238);
#8682=EDGE_CURVE('n° 6680',#8676,#8676,#8681,.T.);
#8683=ORIENTED_EDGE('',*,*,#8682,.F.);
#8684=EDGE_LOOP('',(#8683));
#8685=FACE_OUTER_BOUND('',#8684,.T.);
#8686=CARTESIAN_POINT('',(-7.62,3.81,2.2414586189));
#8687=DIRECTION('',(0.0,0.0,-1.0));
#8688=DIRECTION('',(0.0,-1.0,-0.0));
#8689=AXIS2_PLACEMENT_3D('',#8686,#8687,#8688);
#8690=PLANE('',#8689);
#8691=ADVANCED_FACE('n° 6705',(#8685),#8690,.F.);
#8692=ORIENTED_EDGE('',*,*,#8682,.T.);
#8693=EDGE_LOOP('',(#8692));
#8694=FACE_OUTER_BOUND('',#8693,.T.);
#8695=ORIENTED_EDGE('',*,*,#8642,.F.);
#8696=EDGE_LOOP('',(#8695));
#8697=FACE_BOUND('',#8696,.T.);
#8698=CARTESIAN_POINT('',(-7.62,3.81,3.7238547069));
#8699=DIRECTION('',(0.0,-0.0,1.0));
#8700=DIRECTION('',(-0.0,1.0,0.0));
#8701=AXIS2_PLACEMENT_3D('',#8698,#8699,#8700);
#8702=CONICAL_SURFACE('',#8701,0.46,0.1486528201);
#8703=ADVANCED_FACE('n° 6709',(#8694,#8697),#8702,.F.);
#8704=CARTESIAN_POINT('',(-7.62,5.8,4.7));
#8705=VERTEX_POINT('',#8704);
#8706=CARTESIAN_POINT('',(-7.62,6.35,4.7));
#8707=DIRECTION('',(0.0,0.0,-1.0));
#8708=DIRECTION('',(0.0,-1.0,-0.0));
#8709=AXIS2_PLACEMENT_3D('',#8706,#8707,#8708);
#8710=CIRCLE('',#8709,0.55);
#8711=EDGE_CURVE('n° 6736',#8705,#8705,#8710,.T.);
#8712=ORIENTED_EDGE('',*,*,#8711,.T.);
#8713=EDGE_LOOP('',(#8712));
#8714=FACE_OUTER_BOUND('',#8713,.T.);
#8715=ORIENTED_EDGE('',*,*,#4991,.F.);
#8716=EDGE_LOOP('',(#8715));
#8717=FACE_BOUND('',#8716,.T.);
#8718=CARTESIAN_POINT('',(-7.62,6.35,4.7));
#8719=DIRECTION('',(0.0,0.0,-1.0));
#8720=DIRECTION('',(0.0,-1.0,-0.0));
#8721=AXIS2_PLACEMENT_3D('',#8718,#8719,#8720);
#8722=CYLINDRICAL_SURFACE('',#8721,0.55);
#8723=ADVANCED_FACE('n° 6754',(#8714,#8717),#8722,.F.);
#8724=CARTESIAN_POINT('',(-7.62,5.89,3.7238547069));
#8725=VERTEX_POINT('',#8724);
#8726=CARTESIAN_POINT('',(-7.62,6.35,3.7238547069));
#8727=DIRECTION('',(0.0,0.0,-1.0));
#8728=DIRECTION('',(0.0,-1.0,-0.0));
#8729=AXIS2_PLACEMENT_3D('',#8726,#8727,#8728);
#8730=CIRCLE('',#8729,0.46);
#8731=EDGE_CURVE('n° 6739',#8725,#8725,#8730,.T.);
#8732=ORIENTED_EDGE('',*,*,#8731,.T.);
#8733=EDGE_LOOP('',(#8732));
#8734=FACE_OUTER_BOUND('',#8733,.T.);
#8735=CARTESIAN_POINT('',(-7.62,5.89,4.2238547069));
#8736=VERTEX_POINT('',#8735);
#8737=CARTESIAN_POINT('',(-7.62,6.35,4.2238547069));
#8738=DIRECTION('',(0.0,0.0,-1.0));
#8739=DIRECTION('',(0.0,-1.0,-0.0));
#8740=AXIS2_PLACEMENT_3D('',#8737,#8738,#8739);
#8741=CIRCLE('',#8740,0.46);
#8742=EDGE_CURVE('n° 6735',#8736,#8736,#8741,.T.);
#8743=ORIENTED_EDGE('',*,*,#8742,.F.);
#8744=EDGE_LOOP('',(#8743));
#8745=FACE_BOUND('',#8744,.T.);
#8746=CARTESIAN_POINT('',(-7.62,6.35,4.7));
#8747=DIRECTION('',(0.0,0.0,-1.0));
#8748=DIRECTION('',(0.0,-1.0,-0.0));
#8749=AXIS2_PLACEMENT_3D('',#8746,#8747,#8748);
#8750=CYLINDRICAL_SURFACE('',#8749,0.46);
#8751=ADVANCED_FACE('n° 6744',(#8734,#8745),#8750,.F.);
#8752=ORIENTED_EDGE('',*,*,#8742,.T.);
#8753=EDGE_LOOP('',(#8752));
#8754=FACE_OUTER_BOUND('',#8753,.T.);
#8755=ORIENTED_EDGE('',*,*,#8711,.F.);
#8756=EDGE_LOOP('',(#8755));
#8757=FACE_BOUND('',#8756,.T.);
#8758=CARTESIAN_POINT('',(-7.62,6.35,4.7));
#8759=DIRECTION('',(0.0,-0.0,1.0));
#8760=DIRECTION('',(-0.0,1.0,0.0));
#8761=AXIS2_PLACEMENT_3D('',#8758,#8759,#8760);
#8762=CONICAL_SURFACE('',#8761,0.55,0.1868139283);
#8763=ADVANCED_FACE('n° 6749',(#8754,#8757),#8762,.F.);
#8764=CARTESIAN_POINT('',(-7.62,6.112,2.2414586189));
#8765=VERTEX_POINT('',#8764);
#8766=CARTESIAN_POINT('',(-7.62,6.35,2.2414586189));
#8767=DIRECTION('',(0.0,0.0,-1.0));
#8768=DIRECTION('',(0.0,-1.0,-0.0));
#8769=AXIS2_PLACEMENT_3D('',#8766,#8767,#8768);
#8770=CIRCLE('',#8769,0.238);
#8771=EDGE_CURVE('n° 6738',#8765,#8765,#8770,.T.);
#8772=ORIENTED_EDGE('',*,*,#8771,.F.);
#8773=EDGE_LOOP('',(#8772));
#8774=FACE_OUTER_BOUND('',#8773,.T.);
#8775=CARTESIAN_POINT('',(-7.62,6.35,2.2414586189));
#8776=DIRECTION('',(0.0,0.0,-1.0));
#8777=DIRECTION('',(0.0,-1.0,-0.0));
#8778=AXIS2_PLACEMENT_3D('',#8775,#8776,#8777);
#8779=PLANE('',#8778);
#8780=ADVANCED_FACE('n° 6763',(#8774),#8779,.F.);
#8781=ORIENTED_EDGE('',*,*,#8771,.T.);
#8782=EDGE_LOOP('',(#8781));
#8783=FACE_OUTER_BOUND('',#8782,.T.);
#8784=ORIENTED_EDGE('',*,*,#8731,.F.);
#8785=EDGE_LOOP('',(#8784));
#8786=FACE_BOUND('',#8785,.T.);
#8787=CARTESIAN_POINT('',(-7.62,6.35,3.7238547069));
#8788=DIRECTION('',(0.0,-0.0,1.0));
#8789=DIRECTION('',(-0.0,1.0,0.0));
#8790=AXIS2_PLACEMENT_3D('',#8787,#8788,#8789);
#8791=CONICAL_SURFACE('',#8790,0.46,0.1486528201);
#8792=ADVANCED_FACE('n° 6767',(#8783,#8786),#8791,.F.);
#8793=CARTESIAN_POINT('',(-7.62,8.34,4.7));
#8794=VERTEX_POINT('',#8793);
#8795=CARTESIAN_POINT('',(-7.62,8.89,4.7));
#8796=DIRECTION('',(0.0,0.0,-1.0));
#8797=DIRECTION('',(0.0,-1.0,-0.0));
#8798=AXIS2_PLACEMENT_3D('',#8795,#8796,#8797);
#8799=CIRCLE('',#8798,0.55);
#8800=EDGE_CURVE('n° 6794',#8794,#8794,#8799,.T.);
#8801=ORIENTED_EDGE('',*,*,#8800,.T.);
#8802=EDGE_LOOP('',(#8801));
#8803=FACE_OUTER_BOUND('',#8802,.T.);
#8804=ORIENTED_EDGE('',*,*,#5100,.F.);
#8805=EDGE_LOOP('',(#8804));
#8806=FACE_BOUND('',#8805,.T.);
#8807=CARTESIAN_POINT('',(-7.62,8.89,4.7));
#8808=DIRECTION('',(0.0,0.0,-1.0));
#8809=DIRECTION('',(0.0,-1.0,-0.0));
#8810=AXIS2_PLACEMENT_3D('',#8807,#8808,#8809);
#8811=CYLINDRICAL_SURFACE('',#8810,0.55);
#8812=ADVANCED_FACE('n° 6812',(#8803,#8806),#8811,.F.);
#8813=CARTESIAN_POINT('',(-7.62,8.43,3.7238547069));
#8814=VERTEX_POINT('',#8813);
#8815=CARTESIAN_POINT('',(-7.62,8.89,3.7238547069));
#8816=DIRECTION('',(0.0,0.0,-1.0));
#8817=DIRECTION('',(0.0,-1.0,-0.0));
#8818=AXIS2_PLACEMENT_3D('',#8815,#8816,#8817);
#8819=CIRCLE('',#8818,0.46);
#8820=EDGE_CURVE('n° 6797',#8814,#8814,#8819,.T.);
#8821=ORIENTED_EDGE('',*,*,#8820,.T.);
#8822=EDGE_LOOP('',(#8821));
#8823=FACE_OUTER_BOUND('',#8822,.T.);
#8824=CARTESIAN_POINT('',(-7.62,8.43,4.2238547069));
#8825=VERTEX_POINT('',#8824);
#8826=CARTESIAN_POINT('',(-7.62,8.89,4.2238547069));
#8827=DIRECTION('',(0.0,0.0,-1.0));
#8828=DIRECTION('',(0.0,-1.0,-0.0));
#8829=AXIS2_PLACEMENT_3D('',#8826,#8827,#8828);
#8830=CIRCLE('',#8829,0.46);
#8831=EDGE_CURVE('n° 6793',#8825,#8825,#8830,.T.);
#8832=ORIENTED_EDGE('',*,*,#8831,.F.);
#8833=EDGE_LOOP('',(#8832));
#8834=FACE_BOUND('',#8833,.T.);
#8835=CARTESIAN_POINT('',(-7.62,8.89,4.7));
#8836=DIRECTION('',(0.0,0.0,-1.0));
#8837=DIRECTION('',(0.0,-1.0,-0.0));
#8838=AXIS2_PLACEMENT_3D('',#8835,#8836,#8837);
#8839=CYLINDRICAL_SURFACE('',#8838,0.46);
#8840=ADVANCED_FACE('n° 6802',(#8823,#8834),#8839,.F.);
#8841=ORIENTED_EDGE('',*,*,#8831,.T.);
#8842=EDGE_LOOP('',(#8841));
#8843=FACE_OUTER_BOUND('',#8842,.T.);
#8844=ORIENTED_EDGE('',*,*,#8800,.F.);
#8845=EDGE_LOOP('',(#8844));
#8846=FACE_BOUND('',#8845,.T.);
#8847=CARTESIAN_POINT('',(-7.62,8.89,4.7));
#8848=DIRECTION('',(0.0,-0.0,1.0));
#8849=DIRECTION('',(-0.0,1.0,0.0));
#8850=AXIS2_PLACEMENT_3D('',#8847,#8848,#8849);
#8851=CONICAL_SURFACE('',#8850,0.55,0.1868139283);
#8852=ADVANCED_FACE('n° 6807',(#8843,#8846),#8851,.F.);
#8853=CARTESIAN_POINT('',(-7.62,8.652,2.2414586189));
#8854=VERTEX_POINT('',#8853);
#8855=CARTESIAN_POINT('',(-7.62,8.89,2.2414586189));
#8856=DIRECTION('',(0.0,0.0,-1.0));
#8857=DIRECTION('',(0.0,-1.0,-0.0));
#8858=AXIS2_PLACEMENT_3D('',#8855,#8856,#8857);
#8859=CIRCLE('',#8858,0.238);
#8860=EDGE_CURVE('n° 6796',#8854,#8854,#8859,.T.);
#8861=ORIENTED_EDGE('',*,*,#8860,.F.);
#8862=EDGE_LOOP('',(#8861));
#8863=FACE_OUTER_BOUND('',#8862,.T.);
#8864=CARTESIAN_POINT('',(-7.62,8.89,2.2414586189));
#8865=DIRECTION('',(0.0,0.0,-1.0));
#8866=DIRECTION('',(0.0,-1.0,-0.0));
#8867=AXIS2_PLACEMENT_3D('',#8864,#8865,#8866);
#8868=PLANE('',#8867);
#8869=ADVANCED_FACE('n° 6821',(#8863),#8868,.F.);
#8870=ORIENTED_EDGE('',*,*,#8860,.T.);
#8871=EDGE_LOOP('',(#8870));
#8872=FACE_OUTER_BOUND('',#8871,.T.);
#8873=ORIENTED_EDGE('',*,*,#8820,.F.);
#8874=EDGE_LOOP('',(#8873));
#8875=FACE_BOUND('',#8874,.T.);
#8876=CARTESIAN_POINT('',(-7.62,8.89,3.7238547069));
#8877=DIRECTION('',(0.0,-0.0,1.0));
#8878=DIRECTION('',(-0.0,1.0,0.0));
#8879=AXIS2_PLACEMENT_3D('',#8876,#8877,#8878);
#8880=CONICAL_SURFACE('',#8879,0.46,0.1486528201);
#8881=ADVANCED_FACE('n° 6825',(#8872,#8875),#8880,.F.);
#8882=CARTESIAN_POINT('',(-7.62,10.88,4.7));
#8883=VERTEX_POINT('',#8882);
#8884=CARTESIAN_POINT('',(-7.62,11.43,4.7));
#8885=DIRECTION('',(0.0,0.0,-1.0));
#8886=DIRECTION('',(0.0,-1.0,-0.0));
#8887=AXIS2_PLACEMENT_3D('',#8884,#8885,#8886);
#8888=CIRCLE('',#8887,0.55);
#8889=EDGE_CURVE('n° 6852',#8883,#8883,#8888,.T.);
#8890=ORIENTED_EDGE('',*,*,#8889,.T.);
#8891=EDGE_LOOP('',(#8890));
#8892=FACE_OUTER_BOUND('',#8891,.T.);
#8893=ORIENTED_EDGE('',*,*,#5209,.F.);
#8894=EDGE_LOOP('',(#8893));
#8895=FACE_BOUND('',#8894,.T.);
#8896=CARTESIAN_POINT('',(-7.62,11.43,4.7));
#8897=DIRECTION('',(0.0,0.0,-1.0));
#8898=DIRECTION('',(0.0,-1.0,-0.0));
#8899=AXIS2_PLACEMENT_3D('',#8896,#8897,#8898);
#8900=CYLINDRICAL_SURFACE('',#8899,0.55);
#8901=ADVANCED_FACE('n° 6870',(#8892,#8895),#8900,.F.);
#8902=CARTESIAN_POINT('',(-7.62,10.97,3.7238547069));
#8903=VERTEX_POINT('',#8902);
#8904=CARTESIAN_POINT('',(-7.62,11.43,3.7238547069));
#8905=DIRECTION('',(0.0,0.0,-1.0));
#8906=DIRECTION('',(0.0,-1.0,-0.0));
#8907=AXIS2_PLACEMENT_3D('',#8904,#8905,#8906);
#8908=CIRCLE('',#8907,0.46);
#8909=EDGE_CURVE('n° 6855',#8903,#8903,#8908,.T.);
#8910=ORIENTED_EDGE('',*,*,#8909,.T.);
#8911=EDGE_LOOP('',(#8910));
#8912=FACE_OUTER_BOUND('',#8911,.T.);
#8913=CARTESIAN_POINT('',(-7.62,10.97,4.2238547069));
#8914=VERTEX_POINT('',#8913);
#8915=CARTESIAN_POINT('',(-7.62,11.43,4.2238547069));
#8916=DIRECTION('',(0.0,0.0,-1.0));
#8917=DIRECTION('',(0.0,-1.0,-0.0));
#8918=AXIS2_PLACEMENT_3D('',#8915,#8916,#8917);
#8919=CIRCLE('',#8918,0.46);
#8920=EDGE_CURVE('n° 6851',#8914,#8914,#8919,.T.);
#8921=ORIENTED_EDGE('',*,*,#8920,.F.);
#8922=EDGE_LOOP('',(#8921));
#8923=FACE_BOUND('',#8922,.T.);
#8924=CARTESIAN_POINT('',(-7.62,11.43,4.7));
#8925=DIRECTION('',(0.0,0.0,-1.0));
#8926=DIRECTION('',(0.0,-1.0,-0.0));
#8927=AXIS2_PLACEMENT_3D('',#8924,#8925,#8926);
#8928=CYLINDRICAL_SURFACE('',#8927,0.46);
#8929=ADVANCED_FACE('n° 6860',(#8912,#8923),#8928,.F.);
#8930=ORIENTED_EDGE('',*,*,#8920,.T.);
#8931=EDGE_LOOP('',(#8930));
#8932=FACE_OUTER_BOUND('',#8931,.T.);
#8933=ORIENTED_EDGE('',*,*,#8889,.F.);
#8934=EDGE_LOOP('',(#8933));
#8935=FACE_BOUND('',#8934,.T.);
#8936=CARTESIAN_POINT('',(-7.62,11.43,4.7));
#8937=DIRECTION('',(0.0,-0.0,1.0));
#8938=DIRECTION('',(-0.0,1.0,0.0));
#8939=AXIS2_PLACEMENT_3D('',#8936,#8937,#8938);
#8940=CONICAL_SURFACE('',#8939,0.55,0.1868139283);
#8941=ADVANCED_FACE('n° 6865',(#8932,#8935),#8940,.F.);
#8942=CARTESIAN_POINT('',(-7.62,11.192,2.2414586189));
#8943=VERTEX_POINT('',#8942);
#8944=CARTESIAN_POINT('',(-7.62,11.43,2.2414586189));
#8945=DIRECTION('',(0.0,0.0,-1.0));
#8946=DIRECTION('',(0.0,-1.0,-0.0));
#8947=AXIS2_PLACEMENT_3D('',#8944,#8945,#8946);
#8948=CIRCLE('',#8947,0.238);
#8949=EDGE_CURVE('n° 6854',#8943,#8943,#8948,.T.);
#8950=ORIENTED_EDGE('',*,*,#8949,.F.);
#8951=EDGE_LOOP('',(#8950));
#8952=FACE_OUTER_BOUND('',#8951,.T.);
#8953=CARTESIAN_POINT('',(-7.62,11.43,2.2414586189));
#8954=DIRECTION('',(0.0,0.0,-1.0));
#8955=DIRECTION('',(0.0,-1.0,-0.0));
#8956=AXIS2_PLACEMENT_3D('',#8953,#8954,#8955);
#8957=PLANE('',#8956);
#8958=ADVANCED_FACE('n° 6879',(#8952),#8957,.F.);
#8959=ORIENTED_EDGE('',*,*,#8949,.T.);
#8960=EDGE_LOOP('',(#8959));
#8961=FACE_OUTER_BOUND('',#8960,.T.);
#8962=ORIENTED_EDGE('',*,*,#8909,.F.);
#8963=EDGE_LOOP('',(#8962));
#8964=FACE_BOUND('',#8963,.T.);
#8965=CARTESIAN_POINT('',(-7.62,11.43,3.7238547069));
#8966=DIRECTION('',(0.0,-0.0,1.0));
#8967=DIRECTION('',(-0.0,1.0,0.0));
#8968=AXIS2_PLACEMENT_3D('',#8965,#8966,#8967);
#8969=CONICAL_SURFACE('',#8968,0.46,0.1486528201);
#8970=ADVANCED_FACE('n° 6883',(#8961,#8964),#8969,.F.);
#8971=CARTESIAN_POINT('',(-7.62,13.42,4.7));
#8972=VERTEX_POINT('',#8971);
#8973=CARTESIAN_POINT('',(-7.62,13.97,4.7));
#8974=DIRECTION('',(0.0,0.0,-1.0));
#8975=DIRECTION('',(0.0,-1.0,-0.0));
#8976=AXIS2_PLACEMENT_3D('',#8973,#8974,#8975);
#8977=CIRCLE('',#8976,0.55);
#8978=EDGE_CURVE('n° 6910',#8972,#8972,#8977,.T.);
#8979=ORIENTED_EDGE('',*,*,#8978,.T.);
#8980=EDGE_LOOP('',(#8979));
#8981=FACE_OUTER_BOUND('',#8980,.T.);
#8982=ORIENTED_EDGE('',*,*,#5318,.F.);
#8983=EDGE_LOOP('',(#8982));
#8984=FACE_BOUND('',#8983,.T.);
#8985=CARTESIAN_POINT('',(-7.62,13.97,4.7));
#8986=DIRECTION('',(0.0,0.0,-1.0));
#8987=DIRECTION('',(0.0,-1.0,-0.0));
#8988=AXIS2_PLACEMENT_3D('',#8985,#8986,#8987);
#8989=CYLINDRICAL_SURFACE('',#8988,0.55);
#8990=ADVANCED_FACE('n° 6928',(#8981,#8984),#8989,.F.);
#8991=CARTESIAN_POINT('',(-7.62,13.51,3.7238547069));
#8992=VERTEX_POINT('',#8991);
#8993=CARTESIAN_POINT('',(-7.62,13.97,3.7238547069));
#8994=DIRECTION('',(0.0,0.0,-1.0));
#8995=DIRECTION('',(0.0,-1.0,-0.0));
#8996=AXIS2_PLACEMENT_3D('',#8993,#8994,#8995);
#8997=CIRCLE('',#8996,0.46);
#8998=EDGE_CURVE('n° 6913',#8992,#8992,#8997,.T.);
#8999=ORIENTED_EDGE('',*,*,#8998,.T.);
#9000=EDGE_LOOP('',(#8999));
#9001=FACE_OUTER_BOUND('',#9000,.T.);
#9002=CARTESIAN_POINT('',(-7.62,13.51,4.2238547069));
#9003=VERTEX_POINT('',#9002);
#9004=CARTESIAN_POINT('',(-7.62,13.97,4.2238547069));
#9005=DIRECTION('',(0.0,0.0,-1.0));
#9006=DIRECTION('',(0.0,-1.0,-0.0));
#9007=AXIS2_PLACEMENT_3D('',#9004,#9005,#9006);
#9008=CIRCLE('',#9007,0.46);
#9009=EDGE_CURVE('n° 6909',#9003,#9003,#9008,.T.);
#9010=ORIENTED_EDGE('',*,*,#9009,.F.);
#9011=EDGE_LOOP('',(#9010));
#9012=FACE_BOUND('',#9011,.T.);
#9013=CARTESIAN_POINT('',(-7.62,13.97,4.7));
#9014=DIRECTION('',(0.0,0.0,-1.0));
#9015=DIRECTION('',(0.0,-1.0,-0.0));
#9016=AXIS2_PLACEMENT_3D('',#9013,#9014,#9015);
#9017=CYLINDRICAL_SURFACE('',#9016,0.46);
#9018=ADVANCED_FACE('n° 6918',(#9001,#9012),#9017,.F.);
#9019=ORIENTED_EDGE('',*,*,#9009,.T.);
#9020=EDGE_LOOP('',(#9019));
#9021=FACE_OUTER_BOUND('',#9020,.T.);
#9022=ORIENTED_EDGE('',*,*,#8978,.F.);
#9023=EDGE_LOOP('',(#9022));
#9024=FACE_BOUND('',#9023,.T.);
#9025=CARTESIAN_POINT('',(-7.62,13.97,4.7));
#9026=DIRECTION('',(0.0,-0.0,1.0));
#9027=DIRECTION('',(-0.0,1.0,0.0));
#9028=AXIS2_PLACEMENT_3D('',#9025,#9026,#9027);
#9029=CONICAL_SURFACE('',#9028,0.55,0.1868139283);
#9030=ADVANCED_FACE('n° 6923',(#9021,#9024),#9029,.F.);
#9031=CARTESIAN_POINT('',(-7.62,13.732,2.2414586189));
#9032=VERTEX_POINT('',#9031);
#9033=CARTESIAN_POINT('',(-7.62,13.97,2.2414586189));
#9034=DIRECTION('',(0.0,0.0,-1.0));
#9035=DIRECTION('',(0.0,-1.0,-0.0));
#9036=AXIS2_PLACEMENT_3D('',#9033,#9034,#9035);
#9037=CIRCLE('',#9036,0.238);
#9038=EDGE_CURVE('n° 6912',#9032,#9032,#9037,.T.);
#9039=ORIENTED_EDGE('',*,*,#9038,.F.);
#9040=EDGE_LOOP('',(#9039));
#9041=FACE_OUTER_BOUND('',#9040,.T.);
#9042=CARTESIAN_POINT('',(-7.62,13.97,2.2414586189));
#9043=DIRECTION('',(0.0,0.0,-1.0));
#9044=DIRECTION('',(0.0,-1.0,-0.0));
#9045=AXIS2_PLACEMENT_3D('',#9042,#9043,#9044);
#9046=PLANE('',#9045);
#9047=ADVANCED_FACE('n° 6937',(#9041),#9046,.F.);
#9048=ORIENTED_EDGE('',*,*,#9038,.T.);
#9049=EDGE_LOOP('',(#9048));
#9050=FACE_OUTER_BOUND('',#9049,.T.);
#9051=ORIENTED_EDGE('',*,*,#8998,.F.);
#9052=EDGE_LOOP('',(#9051));
#9053=FACE_BOUND('',#9052,.T.);
#9054=CARTESIAN_POINT('',(-7.62,13.97,3.7238547069));
#9055=DIRECTION('',(0.0,-0.0,1.0));
#9056=DIRECTION('',(-0.0,1.0,0.0));
#9057=AXIS2_PLACEMENT_3D('',#9054,#9055,#9056);
#9058=CONICAL_SURFACE('',#9057,0.46,0.1486528201);
#9059=ADVANCED_FACE('n° 6941',(#9050,#9053),#9058,.F.);
#9060=CARTESIAN_POINT('',(-7.62,15.96,4.7));
#9061=VERTEX_POINT('',#9060);
#9062=CARTESIAN_POINT('',(-7.62,16.51,4.7));
#9063=DIRECTION('',(0.0,0.0,-1.0));
#9064=DIRECTION('',(0.0,-1.0,-0.0));
#9065=AXIS2_PLACEMENT_3D('',#9062,#9063,#9064);
#9066=CIRCLE('',#9065,0.55);
#9067=EDGE_CURVE('n° 6968',#9061,#9061,#9066,.T.);
#9068=ORIENTED_EDGE('',*,*,#9067,.T.);
#9069=EDGE_LOOP('',(#9068));
#9070=FACE_OUTER_BOUND('',#9069,.T.);
#9071=ORIENTED_EDGE('',*,*,#5427,.F.);
#9072=EDGE_LOOP('',(#9071));
#9073=FACE_BOUND('',#9072,.T.);
#9074=CARTESIAN_POINT('',(-7.62,16.51,4.7));
#9075=DIRECTION('',(0.0,0.0,-1.0));
#9076=DIRECTION('',(0.0,-1.0,-0.0));
#9077=AXIS2_PLACEMENT_3D('',#9074,#9075,#9076);
#9078=CYLINDRICAL_SURFACE('',#9077,0.55);
#9079=ADVANCED_FACE('n° 6986',(#9070,#9073),#9078,.F.);
#9080=CARTESIAN_POINT('',(-7.62,16.05,3.7238547069));
#9081=VERTEX_POINT('',#9080);
#9082=CARTESIAN_POINT('',(-7.62,16.51,3.7238547069));
#9083=DIRECTION('',(0.0,0.0,-1.0));
#9084=DIRECTION('',(0.0,-1.0,-0.0));
#9085=AXIS2_PLACEMENT_3D('',#9082,#9083,#9084);
#9086=CIRCLE('',#9085,0.46);
#9087=EDGE_CURVE('n° 6971',#9081,#9081,#9086,.T.);
#9088=ORIENTED_EDGE('',*,*,#9087,.T.);
#9089=EDGE_LOOP('',(#9088));
#9090=FACE_OUTER_BOUND('',#9089,.T.);
#9091=CARTESIAN_POINT('',(-7.62,16.05,4.2238547069));
#9092=VERTEX_POINT('',#9091);
#9093=CARTESIAN_POINT('',(-7.62,16.51,4.2238547069));
#9094=DIRECTION('',(0.0,0.0,-1.0));
#9095=DIRECTION('',(0.0,-1.0,-0.0));
#9096=AXIS2_PLACEMENT_3D('',#9093,#9094,#9095);
#9097=CIRCLE('',#9096,0.46);
#9098=EDGE_CURVE('n° 6967',#9092,#9092,#9097,.T.);
#9099=ORIENTED_EDGE('',*,*,#9098,.F.);
#9100=EDGE_LOOP('',(#9099));
#9101=FACE_BOUND('',#9100,.T.);
#9102=CARTESIAN_POINT('',(-7.62,16.51,4.7));
#9103=DIRECTION('',(0.0,0.0,-1.0));
#9104=DIRECTION('',(0.0,-1.0,-0.0));
#9105=AXIS2_PLACEMENT_3D('',#9102,#9103,#9104);
#9106=CYLINDRICAL_SURFACE('',#9105,0.46);
#9107=ADVANCED_FACE('n° 6976',(#9090,#9101),#9106,.F.);
#9108=ORIENTED_EDGE('',*,*,#9098,.T.);
#9109=EDGE_LOOP('',(#9108));
#9110=FACE_OUTER_BOUND('',#9109,.T.);
#9111=ORIENTED_EDGE('',*,*,#9067,.F.);
#9112=EDGE_LOOP('',(#9111));
#9113=FACE_BOUND('',#9112,.T.);
#9114=CARTESIAN_POINT('',(-7.62,16.51,4.7));
#9115=DIRECTION('',(0.0,-0.0,1.0));
#9116=DIRECTION('',(-0.0,1.0,0.0));
#9117=AXIS2_PLACEMENT_3D('',#9114,#9115,#9116);
#9118=CONICAL_SURFACE('',#9117,0.55,0.1868139283);
#9119=ADVANCED_FACE('n° 6981',(#9110,#9113),#9118,.F.);
#9120=CARTESIAN_POINT('',(-7.62,16.272,2.2414586189));
#9121=VERTEX_POINT('',#9120);
#9122=CARTESIAN_POINT('',(-7.62,16.51,2.2414586189));
#9123=DIRECTION('',(0.0,0.0,-1.0));
#9124=DIRECTION('',(0.0,-1.0,-0.0));
#9125=AXIS2_PLACEMENT_3D('',#9122,#9123,#9124);
#9126=CIRCLE('',#9125,0.238);
#9127=EDGE_CURVE('n° 6970',#9121,#9121,#9126,.T.);
#9128=ORIENTED_EDGE('',*,*,#9127,.F.);
#9129=EDGE_LOOP('',(#9128));
#9130=FACE_OUTER_BOUND('',#9129,.T.);
#9131=CARTESIAN_POINT('',(-7.62,16.51,2.2414586189));
#9132=DIRECTION('',(0.0,0.0,-1.0));
#9133=DIRECTION('',(0.0,-1.0,-0.0));
#9134=AXIS2_PLACEMENT_3D('',#9131,#9132,#9133);
#9135=PLANE('',#9134);
#9136=ADVANCED_FACE('n° 6995',(#9130),#9135,.F.);
#9137=ORIENTED_EDGE('',*,*,#9127,.T.);
#9138=EDGE_LOOP('',(#9137));
#9139=FACE_OUTER_BOUND('',#9138,.T.);
#9140=ORIENTED_EDGE('',*,*,#9087,.F.);
#9141=EDGE_LOOP('',(#9140));
#9142=FACE_BOUND('',#9141,.T.);
#9143=CARTESIAN_POINT('',(-7.62,16.51,3.7238547069));
#9144=DIRECTION('',(0.0,-0.0,1.0));
#9145=DIRECTION('',(-0.0,1.0,0.0));
#9146=AXIS2_PLACEMENT_3D('',#9143,#9144,#9145);
#9147=CONICAL_SURFACE('',#9146,0.46,0.1486528201);
#9148=ADVANCED_FACE('n° 6999',(#9139,#9142),#9147,.F.);
#9149=CARTESIAN_POINT('',(-7.62,18.5,4.7));
#9150=VERTEX_POINT('',#9149);
#9151=CARTESIAN_POINT('',(-7.62,19.05,4.7));
#9152=DIRECTION('',(0.0,0.0,-1.0));
#9153=DIRECTION('',(0.0,-1.0,-0.0));
#9154=AXIS2_PLACEMENT_3D('',#9151,#9152,#9153);
#9155=CIRCLE('',#9154,0.55);
#9156=EDGE_CURVE('n° 7026',#9150,#9150,#9155,.T.);
#9157=ORIENTED_EDGE('',*,*,#9156,.T.);
#9158=EDGE_LOOP('',(#9157));
#9159=FACE_OUTER_BOUND('',#9158,.T.);
#9160=ORIENTED_EDGE('',*,*,#5536,.F.);
#9161=EDGE_LOOP('',(#9160));
#9162=FACE_BOUND('',#9161,.T.);
#9163=CARTESIAN_POINT('',(-7.62,19.05,4.7));
#9164=DIRECTION('',(0.0,0.0,-1.0));
#9165=DIRECTION('',(0.0,-1.0,-0.0));
#9166=AXIS2_PLACEMENT_3D('',#9163,#9164,#9165);
#9167=CYLINDRICAL_SURFACE('',#9166,0.55);
#9168=ADVANCED_FACE('n° 7044',(#9159,#9162),#9167,.F.);
#9169=CARTESIAN_POINT('',(-7.62,18.59,3.7238547069));
#9170=VERTEX_POINT('',#9169);
#9171=CARTESIAN_POINT('',(-7.62,19.05,3.7238547069));
#9172=DIRECTION('',(0.0,0.0,-1.0));
#9173=DIRECTION('',(0.0,-1.0,-0.0));
#9174=AXIS2_PLACEMENT_3D('',#9171,#9172,#9173);
#9175=CIRCLE('',#9174,0.46);
#9176=EDGE_CURVE('n° 7029',#9170,#9170,#9175,.T.);
#9177=ORIENTED_EDGE('',*,*,#9176,.T.);
#9178=EDGE_LOOP('',(#9177));
#9179=FACE_OUTER_BOUND('',#9178,.T.);
#9180=CARTESIAN_POINT('',(-7.62,18.59,4.2238547069));
#9181=VERTEX_POINT('',#9180);
#9182=CARTESIAN_POINT('',(-7.62,19.05,4.2238547069));
#9183=DIRECTION('',(0.0,0.0,-1.0));
#9184=DIRECTION('',(0.0,-1.0,-0.0));
#9185=AXIS2_PLACEMENT_3D('',#9182,#9183,#9184);
#9186=CIRCLE('',#9185,0.46);
#9187=EDGE_CURVE('n° 7025',#9181,#9181,#9186,.T.);
#9188=ORIENTED_EDGE('',*,*,#9187,.F.);
#9189=EDGE_LOOP('',(#9188));
#9190=FACE_BOUND('',#9189,.T.);
#9191=CARTESIAN_POINT('',(-7.62,19.05,4.7));
#9192=DIRECTION('',(0.0,0.0,-1.0));
#9193=DIRECTION('',(0.0,-1.0,-0.0));
#9194=AXIS2_PLACEMENT_3D('',#9191,#9192,#9193);
#9195=CYLINDRICAL_SURFACE('',#9194,0.46);
#9196=ADVANCED_FACE('n° 7034',(#9179,#9190),#9195,.F.);
#9197=ORIENTED_EDGE('',*,*,#9187,.T.);
#9198=EDGE_LOOP('',(#9197));
#9199=FACE_OUTER_BOUND('',#9198,.T.);
#9200=ORIENTED_EDGE('',*,*,#9156,.F.);
#9201=EDGE_LOOP('',(#9200));
#9202=FACE_BOUND('',#9201,.T.);
#9203=CARTESIAN_POINT('',(-7.62,19.05,4.7));
#9204=DIRECTION('',(0.0,-0.0,1.0));
#9205=DIRECTION('',(-0.0,1.0,0.0));
#9206=AXIS2_PLACEMENT_3D('',#9203,#9204,#9205);
#9207=CONICAL_SURFACE('',#9206,0.55,0.1868139283);
#9208=ADVANCED_FACE('n° 7039',(#9199,#9202),#9207,.F.);
#9209=CARTESIAN_POINT('',(-7.62,18.812,2.2414586189));
#9210=VERTEX_POINT('',#9209);
#9211=CARTESIAN_POINT('',(-7.62,19.05,2.2414586189));
#9212=DIRECTION('',(0.0,0.0,-1.0));
#9213=DIRECTION('',(0.0,-1.0,-0.0));
#9214=AXIS2_PLACEMENT_3D('',#9211,#9212,#9213);
#9215=CIRCLE('',#9214,0.238);
#9216=EDGE_CURVE('n° 7028',#9210,#9210,#9215,.T.);
#9217=ORIENTED_EDGE('',*,*,#9216,.F.);
#9218=EDGE_LOOP('',(#9217));
#9219=FACE_OUTER_BOUND('',#9218,.T.);
#9220=CARTESIAN_POINT('',(-7.62,19.05,2.2414586189));
#9221=DIRECTION('',(0.0,0.0,-1.0));
#9222=DIRECTION('',(0.0,-1.0,-0.0));
#9223=AXIS2_PLACEMENT_3D('',#9220,#9221,#9222);
#9224=PLANE('',#9223);
#9225=ADVANCED_FACE('n° 7053',(#9219),#9224,.F.);
#9226=ORIENTED_EDGE('',*,*,#9216,.T.);
#9227=EDGE_LOOP('',(#9226));
#9228=FACE_OUTER_BOUND('',#9227,.T.);
#9229=ORIENTED_EDGE('',*,*,#9176,.F.);
#9230=EDGE_LOOP('',(#9229));
#9231=FACE_BOUND('',#9230,.T.);
#9232=CARTESIAN_POINT('',(-7.62,19.05,3.7238547069));
#9233=DIRECTION('',(0.0,-0.0,1.0));
#9234=DIRECTION('',(-0.0,1.0,0.0));
#9235=AXIS2_PLACEMENT_3D('',#9232,#9233,#9234);
#9236=CONICAL_SURFACE('',#9235,0.46,0.1486528201);
#9237=ADVANCED_FACE('n° 7057',(#9228,#9231),#9236,.F.);
#9238=CARTESIAN_POINT('',(-7.62,21.04,4.7));
#9239=VERTEX_POINT('',#9238);
#9240=CARTESIAN_POINT('',(-7.62,21.59,4.7));
#9241=DIRECTION('',(0.0,0.0,-1.0));
#9242=DIRECTION('',(0.0,-1.0,-0.0));
#9243=AXIS2_PLACEMENT_3D('',#9240,#9241,#9242);
#9244=CIRCLE('',#9243,0.55);
#9245=EDGE_CURVE('n° 7084',#9239,#9239,#9244,.T.);
#9246=ORIENTED_EDGE('',*,*,#9245,.T.);
#9247=EDGE_LOOP('',(#9246));
#9248=FACE_OUTER_BOUND('',#9247,.T.);
#9249=ORIENTED_EDGE('',*,*,#5645,.F.);
#9250=EDGE_LOOP('',(#9249));
#9251=FACE_BOUND('',#9250,.T.);
#9252=CARTESIAN_POINT('',(-7.62,21.59,4.7));
#9253=DIRECTION('',(0.0,0.0,-1.0));
#9254=DIRECTION('',(0.0,-1.0,-0.0));
#9255=AXIS2_PLACEMENT_3D('',#9252,#9253,#9254);
#9256=CYLINDRICAL_SURFACE('',#9255,0.55);
#9257=ADVANCED_FACE('n° 7102',(#9248,#9251),#9256,.F.);
#9258=CARTESIAN_POINT('',(-7.62,21.13,3.7238547069));
#9259=VERTEX_POINT('',#9258);
#9260=CARTESIAN_POINT('',(-7.62,21.59,3.7238547069));
#9261=DIRECTION('',(0.0,0.0,-1.0));
#9262=DIRECTION('',(0.0,-1.0,-0.0));
#9263=AXIS2_PLACEMENT_3D('',#9260,#9261,#9262);
#9264=CIRCLE('',#9263,0.46);
#9265=EDGE_CURVE('n° 7087',#9259,#9259,#9264,.T.);
#9266=ORIENTED_EDGE('',*,*,#9265,.T.);
#9267=EDGE_LOOP('',(#9266));
#9268=FACE_OUTER_BOUND('',#9267,.T.);
#9269=CARTESIAN_POINT('',(-7.62,21.13,4.2238547069));
#9270=VERTEX_POINT('',#9269);
#9271=CARTESIAN_POINT('',(-7.62,21.59,4.2238547069));
#9272=DIRECTION('',(0.0,0.0,-1.0));
#9273=DIRECTION('',(0.0,-1.0,-0.0));
#9274=AXIS2_PLACEMENT_3D('',#9271,#9272,#9273);
#9275=CIRCLE('',#9274,0.46);
#9276=EDGE_CURVE('n° 7083',#9270,#9270,#9275,.T.);
#9277=ORIENTED_EDGE('',*,*,#9276,.F.);
#9278=EDGE_LOOP('',(#9277));
#9279=FACE_BOUND('',#9278,.T.);
#9280=CARTESIAN_POINT('',(-7.62,21.59,4.7));
#9281=DIRECTION('',(0.0,0.0,-1.0));
#9282=DIRECTION('',(0.0,-1.0,-0.0));
#9283=AXIS2_PLACEMENT_3D('',#9280,#9281,#9282);
#9284=CYLINDRICAL_SURFACE('',#9283,0.46);
#9285=ADVANCED_FACE('n° 7092',(#9268,#9279),#9284,.F.);
#9286=ORIENTED_EDGE('',*,*,#9276,.T.);
#9287=EDGE_LOOP('',(#9286));
#9288=FACE_OUTER_BOUND('',#9287,.T.);
#9289=ORIENTED_EDGE('',*,*,#9245,.F.);
#9290=EDGE_LOOP('',(#9289));
#9291=FACE_BOUND('',#9290,.T.);
#9292=CARTESIAN_POINT('',(-7.62,21.59,4.7));
#9293=DIRECTION('',(0.0,-0.0,1.0));
#9294=DIRECTION('',(-0.0,1.0,0.0));
#9295=AXIS2_PLACEMENT_3D('',#9292,#9293,#9294);
#9296=CONICAL_SURFACE('',#9295,0.55,0.1868139283);
#9297=ADVANCED_FACE('n° 7097',(#9288,#9291),#9296,.F.);
#9298=CARTESIAN_POINT('',(-7.62,21.352,2.2414586189));
#9299=VERTEX_POINT('',#9298);
#9300=CARTESIAN_POINT('',(-7.62,21.59,2.2414586189));
#9301=DIRECTION('',(0.0,0.0,-1.0));
#9302=DIRECTION('',(0.0,-1.0,-0.0));
#9303=AXIS2_PLACEMENT_3D('',#9300,#9301,#9302);
#9304=CIRCLE('',#9303,0.238);
#9305=EDGE_CURVE('n° 7086',#9299,#9299,#9304,.T.);
#9306=ORIENTED_EDGE('',*,*,#9305,.F.);
#9307=EDGE_LOOP('',(#9306));
#9308=FACE_OUTER_BOUND('',#9307,.T.);
#9309=CARTESIAN_POINT('',(-7.62,21.59,2.2414586189));
#9310=DIRECTION('',(0.0,0.0,-1.0));
#9311=DIRECTION('',(0.0,-1.0,-0.0));
#9312=AXIS2_PLACEMENT_3D('',#9309,#9310,#9311);
#9313=PLANE('',#9312);
#9314=ADVANCED_FACE('n° 7111',(#9308),#9313,.F.);
#9315=ORIENTED_EDGE('',*,*,#9305,.T.);
#9316=EDGE_LOOP('',(#9315));
#9317=FACE_OUTER_BOUND('',#9316,.T.);
#9318=ORIENTED_EDGE('',*,*,#9265,.F.);
#9319=EDGE_LOOP('',(#9318));
#9320=FACE_BOUND('',#9319,.T.);
#9321=CARTESIAN_POINT('',(-7.62,21.59,3.7238547069));
#9322=DIRECTION('',(0.0,-0.0,1.0));
#9323=DIRECTION('',(-0.0,1.0,0.0));
#9324=AXIS2_PLACEMENT_3D('',#9321,#9322,#9323);
#9325=CONICAL_SURFACE('',#9324,0.46,0.1486528201);
#9326=ADVANCED_FACE('n° 7115',(#9317,#9320),#9325,.F.);
#9327=CARTESIAN_POINT('',(-7.62,23.58,4.7));
#9328=VERTEX_POINT('',#9327);
#9329=CARTESIAN_POINT('',(-7.62,24.13,4.7));
#9330=DIRECTION('',(0.0,0.0,-1.0));
#9331=DIRECTION('',(0.0,-1.0,-0.0));
#9332=AXIS2_PLACEMENT_3D('',#9329,#9330,#9331);
#9333=CIRCLE('',#9332,0.55);
#9334=EDGE_CURVE('n° 7142',#9328,#9328,#9333,.T.);
#9335=ORIENTED_EDGE('',*,*,#9334,.T.);
#9336=EDGE_LOOP('',(#9335));
#9337=FACE_OUTER_BOUND('',#9336,.T.);
#9338=ORIENTED_EDGE('',*,*,#5754,.F.);
#9339=EDGE_LOOP('',(#9338));
#9340=FACE_BOUND('',#9339,.T.);
#9341=CARTESIAN_POINT('',(-7.62,24.13,4.7));
#9342=DIRECTION('',(0.0,0.0,-1.0));
#9343=DIRECTION('',(0.0,-1.0,-0.0));
#9344=AXIS2_PLACEMENT_3D('',#9341,#9342,#9343);
#9345=CYLINDRICAL_SURFACE('',#9344,0.55);
#9346=ADVANCED_FACE('n° 7160',(#9337,#9340),#9345,.F.);
#9347=CARTESIAN_POINT('',(-7.62,23.67,3.7238547069));
#9348=VERTEX_POINT('',#9347);
#9349=CARTESIAN_POINT('',(-7.62,24.13,3.7238547069));
#9350=DIRECTION('',(0.0,0.0,-1.0));
#9351=DIRECTION('',(0.0,-1.0,-0.0));
#9352=AXIS2_PLACEMENT_3D('',#9349,#9350,#9351);
#9353=CIRCLE('',#9352,0.46);
#9354=EDGE_CURVE('n° 7145',#9348,#9348,#9353,.T.);
#9355=ORIENTED_EDGE('',*,*,#9354,.T.);
#9356=EDGE_LOOP('',(#9355));
#9357=FACE_OUTER_BOUND('',#9356,.T.);
#9358=CARTESIAN_POINT('',(-7.62,23.67,4.2238547069));
#9359=VERTEX_POINT('',#9358);
#9360=CARTESIAN_POINT('',(-7.62,24.13,4.2238547069));
#9361=DIRECTION('',(0.0,0.0,-1.0));
#9362=DIRECTION('',(0.0,-1.0,-0.0));
#9363=AXIS2_PLACEMENT_3D('',#9360,#9361,#9362);
#9364=CIRCLE('',#9363,0.46);
#9365=EDGE_CURVE('n° 7141',#9359,#9359,#9364,.T.);
#9366=ORIENTED_EDGE('',*,*,#9365,.F.);
#9367=EDGE_LOOP('',(#9366));
#9368=FACE_BOUND('',#9367,.T.);
#9369=CARTESIAN_POINT('',(-7.62,24.13,4.7));
#9370=DIRECTION('',(0.0,0.0,-1.0));
#9371=DIRECTION('',(0.0,-1.0,-0.0));
#9372=AXIS2_PLACEMENT_3D('',#9369,#9370,#9371);
#9373=CYLINDRICAL_SURFACE('',#9372,0.46);
#9374=ADVANCED_FACE('n° 7150',(#9357,#9368),#9373,.F.);
#9375=ORIENTED_EDGE('',*,*,#9365,.T.);
#9376=EDGE_LOOP('',(#9375));
#9377=FACE_OUTER_BOUND('',#9376,.T.);
#9378=ORIENTED_EDGE('',*,*,#9334,.F.);
#9379=EDGE_LOOP('',(#9378));
#9380=FACE_BOUND('',#9379,.T.);
#9381=CARTESIAN_POINT('',(-7.62,24.13,4.7));
#9382=DIRECTION('',(0.0,-0.0,1.0));
#9383=DIRECTION('',(-0.0,1.0,0.0));
#9384=AXIS2_PLACEMENT_3D('',#9381,#9382,#9383);
#9385=CONICAL_SURFACE('',#9384,0.55,0.1868139283);
#9386=ADVANCED_FACE('n° 7155',(#9377,#9380),#9385,.F.);
#9387=CARTESIAN_POINT('',(-7.62,23.892,2.2414586189));
#9388=VERTEX_POINT('',#9387);
#9389=CARTESIAN_POINT('',(-7.62,24.13,2.2414586189));
#9390=DIRECTION('',(0.0,0.0,-1.0));
#9391=DIRECTION('',(0.0,-1.0,-0.0));
#9392=AXIS2_PLACEMENT_3D('',#9389,#9390,#9391);
#9393=CIRCLE('',#9392,0.238);
#9394=EDGE_CURVE('n° 7144',#9388,#9388,#9393,.T.);
#9395=ORIENTED_EDGE('',*,*,#9394,.F.);
#9396=EDGE_LOOP('',(#9395));
#9397=FACE_OUTER_BOUND('',#9396,.T.);
#9398=CARTESIAN_POINT('',(-7.62,24.13,2.2414586189));
#9399=DIRECTION('',(0.0,0.0,-1.0));
#9400=DIRECTION('',(0.0,-1.0,-0.0));
#9401=AXIS2_PLACEMENT_3D('',#9398,#9399,#9400);
#9402=PLANE('',#9401);
#9403=ADVANCED_FACE('n° 7169',(#9397),#9402,.F.);
#9404=ORIENTED_EDGE('',*,*,#9394,.T.);
#9405=EDGE_LOOP('',(#9404));
#9406=FACE_OUTER_BOUND('',#9405,.T.);
#9407=ORIENTED_EDGE('',*,*,#9354,.F.);
#9408=EDGE_LOOP('',(#9407));
#9409=FACE_BOUND('',#9408,.T.);
#9410=CARTESIAN_POINT('',(-7.62,24.13,3.7238547069));
#9411=DIRECTION('',(0.0,-0.0,1.0));
#9412=DIRECTION('',(-0.0,1.0,0.0));
#9413=AXIS2_PLACEMENT_3D('',#9410,#9411,#9412);
#9414=CONICAL_SURFACE('',#9413,0.46,0.1486528201);
#9415=ADVANCED_FACE('n° 7173',(#9406,#9409),#9414,.F.);
#9416=CLOSED_SHELL('K\X2\00F6\X0\rper-Verschieben/Kopieren2',(
    #580,#840,#1100,#1138,#1186,#1226,#1280,#1311,#1361,#1383,
    #1400,#1419,#1435,#1447,#1459,#1471,#1483,#1495,#1512,#1540,
    #1552,#1564,#1584,#1604,#1621,#1649,#1661,#1673,#1693,#1713,
    #1730,#1758,#1770,#1782,#1802,#1822,#1839,#1867,#1879,#1891,
    #1911,#1931,#1948,#1976,#1988,#2000,#2020,#2040,#2057,#2085,
    #2097,#2109,#2129,#2149,#2166,#2194,#2206,#2218,#2238,#2258,
    #2275,#2303,#2315,#2327,#2347,#2367,#2384,#2412,#2424,#2436,
    #2456,#2476,#2493,#2521,#2533,#2545,#2565,#2585,#2602,#2630,
    #2642,#2654,#2674,#2694,#2711,#2739,#2751,#2763,#2783,#2803,
    #2820,#2848,#2860,#2872,#2892,#2912,#2929,#2957,#2969,#2981,
    #3001,#3021,#3038,#3066,#3078,#3090,#3110,#3130,#3147,#3175,
    #3187,#3199,#3219,#3239,#3256,#3284,#3296,#3308,#3328,#3348,
    #3365,#3393,#3405,#3417,#3437,#3457,#3474,#3502,#3514,#3526,
    #3546,#3566,#3583,#3611,#3623,#3635,#3655,#3675,#3703,#3715,
    #3735,#3763,#3775,#3784,#3812,#3824,#3844,#3872,#3884,#3893,
    #3921,#3933,#3953,#3981,#3993,#4002,#4030,#4042,#4062,#4090,
    #4102,#4111,#4139,#4151,#4171,#4199,#4211,#4220,#4248,#4260,
    #4280,#4308,#4320,#4329,#4357,#4369,#4389,#4417,#4429,#4438,
    #4466,#4478,#4498,#4526,#4538,#4547,#4575,#4587,#4607,#4635,
    #4647,#4656,#4684,#4696,#4716,#4744,#4756,#4765,#4793,#4805,
    #4825,#4853,#4865,#4874,#4902,#4914,#4934,#4962,#4974,#4983,
    #5011,#5023,#5043,#5071,#5083,#5092,#5120,#5132,#5152,#5180,
    #5192,#5201,#5229,#5241,#5261,#5289,#5301,#5310,#5338,#5350,
    #5370,#5398,#5410,#5419,#5447,#5459,#5479,#5507,#5519,#5528,
    #5556,#5568,#5588,#5616,#5628,#5637,#5665,#5677,#5697,#5725,
    #5737,#5746,#5774,#5786,#5806,#5834,#5846,#5855,#5875,#5903,
    #5915,#5932,#5944,#5964,#5992,#6004,#6021,#6033,#6053,#6081,
    #6093,#6110,#6122,#6142,#6170,#6182,#6199,#6211,#6231,#6259,
    #6271,#6288,#6300,#6320,#6348,#6360,#6377,#6389,#6409,#6437,
    #6449,#6466,#6478,#6498,#6526,#6538,#6555,#6567,#6587,#6615,
    #6627,#6644,#6656,#6676,#6704,#6716,#6733,#6745,#6765,#6793,
    #6805,#6822,#6834,#6854,#6882,#6894,#6911,#6923,#6943,#6971,
    #6983,#7000,#7012,#7032,#7060,#7072,#7089,#7101,#7121,#7149,
    #7161,#7178,#7190,#7210,#7238,#7250,#7267,#7279,#7299,#7327,
    #7339,#7356,#7368,#7388,#7416,#7428,#7445,#7457,#7477,#7505,
    #7517,#7534,#7546,#7566,#7594,#7606,#7623,#7635,#7655,#7683,
    #7695,#7712,#7724,#7744,#7772,#7784,#7801,#7813,#7833,#7861,
    #7873,#7890,#7902,#7922,#7950,#7962,#7979,#7991,#8011,#8039,
    #8051,#8068,#8080,#8100,#8128,#8140,#8157,#8169,#8189,#8217,
    #8229,#8246,#8258,#8278,#8306,#8318,#8335,#8347,#8367,#8395,
    #8407,#8424,#8436,#8456,#8484,#8496,#8513,#8525,#8545,#8573,
    #8585,#8602,#8614,#8634,#8662,#8674,#8691,#8703,#8723,#8751,
    #8763,#8780,#8792,#8812,#8840,#8852,#8869,#8881,#8901,#8929,
    #8941,#8958,#8970,#8990,#9018,#9030,#9047,#9059,#9079,#9107,
    #9119,#9136,#9148,#9168,#9196,#9208,#9225,#9237,#9257,#9285,
    #9297,#9314,#9326,#9346,#9374,#9386,#9403,#9415));
#9417=MANIFOLD_SOLID_BREP('K\X2\00F6\X0\rper-Verschieben/Kopieren2',#9416);
#9418=COLOUR_RGB('',0.81176,0.81176,0.81176);
#9419=FILL_AREA_STYLE_COLOUR('',#9418);
#9420=FILL_AREA_STYLE('',(#9419));
#9421=SURFACE_STYLE_FILL_AREA(#9420);
#9422=SURFACE_SIDE_STYLE('',(#9421));
#9423=SURFACE_STYLE_USAGE(.BOTH.,#9422);
#9424=PRESENTATION_STYLE_ASSIGNMENT((#9423));
#9425=STYLED_ITEM('',(#9424),#9417);
#9426=COLOUR_RGB('',0.14118,0.14118,0.14118);
#9427=FILL_AREA_STYLE_COLOUR('',#9426);
#9428=FILL_AREA_STYLE('',(#9427));
#9429=SURFACE_STYLE_FILL_AREA(#9428);
#9430=SURFACE_SIDE_STYLE('',(#9429));
#9431=SURFACE_STYLE_USAGE(.BOTH.,#9430);
#9432=PRESENTATION_STYLE_ASSIGNMENT((#9431));
#9433=OVER_RIDING_STYLED_ITEM('',(#9432),#580,#9425);
#9434=OVER_RIDING_STYLED_ITEM('',(#9432),#840,#9425);
#9435=OVER_RIDING_STYLED_ITEM('',(#9432),#1100,#9425);
#9436=OVER_RIDING_STYLED_ITEM('',(#9432),#1138,#9425);
#9437=OVER_RIDING_STYLED_ITEM('',(#9432),#1186,#9425);
#9438=OVER_RIDING_STYLED_ITEM('',(#9432),#1226,#9425);
#9439=OVER_RIDING_STYLED_ITEM('',(#9432),#1280,#9425);
#9440=OVER_RIDING_STYLED_ITEM('',(#9432),#1311,#9425);
#9441=OVER_RIDING_STYLED_ITEM('',(#9432),#1361,#9425);
#9442=OVER_RIDING_STYLED_ITEM('',(#9432),#1383,#9425);
#9443=OVER_RIDING_STYLED_ITEM('',(#9432),#1400,#9425);
#9444=OVER_RIDING_STYLED_ITEM('',(#9432),#1419,#9425);
#9445=OVER_RIDING_STYLED_ITEM('',(#9432),#1435,#9425);
#9446=OVER_RIDING_STYLED_ITEM('',(#9432),#1447,#9425);
#9447=OVER_RIDING_STYLED_ITEM('',(#9432),#1459,#9425);
#9448=OVER_RIDING_STYLED_ITEM('',(#9432),#1471,#9425);
#9449=OVER_RIDING_STYLED_ITEM('',(#9432),#1483,#9425);
#9450=OVER_RIDING_STYLED_ITEM('',(#9432),#1495,#9425);
#9451=COLOUR_RGB('',0.87059,0.90588,0.92157);
#9452=FILL_AREA_STYLE_COLOUR('',#9451);
#9453=FILL_AREA_STYLE('',(#9452));
#9454=SURFACE_STYLE_FILL_AREA(#9453);
#9455=SURFACE_SIDE_STYLE('',(#9454));
#9456=SURFACE_STYLE_USAGE(.BOTH.,#9455);
#9457=PRESENTATION_STYLE_ASSIGNMENT((#9456));
#9458=OVER_RIDING_STYLED_ITEM('',(#9457),#1512,#9425);
#9459=OVER_RIDING_STYLED_ITEM('',(#9457),#1540,#9425);
#9460=OVER_RIDING_STYLED_ITEM('',(#9457),#1552,#9425);
#9461=OVER_RIDING_STYLED_ITEM('',(#9457),#1564,#9425);
#9462=OVER_RIDING_STYLED_ITEM('',(#9457),#1584,#9425);
#9463=OVER_RIDING_STYLED_ITEM('',(#9457),#1604,#9425);
#9464=OVER_RIDING_STYLED_ITEM('',(#9457),#1621,#9425);
#9465=OVER_RIDING_STYLED_ITEM('',(#9457),#1649,#9425);
#9466=OVER_RIDING_STYLED_ITEM('',(#9457),#1661,#9425);
#9467=OVER_RIDING_STYLED_ITEM('',(#9457),#1673,#9425);
#9468=OVER_RIDING_STYLED_ITEM('',(#9457),#1693,#9425);
#9469=OVER_RIDING_STYLED_ITEM('',(#9457),#1713,#9425);
#9470=OVER_RIDING_STYLED_ITEM('',(#9457),#1730,#9425);
#9471=OVER_RIDING_STYLED_ITEM('',(#9457),#1758,#9425);
#9472=OVER_RIDING_STYLED_ITEM('',(#9457),#1770,#9425);
#9473=OVER_RIDING_STYLED_ITEM('',(#9457),#1782,#9425);
#9474=OVER_RIDING_STYLED_ITEM('',(#9457),#1802,#9425);
#9475=OVER_RIDING_STYLED_ITEM('',(#9457),#1822,#9425);
#9476=OVER_RIDING_STYLED_ITEM('',(#9457),#1839,#9425);
#9477=OVER_RIDING_STYLED_ITEM('',(#9457),#1867,#9425);
#9478=OVER_RIDING_STYLED_ITEM('',(#9457),#1879,#9425);
#9479=OVER_RIDING_STYLED_ITEM('',(#9457),#1891,#9425);
#9480=OVER_RIDING_STYLED_ITEM('',(#9457),#1911,#9425);
#9481=OVER_RIDING_STYLED_ITEM('',(#9457),#1931,#9425);
#9482=OVER_RIDING_STYLED_ITEM('',(#9457),#1948,#9425);
#9483=OVER_RIDING_STYLED_ITEM('',(#9457),#1976,#9425);
#9484=OVER_RIDING_STYLED_ITEM('',(#9457),#1988,#9425);
#9485=OVER_RIDING_STYLED_ITEM('',(#9457),#2000,#9425);
#9486=OVER_RIDING_STYLED_ITEM('',(#9457),#2020,#9425);
#9487=OVER_RIDING_STYLED_ITEM('',(#9457),#2040,#9425);
#9488=OVER_RIDING_STYLED_ITEM('',(#9457),#2057,#9425);
#9489=OVER_RIDING_STYLED_ITEM('',(#9457),#2085,#9425);
#9490=OVER_RIDING_STYLED_ITEM('',(#9457),#2097,#9425);
#9491=OVER_RIDING_STYLED_ITEM('',(#9457),#2109,#9425);
#9492=OVER_RIDING_STYLED_ITEM('',(#9457),#2129,#9425);
#9493=OVER_RIDING_STYLED_ITEM('',(#9457),#2149,#9425);
#9494=OVER_RIDING_STYLED_ITEM('',(#9457),#2166,#9425);
#9495=OVER_RIDING_STYLED_ITEM('',(#9457),#2194,#9425);
#9496=OVER_RIDING_STYLED_ITEM('',(#9457),#2206,#9425);
#9497=OVER_RIDING_STYLED_ITEM('',(#9457),#2218,#9425);
#9498=OVER_RIDING_STYLED_ITEM('',(#9457),#2238,#9425);
#9499=OVER_RIDING_STYLED_ITEM('',(#9457),#2258,#9425);
#9500=OVER_RIDING_STYLED_ITEM('',(#9457),#2275,#9425);
#9501=OVER_RIDING_STYLED_ITEM('',(#9457),#2303,#9425);
#9502=OVER_RIDING_STYLED_ITEM('',(#9457),#2315,#9425);
#9503=OVER_RIDING_STYLED_ITEM('',(#9457),#2327,#9425);
#9504=OVER_RIDING_STYLED_ITEM('',(#9457),#2347,#9425);
#9505=OVER_RIDING_STYLED_ITEM('',(#9457),#2367,#9425);
#9506=OVER_RIDING_STYLED_ITEM('',(#9457),#2384,#9425);
#9507=OVER_RIDING_STYLED_ITEM('',(#9457),#2412,#9425);
#9508=OVER_RIDING_STYLED_ITEM('',(#9457),#2424,#9425);
#9509=OVER_RIDING_STYLED_ITEM('',(#9457),#2436,#9425);
#9510=OVER_RIDING_STYLED_ITEM('',(#9457),#2456,#9425);
#9511=OVER_RIDING_STYLED_ITEM('',(#9457),#2476,#9425);
#9512=OVER_RIDING_STYLED_ITEM('',(#9457),#2493,#9425);
#9513=OVER_RIDING_STYLED_ITEM('',(#9457),#2521,#9425);
#9514=OVER_RIDING_STYLED_ITEM('',(#9457),#2533,#9425);
#9515=OVER_RIDING_STYLED_ITEM('',(#9457),#2545,#9425);
#9516=OVER_RIDING_STYLED_ITEM('',(#9457),#2565,#9425);
#9517=OVER_RIDING_STYLED_ITEM('',(#9457),#2585,#9425);
#9518=OVER_RIDING_STYLED_ITEM('',(#9457),#2602,#9425);
#9519=OVER_RIDING_STYLED_ITEM('',(#9457),#2630,#9425);
#9520=OVER_RIDING_STYLED_ITEM('',(#9457),#2642,#9425);
#9521=OVER_RIDING_STYLED_ITEM('',(#9457),#2654,#9425);
#9522=OVER_RIDING_STYLED_ITEM('',(#9457),#2674,#9425);
#9523=OVER_RIDING_STYLED_ITEM('',(#9457),#2694,#9425);
#9524=OVER_RIDING_STYLED_ITEM('',(#9457),#2711,#9425);
#9525=OVER_RIDING_STYLED_ITEM('',(#9457),#2739,#9425);
#9526=OVER_RIDING_STYLED_ITEM('',(#9457),#2751,#9425);
#9527=OVER_RIDING_STYLED_ITEM('',(#9457),#2763,#9425);
#9528=OVER_RIDING_STYLED_ITEM('',(#9457),#2783,#9425);
#9529=OVER_RIDING_STYLED_ITEM('',(#9457),#2803,#9425);
#9530=OVER_RIDING_STYLED_ITEM('',(#9457),#2820,#9425);
#9531=OVER_RIDING_STYLED_ITEM('',(#9457),#2848,#9425);
#9532=OVER_RIDING_STYLED_ITEM('',(#9457),#2860,#9425);
#9533=OVER_RIDING_STYLED_ITEM('',(#9457),#2872,#9425);
#9534=OVER_RIDING_STYLED_ITEM('',(#9457),#2892,#9425);
#9535=OVER_RIDING_STYLED_ITEM('',(#9457),#2912,#9425);
#9536=OVER_RIDING_STYLED_ITEM('',(#9457),#2929,#9425);
#9537=OVER_RIDING_STYLED_ITEM('',(#9457),#2957,#9425);
#9538=OVER_RIDING_STYLED_ITEM('',(#9457),#2969,#9425);
#9539=OVER_RIDING_STYLED_ITEM('',(#9457),#2981,#9425);
#9540=OVER_RIDING_STYLED_ITEM('',(#9457),#3001,#9425);
#9541=OVER_RIDING_STYLED_ITEM('',(#9457),#3021,#9425);
#9542=OVER_RIDING_STYLED_ITEM('',(#9457),#3038,#9425);
#9543=OVER_RIDING_STYLED_ITEM('',(#9457),#3066,#9425);
#9544=OVER_RIDING_STYLED_ITEM('',(#9457),#3078,#9425);
#9545=OVER_RIDING_STYLED_ITEM('',(#9457),#3090,#9425);
#9546=OVER_RIDING_STYLED_ITEM('',(#9457),#3110,#9425);
#9547=OVER_RIDING_STYLED_ITEM('',(#9457),#3130,#9425);
#9548=OVER_RIDING_STYLED_ITEM('',(#9457),#3147,#9425);
#9549=OVER_RIDING_STYLED_ITEM('',(#9457),#3175,#9425);
#9550=OVER_RIDING_STYLED_ITEM('',(#9457),#3187,#9425);
#9551=OVER_RIDING_STYLED_ITEM('',(#9457),#3199,#9425);
#9552=OVER_RIDING_STYLED_ITEM('',(#9457),#3219,#9425);
#9553=OVER_RIDING_STYLED_ITEM('',(#9457),#3239,#9425);
#9554=OVER_RIDING_STYLED_ITEM('',(#9457),#3256,#9425);
#9555=OVER_RIDING_STYLED_ITEM('',(#9457),#3284,#9425);
#9556=OVER_RIDING_STYLED_ITEM('',(#9457),#3296,#9425);
#9557=OVER_RIDING_STYLED_ITEM('',(#9457),#3308,#9425);
#9558=OVER_RIDING_STYLED_ITEM('',(#9457),#3328,#9425);
#9559=OVER_RIDING_STYLED_ITEM('',(#9457),#3348,#9425);
#9560=OVER_RIDING_STYLED_ITEM('',(#9457),#3365,#9425);
#9561=OVER_RIDING_STYLED_ITEM('',(#9457),#3393,#9425);
#9562=OVER_RIDING_STYLED_ITEM('',(#9457),#3405,#9425);
#9563=OVER_RIDING_STYLED_ITEM('',(#9457),#3417,#9425);
#9564=OVER_RIDING_STYLED_ITEM('',(#9457),#3437,#9425);
#9565=OVER_RIDING_STYLED_ITEM('',(#9457),#3457,#9425);
#9566=OVER_RIDING_STYLED_ITEM('',(#9457),#3474,#9425);
#9567=OVER_RIDING_STYLED_ITEM('',(#9457),#3502,#9425);
#9568=OVER_RIDING_STYLED_ITEM('',(#9457),#3514,#9425);
#9569=OVER_RIDING_STYLED_ITEM('',(#9457),#3526,#9425);
#9570=OVER_RIDING_STYLED_ITEM('',(#9457),#3546,#9425);
#9571=OVER_RIDING_STYLED_ITEM('',(#9457),#3566,#9425);
#9572=OVER_RIDING_STYLED_ITEM('',(#9457),#3583,#9425);
#9573=OVER_RIDING_STYLED_ITEM('',(#9457),#3611,#9425);
#9574=OVER_RIDING_STYLED_ITEM('',(#9457),#3623,#9425);
#9575=OVER_RIDING_STYLED_ITEM('',(#9457),#3635,#9425);
#9576=OVER_RIDING_STYLED_ITEM('',(#9457),#3655,#9425);
#9577=OVER_RIDING_STYLED_ITEM('',(#9457),#3675,#9425);
#9578=OVER_RIDING_STYLED_ITEM('',(#9457),#3703,#9425);
#9579=OVER_RIDING_STYLED_ITEM('',(#9457),#3715,#9425);
#9580=OVER_RIDING_STYLED_ITEM('',(#9457),#3735,#9425);
#9581=OVER_RIDING_STYLED_ITEM('',(#9457),#3763,#9425);
#9582=OVER_RIDING_STYLED_ITEM('',(#9457),#3775,#9425);
#9583=OVER_RIDING_STYLED_ITEM('',(#9457),#3784,#9425);
#9584=OVER_RIDING_STYLED_ITEM('',(#9457),#3812,#9425);
#9585=OVER_RIDING_STYLED_ITEM('',(#9457),#3824,#9425);
#9586=OVER_RIDING_STYLED_ITEM('',(#9457),#3844,#9425);
#9587=OVER_RIDING_STYLED_ITEM('',(#9457),#3872,#9425);
#9588=OVER_RIDING_STYLED_ITEM('',(#9457),#3884,#9425);
#9589=OVER_RIDING_STYLED_ITEM('',(#9457),#3893,#9425);
#9590=OVER_RIDING_STYLED_ITEM('',(#9457),#3921,#9425);
#9591=OVER_RIDING_STYLED_ITEM('',(#9457),#3933,#9425);
#9592=OVER_RIDING_STYLED_ITEM('',(#9457),#3953,#9425);
#9593=OVER_RIDING_STYLED_ITEM('',(#9457),#3981,#9425);
#9594=OVER_RIDING_STYLED_ITEM('',(#9457),#3993,#9425);
#9595=OVER_RIDING_STYLED_ITEM('',(#9457),#4002,#9425);
#9596=OVER_RIDING_STYLED_ITEM('',(#9457),#4030,#9425);
#9597=OVER_RIDING_STYLED_ITEM('',(#9457),#4042,#9425);
#9598=OVER_RIDING_STYLED_ITEM('',(#9457),#4062,#9425);
#9599=OVER_RIDING_STYLED_ITEM('',(#9457),#4090,#9425);
#9600=OVER_RIDING_STYLED_ITEM('',(#9457),#4102,#9425);
#9601=OVER_RIDING_STYLED_ITEM('',(#9457),#4111,#9425);
#9602=OVER_RIDING_STYLED_ITEM('',(#9457),#4139,#9425);
#9603=OVER_RIDING_STYLED_ITEM('',(#9457),#4151,#9425);
#9604=OVER_RIDING_STYLED_ITEM('',(#9457),#4171,#9425);
#9605=OVER_RIDING_STYLED_ITEM('',(#9457),#4199,#9425);
#9606=OVER_RIDING_STYLED_ITEM('',(#9457),#4211,#9425);
#9607=OVER_RIDING_STYLED_ITEM('',(#9457),#4220,#9425);
#9608=OVER_RIDING_STYLED_ITEM('',(#9457),#4248,#9425);
#9609=OVER_RIDING_STYLED_ITEM('',(#9457),#4260,#9425);
#9610=OVER_RIDING_STYLED_ITEM('',(#9457),#4280,#9425);
#9611=OVER_RIDING_STYLED_ITEM('',(#9457),#4308,#9425);
#9612=OVER_RIDING_STYLED_ITEM('',(#9457),#4320,#9425);
#9613=OVER_RIDING_STYLED_ITEM('',(#9457),#4329,#9425);
#9614=OVER_RIDING_STYLED_ITEM('',(#9457),#4357,#9425);
#9615=OVER_RIDING_STYLED_ITEM('',(#9457),#4369,#9425);
#9616=OVER_RIDING_STYLED_ITEM('',(#9457),#4389,#9425);
#9617=OVER_RIDING_STYLED_ITEM('',(#9457),#4417,#9425);
#9618=OVER_RIDING_STYLED_ITEM('',(#9457),#4429,#9425);
#9619=OVER_RIDING_STYLED_ITEM('',(#9457),#4438,#9425);
#9620=OVER_RIDING_STYLED_ITEM('',(#9457),#4466,#9425);
#9621=OVER_RIDING_STYLED_ITEM('',(#9457),#4478,#9425);
#9622=OVER_RIDING_STYLED_ITEM('',(#9457),#4498,#9425);
#9623=OVER_RIDING_STYLED_ITEM('',(#9457),#4526,#9425);
#9624=OVER_RIDING_STYLED_ITEM('',(#9457),#4538,#9425);
#9625=OVER_RIDING_STYLED_ITEM('',(#9457),#4547,#9425);
#9626=OVER_RIDING_STYLED_ITEM('',(#9457),#4575,#9425);
#9627=OVER_RIDING_STYLED_ITEM('',(#9457),#4587,#9425);
#9628=OVER_RIDING_STYLED_ITEM('',(#9457),#4607,#9425);
#9629=OVER_RIDING_STYLED_ITEM('',(#9457),#4635,#9425);
#9630=OVER_RIDING_STYLED_ITEM('',(#9457),#4647,#9425);
#9631=OVER_RIDING_STYLED_ITEM('',(#9457),#4656,#9425);
#9632=OVER_RIDING_STYLED_ITEM('',(#9457),#4684,#9425);
#9633=OVER_RIDING_STYLED_ITEM('',(#9457),#4696,#9425);
#9634=OVER_RIDING_STYLED_ITEM('',(#9457),#4716,#9425);
#9635=OVER_RIDING_STYLED_ITEM('',(#9457),#4744,#9425);
#9636=OVER_RIDING_STYLED_ITEM('',(#9457),#4756,#9425);
#9637=OVER_RIDING_STYLED_ITEM('',(#9457),#4765,#9425);
#9638=OVER_RIDING_STYLED_ITEM('',(#9457),#4793,#9425);
#9639=OVER_RIDING_STYLED_ITEM('',(#9457),#4805,#9425);
#9640=OVER_RIDING_STYLED_ITEM('',(#9457),#4825,#9425);
#9641=OVER_RIDING_STYLED_ITEM('',(#9457),#4853,#9425);
#9642=OVER_RIDING_STYLED_ITEM('',(#9457),#4865,#9425);
#9643=OVER_RIDING_STYLED_ITEM('',(#9457),#4874,#9425);
#9644=OVER_RIDING_STYLED_ITEM('',(#9457),#4902,#9425);
#9645=OVER_RIDING_STYLED_ITEM('',(#9457),#4914,#9425);
#9646=OVER_RIDING_STYLED_ITEM('',(#9457),#4934,#9425);
#9647=OVER_RIDING_STYLED_ITEM('',(#9457),#4962,#9425);
#9648=OVER_RIDING_STYLED_ITEM('',(#9457),#4974,#9425);
#9649=OVER_RIDING_STYLED_ITEM('',(#9457),#4983,#9425);
#9650=OVER_RIDING_STYLED_ITEM('',(#9457),#5011,#9425);
#9651=OVER_RIDING_STYLED_ITEM('',(#9457),#5023,#9425);
#9652=OVER_RIDING_STYLED_ITEM('',(#9457),#5043,#9425);
#9653=OVER_RIDING_STYLED_ITEM('',(#9457),#5071,#9425);
#9654=OVER_RIDING_STYLED_ITEM('',(#9457),#5083,#9425);
#9655=OVER_RIDING_STYLED_ITEM('',(#9457),#5092,#9425);
#9656=OVER_RIDING_STYLED_ITEM('',(#9457),#5120,#9425);
#9657=OVER_RIDING_STYLED_ITEM('',(#9457),#5132,#9425);
#9658=OVER_RIDING_STYLED_ITEM('',(#9457),#5152,#9425);
#9659=OVER_RIDING_STYLED_ITEM('',(#9457),#5180,#9425);
#9660=OVER_RIDING_STYLED_ITEM('',(#9457),#5192,#9425);
#9661=OVER_RIDING_STYLED_ITEM('',(#9457),#5201,#9425);
#9662=OVER_RIDING_STYLED_ITEM('',(#9457),#5229,#9425);
#9663=OVER_RIDING_STYLED_ITEM('',(#9457),#5241,#9425);
#9664=OVER_RIDING_STYLED_ITEM('',(#9457),#5261,#9425);
#9665=OVER_RIDING_STYLED_ITEM('',(#9457),#5289,#9425);
#9666=OVER_RIDING_STYLED_ITEM('',(#9457),#5301,#9425);
#9667=OVER_RIDING_STYLED_ITEM('',(#9457),#5310,#9425);
#9668=OVER_RIDING_STYLED_ITEM('',(#9457),#5338,#9425);
#9669=OVER_RIDING_STYLED_ITEM('',(#9457),#5350,#9425);
#9670=OVER_RIDING_STYLED_ITEM('',(#9457),#5370,#9425);
#9671=OVER_RIDING_STYLED_ITEM('',(#9457),#5398,#9425);
#9672=OVER_RIDING_STYLED_ITEM('',(#9457),#5410,#9425);
#9673=OVER_RIDING_STYLED_ITEM('',(#9457),#5419,#9425);
#9674=OVER_RIDING_STYLED_ITEM('',(#9457),#5447,#9425);
#9675=OVER_RIDING_STYLED_ITEM('',(#9457),#5459,#9425);
#9676=OVER_RIDING_STYLED_ITEM('',(#9457),#5479,#9425);
#9677=OVER_RIDING_STYLED_ITEM('',(#9457),#5507,#9425);
#9678=OVER_RIDING_STYLED_ITEM('',(#9457),#5519,#9425);
#9679=OVER_RIDING_STYLED_ITEM('',(#9457),#5528,#9425);
#9680=OVER_RIDING_STYLED_ITEM('',(#9457),#5556,#9425);
#9681=OVER_RIDING_STYLED_ITEM('',(#9457),#5568,#9425);
#9682=OVER_RIDING_STYLED_ITEM('',(#9457),#5588,#9425);
#9683=OVER_RIDING_STYLED_ITEM('',(#9457),#5616,#9425);
#9684=OVER_RIDING_STYLED_ITEM('',(#9457),#5628,#9425);
#9685=OVER_RIDING_STYLED_ITEM('',(#9457),#5637,#9425);
#9686=OVER_RIDING_STYLED_ITEM('',(#9457),#5665,#9425);
#9687=OVER_RIDING_STYLED_ITEM('',(#9457),#5677,#9425);
#9688=OVER_RIDING_STYLED_ITEM('',(#9457),#5697,#9425);
#9689=OVER_RIDING_STYLED_ITEM('',(#9457),#5725,#9425);
#9690=OVER_RIDING_STYLED_ITEM('',(#9457),#5737,#9425);
#9691=OVER_RIDING_STYLED_ITEM('',(#9457),#5746,#9425);
#9692=OVER_RIDING_STYLED_ITEM('',(#9457),#5774,#9425);
#9693=OVER_RIDING_STYLED_ITEM('',(#9457),#5786,#9425);
#9694=OVER_RIDING_STYLED_ITEM('',(#9457),#5806,#9425);
#9695=OVER_RIDING_STYLED_ITEM('',(#9457),#5834,#9425);
#9696=OVER_RIDING_STYLED_ITEM('',(#9457),#5846,#9425);
#9697=OVER_RIDING_STYLED_ITEM('',(#9457),#5855,#9425);
#9698=OVER_RIDING_STYLED_ITEM('',(#9457),#5875,#9425);
#9699=COLOUR_RGB('',1.0,0.8,0.0);
#9700=FILL_AREA_STYLE_COLOUR('',#9699);
#9701=FILL_AREA_STYLE('',(#9700));
#9702=SURFACE_STYLE_FILL_AREA(#9701);
#9703=SURFACE_SIDE_STYLE('',(#9702));
#9704=SURFACE_STYLE_USAGE(.BOTH.,#9703);
#9705=PRESENTATION_STYLE_ASSIGNMENT((#9704));
#9706=OVER_RIDING_STYLED_ITEM('',(#9705),#5903,#9425);
#9707=OVER_RIDING_STYLED_ITEM('',(#9457),#5915,#9425);
#9708=OVER_RIDING_STYLED_ITEM('',(#9705),#5932,#9425);
#9709=OVER_RIDING_STYLED_ITEM('',(#9705),#5944,#9425);
#9710=OVER_RIDING_STYLED_ITEM('',(#9457),#5964,#9425);
#9711=OVER_RIDING_STYLED_ITEM('',(#9705),#5992,#9425);
#9712=OVER_RIDING_STYLED_ITEM('',(#9457),#6004,#9425);
#9713=OVER_RIDING_STYLED_ITEM('',(#9705),#6021,#9425);
#9714=OVER_RIDING_STYLED_ITEM('',(#9705),#6033,#9425);
#9715=OVER_RIDING_STYLED_ITEM('',(#9457),#6053,#9425);
#9716=OVER_RIDING_STYLED_ITEM('',(#9705),#6081,#9425);
#9717=OVER_RIDING_STYLED_ITEM('',(#9457),#6093,#9425);
#9718=OVER_RIDING_STYLED_ITEM('',(#9705),#6110,#9425);
#9719=OVER_RIDING_STYLED_ITEM('',(#9705),#6122,#9425);
#9720=OVER_RIDING_STYLED_ITEM('',(#9457),#6142,#9425);
#9721=OVER_RIDING_STYLED_ITEM('',(#9705),#6170,#9425);
#9722=OVER_RIDING_STYLED_ITEM('',(#9457),#6182,#9425);
#9723=OVER_RIDING_STYLED_ITEM('',(#9705),#6199,#9425);
#9724=OVER_RIDING_STYLED_ITEM('',(#9705),#6211,#9425);
#9725=OVER_RIDING_STYLED_ITEM('',(#9457),#6231,#9425);
#9726=OVER_RIDING_STYLED_ITEM('',(#9705),#6259,#9425);
#9727=OVER_RIDING_STYLED_ITEM('',(#9457),#6271,#9425);
#9728=OVER_RIDING_STYLED_ITEM('',(#9705),#6288,#9425);
#9729=OVER_RIDING_STYLED_ITEM('',(#9705),#6300,#9425);
#9730=OVER_RIDING_STYLED_ITEM('',(#9457),#6320,#9425);
#9731=OVER_RIDING_STYLED_ITEM('',(#9705),#6348,#9425);
#9732=OVER_RIDING_STYLED_ITEM('',(#9457),#6360,#9425);
#9733=OVER_RIDING_STYLED_ITEM('',(#9705),#6377,#9425);
#9734=OVER_RIDING_STYLED_ITEM('',(#9705),#6389,#9425);
#9735=OVER_RIDING_STYLED_ITEM('',(#9457),#6409,#9425);
#9736=OVER_RIDING_STYLED_ITEM('',(#9705),#6437,#9425);
#9737=OVER_RIDING_STYLED_ITEM('',(#9457),#6449,#9425);
#9738=OVER_RIDING_STYLED_ITEM('',(#9705),#6466,#9425);
#9739=OVER_RIDING_STYLED_ITEM('',(#9705),#6478,#9425);
#9740=OVER_RIDING_STYLED_ITEM('',(#9457),#6498,#9425);
#9741=OVER_RIDING_STYLED_ITEM('',(#9705),#6526,#9425);
#9742=OVER_RIDING_STYLED_ITEM('',(#9457),#6538,#9425);
#9743=OVER_RIDING_STYLED_ITEM('',(#9705),#6555,#9425);
#9744=OVER_RIDING_STYLED_ITEM('',(#9705),#6567,#9425);
#9745=OVER_RIDING_STYLED_ITEM('',(#9457),#6587,#9425);
#9746=OVER_RIDING_STYLED_ITEM('',(#9705),#6615,#9425);
#9747=OVER_RIDING_STYLED_ITEM('',(#9457),#6627,#9425);
#9748=OVER_RIDING_STYLED_ITEM('',(#9705),#6644,#9425);
#9749=OVER_RIDING_STYLED_ITEM('',(#9705),#6656,#9425);
#9750=OVER_RIDING_STYLED_ITEM('',(#9457),#6676,#9425);
#9751=OVER_RIDING_STYLED_ITEM('',(#9705),#6704,#9425);
#9752=OVER_RIDING_STYLED_ITEM('',(#9457),#6716,#9425);
#9753=OVER_RIDING_STYLED_ITEM('',(#9705),#6733,#9425);
#9754=OVER_RIDING_STYLED_ITEM('',(#9705),#6745,#9425);
#9755=OVER_RIDING_STYLED_ITEM('',(#9457),#6765,#9425);
#9756=OVER_RIDING_STYLED_ITEM('',(#9705),#6793,#9425);
#9757=OVER_RIDING_STYLED_ITEM('',(#9457),#6805,#9425);
#9758=OVER_RIDING_STYLED_ITEM('',(#9705),#6822,#9425);
#9759=OVER_RIDING_STYLED_ITEM('',(#9705),#6834,#9425);
#9760=OVER_RIDING_STYLED_ITEM('',(#9457),#6854,#9425);
#9761=OVER_RIDING_STYLED_ITEM('',(#9705),#6882,#9425);
#9762=OVER_RIDING_STYLED_ITEM('',(#9457),#6894,#9425);
#9763=OVER_RIDING_STYLED_ITEM('',(#9705),#6911,#9425);
#9764=OVER_RIDING_STYLED_ITEM('',(#9705),#6923,#9425);
#9765=OVER_RIDING_STYLED_ITEM('',(#9457),#6943,#9425);
#9766=OVER_RIDING_STYLED_ITEM('',(#9705),#6971,#9425);
#9767=OVER_RIDING_STYLED_ITEM('',(#9457),#6983,#9425);
#9768=OVER_RIDING_STYLED_ITEM('',(#9705),#7000,#9425);
#9769=OVER_RIDING_STYLED_ITEM('',(#9705),#7012,#9425);
#9770=OVER_RIDING_STYLED_ITEM('',(#9457),#7032,#9425);
#9771=OVER_RIDING_STYLED_ITEM('',(#9705),#7060,#9425);
#9772=OVER_RIDING_STYLED_ITEM('',(#9457),#7072,#9425);
#9773=OVER_RIDING_STYLED_ITEM('',(#9705),#7089,#9425);
#9774=OVER_RIDING_STYLED_ITEM('',(#9705),#7101,#9425);
#9775=OVER_RIDING_STYLED_ITEM('',(#9457),#7121,#9425);
#9776=OVER_RIDING_STYLED_ITEM('',(#9705),#7149,#9425);
#9777=OVER_RIDING_STYLED_ITEM('',(#9457),#7161,#9425);
#9778=OVER_RIDING_STYLED_ITEM('',(#9705),#7178,#9425);
#9779=OVER_RIDING_STYLED_ITEM('',(#9705),#7190,#9425);
#9780=OVER_RIDING_STYLED_ITEM('',(#9457),#7210,#9425);
#9781=OVER_RIDING_STYLED_ITEM('',(#9705),#7238,#9425);
#9782=OVER_RIDING_STYLED_ITEM('',(#9457),#7250,#9425);
#9783=OVER_RIDING_STYLED_ITEM('',(#9705),#7267,#9425);
#9784=OVER_RIDING_STYLED_ITEM('',(#9705),#7279,#9425);
#9785=OVER_RIDING_STYLED_ITEM('',(#9457),#7299,#9425);
#9786=OVER_RIDING_STYLED_ITEM('',(#9705),#7327,#9425);
#9787=OVER_RIDING_STYLED_ITEM('',(#9457),#7339,#9425);
#9788=OVER_RIDING_STYLED_ITEM('',(#9705),#7356,#9425);
#9789=OVER_RIDING_STYLED_ITEM('',(#9705),#7368,#9425);
#9790=OVER_RIDING_STYLED_ITEM('',(#9457),#7388,#9425);
#9791=OVER_RIDING_STYLED_ITEM('',(#9705),#7416,#9425);
#9792=OVER_RIDING_STYLED_ITEM('',(#9457),#7428,#9425);
#9793=OVER_RIDING_STYLED_ITEM('',(#9705),#7445,#9425);
#9794=OVER_RIDING_STYLED_ITEM('',(#9705),#7457,#9425);
#9795=OVER_RIDING_STYLED_ITEM('',(#9457),#7477,#9425);
#9796=OVER_RIDING_STYLED_ITEM('',(#9705),#7505,#9425);
#9797=OVER_RIDING_STYLED_ITEM('',(#9457),#7517,#9425);
#9798=OVER_RIDING_STYLED_ITEM('',(#9705),#7534,#9425);
#9799=OVER_RIDING_STYLED_ITEM('',(#9705),#7546,#9425);
#9800=OVER_RIDING_STYLED_ITEM('',(#9457),#7566,#9425);
#9801=OVER_RIDING_STYLED_ITEM('',(#9705),#7594,#9425);
#9802=OVER_RIDING_STYLED_ITEM('',(#9457),#7606,#9425);
#9803=OVER_RIDING_STYLED_ITEM('',(#9705),#7623,#9425);
#9804=OVER_RIDING_STYLED_ITEM('',(#9705),#7635,#9425);
#9805=OVER_RIDING_STYLED_ITEM('',(#9457),#7655,#9425);
#9806=OVER_RIDING_STYLED_ITEM('',(#9705),#7683,#9425);
#9807=OVER_RIDING_STYLED_ITEM('',(#9457),#7695,#9425);
#9808=OVER_RIDING_STYLED_ITEM('',(#9705),#7712,#9425);
#9809=OVER_RIDING_STYLED_ITEM('',(#9705),#7724,#9425);
#9810=OVER_RIDING_STYLED_ITEM('',(#9457),#7744,#9425);
#9811=OVER_RIDING_STYLED_ITEM('',(#9705),#7772,#9425);
#9812=OVER_RIDING_STYLED_ITEM('',(#9457),#7784,#9425);
#9813=OVER_RIDING_STYLED_ITEM('',(#9705),#7801,#9425);
#9814=OVER_RIDING_STYLED_ITEM('',(#9705),#7813,#9425);
#9815=OVER_RIDING_STYLED_ITEM('',(#9457),#7833,#9425);
#9816=OVER_RIDING_STYLED_ITEM('',(#9705),#7861,#9425);
#9817=OVER_RIDING_STYLED_ITEM('',(#9457),#7873,#9425);
#9818=OVER_RIDING_STYLED_ITEM('',(#9705),#7890,#9425);
#9819=OVER_RIDING_STYLED_ITEM('',(#9705),#7902,#9425);
#9820=OVER_RIDING_STYLED_ITEM('',(#9457),#7922,#9425);
#9821=OVER_RIDING_STYLED_ITEM('',(#9705),#7950,#9425);
#9822=OVER_RIDING_STYLED_ITEM('',(#9457),#7962,#9425);
#9823=OVER_RIDING_STYLED_ITEM('',(#9705),#7979,#9425);
#9824=OVER_RIDING_STYLED_ITEM('',(#9705),#7991,#9425);
#9825=OVER_RIDING_STYLED_ITEM('',(#9457),#8011,#9425);
#9826=OVER_RIDING_STYLED_ITEM('',(#9705),#8039,#9425);
#9827=OVER_RIDING_STYLED_ITEM('',(#9457),#8051,#9425);
#9828=OVER_RIDING_STYLED_ITEM('',(#9705),#8068,#9425);
#9829=OVER_RIDING_STYLED_ITEM('',(#9705),#8080,#9425);
#9830=OVER_RIDING_STYLED_ITEM('',(#9457),#8100,#9425);
#9831=OVER_RIDING_STYLED_ITEM('',(#9705),#8128,#9425);
#9832=OVER_RIDING_STYLED_ITEM('',(#9457),#8140,#9425);
#9833=OVER_RIDING_STYLED_ITEM('',(#9705),#8157,#9425);
#9834=OVER_RIDING_STYLED_ITEM('',(#9705),#8169,#9425);
#9835=OVER_RIDING_STYLED_ITEM('',(#9457),#8189,#9425);
#9836=OVER_RIDING_STYLED_ITEM('',(#9705),#8217,#9425);
#9837=OVER_RIDING_STYLED_ITEM('',(#9457),#8229,#9425);
#9838=OVER_RIDING_STYLED_ITEM('',(#9705),#8246,#9425);
#9839=OVER_RIDING_STYLED_ITEM('',(#9705),#8258,#9425);
#9840=OVER_RIDING_STYLED_ITEM('',(#9457),#8278,#9425);
#9841=OVER_RIDING_STYLED_ITEM('',(#9705),#8306,#9425);
#9842=OVER_RIDING_STYLED_ITEM('',(#9457),#8318,#9425);
#9843=OVER_RIDING_STYLED_ITEM('',(#9705),#8335,#9425);
#9844=OVER_RIDING_STYLED_ITEM('',(#9705),#8347,#9425);
#9845=OVER_RIDING_STYLED_ITEM('',(#9457),#8367,#9425);
#9846=OVER_RIDING_STYLED_ITEM('',(#9705),#8395,#9425);
#9847=OVER_RIDING_STYLED_ITEM('',(#9457),#8407,#9425);
#9848=OVER_RIDING_STYLED_ITEM('',(#9705),#8424,#9425);
#9849=OVER_RIDING_STYLED_ITEM('',(#9705),#8436,#9425);
#9850=OVER_RIDING_STYLED_ITEM('',(#9457),#8456,#9425);
#9851=OVER_RIDING_STYLED_ITEM('',(#9705),#8484,#9425);
#9852=OVER_RIDING_STYLED_ITEM('',(#9457),#8496,#9425);
#9853=OVER_RIDING_STYLED_ITEM('',(#9705),#8513,#9425);
#9854=OVER_RIDING_STYLED_ITEM('',(#9705),#8525,#9425);
#9855=OVER_RIDING_STYLED_ITEM('',(#9457),#8545,#9425);
#9856=OVER_RIDING_STYLED_ITEM('',(#9705),#8573,#9425);
#9857=OVER_RIDING_STYLED_ITEM('',(#9457),#8585,#9425);
#9858=OVER_RIDING_STYLED_ITEM('',(#9705),#8602,#9425);
#9859=OVER_RIDING_STYLED_ITEM('',(#9705),#8614,#9425);
#9860=OVER_RIDING_STYLED_ITEM('',(#9457),#8634,#9425);
#9861=OVER_RIDING_STYLED_ITEM('',(#9705),#8662,#9425);
#9862=OVER_RIDING_STYLED_ITEM('',(#9457),#8674,#9425);
#9863=OVER_RIDING_STYLED_ITEM('',(#9705),#8691,#9425);
#9864=OVER_RIDING_STYLED_ITEM('',(#9705),#8703,#9425);
#9865=OVER_RIDING_STYLED_ITEM('',(#9457),#8723,#9425);
#9866=OVER_RIDING_STYLED_ITEM('',(#9705),#8751,#9425);
#9867=OVER_RIDING_STYLED_ITEM('',(#9457),#8763,#9425);
#9868=OVER_RIDING_STYLED_ITEM('',(#9705),#8780,#9425);
#9869=OVER_RIDING_STYLED_ITEM('',(#9705),#8792,#9425);
#9870=OVER_RIDING_STYLED_ITEM('',(#9457),#8812,#9425);
#9871=OVER_RIDING_STYLED_ITEM('',(#9705),#8840,#9425);
#9872=OVER_RIDING_STYLED_ITEM('',(#9457),#8852,#9425);
#9873=OVER_RIDING_STYLED_ITEM('',(#9705),#8869,#9425);
#9874=OVER_RIDING_STYLED_ITEM('',(#9705),#8881,#9425);
#9875=OVER_RIDING_STYLED_ITEM('',(#9457),#8901,#9425);
#9876=OVER_RIDING_STYLED_ITEM('',(#9705),#8929,#9425);
#9877=OVER_RIDING_STYLED_ITEM('',(#9457),#8941,#9425);
#9878=OVER_RIDING_STYLED_ITEM('',(#9705),#8958,#9425);
#9879=OVER_RIDING_STYLED_ITEM('',(#9705),#8970,#9425);
#9880=OVER_RIDING_STYLED_ITEM('',(#9457),#8990,#9425);
#9881=OVER_RIDING_STYLED_ITEM('',(#9705),#9018,#9425);
#9882=OVER_RIDING_STYLED_ITEM('',(#9457),#9030,#9425);
#9883=OVER_RIDING_STYLED_ITEM('',(#9705),#9047,#9425);
#9884=OVER_RIDING_STYLED_ITEM('',(#9705),#9059,#9425);
#9885=OVER_RIDING_STYLED_ITEM('',(#9457),#9079,#9425);
#9886=OVER_RIDING_STYLED_ITEM('',(#9705),#9107,#9425);
#9887=OVER_RIDING_STYLED_ITEM('',(#9457),#9119,#9425);
#9888=OVER_RIDING_STYLED_ITEM('',(#9705),#9136,#9425);
#9889=OVER_RIDING_STYLED_ITEM('',(#9705),#9148,#9425);
#9890=OVER_RIDING_STYLED_ITEM('',(#9457),#9168,#9425);
#9891=OVER_RIDING_STYLED_ITEM('',(#9705),#9196,#9425);
#9892=OVER_RIDING_STYLED_ITEM('',(#9457),#9208,#9425);
#9893=OVER_RIDING_STYLED_ITEM('',(#9705),#9225,#9425);
#9894=OVER_RIDING_STYLED_ITEM('',(#9705),#9237,#9425);
#9895=OVER_RIDING_STYLED_ITEM('',(#9457),#9257,#9425);
#9896=OVER_RIDING_STYLED_ITEM('',(#9705),#9285,#9425);
#9897=OVER_RIDING_STYLED_ITEM('',(#9457),#9297,#9425);
#9898=OVER_RIDING_STYLED_ITEM('',(#9705),#9314,#9425);
#9899=OVER_RIDING_STYLED_ITEM('',(#9705),#9326,#9425);
#9900=OVER_RIDING_STYLED_ITEM('',(#9457),#9346,#9425);
#9901=OVER_RIDING_STYLED_ITEM('',(#9705),#9374,#9425);
#9902=OVER_RIDING_STYLED_ITEM('',(#9457),#9386,#9425);
#9903=OVER_RIDING_STYLED_ITEM('',(#9705),#9403,#9425);
#9904=OVER_RIDING_STYLED_ITEM('',(#9705),#9415,#9425);
#9905=CARTESIAN_POINT('',(0.,0.,0.));
#9906=DIRECTION('',(0.,0.,1.));
#9907=DIRECTION('',(1.,0.,0.));
#9908=AXIS2_PLACEMENT_3D('Reference Axes',#9905,#9906,#9907);
#9909=ADVANCED_BREP_SHAPE_REPRESENTATION('',(#9908,#9417),#5);
#9910=SHAPE_DEFINITION_REPRESENTATION(#12,#9909);
#9911=MECHANICAL_DESIGN_GEOMETRIC_PRESENTATION_REPRESENTATION('',(
    #9425,#9433,#9434,#9435,#9436,#9437,#9438,#9439,#9440,#9441,
    #9442,#9443,#9444,#9445,#9446,#9447,#9448,#9449,#9450,#9458,
    #9459,#9460,#9461,#9462,#9463,#9464,#9465,#9466,#9467,#9468,
    #9469,#9470,#9471,#9472,#9473,#9474,#9475,#9476,#9477,#9478,
    #9479,#9480,#9481,#9482,#9483,#9484,#9485,#9486,#9487,#9488,
    #9489,#9490,#9491,#9492,#9493,#9494,#9495,#9496,#9497,#9498,
    #9499,#9500,#9501,#9502,#9503,#9504,#9505,#9506,#9507,#9508,
    #9509,#9510,#9511,#9512,#9513,#9514,#9515,#9516,#9517,#9518,
    #9519,#9520,#9521,#9522,#9523,#9524,#9525,#9526,#9527,#9528,
    #9529,#9530,#9531,#9532,#9533,#9534,#9535,#9536,#9537,#9538,
    #9539,#9540,#9541,#9542,#9543,#9544,#9545,#9546,#9547,#9548,
    #9549,#9550,#9551,#9552,#9553,#9554,#9555,#9556,#9557,#9558,
    #9559,#9560,#9561,#9562,#9563,#9564,#9565,#9566,#9567,#9568,
    #9569,#9570,#9571,#9572,#9573,#9574,#9575,#9576,#9577,#9578,
    #9579,#9580,#9581,#9582,#9583,#9584,#9585,#9586,#9587,#9588,
    #9589,#9590,#9591,#9592,#9593,#9594,#9595,#9596,#9597,#9598,
    #9599,#9600,#9601,#9602,#9603,#9604,#9605,#9606,#9607,#9608,
    #9609,#9610,#9611,#9612,#9613,#9614,#9615,#9616,#9617,#9618,
    #9619,#9620,#9621,#9622,#9623,#9624,#9625,#9626,#9627,#9628,
    #9629,#9630,#9631,#9632,#9633,#9634,#9635,#9636,#9637,#9638,
    #9639,#9640,#9641,#9642,#9643,#9644,#9645,#9646,#9647,#9648,
    #9649,#9650,#9651,#9652,#9653,#9654,#9655,#9656,#9657,#9658,
    #9659,#9660,#9661,#9662,#9663,#9664,#9665,#9666,#9667,#9668,
    #9669,#9670,#9671,#9672,#9673,#9674,#9675,#9676,#9677,#9678,
    #9679,#9680,#9681,#9682,#9683,#9684,#9685,#9686,#9687,#9688,
    #9689,#9690,#9691,#9692,#9693,#9694,#9695,#9696,#9697,#9698,
    #9706,#9707,#9708,#9709,#9710,#9711,#9712,#9713,#9714,#9715,
    #9716,#9717,#9718,#9719,#9720,#9721,#9722,#9723,#9724,#9725,
    #9726,#9727,#9728,#9729,#9730,#9731,#9732,#9733,#9734,#9735,
    #9736,#9737,#9738,#9739,#9740,#9741,#9742,#9743,#9744,#9745,
    #9746,#9747,#9748,#9749,#9750,#9751,#9752,#9753,#9754,#9755,
    #9756,#9757,#9758,#9759,#9760,#9761,#9762,#9763,#9764,#9765,
    #9766,#9767,#9768,#9769,#9770,#9771,#9772,#9773,#9774,#9775,
    #9776,#9777,#9778,#9779,#9780,#9781,#9782,#9783,#9784,#9785,
    #9786,#9787,#9788,#9789,#9790,#9791,#9792,#9793,#9794,#9795,
    #9796,#9797,#9798,#9799,#9800,#9801,#9802,#9803,#9804,#9805,
    #9806,#9807,#9808,#9809,#9810,#9811,#9812,#9813,#9814,#9815,
    #9816,#9817,#9818,#9819,#9820,#9821,#9822,#9823,#9824,#9825,
    #9826,#9827,#9828,#9829,#9830,#9831,#9832,#9833,#9834,#9835,
    #9836,#9837,#9838,#9839,#9840,#9841,#9842,#9843,#9844,#9845,
    #9846,#9847,#9848,#9849,#9850,#9851,#9852,#9853,#9854,#9855,
    #9856,#9857,#9858,#9859,#9860,#9861,#9862,#9863,#9864,#9865,
    #9866,#9867,#9868,#9869,#9870,#9871,#9872,#9873,#9874,#9875,
    #9876,#9877,#9878,#9879,#9880,#9881,#9882,#9883,#9884,#9885,
    #9886,#9887,#9888,#9889,#9890,#9891,#9892,#9893,#9894,#9895,
    #9896,#9897,#9898,#9899,#9900,#9901,#9902,#9903,#9904),#5);
ENDSEC;
END-ISO-10303-21;
