ISO-10303-21;
HEADER;
/* Generated by software containing ST-Developer
 * from STEP Tools, Inc. (www.steptools.com) 
 */
/* OPTION: strings as raw bytes, not using required /X/ escapes */

FILE_DESCRIPTION(
/* description */ ('Unknown'),
/* implementation_level */ '2;1');

FILE_NAME(
/* name */ 'CONECTOR VGA-DB15F_slim',
/* time_stamp */ '2025-02-07T17:10:51+02:00',
/* author */ ('Unknown'),
/* organization */ ('Unknown'),
/* preprocessor_version */ 'ST-DEVELOPER v19.4',
/* originating_system */ 'Solid Edge',
/* authorisation */ 'Unknown');

FILE_SCHEMA (('AUTOMOTIVE_DESIGN {1 0 10303 214 3 1 1}'));
ENDSEC;

DATA;
#10=PROPERTY_DEFINITION_REPRESENTATION(#14,#12);
#11=PROPERTY_DEFINITION_REPRESENTATION(#15,#13);
#12=REPRESENTATION('',(#16),#14286);
#13=REPRESENTATION('',(#17),#14286);
#14=PROPERTY_DEFINITION('pmi validation property','',#14307);
#15=PROPERTY_DEFINITION('pmi validation property','',#14307);
#16=VALUE_REPRESENTATION_ITEM('number of annotations',COUNT_MEASURE(0.));
#17=VALUE_REPRESENTATION_ITEM('number of views',COUNT_MEASURE(0.));
#18=(
BOUNDED_SURFACE()
B_SPLINE_SURFACE(1,2,((#12898,#12899,#12900,#12901,#12902,#12903,#12904,
#12905,#12906,#12907,#12908,#12909,#12910,#12911,#12912,#12913,#12914,#12915,
#12916,#12917,#12918,#12919,#12920,#12921,#12922,#12923,#12924,#12925,#12926,
#12927,#12928,#12929,#12930,#12931,#12932,#12933,#12934,#12935,#12936,#12937,
#12938,#12939,#12940,#12941,#12942,#12943,#12944,#12945,#12946,#12947,#12948,
#12949,#12950,#12951,#12952,#12953,#12954,#12955,#12956,#12957,#12958,#12959,
#12960,#12961,#12962,#12963,#12964,#12965,#12966,#12967,#12968,#12969,#12970,
#12971,#12972,#12973,#12974,#12975,#12976,#12977,#12978,#12979,#12980,#12981,
#12982,#12983,#12984,#12985,#12986,#12987,#12988,#12989,#12990,#12991,#12992,
#12993,#12994,#12995,#12996,#12997,#12998,#12999,#13000,#13001,#13002,#13003,
#13004,#13005,#13006,#13007,#13008,#13009,#13010,#13011,#13012,#13013,#13014),
(#13015,#13016,#13017,#13018,#13019,#13020,#13021,#13022,#13023,#13024,
#13025,#13026,#13027,#13028,#13029,#13030,#13031,#13032,#13033,#13034,#13035,
#13036,#13037,#13038,#13039,#13040,#13041,#13042,#13043,#13044,#13045,#13046,
#13047,#13048,#13049,#13050,#13051,#13052,#13053,#13054,#13055,#13056,#13057,
#13058,#13059,#13060,#13061,#13062,#13063,#13064,#13065,#13066,#13067,#13068,
#13069,#13070,#13071,#13072,#13073,#13074,#13075,#13076,#13077,#13078,#13079,
#13080,#13081,#13082,#13083,#13084,#13085,#13086,#13087,#13088,#13089,#13090,
#13091,#13092,#13093,#13094,#13095,#13096,#13097,#13098,#13099,#13100,#13101,
#13102,#13103,#13104,#13105,#13106,#13107,#13108,#13109,#13110,#13111,#13112,
#13113,#13114,#13115,#13116,#13117,#13118,#13119,#13120,#13121,#13122,#13123,
#13124,#13125,#13126,#13127,#13128,#13129,#13130,#13131),(#13132,#13133,
#13134,#13135,#13136,#13137,#13138,#13139,#13140,#13141,#13142,#13143,#13144,
#13145,#13146,#13147,#13148,#13149,#13150,#13151,#13152,#13153,#13154,#13155,
#13156,#13157,#13158,#13159,#13160,#13161,#13162,#13163,#13164,#13165,#13166,
#13167,#13168,#13169,#13170,#13171,#13172,#13173,#13174,#13175,#13176,#13177,
#13178,#13179,#13180,#13181,#13182,#13183,#13184,#13185,#13186,#13187,#13188,
#13189,#13190,#13191,#13192,#13193,#13194,#13195,#13196,#13197,#13198,#13199,
#13200,#13201,#13202,#13203,#13204,#13205,#13206,#13207,#13208,#13209,#13210,
#13211,#13212,#13213,#13214,#13215,#13216,#13217,#13218,#13219,#13220,#13221,
#13222,#13223,#13224,#13225,#13226,#13227,#13228,#13229,#13230,#13231,#13232,
#13233,#13234,#13235,#13236,#13237,#13238,#13239,#13240,#13241,#13242,#13243,
#13244,#13245,#13246,#13247,#13248)),.RULED_SURF.,.F.,.F.,.F.)
B_SPLINE_SURFACE_WITH_KNOTS((2,1,2),(3,2,2,2,2,2,2,2,2,2,2,2,2,2,2,2,2,
2,2,2,2,2,2,2,2,2,2,2,2,2,2,2,2,2,2,2,2,2,2,2,2,2,2,2,2,2,2,2,2,2,2,2,2,
2,2,2,2,2,3),(0.,1.,1.0060041743508),(0.0664588039024054,0.0757575757575758,
0.0909090909090909,0.106060606060606,0.121212121212121,0.136363636363636,
0.151515151515152,0.166666666666667,0.181818181818182,0.196969696969697,
0.212121212121212,0.227272727272727,0.242424242424242,0.257575757575758,
0.272727272727273,0.287878787878788,0.303030303030303,0.318181818181818,
0.333333333333333,0.348484848484849,0.363636363636364,0.378787878787879,
0.393939393939394,0.409090909090909,0.424242424242424,0.439393939393939,
0.454545454545455,0.46969696969697,0.484848484848485,0.5,0.515151515151515,
0.53030303030303,0.545454545454545,0.560606060606061,0.575757575757576,
0.590909090909091,0.606060606060606,0.621212121212121,0.636363636363636,
0.651515151515151,0.666666666666667,0.681818181818182,0.696969696969697,
0.712121212121212,0.727272727272727,0.742424242424242,0.757575757575758,
0.772727272727273,0.787878787878788,0.803030303030303,0.818181818181818,
0.833333333333333,0.848484848484849,0.863636363636364,0.878787878787879,
0.893939393939394,0.909090909090909,0.924242424242424,0.930593927986251),
 .UNSPECIFIED.)
GEOMETRIC_REPRESENTATION_ITEM()
RATIONAL_B_SPLINE_SURFACE(((0.936477820277995,0.917777252496593,1.,0.866025403784439,
1.,0.866025403784439,1.,0.866025403784439,1.,0.866025403784439,1.,0.866025403784439,
1.,0.866025403784439,1.,0.866025403784439,1.,0.866025403784439,1.,0.866025403784439,
1.,0.866025403784439,1.,0.866025403784439,1.,0.866025403784439,1.,0.866025403784439,
1.,0.866025403784439,1.,0.866025403784439,1.,0.866025403784439,1.,0.866025403784439,
1.,0.866025403784439,1.,0.866025403784439,1.,0.866025403784439,1.,0.866025403784439,
1.,0.866025403784439,1.,0.866025403784439,1.,0.866025403784439,1.,0.866025403784439,
1.,0.866025403784439,1.,0.866025403784439,1.,0.866025403784439,1.,0.866025403784439,
1.,0.866025403784439,1.,0.866025403784439,1.,0.866025403784439,1.,0.866025403784439,
1.,0.866025403784439,1.,0.866025403784439,1.,0.866025403784439,1.,0.866025403784439,
1.,0.866025403784439,1.,0.866025403784439,1.,0.866025403784439,1.,0.866025403784439,
1.,0.866025403784439,1.,0.866025403784439,1.,0.866025403784439,1.,0.866025403784439,
1.,0.866025403784439,1.,0.866025403784439,1.,0.866025403784439,1.,0.866025403784439,
1.,0.866025403784439,1.,0.866025403784439,1.,0.866025403784439,1.,0.866025403784439,
1.,0.866025403784439,1.,0.866025403784439,1.,0.866025403784439,1.,0.943837950136903,
0.934762078309379),(0.936477820277995,0.917777252496593,1.,0.866025403784439,
1.,0.866025403784439,1.,0.866025403784439,1.,0.866025403784439,1.,0.866025403784439,
1.,0.866025403784439,1.,0.866025403784439,1.,0.866025403784439,1.,0.866025403784439,
1.,0.866025403784439,1.,0.866025403784439,1.,0.866025403784439,1.,0.866025403784439,
1.,0.866025403784439,1.,0.866025403784439,1.,0.866025403784439,1.,0.866025403784439,
1.,0.866025403784439,1.,0.866025403784439,1.,0.866025403784439,1.,0.866025403784439,
1.,0.866025403784439,1.,0.866025403784439,1.,0.866025403784439,1.,0.866025403784439,
1.,0.866025403784439,1.,0.866025403784439,1.,0.866025403784439,1.,0.866025403784439,
1.,0.866025403784439,1.,0.866025403784439,1.,0.866025403784439,1.,0.866025403784439,
1.,0.866025403784439,1.,0.866025403784439,1.,0.866025403784439,1.,0.866025403784439,
1.,0.866025403784439,1.,0.866025403784439,1.,0.866025403784439,1.,0.866025403784439,
1.,0.866025403784439,1.,0.866025403784439,1.,0.866025403784439,1.,0.866025403784439,
1.,0.866025403784439,1.,0.866025403784439,1.,0.866025403784439,1.,0.866025403784439,
1.,0.866025403784439,1.,0.866025403784439,1.,0.866025403784439,1.,0.866025403784439,
1.,0.866025403784439,1.,0.866025403784439,1.,0.866025403784439,1.,0.943837950136903,
0.934762078309379),(0.936477820277995,0.917777252496593,1.,0.866025403784439,
1.,0.866025403784439,1.,0.866025403784439,1.,0.866025403784439,1.,0.866025403784439,
1.,0.866025403784439,1.,0.866025403784439,1.,0.866025403784439,1.,0.866025403784439,
1.,0.866025403784439,1.,0.866025403784439,1.,0.866025403784439,1.,0.866025403784439,
1.,0.866025403784439,1.,0.866025403784439,1.,0.866025403784439,1.,0.866025403784439,
1.,0.866025403784439,1.,0.866025403784439,1.,0.866025403784439,1.,0.866025403784439,
1.,0.866025403784439,1.,0.866025403784439,1.,0.866025403784439,1.,0.866025403784439,
1.,0.866025403784439,1.,0.866025403784439,1.,0.866025403784439,1.,0.866025403784439,
1.,0.866025403784439,1.,0.866025403784439,1.,0.866025403784439,1.,0.866025403784439,
1.,0.866025403784439,1.,0.866025403784439,1.,0.866025403784439,1.,0.866025403784439,
1.,0.866025403784439,1.,0.866025403784439,1.,0.866025403784439,1.,0.866025403784439,
1.,0.866025403784439,1.,0.866025403784439,1.,0.866025403784439,1.,0.866025403784439,
1.,0.866025403784439,1.,0.866025403784439,1.,0.866025403784439,1.,0.866025403784439,
1.,0.866025403784439,1.,0.866025403784439,1.,0.866025403784439,1.,0.866025403784439,
1.,0.866025403784439,1.,0.866025403784439,1.,0.866025403784439,1.,0.943837950136903,
0.934762078309379)))
REPRESENTATION_ITEM('')
SURFACE()
);
#19=(
BOUNDED_SURFACE()
B_SPLINE_SURFACE(1,2,((#13496,#13497,#13498,#13499,#13500,#13501,#13502,
#13503,#13504,#13505,#13506,#13507,#13508,#13509,#13510,#13511,#13512,#13513,
#13514,#13515,#13516,#13517,#13518,#13519,#13520,#13521,#13522,#13523,#13524,
#13525,#13526,#13527,#13528,#13529,#13530,#13531,#13532,#13533,#13534,#13535,
#13536,#13537,#13538,#13539,#13540,#13541,#13542,#13543,#13544,#13545,#13546,
#13547,#13548,#13549,#13550,#13551,#13552,#13553,#13554,#13555,#13556,#13557,
#13558,#13559,#13560,#13561,#13562,#13563,#13564,#13565,#13566,#13567,#13568,
#13569,#13570,#13571,#13572,#13573,#13574,#13575,#13576,#13577,#13578,#13579,
#13580,#13581,#13582,#13583,#13584,#13585,#13586,#13587,#13588,#13589,#13590,
#13591,#13592,#13593,#13594,#13595,#13596,#13597,#13598,#13599,#13600,#13601,
#13602,#13603,#13604,#13605,#13606,#13607,#13608,#13609,#13610,#13611,#13612,
#13613,#13614,#13615,#13616),(#13617,#13618,#13619,#13620,#13621,#13622,
#13623,#13624,#13625,#13626,#13627,#13628,#13629,#13630,#13631,#13632,#13633,
#13634,#13635,#13636,#13637,#13638,#13639,#13640,#13641,#13642,#13643,#13644,
#13645,#13646,#13647,#13648,#13649,#13650,#13651,#13652,#13653,#13654,#13655,
#13656,#13657,#13658,#13659,#13660,#13661,#13662,#13663,#13664,#13665,#13666,
#13667,#13668,#13669,#13670,#13671,#13672,#13673,#13674,#13675,#13676,#13677,
#13678,#13679,#13680,#13681,#13682,#13683,#13684,#13685,#13686,#13687,#13688,
#13689,#13690,#13691,#13692,#13693,#13694,#13695,#13696,#13697,#13698,#13699,
#13700,#13701,#13702,#13703,#13704,#13705,#13706,#13707,#13708,#13709,#13710,
#13711,#13712,#13713,#13714,#13715,#13716,#13717,#13718,#13719,#13720,#13721,
#13722,#13723,#13724,#13725,#13726,#13727,#13728,#13729,#13730,#13731,#13732,
#13733,#13734,#13735,#13736,#13737),(#13738,#13739,#13740,#13741,#13742,
#13743,#13744,#13745,#13746,#13747,#13748,#13749,#13750,#13751,#13752,#13753,
#13754,#13755,#13756,#13757,#13758,#13759,#13760,#13761,#13762,#13763,#13764,
#13765,#13766,#13767,#13768,#13769,#13770,#13771,#13772,#13773,#13774,#13775,
#13776,#13777,#13778,#13779,#13780,#13781,#13782,#13783,#13784,#13785,#13786,
#13787,#13788,#13789,#13790,#13791,#13792,#13793,#13794,#13795,#13796,#13797,
#13798,#13799,#13800,#13801,#13802,#13803,#13804,#13805,#13806,#13807,#13808,
#13809,#13810,#13811,#13812,#13813,#13814,#13815,#13816,#13817,#13818,#13819,
#13820,#13821,#13822,#13823,#13824,#13825,#13826,#13827,#13828,#13829,#13830,
#13831,#13832,#13833,#13834,#13835,#13836,#13837,#13838,#13839,#13840,#13841,
#13842,#13843,#13844,#13845,#13846,#13847,#13848,#13849,#13850,#13851,#13852,
#13853,#13854,#13855,#13856,#13857,#13858)),.RULED_SURF.,.F.,.F.,.F.)
B_SPLINE_SURFACE_WITH_KNOTS((2,1,2),(3,2,2,2,2,2,2,2,2,2,2,2,2,2,2,2,2,
2,2,2,2,2,2,2,2,2,2,2,2,2,2,2,2,2,2,2,2,2,2,2,2,2,2,2,2,2,2,2,2,2,2,2,2,
2,2,2,2,2,2,2,3),(0.,1.,1.00600018648343),(0.0401570234851781,0.0454545454545455,
0.0606060606060606,0.0757575757575758,0.0909090909090909,0.106060606060606,
0.121212121212121,0.136363636363636,0.151515151515152,0.166666666666667,
0.181818181818182,0.196969696969697,0.212121212121212,0.227272727272727,
0.242424242424242,0.257575757575758,0.272727272727273,0.287878787878788,
0.303030303030303,0.318181818181818,0.333333333333333,0.348484848484849,
0.363636363636364,0.378787878787879,0.393939393939394,0.409090909090909,
0.424242424242424,0.439393939393939,0.454545454545455,0.46969696969697,
0.484848484848485,0.5,0.515151515151515,0.53030303030303,0.545454545454545,
0.560606060606061,0.575757575757576,0.590909090909091,0.606060606060606,
0.621212121212121,0.636363636363636,0.651515151515151,0.666666666666667,
0.681818181818182,0.696969696969697,0.712121212121212,0.727272727272727,
0.742424242424242,0.757575757575758,0.772727272727273,0.787878787878788,
0.803030303030303,0.818181818181818,0.833333333333333,0.848484848484849,
0.863636363636364,0.878787878787879,0.893939393939394,0.909090909090909,
0.924242424242424,0.930593748397498),.UNSPECIFIED.)
GEOMETRIC_REPRESENTATION_ITEM()
RATIONAL_B_SPLINE_SURFACE(((0.939070818016816,0.953157597791923,1.,0.866025403784439,
1.,0.866025403784439,1.,0.866025403784439,1.,0.866025403784439,1.,0.866025403784439,
1.,0.866025403784439,1.,0.866025403784439,1.,0.866025403784439,1.,0.866025403784439,
1.,0.866025403784439,1.,0.866025403784439,1.,0.866025403784439,1.,0.866025403784439,
1.,0.866025403784439,1.,0.866025403784439,1.,0.866025403784439,1.,0.866025403784439,
1.,0.866025403784439,1.,0.866025403784439,1.,0.866025403784439,1.,0.866025403784439,
1.,0.866025403784439,1.,0.866025403784439,1.,0.866025403784439,1.,0.866025403784439,
1.,0.866025403784439,1.,0.866025403784439,1.,0.866025403784439,1.,0.866025403784439,
1.,0.866025403784439,1.,0.866025403784439,1.,0.866025403784439,1.,0.866025403784439,
1.,0.866025403784439,1.,0.866025403784439,1.,0.866025403784439,1.,0.866025403784439,
1.,0.866025403784439,1.,0.866025403784439,1.,0.866025403784439,1.,0.866025403784439,
1.,0.866025403784439,1.,0.866025403784439,1.,0.866025403784439,1.,0.866025403784439,
1.,0.866025403784439,1.,0.866025403784439,1.,0.866025403784439,1.,0.866025403784439,
1.,0.866025403784439,1.,0.866025403784439,1.,0.866025403784439,1.,0.866025403784439,
1.,0.866025403784439,1.,0.866025403784439,1.,0.866025403784439,1.,0.866025403784439,
1.,0.866025403784439,1.,0.943839538118729,0.934762591587532),(0.939070818016816,
0.953157597791923,1.,0.866025403784439,1.,0.866025403784439,1.,0.866025403784439,
1.,0.866025403784439,1.,0.866025403784439,1.,0.866025403784439,1.,0.866025403784439,
1.,0.866025403784439,1.,0.866025403784439,1.,0.866025403784439,1.,0.866025403784439,
1.,0.866025403784439,1.,0.866025403784439,1.,0.866025403784439,1.,0.866025403784439,
1.,0.866025403784439,1.,0.866025403784439,1.,0.866025403784439,1.,0.866025403784439,
1.,0.866025403784439,1.,0.866025403784439,1.,0.866025403784439,1.,0.866025403784439,
1.,0.866025403784439,1.,0.866025403784439,1.,0.866025403784439,1.,0.866025403784439,
1.,0.866025403784439,1.,0.866025403784439,1.,0.866025403784439,1.,0.866025403784439,
1.,0.866025403784439,1.,0.866025403784439,1.,0.866025403784439,1.,0.866025403784439,
1.,0.866025403784439,1.,0.866025403784439,1.,0.866025403784439,1.,0.866025403784439,
1.,0.866025403784439,1.,0.866025403784439,1.,0.866025403784439,1.,0.866025403784439,
1.,0.866025403784439,1.,0.866025403784439,1.,0.866025403784439,1.,0.866025403784439,
1.,0.866025403784439,1.,0.866025403784439,1.,0.866025403784439,1.,0.866025403784439,
1.,0.866025403784439,1.,0.866025403784439,1.,0.866025403784439,1.,0.866025403784439,
1.,0.866025403784439,1.,0.866025403784439,1.,0.866025403784439,1.,0.943839538118729,
0.934762591587532),(0.939070818016816,0.953157597791923,1.,0.866025403784439,
1.,0.866025403784439,1.,0.866025403784439,1.,0.866025403784439,1.,0.866025403784439,
1.,0.866025403784439,1.,0.866025403784439,1.,0.866025403784439,1.,0.866025403784439,
1.,0.866025403784439,1.,0.866025403784439,1.,0.866025403784439,1.,0.866025403784439,
1.,0.866025403784439,1.,0.866025403784439,1.,0.866025403784439,1.,0.866025403784439,
1.,0.866025403784439,1.,0.866025403784439,1.,0.866025403784439,1.,0.866025403784439,
1.,0.866025403784439,1.,0.866025403784439,1.,0.866025403784439,1.,0.866025403784439,
1.,0.866025403784439,1.,0.866025403784439,1.,0.866025403784439,1.,0.866025403784439,
1.,0.866025403784439,1.,0.866025403784439,1.,0.866025403784439,1.,0.866025403784439,
1.,0.866025403784439,1.,0.866025403784439,1.,0.866025403784439,1.,0.866025403784439,
1.,0.866025403784439,1.,0.866025403784439,1.,0.866025403784439,1.,0.866025403784439,
1.,0.866025403784439,1.,0.866025403784439,1.,0.866025403784439,1.,0.866025403784439,
1.,0.866025403784439,1.,0.866025403784439,1.,0.866025403784439,1.,0.866025403784439,
1.,0.866025403784439,1.,0.866025403784439,1.,0.866025403784439,1.,0.866025403784439,
1.,0.866025403784439,1.,0.866025403784439,1.,0.866025403784439,1.,0.866025403784439,
1.,0.866025403784439,1.,0.943839538118729,0.934762591587532)))
REPRESENTATION_ITEM('')
SURFACE()
);
#20=(
BOUNDED_SURFACE()
B_SPLINE_SURFACE(1,2,((#14007,#14008,#14009,#14010,#14011,#14012,#14013,
#14014,#14015,#14016,#14017,#14018,#14019,#14020,#14021,#14022,#14023,#14024,
#14025,#14026,#14027,#14028,#14029,#14030,#14031,#14032,#14033,#14034,#14035,
#14036,#14037,#14038,#14039,#14040,#14041,#14042,#14043,#14044,#14045,#14046,
#14047,#14048,#14049,#14050,#14051,#14052,#14053,#14054,#14055,#14056,#14057,
#14058,#14059,#14060,#14061,#14062,#14063,#14064,#14065,#14066,#14067,#14068,
#14069,#14070,#14071,#14072,#14073),(#14074,#14075,#14076,#14077,#14078,
#14079,#14080,#14081,#14082,#14083,#14084,#14085,#14086,#14087,#14088,#14089,
#14090,#14091,#14092,#14093,#14094,#14095,#14096,#14097,#14098,#14099,#14100,
#14101,#14102,#14103,#14104,#14105,#14106,#14107,#14108,#14109,#14110,#14111,
#14112,#14113,#14114,#14115,#14116,#14117,#14118,#14119,#14120,#14121,#14122,
#14123,#14124,#14125,#14126,#14127,#14128,#14129,#14130,#14131,#14132,#14133,
#14134,#14135,#14136,#14137,#14138,#14139,#14140)),.RULED_SURF.,.F.,.F.,
 .F.)
B_SPLINE_SURFACE_WITH_KNOTS((2,2),(3,2,2,2,2,2,2,2,2,2,2,2,2,2,2,2,2,2,
2,2,2,2,2,2,2,2,2,2,2,2,2,2,2,3),(0.,1.),(0.126093964692326,0.138888888888889,
0.166666666666667,0.194444444444444,0.222222222222222,0.25,0.277777777777778,
0.305555555555556,0.333333333333333,0.361111111111111,0.388888888888889,
0.416666666666667,0.444444444444444,0.472222222222222,0.5,0.527777777777778,
0.555555555555556,0.583333333333333,0.611111111111111,0.638888888888889,
0.666666666666667,0.694444444444444,0.722222222222222,0.75,0.777777777777778,
0.805555555555556,0.833333333333333,0.861111111111111,0.888888888888889,
0.916666666666667,0.944444444444444,0.972222222222222,0.997283826910132,
1.00248080335313),.UNSPECIFIED.)
GEOMETRIC_REPRESENTATION_ITEM()
RATIONAL_B_SPLINE_SURFACE(((0.933428290912158,0.938288987097643,1.,0.866025403784439,
1.,0.866025403784439,1.,0.866025403784439,1.,0.866025403784439,1.,0.866025403784439,
1.,0.866025403784439,1.,0.866025403784439,1.,0.866025403784439,1.,0.866025403784439,
1.,0.866025403784439,1.,0.866025403784439,1.,0.866025403784439,1.,0.866025403784439,
1.,0.866025403784439,1.,0.866025403784439,1.,0.866025403784439,1.,0.866025403784439,
1.,0.866025403784439,1.,0.866025403784439,1.,0.866025403784439,1.,0.866025403784439,
1.,0.866025403784439,1.,0.866025403784439,1.,0.866025403784439,1.,0.866025403784439,
1.,0.866025403784439,1.,0.866025403784439,1.,0.866025403784439,1.,0.866025403784439,
1.,0.866025403784439,1.,0.879125738731238,0.976361290068455,0.976361290068455,
0.976361290068455),(0.933428290912158,0.938288987097643,1.,0.866025403784439,
1.,0.866025403784439,1.,0.866025403784439,1.,0.866025403784439,1.,0.866025403784439,
1.,0.866025403784439,1.,0.866025403784439,1.,0.866025403784439,1.,0.866025403784439,
1.,0.866025403784439,1.,0.866025403784439,1.,0.866025403784439,1.,0.866025403784439,
1.,0.866025403784439,1.,0.866025403784439,1.,0.866025403784439,1.,0.866025403784439,
1.,0.866025403784439,1.,0.866025403784439,1.,0.866025403784439,1.,0.866025403784439,
1.,0.866025403784439,1.,0.866025403784439,1.,0.866025403784439,1.,0.866025403784439,
1.,0.866025403784439,1.,0.866025403784439,1.,0.866025403784439,1.,0.866025403784439,
1.,0.866025403784439,1.,0.879125738731238,0.976361290068455,0.976361290068455,
0.976361290068455)))
REPRESENTATION_ITEM('')
SURFACE()
);
#21=(
BOUNDED_SURFACE()
B_SPLINE_SURFACE(1,2,((#14145,#14146,#14147,#14148,#14149,#14150,#14151,
#14152,#14153,#14154,#14155,#14156,#14157,#14158,#14159,#14160,#14161,#14162,
#14163,#14164,#14165,#14166,#14167,#14168,#14169,#14170,#14171,#14172,#14173,
#14174,#14175,#14176,#14177,#14178,#14179,#14180,#14181,#14182,#14183,#14184,
#14185,#14186,#14187,#14188,#14189,#14190,#14191,#14192,#14193,#14194,#14195,
#14196,#14197,#14198,#14199,#14200,#14201,#14202,#14203,#14204,#14205,#14206,
#14207,#14208,#14209,#14210,#14211),(#14212,#14213,#14214,#14215,#14216,
#14217,#14218,#14219,#14220,#14221,#14222,#14223,#14224,#14225,#14226,#14227,
#14228,#14229,#14230,#14231,#14232,#14233,#14234,#14235,#14236,#14237,#14238,
#14239,#14240,#14241,#14242,#14243,#14244,#14245,#14246,#14247,#14248,#14249,
#14250,#14251,#14252,#14253,#14254,#14255,#14256,#14257,#14258,#14259,#14260,
#14261,#14262,#14263,#14264,#14265,#14266,#14267,#14268,#14269,#14270,#14271,
#14272,#14273,#14274,#14275,#14276,#14277,#14278)),.RULED_SURF.,.F.,.F.,
 .F.)
B_SPLINE_SURFACE_WITH_KNOTS((2,2),(3,2,2,2,2,2,2,2,2,2,2,2,2,2,2,2,2,2,
2,2,2,2,2,2,2,2,2,2,2,2,2,2,2,3),(0.,1.),(0.0984658455657812,0.111111111111111,
0.138888888888889,0.166666666666667,0.194444444444444,0.222222222222222,
0.25,0.277777777777778,0.305555555555556,0.333333333333333,0.361111111111111,
0.388888888888889,0.416666666666667,0.444444444444444,0.472222222222222,
0.5,0.527777777777778,0.555555555555556,0.583333333333333,0.611111111111111,
0.638888888888889,0.666666666666667,0.694444444444444,0.722222222222222,
0.75,0.777777777777778,0.805555555555556,0.833333333333333,0.861111111111111,
0.888888888888889,0.916666666666667,0.944444444444444,0.972222222222222,
0.997284399668809),.UNSPECIFIED.)
GEOMETRIC_REPRESENTATION_ITEM()
RATIONAL_B_SPLINE_SURFACE(((0.933549777198561,0.939010803562932,1.,0.866025403784439,
1.,0.866025403784439,1.,0.866025403784439,1.,0.866025403784439,1.,0.866025403784439,
1.,0.866025403784439,1.,0.866025403784439,1.,0.866025403784439,1.,0.866025403784439,
1.,0.866025403784439,1.,0.866025403784439,1.,0.866025403784439,1.,0.866025403784439,
1.,0.866025403784439,1.,0.866025403784439,1.,0.866025403784439,1.,0.866025403784439,
1.,0.866025403784439,1.,0.866025403784439,1.,0.866025403784439,1.,0.866025403784439,
1.,0.866025403784439,1.,0.866025403784439,1.,0.866025403784439,1.,0.866025403784439,
1.,0.866025403784439,1.,0.866025403784439,1.,0.866025403784439,1.,0.866025403784439,
1.,0.866025403784439,1.,0.866025403784439,1.,0.879122976267189,0.97636573463088),
(0.933549777198561,0.939010803562932,1.,0.866025403784439,1.,0.866025403784439,
1.,0.866025403784439,1.,0.866025403784439,1.,0.866025403784439,1.,0.866025403784439,
1.,0.866025403784439,1.,0.866025403784439,1.,0.866025403784439,1.,0.866025403784439,
1.,0.866025403784439,1.,0.866025403784439,1.,0.866025403784439,1.,0.866025403784439,
1.,0.866025403784439,1.,0.866025403784439,1.,0.866025403784439,1.,0.866025403784439,
1.,0.866025403784439,1.,0.866025403784439,1.,0.866025403784439,1.,0.866025403784439,
1.,0.866025403784439,1.,0.866025403784439,1.,0.866025403784439,1.,0.866025403784439,
1.,0.866025403784439,1.,0.866025403784439,1.,0.866025403784439,1.,0.866025403784439,
1.,0.866025403784439,1.,0.879122976267189,0.97636573463088)))
REPRESENTATION_ITEM('')
SURFACE()
);
#22=VERTEX_LOOP('',#5502);
#23=(
BOUNDED_CURVE()
B_SPLINE_CURVE(2,(#12537,#12538,#12539,#12540,#12541,#12542,#12543,#12544,
#12545,#12546,#12547,#12548,#12549,#12550,#12551,#12552,#12553,#12554,#12555,
#12556,#12557,#12558,#12559,#12560,#12561,#12562,#12563,#12564,#12565,#12566,
#12567,#12568,#12569,#12570,#12571,#12572,#12573,#12574,#12575,#12576,#12577,
#12578,#12579,#12580,#12581,#12582,#12583,#12584,#12585,#12586,#12587,#12588,
#12589,#12590,#12591,#12592,#12593,#12594,#12595,#12596,#12597,#12598,#12599,
#12600,#12601,#12602,#12603,#12604,#12605,#12606,#12607,#12608,#12609,#12610,
#12611,#12612,#12613,#12614,#12615,#12616,#12617,#12618,#12619,#12620,#12621,
#12622,#12623,#12624,#12625,#12626,#12627,#12628,#12629,#12630,#12631,#12632,
#12633,#12634,#12635,#12636,#12637,#12638,#12639,#12640,#12641,#12642,#12643,
#12644,#12645,#12646,#12647,#12648,#12649,#12650,#12651,#12652,#12653),
 .UNSPECIFIED.,.F.,.F.)
B_SPLINE_CURVE_WITH_KNOTS((3,2,2,2,2,2,2,2,2,2,2,2,2,2,2,2,2,2,2,2,2,2,
2,2,2,2,2,2,2,2,2,2,2,2,2,2,2,2,2,2,2,2,2,2,2,2,2,2,2,2,2,2,2,2,2,2,2,2,
3),(0.0638455812092055,0.0757575757575758,0.0909090909090909,0.106060606060606,
0.121212121212121,0.136363636363636,0.151515151515152,0.166666666666667,
0.181818181818182,0.196969696969697,0.212121212121212,0.227272727272727,
0.242424242424242,0.257575757575758,0.272727272727273,0.287878787878788,
0.303030303030303,0.318181818181818,0.333333333333333,0.348484848484849,
0.363636363636364,0.378787878787879,0.393939393939394,0.409090909090909,
0.424242424242424,0.439393939393939,0.454545454545455,0.46969696969697,
0.484848484848485,0.5,0.515151515151515,0.53030303030303,0.545454545454545,
0.560606060606061,0.575757575757576,0.590909090909091,0.606060606060606,
0.621212121212121,0.636363636363636,0.651515151515151,0.666666666666667,
0.681818181818182,0.696969696969697,0.712121212121212,0.727272727272727,
0.742424242424242,0.757575757575758,0.772727272727273,0.787878787878788,
0.803030303030303,0.818181818181818,0.833333333333333,0.848484848484849,
0.863636363636364,0.878787878787879,0.893939393939394,0.909090909090909,
0.924242424242424,0.930593615804364),.UNSPECIFIED.)
CURVE()
GEOMETRIC_REPRESENTATION_ITEM()
RATIONAL_B_SPLINE_CURVE((0.954959255982514,0.894670292457168,1.,0.866025403784439,
1.,0.866025403784439,1.,0.866025403784439,1.,0.866025403784439,1.,0.866025403784439,
1.,0.866025403784439,1.,0.866025403784439,1.,0.866025403784439,1.,0.866025403784439,
1.,0.866025403784439,1.,0.866025403784439,1.,0.866025403784439,1.,0.866025403784439,
1.,0.866025403784439,1.,0.866025403784439,1.,0.866025403784439,1.,0.866025403784439,
1.,0.866025403784439,1.,0.866025403784439,1.,0.866025403784439,1.,0.866025403784439,
1.,0.866025403784439,1.,0.866025403784439,1.,0.866025403784439,1.,0.866025403784439,
1.,0.866025403784439,1.,0.866025403784439,1.,0.866025403784439,1.,0.866025403784439,
1.,0.866025403784439,1.,0.866025403784439,1.,0.866025403784439,1.,0.866025403784439,
1.,0.866025403784439,1.,0.866025403784439,1.,0.866025403784439,1.,0.866025403784439,
1.,0.866025403784439,1.,0.866025403784439,1.,0.866025403784439,1.,0.866025403784439,
1.,0.866025403784439,1.,0.866025403784439,1.,0.866025403784439,1.,0.866025403784439,
1.,0.866025403784439,1.,0.866025403784439,1.,0.866025403784439,1.,0.866025403784439,
1.,0.866025403784439,1.,0.866025403784439,1.,0.866025403784439,1.,0.866025403784439,
1.,0.866025403784439,1.,0.866025403784439,1.,0.866025403784439,1.,0.943840710550099,
0.934762970596989))
REPRESENTATION_ITEM('')
);
#24=(
BOUNDED_CURVE()
B_SPLINE_CURVE(3,(#12656,#12657,#12658,#12659),.UNSPECIFIED.,.F.,.F.)
B_SPLINE_CURVE_WITH_KNOTS((4,4),(6.28301290534941,6.97358926571677),
 .UNSPECIFIED.)
CURVE()
GEOMETRIC_REPRESENTATION_ITEM()
RATIONAL_B_SPLINE_CURVE((1.,0.960651967966775,0.960651967966775,1.))
REPRESENTATION_ITEM('')
);
#25=(
BOUNDED_CURVE()
B_SPLINE_CURVE(3,(#12666,#12667,#12668,#12669),.UNSPECIFIED.,.F.,.F.)
B_SPLINE_CURVE_WITH_KNOTS((4,4),(2.45079711163291,3.14133160020522),
 .UNSPECIFIED.)
CURVE()
GEOMETRIC_REPRESENTATION_ITEM()
RATIONAL_B_SPLINE_CURVE((1.,0.96065669191495,0.96065669191495,1.))
REPRESENTATION_ITEM('')
);
#26=(
BOUNDED_CURVE()
B_SPLINE_CURVE(2,(#12671,#12672,#12673,#12674,#12675,#12676,#12677,#12678,
#12679,#12680,#12681,#12682,#12683,#12684,#12685,#12686,#12687,#12688,#12689,
#12690,#12691,#12692,#12693,#12694,#12695,#12696,#12697,#12698,#12699,#12700,
#12701,#12702,#12703,#12704,#12705,#12706,#12707,#12708,#12709,#12710,#12711,
#12712,#12713,#12714,#12715,#12716,#12717,#12718,#12719,#12720,#12721,#12722,
#12723,#12724,#12725,#12726,#12727,#12728,#12729,#12730,#12731,#12732,#12733,
#12734,#12735,#12736,#12737,#12738,#12739,#12740,#12741,#12742,#12743,#12744,
#12745,#12746,#12747,#12748,#12749,#12750,#12751,#12752,#12753,#12754,#12755,
#12756,#12757,#12758,#12759,#12760,#12761,#12762,#12763,#12764,#12765,#12766,
#12767,#12768,#12769,#12770,#12771,#12772,#12773,#12774,#12775,#12776,#12777),
 .UNSPECIFIED.,.F.,.F.)
B_SPLINE_CURVE_WITH_KNOTS((3,2,2,2,2,2,2,2,2,2,2,2,2,2,2,2,2,2,2,2,2,2,
2,2,2,2,2,2,2,2,2,2,2,2,2,2,2,2,2,2,2,2,2,2,2,2,2,2,2,2,2,2,2,3),(0.153896822659707,
0.16281553850563,0.179097092356193,0.195378646206757,0.21166020005732,0.227941753907883,
0.244223307758446,0.260504861609009,0.276786415459572,0.293067969310135,
0.309349523160698,0.325631077011261,0.341912630861824,0.358194184712387,
0.37447573856295,0.390757292413513,0.407038846264076,0.423320400114639,
0.439601953965202,0.455883507815765,0.472165061666329,0.488446615516892,
0.504728169367455,0.521009723218018,0.537291277068581,0.553572830919144,
0.569854384769707,0.58613593862027,0.602417492470833,0.618699046321396,
0.634980600171959,0.651262154022522,0.667543707873085,0.683825261723648,
0.700106815574211,0.716388369424774,0.732669923275337,0.748951477125901,
0.765233030976464,0.781514584827027,0.79779613867759,0.814077692528153,
0.830359246378716,0.846640800229279,0.862922354079842,0.879203907930405,
0.895485461780968,0.911767015631531,0.928048569482094,0.944330123332657,
0.96061167718322,0.976893231033783,0.993174784884346,1.),.UNSPECIFIED.)
CURVE()
GEOMETRIC_REPRESENTATION_ITEM()
RATIONAL_B_SPLINE_CURVE((0.933624420585997,0.926611344028593,1.,0.866025403784439,
1.,0.866025403784439,1.,0.866025403784439,1.,0.866025403784439,1.,0.866025403784439,
1.,0.866025403784439,1.,0.866025403784439,1.,0.866025403784439,1.,0.866025403784439,
1.,0.866025403784439,1.,0.866025403784439,1.,0.866025403784439,1.,0.866025403784439,
1.,0.866025403784439,1.,0.866025403784439,1.,0.866025403784439,1.,0.866025403784439,
1.,0.866025403784439,1.,0.866025403784439,1.,0.866025403784439,1.,0.866025403784439,
1.,0.866025403784439,1.,0.866025403784439,1.,0.866025403784439,1.,0.866025403784439,
1.,0.866025403784439,1.,0.866025403784439,1.,0.866025403784439,1.,0.866025403784439,
1.,0.866025403784439,1.,0.866025403784439,1.,0.866025403784439,1.,0.866025403784439,
1.,0.866025403784439,1.,0.866025403784439,1.,0.866025403784439,1.,0.866025403784439,
1.,0.866025403784439,1.,0.866025403784439,1.,0.866025403784439,1.,0.866025403784439,
1.,0.866025403784439,1.,0.866025403784439,1.,0.866025403784439,1.,0.866025403784439,
1.,0.866025403784439,1.,0.866025403784439,1.,0.866025403784439,1.,0.866025403784439,
1.,0.866025403784439,1.,0.866025403784439,1.,0.943837950136903,0.934762078309379))
REPRESENTATION_ITEM('')
);
#27=(
BOUNDED_CURVE()
B_SPLINE_CURVE(2,(#13254,#13255,#13256,#13257,#13258,#13259,#13260,#13261,
#13262,#13263,#13264,#13265,#13266,#13267,#13268,#13269,#13270,#13271,#13272,
#13273,#13274,#13275,#13276,#13277,#13278,#13279,#13280,#13281,#13282,#13283,
#13284,#13285,#13286,#13287,#13288,#13289,#13290,#13291,#13292,#13293,#13294,
#13295,#13296,#13297,#13298,#13299,#13300,#13301,#13302,#13303,#13304,#13305,
#13306,#13307,#13308,#13309,#13310,#13311,#13312,#13313,#13314,#13315,#13316,
#13317,#13318,#13319,#13320,#13321,#13322,#13323,#13324,#13325,#13326,#13327,
#13328,#13329,#13330,#13331,#13332,#13333,#13334,#13335,#13336,#13337,#13338,
#13339,#13340,#13341,#13342,#13343,#13344,#13345,#13346,#13347,#13348,#13349,
#13350,#13351,#13352,#13353,#13354,#13355,#13356,#13357,#13358,#13359,#13360,
#13361,#13362,#13363,#13364,#13365,#13366,#13367,#13368,#13369,#13370),
 .UNSPECIFIED.,.F.,.F.)
B_SPLINE_CURVE_WITH_KNOTS((3,2,2,2,2,2,2,2,2,2,2,2,2,2,2,2,2,2,2,2,2,2,
2,2,2,2,2,2,2,2,2,2,2,2,2,2,2,2,2,2,2,2,2,2,2,2,2,2,2,2,2,2,2,2,2,2,2,2,
3),(0.0716126913223886,0.0757575757575758,0.0909090909090909,0.106060606060606,
0.121212121212121,0.136363636363636,0.151515151515152,0.166666666666667,
0.181818181818182,0.196969696969697,0.212121212121212,0.227272727272727,
0.242424242424242,0.257575757575758,0.272727272727273,0.287878787878788,
0.303030303030303,0.318181818181818,0.333333333333333,0.348484848484849,
0.363636363636364,0.378787878787879,0.393939393939394,0.409090909090909,
0.424242424242424,0.439393939393939,0.454545454545455,0.46969696969697,
0.484848484848485,0.5,0.515151515151515,0.53030303030303,0.545454545454545,
0.560606060606061,0.575757575757576,0.590909090909091,0.606060606060606,
0.621212121212121,0.636363636363636,0.651515151515151,0.666666666666667,
0.681818181818182,0.696969696969697,0.712121212121212,0.727272727272727,
0.742424242424243,0.757575757575758,0.772727272727273,0.787878787878788,
0.803030303030303,0.818181818181818,0.833333333333333,0.848484848484849,
0.863636363636364,0.878787878787879,0.893939393939394,0.909090909090909,
0.924242424242424,0.930593927986248),.UNSPECIFIED.)
CURVE()
GEOMETRIC_REPRESENTATION_ITEM()
RATIONAL_B_SPLINE_CURVE((0.946751528529612,0.963349591574752,1.,0.866025403784439,
1.,0.866025403784439,1.,0.866025403784439,1.,0.866025403784439,1.,0.866025403784439,
1.,0.866025403784439,1.,0.866025403784439,1.,0.866025403784439,1.,0.866025403784439,
1.,0.866025403784439,1.,0.866025403784439,1.,0.866025403784439,1.,0.866025403784439,
1.,0.866025403784439,1.,0.866025403784439,1.,0.866025403784439,1.,0.866025403784439,
1.,0.866025403784439,1.,0.866025403784439,1.,0.866025403784439,1.,0.866025403784439,
1.,0.866025403784439,1.,0.866025403784439,1.,0.866025403784439,1.,0.866025403784439,
1.,0.866025403784439,1.,0.866025403784439,1.,0.866025403784439,1.,0.866025403784439,
1.,0.866025403784439,1.,0.866025403784439,1.,0.866025403784439,1.,0.866025403784439,
1.,0.866025403784439,1.,0.866025403784439,1.,0.866025403784439,1.,0.866025403784439,
1.,0.866025403784439,1.,0.866025403784439,1.,0.866025403784439,1.,0.866025403784439,
1.,0.866025403784439,1.,0.866025403784439,1.,0.866025403784439,1.,0.866025403784439,
1.,0.866025403784439,1.,0.866025403784439,1.,0.866025403784439,1.,0.866025403784439,
1.,0.866025403784439,1.,0.866025403784439,1.,0.866025403784439,1.,0.866025403784439,
1.,0.866025403784439,1.,0.866025403784439,1.,0.866025403784439,1.,0.943837950136932,
0.934762078309389))
REPRESENTATION_ITEM('')
);
#28=(
BOUNDED_CURVE()
B_SPLINE_CURVE(2,(#13377,#13378,#13379,#13380,#13381,#13382,#13383,#13384,
#13385,#13386,#13387,#13388,#13389,#13390,#13391,#13392,#13393,#13394,#13395,
#13396,#13397,#13398,#13399,#13400,#13401,#13402,#13403,#13404,#13405,#13406,
#13407,#13408,#13409,#13410,#13411,#13412,#13413,#13414,#13415,#13416,#13417,
#13418,#13419,#13420,#13421,#13422,#13423,#13424,#13425,#13426,#13427,#13428,
#13429,#13430,#13431,#13432,#13433,#13434,#13435,#13436,#13437,#13438,#13439,
#13440,#13441,#13442,#13443,#13444,#13445,#13446,#13447,#13448,#13449,#13450,
#13451,#13452,#13453,#13454,#13455,#13456,#13457,#13458,#13459,#13460,#13461,
#13462,#13463,#13464,#13465,#13466,#13467,#13468,#13469,#13470,#13471,#13472,
#13473,#13474,#13475,#13476,#13477,#13478,#13479,#13480,#13481,#13482,#13483,
#13484,#13485,#13486,#13487,#13488,#13489,#13490,#13491,#13492,#13493,#13494,
#13495),.UNSPECIFIED.,.F.,.F.)
B_SPLINE_CURVE_WITH_KNOTS((3,2,2,2,2,2,2,2,2,2,2,2,2,2,2,2,2,2,2,2,2,2,
2,2,2,2,2,2,2,2,2,2,2,2,2,2,2,2,2,2,2,2,2,2,2,2,2,2,2,2,2,2,2,2,2,2,2,2,
2,3),(0.0529534741702766,0.0651262279705033,0.0814077849631291,0.0976893419557549,
0.113970898948381,0.130252455941007,0.146534012933632,0.162815569926258,
0.179097126918884,0.19537868391151,0.211660240904136,0.227941797896761,
0.244223354889387,0.260504911882013,0.276786468874639,0.293068025867265,
0.30934958285989,0.325631139852516,0.341912696845142,0.358194253837768,
0.374475810830394,0.39075736782302,0.407038924815645,0.423320481808271,
0.439602038800897,0.455883595793523,0.472165152786149,0.488446709778774,
0.5047282667714,0.521009823764026,0.537291380756652,0.553572937749278,0.569854494741903,
0.586136051734529,0.602417608727155,0.618699165719781,0.634980722712407,
0.651262279705033,0.667543836697658,0.683825393690284,0.70010695068291,
0.716388507675536,0.732670064668162,0.748951621660787,0.765233178653413,
0.781514735646039,0.797796292638665,0.814077849631291,0.830359406623916,
0.846640963616542,0.862922520609168,0.879204077601794,0.89548563459442,
0.911767191587046,0.928048748579671,0.944330305572297,0.960611862564923,
0.976893419557549,0.993174976550175,1.),.UNSPECIFIED.)
CURVE()
GEOMETRIC_REPRESENTATION_ITEM()
RATIONAL_B_SPLINE_CURVE((0.94944492457347,0.899835146235987,1.,0.866025403784439,
1.,0.866025403784439,1.,0.866025403784439,1.,0.866025403784439,1.,0.866025403784439,
1.,0.866025403784439,1.,0.866025403784439,1.,0.866025403784439,1.,0.866025403784439,
1.,0.866025403784439,1.,0.866025403784439,1.,0.866025403784439,1.,0.866025403784439,
1.,0.866025403784439,1.,0.866025403784439,1.,0.866025403784439,1.,0.866025403784439,
1.,0.866025403784439,1.,0.866025403784439,1.,0.866025403784439,1.,0.866025403784439,
1.,0.866025403784439,1.,0.866025403784439,1.,0.866025403784439,1.,0.866025403784439,
1.,0.866025403784439,1.,0.866025403784439,1.,0.866025403784439,1.,0.866025403784439,
1.,0.866025403784439,1.,0.866025403784439,1.,0.866025403784439,1.,0.866025403784439,
1.,0.866025403784439,1.,0.866025403784439,1.,0.866025403784439,1.,0.866025403784439,
1.,0.866025403784439,1.,0.866025403784439,1.,0.866025403784439,1.,0.866025403784439,
1.,0.866025403784439,1.,0.866025403784439,1.,0.866025403784439,1.,0.866025403784439,
1.,0.866025403784439,1.,0.866025403784439,1.,0.866025403784439,1.,0.866025403784439,
1.,0.866025403784439,1.,0.866025403784439,1.,0.866025403784439,1.,0.866025403784439,
1.,0.866025403784439,1.,0.866025403784439,1.,0.866025403784439,1.,0.866025403784439,
1.,0.943839538118729,0.934762591587532))
REPRESENTATION_ITEM('')
);
#29=(
BOUNDED_CURVE()
B_SPLINE_CURVE(2,(#13869,#13870,#13871,#13872,#13873,#13874,#13875,#13876,
#13877,#13878,#13879,#13880,#13881,#13882,#13883,#13884,#13885,#13886,#13887,
#13888,#13889,#13890,#13891,#13892,#13893,#13894,#13895,#13896,#13897,#13898,
#13899,#13900,#13901,#13902,#13903,#13904,#13905,#13906,#13907,#13908,#13909,
#13910,#13911,#13912,#13913,#13914,#13915,#13916,#13917,#13918,#13919,#13920,
#13921,#13922,#13923,#13924,#13925,#13926,#13927,#13928,#13929,#13930,#13931,
#13932,#13933,#13934,#13935),.UNSPECIFIED.,.F.,.F.)
B_SPLINE_CURVE_WITH_KNOTS((3,2,2,2,2,2,2,2,2,2,2,2,2,2,2,2,2,2,2,2,2,2,
2,2,2,2,2,2,2,2,2,2,2,3),(0.110765649998555,0.111111111111111,0.138888888888889,
0.166666666666667,0.194444444444444,0.222222222222222,0.25,0.277777777777778,
0.305555555555556,0.333333333333333,0.361111111111111,0.388888888888889,
0.416666666666667,0.444444444444444,0.472222222222222,0.5,0.527777777777778,
0.555555555555556,0.583333333333333,0.611111111111111,0.638888888888889,
0.666666666666667,0.694444444444444,0.722222222222222,0.75,0.777777777777778,
0.805555555555556,0.833333333333333,0.861111111111111,0.888888888888889,
0.916666666666667,0.944444444444444,0.972222222222222,0.997284399655144),
 .UNSPECIFIED.)
CURVE()
GEOMETRIC_REPRESENTATION_ITEM()
RATIONAL_B_SPLINE_CURVE((0.996709066498704,0.998333811529736,1.,0.866025403784439,
1.,0.866025403784439,1.,0.866025403784439,1.,0.866025403784439,1.,0.866025403784439,
1.,0.866025403784439,1.,0.866025403784439,1.,0.866025403784439,1.,0.866025403784439,
1.,0.866025403784439,1.,0.866025403784439,1.,0.866025403784439,1.,0.866025403784439,
1.,0.866025403784439,1.,0.866025403784439,1.,0.866025403784439,1.,0.866025403784439,
1.,0.866025403784439,1.,0.866025403784439,1.,0.866025403784439,1.,0.866025403784439,
1.,0.866025403784439,1.,0.866025403784439,1.,0.866025403784439,1.,0.866025403784439,
1.,0.866025403784439,1.,0.866025403784439,1.,0.866025403784439,1.,0.866025403784439,
1.,0.866025403784439,1.,0.866025403784439,1.,0.879122976333098,0.976365734524835))
REPRESENTATION_ITEM('')
);
#30=(
BOUNDED_CURVE()
B_SPLINE_CURVE(2,(#13942,#13943,#13944,#13945,#13946,#13947,#13948,#13949,
#13950,#13951,#13952,#13953,#13954,#13955,#13956,#13957,#13958,#13959,#13960,
#13961,#13962,#13963,#13964,#13965,#13966,#13967,#13968,#13969,#13970,#13971,
#13972,#13973,#13974,#13975,#13976,#13977,#13978,#13979,#13980,#13981,#13982,
#13983,#13984,#13985,#13986,#13987,#13988,#13989,#13990,#13991,#13992,#13993,
#13994,#13995,#13996,#13997,#13998,#13999,#14000,#14001,#14002,#14003,#14004,
#14005,#14006),.UNSPECIFIED.,.F.,.F.)
B_SPLINE_CURVE_WITH_KNOTS((3,2,2,2,2,2,2,2,2,2,2,2,2,2,2,2,2,2,2,2,2,2,
2,2,2,2,2,2,2,2,2,2,3),(0.131647511519638,0.139267162608331,0.167120595129983,
0.194974027651634,0.222827460173286,0.250680892694937,0.278534325216589,
0.30638775773824,0.334241190259892,0.362094622781543,0.389948055303195,
0.417801487824846,0.445654920346498,0.473508352868149,0.501361785389801,
0.529215217911452,0.557068650433104,0.584922082954755,0.612775515476407,
0.640628947998058,0.66848238051971,0.696335813041361,0.724189245563013,
0.752042678084664,0.779896110606316,0.807749543127967,0.835602975649619,
0.86345640817127,0.891309840692922,0.919163273214573,0.947016705736225,
0.974870138257876,1.),.UNSPECIFIED.)
CURVE()
GEOMETRIC_REPRESENTATION_ITEM()
RATIONAL_B_SPLINE_CURVE((0.94675152853132,0.963349591576638,1.,0.866025403784439,
1.,0.866025403784439,1.,0.866025403784439,1.,0.866025403784439,1.,0.866025403784439,
1.,0.866025403784439,1.,0.866025403784439,1.,0.866025403784439,1.,0.866025403784439,
1.,0.866025403784439,1.,0.866025403784439,1.,0.866025403784439,1.,0.866025403784439,
1.,0.866025403784439,1.,0.866025403784439,1.,0.866025403784439,1.,0.866025403784439,
1.,0.866025403784439,1.,0.866025403784439,1.,0.866025403784439,1.,0.866025403784439,
1.,0.866025403784439,1.,0.866025403784439,1.,0.866025403784439,1.,0.866025403784439,
1.,0.866025403784439,1.,0.866025403784439,1.,0.866025403784439,1.,0.866025403784439,
1.,0.866025403784439,1.,0.879125738731238,0.976361290068455))
REPRESENTATION_ITEM('')
);
#31=(
BOUNDED_CURVE()
B_SPLINE_CURVE(1,(#14279,#14280),.UNSPECIFIED.,.F.,.F.)
B_SPLINE_CURVE_WITH_KNOTS((2,2),(0.,1.),.UNSPECIFIED.)
CURVE()
GEOMETRIC_REPRESENTATION_ITEM()
RATIONAL_B_SPLINE_CURVE((0.97636573463088,0.97636573463088))
REPRESENTATION_ITEM('')
);
#32=B_SPLINE_CURVE_WITH_KNOTS('',3,(#11629,#11630,#11631,#11632),
 .UNSPECIFIED.,.F.,.F.,(4,4),(0.,1.),.UNSPECIFIED.);
#33=B_SPLINE_CURVE_WITH_KNOTS('',3,(#11638,#11639,#11640,#11641,#11642,
#11643,#11644,#11645,#11646,#11647,#11648,#11649,#11650,#11651,#11652),
 .UNSPECIFIED.,.F.,.F.,(4,1,1,1,1,1,1,1,1,1,1,1,4),(0.,0.25,0.375,0.4375,
0.5,0.5625,0.625,0.6875,0.75,0.8125,0.875,0.9375,1.),.UNSPECIFIED.);
#34=B_SPLINE_CURVE_WITH_KNOTS('',3,(#11654,#11655,#11656,#11657,#11658,
#11659,#11660,#11661,#11662,#11663,#11664,#11665,#11666,#11667,#11668),
 .UNSPECIFIED.,.F.,.F.,(4,1,1,1,1,1,1,1,1,1,1,1,4),(0.,0.0625,0.125,0.1875,
0.25,0.3125,0.375,0.4375,0.5,0.5625,0.625,0.75,1.),.UNSPECIFIED.);
#35=B_SPLINE_CURVE_WITH_KNOTS('',3,(#11672,#11673,#11674,#11675,#11676,
#11677,#11678,#11679,#11680,#11681,#11682,#11683,#11684,#11685,#11686),
 .UNSPECIFIED.,.F.,.F.,(4,1,1,1,1,1,1,1,1,1,1,1,4),(0.,0.0625,0.125,0.1875,
0.25,0.3125,0.375,0.4375,0.5,0.5625,0.625,0.75,1.),.UNSPECIFIED.);
#36=B_SPLINE_CURVE_WITH_KNOTS('',3,(#11688,#11689,#11690,#11691,#11692,
#11693,#11694,#11695,#11696,#11697,#11698,#11699,#11700,#11701,#11702),
 .UNSPECIFIED.,.F.,.F.,(4,1,1,1,1,1,1,1,1,1,1,1,4),(0.,0.25,0.375,0.4375,
0.5,0.5625,0.625,0.6875,0.75,0.8125,0.875,0.9375,1.),.UNSPECIFIED.);
#37=B_SPLINE_CURVE_WITH_KNOTS('',3,(#11756,#11757,#11758,#11759,#11760,
#11761,#11762,#11763,#11764,#11765,#11766,#11767,#11768,#11769,#11770),
 .UNSPECIFIED.,.F.,.F.,(4,1,1,1,1,1,1,1,1,1,1,1,4),(0.,0.25,0.375,0.4375,
0.5,0.5625,0.625,0.6875,0.75,0.8125,0.875,0.9375,1.),.UNSPECIFIED.);
#38=B_SPLINE_CURVE_WITH_KNOTS('',3,(#11772,#11773,#11774,#11775,#11776,
#11777,#11778,#11779,#11780,#11781,#11782,#11783,#11784,#11785,#11786),
 .UNSPECIFIED.,.F.,.F.,(4,1,1,1,1,1,1,1,1,1,1,1,4),(0.,0.0625,0.125,0.1875,
0.25,0.3125,0.375,0.4375,0.5,0.5625,0.625,0.75,1.),.UNSPECIFIED.);
#39=B_SPLINE_CURVE_WITH_KNOTS('',3,(#11790,#11791,#11792,#11793,#11794,
#11795,#11796,#11797,#11798,#11799,#11800,#11801,#11802,#11803,#11804),
 .UNSPECIFIED.,.F.,.F.,(4,1,1,1,1,1,1,1,1,1,1,1,4),(0.,0.0625,0.125,0.1875,
0.25,0.3125,0.375,0.4375,0.5,0.5625,0.625,0.75,1.),.UNSPECIFIED.);
#40=B_SPLINE_CURVE_WITH_KNOTS('',3,(#11806,#11807,#11808,#11809,#11810,
#11811,#11812,#11813,#11814,#11815,#11816,#11817,#11818,#11819,#11820),
 .UNSPECIFIED.,.F.,.F.,(4,1,1,1,1,1,1,1,1,1,1,1,4),(0.,0.25,0.375,0.4375,
0.5,0.5625,0.625,0.6875,0.75,0.8125,0.875,0.9375,1.),.UNSPECIFIED.);
#41=B_SPLINE_CURVE_WITH_KNOTS('',3,(#11871,#11872,#11873,#11874,#11875,
#11876,#11877,#11878,#11879,#11880,#11881,#11882,#11883,#11884,#11885),
 .UNSPECIFIED.,.F.,.F.,(4,1,1,1,1,1,1,1,1,1,1,1,4),(0.,0.25,0.375,0.4375,
0.5,0.5625,0.625,0.6875,0.75,0.8125,0.875,0.9375,1.),.UNSPECIFIED.);
#42=B_SPLINE_CURVE_WITH_KNOTS('',3,(#11887,#11888,#11889,#11890,#11891,
#11892,#11893,#11894,#11895,#11896,#11897,#11898,#11899,#11900,#11901),
 .UNSPECIFIED.,.F.,.F.,(4,1,1,1,1,1,1,1,1,1,1,1,4),(0.,0.0625,0.125,0.1875,
0.25,0.3125,0.375,0.4375,0.5,0.5625,0.625,0.75,1.),.UNSPECIFIED.);
#43=B_SPLINE_CURVE_WITH_KNOTS('',3,(#11905,#11906,#11907,#11908,#11909,
#11910,#11911,#11912,#11913,#11914,#11915,#11916,#11917,#11918,#11919),
 .UNSPECIFIED.,.F.,.F.,(4,1,1,1,1,1,1,1,1,1,1,1,4),(0.,0.0625,0.125,0.1875,
0.25,0.3125,0.375,0.4375,0.5,0.5625,0.625,0.75,1.),.UNSPECIFIED.);
#44=B_SPLINE_CURVE_WITH_KNOTS('',3,(#11921,#11922,#11923,#11924,#11925,
#11926,#11927,#11928,#11929,#11930,#11931,#11932,#11933,#11934,#11935),
 .UNSPECIFIED.,.F.,.F.,(4,1,1,1,1,1,1,1,1,1,1,1,4),(0.,0.25,0.375,0.4375,
0.5,0.5625,0.625,0.6875,0.75,0.8125,0.875,0.9375,1.),.UNSPECIFIED.);
#45=B_SPLINE_CURVE_WITH_KNOTS('',3,(#12337,#12338,#12339,#12340),
 .UNSPECIFIED.,.F.,.F.,(4,4),(0.00220106448242642,0.00257336674433803),
 .UNSPECIFIED.);
#46=B_SPLINE_CURVE_WITH_KNOTS('',3,(#12345,#12346,#12347,#12348),
 .UNSPECIFIED.,.F.,.F.,(4,4),(0.,1.),.UNSPECIFIED.);
#47=B_SPLINE_CURVE_WITH_KNOTS('',3,(#12350,#12351,#12352,#12353),
 .UNSPECIFIED.,.F.,.F.,(4,4),(0.,1.),.UNSPECIFIED.);
#48=B_SPLINE_CURVE_WITH_KNOTS('',3,(#12357,#12358,#12359,#12360,#12361,
#12362,#12363,#12364,#12365,#12366,#12367,#12368,#12369,#12370,#12371,#12372,
#12373,#12374,#12375,#12376,#12377,#12378,#12379,#12380,#12381,#12382,#12383,
#12384,#12385,#12386,#12387,#12388,#12389,#12390,#12391,#12392,#12393,#12394,
#12395,#12396,#12397,#12398,#12399,#12400,#12401,#12402,#12403,#12404,#12405,
#12406,#12407,#12408,#12409,#12410,#12411,#12412,#12413,#12414,#12415,#12416,
#12417,#12418,#12419,#12420,#12421,#12422,#12423,#12424,#12425,#12426,#12427,
#12428,#12429,#12430,#12431,#12432,#12433,#12434,#12435,#12436,#12437,#12438,
#12439),.UNSPECIFIED.,.F.,.F.,(4,1,1,1,1,1,1,1,1,1,1,1,1,1,1,1,1,1,1,1,
1,1,1,1,1,1,1,1,1,1,1,1,1,1,1,1,1,1,1,1,1,1,1,1,1,1,1,1,1,1,1,1,1,1,1,1,
1,1,1,1,1,1,1,1,1,1,1,1,1,1,1,1,1,1,1,1,1,1,1,1,4),(0.,0.03125,0.046875,
0.0625,0.0703125,0.078125,0.0859375,0.08984375,0.091796875,0.09375,0.095703125,
0.09765625,0.1015625,0.109375,0.1171875,0.125,0.140625,0.15625,0.1875,0.203125,
0.21875,0.234375,0.25,0.265625,0.2734375,0.28125,0.28515625,0.287109375,
0.2890625,0.29296875,0.296875,0.3046875,0.3125,0.328125,0.34375,0.359375,
0.375,0.40625,0.421875,0.4375,0.453125,0.46875,0.4765625,0.48046875,0.482421875,
0.484375,0.48828125,0.4921875,0.5,0.5078125,0.515625,0.53125,0.546875,0.5625,
0.578125,0.59375,0.625,0.640625,0.65625,0.6640625,0.671875,0.673828125,
0.67578125,0.677734375,0.6796875,0.6875,0.703125,0.71875,0.734375,0.75,
0.78125,0.8125,0.84375,0.859375,0.8671875,0.875,0.890625,0.90625,0.9375,
0.96875,1.),.UNSPECIFIED.);
#49=B_SPLINE_CURVE_WITH_KNOTS('',3,(#12442,#12443,#12444,#12445),
 .UNSPECIFIED.,.F.,.F.,(4,4),(0.,1.),.UNSPECIFIED.);
#50=B_SPLINE_CURVE_WITH_KNOTS('',3,(#12447,#12448,#12449,#12450,#12451),
 .UNSPECIFIED.,.F.,.F.,(4,1,4),(0.,0.5,1.),.UNSPECIFIED.);
#51=B_SPLINE_CURVE_WITH_KNOTS('',3,(#12453,#12454,#12455,#12456,#12457,
#12458,#12459,#12460,#12461,#12462,#12463,#12464,#12465,#12466,#12467,#12468,
#12469,#12470,#12471,#12472,#12473,#12474,#12475,#12476,#12477,#12478,#12479,
#12480,#12481,#12482,#12483,#12484,#12485,#12486,#12487,#12488,#12489,#12490,
#12491,#12492,#12493,#12494,#12495,#12496,#12497,#12498,#12499,#12500,#12501,
#12502,#12503,#12504,#12505,#12506,#12507,#12508,#12509,#12510,#12511),
 .UNSPECIFIED.,.F.,.F.,(4,1,1,1,1,1,1,1,1,1,1,1,1,1,1,1,1,1,1,1,1,1,1,1,
1,1,1,1,1,1,1,1,1,1,1,1,1,1,1,1,1,1,1,1,1,1,1,1,1,1,1,1,1,1,1,1,4),(0.,
0.03125,0.046875,0.0625,0.078125,0.09375,0.1015625,0.10546875,0.109375,
0.1171875,0.125,0.140625,0.15625,0.171875,0.1875,0.1953125,0.203125,0.20703125,
0.2109375,0.21484375,0.21875,0.234375,0.25,0.265625,0.28125,0.3125,0.34375,
0.375,0.390625,0.40625,0.421875,0.4296875,0.4375,0.44140625,0.4453125,0.453125,
0.46875,0.484375,0.5,0.53125,0.546875,0.5625,0.59375,0.625,0.65625,0.6875,
0.71875,0.75,0.78125,0.8125,0.84375,0.875,0.890625,0.90625,0.9375,0.96875,
1.),.UNSPECIFIED.);
#52=B_SPLINE_CURVE_WITH_KNOTS('',3,(#12515,#12516,#12517,#12518,#12519,
#12520,#12521,#12522,#12523),.UNSPECIFIED.,.F.,.F.,(4,1,1,1,1,1,4),(0.,
0.25,0.375,0.5,0.625,0.75,1.),.UNSPECIFIED.);
#53=B_SPLINE_CURVE_WITH_KNOTS('',3,(#12524,#12525,#12526,#12527,#12528,
#12529,#12530,#12531,#12532,#12533),.UNSPECIFIED.,.F.,.F.,(4,1,1,1,1,1,
1,4),(0.,0.125,0.25,0.375,0.5,0.625,0.75,1.),.UNSPECIFIED.);
#54=B_SPLINE_CURVE_WITH_KNOTS('',3,(#12661,#12662,#12663,#12664),
 .UNSPECIFIED.,.F.,.F.,(4,4),(4.17137403043756E-7,0.000159166469756153),
 .UNSPECIFIED.);
#55=B_SPLINE_CURVE_WITH_KNOTS('',3,(#12779,#12780,#12781,#12782),
 .UNSPECIFIED.,.F.,.F.,(4,4),(0.,1.),.UNSPECIFIED.);
#56=B_SPLINE_CURVE_WITH_KNOTS('',3,(#12787,#12788,#12789,#12790),
 .UNSPECIFIED.,.F.,.F.,(4,4),(0.,1.),.UNSPECIFIED.);
#57=B_SPLINE_CURVE_WITH_KNOTS('',3,(#12792,#12793,#12794,#12795,#12796),
 .UNSPECIFIED.,.F.,.F.,(4,1,4),(0.,0.5,1.),.UNSPECIFIED.);
#58=B_SPLINE_CURVE_WITH_KNOTS('',3,(#12798,#12799,#12800,#12801),
 .UNSPECIFIED.,.F.,.F.,(4,4),(0.,1.),.UNSPECIFIED.);
#59=B_SPLINE_CURVE_WITH_KNOTS('',3,(#12803,#12804,#12805,#12806,#12807,
#12808,#12809,#12810,#12811),.UNSPECIFIED.,.F.,.F.,(4,1,1,1,1,1,4),(0.,
0.25,0.375,0.5,0.625,0.75,1.),.UNSPECIFIED.);
#60=B_SPLINE_CURVE_WITH_KNOTS('',3,(#12812,#12813,#12814,#12815,#12816,
#12817,#12818,#12819,#12820,#12821,#12822,#12823,#12824,#12825),
 .UNSPECIFIED.,.F.,.F.,(4,1,1,1,1,1,1,1,1,1,1,4),(0.,0.25,0.375,0.4375,
0.5,0.5625,0.625,0.6875,0.75,0.8125,0.875,1.),.UNSPECIFIED.);
#61=B_SPLINE_CURVE_WITH_KNOTS('',3,(#12827,#12828,#12829,#12830,#12831,
#12832),.UNSPECIFIED.,.F.,.F.,(4,1,1,4),(0.,0.5,0.75,1.),.UNSPECIFIED.);
#62=B_SPLINE_CURVE_WITH_KNOTS('',3,(#12841,#12842,#12843,#12844,#12845,
#12846,#12847),.UNSPECIFIED.,.F.,.F.,(4,1,1,1,4),(0.,0.25,0.5,0.75,1.),
 .UNSPECIFIED.);
#63=B_SPLINE_CURVE_WITH_KNOTS('',3,(#12853,#12854,#12855,#12856,#12857,
#12858),.UNSPECIFIED.,.F.,.F.,(4,1,1,4),(0.,0.5,0.75,1.),.UNSPECIFIED.);
#64=B_SPLINE_CURVE_WITH_KNOTS('',3,(#12864,#12865,#12866,#12867,#12868,
#12869),.UNSPECIFIED.,.F.,.F.,(4,1,1,4),(0.,0.5,0.75,1.),.UNSPECIFIED.);
#65=B_SPLINE_CURVE_WITH_KNOTS('',3,(#12875,#12876,#12877,#12878,#12879,
#12880,#12881),.UNSPECIFIED.,.F.,.F.,(4,1,1,1,4),(0.,0.25,0.5,0.75,1.),
 .UNSPECIFIED.);
#66=B_SPLINE_CURVE_WITH_KNOTS('',3,(#12887,#12888,#12889,#12890,#12891,
#12892),.UNSPECIFIED.,.F.,.F.,(4,1,1,4),(0.,0.5,0.75,1.),.UNSPECIFIED.);
#67=B_SPLINE_CURVE_WITH_KNOTS('',3,(#13249,#13250,#13251,#13252),
 .UNSPECIFIED.,.F.,.F.,(4,4),(0.,1.),.UNSPECIFIED.);
#68=B_SPLINE_CURVE_WITH_KNOTS('',3,(#13372,#13373,#13374,#13375),
 .UNSPECIFIED.,.F.,.F.,(4,4),(0.,1.),.UNSPECIFIED.);
#69=B_SPLINE_CURVE_WITH_KNOTS('',3,(#13859,#13860,#13861,#13862),
 .UNSPECIFIED.,.F.,.F.,(4,4),(0.,1.),.UNSPECIFIED.);
#70=B_SPLINE_CURVE_WITH_KNOTS('',3,(#13937,#13938,#13939,#13940),
 .UNSPECIFIED.,.F.,.F.,(4,4),(2.01003343208599E-6,0.999995991174879),
 .UNSPECIFIED.);
#71=B_SPLINE_CURVE_WITH_KNOTS('',3,(#14141,#14142,#14143,#14144),
 .UNSPECIFIED.,.F.,.F.,(4,4),(0.,1.),.UNSPECIFIED.);
#72=ELLIPSE('',#7912,0.707106781186548,0.5);
#73=ELLIPSE('',#7936,0.70710678118655,0.5);
#74=ELLIPSE('',#7938,0.70710678118655,0.5);
#75=ELLIPSE('',#7963,0.70710678118655,0.5);
#76=ELLIPSE('',#7965,0.70710678118655,0.5);
#77=ELLIPSE('',#8014,0.306702178459509,0.3);
#78=ELLIPSE('',#8015,0.306702178459509,0.3);
#79=TOROIDAL_SURFACE('',#7764,3.25,0.5);
#80=TOROIDAL_SURFACE('',#7766,3.25,0.5);
#81=TOROIDAL_SURFACE('',#7772,3.25,0.5);
#82=TOROIDAL_SURFACE('',#7774,3.25,0.5);
#83=TOROIDAL_SURFACE('',#7777,2.05,0.5);
#84=TOROIDAL_SURFACE('',#7778,2.05,0.5);
#85=TOROIDAL_SURFACE('',#7779,2.65,0.1);
#86=TOROIDAL_SURFACE('',#7786,2.65,0.1);
#87=TOROIDAL_SURFACE('',#7788,2.65,0.1);
#88=TOROIDAL_SURFACE('',#7794,2.65,0.1);
#89=TOROIDAL_SURFACE('',#7795,2.05,0.1);
#90=TOROIDAL_SURFACE('',#7796,2.05,0.1);
#91=TOROIDAL_SURFACE('',#7901,2.05,0.3);
#92=TOROIDAL_SURFACE('',#7902,1.55,0.2);
#93=TOROIDAL_SURFACE('',#8065,0.700000000000004,0.3);
#94=TOROIDAL_SURFACE('',#8067,0.700000000000004,0.3);
#95=CONTEXT_DEPENDENT_SHAPE_REPRESENTATION(#139,#14309);
#96=CONTEXT_DEPENDENT_SHAPE_REPRESENTATION(#140,#14311);
#97=CONTEXT_DEPENDENT_SHAPE_REPRESENTATION(#141,#14313);
#98=CONTEXT_DEPENDENT_SHAPE_REPRESENTATION(#142,#14315);
#99=CONTEXT_DEPENDENT_SHAPE_REPRESENTATION(#143,#14317);
#100=CONTEXT_DEPENDENT_SHAPE_REPRESENTATION(#144,#14319);
#101=CONTEXT_DEPENDENT_SHAPE_REPRESENTATION(#145,#14320);
#102=CONTEXT_DEPENDENT_SHAPE_REPRESENTATION(#146,#14321);
#103=CONTEXT_DEPENDENT_SHAPE_REPRESENTATION(#147,#14322);
#104=CONTEXT_DEPENDENT_SHAPE_REPRESENTATION(#148,#14323);
#105=CONTEXT_DEPENDENT_SHAPE_REPRESENTATION(#149,#14324);
#106=CONTEXT_DEPENDENT_SHAPE_REPRESENTATION(#150,#14325);
#107=CONTEXT_DEPENDENT_SHAPE_REPRESENTATION(#151,#14326);
#108=CONTEXT_DEPENDENT_SHAPE_REPRESENTATION(#152,#14327);
#109=CONTEXT_DEPENDENT_SHAPE_REPRESENTATION(#153,#14328);
#110=CONTEXT_DEPENDENT_SHAPE_REPRESENTATION(#154,#14329);
#111=CONTEXT_DEPENDENT_SHAPE_REPRESENTATION(#155,#14330);
#112=CONTEXT_DEPENDENT_SHAPE_REPRESENTATION(#156,#14331);
#113=CONTEXT_DEPENDENT_SHAPE_REPRESENTATION(#157,#14333);
#114=CONTEXT_DEPENDENT_SHAPE_REPRESENTATION(#158,#14335);
#115=CONTEXT_DEPENDENT_SHAPE_REPRESENTATION(#159,#14336);
#116=CONTEXT_DEPENDENT_SHAPE_REPRESENTATION(#160,#14337);
#117=NEXT_ASSEMBLY_USAGE_OCCURRENCE('VGA-bodyF_slim_0',
'VGA-bodyF_slim_0','VGA-bodyF_slim_0',#14338,#14339,'');
#118=NEXT_ASSEMBLY_USAGE_OCCURRENCE('VGA-front_metal_0',
'VGA-front_metal_0','VGA-front_metal_0',#14338,#14340,'');
#119=NEXT_ASSEMBLY_USAGE_OCCURRENCE('VGA-mount_pin_slim_0',
'VGA-mount_pin_slim_0','VGA-mount_pin_slim_0',#14338,#14341,'');
#120=NEXT_ASSEMBLY_USAGE_OCCURRENCE('Low_row_pin_0','Low_row_pin_0',
'Low_row_pin_0',#14338,#14342,'');
#121=NEXT_ASSEMBLY_USAGE_OCCURRENCE('Midle_row_pin_0','Midle_row_pin_0',
'Midle_row_pin_0',#14338,#14343,'');
#122=NEXT_ASSEMBLY_USAGE_OCCURRENCE('High_row_pin_0','High_row_pin_0',
'High_row_pin_0',#14338,#14344,'');
#123=NEXT_ASSEMBLY_USAGE_OCCURRENCE('Midle_row_pin_0','Midle_row_pin_0',
'Midle_row_pin_0',#14338,#14343,'');
#124=NEXT_ASSEMBLY_USAGE_OCCURRENCE('Midle_row_pin_0','Midle_row_pin_0',
'Midle_row_pin_0',#14338,#14343,'');
#125=NEXT_ASSEMBLY_USAGE_OCCURRENCE('Midle_row_pin_0','Midle_row_pin_0',
'Midle_row_pin_0',#14338,#14343,'');
#126=NEXT_ASSEMBLY_USAGE_OCCURRENCE('Midle_row_pin_0','Midle_row_pin_0',
'Midle_row_pin_0',#14338,#14343,'');
#127=NEXT_ASSEMBLY_USAGE_OCCURRENCE('High_row_pin_0','High_row_pin_0',
'High_row_pin_0',#14338,#14344,'');
#128=NEXT_ASSEMBLY_USAGE_OCCURRENCE('High_row_pin_0','High_row_pin_0',
'High_row_pin_0',#14338,#14344,'');
#129=NEXT_ASSEMBLY_USAGE_OCCURRENCE('High_row_pin_0','High_row_pin_0',
'High_row_pin_0',#14338,#14344,'');
#130=NEXT_ASSEMBLY_USAGE_OCCURRENCE('High_row_pin_0','High_row_pin_0',
'High_row_pin_0',#14338,#14344,'');
#131=NEXT_ASSEMBLY_USAGE_OCCURRENCE('Low_row_pin_0','Low_row_pin_0',
'Low_row_pin_0',#14338,#14342,'');
#132=NEXT_ASSEMBLY_USAGE_OCCURRENCE('Low_row_pin_0','Low_row_pin_0',
'Low_row_pin_0',#14338,#14342,'');
#133=NEXT_ASSEMBLY_USAGE_OCCURRENCE('Low_row_pin_0','Low_row_pin_0',
'Low_row_pin_0',#14338,#14342,'');
#134=NEXT_ASSEMBLY_USAGE_OCCURRENCE('Low_row_pin_0','Low_row_pin_0',
'Low_row_pin_0',#14338,#14342,'');
#135=NEXT_ASSEMBLY_USAGE_OCCURRENCE('VGA-bodyF_slim_2_0',
'VGA-bodyF_slim_2_0','VGA-bodyF_slim_2_0',#14338,#14345,'');
#136=NEXT_ASSEMBLY_USAGE_OCCURRENCE('VGA-6_0','VGA-6_0','VGA-6_0',#14338,
#14346,'');
#137=NEXT_ASSEMBLY_USAGE_OCCURRENCE('VGA-6_0','VGA-6_0','VGA-6_0',#14338,
#14346,'');
#138=NEXT_ASSEMBLY_USAGE_OCCURRENCE('VGA-mount_pin_slim_0',
'VGA-mount_pin_slim_0','VGA-mount_pin_slim_0',#14338,#14341,'');
#139=(
REPRESENTATION_RELATIONSHIP(' ',' ',#7386,#7387)
REPRESENTATION_RELATIONSHIP_WITH_TRANSFORMATION(#161)
SHAPE_REPRESENTATION_RELATIONSHIP()
);
#140=(
REPRESENTATION_RELATIONSHIP(' ',' ',#7388,#7387)
REPRESENTATION_RELATIONSHIP_WITH_TRANSFORMATION(#162)
SHAPE_REPRESENTATION_RELATIONSHIP()
);
#141=(
REPRESENTATION_RELATIONSHIP(' ',' ',#7389,#7387)
REPRESENTATION_RELATIONSHIP_WITH_TRANSFORMATION(#163)
SHAPE_REPRESENTATION_RELATIONSHIP()
);
#142=(
REPRESENTATION_RELATIONSHIP(' ',' ',#7390,#7387)
REPRESENTATION_RELATIONSHIP_WITH_TRANSFORMATION(#164)
SHAPE_REPRESENTATION_RELATIONSHIP()
);
#143=(
REPRESENTATION_RELATIONSHIP(' ',' ',#7391,#7387)
REPRESENTATION_RELATIONSHIP_WITH_TRANSFORMATION(#165)
SHAPE_REPRESENTATION_RELATIONSHIP()
);
#144=(
REPRESENTATION_RELATIONSHIP(' ',' ',#7392,#7387)
REPRESENTATION_RELATIONSHIP_WITH_TRANSFORMATION(#166)
SHAPE_REPRESENTATION_RELATIONSHIP()
);
#145=(
REPRESENTATION_RELATIONSHIP(' ',' ',#7391,#7387)
REPRESENTATION_RELATIONSHIP_WITH_TRANSFORMATION(#167)
SHAPE_REPRESENTATION_RELATIONSHIP()
);
#146=(
REPRESENTATION_RELATIONSHIP(' ',' ',#7391,#7387)
REPRESENTATION_RELATIONSHIP_WITH_TRANSFORMATION(#168)
SHAPE_REPRESENTATION_RELATIONSHIP()
);
#147=(
REPRESENTATION_RELATIONSHIP(' ',' ',#7391,#7387)
REPRESENTATION_RELATIONSHIP_WITH_TRANSFORMATION(#169)
SHAPE_REPRESENTATION_RELATIONSHIP()
);
#148=(
REPRESENTATION_RELATIONSHIP(' ',' ',#7391,#7387)
REPRESENTATION_RELATIONSHIP_WITH_TRANSFORMATION(#170)
SHAPE_REPRESENTATION_RELATIONSHIP()
);
#149=(
REPRESENTATION_RELATIONSHIP(' ',' ',#7392,#7387)
REPRESENTATION_RELATIONSHIP_WITH_TRANSFORMATION(#171)
SHAPE_REPRESENTATION_RELATIONSHIP()
);
#150=(
REPRESENTATION_RELATIONSHIP(' ',' ',#7392,#7387)
REPRESENTATION_RELATIONSHIP_WITH_TRANSFORMATION(#172)
SHAPE_REPRESENTATION_RELATIONSHIP()
);
#151=(
REPRESENTATION_RELATIONSHIP(' ',' ',#7392,#7387)
REPRESENTATION_RELATIONSHIP_WITH_TRANSFORMATION(#173)
SHAPE_REPRESENTATION_RELATIONSHIP()
);
#152=(
REPRESENTATION_RELATIONSHIP(' ',' ',#7392,#7387)
REPRESENTATION_RELATIONSHIP_WITH_TRANSFORMATION(#174)
SHAPE_REPRESENTATION_RELATIONSHIP()
);
#153=(
REPRESENTATION_RELATIONSHIP(' ',' ',#7390,#7387)
REPRESENTATION_RELATIONSHIP_WITH_TRANSFORMATION(#175)
SHAPE_REPRESENTATION_RELATIONSHIP()
);
#154=(
REPRESENTATION_RELATIONSHIP(' ',' ',#7390,#7387)
REPRESENTATION_RELATIONSHIP_WITH_TRANSFORMATION(#176)
SHAPE_REPRESENTATION_RELATIONSHIP()
);
#155=(
REPRESENTATION_RELATIONSHIP(' ',' ',#7390,#7387)
REPRESENTATION_RELATIONSHIP_WITH_TRANSFORMATION(#177)
SHAPE_REPRESENTATION_RELATIONSHIP()
);
#156=(
REPRESENTATION_RELATIONSHIP(' ',' ',#7390,#7387)
REPRESENTATION_RELATIONSHIP_WITH_TRANSFORMATION(#178)
SHAPE_REPRESENTATION_RELATIONSHIP()
);
#157=(
REPRESENTATION_RELATIONSHIP(' ',' ',#7393,#7387)
REPRESENTATION_RELATIONSHIP_WITH_TRANSFORMATION(#179)
SHAPE_REPRESENTATION_RELATIONSHIP()
);
#158=(
REPRESENTATION_RELATIONSHIP(' ',' ',#7394,#7387)
REPRESENTATION_RELATIONSHIP_WITH_TRANSFORMATION(#180)
SHAPE_REPRESENTATION_RELATIONSHIP()
);
#159=(
REPRESENTATION_RELATIONSHIP(' ',' ',#7394,#7387)
REPRESENTATION_RELATIONSHIP_WITH_TRANSFORMATION(#181)
SHAPE_REPRESENTATION_RELATIONSHIP()
);
#160=(
REPRESENTATION_RELATIONSHIP(' ',' ',#7389,#7387)
REPRESENTATION_RELATIONSHIP_WITH_TRANSFORMATION(#182)
SHAPE_REPRESENTATION_RELATIONSHIP()
);
#161=ITEM_DEFINED_TRANSFORMATION(' ',' ',#7395,#7683);
#162=ITEM_DEFINED_TRANSFORMATION(' ',' ',#7395,#7797);
#163=ITEM_DEFINED_TRANSFORMATION(' ',' ',#7395,#7909);
#164=ITEM_DEFINED_TRANSFORMATION(' ',' ',#7395,#7933);
#165=ITEM_DEFINED_TRANSFORMATION(' ',' ',#7395,#7960);
#166=ITEM_DEFINED_TRANSFORMATION(' ',' ',#7395,#7987);
#167=ITEM_DEFINED_TRANSFORMATION(' ',' ',#7395,#7988);
#168=ITEM_DEFINED_TRANSFORMATION(' ',' ',#7395,#7989);
#169=ITEM_DEFINED_TRANSFORMATION(' ',' ',#7395,#7990);
#170=ITEM_DEFINED_TRANSFORMATION(' ',' ',#7395,#7991);
#171=ITEM_DEFINED_TRANSFORMATION(' ',' ',#7395,#7992);
#172=ITEM_DEFINED_TRANSFORMATION(' ',' ',#7395,#7993);
#173=ITEM_DEFINED_TRANSFORMATION(' ',' ',#7395,#7994);
#174=ITEM_DEFINED_TRANSFORMATION(' ',' ',#7395,#7995);
#175=ITEM_DEFINED_TRANSFORMATION(' ',' ',#7395,#7996);
#176=ITEM_DEFINED_TRANSFORMATION(' ',' ',#7395,#7997);
#177=ITEM_DEFINED_TRANSFORMATION(' ',' ',#7395,#7998);
#178=ITEM_DEFINED_TRANSFORMATION(' ',' ',#7395,#7999);
#179=ITEM_DEFINED_TRANSFORMATION(' ',' ',#7395,#8078);
#180=ITEM_DEFINED_TRANSFORMATION(' ',' ',#7395,#8105);
#181=ITEM_DEFINED_TRANSFORMATION(' ',' ',#7395,#8106);
#182=ITEM_DEFINED_TRANSFORMATION(' ',' ',#7395,#8107);
#183=SHAPE_REPRESENTATION_RELATIONSHIP('','',#7386,#191);
#184=SHAPE_REPRESENTATION_RELATIONSHIP('','',#7388,#192);
#185=SHAPE_REPRESENTATION_RELATIONSHIP('','',#7389,#193);
#186=SHAPE_REPRESENTATION_RELATIONSHIP('','',#7390,#194);
#187=SHAPE_REPRESENTATION_RELATIONSHIP('','',#7391,#195);
#188=SHAPE_REPRESENTATION_RELATIONSHIP('','',#7392,#196);
#189=SHAPE_REPRESENTATION_RELATIONSHIP('','',#7393,#197);
#190=SHAPE_REPRESENTATION_RELATIONSHIP('','',#7394,#198);
#191=ADVANCED_BREP_SHAPE_REPRESENTATION('',(#7369),#14287);
#192=ADVANCED_BREP_SHAPE_REPRESENTATION('',(#7370),#14288);
#193=ADVANCED_BREP_SHAPE_REPRESENTATION('',(#7371),#14289);
#194=ADVANCED_BREP_SHAPE_REPRESENTATION('',(#7372),#14290);
#195=ADVANCED_BREP_SHAPE_REPRESENTATION('',(#7373),#14291);
#196=ADVANCED_BREP_SHAPE_REPRESENTATION('',(#7374),#14292);
#197=ADVANCED_BREP_SHAPE_REPRESENTATION('',(#7375),#14293);
#198=ADVANCED_BREP_SHAPE_REPRESENTATION('',(#7376),#14294);
#199=CYLINDRICAL_SURFACE('',#7517,1.5);
#200=CYLINDRICAL_SURFACE('',#7518,1.5);
#201=CYLINDRICAL_SURFACE('',#7522,0.3);
#202=CYLINDRICAL_SURFACE('',#7523,0.3);
#203=CYLINDRICAL_SURFACE('',#7526,2.);
#204=CYLINDRICAL_SURFACE('',#7528,1.9);
#205=CYLINDRICAL_SURFACE('',#7534,1.9);
#206=CYLINDRICAL_SURFACE('',#7536,2.);
#207=CYLINDRICAL_SURFACE('',#7538,1.9);
#208=CYLINDRICAL_SURFACE('',#7541,1.9);
#209=CYLINDRICAL_SURFACE('',#7549,1.5);
#210=CYLINDRICAL_SURFACE('',#7550,1.5);
#211=CYLINDRICAL_SURFACE('',#7551,0.3);
#212=CYLINDRICAL_SURFACE('',#7552,0.3);
#213=CYLINDRICAL_SURFACE('',#7555,2.35);
#214=CYLINDRICAL_SURFACE('',#7558,2.35);
#215=CYLINDRICAL_SURFACE('',#7561,2.35);
#216=CYLINDRICAL_SURFACE('',#7564,2.35);
#217=CYLINDRICAL_SURFACE('',#7568,0.6);
#218=CYLINDRICAL_SURFACE('',#7570,0.6);
#219=CYLINDRICAL_SURFACE('',#7572,0.6);
#220=CYLINDRICAL_SURFACE('',#7574,0.6);
#221=CYLINDRICAL_SURFACE('',#7576,0.6);
#222=CYLINDRICAL_SURFACE('',#7578,0.6);
#223=CYLINDRICAL_SURFACE('',#7580,0.6);
#224=CYLINDRICAL_SURFACE('',#7582,0.6);
#225=CYLINDRICAL_SURFACE('',#7584,0.6);
#226=CYLINDRICAL_SURFACE('',#7586,0.6);
#227=CYLINDRICAL_SURFACE('',#7588,0.6);
#228=CYLINDRICAL_SURFACE('',#7590,0.6);
#229=CYLINDRICAL_SURFACE('',#7592,0.6);
#230=CYLINDRICAL_SURFACE('',#7594,0.6);
#231=CYLINDRICAL_SURFACE('',#7596,0.6);
#232=CYLINDRICAL_SURFACE('',#7598,0.75);
#233=CYLINDRICAL_SURFACE('',#7602,0.750000000000001);
#234=CYLINDRICAL_SURFACE('',#7605,0.75);
#235=CYLINDRICAL_SURFACE('',#7608,0.75);
#236=CYLINDRICAL_SURFACE('',#7612,0.750000000000001);
#237=CYLINDRICAL_SURFACE('',#7615,0.750000000000001);
#238=CYLINDRICAL_SURFACE('',#7619,0.75);
#239=CYLINDRICAL_SURFACE('',#7622,0.75);
#240=CYLINDRICAL_SURFACE('',#7625,0.750000000000001);
#241=CYLINDRICAL_SURFACE('',#7629,0.75);
#242=CYLINDRICAL_SURFACE('',#7632,0.750000000000001);
#243=CYLINDRICAL_SURFACE('',#7635,0.75);
#244=CYLINDRICAL_SURFACE('',#7638,0.75);
#245=CYLINDRICAL_SURFACE('',#7642,0.750000000000001);
#246=CYLINDRICAL_SURFACE('',#7645,0.750000000000001);
#247=CYLINDRICAL_SURFACE('',#7706,1.5);
#248=CYLINDRICAL_SURFACE('',#7708,1.5);
#249=CYLINDRICAL_SURFACE('',#7710,1.5);
#250=CYLINDRICAL_SURFACE('',#7712,1.5);
#251=CYLINDRICAL_SURFACE('',#7714,1.55);
#252=CYLINDRICAL_SURFACE('',#7717,1.55);
#253=CYLINDRICAL_SURFACE('',#7720,2.35);
#254=CYLINDRICAL_SURFACE('',#7723,2.35);
#255=CYLINDRICAL_SURFACE('',#7726,2.35);
#256=CYLINDRICAL_SURFACE('',#7729,2.35);
#257=CYLINDRICAL_SURFACE('',#7737,2.75);
#258=CYLINDRICAL_SURFACE('',#7741,2.75);
#259=CYLINDRICAL_SURFACE('',#7745,2.75);
#260=CYLINDRICAL_SURFACE('',#7749,2.75);
#261=CYLINDRICAL_SURFACE('',#7755,1.95);
#262=CYLINDRICAL_SURFACE('',#7759,1.95);
#263=CYLINDRICAL_SURFACE('',#7761,0.5);
#264=CYLINDRICAL_SURFACE('',#7768,0.5);
#265=CYLINDRICAL_SURFACE('',#7770,0.500000000000001);
#266=CYLINDRICAL_SURFACE('',#7776,0.5);
#267=CYLINDRICAL_SURFACE('',#7782,0.1);
#268=CYLINDRICAL_SURFACE('',#7784,0.0999999999999998);
#269=CYLINDRICAL_SURFACE('',#7790,0.0999999999999998);
#270=CYLINDRICAL_SURFACE('',#7792,0.0999999999999998);
#271=CYLINDRICAL_SURFACE('',#7798,0.6);
#272=CYLINDRICAL_SURFACE('',#7801,0.6);
#273=CYLINDRICAL_SURFACE('',#7822,0.2);
#274=CYLINDRICAL_SURFACE('',#7825,0.799999999999999);
#275=CYLINDRICAL_SURFACE('',#7836,0.800000000000001);
#276=CYLINDRICAL_SURFACE('',#7843,0.2);
#277=CYLINDRICAL_SURFACE('',#7856,0.799999999999999);
#278=CYLINDRICAL_SURFACE('',#7863,0.2);
#279=CYLINDRICAL_SURFACE('',#7867,1.25);
#280=CYLINDRICAL_SURFACE('',#7874,0.7);
#281=CYLINDRICAL_SURFACE('',#7880,0.5);
#282=CYLINDRICAL_SURFACE('',#7881,0.500000000000002);
#283=CYLINDRICAL_SURFACE('',#7883,0.200000000000002);
#284=CYLINDRICAL_SURFACE('',#7885,4.99999996226714);
#285=CYLINDRICAL_SURFACE('',#7887,0.5);
#286=CYLINDRICAL_SURFACE('',#7888,0.500000000000002);
#287=CYLINDRICAL_SURFACE('',#7890,0.200000000000002);
#288=CYLINDRICAL_SURFACE('',#7892,4.99999996226714);
#289=CYLINDRICAL_SURFACE('',#7897,1.75);
#290=CYLINDRICAL_SURFACE('',#7903,0.3);
#291=CYLINDRICAL_SURFACE('',#7904,0.3);
#292=CYLINDRICAL_SURFACE('',#7905,0.3);
#293=CYLINDRICAL_SURFACE('',#7906,0.3);
#294=CYLINDRICAL_SURFACE('',#7907,0.3);
#295=CYLINDRICAL_SURFACE('',#7908,0.3);
#296=CYLINDRICAL_SURFACE('',#7910,0.5);
#297=CYLINDRICAL_SURFACE('',#7913,0.5);
#298=CYLINDRICAL_SURFACE('',#7915,0.5);
#299=CYLINDRICAL_SURFACE('',#7922,0.7);
#300=CYLINDRICAL_SURFACE('',#7928,0.500000000000001);
#301=CYLINDRICAL_SURFACE('',#7934,0.5);
#302=CYLINDRICAL_SURFACE('',#7937,0.5);
#303=CYLINDRICAL_SURFACE('',#7940,0.5);
#304=CYLINDRICAL_SURFACE('',#7942,0.5);
#305=CYLINDRICAL_SURFACE('',#7949,0.699999999999998);
#306=CYLINDRICAL_SURFACE('',#7955,0.5);
#307=CYLINDRICAL_SURFACE('',#7961,0.5);
#308=CYLINDRICAL_SURFACE('',#7964,0.5);
#309=CYLINDRICAL_SURFACE('',#7967,0.5);
#310=CYLINDRICAL_SURFACE('',#7969,0.5);
#311=CYLINDRICAL_SURFACE('',#7976,0.699999999999998);
#312=CYLINDRICAL_SURFACE('',#7982,0.5);
#313=CYLINDRICAL_SURFACE('',#8009,1.);
#314=CYLINDRICAL_SURFACE('',#8017,1.);
#315=CYLINDRICAL_SURFACE('',#8063,0.3);
#316=CYLINDRICAL_SURFACE('',#8070,0.3);
#317=CYLINDRICAL_SURFACE('',#8071,0.3);
#318=CYLINDRICAL_SURFACE('',#8072,0.3);
#319=CYLINDRICAL_SURFACE('',#8082,1.1303);
#320=CYLINDRICAL_SURFACE('',#8085,1.5);
#321=CYLINDRICAL_SURFACE('',#8099,1.156296169375);
#322=CYLINDRICAL_SURFACE('',#8103,1.474003830625);
#323=LINE('',#10262,#974);
#324=LINE('',#10265,#975);
#325=LINE('',#10267,#976);
#326=LINE('',#10269,#977);
#327=LINE('',#10271,#978);
#328=LINE('',#10274,#979);
#329=LINE('',#10276,#980);
#330=LINE('',#10278,#981);
#331=LINE('',#10280,#982);
#332=LINE('',#10283,#983);
#333=LINE('',#10285,#984);
#334=LINE('',#10287,#985);
#335=LINE('',#10289,#986);
#336=LINE('',#10292,#987);
#337=LINE('',#10294,#988);
#338=LINE('',#10296,#989);
#339=LINE('',#10298,#990);
#340=LINE('',#10301,#991);
#341=LINE('',#10303,#992);
#342=LINE('',#10305,#993);
#343=LINE('',#10307,#994);
#344=LINE('',#10310,#995);
#345=LINE('',#10312,#996);
#346=LINE('',#10314,#997);
#347=LINE('',#10316,#998);
#348=LINE('',#10319,#999);
#349=LINE('',#10321,#1000);
#350=LINE('',#10323,#1001);
#351=LINE('',#10325,#1002);
#352=LINE('',#10328,#1003);
#353=LINE('',#10330,#1004);
#354=LINE('',#10332,#1005);
#355=LINE('',#10334,#1006);
#356=LINE('',#10337,#1007);
#357=LINE('',#10339,#1008);
#358=LINE('',#10341,#1009);
#359=LINE('',#10345,#1010);
#360=LINE('',#10349,#1011);
#361=LINE('',#10351,#1012);
#362=LINE('',#10353,#1013);
#363=LINE('',#10355,#1014);
#364=LINE('',#10357,#1015);
#365=LINE('',#10359,#1016);
#366=LINE('',#10361,#1017);
#367=LINE('',#10363,#1018);
#368=LINE('',#10365,#1019);
#369=LINE('',#10367,#1020);
#370=LINE('',#10369,#1021);
#371=LINE('',#10371,#1022);
#372=LINE('',#10373,#1023);
#373=LINE('',#10377,#1024);
#374=LINE('',#10381,#1025);
#375=LINE('',#10383,#1026);
#376=LINE('',#10385,#1027);
#377=LINE('',#10387,#1028);
#378=LINE('',#10389,#1029);
#379=LINE('',#10391,#1030);
#380=LINE('',#10393,#1031);
#381=LINE('',#10395,#1032);
#382=LINE('',#10397,#1033);
#383=LINE('',#10399,#1034);
#384=LINE('',#10404,#1035);
#385=LINE('',#10406,#1036);
#386=LINE('',#10408,#1037);
#387=LINE('',#10410,#1038);
#388=LINE('',#10412,#1039);
#389=LINE('',#10414,#1040);
#390=LINE('',#10416,#1041);
#391=LINE('',#10418,#1042);
#392=LINE('',#10420,#1043);
#393=LINE('',#10422,#1044);
#394=LINE('',#10424,#1045);
#395=LINE('',#10434,#1046);
#396=LINE('',#10438,#1047);
#397=LINE('',#10442,#1048);
#398=LINE('',#10446,#1049);
#399=LINE('',#10448,#1050);
#400=LINE('',#10452,#1051);
#401=LINE('',#10456,#1052);
#402=LINE('',#10457,#1053);
#403=LINE('',#10458,#1054);
#404=LINE('',#10462,#1055);
#405=LINE('',#10463,#1056);
#406=LINE('',#10467,#1057);
#407=LINE('',#10468,#1058);
#408=LINE('',#10470,#1059);
#409=LINE('',#10474,#1060);
#410=LINE('',#10476,#1061);
#411=LINE('',#10480,#1062);
#412=LINE('',#10481,#1063);
#413=LINE('',#10483,#1064);
#414=LINE('',#10485,#1065);
#415=LINE('',#10487,#1066);
#416=LINE('',#10489,#1067);
#417=LINE('',#10491,#1068);
#418=LINE('',#10494,#1069);
#419=LINE('',#10496,#1070);
#420=LINE('',#10498,#1071);
#421=LINE('',#10500,#1072);
#422=LINE('',#10503,#1073);
#423=LINE('',#10505,#1074);
#424=LINE('',#10507,#1075);
#425=LINE('',#10509,#1076);
#426=LINE('',#10513,#1077);
#427=LINE('',#10515,#1078);
#428=LINE('',#10517,#1079);
#429=LINE('',#10519,#1080);
#430=LINE('',#10523,#1081);
#431=LINE('',#10524,#1082);
#432=LINE('',#10525,#1083);
#433=LINE('',#10527,#1084);
#434=LINE('',#10529,#1085);
#435=LINE('',#10531,#1086);
#436=LINE('',#10534,#1087);
#437=LINE('',#10538,#1088);
#438=LINE('',#10540,#1089);
#439=LINE('',#10545,#1090);
#440=LINE('',#10546,#1091);
#441=LINE('',#10548,#1092);
#442=LINE('',#10550,#1093);
#443=LINE('',#10553,#1094);
#444=LINE('',#10555,#1095);
#445=LINE('',#10556,#1096);
#446=LINE('',#10558,#1097);
#447=LINE('',#10561,#1098);
#448=LINE('',#10562,#1099);
#449=LINE('',#10566,#1100);
#450=LINE('',#10567,#1101);
#451=LINE('',#10581,#1102);
#452=LINE('',#10584,#1103);
#453=LINE('',#10590,#1104);
#454=LINE('',#10592,#1105);
#455=LINE('',#10594,#1106);
#456=LINE('',#10599,#1107);
#457=LINE('',#10601,#1108);
#458=LINE('',#10603,#1109);
#459=LINE('',#10609,#1110);
#460=LINE('',#10611,#1111);
#461=LINE('',#10613,#1112);
#462=LINE('',#10619,#1113);
#463=LINE('',#10621,#1114);
#464=LINE('',#10623,#1115);
#465=LINE('',#10629,#1116);
#466=LINE('',#10631,#1117);
#467=LINE('',#10633,#1118);
#468=LINE('',#10639,#1119);
#469=LINE('',#10649,#1120);
#470=LINE('',#10650,#1121);
#471=LINE('',#10652,#1122);
#472=LINE('',#10655,#1123);
#473=LINE('',#10656,#1124);
#474=LINE('',#10658,#1125);
#475=LINE('',#10664,#1126);
#476=LINE('',#10666,#1127);
#477=LINE('',#10668,#1128);
#478=LINE('',#10669,#1129);
#479=LINE('',#10670,#1130);
#480=LINE('',#10671,#1131);
#481=LINE('',#10673,#1132);
#482=LINE('',#10675,#1133);
#483=LINE('',#10677,#1134);
#484=LINE('',#10679,#1135);
#485=LINE('',#10681,#1136);
#486=LINE('',#10683,#1137);
#487=LINE('',#10685,#1138);
#488=LINE('',#10688,#1139);
#489=LINE('',#10690,#1140);
#490=LINE('',#10692,#1141);
#491=LINE('',#10695,#1142);
#492=LINE('',#10697,#1143);
#493=LINE('',#10698,#1144);
#494=LINE('',#10700,#1145);
#495=LINE('',#10704,#1146);
#496=LINE('',#10706,#1147);
#497=LINE('',#10707,#1148);
#498=LINE('',#10709,#1149);
#499=LINE('',#10715,#1150);
#500=LINE('',#10718,#1151);
#501=LINE('',#10720,#1152);
#502=LINE('',#10721,#1153);
#503=LINE('',#10725,#1154);
#504=LINE('',#10727,#1155);
#505=LINE('',#10728,#1156);
#506=LINE('',#10732,#1157);
#507=LINE('',#10734,#1158);
#508=LINE('',#10736,#1159);
#509=LINE('',#10738,#1160);
#510=LINE('',#10740,#1161);
#511=LINE('',#10742,#1162);
#512=LINE('',#10744,#1163);
#513=LINE('',#10746,#1164);
#514=LINE('',#10748,#1165);
#515=LINE('',#10750,#1166);
#516=LINE('',#10753,#1167);
#517=LINE('',#10755,#1168);
#518=LINE('',#10757,#1169);
#519=LINE('',#10758,#1170);
#520=LINE('',#10760,#1171);
#521=LINE('',#10762,#1172);
#522=LINE('',#10763,#1173);
#523=LINE('',#10765,#1174);
#524=LINE('',#10767,#1175);
#525=LINE('',#10768,#1176);
#526=LINE('',#10770,#1177);
#527=LINE('',#10772,#1178);
#528=LINE('',#10773,#1179);
#529=LINE('',#10775,#1180);
#530=LINE('',#10777,#1181);
#531=LINE('',#10778,#1182);
#532=LINE('',#10780,#1183);
#533=LINE('',#10782,#1184);
#534=LINE('',#10783,#1185);
#535=LINE('',#10785,#1186);
#536=LINE('',#10787,#1187);
#537=LINE('',#10788,#1188);
#538=LINE('',#10790,#1189);
#539=LINE('',#10792,#1190);
#540=LINE('',#10793,#1191);
#541=LINE('',#10795,#1192);
#542=LINE('',#10797,#1193);
#543=LINE('',#10805,#1194);
#544=LINE('',#10809,#1195);
#545=LINE('',#10811,#1196);
#546=LINE('',#10813,#1197);
#547=LINE('',#10815,#1198);
#548=LINE('',#10819,#1199);
#549=LINE('',#10821,#1200);
#550=LINE('',#10823,#1201);
#551=LINE('',#10827,#1202);
#552=LINE('',#10829,#1203);
#553=LINE('',#10831,#1204);
#554=LINE('',#10835,#1205);
#555=LINE('',#10885,#1206);
#556=LINE('',#10889,#1207);
#557=LINE('',#10902,#1208);
#558=LINE('',#10906,#1209);
#559=LINE('',#10915,#1210);
#560=LINE('',#10919,#1211);
#561=LINE('',#10932,#1212);
#562=LINE('',#10936,#1213);
#563=LINE('',#10953,#1214);
#564=LINE('',#10957,#1215);
#565=LINE('',#10968,#1216);
#566=LINE('',#10969,#1217);
#567=LINE('',#10971,#1218);
#568=LINE('',#10973,#1219);
#569=LINE('',#10975,#1220);
#570=LINE('',#10977,#1221);
#571=LINE('',#10979,#1222);
#572=LINE('',#10981,#1223);
#573=LINE('',#10983,#1224);
#574=LINE('',#10985,#1225);
#575=LINE('',#10986,#1226);
#576=LINE('',#10988,#1227);
#577=LINE('',#10989,#1228);
#578=LINE('',#10992,#1229);
#579=LINE('',#10994,#1230);
#580=LINE('',#10996,#1231);
#581=LINE('',#10998,#1232);
#582=LINE('',#11000,#1233);
#583=LINE('',#11002,#1234);
#584=LINE('',#11003,#1235);
#585=LINE('',#11005,#1236);
#586=LINE('',#11006,#1237);
#587=LINE('',#11009,#1238);
#588=LINE('',#11011,#1239);
#589=LINE('',#11013,#1240);
#590=LINE('',#11015,#1241);
#591=LINE('',#11017,#1242);
#592=LINE('',#11019,#1243);
#593=LINE('',#11020,#1244);
#594=LINE('',#11022,#1245);
#595=LINE('',#11023,#1246);
#596=LINE('',#11026,#1247);
#597=LINE('',#11028,#1248);
#598=LINE('',#11030,#1249);
#599=LINE('',#11032,#1250);
#600=LINE('',#11034,#1251);
#601=LINE('',#11036,#1252);
#602=LINE('',#11037,#1253);
#603=LINE('',#11039,#1254);
#604=LINE('',#11042,#1255);
#605=LINE('',#11044,#1256);
#606=LINE('',#11046,#1257);
#607=LINE('',#11048,#1258);
#608=LINE('',#11050,#1259);
#609=LINE('',#11065,#1260);
#610=LINE('',#11069,#1261);
#611=LINE('',#11073,#1262);
#612=LINE('',#11077,#1263);
#613=LINE('',#11078,#1264);
#614=LINE('',#11083,#1265);
#615=LINE('',#11087,#1266);
#616=LINE('',#11091,#1267);
#617=LINE('',#11102,#1268);
#618=LINE('',#11106,#1269);
#619=LINE('',#11110,#1270);
#620=LINE('',#11114,#1271);
#621=LINE('',#11118,#1272);
#622=LINE('',#11122,#1273);
#623=LINE('',#11126,#1274);
#624=LINE('',#11130,#1275);
#625=LINE('',#11132,#1276);
#626=LINE('',#11133,#1277);
#627=LINE('',#11135,#1278);
#628=LINE('',#11137,#1279);
#629=LINE('',#11139,#1280);
#630=LINE('',#11141,#1281);
#631=LINE('',#11143,#1282);
#632=LINE('',#11145,#1283);
#633=LINE('',#11158,#1284);
#634=LINE('',#11162,#1285);
#635=LINE('',#11164,#1286);
#636=LINE('',#11166,#1287);
#637=LINE('',#11170,#1288);
#638=LINE('',#11172,#1289);
#639=LINE('',#11174,#1290);
#640=LINE('',#11178,#1291);
#641=LINE('',#11180,#1292);
#642=LINE('',#11182,#1293);
#643=LINE('',#11186,#1294);
#644=LINE('',#11188,#1295);
#645=LINE('',#11190,#1296);
#646=LINE('',#11195,#1297);
#647=LINE('',#11199,#1298);
#648=LINE('',#11203,#1299);
#649=LINE('',#11207,#1300);
#650=LINE('',#11212,#1301);
#651=LINE('',#11216,#1302);
#652=LINE('',#11219,#1303);
#653=LINE('',#11220,#1304);
#654=LINE('',#11222,#1305);
#655=LINE('',#11228,#1306);
#656=LINE('',#11231,#1307);
#657=LINE('',#11232,#1308);
#658=LINE('',#11234,#1309);
#659=LINE('',#11240,#1310);
#660=LINE('',#11243,#1311);
#661=LINE('',#11244,#1312);
#662=LINE('',#11246,#1313);
#663=LINE('',#11252,#1314);
#664=LINE('',#11253,#1315);
#665=LINE('',#11307,#1316);
#666=LINE('',#11311,#1317);
#667=LINE('',#11316,#1318);
#668=LINE('',#11320,#1319);
#669=LINE('',#11324,#1320);
#670=LINE('',#11329,#1321);
#671=LINE('',#11333,#1322);
#672=LINE('',#11337,#1323);
#673=LINE('',#11341,#1324);
#674=LINE('',#11343,#1325);
#675=LINE('',#11345,#1326);
#676=LINE('',#11347,#1327);
#677=LINE('',#11349,#1328);
#678=LINE('',#11351,#1329);
#679=LINE('',#11353,#1330);
#680=LINE('',#11356,#1331);
#681=LINE('',#11358,#1332);
#682=LINE('',#11360,#1333);
#683=LINE('',#11362,#1334);
#684=LINE('',#11366,#1335);
#685=LINE('',#11370,#1336);
#686=LINE('',#11376,#1337);
#687=LINE('',#11379,#1338);
#688=LINE('',#11381,#1339);
#689=LINE('',#11387,#1340);
#690=LINE('',#11391,#1341);
#691=LINE('',#11395,#1342);
#692=LINE('',#11397,#1343);
#693=LINE('',#11399,#1344);
#694=LINE('',#11407,#1345);
#695=LINE('',#11411,#1346);
#696=LINE('',#11413,#1347);
#697=LINE('',#11415,#1348);
#698=LINE('',#11417,#1349);
#699=LINE('',#11419,#1350);
#700=LINE('',#11421,#1351);
#701=LINE('',#11427,#1352);
#702=LINE('',#11431,#1353);
#703=LINE('',#11436,#1354);
#704=LINE('',#11442,#1355);
#705=LINE('',#11444,#1356);
#706=LINE('',#11446,#1357);
#707=LINE('',#11448,#1358);
#708=LINE('',#11452,#1359);
#709=LINE('',#11453,#1360);
#710=LINE('',#11455,#1361);
#711=LINE('',#11461,#1362);
#712=LINE('',#11465,#1363);
#713=LINE('',#11467,#1364);
#714=LINE('',#11469,#1365);
#715=LINE('',#11475,#1366);
#716=LINE('',#11479,#1367);
#717=LINE('',#11483,#1368);
#718=LINE('',#11485,#1369);
#719=LINE('',#11488,#1370);
#720=LINE('',#11490,#1371);
#721=LINE('',#11492,#1372);
#722=LINE('',#11494,#1373);
#723=LINE('',#11498,#1374);
#724=LINE('',#11502,#1375);
#725=LINE('',#11510,#1376);
#726=LINE('',#11514,#1377);
#727=LINE('',#11518,#1378);
#728=LINE('',#11521,#1379);
#729=LINE('',#11523,#1380);
#730=LINE('',#11524,#1381);
#731=LINE('',#11528,#1382);
#732=LINE('',#11529,#1383);
#733=LINE('',#11534,#1384);
#734=LINE('',#11535,#1385);
#735=LINE('',#11542,#1386);
#736=LINE('',#11543,#1387);
#737=LINE('',#11545,#1388);
#738=LINE('',#11546,#1389);
#739=LINE('',#11549,#1390);
#740=LINE('',#11550,#1391);
#741=LINE('',#11552,#1392);
#742=LINE('',#11554,#1393);
#743=LINE('',#11556,#1394);
#744=LINE('',#11557,#1395);
#745=LINE('',#11560,#1396);
#746=LINE('',#11562,#1397);
#747=LINE('',#11564,#1398);
#748=LINE('',#11566,#1399);
#749=LINE('',#11568,#1400);
#750=LINE('',#11570,#1401);
#751=LINE('',#11572,#1402);
#752=LINE('',#11575,#1403);
#753=LINE('',#11576,#1404);
#754=LINE('',#11578,#1405);
#755=LINE('',#11580,#1406);
#756=LINE('',#11582,#1407);
#757=LINE('',#11584,#1408);
#758=LINE('',#11586,#1409);
#759=LINE('',#11590,#1410);
#760=LINE('',#11591,#1411);
#761=LINE('',#11611,#1412);
#762=LINE('',#11616,#1413);
#763=LINE('',#11620,#1414);
#764=LINE('',#11622,#1415);
#765=LINE('',#11626,#1416);
#766=LINE('',#11634,#1417);
#767=LINE('',#11707,#1418);
#768=LINE('',#11711,#1419);
#769=LINE('',#11713,#1420);
#770=LINE('',#11714,#1421);
#771=LINE('',#11726,#1422);
#772=LINE('',#11731,#1423);
#773=LINE('',#11735,#1424);
#774=LINE('',#11740,#1425);
#775=LINE('',#11744,#1426);
#776=LINE('',#11746,#1427);
#777=LINE('',#11750,#1428);
#778=LINE('',#11754,#1429);
#779=LINE('',#11828,#1430);
#780=LINE('',#11829,#1431);
#781=LINE('',#11841,#1432);
#782=LINE('',#11846,#1433);
#783=LINE('',#11850,#1434);
#784=LINE('',#11855,#1435);
#785=LINE('',#11859,#1436);
#786=LINE('',#11861,#1437);
#787=LINE('',#11865,#1438);
#788=LINE('',#11869,#1439);
#789=LINE('',#11943,#1440);
#790=LINE('',#11944,#1441);
#791=LINE('',#11968,#1442);
#792=LINE('',#11971,#1443);
#793=LINE('',#11973,#1444);
#794=LINE('',#11975,#1445);
#795=LINE('',#11977,#1446);
#796=LINE('',#11980,#1447);
#797=LINE('',#11981,#1448);
#798=LINE('',#11983,#1449);
#799=LINE('',#11985,#1450);
#800=LINE('',#11987,#1451);
#801=LINE('',#11989,#1452);
#802=LINE('',#11991,#1453);
#803=LINE('',#11994,#1454);
#804=LINE('',#11996,#1455);
#805=LINE('',#11998,#1456);
#806=LINE('',#12000,#1457);
#807=LINE('',#12004,#1458);
#808=LINE('',#12005,#1459);
#809=LINE('',#12007,#1460);
#810=LINE('',#12009,#1461);
#811=LINE('',#12011,#1462);
#812=LINE('',#12013,#1463);
#813=LINE('',#12015,#1464);
#814=LINE('',#12017,#1465);
#815=LINE('',#12019,#1466);
#816=LINE('',#12021,#1467);
#817=LINE('',#12023,#1468);
#818=LINE('',#12025,#1469);
#819=LINE('',#12027,#1470);
#820=LINE('',#12029,#1471);
#821=LINE('',#12031,#1472);
#822=LINE('',#12033,#1473);
#823=LINE('',#12035,#1474);
#824=LINE('',#12037,#1475);
#825=LINE('',#12039,#1476);
#826=LINE('',#12043,#1477);
#827=LINE('',#12046,#1478);
#828=LINE('',#12047,#1479);
#829=LINE('',#12049,#1480);
#830=LINE('',#12055,#1481);
#831=LINE('',#12058,#1482);
#832=LINE('',#12059,#1483);
#833=LINE('',#12061,#1484);
#834=LINE('',#12066,#1485);
#835=LINE('',#12069,#1486);
#836=LINE('',#12071,#1487);
#837=LINE('',#12073,#1488);
#838=LINE('',#12075,#1489);
#839=LINE('',#12077,#1490);
#840=LINE('',#12079,#1491);
#841=LINE('',#12081,#1492);
#842=LINE('',#12083,#1493);
#843=LINE('',#12085,#1494);
#844=LINE('',#12087,#1495);
#845=LINE('',#12089,#1496);
#846=LINE('',#12091,#1497);
#847=LINE('',#12093,#1498);
#848=LINE('',#12095,#1499);
#849=LINE('',#12097,#1500);
#850=LINE('',#12099,#1501);
#851=LINE('',#12101,#1502);
#852=LINE('',#12103,#1503);
#853=LINE('',#12105,#1504);
#854=LINE('',#12107,#1505);
#855=LINE('',#12109,#1506);
#856=LINE('',#12111,#1507);
#857=LINE('',#12113,#1508);
#858=LINE('',#12115,#1509);
#859=LINE('',#12120,#1510);
#860=LINE('',#12124,#1511);
#861=LINE('',#12125,#1512);
#862=LINE('',#12129,#1513);
#863=LINE('',#12131,#1514);
#864=LINE('',#12134,#1515);
#865=LINE('',#12136,#1516);
#866=LINE('',#12138,#1517);
#867=LINE('',#12140,#1518);
#868=LINE('',#12142,#1519);
#869=LINE('',#12144,#1520);
#870=LINE('',#12145,#1521);
#871=LINE('',#12147,#1522);
#872=LINE('',#12149,#1523);
#873=LINE('',#12151,#1524);
#874=LINE('',#12152,#1525);
#875=LINE('',#12155,#1526);
#876=LINE('',#12157,#1527);
#877=LINE('',#12159,#1528);
#878=LINE('',#12161,#1529);
#879=LINE('',#12163,#1530);
#880=LINE('',#12165,#1531);
#881=LINE('',#12167,#1532);
#882=LINE('',#12169,#1533);
#883=LINE('',#12171,#1534);
#884=LINE('',#12172,#1535);
#885=LINE('',#12175,#1536);
#886=LINE('',#12178,#1537);
#887=LINE('',#12180,#1538);
#888=LINE('',#12182,#1539);
#889=LINE('',#12184,#1540);
#890=LINE('',#12185,#1541);
#891=LINE('',#12187,#1542);
#892=LINE('',#12189,#1543);
#893=LINE('',#12191,#1544);
#894=LINE('',#12192,#1545);
#895=LINE('',#12195,#1546);
#896=LINE('',#12198,#1547);
#897=LINE('',#12200,#1548);
#898=LINE('',#12202,#1549);
#899=LINE('',#12204,#1550);
#900=LINE('',#12206,#1551);
#901=LINE('',#12208,#1552);
#902=LINE('',#12209,#1553);
#903=LINE('',#12211,#1554);
#904=LINE('',#12213,#1555);
#905=LINE('',#12215,#1556);
#906=LINE('',#12216,#1557);
#907=LINE('',#12219,#1558);
#908=LINE('',#12222,#1559);
#909=LINE('',#12224,#1560);
#910=LINE('',#12226,#1561);
#911=LINE('',#12228,#1562);
#912=LINE('',#12230,#1563);
#913=LINE('',#12232,#1564);
#914=LINE('',#12233,#1565);
#915=LINE('',#12235,#1566);
#916=LINE('',#12237,#1567);
#917=LINE('',#12239,#1568);
#918=LINE('',#12240,#1569);
#919=LINE('',#12243,#1570);
#920=LINE('',#12245,#1571);
#921=LINE('',#12247,#1572);
#922=LINE('',#12249,#1573);
#923=LINE('',#12251,#1574);
#924=LINE('',#12253,#1575);
#925=LINE('',#12255,#1576);
#926=LINE('',#12257,#1577);
#927=LINE('',#12259,#1578);
#928=LINE('',#12261,#1579);
#929=LINE('',#12263,#1580);
#930=LINE('',#12265,#1581);
#931=LINE('',#12267,#1582);
#932=LINE('',#12269,#1583);
#933=LINE('',#12271,#1584);
#934=LINE('',#12273,#1585);
#935=LINE('',#12275,#1586);
#936=LINE('',#12277,#1587);
#937=LINE('',#12279,#1588);
#938=LINE('',#12281,#1589);
#939=LINE('',#12283,#1590);
#940=LINE('',#12285,#1591);
#941=LINE('',#12287,#1592);
#942=LINE('',#12288,#1593);
#943=LINE('',#12291,#1594);
#944=LINE('',#12292,#1595);
#945=LINE('',#12294,#1596);
#946=LINE('',#12295,#1597);
#947=LINE('',#12298,#1598);
#948=LINE('',#12299,#1599);
#949=LINE('',#12301,#1600);
#950=LINE('',#12302,#1601);
#951=LINE('',#12305,#1602);
#952=LINE('',#12306,#1603);
#953=LINE('',#12308,#1604);
#954=LINE('',#12309,#1605);
#955=LINE('',#12312,#1606);
#956=LINE('',#12313,#1607);
#957=LINE('',#12315,#1608);
#958=LINE('',#12316,#1609);
#959=LINE('',#12513,#1610);
#960=LINE('',#12835,#1611);
#961=LINE('',#12837,#1612);
#962=LINE('',#12839,#1613);
#963=LINE('',#12849,#1614);
#964=LINE('',#12851,#1615);
#965=LINE('',#12860,#1616);
#966=LINE('',#12862,#1617);
#967=LINE('',#12871,#1618);
#968=LINE('',#12873,#1619);
#969=LINE('',#12883,#1620);
#970=LINE('',#12885,#1621);
#971=LINE('',#12893,#1622);
#972=LINE('',#13864,#1623);
#973=LINE('',#13866,#1624);
#974=VECTOR('',#8202,1000.);
#975=VECTOR('',#8203,1000.);
#976=VECTOR('',#8204,1000.);
#977=VECTOR('',#8205,1000.);
#978=VECTOR('',#8208,1000.);
#979=VECTOR('',#8209,1000.);
#980=VECTOR('',#8210,1000.);
#981=VECTOR('',#8211,1000.);
#982=VECTOR('',#8214,1000.);
#983=VECTOR('',#8215,1000.);
#984=VECTOR('',#8216,1000.);
#985=VECTOR('',#8217,1000.);
#986=VECTOR('',#8220,1000.);
#987=VECTOR('',#8221,1000.);
#988=VECTOR('',#8222,1000.);
#989=VECTOR('',#8223,1000.);
#990=VECTOR('',#8226,1000.);
#991=VECTOR('',#8227,1000.);
#992=VECTOR('',#8228,1000.);
#993=VECTOR('',#8229,1000.);
#994=VECTOR('',#8232,1000.);
#995=VECTOR('',#8233,1000.);
#996=VECTOR('',#8234,1000.);
#997=VECTOR('',#8235,1000.);
#998=VECTOR('',#8238,1000.);
#999=VECTOR('',#8239,1000.);
#1000=VECTOR('',#8240,1000.);
#1001=VECTOR('',#8241,1000.);
#1002=VECTOR('',#8244,1000.);
#1003=VECTOR('',#8245,1000.);
#1004=VECTOR('',#8246,1000.);
#1005=VECTOR('',#8247,1000.);
#1006=VECTOR('',#8250,1000.);
#1007=VECTOR('',#8251,1000.);
#1008=VECTOR('',#8252,1000.);
#1009=VECTOR('',#8253,1000.);
#1010=VECTOR('',#8256,1000.);
#1011=VECTOR('',#8259,1000.);
#1012=VECTOR('',#8260,1000.);
#1013=VECTOR('',#8261,1000.);
#1014=VECTOR('',#8262,1000.);
#1015=VECTOR('',#8263,1000.);
#1016=VECTOR('',#8264,1000.);
#1017=VECTOR('',#8265,1000.);
#1018=VECTOR('',#8266,1000.);
#1019=VECTOR('',#8267,1000.);
#1020=VECTOR('',#8268,1000.);
#1021=VECTOR('',#8269,1000.);
#1022=VECTOR('',#8270,1000.);
#1023=VECTOR('',#8271,1000.);
#1024=VECTOR('',#8274,1000.);
#1025=VECTOR('',#8277,1000.);
#1026=VECTOR('',#8278,1000.);
#1027=VECTOR('',#8279,1000.);
#1028=VECTOR('',#8280,1000.);
#1029=VECTOR('',#8281,1000.);
#1030=VECTOR('',#8282,1000.);
#1031=VECTOR('',#8283,1000.);
#1032=VECTOR('',#8284,1000.);
#1033=VECTOR('',#8285,1000.);
#1034=VECTOR('',#8288,1000.);
#1035=VECTOR('',#8291,1000.);
#1036=VECTOR('',#8292,1000.);
#1037=VECTOR('',#8293,1000.);
#1038=VECTOR('',#8294,1000.);
#1039=VECTOR('',#8295,1000.);
#1040=VECTOR('',#8296,1000.);
#1041=VECTOR('',#8297,1000.);
#1042=VECTOR('',#8298,1000.);
#1043=VECTOR('',#8299,1000.);
#1044=VECTOR('',#8300,1000.);
#1045=VECTOR('',#8301,1000.);
#1046=VECTOR('',#8310,1000.);
#1047=VECTOR('',#8313,1000.);
#1048=VECTOR('',#8316,1000.);
#1049=VECTOR('',#8319,1000.);
#1050=VECTOR('',#8322,1000.);
#1051=VECTOR('',#8325,1000.);
#1052=VECTOR('',#8328,1000.);
#1053=VECTOR('',#8329,1000.);
#1054=VECTOR('',#8330,1000.);
#1055=VECTOR('',#8333,1000.);
#1056=VECTOR('',#8334,1000.);
#1057=VECTOR('',#8337,1000.);
#1058=VECTOR('',#8338,1000.);
#1059=VECTOR('',#8341,1000.);
#1060=VECTOR('',#8344,1000.);
#1061=VECTOR('',#8347,1000.);
#1062=VECTOR('',#8350,1000.);
#1063=VECTOR('',#8351,1000.);
#1064=VECTOR('',#8352,1000.);
#1065=VECTOR('',#8353,1000.);
#1066=VECTOR('',#8354,1000.);
#1067=VECTOR('',#8355,1000.);
#1068=VECTOR('',#8358,1000.);
#1069=VECTOR('',#8359,1000.);
#1070=VECTOR('',#8360,1000.);
#1071=VECTOR('',#8361,1000.);
#1072=VECTOR('',#8364,1000.);
#1073=VECTOR('',#8365,1000.);
#1074=VECTOR('',#8366,1000.);
#1075=VECTOR('',#8367,1000.);
#1076=VECTOR('',#8368,1000.);
#1077=VECTOR('',#8373,1000.);
#1078=VECTOR('',#8374,1000.);
#1079=VECTOR('',#8375,1000.);
#1080=VECTOR('',#8378,1000.);
#1081=VECTOR('',#8381,1000.);
#1082=VECTOR('',#8382,1000.);
#1083=VECTOR('',#8383,1000.);
#1084=VECTOR('',#8384,1000.);
#1085=VECTOR('',#8385,1000.);
#1086=VECTOR('',#8388,1000.);
#1087=VECTOR('',#8389,1000.);
#1088=VECTOR('',#8392,1000.);
#1089=VECTOR('',#8393,1000.);
#1090=VECTOR('',#8398,1000.);
#1091=VECTOR('',#8399,1000.);
#1092=VECTOR('',#8400,1000.);
#1093=VECTOR('',#8403,1000.);
#1094=VECTOR('',#8404,1000.);
#1095=VECTOR('',#8405,1000.);
#1096=VECTOR('',#8406,1000.);
#1097=VECTOR('',#8409,1000.);
#1098=VECTOR('',#8410,1000.);
#1099=VECTOR('',#8411,1000.);
#1100=VECTOR('',#8416,1000.);
#1101=VECTOR('',#8417,1000.);
#1102=VECTOR('',#8432,1000.);
#1103=VECTOR('',#8433,1000.);
#1104=VECTOR('',#8438,1000.);
#1105=VECTOR('',#8439,1000.);
#1106=VECTOR('',#8440,1000.);
#1107=VECTOR('',#8445,1000.);
#1108=VECTOR('',#8446,1000.);
#1109=VECTOR('',#8447,1000.);
#1110=VECTOR('',#8452,1000.);
#1111=VECTOR('',#8453,1000.);
#1112=VECTOR('',#8454,1000.);
#1113=VECTOR('',#8459,1000.);
#1114=VECTOR('',#8460,1000.);
#1115=VECTOR('',#8461,1000.);
#1116=VECTOR('',#8466,1000.);
#1117=VECTOR('',#8467,1000.);
#1118=VECTOR('',#8468,1000.);
#1119=VECTOR('',#8473,1000.);
#1120=VECTOR('',#8484,1000.);
#1121=VECTOR('',#8485,1000.);
#1122=VECTOR('',#8488,1000.);
#1123=VECTOR('',#8489,1000.);
#1124=VECTOR('',#8490,1000.);
#1125=VECTOR('',#8493,1000.);
#1126=VECTOR('',#8498,1000.);
#1127=VECTOR('',#8499,1000.);
#1128=VECTOR('',#8502,1000.);
#1129=VECTOR('',#8503,1000.);
#1130=VECTOR('',#8504,1000.);
#1131=VECTOR('',#8505,1000.);
#1132=VECTOR('',#8508,1000.);
#1133=VECTOR('',#8511,1000.);
#1134=VECTOR('',#8514,1000.);
#1135=VECTOR('',#8517,1000.);
#1136=VECTOR('',#8520,1000.);
#1137=VECTOR('',#8523,1000.);
#1138=VECTOR('',#8526,1000.);
#1139=VECTOR('',#8531,1000.);
#1140=VECTOR('',#8534,1000.);
#1141=VECTOR('',#8537,1000.);
#1142=VECTOR('',#8542,1000.);
#1143=VECTOR('',#8543,1000.);
#1144=VECTOR('',#8544,1000.);
#1145=VECTOR('',#8545,1000.);
#1146=VECTOR('',#8550,1000.);
#1147=VECTOR('',#8553,1000.);
#1148=VECTOR('',#8554,1000.);
#1149=VECTOR('',#8555,1000.);
#1150=VECTOR('',#8566,1000.);
#1151=VECTOR('',#8571,1000.);
#1152=VECTOR('',#8572,1000.);
#1153=VECTOR('',#8573,1000.);
#1154=VECTOR('',#8578,1000.);
#1155=VECTOR('',#8581,1000.);
#1156=VECTOR('',#8582,1000.);
#1157=VECTOR('',#8589,1000.);
#1158=VECTOR('',#8590,1000.);
#1159=VECTOR('',#8593,1000.);
#1160=VECTOR('',#8594,1000.);
#1161=VECTOR('',#8595,1000.);
#1162=VECTOR('',#8598,1000.);
#1163=VECTOR('',#8599,1000.);
#1164=VECTOR('',#8602,1000.);
#1165=VECTOR('',#8603,1000.);
#1166=VECTOR('',#8604,1000.);
#1167=VECTOR('',#8609,1000.);
#1168=VECTOR('',#8610,1000.);
#1169=VECTOR('',#8611,1000.);
#1170=VECTOR('',#8612,1000.);
#1171=VECTOR('',#8613,1000.);
#1172=VECTOR('',#8614,1000.);
#1173=VECTOR('',#8615,1000.);
#1174=VECTOR('',#8616,1000.);
#1175=VECTOR('',#8617,1000.);
#1176=VECTOR('',#8618,1000.);
#1177=VECTOR('',#8619,1000.);
#1178=VECTOR('',#8620,1000.);
#1179=VECTOR('',#8621,1000.);
#1180=VECTOR('',#8622,1000.);
#1181=VECTOR('',#8623,1000.);
#1182=VECTOR('',#8624,1000.);
#1183=VECTOR('',#8625,1000.);
#1184=VECTOR('',#8626,1000.);
#1185=VECTOR('',#8627,1000.);
#1186=VECTOR('',#8628,1000.);
#1187=VECTOR('',#8629,1000.);
#1188=VECTOR('',#8630,1000.);
#1189=VECTOR('',#8631,1000.);
#1190=VECTOR('',#8632,1000.);
#1191=VECTOR('',#8633,1000.);
#1192=VECTOR('',#8634,1000.);
#1193=VECTOR('',#8635,1000.);
#1194=VECTOR('',#8650,1000.);
#1195=VECTOR('',#8653,1000.);
#1196=VECTOR('',#8656,1000.);
#1197=VECTOR('',#8657,1000.);
#1198=VECTOR('',#8660,1000.);
#1199=VECTOR('',#8665,1000.);
#1200=VECTOR('',#8666,1000.);
#1201=VECTOR('',#8669,1000.);
#1202=VECTOR('',#8674,1000.);
#1203=VECTOR('',#8675,1000.);
#1204=VECTOR('',#8678,1000.);
#1205=VECTOR('',#8683,1000.);
#1206=VECTOR('',#8750,1000.);
#1207=VECTOR('',#8753,1000.);
#1208=VECTOR('',#8772,1000.);
#1209=VECTOR('',#8775,1000.);
#1210=VECTOR('',#8788,1000.);
#1211=VECTOR('',#8791,1000.);
#1212=VECTOR('',#8810,1000.);
#1213=VECTOR('',#8813,1000.);
#1214=VECTOR('',#8838,1000.);
#1215=VECTOR('',#8841,1000.);
#1216=VECTOR('',#8858,1000.);
#1217=VECTOR('',#8859,1000.);
#1218=VECTOR('',#8862,1000.);
#1219=VECTOR('',#8865,1000.);
#1220=VECTOR('',#8868,1000.);
#1221=VECTOR('',#8869,1000.);
#1222=VECTOR('',#8872,1000.);
#1223=VECTOR('',#8873,1000.);
#1224=VECTOR('',#8876,1000.);
#1225=VECTOR('',#8879,1000.);
#1226=VECTOR('',#8880,1000.);
#1227=VECTOR('',#8883,1000.);
#1228=VECTOR('',#8884,1000.);
#1229=VECTOR('',#8889,1000.);
#1230=VECTOR('',#8890,1000.);
#1231=VECTOR('',#8893,1000.);
#1232=VECTOR('',#8894,1000.);
#1233=VECTOR('',#8897,1000.);
#1234=VECTOR('',#8900,1000.);
#1235=VECTOR('',#8901,1000.);
#1236=VECTOR('',#8904,1000.);
#1237=VECTOR('',#8905,1000.);
#1238=VECTOR('',#8910,1000.);
#1239=VECTOR('',#8911,1000.);
#1240=VECTOR('',#8914,1000.);
#1241=VECTOR('',#8915,1000.);
#1242=VECTOR('',#8918,1000.);
#1243=VECTOR('',#8921,1000.);
#1244=VECTOR('',#8922,1000.);
#1245=VECTOR('',#8925,1000.);
#1246=VECTOR('',#8926,1000.);
#1247=VECTOR('',#8931,1000.);
#1248=VECTOR('',#8932,1000.);
#1249=VECTOR('',#8935,1000.);
#1250=VECTOR('',#8936,1000.);
#1251=VECTOR('',#8939,1000.);
#1252=VECTOR('',#8942,1000.);
#1253=VECTOR('',#8943,1000.);
#1254=VECTOR('',#8946,1000.);
#1255=VECTOR('',#8951,1000.);
#1256=VECTOR('',#8952,1000.);
#1257=VECTOR('',#8955,1000.);
#1258=VECTOR('',#8956,1000.);
#1259=VECTOR('',#8959,1000.);
#1260=VECTOR('',#8980,1000.);
#1261=VECTOR('',#8983,1000.);
#1262=VECTOR('',#8986,1000.);
#1263=VECTOR('',#8989,1000.);
#1264=VECTOR('',#8990,1000.);
#1265=VECTOR('',#8993,1000.);
#1266=VECTOR('',#8996,1000.);
#1267=VECTOR('',#8999,1000.);
#1268=VECTOR('',#9010,1000.);
#1269=VECTOR('',#9013,1000.);
#1270=VECTOR('',#9016,1000.);
#1271=VECTOR('',#9019,1000.);
#1272=VECTOR('',#9022,1000.);
#1273=VECTOR('',#9025,1000.);
#1274=VECTOR('',#9028,1000.);
#1275=VECTOR('',#9031,1000.);
#1276=VECTOR('',#9034,1000.);
#1277=VECTOR('',#9035,1000.);
#1278=VECTOR('',#9038,1000.);
#1279=VECTOR('',#9041,1000.);
#1280=VECTOR('',#9044,1000.);
#1281=VECTOR('',#9047,1000.);
#1282=VECTOR('',#9050,1000.);
#1283=VECTOR('',#9053,1000.);
#1284=VECTOR('',#9070,1000.);
#1285=VECTOR('',#9073,1000.);
#1286=VECTOR('',#9076,1000.);
#1287=VECTOR('',#9077,1000.);
#1288=VECTOR('',#9082,1000.);
#1289=VECTOR('',#9085,1000.);
#1290=VECTOR('',#9086,1000.);
#1291=VECTOR('',#9091,1000.);
#1292=VECTOR('',#9094,1000.);
#1293=VECTOR('',#9095,1000.);
#1294=VECTOR('',#9100,1000.);
#1295=VECTOR('',#9103,1000.);
#1296=VECTOR('',#9106,1000.);
#1297=VECTOR('',#9109,1000.);
#1298=VECTOR('',#9112,1000.);
#1299=VECTOR('',#9115,1000.);
#1300=VECTOR('',#9120,1000.);
#1301=VECTOR('',#9123,1000.);
#1302=VECTOR('',#9128,1000.);
#1303=VECTOR('',#9129,1000.);
#1304=VECTOR('',#9130,1000.);
#1305=VECTOR('',#9133,1000.);
#1306=VECTOR('',#9140,1000.);
#1307=VECTOR('',#9141,1000.);
#1308=VECTOR('',#9142,1000.);
#1309=VECTOR('',#9145,1000.);
#1310=VECTOR('',#9152,1000.);
#1311=VECTOR('',#9153,1000.);
#1312=VECTOR('',#9154,1000.);
#1313=VECTOR('',#9157,1000.);
#1314=VECTOR('',#9164,1000.);
#1315=VECTOR('',#9165,1000.);
#1316=VECTOR('',#9260,1000.);
#1317=VECTOR('',#9263,1000.);
#1318=VECTOR('',#9268,1000.);
#1319=VECTOR('',#9271,1000.);
#1320=VECTOR('',#9276,1000.);
#1321=VECTOR('',#9279,1000.);
#1322=VECTOR('',#9282,1000.);
#1323=VECTOR('',#9285,1000.);
#1324=VECTOR('',#9290,1000.);
#1325=VECTOR('',#9291,1000.);
#1326=VECTOR('',#9292,1000.);
#1327=VECTOR('',#9295,1000.);
#1328=VECTOR('',#9296,1000.);
#1329=VECTOR('',#9297,1000.);
#1330=VECTOR('',#9300,1000.);
#1331=VECTOR('',#9301,1000.);
#1332=VECTOR('',#9302,1000.);
#1333=VECTOR('',#9303,1000.);
#1334=VECTOR('',#9304,1000.);
#1335=VECTOR('',#9307,1000.);
#1336=VECTOR('',#9310,1000.);
#1337=VECTOR('',#9317,1000.);
#1338=VECTOR('',#9318,1000.);
#1339=VECTOR('',#9319,1000.);
#1340=VECTOR('',#9324,1000.);
#1341=VECTOR('',#9327,1000.);
#1342=VECTOR('',#9330,1000.);
#1343=VECTOR('',#9331,1000.);
#1344=VECTOR('',#9334,1000.);
#1345=VECTOR('',#9343,1000.);
#1346=VECTOR('',#9348,1000.);
#1347=VECTOR('',#9349,1000.);
#1348=VECTOR('',#9350,1000.);
#1349=VECTOR('',#9353,1000.);
#1350=VECTOR('',#9354,1000.);
#1351=VECTOR('',#9355,1000.);
#1352=VECTOR('',#9362,1000.);
#1353=VECTOR('',#9365,1000.);
#1354=VECTOR('',#9372,1000.);
#1355=VECTOR('',#9379,1000.);
#1356=VECTOR('',#9380,1000.);
#1357=VECTOR('',#9381,1000.);
#1358=VECTOR('',#9382,1000.);
#1359=VECTOR('',#9385,1000.);
#1360=VECTOR('',#9386,1000.);
#1361=VECTOR('',#9387,1000.);
#1362=VECTOR('',#9396,1000.);
#1363=VECTOR('',#9401,1000.);
#1364=VECTOR('',#9402,1000.);
#1365=VECTOR('',#9403,1000.);
#1366=VECTOR('',#9408,1000.);
#1367=VECTOR('',#9411,1000.);
#1368=VECTOR('',#9414,1000.);
#1369=VECTOR('',#9417,1000.);
#1370=VECTOR('',#9418,1000.);
#1371=VECTOR('',#9419,1000.);
#1372=VECTOR('',#9420,1000.);
#1373=VECTOR('',#9421,1000.);
#1374=VECTOR('',#9424,1000.);
#1375=VECTOR('',#9427,1000.);
#1376=VECTOR('',#9436,1000.);
#1377=VECTOR('',#9441,1000.);
#1378=VECTOR('',#9444,1000.);
#1379=VECTOR('',#9447,1000.);
#1380=VECTOR('',#9448,1000.);
#1381=VECTOR('',#9449,1000.);
#1382=VECTOR('',#9452,1000.);
#1383=VECTOR('',#9453,1000.);
#1384=VECTOR('',#9462,1000.);
#1385=VECTOR('',#9463,1000.);
#1386=VECTOR('',#9472,1000.);
#1387=VECTOR('',#9473,1000.);
#1388=VECTOR('',#9476,1000.);
#1389=VECTOR('',#9477,1000.);
#1390=VECTOR('',#9482,1000.);
#1391=VECTOR('',#9483,1000.);
#1392=VECTOR('',#9486,1000.);
#1393=VECTOR('',#9489,1000.);
#1394=VECTOR('',#9492,1000.);
#1395=VECTOR('',#9493,1000.);
#1396=VECTOR('',#9498,1000.);
#1397=VECTOR('',#9501,1000.);
#1398=VECTOR('',#9504,1000.);
#1399=VECTOR('',#9507,1000.);
#1400=VECTOR('',#9510,1000.);
#1401=VECTOR('',#9513,1000.);
#1402=VECTOR('',#9516,1000.);
#1403=VECTOR('',#9521,1000.);
#1404=VECTOR('',#9522,1000.);
#1405=VECTOR('',#9525,1000.);
#1406=VECTOR('',#9528,1000.);
#1407=VECTOR('',#9531,1000.);
#1408=VECTOR('',#9534,1000.);
#1409=VECTOR('',#9537,1000.);
#1410=VECTOR('',#9544,1000.);
#1411=VECTOR('',#9545,1000.);
#1412=VECTOR('',#9578,1000.);
#1413=VECTOR('',#9581,1000.);
#1414=VECTOR('',#9586,1000.);
#1415=VECTOR('',#9587,1000.);
#1416=VECTOR('',#9592,1000.);
#1417=VECTOR('',#9593,1000.);
#1418=VECTOR('',#9610,1000.);
#1419=VECTOR('',#9613,1000.);
#1420=VECTOR('',#9616,1000.);
#1421=VECTOR('',#9617,1000.);
#1422=VECTOR('',#9636,1000.);
#1423=VECTOR('',#9639,1000.);
#1424=VECTOR('',#9644,1000.);
#1425=VECTOR('',#9647,1000.);
#1426=VECTOR('',#9652,1000.);
#1427=VECTOR('',#9653,1000.);
#1428=VECTOR('',#9658,1000.);
#1429=VECTOR('',#9661,1000.);
#1430=VECTOR('',#9680,1000.);
#1431=VECTOR('',#9681,1000.);
#1432=VECTOR('',#9700,1000.);
#1433=VECTOR('',#9703,1000.);
#1434=VECTOR('',#9708,1000.);
#1435=VECTOR('',#9711,1000.);
#1436=VECTOR('',#9716,1000.);
#1437=VECTOR('',#9717,1000.);
#1438=VECTOR('',#9722,1000.);
#1439=VECTOR('',#9725,1000.);
#1440=VECTOR('',#9744,1000.);
#1441=VECTOR('',#9745,1000.);
#1442=VECTOR('',#9788,1000.);
#1443=VECTOR('',#9789,1000.);
#1444=VECTOR('',#9790,1000.);
#1445=VECTOR('',#9791,1000.);
#1446=VECTOR('',#9794,1000.);
#1447=VECTOR('',#9795,1000.);
#1448=VECTOR('',#9796,1000.);
#1449=VECTOR('',#9799,1000.);
#1450=VECTOR('',#9800,1000.);
#1451=VECTOR('',#9803,1000.);
#1452=VECTOR('',#9804,1000.);
#1453=VECTOR('',#9807,1000.);
#1454=VECTOR('',#9808,1000.);
#1455=VECTOR('',#9809,1000.);
#1456=VECTOR('',#9810,1000.);
#1457=VECTOR('',#9813,1000.);
#1458=VECTOR('',#9816,1000.);
#1459=VECTOR('',#9817,1000.);
#1460=VECTOR('',#9818,1000.);
#1461=VECTOR('',#9819,1000.);
#1462=VECTOR('',#9820,1000.);
#1463=VECTOR('',#9821,1000.);
#1464=VECTOR('',#9822,1000.);
#1465=VECTOR('',#9823,1000.);
#1466=VECTOR('',#9824,1000.);
#1467=VECTOR('',#9825,1000.);
#1468=VECTOR('',#9826,1000.);
#1469=VECTOR('',#9827,1000.);
#1470=VECTOR('',#9828,1000.);
#1471=VECTOR('',#9829,1000.);
#1472=VECTOR('',#9830,1000.);
#1473=VECTOR('',#9831,1000.);
#1474=VECTOR('',#9832,1000.);
#1475=VECTOR('',#9833,1000.);
#1476=VECTOR('',#9834,1000.);
#1477=VECTOR('',#9839,1000.);
#1478=VECTOR('',#9840,1000.);
#1479=VECTOR('',#9841,1000.);
#1480=VECTOR('',#9844,1000.);
#1481=VECTOR('',#9851,1000.);
#1482=VECTOR('',#9852,1000.);
#1483=VECTOR('',#9853,1000.);
#1484=VECTOR('',#9856,1000.);
#1485=VECTOR('',#9859,1000.);
#1486=VECTOR('',#9862,1000.);
#1487=VECTOR('',#9863,1000.);
#1488=VECTOR('',#9864,1000.);
#1489=VECTOR('',#9865,1000.);
#1490=VECTOR('',#9866,1000.);
#1491=VECTOR('',#9867,1000.);
#1492=VECTOR('',#9868,1000.);
#1493=VECTOR('',#9869,1000.);
#1494=VECTOR('',#9870,1000.);
#1495=VECTOR('',#9871,1000.);
#1496=VECTOR('',#9872,1000.);
#1497=VECTOR('',#9873,1000.);
#1498=VECTOR('',#9874,1000.);
#1499=VECTOR('',#9875,1000.);
#1500=VECTOR('',#9876,1000.);
#1501=VECTOR('',#9877,1000.);
#1502=VECTOR('',#9878,1000.);
#1503=VECTOR('',#9879,1000.);
#1504=VECTOR('',#9880,1000.);
#1505=VECTOR('',#9881,1000.);
#1506=VECTOR('',#9882,1000.);
#1507=VECTOR('',#9885,1000.);
#1508=VECTOR('',#9886,1000.);
#1509=VECTOR('',#9887,1000.);
#1510=VECTOR('',#9896,1000.);
#1511=VECTOR('',#9899,1000.);
#1512=VECTOR('',#9900,1000.);
#1513=VECTOR('',#9903,1000.);
#1514=VECTOR('',#9906,1000.);
#1515=VECTOR('',#9907,1000.);
#1516=VECTOR('',#9908,1000.);
#1517=VECTOR('',#9909,1000.);
#1518=VECTOR('',#9912,1000.);
#1519=VECTOR('',#9913,1000.);
#1520=VECTOR('',#9914,1000.);
#1521=VECTOR('',#9915,1000.);
#1522=VECTOR('',#9918,1000.);
#1523=VECTOR('',#9919,1000.);
#1524=VECTOR('',#9920,1000.);
#1525=VECTOR('',#9921,1000.);
#1526=VECTOR('',#9926,1000.);
#1527=VECTOR('',#9927,1000.);
#1528=VECTOR('',#9928,1000.);
#1529=VECTOR('',#9929,1000.);
#1530=VECTOR('',#9930,1000.);
#1531=VECTOR('',#9933,1000.);
#1532=VECTOR('',#9934,1000.);
#1533=VECTOR('',#9935,1000.);
#1534=VECTOR('',#9938,1000.);
#1535=VECTOR('',#9939,1000.);
#1536=VECTOR('',#9944,1000.);
#1537=VECTOR('',#9945,1000.);
#1538=VECTOR('',#9946,1000.);
#1539=VECTOR('',#9947,1000.);
#1540=VECTOR('',#9950,1000.);
#1541=VECTOR('',#9951,1000.);
#1542=VECTOR('',#9954,1000.);
#1543=VECTOR('',#9955,1000.);
#1544=VECTOR('',#9956,1000.);
#1545=VECTOR('',#9957,1000.);
#1546=VECTOR('',#9962,1000.);
#1547=VECTOR('',#9963,1000.);
#1548=VECTOR('',#9964,1000.);
#1549=VECTOR('',#9965,1000.);
#1550=VECTOR('',#9968,1000.);
#1551=VECTOR('',#9969,1000.);
#1552=VECTOR('',#9970,1000.);
#1553=VECTOR('',#9971,1000.);
#1554=VECTOR('',#9974,1000.);
#1555=VECTOR('',#9975,1000.);
#1556=VECTOR('',#9976,1000.);
#1557=VECTOR('',#9977,1000.);
#1558=VECTOR('',#9982,1000.);
#1559=VECTOR('',#9983,1000.);
#1560=VECTOR('',#9984,1000.);
#1561=VECTOR('',#9985,1000.);
#1562=VECTOR('',#9988,1000.);
#1563=VECTOR('',#9989,1000.);
#1564=VECTOR('',#9990,1000.);
#1565=VECTOR('',#9991,1000.);
#1566=VECTOR('',#9994,1000.);
#1567=VECTOR('',#9995,1000.);
#1568=VECTOR('',#9996,1000.);
#1569=VECTOR('',#9997,1000.);
#1570=VECTOR('',#10002,1000.);
#1571=VECTOR('',#10005,1000.);
#1572=VECTOR('',#10006,1000.);
#1573=VECTOR('',#10007,1000.);
#1574=VECTOR('',#10008,1000.);
#1575=VECTOR('',#10009,1000.);
#1576=VECTOR('',#10012,1000.);
#1577=VECTOR('',#10015,1000.);
#1578=VECTOR('',#10016,1000.);
#1579=VECTOR('',#10017,1000.);
#1580=VECTOR('',#10018,1000.);
#1581=VECTOR('',#10019,1000.);
#1582=VECTOR('',#10022,1000.);
#1583=VECTOR('',#10025,1000.);
#1584=VECTOR('',#10026,1000.);
#1585=VECTOR('',#10027,1000.);
#1586=VECTOR('',#10028,1000.);
#1587=VECTOR('',#10029,1000.);
#1588=VECTOR('',#10032,1000.);
#1589=VECTOR('',#10033,1000.);
#1590=VECTOR('',#10034,1000.);
#1591=VECTOR('',#10035,1000.);
#1592=VECTOR('',#10036,1000.);
#1593=VECTOR('',#10037,1000.);
#1594=VECTOR('',#10042,1000.);
#1595=VECTOR('',#10043,1000.);
#1596=VECTOR('',#10046,1000.);
#1597=VECTOR('',#10047,1000.);
#1598=VECTOR('',#10052,1000.);
#1599=VECTOR('',#10053,1000.);
#1600=VECTOR('',#10056,1000.);
#1601=VECTOR('',#10057,1000.);
#1602=VECTOR('',#10062,1000.);
#1603=VECTOR('',#10063,1000.);
#1604=VECTOR('',#10066,1000.);
#1605=VECTOR('',#10067,1000.);
#1606=VECTOR('',#10072,1000.);
#1607=VECTOR('',#10073,1000.);
#1608=VECTOR('',#10076,1000.);
#1609=VECTOR('',#10077,1000.);
#1610=VECTOR('',#10122,1000.);
#1611=VECTOR('',#10137,1000.);
#1612=VECTOR('',#10138,1000.);
#1613=VECTOR('',#10139,1000.);
#1614=VECTOR('',#10142,1000.);
#1615=VECTOR('',#10143,1000.);
#1616=VECTOR('',#10146,1000.);
#1617=VECTOR('',#10147,1000.);
#1618=VECTOR('',#10150,1000.);
#1619=VECTOR('',#10151,1000.);
#1620=VECTOR('',#10154,1000.);
#1621=VECTOR('',#10155,1000.);
#1622=VECTOR('',#10158,1000.);
#1623=VECTOR('',#10169,1000.);
#1624=VECTOR('',#10172,1000.);
#1625=PLANE('',#7441);
#1626=PLANE('',#7442);
#1627=PLANE('',#7443);
#1628=PLANE('',#7444);
#1629=PLANE('',#7445);
#1630=PLANE('',#7446);
#1631=PLANE('',#7447);
#1632=PLANE('',#7448);
#1633=PLANE('',#7449);
#1634=PLANE('',#7454);
#1635=PLANE('',#7463);
#1636=PLANE('',#7468);
#1637=PLANE('',#7470);
#1638=PLANE('',#7472);
#1639=PLANE('',#7473);
#1640=PLANE('',#7474);
#1641=PLANE('',#7476);
#1642=PLANE('',#7478);
#1643=PLANE('',#7480);
#1644=PLANE('',#7482);
#1645=PLANE('',#7483);
#1646=PLANE('',#7484);
#1647=PLANE('',#7486);
#1648=PLANE('',#7509);
#1649=PLANE('',#7510);
#1650=PLANE('',#7511);
#1651=PLANE('',#7514);
#1652=PLANE('',#7515);
#1653=PLANE('',#7516);
#1654=PLANE('',#7519);
#1655=PLANE('',#7520);
#1656=PLANE('',#7521);
#1657=PLANE('',#7524);
#1658=PLANE('',#7525);
#1659=PLANE('',#7527);
#1660=PLANE('',#7530);
#1661=PLANE('',#7531);
#1662=PLANE('',#7533);
#1663=PLANE('',#7535);
#1664=PLANE('',#7537);
#1665=PLANE('',#7540);
#1666=PLANE('',#7542);
#1667=PLANE('',#7543);
#1668=PLANE('',#7544);
#1669=PLANE('',#7545);
#1670=PLANE('',#7546);
#1671=PLANE('',#7553);
#1672=PLANE('',#7554);
#1673=PLANE('',#7557);
#1674=PLANE('',#7560);
#1675=PLANE('',#7563);
#1676=PLANE('',#7566);
#1677=PLANE('',#7567);
#1678=PLANE('',#7601);
#1679=PLANE('',#7604);
#1680=PLANE('',#7607);
#1681=PLANE('',#7611);
#1682=PLANE('',#7614);
#1683=PLANE('',#7618);
#1684=PLANE('',#7621);
#1685=PLANE('',#7624);
#1686=PLANE('',#7628);
#1687=PLANE('',#7631);
#1688=PLANE('',#7634);
#1689=PLANE('',#7637);
#1690=PLANE('',#7641);
#1691=PLANE('',#7644);
#1692=PLANE('',#7647);
#1693=PLANE('',#7648);
#1694=PLANE('',#7649);
#1695=PLANE('',#7650);
#1696=PLANE('',#7651);
#1697=PLANE('',#7652);
#1698=PLANE('',#7653);
#1699=PLANE('',#7654);
#1700=PLANE('',#7655);
#1701=PLANE('',#7656);
#1702=PLANE('',#7657);
#1703=PLANE('',#7658);
#1704=PLANE('',#7659);
#1705=PLANE('',#7660);
#1706=PLANE('',#7661);
#1707=PLANE('',#7662);
#1708=PLANE('',#7663);
#1709=PLANE('',#7664);
#1710=PLANE('',#7665);
#1711=PLANE('',#7666);
#1712=PLANE('',#7667);
#1713=PLANE('',#7668);
#1714=PLANE('',#7669);
#1715=PLANE('',#7670);
#1716=PLANE('',#7671);
#1717=PLANE('',#7672);
#1718=PLANE('',#7673);
#1719=PLANE('',#7674);
#1720=PLANE('',#7675);
#1721=PLANE('',#7676);
#1722=PLANE('',#7677);
#1723=PLANE('',#7678);
#1724=PLANE('',#7679);
#1725=PLANE('',#7680);
#1726=PLANE('',#7681);
#1727=PLANE('',#7682);
#1728=PLANE('',#7684);
#1729=PLANE('',#7695);
#1730=PLANE('',#7707);
#1731=PLANE('',#7709);
#1732=PLANE('',#7711);
#1733=PLANE('',#7713);
#1734=PLANE('',#7722);
#1735=PLANE('',#7725);
#1736=PLANE('',#7728);
#1737=PLANE('',#7731);
#1738=PLANE('',#7732);
#1739=PLANE('',#7740);
#1740=PLANE('',#7744);
#1741=PLANE('',#7748);
#1742=PLANE('',#7752);
#1743=PLANE('',#7753);
#1744=PLANE('',#7757);
#1745=PLANE('',#7804);
#1746=PLANE('',#7810);
#1747=PLANE('',#7811);
#1748=PLANE('',#7812);
#1749=PLANE('',#7817);
#1750=PLANE('',#7828);
#1751=PLANE('',#7829);
#1752=PLANE('',#7830);
#1753=PLANE('',#7839);
#1754=PLANE('',#7846);
#1755=PLANE('',#7851);
#1756=PLANE('',#7859);
#1757=PLANE('',#7866);
#1758=PLANE('',#7870);
#1759=PLANE('',#7871);
#1760=PLANE('',#7872);
#1761=PLANE('',#7873);
#1762=PLANE('',#7875);
#1763=PLANE('',#7876);
#1764=PLANE('',#7877);
#1765=PLANE('',#7878);
#1766=PLANE('',#7879);
#1767=PLANE('',#7882);
#1768=PLANE('',#7884);
#1769=PLANE('',#7886);
#1770=PLANE('',#7889);
#1771=PLANE('',#7891);
#1772=PLANE('',#7893);
#1773=PLANE('',#7894);
#1774=PLANE('',#7895);
#1775=PLANE('',#7921);
#1776=PLANE('',#7925);
#1777=PLANE('',#7926);
#1778=PLANE('',#7930);
#1779=PLANE('',#7931);
#1780=PLANE('',#7932);
#1781=PLANE('',#7948);
#1782=PLANE('',#7952);
#1783=PLANE('',#7953);
#1784=PLANE('',#7957);
#1785=PLANE('',#7958);
#1786=PLANE('',#7959);
#1787=PLANE('',#7975);
#1788=PLANE('',#7979);
#1789=PLANE('',#7980);
#1790=PLANE('',#7984);
#1791=PLANE('',#7985);
#1792=PLANE('',#7986);
#1793=PLANE('',#8000);
#1794=PLANE('',#8001);
#1795=PLANE('',#8002);
#1796=PLANE('',#8003);
#1797=PLANE('',#8004);
#1798=PLANE('',#8005);
#1799=PLANE('',#8008);
#1800=PLANE('',#8012);
#1801=PLANE('',#8013);
#1802=PLANE('',#8016);
#1803=PLANE('',#8020);
#1804=PLANE('',#8023);
#1805=PLANE('',#8024);
#1806=PLANE('',#8025);
#1807=PLANE('',#8026);
#1808=PLANE('',#8027);
#1809=PLANE('',#8028);
#1810=PLANE('',#8029);
#1811=PLANE('',#8030);
#1812=PLANE('',#8031);
#1813=PLANE('',#8032);
#1814=PLANE('',#8033);
#1815=PLANE('',#8034);
#1816=PLANE('',#8035);
#1817=PLANE('',#8036);
#1818=PLANE('',#8037);
#1819=PLANE('',#8038);
#1820=PLANE('',#8039);
#1821=PLANE('',#8040);
#1822=PLANE('',#8041);
#1823=PLANE('',#8042);
#1824=PLANE('',#8043);
#1825=PLANE('',#8044);
#1826=PLANE('',#8045);
#1827=PLANE('',#8046);
#1828=PLANE('',#8047);
#1829=PLANE('',#8048);
#1830=PLANE('',#8049);
#1831=PLANE('',#8050);
#1832=PLANE('',#8051);
#1833=PLANE('',#8052);
#1834=PLANE('',#8053);
#1835=PLANE('',#8054);
#1836=PLANE('',#8055);
#1837=PLANE('',#8056);
#1838=PLANE('',#8057);
#1839=PLANE('',#8058);
#1840=PLANE('',#8059);
#1841=PLANE('',#8060);
#1842=PLANE('',#8061);
#1843=PLANE('',#8062);
#1844=PLANE('',#8073);
#1845=PLANE('',#8074);
#1846=PLANE('',#8075);
#1847=PLANE('',#8076);
#1848=PLANE('',#8077);
#1849=PLANE('',#8079);
#1850=PLANE('',#8087);
#1851=PLANE('',#8090);
#1852=PLANE('',#8091);
#1853=PLANE('',#8092);
#1854=PLANE('',#8093);
#1855=PLANE('',#8094);
#1856=PLANE('',#8095);
#1857=PLANE('',#8096);
#1858=PLANE('',#8100);
#1859=PLANE('',#8101);
#1860=PLANE('',#8102);
#1861=PLANE('',#8104);
#1862=ORIENTED_EDGE('',*,*,#3836,.F.);
#1863=ORIENTED_EDGE('',*,*,#3837,.T.);
#1864=ORIENTED_EDGE('',*,*,#3838,.F.);
#1865=ORIENTED_EDGE('',*,*,#3839,.T.);
#1866=ORIENTED_EDGE('',*,*,#3840,.F.);
#1867=ORIENTED_EDGE('',*,*,#3841,.T.);
#1868=ORIENTED_EDGE('',*,*,#3842,.F.);
#1869=ORIENTED_EDGE('',*,*,#3843,.T.);
#1870=ORIENTED_EDGE('',*,*,#3844,.F.);
#1871=ORIENTED_EDGE('',*,*,#3845,.T.);
#1872=ORIENTED_EDGE('',*,*,#3846,.F.);
#1873=ORIENTED_EDGE('',*,*,#3847,.T.);
#1874=ORIENTED_EDGE('',*,*,#3848,.F.);
#1875=ORIENTED_EDGE('',*,*,#3849,.T.);
#1876=ORIENTED_EDGE('',*,*,#3850,.F.);
#1877=ORIENTED_EDGE('',*,*,#3851,.T.);
#1878=ORIENTED_EDGE('',*,*,#3852,.F.);
#1879=ORIENTED_EDGE('',*,*,#3853,.T.);
#1880=ORIENTED_EDGE('',*,*,#3854,.F.);
#1881=ORIENTED_EDGE('',*,*,#3855,.T.);
#1882=ORIENTED_EDGE('',*,*,#3856,.F.);
#1883=ORIENTED_EDGE('',*,*,#3857,.T.);
#1884=ORIENTED_EDGE('',*,*,#3858,.F.);
#1885=ORIENTED_EDGE('',*,*,#3859,.T.);
#1886=ORIENTED_EDGE('',*,*,#3860,.F.);
#1887=ORIENTED_EDGE('',*,*,#3861,.T.);
#1888=ORIENTED_EDGE('',*,*,#3862,.F.);
#1889=ORIENTED_EDGE('',*,*,#3863,.T.);
#1890=ORIENTED_EDGE('',*,*,#3864,.F.);
#1891=ORIENTED_EDGE('',*,*,#3865,.T.);
#1892=ORIENTED_EDGE('',*,*,#3866,.T.);
#1893=ORIENTED_EDGE('',*,*,#3867,.T.);
#1894=ORIENTED_EDGE('',*,*,#3868,.F.);
#1895=ORIENTED_EDGE('',*,*,#3869,.F.);
#1896=ORIENTED_EDGE('',*,*,#3870,.F.);
#1897=ORIENTED_EDGE('',*,*,#3871,.F.);
#1898=ORIENTED_EDGE('',*,*,#3872,.T.);
#1899=ORIENTED_EDGE('',*,*,#3873,.T.);
#1900=ORIENTED_EDGE('',*,*,#3874,.F.);
#1901=ORIENTED_EDGE('',*,*,#3875,.F.);
#1902=ORIENTED_EDGE('',*,*,#3876,.T.);
#1903=ORIENTED_EDGE('',*,*,#3877,.T.);
#1904=ORIENTED_EDGE('',*,*,#3878,.F.);
#1905=ORIENTED_EDGE('',*,*,#3879,.F.);
#1906=ORIENTED_EDGE('',*,*,#3880,.T.);
#1907=ORIENTED_EDGE('',*,*,#3881,.T.);
#1908=ORIENTED_EDGE('',*,*,#3882,.F.);
#1909=ORIENTED_EDGE('',*,*,#3883,.F.);
#1910=ORIENTED_EDGE('',*,*,#3884,.T.);
#1911=ORIENTED_EDGE('',*,*,#3885,.T.);
#1912=ORIENTED_EDGE('',*,*,#3886,.F.);
#1913=ORIENTED_EDGE('',*,*,#3887,.F.);
#1914=ORIENTED_EDGE('',*,*,#3888,.T.);
#1915=ORIENTED_EDGE('',*,*,#3889,.T.);
#1916=ORIENTED_EDGE('',*,*,#3890,.F.);
#1917=ORIENTED_EDGE('',*,*,#3891,.F.);
#1918=ORIENTED_EDGE('',*,*,#3892,.T.);
#1919=ORIENTED_EDGE('',*,*,#3893,.T.);
#1920=ORIENTED_EDGE('',*,*,#3894,.F.);
#1921=ORIENTED_EDGE('',*,*,#3895,.F.);
#1922=ORIENTED_EDGE('',*,*,#3896,.T.);
#1923=ORIENTED_EDGE('',*,*,#3897,.T.);
#1924=ORIENTED_EDGE('',*,*,#3898,.F.);
#1925=ORIENTED_EDGE('',*,*,#3899,.F.);
#1926=ORIENTED_EDGE('',*,*,#3900,.T.);
#1927=ORIENTED_EDGE('',*,*,#3901,.F.);
#1928=ORIENTED_EDGE('',*,*,#3902,.F.);
#1929=ORIENTED_EDGE('',*,*,#3903,.F.);
#1930=ORIENTED_EDGE('',*,*,#3904,.F.);
#1931=ORIENTED_EDGE('',*,*,#3905,.F.);
#1932=ORIENTED_EDGE('',*,*,#3906,.T.);
#1933=ORIENTED_EDGE('',*,*,#3907,.T.);
#1934=ORIENTED_EDGE('',*,*,#3908,.F.);
#1935=ORIENTED_EDGE('',*,*,#3909,.T.);
#1936=ORIENTED_EDGE('',*,*,#3910,.F.);
#1937=ORIENTED_EDGE('',*,*,#3911,.F.);
#1938=ORIENTED_EDGE('',*,*,#3912,.T.);
#1939=ORIENTED_EDGE('',*,*,#3913,.F.);
#1940=ORIENTED_EDGE('',*,*,#3914,.F.);
#1941=ORIENTED_EDGE('',*,*,#3915,.T.);
#1942=ORIENTED_EDGE('',*,*,#3916,.T.);
#1943=ORIENTED_EDGE('',*,*,#3917,.F.);
#1944=ORIENTED_EDGE('',*,*,#3918,.F.);
#1945=ORIENTED_EDGE('',*,*,#3919,.F.);
#1946=ORIENTED_EDGE('',*,*,#3920,.F.);
#1947=ORIENTED_EDGE('',*,*,#3921,.F.);
#1948=ORIENTED_EDGE('',*,*,#3922,.T.);
#1949=ORIENTED_EDGE('',*,*,#3923,.F.);
#1950=ORIENTED_EDGE('',*,*,#3924,.T.);
#1951=ORIENTED_EDGE('',*,*,#3925,.T.);
#1952=ORIENTED_EDGE('',*,*,#3926,.T.);
#1953=ORIENTED_EDGE('',*,*,#3927,.T.);
#1954=ORIENTED_EDGE('',*,*,#3928,.F.);
#1955=ORIENTED_EDGE('',*,*,#3929,.F.);
#1956=ORIENTED_EDGE('',*,*,#3930,.F.);
#1957=ORIENTED_EDGE('',*,*,#3931,.T.);
#1958=ORIENTED_EDGE('',*,*,#3932,.F.);
#1959=ORIENTED_EDGE('',*,*,#3933,.T.);
#1960=ORIENTED_EDGE('',*,*,#3934,.F.);
#1961=ORIENTED_EDGE('',*,*,#3935,.F.);
#1962=ORIENTED_EDGE('',*,*,#3936,.T.);
#1963=ORIENTED_EDGE('',*,*,#3937,.T.);
#1964=ORIENTED_EDGE('',*,*,#3938,.F.);
#1965=ORIENTED_EDGE('',*,*,#3939,.T.);
#1966=ORIENTED_EDGE('',*,*,#3940,.T.);
#1967=ORIENTED_EDGE('',*,*,#3941,.T.);
#1968=ORIENTED_EDGE('',*,*,#3942,.T.);
#1969=ORIENTED_EDGE('',*,*,#3943,.T.);
#1970=ORIENTED_EDGE('',*,*,#3944,.F.);
#1971=ORIENTED_EDGE('',*,*,#3945,.T.);
#1972=ORIENTED_EDGE('',*,*,#3946,.F.);
#1973=ORIENTED_EDGE('',*,*,#3947,.F.);
#1974=ORIENTED_EDGE('',*,*,#3948,.F.);
#1975=ORIENTED_EDGE('',*,*,#3949,.F.);
#1976=ORIENTED_EDGE('',*,*,#3950,.F.);
#1977=ORIENTED_EDGE('',*,*,#3951,.F.);
#1978=ORIENTED_EDGE('',*,*,#3952,.F.);
#1979=ORIENTED_EDGE('',*,*,#3953,.F.);
#1980=ORIENTED_EDGE('',*,*,#3910,.T.);
#1981=ORIENTED_EDGE('',*,*,#3954,.F.);
#1982=ORIENTED_EDGE('',*,*,#3955,.T.);
#1983=ORIENTED_EDGE('',*,*,#3956,.F.);
#1984=ORIENTED_EDGE('',*,*,#3957,.T.);
#1985=ORIENTED_EDGE('',*,*,#3958,.F.);
#1986=ORIENTED_EDGE('',*,*,#3928,.T.);
#1987=ORIENTED_EDGE('',*,*,#3959,.T.);
#1988=ORIENTED_EDGE('',*,*,#3941,.F.);
#1989=ORIENTED_EDGE('',*,*,#3960,.T.);
#1990=ORIENTED_EDGE('',*,*,#3961,.T.);
#1991=ORIENTED_EDGE('',*,*,#3962,.T.);
#1992=ORIENTED_EDGE('',*,*,#3937,.F.);
#1993=ORIENTED_EDGE('',*,*,#3963,.F.);
#1994=ORIENTED_EDGE('',*,*,#3964,.F.);
#1995=ORIENTED_EDGE('',*,*,#3965,.F.);
#1996=ORIENTED_EDGE('',*,*,#3933,.F.);
#1997=ORIENTED_EDGE('',*,*,#3966,.F.);
#1998=ORIENTED_EDGE('',*,*,#3967,.F.);
#1999=ORIENTED_EDGE('',*,*,#3968,.T.);
#2000=ORIENTED_EDGE('',*,*,#3969,.F.);
#2001=ORIENTED_EDGE('',*,*,#3924,.F.);
#2002=ORIENTED_EDGE('',*,*,#3970,.T.);
#2003=ORIENTED_EDGE('',*,*,#3971,.T.);
#2004=ORIENTED_EDGE('',*,*,#3972,.T.);
#2005=ORIENTED_EDGE('',*,*,#3922,.F.);
#2006=ORIENTED_EDGE('',*,*,#3973,.T.);
#2007=ORIENTED_EDGE('',*,*,#3974,.T.);
#2008=ORIENTED_EDGE('',*,*,#3975,.T.);
#2009=ORIENTED_EDGE('',*,*,#3976,.T.);
#2010=ORIENTED_EDGE('',*,*,#3977,.T.);
#2011=ORIENTED_EDGE('',*,*,#3926,.F.);
#2012=ORIENTED_EDGE('',*,*,#3978,.F.);
#2013=ORIENTED_EDGE('',*,*,#3979,.F.);
#2014=ORIENTED_EDGE('',*,*,#3980,.T.);
#2015=ORIENTED_EDGE('',*,*,#3981,.T.);
#2016=ORIENTED_EDGE('',*,*,#3982,.F.);
#2017=ORIENTED_EDGE('',*,*,#3983,.F.);
#2018=ORIENTED_EDGE('',*,*,#3984,.F.);
#2019=ORIENTED_EDGE('',*,*,#3985,.T.);
#2020=ORIENTED_EDGE('',*,*,#3986,.T.);
#2021=ORIENTED_EDGE('',*,*,#3987,.F.);
#2022=ORIENTED_EDGE('',*,*,#3988,.F.);
#2023=ORIENTED_EDGE('',*,*,#3989,.F.);
#2024=ORIENTED_EDGE('',*,*,#3990,.F.);
#2025=ORIENTED_EDGE('',*,*,#3983,.T.);
#2026=ORIENTED_EDGE('',*,*,#3916,.F.);
#2027=ORIENTED_EDGE('',*,*,#3991,.F.);
#2028=ORIENTED_EDGE('',*,*,#3992,.F.);
#2029=ORIENTED_EDGE('',*,*,#3993,.F.);
#2030=ORIENTED_EDGE('',*,*,#3912,.F.);
#2031=ORIENTED_EDGE('',*,*,#3994,.F.);
#2032=ORIENTED_EDGE('',*,*,#3989,.T.);
#2033=ORIENTED_EDGE('',*,*,#3995,.F.);
#2034=ORIENTED_EDGE('',*,*,#3996,.T.);
#2035=ORIENTED_EDGE('',*,*,#3997,.F.);
#2036=ORIENTED_EDGE('',*,*,#3998,.F.);
#2037=ORIENTED_EDGE('',*,*,#3999,.T.);
#2038=ORIENTED_EDGE('',*,*,#4000,.F.);
#2039=ORIENTED_EDGE('',*,*,#4001,.T.);
#2040=ORIENTED_EDGE('',*,*,#4002,.T.);
#2041=ORIENTED_EDGE('',*,*,#4003,.F.);
#2042=ORIENTED_EDGE('',*,*,#4004,.T.);
#2043=ORIENTED_EDGE('',*,*,#3985,.F.);
#2044=ORIENTED_EDGE('',*,*,#4005,.F.);
#2045=ORIENTED_EDGE('',*,*,#4006,.T.);
#2046=ORIENTED_EDGE('',*,*,#4007,.F.);
#2047=ORIENTED_EDGE('',*,*,#4008,.T.);
#2048=ORIENTED_EDGE('',*,*,#4009,.T.);
#2049=ORIENTED_EDGE('',*,*,#3998,.T.);
#2050=ORIENTED_EDGE('',*,*,#4010,.T.);
#2051=ORIENTED_EDGE('',*,*,#4011,.F.);
#2052=ORIENTED_EDGE('',*,*,#4012,.F.);
#2053=ORIENTED_EDGE('',*,*,#3903,.T.);
#2054=ORIENTED_EDGE('',*,*,#4013,.T.);
#2055=ORIENTED_EDGE('',*,*,#4014,.T.);
#2056=ORIENTED_EDGE('',*,*,#3976,.F.);
#2057=ORIENTED_EDGE('',*,*,#4015,.T.);
#2058=ORIENTED_EDGE('',*,*,#4007,.T.);
#2059=ORIENTED_EDGE('',*,*,#4016,.T.);
#2060=ORIENTED_EDGE('',*,*,#4017,.F.);
#2061=ORIENTED_EDGE('',*,*,#4018,.F.);
#2062=ORIENTED_EDGE('',*,*,#4019,.F.);
#2063=ORIENTED_EDGE('',*,*,#4020,.F.);
#2064=ORIENTED_EDGE('',*,*,#4021,.F.);
#2065=ORIENTED_EDGE('',*,*,#4022,.F.);
#2066=ORIENTED_EDGE('',*,*,#4023,.F.);
#2067=ORIENTED_EDGE('',*,*,#4024,.T.);
#2068=ORIENTED_EDGE('',*,*,#4025,.F.);
#2069=ORIENTED_EDGE('',*,*,#4026,.F.);
#2070=ORIENTED_EDGE('',*,*,#4027,.T.);
#2071=ORIENTED_EDGE('',*,*,#4028,.F.);
#2072=ORIENTED_EDGE('',*,*,#4029,.F.);
#2073=ORIENTED_EDGE('',*,*,#4030,.F.);
#2074=ORIENTED_EDGE('',*,*,#4011,.T.);
#2075=ORIENTED_EDGE('',*,*,#4031,.F.);
#2076=ORIENTED_EDGE('',*,*,#4032,.F.);
#2077=ORIENTED_EDGE('',*,*,#4033,.F.);
#2078=ORIENTED_EDGE('',*,*,#4034,.T.);
#2079=ORIENTED_EDGE('',*,*,#4035,.F.);
#2080=ORIENTED_EDGE('',*,*,#4036,.F.);
#2081=ORIENTED_EDGE('',*,*,#4037,.T.);
#2082=ORIENTED_EDGE('',*,*,#4038,.F.);
#2083=ORIENTED_EDGE('',*,*,#4039,.T.);
#2084=ORIENTED_EDGE('',*,*,#4040,.F.);
#2085=ORIENTED_EDGE('',*,*,#4041,.F.);
#2086=ORIENTED_EDGE('',*,*,#4042,.T.);
#2087=ORIENTED_EDGE('',*,*,#4043,.F.);
#2088=ORIENTED_EDGE('',*,*,#4044,.T.);
#2089=ORIENTED_EDGE('',*,*,#4045,.F.);
#2090=ORIENTED_EDGE('',*,*,#4046,.F.);
#2091=ORIENTED_EDGE('',*,*,#4047,.T.);
#2092=ORIENTED_EDGE('',*,*,#4048,.F.);
#2093=ORIENTED_EDGE('',*,*,#4049,.T.);
#2094=ORIENTED_EDGE('',*,*,#4050,.F.);
#2095=ORIENTED_EDGE('',*,*,#4051,.F.);
#2096=ORIENTED_EDGE('',*,*,#4052,.T.);
#2097=ORIENTED_EDGE('',*,*,#4053,.F.);
#2098=ORIENTED_EDGE('',*,*,#4054,.F.);
#2099=ORIENTED_EDGE('',*,*,#4055,.F.);
#2100=ORIENTED_EDGE('',*,*,#4056,.F.);
#2101=ORIENTED_EDGE('',*,*,#4028,.T.);
#2102=ORIENTED_EDGE('',*,*,#4057,.F.);
#2103=ORIENTED_EDGE('',*,*,#3906,.F.);
#2104=ORIENTED_EDGE('',*,*,#4058,.T.);
#2105=ORIENTED_EDGE('',*,*,#4059,.F.);
#2106=ORIENTED_EDGE('',*,*,#4060,.T.);
#2107=ORIENTED_EDGE('',*,*,#3930,.T.);
#2108=ORIENTED_EDGE('',*,*,#4061,.T.);
#2109=ORIENTED_EDGE('',*,*,#4062,.F.);
#2110=ORIENTED_EDGE('',*,*,#4063,.T.);
#2111=ORIENTED_EDGE('',*,*,#4059,.T.);
#2112=ORIENTED_EDGE('',*,*,#4064,.T.);
#2113=ORIENTED_EDGE('',*,*,#4065,.T.);
#2114=ORIENTED_EDGE('',*,*,#4066,.F.);
#2115=ORIENTED_EDGE('',*,*,#4066,.T.);
#2116=ORIENTED_EDGE('',*,*,#4067,.T.);
#2117=ORIENTED_EDGE('',*,*,#4001,.F.);
#2118=ORIENTED_EDGE('',*,*,#4068,.F.);
#2119=ORIENTED_EDGE('',*,*,#3919,.T.);
#2120=ORIENTED_EDGE('',*,*,#4069,.T.);
#2121=ORIENTED_EDGE('',*,*,#4006,.F.);
#2122=ORIENTED_EDGE('',*,*,#4070,.F.);
#2123=ORIENTED_EDGE('',*,*,#3932,.T.);
#2124=ORIENTED_EDGE('',*,*,#4071,.T.);
#2125=ORIENTED_EDGE('',*,*,#4062,.T.);
#2126=ORIENTED_EDGE('',*,*,#4070,.T.);
#2127=ORIENTED_EDGE('',*,*,#4005,.T.);
#2128=ORIENTED_EDGE('',*,*,#3984,.T.);
#2129=ORIENTED_EDGE('',*,*,#3990,.T.);
#2130=ORIENTED_EDGE('',*,*,#3994,.T.);
#2131=ORIENTED_EDGE('',*,*,#3911,.T.);
#2132=ORIENTED_EDGE('',*,*,#3966,.T.);
#2133=ORIENTED_EDGE('',*,*,#4065,.F.);
#2134=ORIENTED_EDGE('',*,*,#4072,.T.);
#2135=ORIENTED_EDGE('',*,*,#3942,.F.);
#2136=ORIENTED_EDGE('',*,*,#3959,.F.);
#2137=ORIENTED_EDGE('',*,*,#3927,.F.);
#2138=ORIENTED_EDGE('',*,*,#3977,.F.);
#2139=ORIENTED_EDGE('',*,*,#4016,.F.);
#2140=ORIENTED_EDGE('',*,*,#4010,.F.);
#2141=ORIENTED_EDGE('',*,*,#4002,.F.);
#2142=ORIENTED_EDGE('',*,*,#4067,.F.);
#2143=ORIENTED_EDGE('',*,*,#4000,.T.);
#2144=ORIENTED_EDGE('',*,*,#4073,.F.);
#2145=ORIENTED_EDGE('',*,*,#3920,.T.);
#2146=ORIENTED_EDGE('',*,*,#4068,.T.);
#2147=ORIENTED_EDGE('',*,*,#4074,.T.);
#2148=ORIENTED_EDGE('',*,*,#4003,.T.);
#2149=ORIENTED_EDGE('',*,*,#4069,.F.);
#2150=ORIENTED_EDGE('',*,*,#3918,.T.);
#2151=ORIENTED_EDGE('',*,*,#4073,.T.);
#2152=ORIENTED_EDGE('',*,*,#4075,.T.);
#2153=ORIENTED_EDGE('',*,*,#3973,.F.);
#2154=ORIENTED_EDGE('',*,*,#3921,.T.);
#2155=ORIENTED_EDGE('',*,*,#3997,.T.);
#2156=ORIENTED_EDGE('',*,*,#4076,.T.);
#2157=ORIENTED_EDGE('',*,*,#4074,.F.);
#2158=ORIENTED_EDGE('',*,*,#3917,.T.);
#2159=ORIENTED_EDGE('',*,*,#4058,.F.);
#2160=ORIENTED_EDGE('',*,*,#3905,.T.);
#2161=ORIENTED_EDGE('',*,*,#4077,.T.);
#2162=ORIENTED_EDGE('',*,*,#4029,.T.);
#2163=ORIENTED_EDGE('',*,*,#4077,.F.);
#2164=ORIENTED_EDGE('',*,*,#3904,.T.);
#2165=ORIENTED_EDGE('',*,*,#4012,.T.);
#2166=ORIENTED_EDGE('',*,*,#4030,.T.);
#2167=ORIENTED_EDGE('',*,*,#4013,.F.);
#2168=ORIENTED_EDGE('',*,*,#3902,.T.);
#2169=ORIENTED_EDGE('',*,*,#4078,.T.);
#2170=ORIENTED_EDGE('',*,*,#4031,.T.);
#2171=ORIENTED_EDGE('',*,*,#4078,.F.);
#2172=ORIENTED_EDGE('',*,*,#3901,.T.);
#2173=ORIENTED_EDGE('',*,*,#4079,.T.);
#2174=ORIENTED_EDGE('',*,*,#4032,.T.);
#2175=ORIENTED_EDGE('',*,*,#3982,.T.);
#2176=ORIENTED_EDGE('',*,*,#4080,.T.);
#2177=ORIENTED_EDGE('',*,*,#3995,.T.);
#2178=ORIENTED_EDGE('',*,*,#3988,.T.);
#2179=ORIENTED_EDGE('',*,*,#3945,.F.);
#2180=ORIENTED_EDGE('',*,*,#3987,.T.);
#2181=ORIENTED_EDGE('',*,*,#4081,.F.);
#2182=ORIENTED_EDGE('',*,*,#4082,.T.);
#2183=ORIENTED_EDGE('',*,*,#3963,.T.);
#2184=ORIENTED_EDGE('',*,*,#3936,.F.);
#2185=ORIENTED_EDGE('',*,*,#4083,.F.);
#2186=ORIENTED_EDGE('',*,*,#4084,.T.);
#2187=ORIENTED_EDGE('',*,*,#3991,.T.);
#2188=ORIENTED_EDGE('',*,*,#3915,.F.);
#2189=ORIENTED_EDGE('',*,*,#4084,.F.);
#2190=ORIENTED_EDGE('',*,*,#4085,.T.);
#2191=ORIENTED_EDGE('',*,*,#4086,.T.);
#2192=ORIENTED_EDGE('',*,*,#3992,.T.);
#2193=ORIENTED_EDGE('',*,*,#4086,.F.);
#2194=ORIENTED_EDGE('',*,*,#4087,.F.);
#2195=ORIENTED_EDGE('',*,*,#3934,.T.);
#2196=ORIENTED_EDGE('',*,*,#3965,.T.);
#2197=ORIENTED_EDGE('',*,*,#4088,.F.);
#2198=ORIENTED_EDGE('',*,*,#4089,.F.);
#2199=ORIENTED_EDGE('',*,*,#3913,.T.);
#2200=ORIENTED_EDGE('',*,*,#3993,.T.);
#2201=ORIENTED_EDGE('',*,*,#4090,.F.);
#2202=ORIENTED_EDGE('',*,*,#4081,.T.);
#2203=ORIENTED_EDGE('',*,*,#3914,.T.);
#2204=ORIENTED_EDGE('',*,*,#4089,.T.);
#2205=ORIENTED_EDGE('',*,*,#4083,.T.);
#2206=ORIENTED_EDGE('',*,*,#3935,.T.);
#2207=ORIENTED_EDGE('',*,*,#4087,.T.);
#2208=ORIENTED_EDGE('',*,*,#4085,.F.);
#2209=ORIENTED_EDGE('',*,*,#4090,.T.);
#2210=ORIENTED_EDGE('',*,*,#4088,.T.);
#2211=ORIENTED_EDGE('',*,*,#3964,.T.);
#2212=ORIENTED_EDGE('',*,*,#4082,.F.);
#2213=ORIENTED_EDGE('',*,*,#3975,.F.);
#2214=ORIENTED_EDGE('',*,*,#4091,.T.);
#2215=ORIENTED_EDGE('',*,*,#4008,.F.);
#2216=ORIENTED_EDGE('',*,*,#4015,.F.);
#2217=ORIENTED_EDGE('',*,*,#3944,.T.);
#2218=ORIENTED_EDGE('',*,*,#4014,.F.);
#2219=ORIENTED_EDGE('',*,*,#4092,.T.);
#2220=ORIENTED_EDGE('',*,*,#4093,.T.);
#2221=ORIENTED_EDGE('',*,*,#3970,.F.);
#2222=ORIENTED_EDGE('',*,*,#3925,.F.);
#2223=ORIENTED_EDGE('',*,*,#3969,.T.);
#2224=ORIENTED_EDGE('',*,*,#4094,.T.);
#2225=ORIENTED_EDGE('',*,*,#3960,.F.);
#2226=ORIENTED_EDGE('',*,*,#3940,.F.);
#2227=ORIENTED_EDGE('',*,*,#4095,.F.);
#2228=ORIENTED_EDGE('',*,*,#4096,.T.);
#2229=ORIENTED_EDGE('',*,*,#3971,.F.);
#2230=ORIENTED_EDGE('',*,*,#4093,.F.);
#2231=ORIENTED_EDGE('',*,*,#4096,.F.);
#2232=ORIENTED_EDGE('',*,*,#4097,.T.);
#2233=ORIENTED_EDGE('',*,*,#3938,.T.);
#2234=ORIENTED_EDGE('',*,*,#3962,.F.);
#2235=ORIENTED_EDGE('',*,*,#4098,.F.);
#2236=ORIENTED_EDGE('',*,*,#3967,.T.);
#2237=ORIENTED_EDGE('',*,*,#3923,.T.);
#2238=ORIENTED_EDGE('',*,*,#3972,.F.);
#2239=ORIENTED_EDGE('',*,*,#4098,.T.);
#2240=ORIENTED_EDGE('',*,*,#3961,.F.);
#2241=ORIENTED_EDGE('',*,*,#4094,.F.);
#2242=ORIENTED_EDGE('',*,*,#3968,.F.);
#2243=ORIENTED_EDGE('',*,*,#4095,.T.);
#2244=ORIENTED_EDGE('',*,*,#4092,.F.);
#2245=ORIENTED_EDGE('',*,*,#3939,.F.);
#2246=ORIENTED_EDGE('',*,*,#4097,.F.);
#2247=ORIENTED_EDGE('',*,*,#4099,.F.);
#2248=ORIENTED_EDGE('',*,*,#4100,.T.);
#2249=ORIENTED_EDGE('',*,*,#3954,.T.);
#2250=ORIENTED_EDGE('',*,*,#3909,.F.);
#2251=ORIENTED_EDGE('',*,*,#3956,.T.);
#2252=ORIENTED_EDGE('',*,*,#4101,.T.);
#2253=ORIENTED_EDGE('',*,*,#4102,.F.);
#2254=ORIENTED_EDGE('',*,*,#4103,.T.);
#2255=ORIENTED_EDGE('',*,*,#3958,.T.);
#2256=ORIENTED_EDGE('',*,*,#4104,.T.);
#2257=ORIENTED_EDGE('',*,*,#4105,.F.);
#2258=ORIENTED_EDGE('',*,*,#3929,.T.);
#2259=ORIENTED_EDGE('',*,*,#3868,.T.);
#2260=ORIENTED_EDGE('',*,*,#4106,.F.);
#2261=ORIENTED_EDGE('',*,*,#4107,.F.);
#2262=ORIENTED_EDGE('',*,*,#4108,.F.);
#2263=ORIENTED_EDGE('',*,*,#3898,.T.);
#2264=ORIENTED_EDGE('',*,*,#4105,.T.);
#2265=ORIENTED_EDGE('',*,*,#4109,.T.);
#2266=ORIENTED_EDGE('',*,*,#4102,.T.);
#2267=ORIENTED_EDGE('',*,*,#4110,.T.);
#2268=ORIENTED_EDGE('',*,*,#4099,.T.);
#2269=ORIENTED_EDGE('',*,*,#3908,.T.);
#2270=ORIENTED_EDGE('',*,*,#4111,.F.);
#2271=ORIENTED_EDGE('',*,*,#4112,.F.);
#2272=ORIENTED_EDGE('',*,*,#4113,.F.);
#2273=ORIENTED_EDGE('',*,*,#3870,.T.);
#2274=ORIENTED_EDGE('',*,*,#4114,.F.);
#2275=ORIENTED_EDGE('',*,*,#4115,.F.);
#2276=ORIENTED_EDGE('',*,*,#4116,.F.);
#2277=ORIENTED_EDGE('',*,*,#3874,.T.);
#2278=ORIENTED_EDGE('',*,*,#4117,.F.);
#2279=ORIENTED_EDGE('',*,*,#4118,.F.);
#2280=ORIENTED_EDGE('',*,*,#4119,.F.);
#2281=ORIENTED_EDGE('',*,*,#3878,.T.);
#2282=ORIENTED_EDGE('',*,*,#4120,.F.);
#2283=ORIENTED_EDGE('',*,*,#4121,.F.);
#2284=ORIENTED_EDGE('',*,*,#4122,.F.);
#2285=ORIENTED_EDGE('',*,*,#3882,.T.);
#2286=ORIENTED_EDGE('',*,*,#4123,.F.);
#2287=ORIENTED_EDGE('',*,*,#4124,.F.);
#2288=ORIENTED_EDGE('',*,*,#4125,.F.);
#2289=ORIENTED_EDGE('',*,*,#3886,.T.);
#2290=ORIENTED_EDGE('',*,*,#4126,.F.);
#2291=ORIENTED_EDGE('',*,*,#4127,.F.);
#2292=ORIENTED_EDGE('',*,*,#4128,.F.);
#2293=ORIENTED_EDGE('',*,*,#3890,.T.);
#2294=ORIENTED_EDGE('',*,*,#4129,.F.);
#2295=ORIENTED_EDGE('',*,*,#4130,.F.);
#2296=ORIENTED_EDGE('',*,*,#4131,.F.);
#2297=ORIENTED_EDGE('',*,*,#3894,.T.);
#2298=ORIENTED_EDGE('',*,*,#4132,.F.);
#2299=ORIENTED_EDGE('',*,*,#4133,.F.);
#2300=ORIENTED_EDGE('',*,*,#4134,.F.);
#2301=ORIENTED_EDGE('',*,*,#3978,.T.);
#2302=ORIENTED_EDGE('',*,*,#4135,.F.);
#2303=ORIENTED_EDGE('',*,*,#4136,.F.);
#2304=ORIENTED_EDGE('',*,*,#4137,.F.);
#2305=ORIENTED_EDGE('',*,*,#3931,.F.);
#2306=ORIENTED_EDGE('',*,*,#4060,.F.);
#2307=ORIENTED_EDGE('',*,*,#4063,.F.);
#2308=ORIENTED_EDGE('',*,*,#4071,.F.);
#2309=ORIENTED_EDGE('',*,*,#3943,.F.);
#2310=ORIENTED_EDGE('',*,*,#4072,.F.);
#2311=ORIENTED_EDGE('',*,*,#4064,.F.);
#2312=ORIENTED_EDGE('',*,*,#4061,.F.);
#2313=ORIENTED_EDGE('',*,*,#4110,.F.);
#2314=ORIENTED_EDGE('',*,*,#4101,.F.);
#2315=ORIENTED_EDGE('',*,*,#3955,.F.);
#2316=ORIENTED_EDGE('',*,*,#4100,.F.);
#2317=ORIENTED_EDGE('',*,*,#4109,.F.);
#2318=ORIENTED_EDGE('',*,*,#4104,.F.);
#2319=ORIENTED_EDGE('',*,*,#3957,.F.);
#2320=ORIENTED_EDGE('',*,*,#4103,.F.);
#2321=ORIENTED_EDGE('',*,*,#4075,.F.);
#2322=ORIENTED_EDGE('',*,*,#3999,.F.);
#2323=ORIENTED_EDGE('',*,*,#4009,.F.);
#2324=ORIENTED_EDGE('',*,*,#4091,.F.);
#2325=ORIENTED_EDGE('',*,*,#3974,.F.);
#2326=ORIENTED_EDGE('',*,*,#3996,.F.);
#2327=ORIENTED_EDGE('',*,*,#4080,.F.);
#2328=ORIENTED_EDGE('',*,*,#3986,.F.);
#2329=ORIENTED_EDGE('',*,*,#4004,.F.);
#2330=ORIENTED_EDGE('',*,*,#4076,.F.);
#2331=ORIENTED_EDGE('',*,*,#3946,.T.);
#2332=ORIENTED_EDGE('',*,*,#4138,.F.);
#2333=ORIENTED_EDGE('',*,*,#4139,.F.);
#2334=ORIENTED_EDGE('',*,*,#4140,.T.);
#2335=ORIENTED_EDGE('',*,*,#3953,.T.);
#2336=ORIENTED_EDGE('',*,*,#4141,.F.);
#2337=ORIENTED_EDGE('',*,*,#4142,.F.);
#2338=ORIENTED_EDGE('',*,*,#4138,.T.);
#2339=ORIENTED_EDGE('',*,*,#3952,.T.);
#2340=ORIENTED_EDGE('',*,*,#4143,.F.);
#2341=ORIENTED_EDGE('',*,*,#4144,.F.);
#2342=ORIENTED_EDGE('',*,*,#4141,.T.);
#2343=ORIENTED_EDGE('',*,*,#3951,.T.);
#2344=ORIENTED_EDGE('',*,*,#4145,.F.);
#2345=ORIENTED_EDGE('',*,*,#4146,.F.);
#2346=ORIENTED_EDGE('',*,*,#4143,.T.);
#2347=ORIENTED_EDGE('',*,*,#3950,.T.);
#2348=ORIENTED_EDGE('',*,*,#4147,.F.);
#2349=ORIENTED_EDGE('',*,*,#4148,.F.);
#2350=ORIENTED_EDGE('',*,*,#4145,.T.);
#2351=ORIENTED_EDGE('',*,*,#3949,.T.);
#2352=ORIENTED_EDGE('',*,*,#4149,.F.);
#2353=ORIENTED_EDGE('',*,*,#4150,.F.);
#2354=ORIENTED_EDGE('',*,*,#4147,.T.);
#2355=ORIENTED_EDGE('',*,*,#3948,.T.);
#2356=ORIENTED_EDGE('',*,*,#4151,.F.);
#2357=ORIENTED_EDGE('',*,*,#4152,.F.);
#2358=ORIENTED_EDGE('',*,*,#4149,.T.);
#2359=ORIENTED_EDGE('',*,*,#3947,.T.);
#2360=ORIENTED_EDGE('',*,*,#4140,.F.);
#2361=ORIENTED_EDGE('',*,*,#4153,.F.);
#2362=ORIENTED_EDGE('',*,*,#4151,.T.);
#2363=ORIENTED_EDGE('',*,*,#4139,.T.);
#2364=ORIENTED_EDGE('',*,*,#4142,.T.);
#2365=ORIENTED_EDGE('',*,*,#4144,.T.);
#2366=ORIENTED_EDGE('',*,*,#4146,.T.);
#2367=ORIENTED_EDGE('',*,*,#4148,.T.);
#2368=ORIENTED_EDGE('',*,*,#4150,.T.);
#2369=ORIENTED_EDGE('',*,*,#4152,.T.);
#2370=ORIENTED_EDGE('',*,*,#4153,.T.);
#2371=ORIENTED_EDGE('',*,*,#3865,.F.);
#2372=ORIENTED_EDGE('',*,*,#3859,.F.);
#2373=ORIENTED_EDGE('',*,*,#3861,.F.);
#2374=ORIENTED_EDGE('',*,*,#3863,.F.);
#2375=ORIENTED_EDGE('',*,*,#3837,.F.);
#2376=ORIENTED_EDGE('',*,*,#3839,.F.);
#2377=ORIENTED_EDGE('',*,*,#3841,.F.);
#2378=ORIENTED_EDGE('',*,*,#3843,.F.);
#2379=ORIENTED_EDGE('',*,*,#3845,.F.);
#2380=ORIENTED_EDGE('',*,*,#3847,.F.);
#2381=ORIENTED_EDGE('',*,*,#3849,.F.);
#2382=ORIENTED_EDGE('',*,*,#3851,.F.);
#2383=ORIENTED_EDGE('',*,*,#3853,.F.);
#2384=ORIENTED_EDGE('',*,*,#3855,.F.);
#2385=ORIENTED_EDGE('',*,*,#3857,.F.);
#2386=ORIENTED_EDGE('',*,*,#4154,.F.);
#2387=ORIENTED_EDGE('',*,*,#3836,.T.);
#2388=ORIENTED_EDGE('',*,*,#4155,.F.);
#2389=ORIENTED_EDGE('',*,*,#3864,.T.);
#2390=ORIENTED_EDGE('',*,*,#4156,.F.);
#2391=ORIENTED_EDGE('',*,*,#3850,.T.);
#2392=ORIENTED_EDGE('',*,*,#4157,.F.);
#2393=ORIENTED_EDGE('',*,*,#3844,.T.);
#2394=ORIENTED_EDGE('',*,*,#4158,.F.);
#2395=ORIENTED_EDGE('',*,*,#3858,.T.);
#2396=ORIENTED_EDGE('',*,*,#4159,.F.);
#2397=ORIENTED_EDGE('',*,*,#3846,.T.);
#2398=ORIENTED_EDGE('',*,*,#4160,.F.);
#2399=ORIENTED_EDGE('',*,*,#3848,.T.);
#2400=ORIENTED_EDGE('',*,*,#4161,.F.);
#2401=ORIENTED_EDGE('',*,*,#3840,.T.);
#2402=ORIENTED_EDGE('',*,*,#4162,.F.);
#2403=ORIENTED_EDGE('',*,*,#3862,.T.);
#2404=ORIENTED_EDGE('',*,*,#4163,.F.);
#2405=ORIENTED_EDGE('',*,*,#3856,.T.);
#2406=ORIENTED_EDGE('',*,*,#4164,.F.);
#2407=ORIENTED_EDGE('',*,*,#3838,.T.);
#2408=ORIENTED_EDGE('',*,*,#4165,.F.);
#2409=ORIENTED_EDGE('',*,*,#3852,.T.);
#2410=ORIENTED_EDGE('',*,*,#4166,.F.);
#2411=ORIENTED_EDGE('',*,*,#3842,.T.);
#2412=ORIENTED_EDGE('',*,*,#4167,.F.);
#2413=ORIENTED_EDGE('',*,*,#3860,.T.);
#2414=ORIENTED_EDGE('',*,*,#4168,.F.);
#2415=ORIENTED_EDGE('',*,*,#3854,.T.);
#2416=ORIENTED_EDGE('',*,*,#4169,.T.);
#2417=ORIENTED_EDGE('',*,*,#4040,.T.);
#2418=ORIENTED_EDGE('',*,*,#4170,.T.);
#2419=ORIENTED_EDGE('',*,*,#4171,.F.);
#2420=ORIENTED_EDGE('',*,*,#4172,.F.);
#2421=ORIENTED_EDGE('',*,*,#4041,.T.);
#2422=ORIENTED_EDGE('',*,*,#4168,.T.);
#2423=ORIENTED_EDGE('',*,*,#4169,.F.);
#2424=ORIENTED_EDGE('',*,*,#4173,.T.);
#2425=ORIENTED_EDGE('',*,*,#4018,.T.);
#2426=ORIENTED_EDGE('',*,*,#4167,.T.);
#2427=ORIENTED_EDGE('',*,*,#4173,.F.);
#2428=ORIENTED_EDGE('',*,*,#4174,.T.);
#2429=ORIENTED_EDGE('',*,*,#4054,.T.);
#2430=ORIENTED_EDGE('',*,*,#4166,.T.);
#2431=ORIENTED_EDGE('',*,*,#4174,.F.);
#2432=ORIENTED_EDGE('',*,*,#4175,.T.);
#2433=ORIENTED_EDGE('',*,*,#4045,.T.);
#2434=ORIENTED_EDGE('',*,*,#4176,.T.);
#2435=ORIENTED_EDGE('',*,*,#4177,.F.);
#2436=ORIENTED_EDGE('',*,*,#4178,.F.);
#2437=ORIENTED_EDGE('',*,*,#4046,.T.);
#2438=ORIENTED_EDGE('',*,*,#4165,.T.);
#2439=ORIENTED_EDGE('',*,*,#4175,.F.);
#2440=ORIENTED_EDGE('',*,*,#4179,.T.);
#2441=ORIENTED_EDGE('',*,*,#4021,.T.);
#2442=ORIENTED_EDGE('',*,*,#4164,.T.);
#2443=ORIENTED_EDGE('',*,*,#4179,.F.);
#2444=ORIENTED_EDGE('',*,*,#4180,.T.);
#2445=ORIENTED_EDGE('',*,*,#4035,.T.);
#2446=ORIENTED_EDGE('',*,*,#4181,.T.);
#2447=ORIENTED_EDGE('',*,*,#4182,.F.);
#2448=ORIENTED_EDGE('',*,*,#4183,.F.);
#2449=ORIENTED_EDGE('',*,*,#4036,.T.);
#2450=ORIENTED_EDGE('',*,*,#4163,.T.);
#2451=ORIENTED_EDGE('',*,*,#4180,.F.);
#2452=ORIENTED_EDGE('',*,*,#4184,.T.);
#2453=ORIENTED_EDGE('',*,*,#4019,.T.);
#2454=ORIENTED_EDGE('',*,*,#4162,.T.);
#2455=ORIENTED_EDGE('',*,*,#4184,.F.);
#2456=ORIENTED_EDGE('',*,*,#4185,.T.);
#2457=ORIENTED_EDGE('',*,*,#4022,.T.);
#2458=ORIENTED_EDGE('',*,*,#4161,.T.);
#2459=ORIENTED_EDGE('',*,*,#4185,.F.);
#2460=ORIENTED_EDGE('',*,*,#4186,.T.);
#2461=ORIENTED_EDGE('',*,*,#4025,.T.);
#2462=ORIENTED_EDGE('',*,*,#4187,.T.);
#2463=ORIENTED_EDGE('',*,*,#4188,.F.);
#2464=ORIENTED_EDGE('',*,*,#4189,.F.);
#2465=ORIENTED_EDGE('',*,*,#4026,.T.);
#2466=ORIENTED_EDGE('',*,*,#4160,.T.);
#2467=ORIENTED_EDGE('',*,*,#4186,.F.);
#2468=ORIENTED_EDGE('',*,*,#4190,.T.);
#2469=ORIENTED_EDGE('',*,*,#4053,.T.);
#2470=ORIENTED_EDGE('',*,*,#4159,.T.);
#2471=ORIENTED_EDGE('',*,*,#4190,.F.);
#2472=ORIENTED_EDGE('',*,*,#4191,.T.);
#2473=ORIENTED_EDGE('',*,*,#4017,.T.);
#2474=ORIENTED_EDGE('',*,*,#4158,.T.);
#2475=ORIENTED_EDGE('',*,*,#4191,.F.);
#2476=ORIENTED_EDGE('',*,*,#4192,.T.);
#2477=ORIENTED_EDGE('',*,*,#4055,.T.);
#2478=ORIENTED_EDGE('',*,*,#4157,.T.);
#2479=ORIENTED_EDGE('',*,*,#4192,.F.);
#2480=ORIENTED_EDGE('',*,*,#4193,.T.);
#2481=ORIENTED_EDGE('',*,*,#4050,.T.);
#2482=ORIENTED_EDGE('',*,*,#4194,.T.);
#2483=ORIENTED_EDGE('',*,*,#4195,.F.);
#2484=ORIENTED_EDGE('',*,*,#4196,.F.);
#2485=ORIENTED_EDGE('',*,*,#4051,.T.);
#2486=ORIENTED_EDGE('',*,*,#4156,.T.);
#2487=ORIENTED_EDGE('',*,*,#4193,.F.);
#2488=ORIENTED_EDGE('',*,*,#4197,.T.);
#2489=ORIENTED_EDGE('',*,*,#4056,.T.);
#2490=ORIENTED_EDGE('',*,*,#4155,.T.);
#2491=ORIENTED_EDGE('',*,*,#4197,.F.);
#2492=ORIENTED_EDGE('',*,*,#4198,.T.);
#2493=ORIENTED_EDGE('',*,*,#4020,.T.);
#2494=ORIENTED_EDGE('',*,*,#4154,.T.);
#2495=ORIENTED_EDGE('',*,*,#4198,.F.);
#2496=ORIENTED_EDGE('',*,*,#4037,.F.);
#2497=ORIENTED_EDGE('',*,*,#4183,.T.);
#2498=ORIENTED_EDGE('',*,*,#4199,.T.);
#2499=ORIENTED_EDGE('',*,*,#4135,.T.);
#2500=ORIENTED_EDGE('',*,*,#3981,.F.);
#2501=ORIENTED_EDGE('',*,*,#4200,.T.);
#2502=ORIENTED_EDGE('',*,*,#4182,.T.);
#2503=ORIENTED_EDGE('',*,*,#4201,.T.);
#2504=ORIENTED_EDGE('',*,*,#4136,.T.);
#2505=ORIENTED_EDGE('',*,*,#4199,.F.);
#2506=ORIENTED_EDGE('',*,*,#4202,.T.);
#2507=ORIENTED_EDGE('',*,*,#3869,.T.);
#2508=ORIENTED_EDGE('',*,*,#4137,.T.);
#2509=ORIENTED_EDGE('',*,*,#4201,.F.);
#2510=ORIENTED_EDGE('',*,*,#4181,.F.);
#2511=ORIENTED_EDGE('',*,*,#4034,.F.);
#2512=ORIENTED_EDGE('',*,*,#4203,.T.);
#2513=ORIENTED_EDGE('',*,*,#4204,.T.);
#2514=ORIENTED_EDGE('',*,*,#4132,.T.);
#2515=ORIENTED_EDGE('',*,*,#3897,.F.);
#2516=ORIENTED_EDGE('',*,*,#4205,.T.);
#2517=ORIENTED_EDGE('',*,*,#4206,.T.);
#2518=ORIENTED_EDGE('',*,*,#4133,.T.);
#2519=ORIENTED_EDGE('',*,*,#4204,.F.);
#2520=ORIENTED_EDGE('',*,*,#4207,.T.);
#2521=ORIENTED_EDGE('',*,*,#3979,.T.);
#2522=ORIENTED_EDGE('',*,*,#4134,.T.);
#2523=ORIENTED_EDGE('',*,*,#4206,.F.);
#2524=ORIENTED_EDGE('',*,*,#4208,.T.);
#2525=ORIENTED_EDGE('',*,*,#3895,.T.);
#2526=ORIENTED_EDGE('',*,*,#4131,.T.);
#2527=ORIENTED_EDGE('',*,*,#4209,.F.);
#2528=ORIENTED_EDGE('',*,*,#4170,.F.);
#2529=ORIENTED_EDGE('',*,*,#4039,.F.);
#2530=ORIENTED_EDGE('',*,*,#4042,.F.);
#2531=ORIENTED_EDGE('',*,*,#4172,.T.);
#2532=ORIENTED_EDGE('',*,*,#4210,.T.);
#2533=ORIENTED_EDGE('',*,*,#4129,.T.);
#2534=ORIENTED_EDGE('',*,*,#3893,.F.);
#2535=ORIENTED_EDGE('',*,*,#4211,.T.);
#2536=ORIENTED_EDGE('',*,*,#4171,.T.);
#2537=ORIENTED_EDGE('',*,*,#4209,.T.);
#2538=ORIENTED_EDGE('',*,*,#4130,.T.);
#2539=ORIENTED_EDGE('',*,*,#4210,.F.);
#2540=ORIENTED_EDGE('',*,*,#4212,.T.);
#2541=ORIENTED_EDGE('',*,*,#3891,.T.);
#2542=ORIENTED_EDGE('',*,*,#4128,.T.);
#2543=ORIENTED_EDGE('',*,*,#4213,.F.);
#2544=ORIENTED_EDGE('',*,*,#4214,.T.);
#2545=ORIENTED_EDGE('',*,*,#4215,.T.);
#2546=ORIENTED_EDGE('',*,*,#4126,.T.);
#2547=ORIENTED_EDGE('',*,*,#3889,.F.);
#2548=ORIENTED_EDGE('',*,*,#4216,.T.);
#2549=ORIENTED_EDGE('',*,*,#4213,.T.);
#2550=ORIENTED_EDGE('',*,*,#4127,.T.);
#2551=ORIENTED_EDGE('',*,*,#4215,.F.);
#2552=ORIENTED_EDGE('',*,*,#4217,.T.);
#2553=ORIENTED_EDGE('',*,*,#3887,.T.);
#2554=ORIENTED_EDGE('',*,*,#4125,.T.);
#2555=ORIENTED_EDGE('',*,*,#4218,.F.);
#2556=ORIENTED_EDGE('',*,*,#4176,.F.);
#2557=ORIENTED_EDGE('',*,*,#4044,.F.);
#2558=ORIENTED_EDGE('',*,*,#4047,.F.);
#2559=ORIENTED_EDGE('',*,*,#4178,.T.);
#2560=ORIENTED_EDGE('',*,*,#4219,.T.);
#2561=ORIENTED_EDGE('',*,*,#4123,.T.);
#2562=ORIENTED_EDGE('',*,*,#3885,.F.);
#2563=ORIENTED_EDGE('',*,*,#4220,.T.);
#2564=ORIENTED_EDGE('',*,*,#4177,.T.);
#2565=ORIENTED_EDGE('',*,*,#4218,.T.);
#2566=ORIENTED_EDGE('',*,*,#4124,.T.);
#2567=ORIENTED_EDGE('',*,*,#4219,.F.);
#2568=ORIENTED_EDGE('',*,*,#4221,.T.);
#2569=ORIENTED_EDGE('',*,*,#3883,.T.);
#2570=ORIENTED_EDGE('',*,*,#4122,.T.);
#2571=ORIENTED_EDGE('',*,*,#4222,.F.);
#2572=ORIENTED_EDGE('',*,*,#4223,.T.);
#2573=ORIENTED_EDGE('',*,*,#4224,.T.);
#2574=ORIENTED_EDGE('',*,*,#4120,.T.);
#2575=ORIENTED_EDGE('',*,*,#3881,.F.);
#2576=ORIENTED_EDGE('',*,*,#4225,.T.);
#2577=ORIENTED_EDGE('',*,*,#4222,.T.);
#2578=ORIENTED_EDGE('',*,*,#4121,.T.);
#2579=ORIENTED_EDGE('',*,*,#4224,.F.);
#2580=ORIENTED_EDGE('',*,*,#4226,.T.);
#2581=ORIENTED_EDGE('',*,*,#3879,.T.);
#2582=ORIENTED_EDGE('',*,*,#4119,.T.);
#2583=ORIENTED_EDGE('',*,*,#4227,.F.);
#2584=ORIENTED_EDGE('',*,*,#4194,.F.);
#2585=ORIENTED_EDGE('',*,*,#4049,.F.);
#2586=ORIENTED_EDGE('',*,*,#4052,.F.);
#2587=ORIENTED_EDGE('',*,*,#4196,.T.);
#2588=ORIENTED_EDGE('',*,*,#4228,.T.);
#2589=ORIENTED_EDGE('',*,*,#4117,.T.);
#2590=ORIENTED_EDGE('',*,*,#3877,.F.);
#2591=ORIENTED_EDGE('',*,*,#4229,.T.);
#2592=ORIENTED_EDGE('',*,*,#4195,.T.);
#2593=ORIENTED_EDGE('',*,*,#4227,.T.);
#2594=ORIENTED_EDGE('',*,*,#4118,.T.);
#2595=ORIENTED_EDGE('',*,*,#4228,.F.);
#2596=ORIENTED_EDGE('',*,*,#4230,.T.);
#2597=ORIENTED_EDGE('',*,*,#3875,.T.);
#2598=ORIENTED_EDGE('',*,*,#4116,.T.);
#2599=ORIENTED_EDGE('',*,*,#4231,.F.);
#2600=ORIENTED_EDGE('',*,*,#4232,.T.);
#2601=ORIENTED_EDGE('',*,*,#4233,.T.);
#2602=ORIENTED_EDGE('',*,*,#4114,.T.);
#2603=ORIENTED_EDGE('',*,*,#3873,.F.);
#2604=ORIENTED_EDGE('',*,*,#4234,.T.);
#2605=ORIENTED_EDGE('',*,*,#4231,.T.);
#2606=ORIENTED_EDGE('',*,*,#4115,.T.);
#2607=ORIENTED_EDGE('',*,*,#4233,.F.);
#2608=ORIENTED_EDGE('',*,*,#4235,.T.);
#2609=ORIENTED_EDGE('',*,*,#3871,.T.);
#2610=ORIENTED_EDGE('',*,*,#4113,.T.);
#2611=ORIENTED_EDGE('',*,*,#4236,.F.);
#2612=ORIENTED_EDGE('',*,*,#4187,.F.);
#2613=ORIENTED_EDGE('',*,*,#4024,.F.);
#2614=ORIENTED_EDGE('',*,*,#4027,.F.);
#2615=ORIENTED_EDGE('',*,*,#4189,.T.);
#2616=ORIENTED_EDGE('',*,*,#4237,.T.);
#2617=ORIENTED_EDGE('',*,*,#4111,.T.);
#2618=ORIENTED_EDGE('',*,*,#3907,.F.);
#2619=ORIENTED_EDGE('',*,*,#4057,.T.);
#2620=ORIENTED_EDGE('',*,*,#4188,.T.);
#2621=ORIENTED_EDGE('',*,*,#4236,.T.);
#2622=ORIENTED_EDGE('',*,*,#4112,.T.);
#2623=ORIENTED_EDGE('',*,*,#4237,.F.);
#2624=ORIENTED_EDGE('',*,*,#4238,.T.);
#2625=ORIENTED_EDGE('',*,*,#4239,.T.);
#2626=ORIENTED_EDGE('',*,*,#4106,.T.);
#2627=ORIENTED_EDGE('',*,*,#3867,.F.);
#2628=ORIENTED_EDGE('',*,*,#4240,.T.);
#2629=ORIENTED_EDGE('',*,*,#4241,.T.);
#2630=ORIENTED_EDGE('',*,*,#4107,.T.);
#2631=ORIENTED_EDGE('',*,*,#4239,.F.);
#2632=ORIENTED_EDGE('',*,*,#4242,.T.);
#2633=ORIENTED_EDGE('',*,*,#3899,.T.);
#2634=ORIENTED_EDGE('',*,*,#4108,.T.);
#2635=ORIENTED_EDGE('',*,*,#4241,.F.);
#2636=ORIENTED_EDGE('',*,*,#4202,.F.);
#2637=ORIENTED_EDGE('',*,*,#4033,.T.);
#2638=ORIENTED_EDGE('',*,*,#4079,.F.);
#2639=ORIENTED_EDGE('',*,*,#3900,.F.);
#2640=ORIENTED_EDGE('',*,*,#4242,.F.);
#2641=ORIENTED_EDGE('',*,*,#4240,.F.);
#2642=ORIENTED_EDGE('',*,*,#4238,.F.);
#2643=ORIENTED_EDGE('',*,*,#3866,.F.);
#2644=ORIENTED_EDGE('',*,*,#4208,.F.);
#2645=ORIENTED_EDGE('',*,*,#4038,.T.);
#2646=ORIENTED_EDGE('',*,*,#4200,.F.);
#2647=ORIENTED_EDGE('',*,*,#3980,.F.);
#2648=ORIENTED_EDGE('',*,*,#4207,.F.);
#2649=ORIENTED_EDGE('',*,*,#4205,.F.);
#2650=ORIENTED_EDGE('',*,*,#4203,.F.);
#2651=ORIENTED_EDGE('',*,*,#3896,.F.);
#2652=ORIENTED_EDGE('',*,*,#4217,.F.);
#2653=ORIENTED_EDGE('',*,*,#4043,.T.);
#2654=ORIENTED_EDGE('',*,*,#4211,.F.);
#2655=ORIENTED_EDGE('',*,*,#3892,.F.);
#2656=ORIENTED_EDGE('',*,*,#4212,.F.);
#2657=ORIENTED_EDGE('',*,*,#4216,.F.);
#2658=ORIENTED_EDGE('',*,*,#4214,.F.);
#2659=ORIENTED_EDGE('',*,*,#3888,.F.);
#2660=ORIENTED_EDGE('',*,*,#4226,.F.);
#2661=ORIENTED_EDGE('',*,*,#4048,.T.);
#2662=ORIENTED_EDGE('',*,*,#4220,.F.);
#2663=ORIENTED_EDGE('',*,*,#3884,.F.);
#2664=ORIENTED_EDGE('',*,*,#4221,.F.);
#2665=ORIENTED_EDGE('',*,*,#4225,.F.);
#2666=ORIENTED_EDGE('',*,*,#4223,.F.);
#2667=ORIENTED_EDGE('',*,*,#3880,.F.);
#2668=ORIENTED_EDGE('',*,*,#4235,.F.);
#2669=ORIENTED_EDGE('',*,*,#4023,.T.);
#2670=ORIENTED_EDGE('',*,*,#4229,.F.);
#2671=ORIENTED_EDGE('',*,*,#3876,.F.);
#2672=ORIENTED_EDGE('',*,*,#4230,.F.);
#2673=ORIENTED_EDGE('',*,*,#4234,.F.);
#2674=ORIENTED_EDGE('',*,*,#4232,.F.);
#2675=ORIENTED_EDGE('',*,*,#3872,.F.);
#2676=ORIENTED_EDGE('',*,*,#4243,.T.);
#2677=ORIENTED_EDGE('',*,*,#4244,.T.);
#2678=ORIENTED_EDGE('',*,*,#4245,.F.);
#2679=ORIENTED_EDGE('',*,*,#4246,.F.);
#2680=ORIENTED_EDGE('',*,*,#4247,.F.);
#2681=ORIENTED_EDGE('',*,*,#4248,.F.);
#2682=ORIENTED_EDGE('',*,*,#4249,.F.);
#2683=ORIENTED_EDGE('',*,*,#4250,.F.);
#2684=ORIENTED_EDGE('',*,*,#4251,.F.);
#2685=ORIENTED_EDGE('',*,*,#4252,.F.);
#2686=ORIENTED_EDGE('',*,*,#4253,.T.);
#2687=ORIENTED_EDGE('',*,*,#4254,.T.);
#2688=ORIENTED_EDGE('',*,*,#4255,.T.);
#2689=ORIENTED_EDGE('',*,*,#4256,.T.);
#2690=ORIENTED_EDGE('',*,*,#4257,.T.);
#2691=ORIENTED_EDGE('',*,*,#4258,.T.);
#2692=ORIENTED_EDGE('',*,*,#4259,.T.);
#2693=ORIENTED_EDGE('',*,*,#4260,.T.);
#2694=ORIENTED_EDGE('',*,*,#4261,.T.);
#2695=ORIENTED_EDGE('',*,*,#4262,.T.);
#2696=ORIENTED_EDGE('',*,*,#4263,.T.);
#2697=ORIENTED_EDGE('',*,*,#4264,.T.);
#2698=ORIENTED_EDGE('',*,*,#4265,.T.);
#2699=ORIENTED_EDGE('',*,*,#4266,.T.);
#2700=ORIENTED_EDGE('',*,*,#4267,.T.);
#2701=ORIENTED_EDGE('',*,*,#4268,.T.);
#2702=ORIENTED_EDGE('',*,*,#4269,.T.);
#2703=ORIENTED_EDGE('',*,*,#4270,.T.);
#2704=ORIENTED_EDGE('',*,*,#4271,.T.);
#2705=ORIENTED_EDGE('',*,*,#4272,.T.);
#2706=ORIENTED_EDGE('',*,*,#4273,.T.);
#2707=ORIENTED_EDGE('',*,*,#4274,.T.);
#2708=ORIENTED_EDGE('',*,*,#4275,.T.);
#2709=ORIENTED_EDGE('',*,*,#4276,.T.);
#2710=ORIENTED_EDGE('',*,*,#4277,.T.);
#2711=ORIENTED_EDGE('',*,*,#4278,.T.);
#2712=ORIENTED_EDGE('',*,*,#4245,.T.);
#2713=ORIENTED_EDGE('',*,*,#4279,.F.);
#2714=ORIENTED_EDGE('',*,*,#4271,.F.);
#2715=ORIENTED_EDGE('',*,*,#4280,.T.);
#2716=ORIENTED_EDGE('',*,*,#4252,.T.);
#2717=ORIENTED_EDGE('',*,*,#4281,.F.);
#2718=ORIENTED_EDGE('',*,*,#4272,.F.);
#2719=ORIENTED_EDGE('',*,*,#4279,.T.);
#2720=ORIENTED_EDGE('',*,*,#4251,.T.);
#2721=ORIENTED_EDGE('',*,*,#4282,.F.);
#2722=ORIENTED_EDGE('',*,*,#4273,.F.);
#2723=ORIENTED_EDGE('',*,*,#4281,.T.);
#2724=ORIENTED_EDGE('',*,*,#4250,.T.);
#2725=ORIENTED_EDGE('',*,*,#4283,.F.);
#2726=ORIENTED_EDGE('',*,*,#4274,.F.);
#2727=ORIENTED_EDGE('',*,*,#4282,.T.);
#2728=ORIENTED_EDGE('',*,*,#4249,.T.);
#2729=ORIENTED_EDGE('',*,*,#4284,.F.);
#2730=ORIENTED_EDGE('',*,*,#4275,.F.);
#2731=ORIENTED_EDGE('',*,*,#4283,.T.);
#2732=ORIENTED_EDGE('',*,*,#4248,.T.);
#2733=ORIENTED_EDGE('',*,*,#4285,.F.);
#2734=ORIENTED_EDGE('',*,*,#4276,.F.);
#2735=ORIENTED_EDGE('',*,*,#4284,.T.);
#2736=ORIENTED_EDGE('',*,*,#4247,.T.);
#2737=ORIENTED_EDGE('',*,*,#4286,.F.);
#2738=ORIENTED_EDGE('',*,*,#4277,.F.);
#2739=ORIENTED_EDGE('',*,*,#4285,.T.);
#2740=ORIENTED_EDGE('',*,*,#4246,.T.);
#2741=ORIENTED_EDGE('',*,*,#4280,.F.);
#2742=ORIENTED_EDGE('',*,*,#4278,.F.);
#2743=ORIENTED_EDGE('',*,*,#4286,.T.);
#2744=ORIENTED_EDGE('',*,*,#4287,.T.);
#2745=ORIENTED_EDGE('',*,*,#4288,.T.);
#2746=ORIENTED_EDGE('',*,*,#4289,.T.);
#2747=ORIENTED_EDGE('',*,*,#4290,.T.);
#2748=ORIENTED_EDGE('',*,*,#4254,.F.);
#2749=ORIENTED_EDGE('',*,*,#4291,.F.);
#2750=ORIENTED_EDGE('',*,*,#4292,.T.);
#2751=ORIENTED_EDGE('',*,*,#4293,.T.);
#2752=ORIENTED_EDGE('',*,*,#4255,.F.);
#2753=ORIENTED_EDGE('',*,*,#4293,.F.);
#2754=ORIENTED_EDGE('',*,*,#4294,.T.);
#2755=ORIENTED_EDGE('',*,*,#4295,.T.);
#2756=ORIENTED_EDGE('',*,*,#4256,.F.);
#2757=ORIENTED_EDGE('',*,*,#4295,.F.);
#2758=ORIENTED_EDGE('',*,*,#4296,.T.);
#2759=ORIENTED_EDGE('',*,*,#4297,.T.);
#2760=ORIENTED_EDGE('',*,*,#4257,.F.);
#2761=ORIENTED_EDGE('',*,*,#4297,.F.);
#2762=ORIENTED_EDGE('',*,*,#4298,.T.);
#2763=ORIENTED_EDGE('',*,*,#4299,.T.);
#2764=ORIENTED_EDGE('',*,*,#4258,.F.);
#2765=ORIENTED_EDGE('',*,*,#4299,.F.);
#2766=ORIENTED_EDGE('',*,*,#4300,.T.);
#2767=ORIENTED_EDGE('',*,*,#4301,.T.);
#2768=ORIENTED_EDGE('',*,*,#4259,.F.);
#2769=ORIENTED_EDGE('',*,*,#4301,.F.);
#2770=ORIENTED_EDGE('',*,*,#4302,.T.);
#2771=ORIENTED_EDGE('',*,*,#4303,.T.);
#2772=ORIENTED_EDGE('',*,*,#4260,.F.);
#2773=ORIENTED_EDGE('',*,*,#4303,.F.);
#2774=ORIENTED_EDGE('',*,*,#4304,.T.);
#2775=ORIENTED_EDGE('',*,*,#4305,.T.);
#2776=ORIENTED_EDGE('',*,*,#4253,.F.);
#2777=ORIENTED_EDGE('',*,*,#4305,.F.);
#2778=ORIENTED_EDGE('',*,*,#4306,.T.);
#2779=ORIENTED_EDGE('',*,*,#4291,.T.);
#2780=ORIENTED_EDGE('',*,*,#4307,.T.);
#2781=ORIENTED_EDGE('',*,*,#4308,.T.);
#2782=ORIENTED_EDGE('',*,*,#4309,.T.);
#2783=ORIENTED_EDGE('',*,*,#4310,.T.);
#2784=ORIENTED_EDGE('',*,*,#4311,.T.);
#2785=ORIENTED_EDGE('',*,*,#4312,.T.);
#2786=ORIENTED_EDGE('',*,*,#4313,.T.);
#2787=ORIENTED_EDGE('',*,*,#4314,.T.);
#2788=ORIENTED_EDGE('',*,*,#4294,.F.);
#2789=ORIENTED_EDGE('',*,*,#4292,.F.);
#2790=ORIENTED_EDGE('',*,*,#4306,.F.);
#2791=ORIENTED_EDGE('',*,*,#4304,.F.);
#2792=ORIENTED_EDGE('',*,*,#4302,.F.);
#2793=ORIENTED_EDGE('',*,*,#4300,.F.);
#2794=ORIENTED_EDGE('',*,*,#4298,.F.);
#2795=ORIENTED_EDGE('',*,*,#4296,.F.);
#2796=ORIENTED_EDGE('',*,*,#4315,.F.);
#2797=ORIENTED_EDGE('',*,*,#4316,.T.);
#2798=ORIENTED_EDGE('',*,*,#4317,.T.);
#2799=ORIENTED_EDGE('',*,*,#4318,.T.);
#2800=ORIENTED_EDGE('',*,*,#4319,.F.);
#2801=ORIENTED_EDGE('',*,*,#4320,.T.);
#2802=ORIENTED_EDGE('',*,*,#4315,.T.);
#2803=ORIENTED_EDGE('',*,*,#4321,.T.);
#2804=ORIENTED_EDGE('',*,*,#4322,.F.);
#2805=ORIENTED_EDGE('',*,*,#4323,.T.);
#2806=ORIENTED_EDGE('',*,*,#4319,.T.);
#2807=ORIENTED_EDGE('',*,*,#4324,.T.);
#2808=ORIENTED_EDGE('',*,*,#4325,.F.);
#2809=ORIENTED_EDGE('',*,*,#4326,.T.);
#2810=ORIENTED_EDGE('',*,*,#4322,.T.);
#2811=ORIENTED_EDGE('',*,*,#4327,.T.);
#2812=ORIENTED_EDGE('',*,*,#4328,.F.);
#2813=ORIENTED_EDGE('',*,*,#4329,.T.);
#2814=ORIENTED_EDGE('',*,*,#4325,.T.);
#2815=ORIENTED_EDGE('',*,*,#4330,.T.);
#2816=ORIENTED_EDGE('',*,*,#4331,.F.);
#2817=ORIENTED_EDGE('',*,*,#4332,.T.);
#2818=ORIENTED_EDGE('',*,*,#4328,.T.);
#2819=ORIENTED_EDGE('',*,*,#4333,.T.);
#2820=ORIENTED_EDGE('',*,*,#4334,.F.);
#2821=ORIENTED_EDGE('',*,*,#4335,.T.);
#2822=ORIENTED_EDGE('',*,*,#4331,.T.);
#2823=ORIENTED_EDGE('',*,*,#4336,.T.);
#2824=ORIENTED_EDGE('',*,*,#4317,.F.);
#2825=ORIENTED_EDGE('',*,*,#4337,.T.);
#2826=ORIENTED_EDGE('',*,*,#4334,.T.);
#2827=ORIENTED_EDGE('',*,*,#4338,.T.);
#2828=ORIENTED_EDGE('',*,*,#4339,.T.);
#2829=ORIENTED_EDGE('',*,*,#4290,.F.);
#2830=ORIENTED_EDGE('',*,*,#4340,.T.);
#2831=ORIENTED_EDGE('',*,*,#4339,.F.);
#2832=ORIENTED_EDGE('',*,*,#4341,.T.);
#2833=ORIENTED_EDGE('',*,*,#4288,.F.);
#2834=ORIENTED_EDGE('',*,*,#4342,.T.);
#2835=ORIENTED_EDGE('',*,*,#4341,.F.);
#2836=ORIENTED_EDGE('',*,*,#4343,.F.);
#2837=ORIENTED_EDGE('',*,*,#4268,.F.);
#2838=ORIENTED_EDGE('',*,*,#4344,.F.);
#2839=ORIENTED_EDGE('',*,*,#4333,.F.);
#2840=ORIENTED_EDGE('',*,*,#4344,.T.);
#2841=ORIENTED_EDGE('',*,*,#4267,.F.);
#2842=ORIENTED_EDGE('',*,*,#4345,.F.);
#2843=ORIENTED_EDGE('',*,*,#4336,.F.);
#2844=ORIENTED_EDGE('',*,*,#4343,.T.);
#2845=ORIENTED_EDGE('',*,*,#4330,.F.);
#2846=ORIENTED_EDGE('',*,*,#4346,.F.);
#2847=ORIENTED_EDGE('',*,*,#4269,.F.);
#2848=ORIENTED_EDGE('',*,*,#4345,.T.);
#2849=ORIENTED_EDGE('',*,*,#4266,.F.);
#2850=ORIENTED_EDGE('',*,*,#4347,.F.);
#2851=ORIENTED_EDGE('',*,*,#4338,.F.);
#2852=ORIENTED_EDGE('',*,*,#4346,.T.);
#2853=ORIENTED_EDGE('',*,*,#4327,.F.);
#2854=ORIENTED_EDGE('',*,*,#4348,.F.);
#2855=ORIENTED_EDGE('',*,*,#4270,.F.);
#2856=ORIENTED_EDGE('',*,*,#4347,.T.);
#2857=ORIENTED_EDGE('',*,*,#4265,.F.);
#2858=ORIENTED_EDGE('',*,*,#4349,.F.);
#2859=ORIENTED_EDGE('',*,*,#4318,.F.);
#2860=ORIENTED_EDGE('',*,*,#4348,.T.);
#2861=ORIENTED_EDGE('',*,*,#4324,.F.);
#2862=ORIENTED_EDGE('',*,*,#4350,.F.);
#2863=ORIENTED_EDGE('',*,*,#4263,.F.);
#2864=ORIENTED_EDGE('',*,*,#4349,.T.);
#2865=ORIENTED_EDGE('',*,*,#4264,.F.);
#2866=ORIENTED_EDGE('',*,*,#4350,.T.);
#2867=ORIENTED_EDGE('',*,*,#4321,.F.);
#2868=ORIENTED_EDGE('',*,*,#4261,.F.);
#2869=ORIENTED_EDGE('',*,*,#4289,.F.);
#2870=ORIENTED_EDGE('',*,*,#4262,.F.);
#2871=ORIENTED_EDGE('',*,*,#4287,.F.);
#2872=ORIENTED_EDGE('',*,*,#4351,.F.);
#2873=ORIENTED_EDGE('',*,*,#4329,.F.);
#2874=ORIENTED_EDGE('',*,*,#4352,.F.);
#2875=ORIENTED_EDGE('',*,*,#4312,.F.);
#2876=ORIENTED_EDGE('',*,*,#4352,.T.);
#2877=ORIENTED_EDGE('',*,*,#4332,.F.);
#2878=ORIENTED_EDGE('',*,*,#4353,.F.);
#2879=ORIENTED_EDGE('',*,*,#4313,.F.);
#2880=ORIENTED_EDGE('',*,*,#4351,.T.);
#2881=ORIENTED_EDGE('',*,*,#4311,.F.);
#2882=ORIENTED_EDGE('',*,*,#4354,.F.);
#2883=ORIENTED_EDGE('',*,*,#4326,.F.);
#2884=ORIENTED_EDGE('',*,*,#4353,.T.);
#2885=ORIENTED_EDGE('',*,*,#4335,.F.);
#2886=ORIENTED_EDGE('',*,*,#4355,.F.);
#2887=ORIENTED_EDGE('',*,*,#4314,.F.);
#2888=ORIENTED_EDGE('',*,*,#4354,.T.);
#2889=ORIENTED_EDGE('',*,*,#4310,.F.);
#2890=ORIENTED_EDGE('',*,*,#4356,.F.);
#2891=ORIENTED_EDGE('',*,*,#4323,.F.);
#2892=ORIENTED_EDGE('',*,*,#4355,.T.);
#2893=ORIENTED_EDGE('',*,*,#4337,.F.);
#2894=ORIENTED_EDGE('',*,*,#4357,.F.);
#2895=ORIENTED_EDGE('',*,*,#4307,.F.);
#2896=ORIENTED_EDGE('',*,*,#4356,.T.);
#2897=ORIENTED_EDGE('',*,*,#4309,.F.);
#2898=ORIENTED_EDGE('',*,*,#4358,.F.);
#2899=ORIENTED_EDGE('',*,*,#4320,.F.);
#2900=ORIENTED_EDGE('',*,*,#4357,.T.);
#2901=ORIENTED_EDGE('',*,*,#4316,.F.);
#2902=ORIENTED_EDGE('',*,*,#4358,.T.);
#2903=ORIENTED_EDGE('',*,*,#4308,.F.);
#2904=ORIENTED_EDGE('',*,*,#4243,.F.);
#2905=ORIENTED_EDGE('',*,*,#4342,.F.);
#2906=ORIENTED_EDGE('',*,*,#4244,.F.);
#2907=ORIENTED_EDGE('',*,*,#4340,.F.);
#2908=ORIENTED_EDGE('',*,*,#4359,.T.);
#2909=ORIENTED_EDGE('',*,*,#4360,.T.);
#2910=ORIENTED_EDGE('',*,*,#4361,.T.);
#2911=ORIENTED_EDGE('',*,*,#4362,.F.);
#2912=ORIENTED_EDGE('',*,*,#4363,.T.);
#2913=ORIENTED_EDGE('',*,*,#4364,.T.);
#2914=ORIENTED_EDGE('',*,*,#4365,.T.);
#2915=ORIENTED_EDGE('',*,*,#4366,.F.);
#2916=ORIENTED_EDGE('',*,*,#4367,.T.);
#2917=ORIENTED_EDGE('',*,*,#4368,.T.);
#2918=ORIENTED_EDGE('',*,*,#4369,.T.);
#2919=ORIENTED_EDGE('',*,*,#4370,.F.);
#2920=ORIENTED_EDGE('',*,*,#4371,.T.);
#2921=ORIENTED_EDGE('',*,*,#4372,.F.);
#2922=ORIENTED_EDGE('',*,*,#4373,.T.);
#2923=ORIENTED_EDGE('',*,*,#4374,.T.);
#2924=ORIENTED_EDGE('',*,*,#4375,.T.);
#2925=ORIENTED_EDGE('',*,*,#4376,.T.);
#2926=ORIENTED_EDGE('',*,*,#4364,.F.);
#2927=ORIENTED_EDGE('',*,*,#4377,.T.);
#2928=ORIENTED_EDGE('',*,*,#4378,.T.);
#2929=ORIENTED_EDGE('',*,*,#4372,.T.);
#2930=ORIENTED_EDGE('',*,*,#4379,.T.);
#2931=ORIENTED_EDGE('',*,*,#4380,.T.);
#2932=ORIENTED_EDGE('',*,*,#4381,.T.);
#2933=ORIENTED_EDGE('',*,*,#4382,.T.);
#2934=ORIENTED_EDGE('',*,*,#4383,.T.);
#2935=ORIENTED_EDGE('',*,*,#4384,.T.);
#2936=ORIENTED_EDGE('',*,*,#4385,.F.);
#2937=ORIENTED_EDGE('',*,*,#4386,.T.);
#2938=ORIENTED_EDGE('',*,*,#4387,.T.);
#2939=ORIENTED_EDGE('',*,*,#4388,.T.);
#2940=ORIENTED_EDGE('',*,*,#4389,.T.);
#2941=ORIENTED_EDGE('',*,*,#4390,.T.);
#2942=ORIENTED_EDGE('',*,*,#4391,.T.);
#2943=ORIENTED_EDGE('',*,*,#4392,.T.);
#2944=ORIENTED_EDGE('',*,*,#4393,.F.);
#2945=ORIENTED_EDGE('',*,*,#4394,.F.);
#2946=ORIENTED_EDGE('',*,*,#4395,.F.);
#2947=ORIENTED_EDGE('',*,*,#4396,.F.);
#2948=ORIENTED_EDGE('',*,*,#4397,.F.);
#2949=ORIENTED_EDGE('',*,*,#4398,.F.);
#2950=ORIENTED_EDGE('',*,*,#4399,.F.);
#2951=ORIENTED_EDGE('',*,*,#4400,.F.);
#2952=ORIENTED_EDGE('',*,*,#4401,.F.);
#2953=ORIENTED_EDGE('',*,*,#4402,.T.);
#2954=ORIENTED_EDGE('',*,*,#4403,.F.);
#2955=ORIENTED_EDGE('',*,*,#4404,.T.);
#2956=ORIENTED_EDGE('',*,*,#4405,.F.);
#2957=ORIENTED_EDGE('',*,*,#4385,.T.);
#2958=ORIENTED_EDGE('',*,*,#4406,.F.);
#2959=ORIENTED_EDGE('',*,*,#4403,.T.);
#2960=ORIENTED_EDGE('',*,*,#4407,.T.);
#2961=ORIENTED_EDGE('',*,*,#4408,.F.);
#2962=ORIENTED_EDGE('',*,*,#4409,.T.);
#2963=ORIENTED_EDGE('',*,*,#4410,.F.);
#2964=ORIENTED_EDGE('',*,*,#4360,.F.);
#2965=ORIENTED_EDGE('',*,*,#4411,.F.);
#2966=ORIENTED_EDGE('',*,*,#4412,.T.);
#2967=ORIENTED_EDGE('',*,*,#4370,.T.);
#2968=ORIENTED_EDGE('',*,*,#4413,.T.);
#2969=ORIENTED_EDGE('',*,*,#4414,.F.);
#2970=ORIENTED_EDGE('',*,*,#4415,.T.);
#2971=ORIENTED_EDGE('',*,*,#4416,.T.);
#2972=ORIENTED_EDGE('',*,*,#4414,.T.);
#2973=ORIENTED_EDGE('',*,*,#4417,.T.);
#2974=ORIENTED_EDGE('',*,*,#4418,.T.);
#2975=ORIENTED_EDGE('',*,*,#4419,.T.);
#2976=ORIENTED_EDGE('',*,*,#4420,.F.);
#2977=ORIENTED_EDGE('',*,*,#4421,.T.);
#2978=ORIENTED_EDGE('',*,*,#4380,.F.);
#2979=ORIENTED_EDGE('',*,*,#4422,.T.);
#2980=ORIENTED_EDGE('',*,*,#4423,.F.);
#2981=ORIENTED_EDGE('',*,*,#4424,.T.);
#2982=ORIENTED_EDGE('',*,*,#4420,.T.);
#2983=ORIENTED_EDGE('',*,*,#4425,.T.);
#2984=ORIENTED_EDGE('',*,*,#4411,.T.);
#2985=ORIENTED_EDGE('',*,*,#4359,.F.);
#2986=ORIENTED_EDGE('',*,*,#4426,.T.);
#2987=ORIENTED_EDGE('',*,*,#4427,.T.);
#2988=ORIENTED_EDGE('',*,*,#4428,.F.);
#2989=ORIENTED_EDGE('',*,*,#4429,.T.);
#2990=ORIENTED_EDGE('',*,*,#4430,.T.);
#2991=ORIENTED_EDGE('',*,*,#4431,.T.);
#2992=ORIENTED_EDGE('',*,*,#4404,.F.);
#2993=ORIENTED_EDGE('',*,*,#4432,.T.);
#2994=ORIENTED_EDGE('',*,*,#4433,.T.);
#2995=ORIENTED_EDGE('',*,*,#4365,.F.);
#2996=ORIENTED_EDGE('',*,*,#4376,.F.);
#2997=ORIENTED_EDGE('',*,*,#4434,.T.);
#2998=ORIENTED_EDGE('',*,*,#4423,.T.);
#2999=ORIENTED_EDGE('',*,*,#4435,.T.);
#3000=ORIENTED_EDGE('',*,*,#4428,.T.);
#3001=ORIENTED_EDGE('',*,*,#4436,.T.);
#3002=ORIENTED_EDGE('',*,*,#4437,.F.);
#3003=ORIENTED_EDGE('',*,*,#4438,.T.);
#3004=ORIENTED_EDGE('',*,*,#4439,.T.);
#3005=ORIENTED_EDGE('',*,*,#4440,.T.);
#3006=ORIENTED_EDGE('',*,*,#4441,.T.);
#3007=ORIENTED_EDGE('',*,*,#4442,.T.);
#3008=ORIENTED_EDGE('',*,*,#4443,.T.);
#3009=ORIENTED_EDGE('',*,*,#4444,.T.);
#3010=ORIENTED_EDGE('',*,*,#4445,.T.);
#3011=ORIENTED_EDGE('',*,*,#4446,.T.);
#3012=ORIENTED_EDGE('',*,*,#4447,.T.);
#3013=ORIENTED_EDGE('',*,*,#4448,.T.);
#3014=ORIENTED_EDGE('',*,*,#4437,.T.);
#3015=ORIENTED_EDGE('',*,*,#4449,.F.);
#3016=ORIENTED_EDGE('',*,*,#4450,.F.);
#3017=ORIENTED_EDGE('',*,*,#4451,.T.);
#3018=ORIENTED_EDGE('',*,*,#4452,.F.);
#3019=ORIENTED_EDGE('',*,*,#4453,.F.);
#3020=ORIENTED_EDGE('',*,*,#4454,.F.);
#3021=ORIENTED_EDGE('',*,*,#4455,.F.);
#3022=ORIENTED_EDGE('',*,*,#4456,.F.);
#3023=ORIENTED_EDGE('',*,*,#4457,.F.);
#3024=ORIENTED_EDGE('',*,*,#4458,.F.);
#3025=ORIENTED_EDGE('',*,*,#4459,.F.);
#3026=ORIENTED_EDGE('',*,*,#4452,.T.);
#3027=ORIENTED_EDGE('',*,*,#4460,.T.);
#3028=ORIENTED_EDGE('',*,*,#4461,.F.);
#3029=ORIENTED_EDGE('',*,*,#4462,.T.);
#3030=ORIENTED_EDGE('',*,*,#4463,.F.);
#3031=ORIENTED_EDGE('',*,*,#4361,.F.);
#3032=ORIENTED_EDGE('',*,*,#4410,.T.);
#3033=ORIENTED_EDGE('',*,*,#4464,.T.);
#3034=ORIENTED_EDGE('',*,*,#4465,.F.);
#3035=ORIENTED_EDGE('',*,*,#4466,.T.);
#3036=ORIENTED_EDGE('',*,*,#4377,.F.);
#3037=ORIENTED_EDGE('',*,*,#4363,.F.);
#3038=ORIENTED_EDGE('',*,*,#4467,.F.);
#3039=ORIENTED_EDGE('',*,*,#4468,.F.);
#3040=ORIENTED_EDGE('',*,*,#4408,.T.);
#3041=ORIENTED_EDGE('',*,*,#4469,.F.);
#3042=ORIENTED_EDGE('',*,*,#4470,.F.);
#3043=ORIENTED_EDGE('',*,*,#4471,.T.);
#3044=ORIENTED_EDGE('',*,*,#4461,.T.);
#3045=ORIENTED_EDGE('',*,*,#4472,.F.);
#3046=ORIENTED_EDGE('',*,*,#4374,.F.);
#3047=ORIENTED_EDGE('',*,*,#4473,.T.);
#3048=ORIENTED_EDGE('',*,*,#4465,.T.);
#3049=ORIENTED_EDGE('',*,*,#4474,.T.);
#3050=ORIENTED_EDGE('',*,*,#4418,.F.);
#3051=ORIENTED_EDGE('',*,*,#4475,.T.);
#3052=ORIENTED_EDGE('',*,*,#4368,.F.);
#3053=ORIENTED_EDGE('',*,*,#4476,.T.);
#3054=ORIENTED_EDGE('',*,*,#4477,.T.);
#3055=ORIENTED_EDGE('',*,*,#4478,.T.);
#3056=ORIENTED_EDGE('',*,*,#4479,.T.);
#3057=ORIENTED_EDGE('',*,*,#4474,.F.);
#3058=ORIENTED_EDGE('',*,*,#4480,.T.);
#3059=ORIENTED_EDGE('',*,*,#4425,.F.);
#3060=ORIENTED_EDGE('',*,*,#4384,.F.);
#3061=ORIENTED_EDGE('',*,*,#4481,.T.);
#3062=ORIENTED_EDGE('',*,*,#4393,.T.);
#3063=ORIENTED_EDGE('',*,*,#4409,.F.);
#3064=ORIENTED_EDGE('',*,*,#4468,.T.);
#3065=ORIENTED_EDGE('',*,*,#4482,.F.);
#3066=ORIENTED_EDGE('',*,*,#4432,.F.);
#3067=ORIENTED_EDGE('',*,*,#4406,.T.);
#3068=ORIENTED_EDGE('',*,*,#4467,.T.);
#3069=ORIENTED_EDGE('',*,*,#4366,.T.);
#3070=ORIENTED_EDGE('',*,*,#4433,.F.);
#3071=ORIENTED_EDGE('',*,*,#4482,.T.);
#3072=ORIENTED_EDGE('',*,*,#4407,.F.);
#3073=ORIENTED_EDGE('',*,*,#4402,.F.);
#3074=ORIENTED_EDGE('',*,*,#4483,.F.);
#3075=ORIENTED_EDGE('',*,*,#4386,.F.);
#3076=ORIENTED_EDGE('',*,*,#4405,.T.);
#3077=ORIENTED_EDGE('',*,*,#4431,.F.);
#3078=ORIENTED_EDGE('',*,*,#4484,.T.);
#3079=ORIENTED_EDGE('',*,*,#4469,.T.);
#3080=ORIENTED_EDGE('',*,*,#4485,.T.);
#3081=ORIENTED_EDGE('',*,*,#4470,.T.);
#3082=ORIENTED_EDGE('',*,*,#4484,.F.);
#3083=ORIENTED_EDGE('',*,*,#4430,.F.);
#3084=ORIENTED_EDGE('',*,*,#4438,.F.);
#3085=ORIENTED_EDGE('',*,*,#4448,.F.);
#3086=ORIENTED_EDGE('',*,*,#4486,.T.);
#3087=ORIENTED_EDGE('',*,*,#4453,.T.);
#3088=ORIENTED_EDGE('',*,*,#4462,.F.);
#3089=ORIENTED_EDGE('',*,*,#4471,.F.);
#3090=ORIENTED_EDGE('',*,*,#4485,.F.);
#3091=ORIENTED_EDGE('',*,*,#4429,.F.);
#3092=ORIENTED_EDGE('',*,*,#4451,.F.);
#3093=ORIENTED_EDGE('',*,*,#4487,.T.);
#3094=ORIENTED_EDGE('',*,*,#4439,.F.);
#3095=ORIENTED_EDGE('',*,*,#4436,.F.);
#3096=ORIENTED_EDGE('',*,*,#4427,.F.);
#3097=ORIENTED_EDGE('',*,*,#4488,.T.);
#3098=ORIENTED_EDGE('',*,*,#4472,.T.);
#3099=ORIENTED_EDGE('',*,*,#4460,.F.);
#3100=ORIENTED_EDGE('',*,*,#4426,.F.);
#3101=ORIENTED_EDGE('',*,*,#4362,.T.);
#3102=ORIENTED_EDGE('',*,*,#4463,.T.);
#3103=ORIENTED_EDGE('',*,*,#4488,.F.);
#3104=ORIENTED_EDGE('',*,*,#4487,.F.);
#3105=ORIENTED_EDGE('',*,*,#4450,.T.);
#3106=ORIENTED_EDGE('',*,*,#4489,.F.);
#3107=ORIENTED_EDGE('',*,*,#4440,.F.);
#3108=ORIENTED_EDGE('',*,*,#4489,.T.);
#3109=ORIENTED_EDGE('',*,*,#4449,.T.);
#3110=ORIENTED_EDGE('',*,*,#4490,.F.);
#3111=ORIENTED_EDGE('',*,*,#4441,.F.);
#3112=ORIENTED_EDGE('',*,*,#4490,.T.);
#3113=ORIENTED_EDGE('',*,*,#4459,.T.);
#3114=ORIENTED_EDGE('',*,*,#4491,.F.);
#3115=ORIENTED_EDGE('',*,*,#4442,.F.);
#3116=ORIENTED_EDGE('',*,*,#4491,.T.);
#3117=ORIENTED_EDGE('',*,*,#4458,.T.);
#3118=ORIENTED_EDGE('',*,*,#4492,.F.);
#3119=ORIENTED_EDGE('',*,*,#4443,.F.);
#3120=ORIENTED_EDGE('',*,*,#4492,.T.);
#3121=ORIENTED_EDGE('',*,*,#4457,.T.);
#3122=ORIENTED_EDGE('',*,*,#4493,.F.);
#3123=ORIENTED_EDGE('',*,*,#4444,.F.);
#3124=ORIENTED_EDGE('',*,*,#4493,.T.);
#3125=ORIENTED_EDGE('',*,*,#4456,.T.);
#3126=ORIENTED_EDGE('',*,*,#4494,.F.);
#3127=ORIENTED_EDGE('',*,*,#4445,.F.);
#3128=ORIENTED_EDGE('',*,*,#4494,.T.);
#3129=ORIENTED_EDGE('',*,*,#4455,.T.);
#3130=ORIENTED_EDGE('',*,*,#4495,.F.);
#3131=ORIENTED_EDGE('',*,*,#4446,.F.);
#3132=ORIENTED_EDGE('',*,*,#4495,.T.);
#3133=ORIENTED_EDGE('',*,*,#4454,.T.);
#3134=ORIENTED_EDGE('',*,*,#4486,.F.);
#3135=ORIENTED_EDGE('',*,*,#4447,.F.);
#3136=ORIENTED_EDGE('',*,*,#4496,.T.);
#3137=ORIENTED_EDGE('',*,*,#4395,.T.);
#3138=ORIENTED_EDGE('',*,*,#4497,.F.);
#3139=ORIENTED_EDGE('',*,*,#4382,.F.);
#3140=ORIENTED_EDGE('',*,*,#4498,.T.);
#3141=ORIENTED_EDGE('',*,*,#4396,.T.);
#3142=ORIENTED_EDGE('',*,*,#4496,.F.);
#3143=ORIENTED_EDGE('',*,*,#4392,.F.);
#3144=ORIENTED_EDGE('',*,*,#4499,.T.);
#3145=ORIENTED_EDGE('',*,*,#4397,.T.);
#3146=ORIENTED_EDGE('',*,*,#4498,.F.);
#3147=ORIENTED_EDGE('',*,*,#4391,.F.);
#3148=ORIENTED_EDGE('',*,*,#4500,.T.);
#3149=ORIENTED_EDGE('',*,*,#4398,.T.);
#3150=ORIENTED_EDGE('',*,*,#4499,.F.);
#3151=ORIENTED_EDGE('',*,*,#4390,.F.);
#3152=ORIENTED_EDGE('',*,*,#4501,.T.);
#3153=ORIENTED_EDGE('',*,*,#4399,.T.);
#3154=ORIENTED_EDGE('',*,*,#4500,.F.);
#3155=ORIENTED_EDGE('',*,*,#4389,.F.);
#3156=ORIENTED_EDGE('',*,*,#4502,.T.);
#3157=ORIENTED_EDGE('',*,*,#4400,.T.);
#3158=ORIENTED_EDGE('',*,*,#4501,.F.);
#3159=ORIENTED_EDGE('',*,*,#4388,.F.);
#3160=ORIENTED_EDGE('',*,*,#4483,.T.);
#3161=ORIENTED_EDGE('',*,*,#4401,.T.);
#3162=ORIENTED_EDGE('',*,*,#4502,.F.);
#3163=ORIENTED_EDGE('',*,*,#4387,.F.);
#3164=ORIENTED_EDGE('',*,*,#4497,.T.);
#3165=ORIENTED_EDGE('',*,*,#4394,.T.);
#3166=ORIENTED_EDGE('',*,*,#4481,.F.);
#3167=ORIENTED_EDGE('',*,*,#4383,.F.);
#3168=ORIENTED_EDGE('',*,*,#4503,.F.);
#3169=ORIENTED_EDGE('',*,*,#4473,.F.);
#3170=ORIENTED_EDGE('',*,*,#4504,.F.);
#3171=ORIENTED_EDGE('',*,*,#4424,.F.);
#3172=ORIENTED_EDGE('',*,*,#4505,.T.);
#3173=ORIENTED_EDGE('',*,*,#4478,.F.);
#3174=ORIENTED_EDGE('',*,*,#4506,.T.);
#3175=ORIENTED_EDGE('',*,*,#4507,.T.);
#3176=ORIENTED_EDGE('',*,*,#4477,.F.);
#3177=ORIENTED_EDGE('',*,*,#4416,.F.);
#3178=ORIENTED_EDGE('',*,*,#4367,.F.);
#3179=ORIENTED_EDGE('',*,*,#4507,.F.);
#3180=ORIENTED_EDGE('',*,*,#4506,.F.);
#3181=ORIENTED_EDGE('',*,*,#4505,.F.);
#3182=ORIENTED_EDGE('',*,*,#4369,.F.);
#3183=ORIENTED_EDGE('',*,*,#4475,.F.);
#3184=ORIENTED_EDGE('',*,*,#4417,.F.);
#3185=ORIENTED_EDGE('',*,*,#4413,.F.);
#3186=ORIENTED_EDGE('',*,*,#4371,.F.);
#3187=ORIENTED_EDGE('',*,*,#4415,.F.);
#3188=ORIENTED_EDGE('',*,*,#4422,.F.);
#3189=ORIENTED_EDGE('',*,*,#4379,.F.);
#3190=ORIENTED_EDGE('',*,*,#4435,.F.);
#3191=ORIENTED_EDGE('',*,*,#4480,.F.);
#3192=ORIENTED_EDGE('',*,*,#4464,.F.);
#3193=ORIENTED_EDGE('',*,*,#4412,.F.);
#3194=ORIENTED_EDGE('',*,*,#4419,.F.);
#3195=ORIENTED_EDGE('',*,*,#4476,.F.);
#3196=ORIENTED_EDGE('',*,*,#4375,.F.);
#3197=ORIENTED_EDGE('',*,*,#4479,.F.);
#3198=ORIENTED_EDGE('',*,*,#4466,.F.);
#3199=ORIENTED_EDGE('',*,*,#4503,.T.);
#3200=ORIENTED_EDGE('',*,*,#4434,.F.);
#3201=ORIENTED_EDGE('',*,*,#4378,.F.);
#3202=ORIENTED_EDGE('',*,*,#4421,.F.);
#3203=ORIENTED_EDGE('',*,*,#4504,.T.);
#3204=ORIENTED_EDGE('',*,*,#4373,.F.);
#3205=ORIENTED_EDGE('',*,*,#4381,.F.);
#3206=ORIENTED_EDGE('',*,*,#4508,.F.);
#3207=ORIENTED_EDGE('',*,*,#4509,.F.);
#3208=ORIENTED_EDGE('',*,*,#4510,.F.);
#3209=ORIENTED_EDGE('',*,*,#4511,.F.);
#3210=ORIENTED_EDGE('',*,*,#4512,.F.);
#3211=ORIENTED_EDGE('',*,*,#4511,.T.);
#3212=ORIENTED_EDGE('',*,*,#4513,.F.);
#3213=ORIENTED_EDGE('',*,*,#4514,.F.);
#3214=ORIENTED_EDGE('',*,*,#4515,.F.);
#3215=ORIENTED_EDGE('',*,*,#4516,.T.);
#3216=ORIENTED_EDGE('',*,*,#4517,.F.);
#3217=ORIENTED_EDGE('',*,*,#4518,.F.);
#3218=ORIENTED_EDGE('',*,*,#4519,.F.);
#3219=ORIENTED_EDGE('',*,*,#4514,.T.);
#3220=ORIENTED_EDGE('',*,*,#4520,.F.);
#3221=ORIENTED_EDGE('',*,*,#4521,.F.);
#3222=ORIENTED_EDGE('',*,*,#4522,.F.);
#3223=ORIENTED_EDGE('',*,*,#4523,.F.);
#3224=ORIENTED_EDGE('',*,*,#4524,.F.);
#3225=ORIENTED_EDGE('',*,*,#4518,.T.);
#3226=ORIENTED_EDGE('',*,*,#4521,.T.);
#3227=ORIENTED_EDGE('',*,*,#4523,.T.);
#3228=ORIENTED_EDGE('',*,*,#4525,.F.);
#3229=ORIENTED_EDGE('',*,*,#4516,.F.);
#3230=ORIENTED_EDGE('',*,*,#4526,.F.);
#3231=ORIENTED_EDGE('',*,*,#4527,.T.);
#3232=ORIENTED_EDGE('',*,*,#4528,.T.);
#3233=ORIENTED_EDGE('',*,*,#4527,.F.);
#3234=ORIENTED_EDGE('',*,*,#4529,.T.);
#3235=ORIENTED_EDGE('',*,*,#4509,.T.);
#3236=ORIENTED_EDGE('',*,*,#4530,.T.);
#3237=ORIENTED_EDGE('',*,*,#4531,.F.);
#3238=ORIENTED_EDGE('',*,*,#4525,.T.);
#3239=ORIENTED_EDGE('',*,*,#4532,.F.);
#3240=ORIENTED_EDGE('',*,*,#4531,.T.);
#3241=ORIENTED_EDGE('',*,*,#4532,.T.);
#3242=ORIENTED_EDGE('',*,*,#4529,.F.);
#3243=ORIENTED_EDGE('',*,*,#4526,.T.);
#3244=ORIENTED_EDGE('',*,*,#4515,.T.);
#3245=ORIENTED_EDGE('',*,*,#4524,.T.);
#3246=ORIENTED_EDGE('',*,*,#4520,.T.);
#3247=ORIENTED_EDGE('',*,*,#4513,.T.);
#3248=ORIENTED_EDGE('',*,*,#4510,.T.);
#3249=ORIENTED_EDGE('',*,*,#4528,.F.);
#3250=ORIENTED_EDGE('',*,*,#4530,.F.);
#3251=ORIENTED_EDGE('',*,*,#4508,.T.);
#3252=ORIENTED_EDGE('',*,*,#4512,.T.);
#3253=ORIENTED_EDGE('',*,*,#4519,.T.);
#3254=ORIENTED_EDGE('',*,*,#4522,.T.);
#3255=ORIENTED_EDGE('',*,*,#4517,.T.);
#3256=ORIENTED_EDGE('',*,*,#4533,.F.);
#3257=ORIENTED_EDGE('',*,*,#4534,.F.);
#3258=ORIENTED_EDGE('',*,*,#4535,.F.);
#3259=ORIENTED_EDGE('',*,*,#4536,.F.);
#3260=ORIENTED_EDGE('',*,*,#4537,.F.);
#3261=ORIENTED_EDGE('',*,*,#4538,.F.);
#3262=ORIENTED_EDGE('',*,*,#4539,.F.);
#3263=ORIENTED_EDGE('',*,*,#4540,.F.);
#3264=ORIENTED_EDGE('',*,*,#4541,.F.);
#3265=ORIENTED_EDGE('',*,*,#4536,.T.);
#3266=ORIENTED_EDGE('',*,*,#4542,.F.);
#3267=ORIENTED_EDGE('',*,*,#4543,.F.);
#3268=ORIENTED_EDGE('',*,*,#4544,.F.);
#3269=ORIENTED_EDGE('',*,*,#4545,.F.);
#3270=ORIENTED_EDGE('',*,*,#4546,.F.);
#3271=ORIENTED_EDGE('',*,*,#4538,.T.);
#3272=ORIENTED_EDGE('',*,*,#4547,.F.);
#3273=ORIENTED_EDGE('',*,*,#4543,.T.);
#3274=ORIENTED_EDGE('',*,*,#4548,.F.);
#3275=ORIENTED_EDGE('',*,*,#4549,.F.);
#3276=ORIENTED_EDGE('',*,*,#4550,.F.);
#3277=ORIENTED_EDGE('',*,*,#4551,.F.);
#3278=ORIENTED_EDGE('',*,*,#4552,.F.);
#3279=ORIENTED_EDGE('',*,*,#4545,.T.);
#3280=ORIENTED_EDGE('',*,*,#4549,.T.);
#3281=ORIENTED_EDGE('',*,*,#4551,.T.);
#3282=ORIENTED_EDGE('',*,*,#4553,.T.);
#3283=ORIENTED_EDGE('',*,*,#4554,.F.);
#3284=ORIENTED_EDGE('',*,*,#4534,.T.);
#3285=ORIENTED_EDGE('',*,*,#4555,.T.);
#3286=ORIENTED_EDGE('',*,*,#4540,.T.);
#3287=ORIENTED_EDGE('',*,*,#4556,.T.);
#3288=ORIENTED_EDGE('',*,*,#4553,.F.);
#3289=ORIENTED_EDGE('',*,*,#4557,.F.);
#3290=ORIENTED_EDGE('',*,*,#4554,.T.);
#3291=ORIENTED_EDGE('',*,*,#4558,.F.);
#3292=ORIENTED_EDGE('',*,*,#4557,.T.);
#3293=ORIENTED_EDGE('',*,*,#4558,.T.);
#3294=ORIENTED_EDGE('',*,*,#4539,.T.);
#3295=ORIENTED_EDGE('',*,*,#4546,.T.);
#3296=ORIENTED_EDGE('',*,*,#4552,.T.);
#3297=ORIENTED_EDGE('',*,*,#4548,.T.);
#3298=ORIENTED_EDGE('',*,*,#4542,.T.);
#3299=ORIENTED_EDGE('',*,*,#4535,.T.);
#3300=ORIENTED_EDGE('',*,*,#4556,.F.);
#3301=ORIENTED_EDGE('',*,*,#4533,.T.);
#3302=ORIENTED_EDGE('',*,*,#4541,.T.);
#3303=ORIENTED_EDGE('',*,*,#4547,.T.);
#3304=ORIENTED_EDGE('',*,*,#4550,.T.);
#3305=ORIENTED_EDGE('',*,*,#4544,.T.);
#3306=ORIENTED_EDGE('',*,*,#4537,.T.);
#3307=ORIENTED_EDGE('',*,*,#4555,.F.);
#3308=ORIENTED_EDGE('',*,*,#4559,.F.);
#3309=ORIENTED_EDGE('',*,*,#4560,.F.);
#3310=ORIENTED_EDGE('',*,*,#4561,.F.);
#3311=ORIENTED_EDGE('',*,*,#4562,.F.);
#3312=ORIENTED_EDGE('',*,*,#4563,.F.);
#3313=ORIENTED_EDGE('',*,*,#4564,.F.);
#3314=ORIENTED_EDGE('',*,*,#4565,.F.);
#3315=ORIENTED_EDGE('',*,*,#4566,.F.);
#3316=ORIENTED_EDGE('',*,*,#4567,.F.);
#3317=ORIENTED_EDGE('',*,*,#4562,.T.);
#3318=ORIENTED_EDGE('',*,*,#4568,.F.);
#3319=ORIENTED_EDGE('',*,*,#4569,.F.);
#3320=ORIENTED_EDGE('',*,*,#4570,.F.);
#3321=ORIENTED_EDGE('',*,*,#4571,.F.);
#3322=ORIENTED_EDGE('',*,*,#4572,.F.);
#3323=ORIENTED_EDGE('',*,*,#4564,.T.);
#3324=ORIENTED_EDGE('',*,*,#4573,.F.);
#3325=ORIENTED_EDGE('',*,*,#4569,.T.);
#3326=ORIENTED_EDGE('',*,*,#4574,.F.);
#3327=ORIENTED_EDGE('',*,*,#4575,.F.);
#3328=ORIENTED_EDGE('',*,*,#4576,.F.);
#3329=ORIENTED_EDGE('',*,*,#4577,.F.);
#3330=ORIENTED_EDGE('',*,*,#4578,.F.);
#3331=ORIENTED_EDGE('',*,*,#4571,.T.);
#3332=ORIENTED_EDGE('',*,*,#4575,.T.);
#3333=ORIENTED_EDGE('',*,*,#4577,.T.);
#3334=ORIENTED_EDGE('',*,*,#4579,.T.);
#3335=ORIENTED_EDGE('',*,*,#4580,.F.);
#3336=ORIENTED_EDGE('',*,*,#4560,.T.);
#3337=ORIENTED_EDGE('',*,*,#4581,.T.);
#3338=ORIENTED_EDGE('',*,*,#4566,.T.);
#3339=ORIENTED_EDGE('',*,*,#4582,.T.);
#3340=ORIENTED_EDGE('',*,*,#4579,.F.);
#3341=ORIENTED_EDGE('',*,*,#4583,.F.);
#3342=ORIENTED_EDGE('',*,*,#4580,.T.);
#3343=ORIENTED_EDGE('',*,*,#4584,.F.);
#3344=ORIENTED_EDGE('',*,*,#4583,.T.);
#3345=ORIENTED_EDGE('',*,*,#4584,.T.);
#3346=ORIENTED_EDGE('',*,*,#4565,.T.);
#3347=ORIENTED_EDGE('',*,*,#4572,.T.);
#3348=ORIENTED_EDGE('',*,*,#4578,.T.);
#3349=ORIENTED_EDGE('',*,*,#4574,.T.);
#3350=ORIENTED_EDGE('',*,*,#4568,.T.);
#3351=ORIENTED_EDGE('',*,*,#4561,.T.);
#3352=ORIENTED_EDGE('',*,*,#4582,.F.);
#3353=ORIENTED_EDGE('',*,*,#4559,.T.);
#3354=ORIENTED_EDGE('',*,*,#4567,.T.);
#3355=ORIENTED_EDGE('',*,*,#4573,.T.);
#3356=ORIENTED_EDGE('',*,*,#4576,.T.);
#3357=ORIENTED_EDGE('',*,*,#4570,.T.);
#3358=ORIENTED_EDGE('',*,*,#4563,.T.);
#3359=ORIENTED_EDGE('',*,*,#4581,.F.);
#3360=ORIENTED_EDGE('',*,*,#4585,.F.);
#3361=ORIENTED_EDGE('',*,*,#4586,.F.);
#3362=ORIENTED_EDGE('',*,*,#4587,.F.);
#3363=ORIENTED_EDGE('',*,*,#4588,.F.);
#3364=ORIENTED_EDGE('',*,*,#4589,.F.);
#3365=ORIENTED_EDGE('',*,*,#4590,.F.);
#3366=ORIENTED_EDGE('',*,*,#4586,.T.);
#3367=ORIENTED_EDGE('',*,*,#4591,.T.);
#3368=ORIENTED_EDGE('',*,*,#4592,.F.);
#3369=ORIENTED_EDGE('',*,*,#4593,.F.);
#3370=ORIENTED_EDGE('',*,*,#4587,.T.);
#3371=ORIENTED_EDGE('',*,*,#4590,.T.);
#3372=ORIENTED_EDGE('',*,*,#4594,.F.);
#3373=ORIENTED_EDGE('',*,*,#4591,.F.);
#3374=ORIENTED_EDGE('',*,*,#4585,.T.);
#3375=ORIENTED_EDGE('',*,*,#4595,.T.);
#3376=ORIENTED_EDGE('',*,*,#4596,.F.);
#3377=ORIENTED_EDGE('',*,*,#4597,.T.);
#3378=ORIENTED_EDGE('',*,*,#4598,.T.);
#3379=ORIENTED_EDGE('',*,*,#4599,.T.);
#3380=ORIENTED_EDGE('',*,*,#4600,.F.);
#3381=ORIENTED_EDGE('',*,*,#4601,.T.);
#3382=ORIENTED_EDGE('',*,*,#4596,.T.);
#3383=ORIENTED_EDGE('',*,*,#4602,.T.);
#3384=ORIENTED_EDGE('',*,*,#4595,.F.);
#3385=ORIENTED_EDGE('',*,*,#4588,.T.);
#3386=ORIENTED_EDGE('',*,*,#4593,.T.);
#3387=ORIENTED_EDGE('',*,*,#4603,.T.);
#3388=ORIENTED_EDGE('',*,*,#4604,.F.);
#3389=ORIENTED_EDGE('',*,*,#4605,.F.);
#3390=ORIENTED_EDGE('',*,*,#4606,.T.);
#3391=ORIENTED_EDGE('',*,*,#4607,.T.);
#3392=ORIENTED_EDGE('',*,*,#4608,.F.);
#3393=ORIENTED_EDGE('',*,*,#4609,.F.);
#3394=ORIENTED_EDGE('',*,*,#4610,.T.);
#3395=ORIENTED_EDGE('',*,*,#4611,.T.);
#3396=ORIENTED_EDGE('',*,*,#4612,.F.);
#3397=ORIENTED_EDGE('',*,*,#4613,.T.);
#3398=ORIENTED_EDGE('',*,*,#4614,.T.);
#3399=ORIENTED_EDGE('',*,*,#4615,.T.);
#3400=ORIENTED_EDGE('',*,*,#4616,.F.);
#3401=ORIENTED_EDGE('',*,*,#4617,.T.);
#3402=ORIENTED_EDGE('',*,*,#4618,.T.);
#3403=ORIENTED_EDGE('',*,*,#4619,.T.);
#3404=ORIENTED_EDGE('',*,*,#4620,.F.);
#3405=ORIENTED_EDGE('',*,*,#4621,.T.);
#3406=ORIENTED_EDGE('',*,*,#4622,.F.);
#3407=ORIENTED_EDGE('',*,*,#4623,.T.);
#3408=ORIENTED_EDGE('',*,*,#4620,.T.);
#3409=ORIENTED_EDGE('',*,*,#4624,.T.);
#3410=ORIENTED_EDGE('',*,*,#4625,.F.);
#3411=ORIENTED_EDGE('',*,*,#4626,.T.);
#3412=ORIENTED_EDGE('',*,*,#4622,.T.);
#3413=ORIENTED_EDGE('',*,*,#4627,.T.);
#3414=ORIENTED_EDGE('',*,*,#4628,.F.);
#3415=ORIENTED_EDGE('',*,*,#4629,.T.);
#3416=ORIENTED_EDGE('',*,*,#4625,.T.);
#3417=ORIENTED_EDGE('',*,*,#4630,.T.);
#3418=ORIENTED_EDGE('',*,*,#4631,.F.);
#3419=ORIENTED_EDGE('',*,*,#4632,.F.);
#3420=ORIENTED_EDGE('',*,*,#4633,.F.);
#3421=ORIENTED_EDGE('',*,*,#4634,.F.);
#3422=ORIENTED_EDGE('',*,*,#4628,.T.);
#3423=ORIENTED_EDGE('',*,*,#4635,.T.);
#3424=ORIENTED_EDGE('',*,*,#4636,.F.);
#3425=ORIENTED_EDGE('',*,*,#4637,.F.);
#3426=ORIENTED_EDGE('',*,*,#4638,.T.);
#3427=ORIENTED_EDGE('',*,*,#4639,.F.);
#3428=ORIENTED_EDGE('',*,*,#4640,.F.);
#3429=ORIENTED_EDGE('',*,*,#4641,.F.);
#3430=ORIENTED_EDGE('',*,*,#4642,.T.);
#3431=ORIENTED_EDGE('',*,*,#4643,.F.);
#3432=ORIENTED_EDGE('',*,*,#4644,.F.);
#3433=ORIENTED_EDGE('',*,*,#4645,.F.);
#3434=ORIENTED_EDGE('',*,*,#4646,.T.);
#3435=ORIENTED_EDGE('',*,*,#4647,.F.);
#3436=ORIENTED_EDGE('',*,*,#4648,.F.);
#3437=ORIENTED_EDGE('',*,*,#4649,.F.);
#3438=ORIENTED_EDGE('',*,*,#4650,.T.);
#3439=ORIENTED_EDGE('',*,*,#4651,.F.);
#3440=ORIENTED_EDGE('',*,*,#4652,.F.);
#3441=ORIENTED_EDGE('',*,*,#4653,.F.);
#3442=ORIENTED_EDGE('',*,*,#4654,.T.);
#3443=ORIENTED_EDGE('',*,*,#4655,.T.);
#3444=ORIENTED_EDGE('',*,*,#4656,.T.);
#3445=ORIENTED_EDGE('',*,*,#4631,.T.);
#3446=ORIENTED_EDGE('',*,*,#4657,.T.);
#3447=ORIENTED_EDGE('',*,*,#4658,.F.);
#3448=ORIENTED_EDGE('',*,*,#4598,.F.);
#3449=ORIENTED_EDGE('',*,*,#4659,.T.);
#3450=ORIENTED_EDGE('',*,*,#4658,.T.);
#3451=ORIENTED_EDGE('',*,*,#4660,.T.);
#3452=ORIENTED_EDGE('',*,*,#4633,.T.);
#3453=ORIENTED_EDGE('',*,*,#4661,.T.);
#3454=ORIENTED_EDGE('',*,*,#4662,.T.);
#3455=ORIENTED_EDGE('',*,*,#4663,.T.);
#3456=ORIENTED_EDGE('',*,*,#4600,.T.);
#3457=ORIENTED_EDGE('',*,*,#4664,.T.);
#3458=ORIENTED_EDGE('',*,*,#4665,.T.);
#3459=ORIENTED_EDGE('',*,*,#4666,.T.);
#3460=ORIENTED_EDGE('',*,*,#4667,.T.);
#3461=ORIENTED_EDGE('',*,*,#4668,.F.);
#3462=ORIENTED_EDGE('',*,*,#4669,.F.);
#3463=ORIENTED_EDGE('',*,*,#4670,.T.);
#3464=ORIENTED_EDGE('',*,*,#4671,.T.);
#3465=ORIENTED_EDGE('',*,*,#4672,.T.);
#3466=ORIENTED_EDGE('',*,*,#4673,.T.);
#3467=ORIENTED_EDGE('',*,*,#4670,.F.);
#3468=ORIENTED_EDGE('',*,*,#4674,.F.);
#3469=ORIENTED_EDGE('',*,*,#4648,.T.);
#3470=ORIENTED_EDGE('',*,*,#4675,.T.);
#3471=ORIENTED_EDGE('',*,*,#4676,.T.);
#3472=ORIENTED_EDGE('',*,*,#4677,.T.);
#3473=ORIENTED_EDGE('',*,*,#4650,.F.);
#3474=ORIENTED_EDGE('',*,*,#4678,.F.);
#3475=ORIENTED_EDGE('',*,*,#4668,.T.);
#3476=ORIENTED_EDGE('',*,*,#4669,.T.);
#3477=ORIENTED_EDGE('',*,*,#4678,.T.);
#3478=ORIENTED_EDGE('',*,*,#4649,.T.);
#3479=ORIENTED_EDGE('',*,*,#4674,.T.);
#3480=ORIENTED_EDGE('',*,*,#4679,.T.);
#3481=ORIENTED_EDGE('',*,*,#4680,.T.);
#3482=ORIENTED_EDGE('',*,*,#4681,.T.);
#3483=ORIENTED_EDGE('',*,*,#4682,.F.);
#3484=ORIENTED_EDGE('',*,*,#4683,.F.);
#3485=ORIENTED_EDGE('',*,*,#4652,.T.);
#3486=ORIENTED_EDGE('',*,*,#4684,.T.);
#3487=ORIENTED_EDGE('',*,*,#4654,.F.);
#3488=ORIENTED_EDGE('',*,*,#4685,.F.);
#3489=ORIENTED_EDGE('',*,*,#4686,.T.);
#3490=ORIENTED_EDGE('',*,*,#4687,.T.);
#3491=ORIENTED_EDGE('',*,*,#4686,.F.);
#3492=ORIENTED_EDGE('',*,*,#4688,.F.);
#3493=ORIENTED_EDGE('',*,*,#4682,.T.);
#3494=ORIENTED_EDGE('',*,*,#4683,.T.);
#3495=ORIENTED_EDGE('',*,*,#4688,.T.);
#3496=ORIENTED_EDGE('',*,*,#4685,.T.);
#3497=ORIENTED_EDGE('',*,*,#4653,.T.);
#3498=ORIENTED_EDGE('',*,*,#4689,.T.);
#3499=ORIENTED_EDGE('',*,*,#4690,.F.);
#3500=ORIENTED_EDGE('',*,*,#4691,.F.);
#3501=ORIENTED_EDGE('',*,*,#4692,.T.);
#3502=ORIENTED_EDGE('',*,*,#4693,.T.);
#3503=ORIENTED_EDGE('',*,*,#4692,.F.);
#3504=ORIENTED_EDGE('',*,*,#4694,.F.);
#3505=ORIENTED_EDGE('',*,*,#4636,.T.);
#3506=ORIENTED_EDGE('',*,*,#4695,.T.);
#3507=ORIENTED_EDGE('',*,*,#4696,.T.);
#3508=ORIENTED_EDGE('',*,*,#4697,.T.);
#3509=ORIENTED_EDGE('',*,*,#4638,.F.);
#3510=ORIENTED_EDGE('',*,*,#4698,.F.);
#3511=ORIENTED_EDGE('',*,*,#4690,.T.);
#3512=ORIENTED_EDGE('',*,*,#4691,.T.);
#3513=ORIENTED_EDGE('',*,*,#4698,.T.);
#3514=ORIENTED_EDGE('',*,*,#4637,.T.);
#3515=ORIENTED_EDGE('',*,*,#4694,.T.);
#3516=ORIENTED_EDGE('',*,*,#4699,.T.);
#3517=ORIENTED_EDGE('',*,*,#4700,.F.);
#3518=ORIENTED_EDGE('',*,*,#4701,.F.);
#3519=ORIENTED_EDGE('',*,*,#4702,.T.);
#3520=ORIENTED_EDGE('',*,*,#4703,.T.);
#3521=ORIENTED_EDGE('',*,*,#4704,.T.);
#3522=ORIENTED_EDGE('',*,*,#4705,.T.);
#3523=ORIENTED_EDGE('',*,*,#4702,.F.);
#3524=ORIENTED_EDGE('',*,*,#4706,.F.);
#3525=ORIENTED_EDGE('',*,*,#4640,.T.);
#3526=ORIENTED_EDGE('',*,*,#4707,.T.);
#3527=ORIENTED_EDGE('',*,*,#4708,.T.);
#3528=ORIENTED_EDGE('',*,*,#4709,.T.);
#3529=ORIENTED_EDGE('',*,*,#4642,.F.);
#3530=ORIENTED_EDGE('',*,*,#4710,.F.);
#3531=ORIENTED_EDGE('',*,*,#4700,.T.);
#3532=ORIENTED_EDGE('',*,*,#4701,.T.);
#3533=ORIENTED_EDGE('',*,*,#4710,.T.);
#3534=ORIENTED_EDGE('',*,*,#4641,.T.);
#3535=ORIENTED_EDGE('',*,*,#4706,.T.);
#3536=ORIENTED_EDGE('',*,*,#4711,.T.);
#3537=ORIENTED_EDGE('',*,*,#4712,.F.);
#3538=ORIENTED_EDGE('',*,*,#4713,.F.);
#3539=ORIENTED_EDGE('',*,*,#4714,.T.);
#3540=ORIENTED_EDGE('',*,*,#4715,.T.);
#3541=ORIENTED_EDGE('',*,*,#4716,.T.);
#3542=ORIENTED_EDGE('',*,*,#4717,.T.);
#3543=ORIENTED_EDGE('',*,*,#4714,.F.);
#3544=ORIENTED_EDGE('',*,*,#4718,.F.);
#3545=ORIENTED_EDGE('',*,*,#4644,.T.);
#3546=ORIENTED_EDGE('',*,*,#4719,.T.);
#3547=ORIENTED_EDGE('',*,*,#4720,.T.);
#3548=ORIENTED_EDGE('',*,*,#4721,.T.);
#3549=ORIENTED_EDGE('',*,*,#4646,.F.);
#3550=ORIENTED_EDGE('',*,*,#4722,.F.);
#3551=ORIENTED_EDGE('',*,*,#4712,.T.);
#3552=ORIENTED_EDGE('',*,*,#4713,.T.);
#3553=ORIENTED_EDGE('',*,*,#4722,.T.);
#3554=ORIENTED_EDGE('',*,*,#4645,.T.);
#3555=ORIENTED_EDGE('',*,*,#4718,.T.);
#3556=ORIENTED_EDGE('',*,*,#4647,.T.);
#3557=ORIENTED_EDGE('',*,*,#4721,.F.);
#3558=ORIENTED_EDGE('',*,*,#4723,.T.);
#3559=ORIENTED_EDGE('',*,*,#4671,.F.);
#3560=ORIENTED_EDGE('',*,*,#4723,.F.);
#3561=ORIENTED_EDGE('',*,*,#4720,.F.);
#3562=ORIENTED_EDGE('',*,*,#4724,.T.);
#3563=ORIENTED_EDGE('',*,*,#4725,.F.);
#3564=ORIENTED_EDGE('',*,*,#4726,.F.);
#3565=ORIENTED_EDGE('',*,*,#4727,.T.);
#3566=ORIENTED_EDGE('',*,*,#4728,.T.);
#3567=ORIENTED_EDGE('',*,*,#4672,.F.);
#3568=ORIENTED_EDGE('',*,*,#4729,.T.);
#3569=ORIENTED_EDGE('',*,*,#4715,.F.);
#3570=ORIENTED_EDGE('',*,*,#4643,.T.);
#3571=ORIENTED_EDGE('',*,*,#4709,.F.);
#3572=ORIENTED_EDGE('',*,*,#4730,.T.);
#3573=ORIENTED_EDGE('',*,*,#4731,.F.);
#3574=ORIENTED_EDGE('',*,*,#4732,.F.);
#3575=ORIENTED_EDGE('',*,*,#4733,.T.);
#3576=ORIENTED_EDGE('',*,*,#4734,.T.);
#3577=ORIENTED_EDGE('',*,*,#4716,.F.);
#3578=ORIENTED_EDGE('',*,*,#4729,.F.);
#3579=ORIENTED_EDGE('',*,*,#4708,.F.);
#3580=ORIENTED_EDGE('',*,*,#4735,.T.);
#3581=ORIENTED_EDGE('',*,*,#4703,.F.);
#3582=ORIENTED_EDGE('',*,*,#4639,.T.);
#3583=ORIENTED_EDGE('',*,*,#4697,.F.);
#3584=ORIENTED_EDGE('',*,*,#4736,.T.);
#3585=ORIENTED_EDGE('',*,*,#4737,.F.);
#3586=ORIENTED_EDGE('',*,*,#4738,.F.);
#3587=ORIENTED_EDGE('',*,*,#4739,.T.);
#3588=ORIENTED_EDGE('',*,*,#4740,.T.);
#3589=ORIENTED_EDGE('',*,*,#4704,.F.);
#3590=ORIENTED_EDGE('',*,*,#4735,.F.);
#3591=ORIENTED_EDGE('',*,*,#4696,.F.);
#3592=ORIENTED_EDGE('',*,*,#4741,.T.);
#3593=ORIENTED_EDGE('',*,*,#4742,.F.);
#3594=ORIENTED_EDGE('',*,*,#4743,.F.);
#3595=ORIENTED_EDGE('',*,*,#4744,.T.);
#3596=ORIENTED_EDGE('',*,*,#4745,.T.);
#3597=ORIENTED_EDGE('',*,*,#4680,.F.);
#3598=ORIENTED_EDGE('',*,*,#4746,.F.);
#3599=ORIENTED_EDGE('',*,*,#4676,.F.);
#3600=ORIENTED_EDGE('',*,*,#4746,.T.);
#3601=ORIENTED_EDGE('',*,*,#4679,.F.);
#3602=ORIENTED_EDGE('',*,*,#4651,.T.);
#3603=ORIENTED_EDGE('',*,*,#4677,.F.);
#3604=ORIENTED_EDGE('',*,*,#4747,.T.);
#3605=ORIENTED_EDGE('',*,*,#4610,.F.);
#3606=ORIENTED_EDGE('',*,*,#4748,.F.);
#3607=ORIENTED_EDGE('',*,*,#4725,.T.);
#3608=ORIENTED_EDGE('',*,*,#4749,.T.);
#3609=ORIENTED_EDGE('',*,*,#4727,.F.);
#3610=ORIENTED_EDGE('',*,*,#4750,.F.);
#3611=ORIENTED_EDGE('',*,*,#4608,.T.);
#3612=ORIENTED_EDGE('',*,*,#4748,.T.);
#3613=ORIENTED_EDGE('',*,*,#4609,.T.);
#3614=ORIENTED_EDGE('',*,*,#4750,.T.);
#3615=ORIENTED_EDGE('',*,*,#4726,.T.);
#3616=ORIENTED_EDGE('',*,*,#4751,.T.);
#3617=ORIENTED_EDGE('',*,*,#4606,.F.);
#3618=ORIENTED_EDGE('',*,*,#4752,.F.);
#3619=ORIENTED_EDGE('',*,*,#4742,.T.);
#3620=ORIENTED_EDGE('',*,*,#4753,.T.);
#3621=ORIENTED_EDGE('',*,*,#4744,.F.);
#3622=ORIENTED_EDGE('',*,*,#4754,.F.);
#3623=ORIENTED_EDGE('',*,*,#4604,.T.);
#3624=ORIENTED_EDGE('',*,*,#4752,.T.);
#3625=ORIENTED_EDGE('',*,*,#4605,.T.);
#3626=ORIENTED_EDGE('',*,*,#4754,.T.);
#3627=ORIENTED_EDGE('',*,*,#4743,.T.);
#3628=ORIENTED_EDGE('',*,*,#4755,.T.);
#3629=ORIENTED_EDGE('',*,*,#4618,.F.);
#3630=ORIENTED_EDGE('',*,*,#4756,.F.);
#3631=ORIENTED_EDGE('',*,*,#4737,.T.);
#3632=ORIENTED_EDGE('',*,*,#4757,.T.);
#3633=ORIENTED_EDGE('',*,*,#4739,.F.);
#3634=ORIENTED_EDGE('',*,*,#4758,.F.);
#3635=ORIENTED_EDGE('',*,*,#4616,.T.);
#3636=ORIENTED_EDGE('',*,*,#4738,.T.);
#3637=ORIENTED_EDGE('',*,*,#4756,.T.);
#3638=ORIENTED_EDGE('',*,*,#4617,.F.);
#3639=ORIENTED_EDGE('',*,*,#4758,.T.);
#3640=ORIENTED_EDGE('',*,*,#4759,.T.);
#3641=ORIENTED_EDGE('',*,*,#4614,.F.);
#3642=ORIENTED_EDGE('',*,*,#4760,.F.);
#3643=ORIENTED_EDGE('',*,*,#4731,.T.);
#3644=ORIENTED_EDGE('',*,*,#4761,.T.);
#3645=ORIENTED_EDGE('',*,*,#4733,.F.);
#3646=ORIENTED_EDGE('',*,*,#4762,.F.);
#3647=ORIENTED_EDGE('',*,*,#4612,.T.);
#3648=ORIENTED_EDGE('',*,*,#4732,.T.);
#3649=ORIENTED_EDGE('',*,*,#4760,.T.);
#3650=ORIENTED_EDGE('',*,*,#4613,.F.);
#3651=ORIENTED_EDGE('',*,*,#4762,.T.);
#3652=ORIENTED_EDGE('',*,*,#4621,.F.);
#3653=ORIENTED_EDGE('',*,*,#4623,.F.);
#3654=ORIENTED_EDGE('',*,*,#4763,.F.);
#3655=ORIENTED_EDGE('',*,*,#4664,.F.);
#3656=ORIENTED_EDGE('',*,*,#4763,.T.);
#3657=ORIENTED_EDGE('',*,*,#4626,.F.);
#3658=ORIENTED_EDGE('',*,*,#4764,.F.);
#3659=ORIENTED_EDGE('',*,*,#4665,.F.);
#3660=ORIENTED_EDGE('',*,*,#4765,.T.);
#3661=ORIENTED_EDGE('',*,*,#4659,.F.);
#3662=ORIENTED_EDGE('',*,*,#4766,.F.);
#3663=ORIENTED_EDGE('',*,*,#4662,.F.);
#3664=ORIENTED_EDGE('',*,*,#4766,.T.);
#3665=ORIENTED_EDGE('',*,*,#4597,.F.);
#3666=ORIENTED_EDGE('',*,*,#4601,.F.);
#3667=ORIENTED_EDGE('',*,*,#4663,.F.);
#3668=ORIENTED_EDGE('',*,*,#4629,.F.);
#3669=ORIENTED_EDGE('',*,*,#4634,.T.);
#3670=ORIENTED_EDGE('',*,*,#4666,.F.);
#3671=ORIENTED_EDGE('',*,*,#4764,.T.);
#3672=ORIENTED_EDGE('',*,*,#4661,.F.);
#3673=ORIENTED_EDGE('',*,*,#4632,.T.);
#3674=ORIENTED_EDGE('',*,*,#4656,.F.);
#3675=ORIENTED_EDGE('',*,*,#4765,.F.);
#3676=ORIENTED_EDGE('',*,*,#4753,.F.);
#3677=ORIENTED_EDGE('',*,*,#4603,.F.);
#3678=ORIENTED_EDGE('',*,*,#4592,.T.);
#3679=ORIENTED_EDGE('',*,*,#4589,.T.);
#3680=ORIENTED_EDGE('',*,*,#4594,.T.);
#3681=ORIENTED_EDGE('',*,*,#4602,.F.);
#3682=ORIENTED_EDGE('',*,*,#4599,.F.);
#3683=ORIENTED_EDGE('',*,*,#4660,.F.);
#3684=ORIENTED_EDGE('',*,*,#4657,.F.);
#3685=ORIENTED_EDGE('',*,*,#4655,.F.);
#3686=ORIENTED_EDGE('',*,*,#4684,.F.);
#3687=ORIENTED_EDGE('',*,*,#4687,.F.);
#3688=ORIENTED_EDGE('',*,*,#4681,.F.);
#3689=ORIENTED_EDGE('',*,*,#4745,.F.);
#3690=ORIENTED_EDGE('',*,*,#4749,.F.);
#3691=ORIENTED_EDGE('',*,*,#4607,.F.);
#3692=ORIENTED_EDGE('',*,*,#4751,.F.);
#3693=ORIENTED_EDGE('',*,*,#4741,.F.);
#3694=ORIENTED_EDGE('',*,*,#4675,.F.);
#3695=ORIENTED_EDGE('',*,*,#4667,.F.);
#3696=ORIENTED_EDGE('',*,*,#4673,.F.);
#3697=ORIENTED_EDGE('',*,*,#4728,.F.);
#3698=ORIENTED_EDGE('',*,*,#4761,.F.);
#3699=ORIENTED_EDGE('',*,*,#4611,.F.);
#3700=ORIENTED_EDGE('',*,*,#4747,.F.);
#3701=ORIENTED_EDGE('',*,*,#4724,.F.);
#3702=ORIENTED_EDGE('',*,*,#4719,.F.);
#3703=ORIENTED_EDGE('',*,*,#4711,.F.);
#3704=ORIENTED_EDGE('',*,*,#4717,.F.);
#3705=ORIENTED_EDGE('',*,*,#4734,.F.);
#3706=ORIENTED_EDGE('',*,*,#4619,.F.);
#3707=ORIENTED_EDGE('',*,*,#4755,.F.);
#3708=ORIENTED_EDGE('',*,*,#4736,.F.);
#3709=ORIENTED_EDGE('',*,*,#4695,.F.);
#3710=ORIENTED_EDGE('',*,*,#4689,.F.);
#3711=ORIENTED_EDGE('',*,*,#4693,.F.);
#3712=ORIENTED_EDGE('',*,*,#4635,.F.);
#3713=ORIENTED_EDGE('',*,*,#4630,.F.);
#3714=ORIENTED_EDGE('',*,*,#4627,.F.);
#3715=ORIENTED_EDGE('',*,*,#4624,.F.);
#3716=ORIENTED_EDGE('',*,*,#4757,.F.);
#3717=ORIENTED_EDGE('',*,*,#4615,.F.);
#3718=ORIENTED_EDGE('',*,*,#4759,.F.);
#3719=ORIENTED_EDGE('',*,*,#4730,.F.);
#3720=ORIENTED_EDGE('',*,*,#4707,.F.);
#3721=ORIENTED_EDGE('',*,*,#4699,.F.);
#3722=ORIENTED_EDGE('',*,*,#4705,.F.);
#3723=ORIENTED_EDGE('',*,*,#4740,.F.);
#3724=ORIENTED_EDGE('',*,*,#4767,.T.);
#3725=ORIENTED_EDGE('',*,*,#4768,.F.);
#3726=ORIENTED_EDGE('',*,*,#4769,.T.);
#3727=ORIENTED_EDGE('',*,*,#4770,.T.);
#3728=ORIENTED_EDGE('',*,*,#4771,.T.);
#3729=ORIENTED_EDGE('',*,*,#4772,.F.);
#3730=ORIENTED_EDGE('',*,*,#4773,.T.);
#3731=ORIENTED_EDGE('',*,*,#4774,.T.);
#3732=ORIENTED_EDGE('',*,*,#4775,.T.);
#3733=ORIENTED_EDGE('',*,*,#4776,.T.);
#3734=ORIENTED_EDGE('',*,*,#4777,.T.);
#3735=ORIENTED_EDGE('',*,*,#4769,.F.);
#3736=ORIENTED_EDGE('',*,*,#4778,.T.);
#3737=ORIENTED_EDGE('',*,*,#4775,.F.);
#3738=ORIENTED_EDGE('',*,*,#4779,.T.);
#3739=ORIENTED_EDGE('',*,*,#4780,.T.);
#3740=ORIENTED_EDGE('',*,*,#4781,.T.);
#3741=ORIENTED_EDGE('',*,*,#4782,.T.);
#3742=ORIENTED_EDGE('',*,*,#4783,.T.);
#3743=ORIENTED_EDGE('',*,*,#4784,.T.);
#3744=ORIENTED_EDGE('',*,*,#4785,.F.);
#3745=ORIENTED_EDGE('',*,*,#4786,.T.);
#3746=ORIENTED_EDGE('',*,*,#4787,.T.);
#3747=ORIENTED_EDGE('',*,*,#4788,.T.);
#3748=ORIENTED_EDGE('',*,*,#4789,.T.);
#3749=ORIENTED_EDGE('',*,*,#4790,.T.);
#3750=ORIENTED_EDGE('',*,*,#4791,.T.);
#3751=ORIENTED_EDGE('',*,*,#4787,.F.);
#3752=ORIENTED_EDGE('',*,*,#4792,.T.);
#3753=ORIENTED_EDGE('',*,*,#4786,.F.);
#3754=ORIENTED_EDGE('',*,*,#4793,.T.);
#3755=ORIENTED_EDGE('',*,*,#4794,.F.);
#3756=ORIENTED_EDGE('',*,*,#4795,.F.);
#3757=ORIENTED_EDGE('',*,*,#4796,.T.);
#3758=ORIENTED_EDGE('',*,*,#4797,.T.);
#3759=ORIENTED_EDGE('',*,*,#4798,.F.);
#3760=ORIENTED_EDGE('',*,*,#4799,.F.);
#3761=ORIENTED_EDGE('',*,*,#4794,.T.);
#3762=ORIENTED_EDGE('',*,*,#4800,.T.);
#3763=ORIENTED_EDGE('',*,*,#4801,.F.);
#3764=ORIENTED_EDGE('',*,*,#4802,.F.);
#3765=ORIENTED_EDGE('',*,*,#4798,.T.);
#3766=ORIENTED_EDGE('',*,*,#4803,.T.);
#3767=ORIENTED_EDGE('',*,*,#4804,.F.);
#3768=ORIENTED_EDGE('',*,*,#4805,.F.);
#3769=ORIENTED_EDGE('',*,*,#4801,.T.);
#3770=ORIENTED_EDGE('',*,*,#4806,.T.);
#3771=ORIENTED_EDGE('',*,*,#4807,.F.);
#3772=ORIENTED_EDGE('',*,*,#4808,.F.);
#3773=ORIENTED_EDGE('',*,*,#4804,.T.);
#3774=ORIENTED_EDGE('',*,*,#4809,.T.);
#3775=ORIENTED_EDGE('',*,*,#4796,.F.);
#3776=ORIENTED_EDGE('',*,*,#4810,.F.);
#3777=ORIENTED_EDGE('',*,*,#4807,.T.);
#3778=ORIENTED_EDGE('',*,*,#4780,.F.);
#3779=ORIENTED_EDGE('',*,*,#4795,.T.);
#3780=ORIENTED_EDGE('',*,*,#4799,.T.);
#3781=ORIENTED_EDGE('',*,*,#4802,.T.);
#3782=ORIENTED_EDGE('',*,*,#4805,.T.);
#3783=ORIENTED_EDGE('',*,*,#4808,.T.);
#3784=ORIENTED_EDGE('',*,*,#4810,.T.);
#3785=ORIENTED_EDGE('',*,*,#4767,.F.);
#3786=ORIENTED_EDGE('',*,*,#4793,.F.);
#3787=ORIENTED_EDGE('',*,*,#4809,.F.);
#3788=ORIENTED_EDGE('',*,*,#4806,.F.);
#3789=ORIENTED_EDGE('',*,*,#4803,.F.);
#3790=ORIENTED_EDGE('',*,*,#4800,.F.);
#3791=ORIENTED_EDGE('',*,*,#4797,.F.);
#3792=ORIENTED_EDGE('',*,*,#4772,.T.);
#3793=ORIENTED_EDGE('',*,*,#4788,.F.);
#3794=ORIENTED_EDGE('',*,*,#4791,.F.);
#3795=ORIENTED_EDGE('',*,*,#4785,.T.);
#3796=ORIENTED_EDGE('',*,*,#4811,.F.);
#3797=ORIENTED_EDGE('',*,*,#4812,.F.);
#3798=ORIENTED_EDGE('',*,*,#4812,.T.);
#3799=ORIENTED_EDGE('',*,*,#4813,.F.);
#3800=ORIENTED_EDGE('',*,*,#4814,.F.);
#3801=ORIENTED_EDGE('',*,*,#4789,.F.);
#3802=ORIENTED_EDGE('',*,*,#4814,.T.);
#3803=ORIENTED_EDGE('',*,*,#4815,.F.);
#3804=ORIENTED_EDGE('',*,*,#4781,.F.);
#3805=ORIENTED_EDGE('',*,*,#4792,.F.);
#3806=ORIENTED_EDGE('',*,*,#4790,.F.);
#3807=ORIENTED_EDGE('',*,*,#4816,.T.);
#3808=ORIENTED_EDGE('',*,*,#4811,.T.);
#3809=ORIENTED_EDGE('',*,*,#4784,.F.);
#3810=ORIENTED_EDGE('',*,*,#4817,.T.);
#3811=ORIENTED_EDGE('',*,*,#4813,.T.);
#3812=ORIENTED_EDGE('',*,*,#4816,.F.);
#3813=ORIENTED_EDGE('',*,*,#4783,.F.);
#3814=ORIENTED_EDGE('',*,*,#4815,.T.);
#3815=ORIENTED_EDGE('',*,*,#4817,.F.);
#3816=ORIENTED_EDGE('',*,*,#4782,.F.);
#3817=ORIENTED_EDGE('',*,*,#4771,.F.);
#3818=ORIENTED_EDGE('',*,*,#4818,.T.);
#3819=ORIENTED_EDGE('',*,*,#4819,.F.);
#3820=ORIENTED_EDGE('',*,*,#4820,.F.);
#3821=ORIENTED_EDGE('',*,*,#4768,.T.);
#3822=ORIENTED_EDGE('',*,*,#4820,.T.);
#3823=ORIENTED_EDGE('',*,*,#4821,.F.);
#3824=ORIENTED_EDGE('',*,*,#4776,.F.);
#3825=ORIENTED_EDGE('',*,*,#4778,.F.);
#3826=ORIENTED_EDGE('',*,*,#4770,.F.);
#3827=ORIENTED_EDGE('',*,*,#4779,.F.);
#3828=ORIENTED_EDGE('',*,*,#4774,.F.);
#3829=ORIENTED_EDGE('',*,*,#4773,.F.);
#3830=ORIENTED_EDGE('',*,*,#4822,.T.);
#3831=ORIENTED_EDGE('',*,*,#4818,.F.);
#3832=ORIENTED_EDGE('',*,*,#4819,.T.);
#3833=ORIENTED_EDGE('',*,*,#4822,.F.);
#3834=ORIENTED_EDGE('',*,*,#4777,.F.);
#3835=ORIENTED_EDGE('',*,*,#4821,.T.);
#3836=EDGE_CURVE('',#4823,#4823,#5507,.T.);
#3837=EDGE_CURVE('',#4824,#4824,#5508,.T.);
#3838=EDGE_CURVE('',#4825,#4825,#5509,.T.);
#3839=EDGE_CURVE('',#4826,#4826,#5510,.T.);
#3840=EDGE_CURVE('',#4827,#4827,#5511,.T.);
#3841=EDGE_CURVE('',#4828,#4828,#5512,.T.);
#3842=EDGE_CURVE('',#4829,#4829,#5513,.T.);
#3843=EDGE_CURVE('',#4830,#4830,#5514,.T.);
#3844=EDGE_CURVE('',#4831,#4831,#5515,.T.);
#3845=EDGE_CURVE('',#4832,#4832,#5516,.T.);
#3846=EDGE_CURVE('',#4833,#4833,#5517,.T.);
#3847=EDGE_CURVE('',#4834,#4834,#5518,.T.);
#3848=EDGE_CURVE('',#4835,#4835,#5519,.T.);
#3849=EDGE_CURVE('',#4836,#4836,#5520,.T.);
#3850=EDGE_CURVE('',#4837,#4837,#5521,.T.);
#3851=EDGE_CURVE('',#4838,#4838,#5522,.T.);
#3852=EDGE_CURVE('',#4839,#4839,#5523,.T.);
#3853=EDGE_CURVE('',#4840,#4840,#5524,.T.);
#3854=EDGE_CURVE('',#4841,#4841,#5525,.T.);
#3855=EDGE_CURVE('',#4842,#4842,#5526,.T.);
#3856=EDGE_CURVE('',#4843,#4843,#5527,.T.);
#3857=EDGE_CURVE('',#4844,#4844,#5528,.T.);
#3858=EDGE_CURVE('',#4845,#4845,#5529,.T.);
#3859=EDGE_CURVE('',#4846,#4846,#5530,.T.);
#3860=EDGE_CURVE('',#4847,#4847,#5531,.T.);
#3861=EDGE_CURVE('',#4848,#4848,#5532,.T.);
#3862=EDGE_CURVE('',#4849,#4849,#5533,.T.);
#3863=EDGE_CURVE('',#4850,#4850,#5534,.T.);
#3864=EDGE_CURVE('',#4851,#4851,#5535,.T.);
#3865=EDGE_CURVE('',#4852,#4852,#5536,.T.);
#3866=EDGE_CURVE('',#4853,#4854,#323,.T.);
#3867=EDGE_CURVE('',#4854,#4855,#324,.T.);
#3868=EDGE_CURVE('',#4856,#4855,#325,.T.);
#3869=EDGE_CURVE('',#4853,#4856,#326,.T.);
#3870=EDGE_CURVE('',#4857,#4858,#327,.T.);
#3871=EDGE_CURVE('',#4859,#4857,#328,.T.);
#3872=EDGE_CURVE('',#4859,#4860,#329,.T.);
#3873=EDGE_CURVE('',#4860,#4858,#330,.T.);
#3874=EDGE_CURVE('',#4861,#4862,#331,.T.);
#3875=EDGE_CURVE('',#4863,#4861,#332,.T.);
#3876=EDGE_CURVE('',#4863,#4864,#333,.T.);
#3877=EDGE_CURVE('',#4864,#4862,#334,.T.);
#3878=EDGE_CURVE('',#4865,#4866,#335,.T.);
#3879=EDGE_CURVE('',#4867,#4865,#336,.T.);
#3880=EDGE_CURVE('',#4867,#4868,#337,.T.);
#3881=EDGE_CURVE('',#4868,#4866,#338,.T.);
#3882=EDGE_CURVE('',#4869,#4870,#339,.T.);
#3883=EDGE_CURVE('',#4871,#4869,#340,.T.);
#3884=EDGE_CURVE('',#4871,#4872,#341,.T.);
#3885=EDGE_CURVE('',#4872,#4870,#342,.T.);
#3886=EDGE_CURVE('',#4873,#4874,#343,.T.);
#3887=EDGE_CURVE('',#4875,#4873,#344,.T.);
#3888=EDGE_CURVE('',#4875,#4876,#345,.T.);
#3889=EDGE_CURVE('',#4876,#4874,#346,.T.);
#3890=EDGE_CURVE('',#4877,#4878,#347,.T.);
#3891=EDGE_CURVE('',#4879,#4877,#348,.T.);
#3892=EDGE_CURVE('',#4879,#4880,#349,.T.);
#3893=EDGE_CURVE('',#4880,#4878,#350,.T.);
#3894=EDGE_CURVE('',#4881,#4882,#351,.T.);
#3895=EDGE_CURVE('',#4883,#4881,#352,.T.);
#3896=EDGE_CURVE('',#4883,#4884,#353,.T.);
#3897=EDGE_CURVE('',#4884,#4882,#354,.T.);
#3898=EDGE_CURVE('',#4885,#4886,#355,.T.);
#3899=EDGE_CURVE('',#4887,#4885,#356,.T.);
#3900=EDGE_CURVE('',#4887,#4888,#357,.T.);
#3901=EDGE_CURVE('',#4889,#4888,#358,.T.);
#3902=EDGE_CURVE('',#4890,#4889,#5537,.T.);
#3903=EDGE_CURVE('',#4891,#4890,#359,.T.);
#3904=EDGE_CURVE('',#4892,#4891,#5538,.T.);
#3905=EDGE_CURVE('',#4893,#4892,#360,.T.);
#3906=EDGE_CURVE('',#4893,#4894,#361,.T.);
#3907=EDGE_CURVE('',#4894,#4895,#362,.T.);
#3908=EDGE_CURVE('',#4896,#4895,#363,.T.);
#3909=EDGE_CURVE('',#4896,#4897,#364,.T.);
#3910=EDGE_CURVE('',#4898,#4897,#365,.T.);
#3911=EDGE_CURVE('',#4899,#4898,#366,.T.);
#3912=EDGE_CURVE('',#4899,#4900,#367,.T.);
#3913=EDGE_CURVE('',#4901,#4900,#368,.T.);
#3914=EDGE_CURVE('',#4902,#4901,#369,.T.);
#3915=EDGE_CURVE('',#4902,#4903,#370,.T.);
#3916=EDGE_CURVE('',#4903,#4904,#371,.T.);
#3917=EDGE_CURVE('',#4905,#4904,#372,.T.);
#3918=EDGE_CURVE('',#4906,#4905,#5539,.T.);
#3919=EDGE_CURVE('',#4907,#4906,#373,.T.);
#3920=EDGE_CURVE('',#4908,#4907,#5540,.T.);
#3921=EDGE_CURVE('',#4909,#4908,#374,.T.);
#3922=EDGE_CURVE('',#4909,#4910,#375,.T.);
#3923=EDGE_CURVE('',#4911,#4910,#376,.T.);
#3924=EDGE_CURVE('',#4911,#4912,#377,.T.);
#3925=EDGE_CURVE('',#4912,#4913,#378,.T.);
#3926=EDGE_CURVE('',#4913,#4914,#379,.T.);
#3927=EDGE_CURVE('',#4914,#4915,#380,.T.);
#3928=EDGE_CURVE('',#4916,#4915,#381,.T.);
#3929=EDGE_CURVE('',#4886,#4916,#382,.T.);
#3930=EDGE_CURVE('',#4917,#4918,#383,.T.);
#3931=EDGE_CURVE('',#4917,#4919,#5541,.T.);
#3932=EDGE_CURVE('',#4920,#4919,#384,.T.);
#3933=EDGE_CURVE('',#4920,#4921,#385,.T.);
#3934=EDGE_CURVE('',#4922,#4921,#386,.T.);
#3935=EDGE_CURVE('',#4923,#4922,#387,.T.);
#3936=EDGE_CURVE('',#4923,#4924,#388,.T.);
#3937=EDGE_CURVE('',#4924,#4925,#389,.T.);
#3938=EDGE_CURVE('',#4926,#4925,#390,.T.);
#3939=EDGE_CURVE('',#4926,#4927,#391,.T.);
#3940=EDGE_CURVE('',#4927,#4928,#392,.T.);
#3941=EDGE_CURVE('',#4928,#4929,#393,.T.);
#3942=EDGE_CURVE('',#4929,#4930,#394,.T.);
#3943=EDGE_CURVE('',#4930,#4918,#5542,.T.);
#3944=EDGE_CURVE('',#4931,#4931,#5543,.T.);
#3945=EDGE_CURVE('',#4932,#4932,#5544,.T.);
#3946=EDGE_CURVE('',#4933,#4934,#5545,.T.);
#3947=EDGE_CURVE('',#4935,#4933,#395,.T.);
#3948=EDGE_CURVE('',#4936,#4935,#5546,.T.);
#3949=EDGE_CURVE('',#4937,#4936,#396,.T.);
#3950=EDGE_CURVE('',#4938,#4937,#5547,.T.);
#3951=EDGE_CURVE('',#4939,#4938,#397,.T.);
#3952=EDGE_CURVE('',#4940,#4939,#5548,.T.);
#3953=EDGE_CURVE('',#4934,#4940,#398,.T.);
#3954=EDGE_CURVE('',#4941,#4897,#399,.T.);
#3955=EDGE_CURVE('',#4941,#4942,#5549,.T.);
#3956=EDGE_CURVE('',#4943,#4942,#400,.T.);
#3957=EDGE_CURVE('',#4943,#4944,#5550,.T.);
#3958=EDGE_CURVE('',#4916,#4944,#401,.T.);
#3959=EDGE_CURVE('',#4915,#4929,#402,.T.);
#3960=EDGE_CURVE('',#4928,#4945,#403,.T.);
#3961=EDGE_CURVE('',#4945,#4946,#5551,.T.);
#3962=EDGE_CURVE('',#4946,#4925,#404,.T.);
#3963=EDGE_CURVE('',#4947,#4924,#405,.T.);
#3964=EDGE_CURVE('',#4948,#4947,#5552,.T.);
#3965=EDGE_CURVE('',#4921,#4948,#406,.T.);
#3966=EDGE_CURVE('',#4898,#4920,#407,.T.);
#3967=EDGE_CURVE('',#4949,#4911,#408,.T.);
#3968=EDGE_CURVE('',#4949,#4950,#5553,.T.);
#3969=EDGE_CURVE('',#4912,#4950,#409,.T.);
#3970=EDGE_CURVE('',#4913,#4951,#410,.T.);
#3971=EDGE_CURVE('',#4951,#4952,#5554,.T.);
#3972=EDGE_CURVE('',#4952,#4910,#411,.T.);
#3973=EDGE_CURVE('',#4909,#4953,#412,.T.);
#3974=EDGE_CURVE('',#4953,#4954,#413,.T.);
#3975=EDGE_CURVE('',#4954,#4955,#414,.T.);
#3976=EDGE_CURVE('',#4955,#4956,#415,.T.);
#3977=EDGE_CURVE('',#4956,#4914,#416,.T.);
#3978=EDGE_CURVE('',#4957,#4958,#417,.T.);
#3979=EDGE_CURVE('',#4959,#4957,#418,.T.);
#3980=EDGE_CURVE('',#4959,#4960,#419,.T.);
#3981=EDGE_CURVE('',#4960,#4958,#420,.T.);
#3982=EDGE_CURVE('',#4961,#4962,#421,.T.);
#3983=EDGE_CURVE('',#4963,#4961,#422,.T.);
#3984=EDGE_CURVE('',#4964,#4963,#423,.T.);
#3985=EDGE_CURVE('',#4964,#4965,#424,.T.);
#3986=EDGE_CURVE('',#4965,#4962,#425,.T.);
#3987=EDGE_CURVE('',#4966,#4966,#5555,.T.);
#3988=EDGE_CURVE('',#4967,#4961,#426,.T.);
#3989=EDGE_CURVE('',#4968,#4967,#427,.T.);
#3990=EDGE_CURVE('',#4963,#4968,#428,.T.);
#3991=EDGE_CURVE('',#4969,#4903,#429,.T.);
#3992=EDGE_CURVE('',#4970,#4969,#5556,.T.);
#3993=EDGE_CURVE('',#4900,#4970,#430,.T.);
#3994=EDGE_CURVE('',#4968,#4899,#431,.T.);
#3995=EDGE_CURVE('',#4971,#4967,#432,.T.);
#3996=EDGE_CURVE('',#4971,#4972,#433,.T.);
#3997=EDGE_CURVE('',#4904,#4972,#434,.T.);
#3998=EDGE_CURVE('',#4973,#4974,#435,.T.);
#3999=EDGE_CURVE('',#4973,#4975,#436,.T.);
#4000=EDGE_CURVE('',#4976,#4975,#5557,.T.);
#4001=EDGE_CURVE('',#4976,#4977,#437,.T.);
#4002=EDGE_CURVE('',#4977,#4974,#438,.T.);
#4003=EDGE_CURVE('',#4978,#4979,#5558,.T.);
#4004=EDGE_CURVE('',#4978,#4965,#439,.T.);
#4005=EDGE_CURVE('',#4980,#4964,#440,.T.);
#4006=EDGE_CURVE('',#4980,#4979,#441,.T.);
#4007=EDGE_CURVE('',#4981,#4982,#442,.T.);
#4008=EDGE_CURVE('',#4981,#4983,#443,.T.);
#4009=EDGE_CURVE('',#4983,#4973,#444,.T.);
#4010=EDGE_CURVE('',#4974,#4982,#445,.T.);
#4011=EDGE_CURVE('',#4984,#4985,#446,.T.);
#4012=EDGE_CURVE('',#4891,#4984,#447,.T.);
#4013=EDGE_CURVE('',#4890,#4985,#448,.T.);
#4014=EDGE_CURVE('',#4986,#4986,#5559,.T.);
#4015=EDGE_CURVE('',#4955,#4981,#449,.T.);
#4016=EDGE_CURVE('',#4982,#4956,#450,.T.);
#4017=EDGE_CURVE('',#4987,#4987,#5560,.T.);
#4018=EDGE_CURVE('',#4988,#4988,#5561,.T.);
#4019=EDGE_CURVE('',#4989,#4989,#5562,.T.);
#4020=EDGE_CURVE('',#4990,#4990,#5563,.T.);
#4021=EDGE_CURVE('',#4991,#4991,#5564,.T.);
#4022=EDGE_CURVE('',#4992,#4992,#5565,.T.);
#4023=EDGE_CURVE('',#4993,#4994,#451,.T.);
#4024=EDGE_CURVE('',#4993,#4995,#452,.T.);
#4025=EDGE_CURVE('',#4996,#4995,#5566,.T.);
#4026=EDGE_CURVE('',#4997,#4996,#5567,.T.);
#4027=EDGE_CURVE('',#4997,#4998,#453,.T.);
#4028=EDGE_CURVE('',#4999,#4998,#454,.T.);
#4029=EDGE_CURVE('',#5000,#4999,#455,.T.);
#4030=EDGE_CURVE('',#4984,#5000,#5568,.T.);
#4031=EDGE_CURVE('',#5001,#4985,#5569,.T.);
#4032=EDGE_CURVE('',#5002,#5001,#456,.T.);
#4033=EDGE_CURVE('',#5003,#5002,#457,.T.);
#4034=EDGE_CURVE('',#5003,#5004,#458,.T.);
#4035=EDGE_CURVE('',#5005,#5004,#5570,.T.);
#4036=EDGE_CURVE('',#5006,#5005,#5571,.T.);
#4037=EDGE_CURVE('',#5006,#5007,#459,.T.);
#4038=EDGE_CURVE('',#5008,#5007,#460,.T.);
#4039=EDGE_CURVE('',#5008,#5009,#461,.T.);
#4040=EDGE_CURVE('',#5010,#5009,#5572,.T.);
#4041=EDGE_CURVE('',#5011,#5010,#5573,.T.);
#4042=EDGE_CURVE('',#5011,#5012,#462,.T.);
#4043=EDGE_CURVE('',#5013,#5012,#463,.T.);
#4044=EDGE_CURVE('',#5013,#5014,#464,.T.);
#4045=EDGE_CURVE('',#5015,#5014,#5574,.T.);
#4046=EDGE_CURVE('',#5016,#5015,#5575,.T.);
#4047=EDGE_CURVE('',#5016,#5017,#465,.T.);
#4048=EDGE_CURVE('',#5018,#5017,#466,.T.);
#4049=EDGE_CURVE('',#5018,#5019,#467,.T.);
#4050=EDGE_CURVE('',#5020,#5019,#5576,.T.);
#4051=EDGE_CURVE('',#5021,#5020,#5577,.T.);
#4052=EDGE_CURVE('',#5021,#4994,#468,.T.);
#4053=EDGE_CURVE('',#5022,#5022,#5578,.T.);
#4054=EDGE_CURVE('',#5023,#5023,#5579,.T.);
#4055=EDGE_CURVE('',#5024,#5024,#5580,.T.);
#4056=EDGE_CURVE('',#5025,#5025,#5581,.T.);
#4057=EDGE_CURVE('',#4894,#4998,#469,.T.);
#4058=EDGE_CURVE('',#4893,#4999,#470,.T.);
#4059=EDGE_CURVE('',#5026,#5027,#471,.T.);
#4060=EDGE_CURVE('',#5026,#4917,#472,.T.);
#4061=EDGE_CURVE('',#4918,#5027,#473,.T.);
#4062=EDGE_CURVE('',#5028,#5029,#474,.T.);
#4063=EDGE_CURVE('',#5028,#5026,#5582,.T.);
#4064=EDGE_CURVE('',#5027,#5030,#5583,.T.);
#4065=EDGE_CURVE('',#5030,#5031,#475,.T.);
#4066=EDGE_CURVE('',#5029,#5031,#476,.T.);
#4067=EDGE_CURVE('',#5031,#4977,#477,.T.);
#4068=EDGE_CURVE('',#4907,#4976,#478,.T.);
#4069=EDGE_CURVE('',#4906,#4979,#479,.T.);
#4070=EDGE_CURVE('',#5029,#4980,#480,.T.);
#4071=EDGE_CURVE('',#4919,#5028,#481,.T.);
#4072=EDGE_CURVE('',#5030,#4930,#482,.T.);
#4073=EDGE_CURVE('',#4908,#4975,#483,.T.);
#4074=EDGE_CURVE('',#4905,#4978,#484,.T.);
#4075=EDGE_CURVE('',#4975,#4953,#485,.T.);
#4076=EDGE_CURVE('',#4972,#4978,#486,.T.);
#4077=EDGE_CURVE('',#4892,#5000,#487,.T.);
#4078=EDGE_CURVE('',#4889,#5001,#488,.T.);
#4079=EDGE_CURVE('',#4888,#5002,#489,.T.);
#4080=EDGE_CURVE('',#4962,#4971,#490,.T.);
#4081=EDGE_CURVE('',#5032,#4902,#491,.T.);
#4082=EDGE_CURVE('',#5032,#4947,#492,.T.);
#4083=EDGE_CURVE('',#5033,#4923,#493,.T.);
#4084=EDGE_CURVE('',#5033,#4969,#494,.T.);
#4085=EDGE_CURVE('',#5033,#5034,#5584,.T.);
#4086=EDGE_CURVE('',#5034,#4970,#495,.T.);
#4087=EDGE_CURVE('',#4922,#5034,#496,.T.);
#4088=EDGE_CURVE('',#5035,#4948,#497,.T.);
#4089=EDGE_CURVE('',#4901,#5035,#498,.T.);
#4090=EDGE_CURVE('',#5032,#5035,#5585,.T.);
#4091=EDGE_CURVE('',#4954,#4983,#499,.T.);
#4092=EDGE_CURVE('',#4927,#5036,#500,.T.);
#4093=EDGE_CURVE('',#5036,#4951,#501,.T.);
#4094=EDGE_CURVE('',#4950,#4945,#502,.T.);
#4095=EDGE_CURVE('',#5037,#5036,#5586,.T.);
#4096=EDGE_CURVE('',#5037,#4952,#503,.T.);
#4097=EDGE_CURVE('',#5037,#4926,#504,.T.);
#4098=EDGE_CURVE('',#4949,#4946,#505,.T.);
#4099=EDGE_CURVE('',#5038,#4896,#506,.T.);
#4100=EDGE_CURVE('',#5038,#4941,#507,.T.);
#4101=EDGE_CURVE('',#4942,#5039,#508,.T.);
#4102=EDGE_CURVE('',#5040,#5039,#509,.T.);
#4103=EDGE_CURVE('',#5040,#4943,#510,.T.);
#4104=EDGE_CURVE('',#4944,#5041,#511,.T.);
#4105=EDGE_CURVE('',#4886,#5041,#512,.T.);
#4106=EDGE_CURVE('',#5042,#4855,#513,.T.);
#4107=EDGE_CURVE('',#5043,#5042,#514,.T.);
#4108=EDGE_CURVE('',#4885,#5043,#515,.T.);
#4109=EDGE_CURVE('',#5041,#5040,#5587,.T.);
#4110=EDGE_CURVE('',#5039,#5038,#5588,.T.);
#4111=EDGE_CURVE('',#5044,#4895,#516,.T.);
#4112=EDGE_CURVE('',#5045,#5044,#517,.T.);
#4113=EDGE_CURVE('',#4857,#5045,#518,.T.);
#4114=EDGE_CURVE('',#5046,#4858,#519,.T.);
#4115=EDGE_CURVE('',#5047,#5046,#520,.T.);
#4116=EDGE_CURVE('',#4861,#5047,#521,.T.);
#4117=EDGE_CURVE('',#5048,#4862,#522,.T.);
#4118=EDGE_CURVE('',#5049,#5048,#523,.T.);
#4119=EDGE_CURVE('',#4865,#5049,#524,.T.);
#4120=EDGE_CURVE('',#5050,#4866,#525,.T.);
#4121=EDGE_CURVE('',#5051,#5050,#526,.T.);
#4122=EDGE_CURVE('',#4869,#5051,#527,.T.);
#4123=EDGE_CURVE('',#5052,#4870,#528,.T.);
#4124=EDGE_CURVE('',#5053,#5052,#529,.T.);
#4125=EDGE_CURVE('',#4873,#5053,#530,.T.);
#4126=EDGE_CURVE('',#5054,#4874,#531,.T.);
#4127=EDGE_CURVE('',#5055,#5054,#532,.T.);
#4128=EDGE_CURVE('',#4877,#5055,#533,.T.);
#4129=EDGE_CURVE('',#5056,#4878,#534,.T.);
#4130=EDGE_CURVE('',#5057,#5056,#535,.T.);
#4131=EDGE_CURVE('',#4881,#5057,#536,.T.);
#4132=EDGE_CURVE('',#5058,#4882,#537,.T.);
#4133=EDGE_CURVE('',#5059,#5058,#538,.T.);
#4134=EDGE_CURVE('',#4957,#5059,#539,.T.);
#4135=EDGE_CURVE('',#5060,#4958,#540,.T.);
#4136=EDGE_CURVE('',#5061,#5060,#541,.T.);
#4137=EDGE_CURVE('',#4856,#5061,#542,.T.);
#4138=EDGE_CURVE('',#5062,#4934,#543,.T.);
#4139=EDGE_CURVE('',#5063,#5062,#5589,.T.);
#4140=EDGE_CURVE('',#5063,#4933,#544,.T.);
#4141=EDGE_CURVE('',#5064,#4940,#545,.T.);
#4142=EDGE_CURVE('',#5062,#5064,#546,.T.);
#4143=EDGE_CURVE('',#5065,#4939,#547,.T.);
#4144=EDGE_CURVE('',#5064,#5065,#5590,.T.);
#4145=EDGE_CURVE('',#5066,#4938,#548,.T.);
#4146=EDGE_CURVE('',#5065,#5066,#549,.T.);
#4147=EDGE_CURVE('',#5067,#4937,#550,.T.);
#4148=EDGE_CURVE('',#5066,#5067,#5591,.T.);
#4149=EDGE_CURVE('',#5068,#4936,#551,.T.);
#4150=EDGE_CURVE('',#5067,#5068,#552,.T.);
#4151=EDGE_CURVE('',#5069,#4935,#553,.T.);
#4152=EDGE_CURVE('',#5068,#5069,#5592,.T.);
#4153=EDGE_CURVE('',#5069,#5063,#554,.T.);
#4154=EDGE_CURVE('',#5070,#5070,#5593,.T.);
#4155=EDGE_CURVE('',#5071,#5071,#5594,.T.);
#4156=EDGE_CURVE('',#5072,#5072,#5595,.T.);
#4157=EDGE_CURVE('',#5073,#5073,#5596,.T.);
#4158=EDGE_CURVE('',#5074,#5074,#5597,.T.);
#4159=EDGE_CURVE('',#5075,#5075,#5598,.T.);
#4160=EDGE_CURVE('',#5076,#5076,#5599,.T.);
#4161=EDGE_CURVE('',#5077,#5077,#5600,.T.);
#4162=EDGE_CURVE('',#5078,#5078,#5601,.T.);
#4163=EDGE_CURVE('',#5079,#5079,#5602,.T.);
#4164=EDGE_CURVE('',#5080,#5080,#5603,.T.);
#4165=EDGE_CURVE('',#5081,#5081,#5604,.T.);
#4166=EDGE_CURVE('',#5082,#5082,#5605,.T.);
#4167=EDGE_CURVE('',#5083,#5083,#5606,.T.);
#4168=EDGE_CURVE('',#5084,#5084,#5607,.T.);
#4169=EDGE_CURVE('',#5085,#5085,#5608,.T.);
#4170=EDGE_CURVE('',#5009,#5086,#555,.T.);
#4171=EDGE_CURVE('',#5087,#5086,#5609,.T.);
#4172=EDGE_CURVE('',#5011,#5087,#556,.T.);
#4173=EDGE_CURVE('',#5088,#5088,#5610,.T.);
#4174=EDGE_CURVE('',#5089,#5089,#5611,.T.);
#4175=EDGE_CURVE('',#5090,#5090,#5612,.T.);
#4176=EDGE_CURVE('',#5014,#5091,#557,.T.);
#4177=EDGE_CURVE('',#5092,#5091,#5613,.T.);
#4178=EDGE_CURVE('',#5016,#5092,#558,.T.);
#4179=EDGE_CURVE('',#5093,#5093,#5614,.T.);
#4180=EDGE_CURVE('',#5094,#5094,#5615,.T.);
#4181=EDGE_CURVE('',#5004,#5095,#559,.T.);
#4182=EDGE_CURVE('',#5096,#5095,#5616,.T.);
#4183=EDGE_CURVE('',#5006,#5096,#560,.T.);
#4184=EDGE_CURVE('',#5097,#5097,#5617,.T.);
#4185=EDGE_CURVE('',#5098,#5098,#5618,.T.);
#4186=EDGE_CURVE('',#5099,#5099,#5619,.T.);
#4187=EDGE_CURVE('',#4995,#5100,#561,.T.);
#4188=EDGE_CURVE('',#5101,#5100,#5620,.T.);
#4189=EDGE_CURVE('',#4997,#5101,#562,.T.);
#4190=EDGE_CURVE('',#5102,#5102,#5621,.T.);
#4191=EDGE_CURVE('',#5103,#5103,#5622,.T.);
#4192=EDGE_CURVE('',#5104,#5104,#5623,.T.);
#4193=EDGE_CURVE('',#5105,#5105,#5624,.T.);
#4194=EDGE_CURVE('',#5019,#5106,#563,.T.);
#4195=EDGE_CURVE('',#5107,#5106,#5625,.T.);
#4196=EDGE_CURVE('',#5021,#5107,#564,.T.);
#4197=EDGE_CURVE('',#5108,#5108,#5626,.T.);
#4198=EDGE_CURVE('',#5109,#5109,#5627,.T.);
#4199=EDGE_CURVE('',#5096,#5060,#565,.T.);
#4200=EDGE_CURVE('',#4960,#5007,#566,.T.);
#4201=EDGE_CURVE('',#5095,#5061,#567,.T.);
#4202=EDGE_CURVE('',#5003,#4853,#568,.T.);
#4203=EDGE_CURVE('',#4884,#5110,#569,.T.);
#4204=EDGE_CURVE('',#5110,#5058,#570,.T.);
#4205=EDGE_CURVE('',#5110,#5111,#571,.T.);
#4206=EDGE_CURVE('',#5111,#5059,#572,.T.);
#4207=EDGE_CURVE('',#5111,#4959,#573,.T.);
#4208=EDGE_CURVE('',#5008,#4883,#574,.T.);
#4209=EDGE_CURVE('',#5086,#5057,#575,.T.);
#4210=EDGE_CURVE('',#5087,#5056,#576,.T.);
#4211=EDGE_CURVE('',#4880,#5012,#577,.T.);
#4212=EDGE_CURVE('',#5112,#4879,#578,.T.);
#4213=EDGE_CURVE('',#5112,#5055,#579,.T.);
#4214=EDGE_CURVE('',#4876,#5113,#580,.T.);
#4215=EDGE_CURVE('',#5113,#5054,#581,.T.);
#4216=EDGE_CURVE('',#5113,#5112,#582,.T.);
#4217=EDGE_CURVE('',#5013,#4875,#583,.T.);
#4218=EDGE_CURVE('',#5091,#5053,#584,.T.);
#4219=EDGE_CURVE('',#5092,#5052,#585,.T.);
#4220=EDGE_CURVE('',#4872,#5017,#586,.T.);
#4221=EDGE_CURVE('',#5114,#4871,#587,.T.);
#4222=EDGE_CURVE('',#5114,#5051,#588,.T.);
#4223=EDGE_CURVE('',#4868,#5115,#589,.T.);
#4224=EDGE_CURVE('',#5115,#5050,#590,.T.);
#4225=EDGE_CURVE('',#5115,#5114,#591,.T.);
#4226=EDGE_CURVE('',#5018,#4867,#592,.T.);
#4227=EDGE_CURVE('',#5106,#5049,#593,.T.);
#4228=EDGE_CURVE('',#5107,#5048,#594,.T.);
#4229=EDGE_CURVE('',#4864,#4994,#595,.T.);
#4230=EDGE_CURVE('',#5116,#4863,#596,.T.);
#4231=EDGE_CURVE('',#5116,#5047,#597,.T.);
#4232=EDGE_CURVE('',#4860,#5117,#598,.T.);
#4233=EDGE_CURVE('',#5117,#5046,#599,.T.);
#4234=EDGE_CURVE('',#5117,#5116,#600,.T.);
#4235=EDGE_CURVE('',#4993,#4859,#601,.T.);
#4236=EDGE_CURVE('',#5100,#5045,#602,.T.);
#4237=EDGE_CURVE('',#5101,#5044,#603,.T.);
#4238=EDGE_CURVE('',#4854,#5118,#604,.T.);
#4239=EDGE_CURVE('',#5118,#5042,#605,.T.);
#4240=EDGE_CURVE('',#5118,#5119,#606,.T.);
#4241=EDGE_CURVE('',#5119,#5043,#607,.T.);
#4242=EDGE_CURVE('',#5119,#4887,#608,.T.);
#4243=EDGE_CURVE('',#5120,#5120,#5628,.T.);
#4244=EDGE_CURVE('',#5121,#5121,#5629,.T.);
#4245=EDGE_CURVE('',#5122,#5123,#5630,.T.);
#4246=EDGE_CURVE('',#5124,#5122,#609,.T.);
#4247=EDGE_CURVE('',#5125,#5124,#5631,.T.);
#4248=EDGE_CURVE('',#5126,#5125,#610,.T.);
#4249=EDGE_CURVE('',#5127,#5126,#5632,.T.);
#4250=EDGE_CURVE('',#5128,#5127,#611,.T.);
#4251=EDGE_CURVE('',#5129,#5128,#5633,.T.);
#4252=EDGE_CURVE('',#5123,#5129,#612,.T.);
#4253=EDGE_CURVE('',#5130,#5131,#613,.T.);
#4254=EDGE_CURVE('',#5131,#5132,#5634,.T.);
#4255=EDGE_CURVE('',#5132,#5133,#614,.T.);
#4256=EDGE_CURVE('',#5133,#5134,#5635,.T.);
#4257=EDGE_CURVE('',#5134,#5135,#615,.T.);
#4258=EDGE_CURVE('',#5135,#5136,#5636,.T.);
#4259=EDGE_CURVE('',#5136,#5137,#616,.T.);
#4260=EDGE_CURVE('',#5137,#5130,#5637,.T.);
#4261=EDGE_CURVE('',#5138,#5138,#5638,.T.);
#4262=EDGE_CURVE('',#5139,#5139,#5639,.T.);
#4263=EDGE_CURVE('',#5140,#5141,#5640,.T.);
#4264=EDGE_CURVE('',#5141,#5142,#617,.T.);
#4265=EDGE_CURVE('',#5142,#5143,#5641,.T.);
#4266=EDGE_CURVE('',#5143,#5144,#618,.T.);
#4267=EDGE_CURVE('',#5144,#5145,#5642,.T.);
#4268=EDGE_CURVE('',#5145,#5146,#619,.T.);
#4269=EDGE_CURVE('',#5146,#5147,#5643,.T.);
#4270=EDGE_CURVE('',#5147,#5140,#620,.T.);
#4271=EDGE_CURVE('',#5148,#5149,#5644,.T.);
#4272=EDGE_CURVE('',#5149,#5150,#621,.T.);
#4273=EDGE_CURVE('',#5150,#5151,#5645,.T.);
#4274=EDGE_CURVE('',#5151,#5152,#622,.T.);
#4275=EDGE_CURVE('',#5152,#5153,#5646,.T.);
#4276=EDGE_CURVE('',#5153,#5154,#623,.T.);
#4277=EDGE_CURVE('',#5154,#5155,#5647,.T.);
#4278=EDGE_CURVE('',#5155,#5148,#624,.T.);
#4279=EDGE_CURVE('',#5149,#5123,#625,.T.);
#4280=EDGE_CURVE('',#5148,#5122,#626,.T.);
#4281=EDGE_CURVE('',#5150,#5129,#627,.T.);
#4282=EDGE_CURVE('',#5151,#5128,#628,.T.);
#4283=EDGE_CURVE('',#5152,#5127,#629,.T.);
#4284=EDGE_CURVE('',#5153,#5126,#630,.T.);
#4285=EDGE_CURVE('',#5154,#5125,#631,.T.);
#4286=EDGE_CURVE('',#5155,#5124,#632,.T.);
#4287=EDGE_CURVE('',#5156,#5156,#5648,.T.);
#4288=EDGE_CURVE('',#5157,#5157,#5649,.T.);
#4289=EDGE_CURVE('',#5158,#5158,#5650,.T.);
#4290=EDGE_CURVE('',#5159,#5159,#5651,.T.);
#4291=EDGE_CURVE('',#5160,#5131,#633,.T.);
#4292=EDGE_CURVE('',#5160,#5161,#5652,.T.);
#4293=EDGE_CURVE('',#5161,#5132,#634,.T.);
#4294=EDGE_CURVE('',#5161,#5162,#635,.T.);
#4295=EDGE_CURVE('',#5162,#5133,#636,.T.);
#4296=EDGE_CURVE('',#5162,#5163,#5653,.T.);
#4297=EDGE_CURVE('',#5163,#5134,#637,.T.);
#4298=EDGE_CURVE('',#5163,#5164,#638,.T.);
#4299=EDGE_CURVE('',#5164,#5135,#639,.T.);
#4300=EDGE_CURVE('',#5164,#5165,#5654,.T.);
#4301=EDGE_CURVE('',#5165,#5136,#640,.T.);
#4302=EDGE_CURVE('',#5165,#5166,#641,.T.);
#4303=EDGE_CURVE('',#5166,#5137,#642,.T.);
#4304=EDGE_CURVE('',#5166,#5167,#5655,.T.);
#4305=EDGE_CURVE('',#5167,#5130,#643,.T.);
#4306=EDGE_CURVE('',#5167,#5160,#644,.T.);
#4307=EDGE_CURVE('',#5168,#5169,#645,.T.);
#4308=EDGE_CURVE('',#5169,#5170,#5656,.T.);
#4309=EDGE_CURVE('',#5170,#5171,#646,.T.);
#4310=EDGE_CURVE('',#5171,#5172,#5657,.T.);
#4311=EDGE_CURVE('',#5172,#5173,#647,.T.);
#4312=EDGE_CURVE('',#5173,#5174,#5658,.T.);
#4313=EDGE_CURVE('',#5174,#5175,#648,.T.);
#4314=EDGE_CURVE('',#5175,#5168,#5659,.T.);
#4315=EDGE_CURVE('',#5176,#5177,#649,.T.);
#4316=EDGE_CURVE('',#5176,#5178,#5660,.T.);
#4317=EDGE_CURVE('',#5178,#5179,#650,.T.);
#4318=EDGE_CURVE('',#5179,#5177,#5661,.T.);
#4319=EDGE_CURVE('',#5180,#5181,#651,.T.);
#4320=EDGE_CURVE('',#5180,#5176,#652,.T.);
#4321=EDGE_CURVE('',#5177,#5181,#653,.T.);
#4322=EDGE_CURVE('',#5182,#5183,#654,.T.);
#4323=EDGE_CURVE('',#5182,#5180,#5662,.T.);
#4324=EDGE_CURVE('',#5181,#5183,#5663,.T.);
#4325=EDGE_CURVE('',#5184,#5185,#655,.T.);
#4326=EDGE_CURVE('',#5184,#5182,#656,.T.);
#4327=EDGE_CURVE('',#5183,#5185,#657,.T.);
#4328=EDGE_CURVE('',#5186,#5187,#658,.T.);
#4329=EDGE_CURVE('',#5186,#5184,#5664,.T.);
#4330=EDGE_CURVE('',#5185,#5187,#5665,.T.);
#4331=EDGE_CURVE('',#5188,#5189,#659,.T.);
#4332=EDGE_CURVE('',#5188,#5186,#660,.T.);
#4333=EDGE_CURVE('',#5187,#5189,#661,.T.);
#4334=EDGE_CURVE('',#5190,#5191,#662,.T.);
#4335=EDGE_CURVE('',#5190,#5188,#5666,.T.);
#4336=EDGE_CURVE('',#5189,#5191,#5667,.T.);
#4337=EDGE_CURVE('',#5178,#5190,#663,.T.);
#4338=EDGE_CURVE('',#5191,#5179,#664,.T.);
#4339=EDGE_CURVE('',#5192,#5192,#5668,.T.);
#4340=EDGE_CURVE('',#5193,#5193,#5669,.T.);
#4341=EDGE_CURVE('',#5194,#5194,#5670,.T.);
#4342=EDGE_CURVE('',#5195,#5195,#5671,.T.);
#4343=EDGE_CURVE('',#5146,#5187,#5672,.T.);
#4344=EDGE_CURVE('',#5189,#5145,#5673,.T.);
#4345=EDGE_CURVE('',#5191,#5144,#5674,.T.);
#4346=EDGE_CURVE('',#5147,#5185,#5675,.T.);
#4347=EDGE_CURVE('',#5179,#5143,#5676,.T.);
#4348=EDGE_CURVE('',#5140,#5183,#5677,.T.);
#4349=EDGE_CURVE('',#5177,#5142,#5678,.T.);
#4350=EDGE_CURVE('',#5141,#5181,#5679,.T.);
#4351=EDGE_CURVE('',#5184,#5173,#5680,.T.);
#4352=EDGE_CURVE('',#5174,#5186,#5681,.T.);
#4353=EDGE_CURVE('',#5175,#5188,#5682,.T.);
#4354=EDGE_CURVE('',#5182,#5172,#5683,.T.);
#4355=EDGE_CURVE('',#5168,#5190,#5684,.T.);
#4356=EDGE_CURVE('',#5180,#5171,#5685,.T.);
#4357=EDGE_CURVE('',#5169,#5178,#5686,.T.);
#4358=EDGE_CURVE('',#5176,#5170,#5687,.T.);
#4359=EDGE_CURVE('',#5196,#5197,#5688,.T.);
#4360=EDGE_CURVE('',#5197,#5198,#665,.T.);
#4361=EDGE_CURVE('',#5198,#5199,#5689,.T.);
#4362=EDGE_CURVE('',#5196,#5199,#666,.T.);
#4363=EDGE_CURVE('',#5200,#5201,#5690,.T.);
#4364=EDGE_CURVE('',#5201,#5202,#667,.T.);
#4365=EDGE_CURVE('',#5202,#5203,#5691,.T.);
#4366=EDGE_CURVE('',#5200,#5203,#668,.T.);
#4367=EDGE_CURVE('',#5204,#5204,#5692,.T.);
#4368=EDGE_CURVE('',#5205,#5206,#669,.T.);
#4369=EDGE_CURVE('',#5206,#5207,#5693,.T.);
#4370=EDGE_CURVE('',#5208,#5207,#670,.T.);
#4371=EDGE_CURVE('',#5208,#5209,#5694,.T.);
#4372=EDGE_CURVE('',#5210,#5209,#671,.T.);
#4373=EDGE_CURVE('',#5210,#5211,#5695,.T.);
#4374=EDGE_CURVE('',#5211,#5212,#672,.T.);
#4375=EDGE_CURVE('',#5212,#5205,#5696,.T.);
#4376=EDGE_CURVE('',#5213,#5202,#673,.T.);
#4377=EDGE_CURVE('',#5201,#5214,#674,.T.);
#4378=EDGE_CURVE('',#5214,#5213,#675,.T.);
#4379=EDGE_CURVE('',#5209,#5215,#676,.T.);
#4380=EDGE_CURVE('',#5215,#5216,#677,.T.);
#4381=EDGE_CURVE('',#5216,#5210,#678,.T.);
#4382=EDGE_CURVE('',#5217,#5218,#679,.T.);
#4383=EDGE_CURVE('',#5218,#5219,#680,.T.);
#4384=EDGE_CURVE('',#5219,#5220,#681,.T.);
#4385=EDGE_CURVE('',#5221,#5220,#682,.T.);
#4386=EDGE_CURVE('',#5221,#5222,#683,.T.);
#4387=EDGE_CURVE('',#5222,#5223,#5697,.T.);
#4388=EDGE_CURVE('',#5223,#5224,#684,.T.);
#4389=EDGE_CURVE('',#5224,#5225,#5698,.T.);
#4390=EDGE_CURVE('',#5225,#5226,#685,.T.);
#4391=EDGE_CURVE('',#5226,#5227,#5699,.T.);
#4392=EDGE_CURVE('',#5227,#5217,#5700,.T.);
#4393=EDGE_CURVE('',#5228,#5229,#686,.T.);
#4394=EDGE_CURVE('',#5230,#5228,#687,.T.);
#4395=EDGE_CURVE('',#5231,#5230,#688,.T.);
#4396=EDGE_CURVE('',#5232,#5231,#5701,.T.);
#4397=EDGE_CURVE('',#5233,#5232,#5702,.T.);
#4398=EDGE_CURVE('',#5234,#5233,#689,.T.);
#4399=EDGE_CURVE('',#5235,#5234,#5703,.T.);
#4400=EDGE_CURVE('',#5236,#5235,#690,.T.);
#4401=EDGE_CURVE('',#5237,#5236,#5704,.T.);
#4402=EDGE_CURVE('',#5237,#5238,#691,.T.);
#4403=EDGE_CURVE('',#5229,#5238,#692,.T.);
#4404=EDGE_CURVE('',#5239,#5240,#693,.T.);
#4405=EDGE_CURVE('',#5221,#5240,#5705,.T.);
#4406=EDGE_CURVE('',#5239,#5220,#5706,.T.);
#4407=EDGE_CURVE('',#5238,#5241,#5707,.T.);
#4408=EDGE_CURVE('',#5242,#5241,#694,.T.);
#4409=EDGE_CURVE('',#5242,#5229,#5708,.T.);
#4410=EDGE_CURVE('',#5198,#5243,#695,.T.);
#4411=EDGE_CURVE('',#5244,#5197,#696,.T.);
#4412=EDGE_CURVE('',#5244,#5243,#697,.T.);
#4413=EDGE_CURVE('',#5207,#5245,#698,.T.);
#4414=EDGE_CURVE('',#5246,#5245,#699,.T.);
#4415=EDGE_CURVE('',#5246,#5208,#700,.T.);
#4416=EDGE_CURVE('',#5247,#5247,#5709,.T.);
#4417=EDGE_CURVE('',#5245,#5248,#5710,.T.);
#4418=EDGE_CURVE('',#5248,#5249,#701,.T.);
#4419=EDGE_CURVE('',#5249,#5250,#5711,.T.);
#4420=EDGE_CURVE('',#5251,#5250,#702,.T.);
#4421=EDGE_CURVE('',#5251,#5216,#5712,.T.);
#4422=EDGE_CURVE('',#5215,#5246,#5713,.T.);
#4423=EDGE_CURVE('',#5252,#5253,#703,.T.);
#4424=EDGE_CURVE('',#5252,#5251,#5714,.T.);
#4425=EDGE_CURVE('',#5250,#5253,#5715,.T.);
#4426=EDGE_CURVE('',#5196,#5254,#704,.T.);
#4427=EDGE_CURVE('',#5254,#5255,#705,.T.);
#4428=EDGE_CURVE('',#5256,#5255,#706,.T.);
#4429=EDGE_CURVE('',#5256,#5257,#707,.T.);
#4430=EDGE_CURVE('',#5257,#5258,#5716,.T.);
#4431=EDGE_CURVE('',#5258,#5240,#708,.T.);
#4432=EDGE_CURVE('',#5239,#5259,#709,.T.);
#4433=EDGE_CURVE('',#5259,#5203,#710,.T.);
#4434=EDGE_CURVE('',#5213,#5252,#5717,.T.);
#4435=EDGE_CURVE('',#5253,#5244,#5718,.T.);
#4436=EDGE_CURVE('',#5255,#5260,#5719,.T.);
#4437=EDGE_CURVE('',#5261,#5260,#711,.T.);
#4438=EDGE_CURVE('',#5261,#5256,#5720,.T.);
#4439=EDGE_CURVE('',#5260,#5262,#712,.T.);
#4440=EDGE_CURVE('',#5262,#5263,#713,.T.);
#4441=EDGE_CURVE('',#5263,#5264,#714,.T.);
#4442=EDGE_CURVE('',#5264,#5265,#5721,.T.);
#4443=EDGE_CURVE('',#5265,#5266,#5722,.T.);
#4444=EDGE_CURVE('',#5266,#5267,#715,.T.);
#4445=EDGE_CURVE('',#5267,#5268,#5723,.T.);
#4446=EDGE_CURVE('',#5268,#5269,#716,.T.);
#4447=EDGE_CURVE('',#5269,#5270,#5724,.T.);
#4448=EDGE_CURVE('',#5270,#5261,#717,.T.);
#4449=EDGE_CURVE('',#5271,#5272,#718,.T.);
#4450=EDGE_CURVE('',#5273,#5271,#719,.T.);
#4451=EDGE_CURVE('',#5273,#5274,#720,.T.);
#4452=EDGE_CURVE('',#5275,#5274,#721,.T.);
#4453=EDGE_CURVE('',#5276,#5275,#722,.T.);
#4454=EDGE_CURVE('',#5277,#5276,#5725,.T.);
#4455=EDGE_CURVE('',#5278,#5277,#723,.T.);
#4456=EDGE_CURVE('',#5279,#5278,#5726,.T.);
#4457=EDGE_CURVE('',#5280,#5279,#724,.T.);
#4458=EDGE_CURVE('',#5281,#5280,#5727,.T.);
#4459=EDGE_CURVE('',#5272,#5281,#5728,.T.);
#4460=EDGE_CURVE('',#5274,#5282,#5729,.T.);
#4461=EDGE_CURVE('',#5283,#5282,#725,.T.);
#4462=EDGE_CURVE('',#5283,#5275,#5730,.T.);
#4463=EDGE_CURVE('',#5199,#5284,#726,.T.);
#4464=EDGE_CURVE('',#5243,#5285,#5731,.T.);
#4465=EDGE_CURVE('',#5286,#5285,#727,.T.);
#4466=EDGE_CURVE('',#5286,#5214,#5732,.T.);
#4467=EDGE_CURVE('',#5287,#5200,#728,.T.);
#4468=EDGE_CURVE('',#5242,#5287,#729,.T.);
#4469=EDGE_CURVE('',#5288,#5241,#730,.T.);
#4470=EDGE_CURVE('',#5289,#5288,#5733,.T.);
#4471=EDGE_CURVE('',#5289,#5283,#731,.T.);
#4472=EDGE_CURVE('',#5284,#5282,#732,.T.);
#4473=EDGE_CURVE('',#5211,#5286,#5734,.T.);
#4474=EDGE_CURVE('',#5285,#5212,#5735,.T.);
#4475=EDGE_CURVE('',#5248,#5206,#733,.T.);
#4476=EDGE_CURVE('',#5205,#5249,#734,.T.);
#4477=EDGE_CURVE('',#5290,#5290,#5736,.T.);
#4478=EDGE_CURVE('',#5291,#5291,#5737,.T.);
#4479=EDGE_CURVE('',#5250,#5212,#735,.T.);
#4480=EDGE_CURVE('',#5285,#5253,#736,.T.);
#4481=EDGE_CURVE('',#5219,#5228,#737,.T.);
#4482=EDGE_CURVE('',#5259,#5287,#738,.T.);
#4483=EDGE_CURVE('',#5222,#5237,#739,.T.);
#4484=EDGE_CURVE('',#5258,#5288,#740,.T.);
#4485=EDGE_CURVE('',#5257,#5289,#741,.T.);
#4486=EDGE_CURVE('',#5270,#5276,#742,.T.);
#4487=EDGE_CURVE('',#5273,#5262,#743,.T.);
#4488=EDGE_CURVE('',#5254,#5284,#744,.T.);
#4489=EDGE_CURVE('',#5263,#5271,#745,.T.);
#4490=EDGE_CURVE('',#5264,#5272,#746,.T.);
#4491=EDGE_CURVE('',#5265,#5281,#747,.T.);
#4492=EDGE_CURVE('',#5266,#5280,#748,.T.);
#4493=EDGE_CURVE('',#5267,#5279,#749,.T.);
#4494=EDGE_CURVE('',#5268,#5278,#750,.T.);
#4495=EDGE_CURVE('',#5269,#5277,#751,.T.);
#4496=EDGE_CURVE('',#5217,#5231,#752,.T.);
#4497=EDGE_CURVE('',#5218,#5230,#753,.T.);
#4498=EDGE_CURVE('',#5227,#5232,#754,.T.);
#4499=EDGE_CURVE('',#5226,#5233,#755,.T.);
#4500=EDGE_CURVE('',#5225,#5234,#756,.T.);
#4501=EDGE_CURVE('',#5224,#5235,#757,.T.);
#4502=EDGE_CURVE('',#5223,#5236,#758,.T.);
#4503=EDGE_CURVE('',#5286,#5252,#759,.T.);
#4504=EDGE_CURVE('',#5251,#5211,#760,.T.);
#4505=EDGE_CURVE('',#5292,#5292,#5738,.T.);
#4506=EDGE_CURVE('',#5293,#5293,#5739,.T.);
#4507=EDGE_CURVE('',#5294,#5294,#5740,.T.);
#4508=EDGE_CURVE('',#5295,#5296,#761,.T.);
#4509=EDGE_CURVE('',#5297,#5295,#5741,.T.);
#4510=EDGE_CURVE('',#5298,#5297,#762,.T.);
#4511=EDGE_CURVE('',#5296,#5298,#72,.T.);
#4512=EDGE_CURVE('',#5296,#5299,#763,.T.);
#4513=EDGE_CURVE('',#5300,#5298,#764,.T.);
#4514=EDGE_CURVE('',#5299,#5300,#5742,.T.);
#4515=EDGE_CURVE('',#5301,#5302,#765,.T.);
#4516=EDGE_CURVE('',#5301,#5303,#32,.T.);
#4517=EDGE_CURVE('',#5304,#5303,#766,.T.);
#4518=EDGE_CURVE('',#5302,#5304,#5743,.T.);
#4519=EDGE_CURVE('',#5299,#5305,#33,.T.);
#4520=EDGE_CURVE('',#5306,#5300,#34,.T.);
#4521=EDGE_CURVE('',#5305,#5306,#5744,.T.);
#4522=EDGE_CURVE('',#5305,#5304,#35,.T.);
#4523=EDGE_CURVE('',#5306,#5305,#5745,.T.);
#4524=EDGE_CURVE('',#5302,#5306,#36,.T.);
#4525=EDGE_CURVE('',#5307,#5307,#5746,.T.);
#4526=EDGE_CURVE('',#5308,#5301,#767,.T.);
#4527=EDGE_CURVE('',#5308,#5309,#5747,.T.);
#4528=EDGE_CURVE('',#5309,#5303,#768,.T.);
#4529=EDGE_CURVE('',#5308,#5297,#769,.T.);
#4530=EDGE_CURVE('',#5295,#5309,#770,.T.);
#4531=EDGE_CURVE('',#5310,#5310,#5748,.T.);
#4532=EDGE_CURVE('',#5311,#5311,#5749,.T.);
#4533=EDGE_CURVE('',#5312,#5313,#771,.T.);
#4534=EDGE_CURVE('',#5314,#5312,#5750,.T.);
#4535=EDGE_CURVE('',#5315,#5314,#772,.T.);
#4536=EDGE_CURVE('',#5313,#5315,#73,.T.);
#4537=EDGE_CURVE('',#5316,#5317,#773,.T.);
#4538=EDGE_CURVE('',#5318,#5316,#74,.T.);
#4539=EDGE_CURVE('',#5319,#5318,#774,.T.);
#4540=EDGE_CURVE('',#5317,#5319,#5751,.T.);
#4541=EDGE_CURVE('',#5313,#5320,#775,.T.);
#4542=EDGE_CURVE('',#5321,#5315,#776,.T.);
#4543=EDGE_CURVE('',#5320,#5321,#5752,.T.);
#4544=EDGE_CURVE('',#5322,#5316,#777,.T.);
#4545=EDGE_CURVE('',#5323,#5322,#5753,.T.);
#4546=EDGE_CURVE('',#5318,#5323,#778,.T.);
#4547=EDGE_CURVE('',#5320,#5324,#37,.T.);
#4548=EDGE_CURVE('',#5325,#5321,#38,.T.);
#4549=EDGE_CURVE('',#5324,#5325,#5754,.T.);
#4550=EDGE_CURVE('',#5324,#5322,#39,.T.);
#4551=EDGE_CURVE('',#5325,#5324,#5755,.T.);
#4552=EDGE_CURVE('',#5323,#5325,#40,.T.);
#4553=EDGE_CURVE('',#5326,#5326,#5756,.T.);
#4554=EDGE_CURVE('',#5327,#5327,#5757,.T.);
#4555=EDGE_CURVE('',#5312,#5317,#779,.T.);
#4556=EDGE_CURVE('',#5319,#5314,#780,.T.);
#4557=EDGE_CURVE('',#5328,#5328,#5758,.T.);
#4558=EDGE_CURVE('',#5329,#5329,#5759,.T.);
#4559=EDGE_CURVE('',#5330,#5331,#781,.T.);
#4560=EDGE_CURVE('',#5332,#5330,#5760,.T.);
#4561=EDGE_CURVE('',#5333,#5332,#782,.T.);
#4562=EDGE_CURVE('',#5331,#5333,#75,.T.);
#4563=EDGE_CURVE('',#5334,#5335,#783,.T.);
#4564=EDGE_CURVE('',#5336,#5334,#76,.T.);
#4565=EDGE_CURVE('',#5337,#5336,#784,.T.);
#4566=EDGE_CURVE('',#5335,#5337,#5761,.T.);
#4567=EDGE_CURVE('',#5331,#5338,#785,.T.);
#4568=EDGE_CURVE('',#5339,#5333,#786,.T.);
#4569=EDGE_CURVE('',#5338,#5339,#5762,.T.);
#4570=EDGE_CURVE('',#5340,#5334,#787,.T.);
#4571=EDGE_CURVE('',#5341,#5340,#5763,.T.);
#4572=EDGE_CURVE('',#5336,#5341,#788,.T.);
#4573=EDGE_CURVE('',#5338,#5342,#41,.T.);
#4574=EDGE_CURVE('',#5343,#5339,#42,.T.);
#4575=EDGE_CURVE('',#5342,#5343,#5764,.T.);
#4576=EDGE_CURVE('',#5342,#5340,#43,.T.);
#4577=EDGE_CURVE('',#5343,#5342,#5765,.T.);
#4578=EDGE_CURVE('',#5341,#5343,#44,.T.);
#4579=EDGE_CURVE('',#5344,#5344,#5766,.T.);
#4580=EDGE_CURVE('',#5345,#5345,#5767,.T.);
#4581=EDGE_CURVE('',#5330,#5335,#789,.T.);
#4582=EDGE_CURVE('',#5337,#5332,#790,.T.);
#4583=EDGE_CURVE('',#5346,#5346,#5768,.T.);
#4584=EDGE_CURVE('',#5347,#5347,#5769,.T.);
#4585=EDGE_CURVE('',#5348,#5349,#791,.T.);
#4586=EDGE_CURVE('',#5350,#5348,#792,.T.);
#4587=EDGE_CURVE('',#5351,#5350,#793,.T.);
#4588=EDGE_CURVE('',#5349,#5351,#794,.T.);
#4589=EDGE_CURVE('',#5352,#5353,#795,.T.);
#4590=EDGE_CURVE('',#5350,#5352,#796,.T.);
#4591=EDGE_CURVE('',#5348,#5353,#797,.T.);
#4592=EDGE_CURVE('',#5354,#5352,#798,.T.);
#4593=EDGE_CURVE('',#5351,#5354,#799,.T.);
#4594=EDGE_CURVE('',#5353,#5355,#800,.T.);
#4595=EDGE_CURVE('',#5349,#5355,#801,.T.);
#4596=EDGE_CURVE('',#5356,#5357,#802,.T.);
#4597=EDGE_CURVE('',#5356,#5358,#803,.T.);
#4598=EDGE_CURVE('',#5358,#5359,#804,.T.);
#4599=EDGE_CURVE('',#5359,#5357,#805,.T.);
#4600=EDGE_CURVE('',#5360,#5361,#806,.T.);
#4601=EDGE_CURVE('',#5360,#5356,#5770,.T.);
#4602=EDGE_CURVE('',#5357,#5355,#807,.T.);
#4603=EDGE_CURVE('',#5354,#5362,#808,.T.);
#4604=EDGE_CURVE('',#5363,#5362,#809,.T.);
#4605=EDGE_CURVE('',#5364,#5363,#810,.T.);
#4606=EDGE_CURVE('',#5364,#5365,#811,.T.);
#4607=EDGE_CURVE('',#5365,#5366,#812,.T.);
#4608=EDGE_CURVE('',#5367,#5366,#813,.T.);
#4609=EDGE_CURVE('',#5368,#5367,#814,.T.);
#4610=EDGE_CURVE('',#5368,#5369,#815,.T.);
#4611=EDGE_CURVE('',#5369,#5370,#816,.T.);
#4612=EDGE_CURVE('',#5371,#5370,#817,.T.);
#4613=EDGE_CURVE('',#5371,#5372,#818,.T.);
#4614=EDGE_CURVE('',#5372,#5373,#819,.T.);
#4615=EDGE_CURVE('',#5373,#5374,#820,.T.);
#4616=EDGE_CURVE('',#5375,#5374,#821,.T.);
#4617=EDGE_CURVE('',#5375,#5376,#822,.T.);
#4618=EDGE_CURVE('',#5376,#5377,#823,.T.);
#4619=EDGE_CURVE('',#5377,#5378,#824,.T.);
#4620=EDGE_CURVE('',#5379,#5378,#825,.T.);
#4621=EDGE_CURVE('',#5379,#5361,#5771,.T.);
#4622=EDGE_CURVE('',#5380,#5381,#826,.T.);
#4623=EDGE_CURVE('',#5380,#5379,#827,.T.);
#4624=EDGE_CURVE('',#5378,#5381,#828,.T.);
#4625=EDGE_CURVE('',#5382,#5383,#829,.T.);
#4626=EDGE_CURVE('',#5382,#5380,#5772,.T.);
#4627=EDGE_CURVE('',#5381,#5383,#5773,.T.);
#4628=EDGE_CURVE('',#5384,#5385,#830,.T.);
#4629=EDGE_CURVE('',#5384,#5382,#831,.T.);
#4630=EDGE_CURVE('',#5383,#5385,#832,.T.);
#4631=EDGE_CURVE('',#5386,#5387,#833,.T.);
#4632=EDGE_CURVE('',#5388,#5386,#77,.T.);
#4633=EDGE_CURVE('',#5389,#5388,#834,.T.);
#4634=EDGE_CURVE('',#5384,#5389,#78,.T.);
#4635=EDGE_CURVE('',#5385,#5390,#835,.T.);
#4636=EDGE_CURVE('',#5391,#5390,#836,.T.);
#4637=EDGE_CURVE('',#5392,#5391,#837,.T.);
#4638=EDGE_CURVE('',#5392,#5393,#838,.T.);
#4639=EDGE_CURVE('',#5394,#5393,#839,.T.);
#4640=EDGE_CURVE('',#5395,#5394,#840,.T.);
#4641=EDGE_CURVE('',#5396,#5395,#841,.T.);
#4642=EDGE_CURVE('',#5396,#5397,#842,.T.);
#4643=EDGE_CURVE('',#5398,#5397,#843,.T.);
#4644=EDGE_CURVE('',#5399,#5398,#844,.T.);
#4645=EDGE_CURVE('',#5400,#5399,#845,.T.);
#4646=EDGE_CURVE('',#5400,#5401,#846,.T.);
#4647=EDGE_CURVE('',#5402,#5401,#847,.T.);
#4648=EDGE_CURVE('',#5403,#5402,#848,.T.);
#4649=EDGE_CURVE('',#5404,#5403,#849,.T.);
#4650=EDGE_CURVE('',#5404,#5405,#850,.T.);
#4651=EDGE_CURVE('',#5406,#5405,#851,.T.);
#4652=EDGE_CURVE('',#5407,#5406,#852,.T.);
#4653=EDGE_CURVE('',#5408,#5407,#853,.T.);
#4654=EDGE_CURVE('',#5408,#5409,#854,.T.);
#4655=EDGE_CURVE('',#5409,#5387,#855,.T.);
#4656=EDGE_CURVE('',#5410,#5386,#856,.T.);
#4657=EDGE_CURVE('',#5387,#5411,#857,.T.);
#4658=EDGE_CURVE('',#5410,#5411,#858,.T.);
#4659=EDGE_CURVE('',#5358,#5410,#5774,.T.);
#4660=EDGE_CURVE('',#5411,#5359,#5775,.T.);
#4661=EDGE_CURVE('',#5388,#5412,#859,.T.);
#4662=EDGE_CURVE('',#5412,#5413,#5776,.T.);
#4663=EDGE_CURVE('',#5413,#5360,#860,.T.);
#4664=EDGE_CURVE('',#5361,#5414,#861,.T.);
#4665=EDGE_CURVE('',#5414,#5415,#5777,.T.);
#4666=EDGE_CURVE('',#5415,#5389,#862,.T.);
#4667=EDGE_CURVE('',#5416,#5417,#863,.T.);
#4668=EDGE_CURVE('',#5418,#5417,#864,.T.);
#4669=EDGE_CURVE('',#5419,#5418,#865,.T.);
#4670=EDGE_CURVE('',#5419,#5416,#866,.T.);
#4671=EDGE_CURVE('',#5402,#5420,#867,.T.);
#4672=EDGE_CURVE('',#5420,#5421,#868,.T.);
#4673=EDGE_CURVE('',#5421,#5416,#869,.T.);
#4674=EDGE_CURVE('',#5403,#5419,#870,.T.);
#4675=EDGE_CURVE('',#5417,#5422,#871,.T.);
#4676=EDGE_CURVE('',#5422,#5423,#872,.T.);
#4677=EDGE_CURVE('',#5423,#5405,#873,.T.);
#4678=EDGE_CURVE('',#5418,#5404,#874,.T.);
#4679=EDGE_CURVE('',#5406,#5424,#875,.T.);
#4680=EDGE_CURVE('',#5424,#5425,#876,.T.);
#4681=EDGE_CURVE('',#5425,#5426,#877,.T.);
#4682=EDGE_CURVE('',#5427,#5426,#878,.T.);
#4683=EDGE_CURVE('',#5407,#5427,#879,.T.);
#4684=EDGE_CURVE('',#5428,#5409,#880,.T.);
#4685=EDGE_CURVE('',#5429,#5408,#881,.T.);
#4686=EDGE_CURVE('',#5429,#5428,#882,.T.);
#4687=EDGE_CURVE('',#5426,#5428,#883,.T.);
#4688=EDGE_CURVE('',#5427,#5429,#884,.T.);
#4689=EDGE_CURVE('',#5430,#5431,#885,.T.);
#4690=EDGE_CURVE('',#5432,#5431,#886,.T.);
#4691=EDGE_CURVE('',#5433,#5432,#887,.T.);
#4692=EDGE_CURVE('',#5433,#5430,#888,.T.);
#4693=EDGE_CURVE('',#5390,#5430,#889,.T.);
#4694=EDGE_CURVE('',#5391,#5433,#890,.T.);
#4695=EDGE_CURVE('',#5431,#5434,#891,.T.);
#4696=EDGE_CURVE('',#5434,#5435,#892,.T.);
#4697=EDGE_CURVE('',#5435,#5393,#893,.T.);
#4698=EDGE_CURVE('',#5432,#5392,#894,.T.);
#4699=EDGE_CURVE('',#5436,#5437,#895,.T.);
#4700=EDGE_CURVE('',#5438,#5437,#896,.T.);
#4701=EDGE_CURVE('',#5439,#5438,#897,.T.);
#4702=EDGE_CURVE('',#5439,#5436,#898,.T.);
#4703=EDGE_CURVE('',#5394,#5440,#899,.T.);
#4704=EDGE_CURVE('',#5440,#5441,#900,.T.);
#4705=EDGE_CURVE('',#5441,#5436,#901,.T.);
#4706=EDGE_CURVE('',#5395,#5439,#902,.T.);
#4707=EDGE_CURVE('',#5437,#5442,#903,.T.);
#4708=EDGE_CURVE('',#5442,#5443,#904,.T.);
#4709=EDGE_CURVE('',#5443,#5397,#905,.T.);
#4710=EDGE_CURVE('',#5438,#5396,#906,.T.);
#4711=EDGE_CURVE('',#5444,#5445,#907,.T.);
#4712=EDGE_CURVE('',#5446,#5445,#908,.T.);
#4713=EDGE_CURVE('',#5447,#5446,#909,.T.);
#4714=EDGE_CURVE('',#5447,#5444,#910,.T.);
#4715=EDGE_CURVE('',#5398,#5448,#911,.T.);
#4716=EDGE_CURVE('',#5448,#5449,#912,.T.);
#4717=EDGE_CURVE('',#5449,#5444,#913,.T.);
#4718=EDGE_CURVE('',#5399,#5447,#914,.T.);
#4719=EDGE_CURVE('',#5445,#5450,#915,.T.);
#4720=EDGE_CURVE('',#5450,#5451,#916,.T.);
#4721=EDGE_CURVE('',#5451,#5401,#917,.T.);
#4722=EDGE_CURVE('',#5446,#5400,#918,.T.);
#4723=EDGE_CURVE('',#5451,#5420,#919,.T.);
#4724=EDGE_CURVE('',#5450,#5452,#920,.T.);
#4725=EDGE_CURVE('',#5453,#5452,#921,.T.);
#4726=EDGE_CURVE('',#5454,#5453,#922,.T.);
#4727=EDGE_CURVE('',#5454,#5455,#923,.T.);
#4728=EDGE_CURVE('',#5455,#5421,#924,.T.);
#4729=EDGE_CURVE('',#5443,#5448,#925,.T.);
#4730=EDGE_CURVE('',#5442,#5456,#926,.T.);
#4731=EDGE_CURVE('',#5457,#5456,#927,.T.);
#4732=EDGE_CURVE('',#5458,#5457,#928,.T.);
#4733=EDGE_CURVE('',#5458,#5459,#929,.T.);
#4734=EDGE_CURVE('',#5459,#5449,#930,.T.);
#4735=EDGE_CURVE('',#5435,#5440,#931,.T.);
#4736=EDGE_CURVE('',#5434,#5460,#932,.T.);
#4737=EDGE_CURVE('',#5461,#5460,#933,.T.);
#4738=EDGE_CURVE('',#5462,#5461,#934,.T.);
#4739=EDGE_CURVE('',#5462,#5463,#935,.T.);
#4740=EDGE_CURVE('',#5463,#5441,#936,.T.);
#4741=EDGE_CURVE('',#5422,#5464,#937,.T.);
#4742=EDGE_CURVE('',#5465,#5464,#938,.T.);
#4743=EDGE_CURVE('',#5466,#5465,#939,.T.);
#4744=EDGE_CURVE('',#5466,#5467,#940,.T.);
#4745=EDGE_CURVE('',#5467,#5425,#941,.T.);
#4746=EDGE_CURVE('',#5423,#5424,#942,.T.);
#4747=EDGE_CURVE('',#5452,#5369,#943,.T.);
#4748=EDGE_CURVE('',#5453,#5368,#944,.T.);
#4749=EDGE_CURVE('',#5366,#5455,#945,.T.);
#4750=EDGE_CURVE('',#5367,#5454,#946,.T.);
#4751=EDGE_CURVE('',#5464,#5365,#947,.T.);
#4752=EDGE_CURVE('',#5465,#5364,#948,.T.);
#4753=EDGE_CURVE('',#5362,#5467,#949,.T.);
#4754=EDGE_CURVE('',#5363,#5466,#950,.T.);
#4755=EDGE_CURVE('',#5460,#5377,#951,.T.);
#4756=EDGE_CURVE('',#5461,#5376,#952,.T.);
#4757=EDGE_CURVE('',#5374,#5463,#953,.T.);
#4758=EDGE_CURVE('',#5375,#5462,#954,.T.);
#4759=EDGE_CURVE('',#5456,#5373,#955,.T.);
#4760=EDGE_CURVE('',#5457,#5372,#956,.T.);
#4761=EDGE_CURVE('',#5370,#5459,#957,.T.);
#4762=EDGE_CURVE('',#5371,#5458,#958,.T.);
#4763=EDGE_CURVE('',#5414,#5380,#5778,.T.);
#4764=EDGE_CURVE('',#5415,#5382,#5779,.T.);
#4765=EDGE_CURVE('',#5412,#5410,#5780,.T.);
#4766=EDGE_CURVE('',#5413,#5358,#5781,.T.);
#4767=EDGE_CURVE('',#5468,#5468,#5782,.T.);
#4768=EDGE_CURVE('',#5469,#5470,#45,.T.);
#4769=EDGE_CURVE('',#5469,#5471,#5783,.T.);
#4770=EDGE_CURVE('',#5471,#5472,#46,.T.);
#4771=EDGE_CURVE('',#5472,#5470,#47,.T.);
#4772=EDGE_CURVE('',#5473,#5473,#5784,.T.);
#4773=EDGE_CURVE('',#5474,#5475,#48,.T.);
#4774=EDGE_CURVE('',#5475,#5476,#49,.T.);
#4775=EDGE_CURVE('',#5476,#5477,#50,.T.);
#4776=EDGE_CURVE('',#5477,#5478,#51,.T.);
#4777=EDGE_CURVE('',#5478,#5474,#959,.T.);
#4778=EDGE_CURVE('',#5469,#5477,#52,.T.);
#4779=EDGE_CURVE('',#5476,#5471,#53,.T.);
#4780=EDGE_CURVE('',#5479,#5479,#5785,.T.);
#4781=EDGE_CURVE('',#5480,#5481,#23,.T.);
#4782=EDGE_CURVE('',#5481,#5482,#24,.T.);
#4783=EDGE_CURVE('',#5482,#5483,#54,.T.);
#4784=EDGE_CURVE('',#5483,#5484,#25,.T.);
#4785=EDGE_CURVE('',#5485,#5484,#26,.T.);
#4786=EDGE_CURVE('',#5485,#5480,#55,.T.);
#4787=EDGE_CURVE('',#5486,#5487,#5786,.T.);
#4788=EDGE_CURVE('',#5487,#5488,#56,.T.);
#4789=EDGE_CURVE('',#5488,#5489,#57,.T.);
#4790=EDGE_CURVE('',#5489,#5486,#58,.T.);
#4791=EDGE_CURVE('',#5485,#5487,#59,.T.);
#4792=EDGE_CURVE('',#5486,#5480,#60,.T.);
#4793=EDGE_CURVE('',#5490,#5491,#61,.T.);
#4794=EDGE_CURVE('',#5492,#5491,#960,.T.);
#4795=EDGE_CURVE('',#5493,#5492,#961,.T.);
#4796=EDGE_CURVE('',#5493,#5490,#962,.T.);
#4797=EDGE_CURVE('',#5491,#5494,#62,.T.);
#4798=EDGE_CURVE('',#5495,#5494,#963,.T.);
#4799=EDGE_CURVE('',#5492,#5495,#964,.T.);
#4800=EDGE_CURVE('',#5494,#5496,#63,.T.);
#4801=EDGE_CURVE('',#5497,#5496,#965,.T.);
#4802=EDGE_CURVE('',#5495,#5497,#966,.T.);
#4803=EDGE_CURVE('',#5496,#5498,#64,.T.);
#4804=EDGE_CURVE('',#5499,#5498,#967,.T.);
#4805=EDGE_CURVE('',#5497,#5499,#968,.T.);
#4806=EDGE_CURVE('',#5498,#5500,#65,.T.);
#4807=EDGE_CURVE('',#5501,#5500,#969,.T.);
#4808=EDGE_CURVE('',#5499,#5501,#970,.T.);
#4809=EDGE_CURVE('',#5500,#5490,#66,.T.);
#4810=EDGE_CURVE('',#5501,#5493,#971,.T.);
#4811=EDGE_CURVE('',#5503,#5484,#67,.T.);
#4812=EDGE_CURVE('',#5488,#5503,#27,.T.);
#4813=EDGE_CURVE('',#5504,#5503,#68,.T.);
#4814=EDGE_CURVE('',#5489,#5504,#28,.T.);
#4815=EDGE_CURVE('',#5481,#5504,#69,.T.);
#4816=EDGE_CURVE('',#5483,#5503,#972,.T.);
#4817=EDGE_CURVE('',#5482,#5504,#973,.T.);
#4818=EDGE_CURVE('',#5472,#5505,#29,.T.);
#4819=EDGE_CURVE('',#5506,#5505,#70,.T.);
#4820=EDGE_CURVE('',#5470,#5506,#30,.T.);
#4821=EDGE_CURVE('',#5478,#5506,#71,.T.);
#4822=EDGE_CURVE('',#5474,#5505,#31,.T.);
#4823=VERTEX_POINT('',#10188);
#4824=VERTEX_POINT('',#10190);
#4825=VERTEX_POINT('',#10193);
#4826=VERTEX_POINT('',#10195);
#4827=VERTEX_POINT('',#10198);
#4828=VERTEX_POINT('',#10200);
#4829=VERTEX_POINT('',#10203);
#4830=VERTEX_POINT('',#10205);
#4831=VERTEX_POINT('',#10208);
#4832=VERTEX_POINT('',#10210);
#4833=VERTEX_POINT('',#10213);
#4834=VERTEX_POINT('',#10215);
#4835=VERTEX_POINT('',#10218);
#4836=VERTEX_POINT('',#10220);
#4837=VERTEX_POINT('',#10223);
#4838=VERTEX_POINT('',#10225);
#4839=VERTEX_POINT('',#10228);
#4840=VERTEX_POINT('',#10230);
#4841=VERTEX_POINT('',#10233);
#4842=VERTEX_POINT('',#10235);
#4843=VERTEX_POINT('',#10238);
#4844=VERTEX_POINT('',#10240);
#4845=VERTEX_POINT('',#10243);
#4846=VERTEX_POINT('',#10245);
#4847=VERTEX_POINT('',#10248);
#4848=VERTEX_POINT('',#10250);
#4849=VERTEX_POINT('',#10253);
#4850=VERTEX_POINT('',#10255);
#4851=VERTEX_POINT('',#10258);
#4852=VERTEX_POINT('',#10260);
#4853=VERTEX_POINT('',#10263);
#4854=VERTEX_POINT('',#10264);
#4855=VERTEX_POINT('',#10266);
#4856=VERTEX_POINT('',#10268);
#4857=VERTEX_POINT('',#10272);
#4858=VERTEX_POINT('',#10273);
#4859=VERTEX_POINT('',#10275);
#4860=VERTEX_POINT('',#10277);
#4861=VERTEX_POINT('',#10281);
#4862=VERTEX_POINT('',#10282);
#4863=VERTEX_POINT('',#10284);
#4864=VERTEX_POINT('',#10286);
#4865=VERTEX_POINT('',#10290);
#4866=VERTEX_POINT('',#10291);
#4867=VERTEX_POINT('',#10293);
#4868=VERTEX_POINT('',#10295);
#4869=VERTEX_POINT('',#10299);
#4870=VERTEX_POINT('',#10300);
#4871=VERTEX_POINT('',#10302);
#4872=VERTEX_POINT('',#10304);
#4873=VERTEX_POINT('',#10308);
#4874=VERTEX_POINT('',#10309);
#4875=VERTEX_POINT('',#10311);
#4876=VERTEX_POINT('',#10313);
#4877=VERTEX_POINT('',#10317);
#4878=VERTEX_POINT('',#10318);
#4879=VERTEX_POINT('',#10320);
#4880=VERTEX_POINT('',#10322);
#4881=VERTEX_POINT('',#10326);
#4882=VERTEX_POINT('',#10327);
#4883=VERTEX_POINT('',#10329);
#4884=VERTEX_POINT('',#10331);
#4885=VERTEX_POINT('',#10335);
#4886=VERTEX_POINT('',#10336);
#4887=VERTEX_POINT('',#10338);
#4888=VERTEX_POINT('',#10340);
#4889=VERTEX_POINT('',#10342);
#4890=VERTEX_POINT('',#10344);
#4891=VERTEX_POINT('',#10346);
#4892=VERTEX_POINT('',#10348);
#4893=VERTEX_POINT('',#10350);
#4894=VERTEX_POINT('',#10352);
#4895=VERTEX_POINT('',#10354);
#4896=VERTEX_POINT('',#10356);
#4897=VERTEX_POINT('',#10358);
#4898=VERTEX_POINT('',#10360);
#4899=VERTEX_POINT('',#10362);
#4900=VERTEX_POINT('',#10364);
#4901=VERTEX_POINT('',#10366);
#4902=VERTEX_POINT('',#10368);
#4903=VERTEX_POINT('',#10370);
#4904=VERTEX_POINT('',#10372);
#4905=VERTEX_POINT('',#10374);
#4906=VERTEX_POINT('',#10376);
#4907=VERTEX_POINT('',#10378);
#4908=VERTEX_POINT('',#10380);
#4909=VERTEX_POINT('',#10382);
#4910=VERTEX_POINT('',#10384);
#4911=VERTEX_POINT('',#10386);
#4912=VERTEX_POINT('',#10388);
#4913=VERTEX_POINT('',#10390);
#4914=VERTEX_POINT('',#10392);
#4915=VERTEX_POINT('',#10394);
#4916=VERTEX_POINT('',#10396);
#4917=VERTEX_POINT('',#10400);
#4918=VERTEX_POINT('',#10401);
#4919=VERTEX_POINT('',#10403);
#4920=VERTEX_POINT('',#10405);
#4921=VERTEX_POINT('',#10407);
#4922=VERTEX_POINT('',#10409);
#4923=VERTEX_POINT('',#10411);
#4924=VERTEX_POINT('',#10413);
#4925=VERTEX_POINT('',#10415);
#4926=VERTEX_POINT('',#10417);
#4927=VERTEX_POINT('',#10419);
#4928=VERTEX_POINT('',#10421);
#4929=VERTEX_POINT('',#10423);
#4930=VERTEX_POINT('',#10425);
#4931=VERTEX_POINT('',#10428);
#4932=VERTEX_POINT('',#10430);
#4933=VERTEX_POINT('',#10432);
#4934=VERTEX_POINT('',#10433);
#4935=VERTEX_POINT('',#10435);
#4936=VERTEX_POINT('',#10437);
#4937=VERTEX_POINT('',#10439);
#4938=VERTEX_POINT('',#10441);
#4939=VERTEX_POINT('',#10443);
#4940=VERTEX_POINT('',#10445);
#4941=VERTEX_POINT('',#10449);
#4942=VERTEX_POINT('',#10451);
#4943=VERTEX_POINT('',#10453);
#4944=VERTEX_POINT('',#10455);
#4945=VERTEX_POINT('',#10459);
#4946=VERTEX_POINT('',#10461);
#4947=VERTEX_POINT('',#10464);
#4948=VERTEX_POINT('',#10466);
#4949=VERTEX_POINT('',#10471);
#4950=VERTEX_POINT('',#10473);
#4951=VERTEX_POINT('',#10477);
#4952=VERTEX_POINT('',#10479);
#4953=VERTEX_POINT('',#10482);
#4954=VERTEX_POINT('',#10484);
#4955=VERTEX_POINT('',#10486);
#4956=VERTEX_POINT('',#10488);
#4957=VERTEX_POINT('',#10492);
#4958=VERTEX_POINT('',#10493);
#4959=VERTEX_POINT('',#10495);
#4960=VERTEX_POINT('',#10497);
#4961=VERTEX_POINT('',#10501);
#4962=VERTEX_POINT('',#10502);
#4963=VERTEX_POINT('',#10504);
#4964=VERTEX_POINT('',#10506);
#4965=VERTEX_POINT('',#10508);
#4966=VERTEX_POINT('',#10512);
#4967=VERTEX_POINT('',#10514);
#4968=VERTEX_POINT('',#10516);
#4969=VERTEX_POINT('',#10520);
#4970=VERTEX_POINT('',#10522);
#4971=VERTEX_POINT('',#10526);
#4972=VERTEX_POINT('',#10528);
#4973=VERTEX_POINT('',#10532);
#4974=VERTEX_POINT('',#10533);
#4975=VERTEX_POINT('',#10535);
#4976=VERTEX_POINT('',#10537);
#4977=VERTEX_POINT('',#10539);
#4978=VERTEX_POINT('',#10543);
#4979=VERTEX_POINT('',#10544);
#4980=VERTEX_POINT('',#10547);
#4981=VERTEX_POINT('',#10551);
#4982=VERTEX_POINT('',#10552);
#4983=VERTEX_POINT('',#10554);
#4984=VERTEX_POINT('',#10559);
#4985=VERTEX_POINT('',#10560);
#4986=VERTEX_POINT('',#10565);
#4987=VERTEX_POINT('',#10570);
#4988=VERTEX_POINT('',#10572);
#4989=VERTEX_POINT('',#10574);
#4990=VERTEX_POINT('',#10576);
#4991=VERTEX_POINT('',#10578);
#4992=VERTEX_POINT('',#10580);
#4993=VERTEX_POINT('',#10582);
#4994=VERTEX_POINT('',#10583);
#4995=VERTEX_POINT('',#10585);
#4996=VERTEX_POINT('',#10587);
#4997=VERTEX_POINT('',#10589);
#4998=VERTEX_POINT('',#10591);
#4999=VERTEX_POINT('',#10593);
#5000=VERTEX_POINT('',#10595);
#5001=VERTEX_POINT('',#10598);
#5002=VERTEX_POINT('',#10600);
#5003=VERTEX_POINT('',#10602);
#5004=VERTEX_POINT('',#10604);
#5005=VERTEX_POINT('',#10606);
#5006=VERTEX_POINT('',#10608);
#5007=VERTEX_POINT('',#10610);
#5008=VERTEX_POINT('',#10612);
#5009=VERTEX_POINT('',#10614);
#5010=VERTEX_POINT('',#10616);
#5011=VERTEX_POINT('',#10618);
#5012=VERTEX_POINT('',#10620);
#5013=VERTEX_POINT('',#10622);
#5014=VERTEX_POINT('',#10624);
#5015=VERTEX_POINT('',#10626);
#5016=VERTEX_POINT('',#10628);
#5017=VERTEX_POINT('',#10630);
#5018=VERTEX_POINT('',#10632);
#5019=VERTEX_POINT('',#10634);
#5020=VERTEX_POINT('',#10636);
#5021=VERTEX_POINT('',#10638);
#5022=VERTEX_POINT('',#10641);
#5023=VERTEX_POINT('',#10643);
#5024=VERTEX_POINT('',#10645);
#5025=VERTEX_POINT('',#10647);
#5026=VERTEX_POINT('',#10653);
#5027=VERTEX_POINT('',#10654);
#5028=VERTEX_POINT('',#10659);
#5029=VERTEX_POINT('',#10660);
#5030=VERTEX_POINT('',#10663);
#5031=VERTEX_POINT('',#10665);
#5032=VERTEX_POINT('',#10696);
#5033=VERTEX_POINT('',#10699);
#5034=VERTEX_POINT('',#10703);
#5035=VERTEX_POINT('',#10708);
#5036=VERTEX_POINT('',#10719);
#5037=VERTEX_POINT('',#10724);
#5038=VERTEX_POINT('',#10733);
#5039=VERTEX_POINT('',#10737);
#5040=VERTEX_POINT('',#10739);
#5041=VERTEX_POINT('',#10743);
#5042=VERTEX_POINT('',#10747);
#5043=VERTEX_POINT('',#10749);
#5044=VERTEX_POINT('',#10754);
#5045=VERTEX_POINT('',#10756);
#5046=VERTEX_POINT('',#10759);
#5047=VERTEX_POINT('',#10761);
#5048=VERTEX_POINT('',#10764);
#5049=VERTEX_POINT('',#10766);
#5050=VERTEX_POINT('',#10769);
#5051=VERTEX_POINT('',#10771);
#5052=VERTEX_POINT('',#10774);
#5053=VERTEX_POINT('',#10776);
#5054=VERTEX_POINT('',#10779);
#5055=VERTEX_POINT('',#10781);
#5056=VERTEX_POINT('',#10784);
#5057=VERTEX_POINT('',#10786);
#5058=VERTEX_POINT('',#10789);
#5059=VERTEX_POINT('',#10791);
#5060=VERTEX_POINT('',#10794);
#5061=VERTEX_POINT('',#10796);
#5062=VERTEX_POINT('',#10806);
#5063=VERTEX_POINT('',#10808);
#5064=VERTEX_POINT('',#10812);
#5065=VERTEX_POINT('',#10816);
#5066=VERTEX_POINT('',#10820);
#5067=VERTEX_POINT('',#10824);
#5068=VERTEX_POINT('',#10828);
#5069=VERTEX_POINT('',#10832);
#5070=VERTEX_POINT('',#10839);
#5071=VERTEX_POINT('',#10842);
#5072=VERTEX_POINT('',#10845);
#5073=VERTEX_POINT('',#10848);
#5074=VERTEX_POINT('',#10851);
#5075=VERTEX_POINT('',#10854);
#5076=VERTEX_POINT('',#10857);
#5077=VERTEX_POINT('',#10860);
#5078=VERTEX_POINT('',#10863);
#5079=VERTEX_POINT('',#10866);
#5080=VERTEX_POINT('',#10869);
#5081=VERTEX_POINT('',#10872);
#5082=VERTEX_POINT('',#10875);
#5083=VERTEX_POINT('',#10878);
#5084=VERTEX_POINT('',#10881);
#5085=VERTEX_POINT('',#10884);
#5086=VERTEX_POINT('',#10886);
#5087=VERTEX_POINT('',#10888);
#5088=VERTEX_POINT('',#10893);
#5089=VERTEX_POINT('',#10897);
#5090=VERTEX_POINT('',#10901);
#5091=VERTEX_POINT('',#10903);
#5092=VERTEX_POINT('',#10905);
#5093=VERTEX_POINT('',#10910);
#5094=VERTEX_POINT('',#10914);
#5095=VERTEX_POINT('',#10916);
#5096=VERTEX_POINT('',#10918);
#5097=VERTEX_POINT('',#10923);
#5098=VERTEX_POINT('',#10927);
#5099=VERTEX_POINT('',#10931);
#5100=VERTEX_POINT('',#10933);
#5101=VERTEX_POINT('',#10935);
#5102=VERTEX_POINT('',#10940);
#5103=VERTEX_POINT('',#10944);
#5104=VERTEX_POINT('',#10948);
#5105=VERTEX_POINT('',#10952);
#5106=VERTEX_POINT('',#10954);
#5107=VERTEX_POINT('',#10956);
#5108=VERTEX_POINT('',#10961);
#5109=VERTEX_POINT('',#10965);
#5110=VERTEX_POINT('',#10976);
#5111=VERTEX_POINT('',#10980);
#5112=VERTEX_POINT('',#10993);
#5113=VERTEX_POINT('',#10997);
#5114=VERTEX_POINT('',#11010);
#5115=VERTEX_POINT('',#11014);
#5116=VERTEX_POINT('',#11027);
#5117=VERTEX_POINT('',#11031);
#5118=VERTEX_POINT('',#11043);
#5119=VERTEX_POINT('',#11047);
#5120=VERTEX_POINT('',#11059);
#5121=VERTEX_POINT('',#11061);
#5122=VERTEX_POINT('',#11063);
#5123=VERTEX_POINT('',#11064);
#5124=VERTEX_POINT('',#11066);
#5125=VERTEX_POINT('',#11068);
#5126=VERTEX_POINT('',#11070);
#5127=VERTEX_POINT('',#11072);
#5128=VERTEX_POINT('',#11074);
#5129=VERTEX_POINT('',#11076);
#5130=VERTEX_POINT('',#11079);
#5131=VERTEX_POINT('',#11080);
#5132=VERTEX_POINT('',#11082);
#5133=VERTEX_POINT('',#11084);
#5134=VERTEX_POINT('',#11086);
#5135=VERTEX_POINT('',#11088);
#5136=VERTEX_POINT('',#11090);
#5137=VERTEX_POINT('',#11092);
#5138=VERTEX_POINT('',#11096);
#5139=VERTEX_POINT('',#11098);
#5140=VERTEX_POINT('',#11100);
#5141=VERTEX_POINT('',#11101);
#5142=VERTEX_POINT('',#11103);
#5143=VERTEX_POINT('',#11105);
#5144=VERTEX_POINT('',#11107);
#5145=VERTEX_POINT('',#11109);
#5146=VERTEX_POINT('',#11111);
#5147=VERTEX_POINT('',#11113);
#5148=VERTEX_POINT('',#11116);
#5149=VERTEX_POINT('',#11117);
#5150=VERTEX_POINT('',#11119);
#5151=VERTEX_POINT('',#11121);
#5152=VERTEX_POINT('',#11123);
#5153=VERTEX_POINT('',#11125);
#5154=VERTEX_POINT('',#11127);
#5155=VERTEX_POINT('',#11129);
#5156=VERTEX_POINT('',#11149);
#5157=VERTEX_POINT('',#11151);
#5158=VERTEX_POINT('',#11154);
#5159=VERTEX_POINT('',#11156);
#5160=VERTEX_POINT('',#11159);
#5161=VERTEX_POINT('',#11161);
#5162=VERTEX_POINT('',#11165);
#5163=VERTEX_POINT('',#11169);
#5164=VERTEX_POINT('',#11173);
#5165=VERTEX_POINT('',#11177);
#5166=VERTEX_POINT('',#11181);
#5167=VERTEX_POINT('',#11185);
#5168=VERTEX_POINT('',#11191);
#5169=VERTEX_POINT('',#11192);
#5170=VERTEX_POINT('',#11194);
#5171=VERTEX_POINT('',#11196);
#5172=VERTEX_POINT('',#11198);
#5173=VERTEX_POINT('',#11200);
#5174=VERTEX_POINT('',#11202);
#5175=VERTEX_POINT('',#11204);
#5176=VERTEX_POINT('',#11208);
#5177=VERTEX_POINT('',#11209);
#5178=VERTEX_POINT('',#11211);
#5179=VERTEX_POINT('',#11213);
#5180=VERTEX_POINT('',#11217);
#5181=VERTEX_POINT('',#11218);
#5182=VERTEX_POINT('',#11223);
#5183=VERTEX_POINT('',#11224);
#5184=VERTEX_POINT('',#11229);
#5185=VERTEX_POINT('',#11230);
#5186=VERTEX_POINT('',#11235);
#5187=VERTEX_POINT('',#11236);
#5188=VERTEX_POINT('',#11241);
#5189=VERTEX_POINT('',#11242);
#5190=VERTEX_POINT('',#11247);
#5191=VERTEX_POINT('',#11248);
#5192=VERTEX_POINT('',#11256);
#5193=VERTEX_POINT('',#11259);
#5194=VERTEX_POINT('',#11262);
#5195=VERTEX_POINT('',#11265);
#5196=VERTEX_POINT('',#11305);
#5197=VERTEX_POINT('',#11306);
#5198=VERTEX_POINT('',#11308);
#5199=VERTEX_POINT('',#11310);
#5200=VERTEX_POINT('',#11314);
#5201=VERTEX_POINT('',#11315);
#5202=VERTEX_POINT('',#11317);
#5203=VERTEX_POINT('',#11319);
#5204=VERTEX_POINT('',#11323);
#5205=VERTEX_POINT('',#11325);
#5206=VERTEX_POINT('',#11326);
#5207=VERTEX_POINT('',#11328);
#5208=VERTEX_POINT('',#11330);
#5209=VERTEX_POINT('',#11332);
#5210=VERTEX_POINT('',#11334);
#5211=VERTEX_POINT('',#11336);
#5212=VERTEX_POINT('',#11338);
#5213=VERTEX_POINT('',#11342);
#5214=VERTEX_POINT('',#11344);
#5215=VERTEX_POINT('',#11348);
#5216=VERTEX_POINT('',#11350);
#5217=VERTEX_POINT('',#11354);
#5218=VERTEX_POINT('',#11355);
#5219=VERTEX_POINT('',#11357);
#5220=VERTEX_POINT('',#11359);
#5221=VERTEX_POINT('',#11361);
#5222=VERTEX_POINT('',#11363);
#5223=VERTEX_POINT('',#11365);
#5224=VERTEX_POINT('',#11367);
#5225=VERTEX_POINT('',#11369);
#5226=VERTEX_POINT('',#11371);
#5227=VERTEX_POINT('',#11373);
#5228=VERTEX_POINT('',#11377);
#5229=VERTEX_POINT('',#11378);
#5230=VERTEX_POINT('',#11380);
#5231=VERTEX_POINT('',#11382);
#5232=VERTEX_POINT('',#11384);
#5233=VERTEX_POINT('',#11386);
#5234=VERTEX_POINT('',#11388);
#5235=VERTEX_POINT('',#11390);
#5236=VERTEX_POINT('',#11392);
#5237=VERTEX_POINT('',#11394);
#5238=VERTEX_POINT('',#11396);
#5239=VERTEX_POINT('',#11400);
#5240=VERTEX_POINT('',#11401);
#5241=VERTEX_POINT('',#11406);
#5242=VERTEX_POINT('',#11408);
#5243=VERTEX_POINT('',#11412);
#5244=VERTEX_POINT('',#11414);
#5245=VERTEX_POINT('',#11418);
#5246=VERTEX_POINT('',#11420);
#5247=VERTEX_POINT('',#11424);
#5248=VERTEX_POINT('',#11426);
#5249=VERTEX_POINT('',#11428);
#5250=VERTEX_POINT('',#11430);
#5251=VERTEX_POINT('',#11432);
#5252=VERTEX_POINT('',#11437);
#5253=VERTEX_POINT('',#11438);
#5254=VERTEX_POINT('',#11443);
#5255=VERTEX_POINT('',#11445);
#5256=VERTEX_POINT('',#11447);
#5257=VERTEX_POINT('',#11449);
#5258=VERTEX_POINT('',#11451);
#5259=VERTEX_POINT('',#11454);
#5260=VERTEX_POINT('',#11460);
#5261=VERTEX_POINT('',#11462);
#5262=VERTEX_POINT('',#11466);
#5263=VERTEX_POINT('',#11468);
#5264=VERTEX_POINT('',#11470);
#5265=VERTEX_POINT('',#11472);
#5266=VERTEX_POINT('',#11474);
#5267=VERTEX_POINT('',#11476);
#5268=VERTEX_POINT('',#11478);
#5269=VERTEX_POINT('',#11480);
#5270=VERTEX_POINT('',#11482);
#5271=VERTEX_POINT('',#11486);
#5272=VERTEX_POINT('',#11487);
#5273=VERTEX_POINT('',#11489);
#5274=VERTEX_POINT('',#11491);
#5275=VERTEX_POINT('',#11493);
#5276=VERTEX_POINT('',#11495);
#5277=VERTEX_POINT('',#11497);
#5278=VERTEX_POINT('',#11499);
#5279=VERTEX_POINT('',#11501);
#5280=VERTEX_POINT('',#11503);
#5281=VERTEX_POINT('',#11505);
#5282=VERTEX_POINT('',#11509);
#5283=VERTEX_POINT('',#11511);
#5284=VERTEX_POINT('',#11515);
#5285=VERTEX_POINT('',#11517);
#5286=VERTEX_POINT('',#11519);
#5287=VERTEX_POINT('',#11522);
#5288=VERTEX_POINT('',#11525);
#5289=VERTEX_POINT('',#11527);
#5290=VERTEX_POINT('',#11538);
#5291=VERTEX_POINT('',#11540);
#5292=VERTEX_POINT('',#11594);
#5293=VERTEX_POINT('',#11597);
#5294=VERTEX_POINT('',#11599);
#5295=VERTEX_POINT('',#11612);
#5296=VERTEX_POINT('',#11613);
#5297=VERTEX_POINT('',#11615);
#5298=VERTEX_POINT('',#11617);
#5299=VERTEX_POINT('',#11621);
#5300=VERTEX_POINT('',#11623);
#5301=VERTEX_POINT('',#11627);
#5302=VERTEX_POINT('',#11628);
#5303=VERTEX_POINT('',#11633);
#5304=VERTEX_POINT('',#11635);
#5305=VERTEX_POINT('',#11653);
#5306=VERTEX_POINT('',#11669);
#5307=VERTEX_POINT('',#11706);
#5308=VERTEX_POINT('',#11708);
#5309=VERTEX_POINT('',#11710);
#5310=VERTEX_POINT('',#11717);
#5311=VERTEX_POINT('',#11720);
#5312=VERTEX_POINT('',#11727);
#5313=VERTEX_POINT('',#11728);
#5314=VERTEX_POINT('',#11730);
#5315=VERTEX_POINT('',#11732);
#5316=VERTEX_POINT('',#11736);
#5317=VERTEX_POINT('',#11737);
#5318=VERTEX_POINT('',#11739);
#5319=VERTEX_POINT('',#11741);
#5320=VERTEX_POINT('',#11745);
#5321=VERTEX_POINT('',#11747);
#5322=VERTEX_POINT('',#11751);
#5323=VERTEX_POINT('',#11753);
#5324=VERTEX_POINT('',#11771);
#5325=VERTEX_POINT('',#11787);
#5326=VERTEX_POINT('',#11824);
#5327=VERTEX_POINT('',#11826);
#5328=VERTEX_POINT('',#11832);
#5329=VERTEX_POINT('',#11835);
#5330=VERTEX_POINT('',#11842);
#5331=VERTEX_POINT('',#11843);
#5332=VERTEX_POINT('',#11845);
#5333=VERTEX_POINT('',#11847);
#5334=VERTEX_POINT('',#11851);
#5335=VERTEX_POINT('',#11852);
#5336=VERTEX_POINT('',#11854);
#5337=VERTEX_POINT('',#11856);
#5338=VERTEX_POINT('',#11860);
#5339=VERTEX_POINT('',#11862);
#5340=VERTEX_POINT('',#11866);
#5341=VERTEX_POINT('',#11868);
#5342=VERTEX_POINT('',#11886);
#5343=VERTEX_POINT('',#11902);
#5344=VERTEX_POINT('',#11939);
#5345=VERTEX_POINT('',#11941);
#5346=VERTEX_POINT('',#11947);
#5347=VERTEX_POINT('',#11950);
#5348=VERTEX_POINT('',#11969);
#5349=VERTEX_POINT('',#11970);
#5350=VERTEX_POINT('',#11972);
#5351=VERTEX_POINT('',#11974);
#5352=VERTEX_POINT('',#11978);
#5353=VERTEX_POINT('',#11979);
#5354=VERTEX_POINT('',#11984);
#5355=VERTEX_POINT('',#11988);
#5356=VERTEX_POINT('',#11992);
#5357=VERTEX_POINT('',#11993);
#5358=VERTEX_POINT('',#11995);
#5359=VERTEX_POINT('',#11997);
#5360=VERTEX_POINT('',#12001);
#5361=VERTEX_POINT('',#12002);
#5362=VERTEX_POINT('',#12006);
#5363=VERTEX_POINT('',#12008);
#5364=VERTEX_POINT('',#12010);
#5365=VERTEX_POINT('',#12012);
#5366=VERTEX_POINT('',#12014);
#5367=VERTEX_POINT('',#12016);
#5368=VERTEX_POINT('',#12018);
#5369=VERTEX_POINT('',#12020);
#5370=VERTEX_POINT('',#12022);
#5371=VERTEX_POINT('',#12024);
#5372=VERTEX_POINT('',#12026);
#5373=VERTEX_POINT('',#12028);
#5374=VERTEX_POINT('',#12030);
#5375=VERTEX_POINT('',#12032);
#5376=VERTEX_POINT('',#12034);
#5377=VERTEX_POINT('',#12036);
#5378=VERTEX_POINT('',#12038);
#5379=VERTEX_POINT('',#12040);
#5380=VERTEX_POINT('',#12044);
#5381=VERTEX_POINT('',#12045);
#5382=VERTEX_POINT('',#12050);
#5383=VERTEX_POINT('',#12051);
#5384=VERTEX_POINT('',#12056);
#5385=VERTEX_POINT('',#12057);
#5386=VERTEX_POINT('',#12062);
#5387=VERTEX_POINT('',#12063);
#5388=VERTEX_POINT('',#12065);
#5389=VERTEX_POINT('',#12067);
#5390=VERTEX_POINT('',#12070);
#5391=VERTEX_POINT('',#12072);
#5392=VERTEX_POINT('',#12074);
#5393=VERTEX_POINT('',#12076);
#5394=VERTEX_POINT('',#12078);
#5395=VERTEX_POINT('',#12080);
#5396=VERTEX_POINT('',#12082);
#5397=VERTEX_POINT('',#12084);
#5398=VERTEX_POINT('',#12086);
#5399=VERTEX_POINT('',#12088);
#5400=VERTEX_POINT('',#12090);
#5401=VERTEX_POINT('',#12092);
#5402=VERTEX_POINT('',#12094);
#5403=VERTEX_POINT('',#12096);
#5404=VERTEX_POINT('',#12098);
#5405=VERTEX_POINT('',#12100);
#5406=VERTEX_POINT('',#12102);
#5407=VERTEX_POINT('',#12104);
#5408=VERTEX_POINT('',#12106);
#5409=VERTEX_POINT('',#12108);
#5410=VERTEX_POINT('',#12112);
#5411=VERTEX_POINT('',#12114);
#5412=VERTEX_POINT('',#12121);
#5413=VERTEX_POINT('',#12123);
#5414=VERTEX_POINT('',#12126);
#5415=VERTEX_POINT('',#12128);
#5416=VERTEX_POINT('',#12132);
#5417=VERTEX_POINT('',#12133);
#5418=VERTEX_POINT('',#12135);
#5419=VERTEX_POINT('',#12137);
#5420=VERTEX_POINT('',#12141);
#5421=VERTEX_POINT('',#12143);
#5422=VERTEX_POINT('',#12148);
#5423=VERTEX_POINT('',#12150);
#5424=VERTEX_POINT('',#12156);
#5425=VERTEX_POINT('',#12158);
#5426=VERTEX_POINT('',#12160);
#5427=VERTEX_POINT('',#12162);
#5428=VERTEX_POINT('',#12166);
#5429=VERTEX_POINT('',#12168);
#5430=VERTEX_POINT('',#12176);
#5431=VERTEX_POINT('',#12177);
#5432=VERTEX_POINT('',#12179);
#5433=VERTEX_POINT('',#12181);
#5434=VERTEX_POINT('',#12188);
#5435=VERTEX_POINT('',#12190);
#5436=VERTEX_POINT('',#12196);
#5437=VERTEX_POINT('',#12197);
#5438=VERTEX_POINT('',#12199);
#5439=VERTEX_POINT('',#12201);
#5440=VERTEX_POINT('',#12205);
#5441=VERTEX_POINT('',#12207);
#5442=VERTEX_POINT('',#12212);
#5443=VERTEX_POINT('',#12214);
#5444=VERTEX_POINT('',#12220);
#5445=VERTEX_POINT('',#12221);
#5446=VERTEX_POINT('',#12223);
#5447=VERTEX_POINT('',#12225);
#5448=VERTEX_POINT('',#12229);
#5449=VERTEX_POINT('',#12231);
#5450=VERTEX_POINT('',#12236);
#5451=VERTEX_POINT('',#12238);
#5452=VERTEX_POINT('',#12246);
#5453=VERTEX_POINT('',#12248);
#5454=VERTEX_POINT('',#12250);
#5455=VERTEX_POINT('',#12252);
#5456=VERTEX_POINT('',#12258);
#5457=VERTEX_POINT('',#12260);
#5458=VERTEX_POINT('',#12262);
#5459=VERTEX_POINT('',#12264);
#5460=VERTEX_POINT('',#12270);
#5461=VERTEX_POINT('',#12272);
#5462=VERTEX_POINT('',#12274);
#5463=VERTEX_POINT('',#12276);
#5464=VERTEX_POINT('',#12280);
#5465=VERTEX_POINT('',#12282);
#5466=VERTEX_POINT('',#12284);
#5467=VERTEX_POINT('',#12286);
#5468=VERTEX_POINT('',#12336);
#5469=VERTEX_POINT('',#12341);
#5470=VERTEX_POINT('',#12342);
#5471=VERTEX_POINT('',#12344);
#5472=VERTEX_POINT('',#12349);
#5473=VERTEX_POINT('',#12356);
#5474=VERTEX_POINT('',#12440);
#5475=VERTEX_POINT('',#12441);
#5476=VERTEX_POINT('',#12446);
#5477=VERTEX_POINT('',#12452);
#5478=VERTEX_POINT('',#12512);
#5479=VERTEX_POINT('',#12536);
#5480=VERTEX_POINT('',#12654);
#5481=VERTEX_POINT('',#12655);
#5482=VERTEX_POINT('',#12660);
#5483=VERTEX_POINT('',#12665);
#5484=VERTEX_POINT('',#12670);
#5485=VERTEX_POINT('',#12778);
#5486=VERTEX_POINT('',#12785);
#5487=VERTEX_POINT('',#12786);
#5488=VERTEX_POINT('',#12791);
#5489=VERTEX_POINT('',#12797);
#5490=VERTEX_POINT('',#12833);
#5491=VERTEX_POINT('',#12834);
#5492=VERTEX_POINT('',#12836);
#5493=VERTEX_POINT('',#12838);
#5494=VERTEX_POINT('',#12848);
#5495=VERTEX_POINT('',#12850);
#5496=VERTEX_POINT('',#12859);
#5497=VERTEX_POINT('',#12861);
#5498=VERTEX_POINT('',#12870);
#5499=VERTEX_POINT('',#12872);
#5500=VERTEX_POINT('',#12882);
#5501=VERTEX_POINT('',#12884);
#5502=VERTEX_POINT('',#12897);
#5503=VERTEX_POINT('',#13253);
#5504=VERTEX_POINT('',#13376);
#5505=VERTEX_POINT('',#13936);
#5506=VERTEX_POINT('',#13941);
#5507=CIRCLE('',#7397,0.6);
#5508=CIRCLE('',#7398,0.95);
#5509=CIRCLE('',#7400,0.6);
#5510=CIRCLE('',#7401,0.95);
#5511=CIRCLE('',#7403,0.6);
#5512=CIRCLE('',#7404,0.95);
#5513=CIRCLE('',#7406,0.6);
#5514=CIRCLE('',#7407,0.95);
#5515=CIRCLE('',#7409,0.6);
#5516=CIRCLE('',#7410,0.95);
#5517=CIRCLE('',#7412,0.6);
#5518=CIRCLE('',#7413,0.95);
#5519=CIRCLE('',#7415,0.6);
#5520=CIRCLE('',#7416,0.95);
#5521=CIRCLE('',#7418,0.6);
#5522=CIRCLE('',#7419,0.95);
#5523=CIRCLE('',#7421,0.6);
#5524=CIRCLE('',#7422,0.95);
#5525=CIRCLE('',#7424,0.6);
#5526=CIRCLE('',#7425,0.95);
#5527=CIRCLE('',#7427,0.6);
#5528=CIRCLE('',#7428,0.95);
#5529=CIRCLE('',#7430,0.6);
#5530=CIRCLE('',#7431,0.95);
#5531=CIRCLE('',#7433,0.6);
#5532=CIRCLE('',#7434,0.95);
#5533=CIRCLE('',#7436,0.6);
#5534=CIRCLE('',#7437,0.95);
#5535=CIRCLE('',#7439,0.6);
#5536=CIRCLE('',#7440,0.95);
#5537=CIRCLE('',#7450,0.3);
#5538=CIRCLE('',#7451,0.3);
#5539=CIRCLE('',#7452,1.5);
#5540=CIRCLE('',#7453,1.5);
#5541=CIRCLE('',#7455,1.5);
#5542=CIRCLE('',#7456,1.5);
#5543=CIRCLE('',#7457,2.);
#5544=CIRCLE('',#7458,2.);
#5545=CIRCLE('',#7459,2.35);
#5546=CIRCLE('',#7460,2.35);
#5547=CIRCLE('',#7461,2.35);
#5548=CIRCLE('',#7462,2.35);
#5549=CIRCLE('',#7464,0.3);
#5550=CIRCLE('',#7465,0.3);
#5551=CIRCLE('',#7466,1.9);
#5552=CIRCLE('',#7467,1.9);
#5553=CIRCLE('',#7469,1.9);
#5554=CIRCLE('',#7471,1.9);
#5555=CIRCLE('',#7475,2.);
#5556=CIRCLE('',#7477,1.9);
#5557=CIRCLE('',#7479,1.5);
#5558=CIRCLE('',#7481,1.5);
#5559=CIRCLE('',#7485,2.);
#5560=CIRCLE('',#7487,0.750000000000001);
#5561=CIRCLE('',#7488,0.750000000000001);
#5562=CIRCLE('',#7489,0.75);
#5563=CIRCLE('',#7490,0.750000000000001);
#5564=CIRCLE('',#7491,0.750000000000001);
#5565=CIRCLE('',#7492,0.75);
#5566=CIRCLE('',#7493,0.750000000000001);
#5567=CIRCLE('',#7494,0.750000000000001);
#5568=CIRCLE('',#7495,0.3);
#5569=CIRCLE('',#7496,0.3);
#5570=CIRCLE('',#7497,0.750000000000001);
#5571=CIRCLE('',#7498,0.750000000000001);
#5572=CIRCLE('',#7499,0.75);
#5573=CIRCLE('',#7500,0.75);
#5574=CIRCLE('',#7501,0.75);
#5575=CIRCLE('',#7502,0.75);
#5576=CIRCLE('',#7503,0.75);
#5577=CIRCLE('',#7504,0.75);
#5578=CIRCLE('',#7505,0.75);
#5579=CIRCLE('',#7506,0.75);
#5580=CIRCLE('',#7507,0.75);
#5581=CIRCLE('',#7508,0.750000000000001);
#5582=CIRCLE('',#7512,1.5);
#5583=CIRCLE('',#7513,1.5);
#5584=CIRCLE('',#7529,1.9);
#5585=CIRCLE('',#7532,1.9);
#5586=CIRCLE('',#7539,1.9);
#5587=CIRCLE('',#7547,0.3);
#5588=CIRCLE('',#7548,0.3);
#5589=CIRCLE('',#7556,2.35);
#5590=CIRCLE('',#7559,2.35);
#5591=CIRCLE('',#7562,2.35);
#5592=CIRCLE('',#7565,2.35);
#5593=CIRCLE('',#7569,0.6);
#5594=CIRCLE('',#7571,0.6);
#5595=CIRCLE('',#7573,0.6);
#5596=CIRCLE('',#7575,0.6);
#5597=CIRCLE('',#7577,0.6);
#5598=CIRCLE('',#7579,0.6);
#5599=CIRCLE('',#7581,0.6);
#5600=CIRCLE('',#7583,0.6);
#5601=CIRCLE('',#7585,0.6);
#5602=CIRCLE('',#7587,0.6);
#5603=CIRCLE('',#7589,0.6);
#5604=CIRCLE('',#7591,0.6);
#5605=CIRCLE('',#7593,0.6);
#5606=CIRCLE('',#7595,0.6);
#5607=CIRCLE('',#7597,0.6);
#5608=CIRCLE('',#7599,0.75);
#5609=CIRCLE('',#7600,0.75);
#5610=CIRCLE('',#7603,0.750000000000001);
#5611=CIRCLE('',#7606,0.75);
#5612=CIRCLE('',#7609,0.75);
#5613=CIRCLE('',#7610,0.75);
#5614=CIRCLE('',#7613,0.750000000000001);
#5615=CIRCLE('',#7616,0.750000000000001);
#5616=CIRCLE('',#7617,0.750000000000001);
#5617=CIRCLE('',#7620,0.75);
#5618=CIRCLE('',#7623,0.75);
#5619=CIRCLE('',#7626,0.750000000000001);
#5620=CIRCLE('',#7627,0.750000000000001);
#5621=CIRCLE('',#7630,0.75);
#5622=CIRCLE('',#7633,0.750000000000001);
#5623=CIRCLE('',#7636,0.75);
#5624=CIRCLE('',#7639,0.75);
#5625=CIRCLE('',#7640,0.75);
#5626=CIRCLE('',#7643,0.750000000000001);
#5627=CIRCLE('',#7646,0.750000000000001);
#5628=CIRCLE('',#7685,2.05);
#5629=CIRCLE('',#7686,2.05);
#5630=CIRCLE('',#7687,1.5);
#5631=CIRCLE('',#7688,1.5);
#5632=CIRCLE('',#7689,1.5);
#5633=CIRCLE('',#7690,1.5);
#5634=CIRCLE('',#7691,2.35);
#5635=CIRCLE('',#7692,2.35);
#5636=CIRCLE('',#7693,2.35);
#5637=CIRCLE('',#7694,2.35);
#5638=CIRCLE('',#7696,2.05);
#5639=CIRCLE('',#7697,2.05);
#5640=CIRCLE('',#7698,3.25);
#5641=CIRCLE('',#7699,3.25);
#5642=CIRCLE('',#7700,3.25);
#5643=CIRCLE('',#7701,3.25);
#5644=CIRCLE('',#7702,1.5);
#5645=CIRCLE('',#7703,1.5);
#5646=CIRCLE('',#7704,1.5);
#5647=CIRCLE('',#7705,1.5);
#5648=CIRCLE('',#7715,1.55);
#5649=CIRCLE('',#7716,1.55);
#5650=CIRCLE('',#7718,1.55);
#5651=CIRCLE('',#7719,1.55);
#5652=CIRCLE('',#7721,2.35);
#5653=CIRCLE('',#7724,2.35);
#5654=CIRCLE('',#7727,2.35);
#5655=CIRCLE('',#7730,2.35);
#5656=CIRCLE('',#7733,2.65);
#5657=CIRCLE('',#7734,2.65);
#5658=CIRCLE('',#7735,2.65);
#5659=CIRCLE('',#7736,2.65);
#5660=CIRCLE('',#7738,2.75);
#5661=CIRCLE('',#7739,2.75);
#5662=CIRCLE('',#7742,2.75);
#5663=CIRCLE('',#7743,2.75);
#5664=CIRCLE('',#7746,2.75);
#5665=CIRCLE('',#7747,2.75);
#5666=CIRCLE('',#7750,2.75);
#5667=CIRCLE('',#7751,2.75);
#5668=CIRCLE('',#7754,1.95);
#5669=CIRCLE('',#7756,1.95);
#5670=CIRCLE('',#7758,1.95);
#5671=CIRCLE('',#7760,1.95);
#5672=CIRCLE('',#7762,0.5);
#5673=CIRCLE('',#7763,0.5);
#5674=CIRCLE('',#7765,0.5);
#5675=CIRCLE('',#7767,0.5);
#5676=CIRCLE('',#7769,0.5);
#5677=CIRCLE('',#7771,0.500000000000001);
#5678=CIRCLE('',#7773,0.5);
#5679=CIRCLE('',#7775,0.5);
#5680=CIRCLE('',#7780,0.0999999999999998);
#5681=CIRCLE('',#7781,0.1);
#5682=CIRCLE('',#7783,0.1);
#5683=CIRCLE('',#7785,0.0999999999999998);
#5684=CIRCLE('',#7787,0.0999999999999998);
#5685=CIRCLE('',#7789,0.1);
#5686=CIRCLE('',#7791,0.0999999999999998);
#5687=CIRCLE('',#7793,0.1);
#5688=CIRCLE('',#7799,0.6);
#5689=CIRCLE('',#7800,0.6);
#5690=CIRCLE('',#7802,0.6);
#5691=CIRCLE('',#7803,0.6);
#5692=CIRCLE('',#7805,2.05);
#5693=CIRCLE('',#7806,0.3);
#5694=CIRCLE('',#7807,0.3);
#5695=CIRCLE('',#7808,0.3);
#5696=CIRCLE('',#7809,0.3);
#5697=CIRCLE('',#7813,4.99999996226714);
#5698=CIRCLE('',#7814,0.200000000000002);
#5699=CIRCLE('',#7815,0.500000000000002);
#5700=CIRCLE('',#7816,0.5);
#5701=CIRCLE('',#7818,0.5);
#5702=CIRCLE('',#7819,0.500000000000002);
#5703=CIRCLE('',#7820,0.200000000000002);
#5704=CIRCLE('',#7821,4.99999996226714);
#5705=CIRCLE('',#7823,0.2);
#5706=CIRCLE('',#7824,0.2);
#5707=CIRCLE('',#7826,0.799999999999999);
#5708=CIRCLE('',#7827,0.799999999999999);
#5709=CIRCLE('',#7831,1.55);
#5710=CIRCLE('',#7832,0.3);
#5711=CIRCLE('',#7833,0.3);
#5712=CIRCLE('',#7834,0.3);
#5713=CIRCLE('',#7835,0.3);
#5714=CIRCLE('',#7837,0.800000000000001);
#5715=CIRCLE('',#7838,0.8);
#5716=CIRCLE('',#7840,0.7);
#5717=CIRCLE('',#7841,0.3);
#5718=CIRCLE('',#7842,0.3);
#5719=CIRCLE('',#7844,0.2);
#5720=CIRCLE('',#7845,0.2);
#5721=CIRCLE('',#7847,0.5);
#5722=CIRCLE('',#7848,0.500000000000002);
#5723=CIRCLE('',#7849,0.200000000000002);
#5724=CIRCLE('',#7850,4.99999996226714);
#5725=CIRCLE('',#7852,4.99999996226714);
#5726=CIRCLE('',#7853,0.200000000000002);
#5727=CIRCLE('',#7854,0.500000000000002);
#5728=CIRCLE('',#7855,0.5);
#5729=CIRCLE('',#7857,0.799999999999999);
#5730=CIRCLE('',#7858,0.799999999999999);
#5731=CIRCLE('',#7860,0.3);
#5732=CIRCLE('',#7861,0.3);
#5733=CIRCLE('',#7862,0.7);
#5734=CIRCLE('',#7864,0.2);
#5735=CIRCLE('',#7865,0.2);
#5736=CIRCLE('',#7868,1.25);
#5737=CIRCLE('',#7869,1.25);
#5738=CIRCLE('',#7896,1.55);
#5739=CIRCLE('',#7898,1.75);
#5740=CIRCLE('',#7899,1.75);
#5741=CIRCLE('',#7911,0.5);
#5742=CIRCLE('',#7914,0.5);
#5743=CIRCLE('',#7916,0.5);
#5744=CIRCLE('',#7918,0.25);
#5745=CIRCLE('',#7920,0.25);
#5746=CIRCLE('',#7923,0.699999999999999);
#5747=CIRCLE('',#7924,0.7);
#5748=CIRCLE('',#7927,0.5);
#5749=CIRCLE('',#7929,0.500000000000001);
#5750=CIRCLE('',#7935,0.5);
#5751=CIRCLE('',#7939,0.5);
#5752=CIRCLE('',#7941,0.5);
#5753=CIRCLE('',#7943,0.5);
#5754=CIRCLE('',#7945,0.25);
#5755=CIRCLE('',#7947,0.25);
#5756=CIRCLE('',#7950,0.699999999999998);
#5757=CIRCLE('',#7951,0.699999999999998);
#5758=CIRCLE('',#7954,0.5);
#5759=CIRCLE('',#7956,0.5);
#5760=CIRCLE('',#7962,0.5);
#5761=CIRCLE('',#7966,0.5);
#5762=CIRCLE('',#7968,0.5);
#5763=CIRCLE('',#7970,0.5);
#5764=CIRCLE('',#7972,0.25);
#5765=CIRCLE('',#7974,0.25);
#5766=CIRCLE('',#7977,0.699999999999998);
#5767=CIRCLE('',#7978,0.699999999999998);
#5768=CIRCLE('',#7981,0.5);
#5769=CIRCLE('',#7983,0.5);
#5770=CIRCLE('',#8006,0.3);
#5771=CIRCLE('',#8007,0.3);
#5772=CIRCLE('',#8010,1.);
#5773=CIRCLE('',#8011,1.);
#5774=CIRCLE('',#8018,1.);
#5775=CIRCLE('',#8019,1.);
#5776=CIRCLE('',#8021,0.700000000000004);
#5777=CIRCLE('',#8022,0.700000000000004);
#5778=CIRCLE('',#8064,0.3);
#5779=CIRCLE('',#8066,0.3);
#5780=CIRCLE('',#8068,0.3);
#5781=CIRCLE('',#8069,0.3);
#5782=CIRCLE('',#8080,2.15);
#5783=CIRCLE('',#8081,1.4303);
#5784=CIRCLE('',#8083,1.1303);
#5785=CIRCLE('',#8086,1.5);
#5786=CIRCLE('',#8088,1.2);
#5787=EDGE_LOOP('',(#1862));
#5788=EDGE_LOOP('',(#1863));
#5789=EDGE_LOOP('',(#1864));
#5790=EDGE_LOOP('',(#1865));
#5791=EDGE_LOOP('',(#1866));
#5792=EDGE_LOOP('',(#1867));
#5793=EDGE_LOOP('',(#1868));
#5794=EDGE_LOOP('',(#1869));
#5795=EDGE_LOOP('',(#1870));
#5796=EDGE_LOOP('',(#1871));
#5797=EDGE_LOOP('',(#1872));
#5798=EDGE_LOOP('',(#1873));
#5799=EDGE_LOOP('',(#1874));
#5800=EDGE_LOOP('',(#1875));
#5801=EDGE_LOOP('',(#1876));
#5802=EDGE_LOOP('',(#1877));
#5803=EDGE_LOOP('',(#1878));
#5804=EDGE_LOOP('',(#1879));
#5805=EDGE_LOOP('',(#1880));
#5806=EDGE_LOOP('',(#1881));
#5807=EDGE_LOOP('',(#1882));
#5808=EDGE_LOOP('',(#1883));
#5809=EDGE_LOOP('',(#1884));
#5810=EDGE_LOOP('',(#1885));
#5811=EDGE_LOOP('',(#1886));
#5812=EDGE_LOOP('',(#1887));
#5813=EDGE_LOOP('',(#1888));
#5814=EDGE_LOOP('',(#1889));
#5815=EDGE_LOOP('',(#1890));
#5816=EDGE_LOOP('',(#1891));
#5817=EDGE_LOOP('',(#1892,#1893,#1894,#1895));
#5818=EDGE_LOOP('',(#1896,#1897,#1898,#1899));
#5819=EDGE_LOOP('',(#1900,#1901,#1902,#1903));
#5820=EDGE_LOOP('',(#1904,#1905,#1906,#1907));
#5821=EDGE_LOOP('',(#1908,#1909,#1910,#1911));
#5822=EDGE_LOOP('',(#1912,#1913,#1914,#1915));
#5823=EDGE_LOOP('',(#1916,#1917,#1918,#1919));
#5824=EDGE_LOOP('',(#1920,#1921,#1922,#1923));
#5825=EDGE_LOOP('',(#1924,#1925,#1926,#1927,#1928,#1929,#1930,#1931,#1932,
#1933,#1934,#1935,#1936,#1937,#1938,#1939,#1940,#1941,#1942,#1943,#1944,
#1945,#1946,#1947,#1948,#1949,#1950,#1951,#1952,#1953,#1954,#1955));
#5826=EDGE_LOOP('',(#1956,#1957,#1958,#1959,#1960,#1961,#1962,#1963,#1964,
#1965,#1966,#1967,#1968,#1969));
#5827=EDGE_LOOP('',(#1970));
#5828=EDGE_LOOP('',(#1971));
#5829=EDGE_LOOP('',(#1972,#1973,#1974,#1975,#1976,#1977,#1978,#1979));
#5830=EDGE_LOOP('',(#1980,#1981,#1982,#1983,#1984,#1985,#1986,#1987,#1988,
#1989,#1990,#1991,#1992,#1993,#1994,#1995,#1996,#1997));
#5831=EDGE_LOOP('',(#1998,#1999,#2000,#2001));
#5832=EDGE_LOOP('',(#2002,#2003,#2004,#2005,#2006,#2007,#2008,#2009,#2010,
#2011));
#5833=EDGE_LOOP('',(#2012,#2013,#2014,#2015));
#5834=EDGE_LOOP('',(#2016,#2017,#2018,#2019,#2020));
#5835=EDGE_LOOP('',(#2021));
#5836=EDGE_LOOP('',(#2022,#2023,#2024,#2025));
#5837=EDGE_LOOP('',(#2026,#2027,#2028,#2029,#2030,#2031,#2032,#2033,#2034,
#2035));
#5838=EDGE_LOOP('',(#2036,#2037,#2038,#2039,#2040));
#5839=EDGE_LOOP('',(#2041,#2042,#2043,#2044,#2045));
#5840=EDGE_LOOP('',(#2046,#2047,#2048,#2049,#2050));
#5841=EDGE_LOOP('',(#2051,#2052,#2053,#2054));
#5842=EDGE_LOOP('',(#2055));
#5843=EDGE_LOOP('',(#2056,#2057,#2058,#2059));
#5844=EDGE_LOOP('',(#2060));
#5845=EDGE_LOOP('',(#2061));
#5846=EDGE_LOOP('',(#2062));
#5847=EDGE_LOOP('',(#2063));
#5848=EDGE_LOOP('',(#2064));
#5849=EDGE_LOOP('',(#2065));
#5850=EDGE_LOOP('',(#2066,#2067,#2068,#2069,#2070,#2071,#2072,#2073,#2074,
#2075,#2076,#2077,#2078,#2079,#2080,#2081,#2082,#2083,#2084,#2085,#2086,
#2087,#2088,#2089,#2090,#2091,#2092,#2093,#2094,#2095,#2096));
#5851=EDGE_LOOP('',(#2097));
#5852=EDGE_LOOP('',(#2098));
#5853=EDGE_LOOP('',(#2099));
#5854=EDGE_LOOP('',(#2100));
#5855=EDGE_LOOP('',(#2101,#2102,#2103,#2104));
#5856=EDGE_LOOP('',(#2105,#2106,#2107,#2108));
#5857=EDGE_LOOP('',(#2109,#2110,#2111,#2112,#2113,#2114));
#5858=EDGE_LOOP('',(#2115,#2116,#2117,#2118,#2119,#2120,#2121,#2122));
#5859=EDGE_LOOP('',(#2123,#2124,#2125,#2126,#2127,#2128,#2129,#2130,#2131,
#2132));
#5860=EDGE_LOOP('',(#2133,#2134,#2135,#2136,#2137,#2138,#2139,#2140,#2141,
#2142));
#5861=EDGE_LOOP('',(#2143,#2144,#2145,#2146));
#5862=EDGE_LOOP('',(#2147,#2148,#2149,#2150));
#5863=EDGE_LOOP('',(#2151,#2152,#2153,#2154));
#5864=EDGE_LOOP('',(#2155,#2156,#2157,#2158));
#5865=EDGE_LOOP('',(#2159,#2160,#2161,#2162));
#5866=EDGE_LOOP('',(#2163,#2164,#2165,#2166));
#5867=EDGE_LOOP('',(#2167,#2168,#2169,#2170));
#5868=EDGE_LOOP('',(#2171,#2172,#2173,#2174));
#5869=EDGE_LOOP('',(#2175,#2176,#2177,#2178));
#5870=EDGE_LOOP('',(#2179));
#5871=EDGE_LOOP('',(#2180));
#5872=EDGE_LOOP('',(#2181,#2182,#2183,#2184,#2185,#2186,#2187,#2188));
#5873=EDGE_LOOP('',(#2189,#2190,#2191,#2192));
#5874=EDGE_LOOP('',(#2193,#2194,#2195,#2196,#2197,#2198,#2199,#2200));
#5875=EDGE_LOOP('',(#2201,#2202,#2203,#2204));
#5876=EDGE_LOOP('',(#2205,#2206,#2207,#2208));
#5877=EDGE_LOOP('',(#2209,#2210,#2211,#2212));
#5878=EDGE_LOOP('',(#2213,#2214,#2215,#2216));
#5879=EDGE_LOOP('',(#2217));
#5880=EDGE_LOOP('',(#2218));
#5881=EDGE_LOOP('',(#2219,#2220,#2221,#2222,#2223,#2224,#2225,#2226));
#5882=EDGE_LOOP('',(#2227,#2228,#2229,#2230));
#5883=EDGE_LOOP('',(#2231,#2232,#2233,#2234,#2235,#2236,#2237,#2238));
#5884=EDGE_LOOP('',(#2239,#2240,#2241,#2242));
#5885=EDGE_LOOP('',(#2243,#2244,#2245,#2246));
#5886=EDGE_LOOP('',(#2247,#2248,#2249,#2250));
#5887=EDGE_LOOP('',(#2251,#2252,#2253,#2254));
#5888=EDGE_LOOP('',(#2255,#2256,#2257,#2258));
#5889=EDGE_LOOP('',(#2259,#2260,#2261,#2262,#2263,#2264,#2265,#2266,#2267,
#2268,#2269,#2270,#2271,#2272,#2273,#2274,#2275,#2276,#2277,#2278,#2279,
#2280,#2281,#2282,#2283,#2284,#2285,#2286,#2287,#2288,#2289,#2290,#2291,
#2292,#2293,#2294,#2295,#2296,#2297,#2298,#2299,#2300,#2301,#2302,#2303,
#2304));
#5890=EDGE_LOOP('',(#2305,#2306,#2307,#2308));
#5891=EDGE_LOOP('',(#2309,#2310,#2311,#2312));
#5892=EDGE_LOOP('',(#2313,#2314,#2315,#2316));
#5893=EDGE_LOOP('',(#2317,#2318,#2319,#2320));
#5894=EDGE_LOOP('',(#2321,#2322,#2323,#2324,#2325));
#5895=EDGE_LOOP('',(#2326,#2327,#2328,#2329,#2330));
#5896=EDGE_LOOP('',(#2331,#2332,#2333,#2334));
#5897=EDGE_LOOP('',(#2335,#2336,#2337,#2338));
#5898=EDGE_LOOP('',(#2339,#2340,#2341,#2342));
#5899=EDGE_LOOP('',(#2343,#2344,#2345,#2346));
#5900=EDGE_LOOP('',(#2347,#2348,#2349,#2350));
#5901=EDGE_LOOP('',(#2351,#2352,#2353,#2354));
#5902=EDGE_LOOP('',(#2355,#2356,#2357,#2358));
#5903=EDGE_LOOP('',(#2359,#2360,#2361,#2362));
#5904=EDGE_LOOP('',(#2363,#2364,#2365,#2366,#2367,#2368,#2369,#2370));
#5905=EDGE_LOOP('',(#2371));
#5906=EDGE_LOOP('',(#2372));
#5907=EDGE_LOOP('',(#2373));
#5908=EDGE_LOOP('',(#2374));
#5909=EDGE_LOOP('',(#2375));
#5910=EDGE_LOOP('',(#2376));
#5911=EDGE_LOOP('',(#2377));
#5912=EDGE_LOOP('',(#2378));
#5913=EDGE_LOOP('',(#2379));
#5914=EDGE_LOOP('',(#2380));
#5915=EDGE_LOOP('',(#2381));
#5916=EDGE_LOOP('',(#2382));
#5917=EDGE_LOOP('',(#2383));
#5918=EDGE_LOOP('',(#2384));
#5919=EDGE_LOOP('',(#2385));
#5920=EDGE_LOOP('',(#2386));
#5921=EDGE_LOOP('',(#2387));
#5922=EDGE_LOOP('',(#2388));
#5923=EDGE_LOOP('',(#2389));
#5924=EDGE_LOOP('',(#2390));
#5925=EDGE_LOOP('',(#2391));
#5926=EDGE_LOOP('',(#2392));
#5927=EDGE_LOOP('',(#2393));
#5928=EDGE_LOOP('',(#2394));
#5929=EDGE_LOOP('',(#2395));
#5930=EDGE_LOOP('',(#2396));
#5931=EDGE_LOOP('',(#2397));
#5932=EDGE_LOOP('',(#2398));
#5933=EDGE_LOOP('',(#2399));
#5934=EDGE_LOOP('',(#2400));
#5935=EDGE_LOOP('',(#2401));
#5936=EDGE_LOOP('',(#2402));
#5937=EDGE_LOOP('',(#2403));
#5938=EDGE_LOOP('',(#2404));
#5939=EDGE_LOOP('',(#2405));
#5940=EDGE_LOOP('',(#2406));
#5941=EDGE_LOOP('',(#2407));
#5942=EDGE_LOOP('',(#2408));
#5943=EDGE_LOOP('',(#2409));
#5944=EDGE_LOOP('',(#2410));
#5945=EDGE_LOOP('',(#2411));
#5946=EDGE_LOOP('',(#2412));
#5947=EDGE_LOOP('',(#2413));
#5948=EDGE_LOOP('',(#2414));
#5949=EDGE_LOOP('',(#2415));
#5950=EDGE_LOOP('',(#2416));
#5951=EDGE_LOOP('',(#2417,#2418,#2419,#2420,#2421));
#5952=EDGE_LOOP('',(#2422));
#5953=EDGE_LOOP('',(#2423));
#5954=EDGE_LOOP('',(#2424));
#5955=EDGE_LOOP('',(#2425));
#5956=EDGE_LOOP('',(#2426));
#5957=EDGE_LOOP('',(#2427));
#5958=EDGE_LOOP('',(#2428));
#5959=EDGE_LOOP('',(#2429));
#5960=EDGE_LOOP('',(#2430));
#5961=EDGE_LOOP('',(#2431));
#5962=EDGE_LOOP('',(#2432));
#5963=EDGE_LOOP('',(#2433,#2434,#2435,#2436,#2437));
#5964=EDGE_LOOP('',(#2438));
#5965=EDGE_LOOP('',(#2439));
#5966=EDGE_LOOP('',(#2440));
#5967=EDGE_LOOP('',(#2441));
#5968=EDGE_LOOP('',(#2442));
#5969=EDGE_LOOP('',(#2443));
#5970=EDGE_LOOP('',(#2444));
#5971=EDGE_LOOP('',(#2445,#2446,#2447,#2448,#2449));
#5972=EDGE_LOOP('',(#2450));
#5973=EDGE_LOOP('',(#2451));
#5974=EDGE_LOOP('',(#2452));
#5975=EDGE_LOOP('',(#2453));
#5976=EDGE_LOOP('',(#2454));
#5977=EDGE_LOOP('',(#2455));
#5978=EDGE_LOOP('',(#2456));
#5979=EDGE_LOOP('',(#2457));
#5980=EDGE_LOOP('',(#2458));
#5981=EDGE_LOOP('',(#2459));
#5982=EDGE_LOOP('',(#2460));
#5983=EDGE_LOOP('',(#2461,#2462,#2463,#2464,#2465));
#5984=EDGE_LOOP('',(#2466));
#5985=EDGE_LOOP('',(#2467));
#5986=EDGE_LOOP('',(#2468));
#5987=EDGE_LOOP('',(#2469));
#5988=EDGE_LOOP('',(#2470));
#5989=EDGE_LOOP('',(#2471));
#5990=EDGE_LOOP('',(#2472));
#5991=EDGE_LOOP('',(#2473));
#5992=EDGE_LOOP('',(#2474));
#5993=EDGE_LOOP('',(#2475));
#5994=EDGE_LOOP('',(#2476));
#5995=EDGE_LOOP('',(#2477));
#5996=EDGE_LOOP('',(#2478));
#5997=EDGE_LOOP('',(#2479));
#5998=EDGE_LOOP('',(#2480));
#5999=EDGE_LOOP('',(#2481,#2482,#2483,#2484,#2485));
#6000=EDGE_LOOP('',(#2486));
#6001=EDGE_LOOP('',(#2487));
#6002=EDGE_LOOP('',(#2488));
#6003=EDGE_LOOP('',(#2489));
#6004=EDGE_LOOP('',(#2490));
#6005=EDGE_LOOP('',(#2491));
#6006=EDGE_LOOP('',(#2492));
#6007=EDGE_LOOP('',(#2493));
#6008=EDGE_LOOP('',(#2494));
#6009=EDGE_LOOP('',(#2495));
#6010=EDGE_LOOP('',(#2496,#2497,#2498,#2499,#2500,#2501));
#6011=EDGE_LOOP('',(#2502,#2503,#2504,#2505));
#6012=EDGE_LOOP('',(#2506,#2507,#2508,#2509,#2510,#2511));
#6013=EDGE_LOOP('',(#2512,#2513,#2514,#2515));
#6014=EDGE_LOOP('',(#2516,#2517,#2518,#2519));
#6015=EDGE_LOOP('',(#2520,#2521,#2522,#2523));
#6016=EDGE_LOOP('',(#2524,#2525,#2526,#2527,#2528,#2529));
#6017=EDGE_LOOP('',(#2530,#2531,#2532,#2533,#2534,#2535));
#6018=EDGE_LOOP('',(#2536,#2537,#2538,#2539));
#6019=EDGE_LOOP('',(#2540,#2541,#2542,#2543));
#6020=EDGE_LOOP('',(#2544,#2545,#2546,#2547));
#6021=EDGE_LOOP('',(#2548,#2549,#2550,#2551));
#6022=EDGE_LOOP('',(#2552,#2553,#2554,#2555,#2556,#2557));
#6023=EDGE_LOOP('',(#2558,#2559,#2560,#2561,#2562,#2563));
#6024=EDGE_LOOP('',(#2564,#2565,#2566,#2567));
#6025=EDGE_LOOP('',(#2568,#2569,#2570,#2571));
#6026=EDGE_LOOP('',(#2572,#2573,#2574,#2575));
#6027=EDGE_LOOP('',(#2576,#2577,#2578,#2579));
#6028=EDGE_LOOP('',(#2580,#2581,#2582,#2583,#2584,#2585));
#6029=EDGE_LOOP('',(#2586,#2587,#2588,#2589,#2590,#2591));
#6030=EDGE_LOOP('',(#2592,#2593,#2594,#2595));
#6031=EDGE_LOOP('',(#2596,#2597,#2598,#2599));
#6032=EDGE_LOOP('',(#2600,#2601,#2602,#2603));
#6033=EDGE_LOOP('',(#2604,#2605,#2606,#2607));
#6034=EDGE_LOOP('',(#2608,#2609,#2610,#2611,#2612,#2613));
#6035=EDGE_LOOP('',(#2614,#2615,#2616,#2617,#2618,#2619));
#6036=EDGE_LOOP('',(#2620,#2621,#2622,#2623));
#6037=EDGE_LOOP('',(#2624,#2625,#2626,#2627));
#6038=EDGE_LOOP('',(#2628,#2629,#2630,#2631));
#6039=EDGE_LOOP('',(#2632,#2633,#2634,#2635));
#6040=EDGE_LOOP('',(#2636,#2637,#2638,#2639,#2640,#2641,#2642,#2643));
#6041=EDGE_LOOP('',(#2644,#2645,#2646,#2647,#2648,#2649,#2650,#2651));
#6042=EDGE_LOOP('',(#2652,#2653,#2654,#2655,#2656,#2657,#2658,#2659));
#6043=EDGE_LOOP('',(#2660,#2661,#2662,#2663,#2664,#2665,#2666,#2667));
#6044=EDGE_LOOP('',(#2668,#2669,#2670,#2671,#2672,#2673,#2674,#2675));
#6045=EDGE_LOOP('',(#2676));
#6046=EDGE_LOOP('',(#2677));
#6047=EDGE_LOOP('',(#2678,#2679,#2680,#2681,#2682,#2683,#2684,#2685));
#6048=EDGE_LOOP('',(#2686,#2687,#2688,#2689,#2690,#2691,#2692,#2693));
#6049=EDGE_LOOP('',(#2694));
#6050=EDGE_LOOP('',(#2695));
#6051=EDGE_LOOP('',(#2696,#2697,#2698,#2699,#2700,#2701,#2702,#2703));
#6052=EDGE_LOOP('',(#2704,#2705,#2706,#2707,#2708,#2709,#2710,#2711));
#6053=EDGE_LOOP('',(#2712,#2713,#2714,#2715));
#6054=EDGE_LOOP('',(#2716,#2717,#2718,#2719));
#6055=EDGE_LOOP('',(#2720,#2721,#2722,#2723));
#6056=EDGE_LOOP('',(#2724,#2725,#2726,#2727));
#6057=EDGE_LOOP('',(#2728,#2729,#2730,#2731));
#6058=EDGE_LOOP('',(#2732,#2733,#2734,#2735));
#6059=EDGE_LOOP('',(#2736,#2737,#2738,#2739));
#6060=EDGE_LOOP('',(#2740,#2741,#2742,#2743));
#6061=EDGE_LOOP('',(#2744));
#6062=EDGE_LOOP('',(#2745));
#6063=EDGE_LOOP('',(#2746));
#6064=EDGE_LOOP('',(#2747));
#6065=EDGE_LOOP('',(#2748,#2749,#2750,#2751));
#6066=EDGE_LOOP('',(#2752,#2753,#2754,#2755));
#6067=EDGE_LOOP('',(#2756,#2757,#2758,#2759));
#6068=EDGE_LOOP('',(#2760,#2761,#2762,#2763));
#6069=EDGE_LOOP('',(#2764,#2765,#2766,#2767));
#6070=EDGE_LOOP('',(#2768,#2769,#2770,#2771));
#6071=EDGE_LOOP('',(#2772,#2773,#2774,#2775));
#6072=EDGE_LOOP('',(#2776,#2777,#2778,#2779));
#6073=EDGE_LOOP('',(#2780,#2781,#2782,#2783,#2784,#2785,#2786,#2787));
#6074=EDGE_LOOP('',(#2788,#2789,#2790,#2791,#2792,#2793,#2794,#2795));
#6075=EDGE_LOOP('',(#2796,#2797,#2798,#2799));
#6076=EDGE_LOOP('',(#2800,#2801,#2802,#2803));
#6077=EDGE_LOOP('',(#2804,#2805,#2806,#2807));
#6078=EDGE_LOOP('',(#2808,#2809,#2810,#2811));
#6079=EDGE_LOOP('',(#2812,#2813,#2814,#2815));
#6080=EDGE_LOOP('',(#2816,#2817,#2818,#2819));
#6081=EDGE_LOOP('',(#2820,#2821,#2822,#2823));
#6082=EDGE_LOOP('',(#2824,#2825,#2826,#2827));
#6083=EDGE_LOOP('',(#2828));
#6084=EDGE_LOOP('',(#2829));
#6085=EDGE_LOOP('',(#2830));
#6086=EDGE_LOOP('',(#2831));
#6087=EDGE_LOOP('',(#2832));
#6088=EDGE_LOOP('',(#2833));
#6089=EDGE_LOOP('',(#2834));
#6090=EDGE_LOOP('',(#2835));
#6091=EDGE_LOOP('',(#2836,#2837,#2838,#2839));
#6092=EDGE_LOOP('',(#2840,#2841,#2842,#2843));
#6093=EDGE_LOOP('',(#2844,#2845,#2846,#2847));
#6094=EDGE_LOOP('',(#2848,#2849,#2850,#2851));
#6095=EDGE_LOOP('',(#2852,#2853,#2854,#2855));
#6096=EDGE_LOOP('',(#2856,#2857,#2858,#2859));
#6097=EDGE_LOOP('',(#2860,#2861,#2862,#2863));
#6098=EDGE_LOOP('',(#2864,#2865,#2866,#2867));
#6099=EDGE_LOOP('',(#2868));
#6100=EDGE_LOOP('',(#2869));
#6101=EDGE_LOOP('',(#2870));
#6102=EDGE_LOOP('',(#2871));
#6103=EDGE_LOOP('',(#2872,#2873,#2874,#2875));
#6104=EDGE_LOOP('',(#2876,#2877,#2878,#2879));
#6105=EDGE_LOOP('',(#2880,#2881,#2882,#2883));
#6106=EDGE_LOOP('',(#2884,#2885,#2886,#2887));
#6107=EDGE_LOOP('',(#2888,#2889,#2890,#2891));
#6108=EDGE_LOOP('',(#2892,#2893,#2894,#2895));
#6109=EDGE_LOOP('',(#2896,#2897,#2898,#2899));
#6110=EDGE_LOOP('',(#2900,#2901,#2902,#2903));
#6111=EDGE_LOOP('',(#2904));
#6112=EDGE_LOOP('',(#2905));
#6113=EDGE_LOOP('',(#2906));
#6114=EDGE_LOOP('',(#2907));
#6115=EDGE_LOOP('',(#2908,#2909,#2910,#2911));
#6116=EDGE_LOOP('',(#2912,#2913,#2914,#2915));
#6117=EDGE_LOOP('',(#2916));
#6118=EDGE_LOOP('',(#2917,#2918,#2919,#2920,#2921,#2922,#2923,#2924));
#6119=EDGE_LOOP('',(#2925,#2926,#2927,#2928));
#6120=EDGE_LOOP('',(#2929,#2930,#2931,#2932));
#6121=EDGE_LOOP('',(#2933,#2934,#2935,#2936,#2937,#2938,#2939,#2940,#2941,
#2942,#2943));
#6122=EDGE_LOOP('',(#2944,#2945,#2946,#2947,#2948,#2949,#2950,#2951,#2952,
#2953,#2954));
#6123=EDGE_LOOP('',(#2955,#2956,#2957,#2958));
#6124=EDGE_LOOP('',(#2959,#2960,#2961,#2962));
#6125=EDGE_LOOP('',(#2963,#2964,#2965,#2966));
#6126=EDGE_LOOP('',(#2967,#2968,#2969,#2970));
#6127=EDGE_LOOP('',(#2971));
#6128=EDGE_LOOP('',(#2972,#2973,#2974,#2975,#2976,#2977,#2978,#2979));
#6129=EDGE_LOOP('',(#2980,#2981,#2982,#2983));
#6130=EDGE_LOOP('',(#2984,#2985,#2986,#2987,#2988,#2989,#2990,#2991,#2992,
#2993,#2994,#2995,#2996,#2997,#2998,#2999));
#6131=EDGE_LOOP('',(#3000,#3001,#3002,#3003));
#6132=EDGE_LOOP('',(#3004,#3005,#3006,#3007,#3008,#3009,#3010,#3011,#3012,
#3013,#3014));
#6133=EDGE_LOOP('',(#3015,#3016,#3017,#3018,#3019,#3020,#3021,#3022,#3023,
#3024,#3025));
#6134=EDGE_LOOP('',(#3026,#3027,#3028,#3029));
#6135=EDGE_LOOP('',(#3030,#3031,#3032,#3033,#3034,#3035,#3036,#3037,#3038,
#3039,#3040,#3041,#3042,#3043,#3044,#3045));
#6136=EDGE_LOOP('',(#3046,#3047,#3048,#3049));
#6137=EDGE_LOOP('',(#3050,#3051,#3052,#3053));
#6138=EDGE_LOOP('',(#3054));
#6139=EDGE_LOOP('',(#3055));
#6140=EDGE_LOOP('',(#3056,#3057,#3058,#3059));
#6141=EDGE_LOOP('',(#3060,#3061,#3062,#3063,#3064,#3065,#3066,#3067));
#6142=EDGE_LOOP('',(#3068,#3069,#3070,#3071));
#6143=EDGE_LOOP('',(#3072,#3073,#3074,#3075,#3076,#3077,#3078,#3079));
#6144=EDGE_LOOP('',(#3080,#3081,#3082,#3083));
#6145=EDGE_LOOP('',(#3084,#3085,#3086,#3087,#3088,#3089,#3090,#3091));
#6146=EDGE_LOOP('',(#3092,#3093,#3094,#3095,#3096,#3097,#3098,#3099));
#6147=EDGE_LOOP('',(#3100,#3101,#3102,#3103));
#6148=EDGE_LOOP('',(#3104,#3105,#3106,#3107));
#6149=EDGE_LOOP('',(#3108,#3109,#3110,#3111));
#6150=EDGE_LOOP('',(#3112,#3113,#3114,#3115));
#6151=EDGE_LOOP('',(#3116,#3117,#3118,#3119));
#6152=EDGE_LOOP('',(#3120,#3121,#3122,#3123));
#6153=EDGE_LOOP('',(#3124,#3125,#3126,#3127));
#6154=EDGE_LOOP('',(#3128,#3129,#3130,#3131));
#6155=EDGE_LOOP('',(#3132,#3133,#3134,#3135));
#6156=EDGE_LOOP('',(#3136,#3137,#3138,#3139));
#6157=EDGE_LOOP('',(#3140,#3141,#3142,#3143));
#6158=EDGE_LOOP('',(#3144,#3145,#3146,#3147));
#6159=EDGE_LOOP('',(#3148,#3149,#3150,#3151));
#6160=EDGE_LOOP('',(#3152,#3153,#3154,#3155));
#6161=EDGE_LOOP('',(#3156,#3157,#3158,#3159));
#6162=EDGE_LOOP('',(#3160,#3161,#3162,#3163));
#6163=EDGE_LOOP('',(#3164,#3165,#3166,#3167));
#6164=EDGE_LOOP('',(#3168,#3169,#3170,#3171));
#6165=EDGE_LOOP('',(#3172));
#6166=EDGE_LOOP('',(#3173));
#6167=EDGE_LOOP('',(#3174));
#6168=EDGE_LOOP('',(#3175));
#6169=EDGE_LOOP('',(#3176));
#6170=EDGE_LOOP('',(#3177));
#6171=EDGE_LOOP('',(#3178));
#6172=EDGE_LOOP('',(#3179));
#6173=EDGE_LOOP('',(#3180));
#6174=EDGE_LOOP('',(#3181));
#6175=EDGE_LOOP('',(#3182,#3183,#3184,#3185));
#6176=EDGE_LOOP('',(#3186,#3187,#3188,#3189));
#6177=EDGE_LOOP('',(#3190,#3191,#3192,#3193));
#6178=EDGE_LOOP('',(#3194,#3195,#3196,#3197));
#6179=EDGE_LOOP('',(#3198,#3199,#3200,#3201));
#6180=EDGE_LOOP('',(#3202,#3203,#3204,#3205));
#6181=EDGE_LOOP('',(#3206,#3207,#3208,#3209));
#6182=EDGE_LOOP('',(#3210,#3211,#3212,#3213));
#6183=EDGE_LOOP('',(#3214,#3215,#3216,#3217));
#6184=EDGE_LOOP('',(#3218,#3219,#3220,#3221));
#6185=EDGE_LOOP('',(#3222,#3223,#3224,#3225));
#6186=EDGE_LOOP('',(#3226,#3227));
#6187=EDGE_LOOP('',(#3228));
#6188=EDGE_LOOP('',(#3229,#3230,#3231,#3232));
#6189=EDGE_LOOP('',(#3233,#3234,#3235,#3236));
#6190=EDGE_LOOP('',(#3237));
#6191=EDGE_LOOP('',(#3238));
#6192=EDGE_LOOP('',(#3239));
#6193=EDGE_LOOP('',(#3240));
#6194=EDGE_LOOP('',(#3241));
#6195=EDGE_LOOP('',(#3242,#3243,#3244,#3245,#3246,#3247,#3248));
#6196=EDGE_LOOP('',(#3249,#3250,#3251,#3252,#3253,#3254,#3255));
#6197=EDGE_LOOP('',(#3256,#3257,#3258,#3259));
#6198=EDGE_LOOP('',(#3260,#3261,#3262,#3263));
#6199=EDGE_LOOP('',(#3264,#3265,#3266,#3267));
#6200=EDGE_LOOP('',(#3268,#3269,#3270,#3271));
#6201=EDGE_LOOP('',(#3272,#3273,#3274,#3275));
#6202=EDGE_LOOP('',(#3276,#3277,#3278,#3279));
#6203=EDGE_LOOP('',(#3280,#3281));
#6204=EDGE_LOOP('',(#3282));
#6205=EDGE_LOOP('',(#3283));
#6206=EDGE_LOOP('',(#3284,#3285,#3286,#3287));
#6207=EDGE_LOOP('',(#3288));
#6208=EDGE_LOOP('',(#3289));
#6209=EDGE_LOOP('',(#3290));
#6210=EDGE_LOOP('',(#3291));
#6211=EDGE_LOOP('',(#3292));
#6212=EDGE_LOOP('',(#3293));
#6213=EDGE_LOOP('',(#3294,#3295,#3296,#3297,#3298,#3299,#3300));
#6214=EDGE_LOOP('',(#3301,#3302,#3303,#3304,#3305,#3306,#3307));
#6215=EDGE_LOOP('',(#3308,#3309,#3310,#3311));
#6216=EDGE_LOOP('',(#3312,#3313,#3314,#3315));
#6217=EDGE_LOOP('',(#3316,#3317,#3318,#3319));
#6218=EDGE_LOOP('',(#3320,#3321,#3322,#3323));
#6219=EDGE_LOOP('',(#3324,#3325,#3326,#3327));
#6220=EDGE_LOOP('',(#3328,#3329,#3330,#3331));
#6221=EDGE_LOOP('',(#3332,#3333));
#6222=EDGE_LOOP('',(#3334));
#6223=EDGE_LOOP('',(#3335));
#6224=EDGE_LOOP('',(#3336,#3337,#3338,#3339));
#6225=EDGE_LOOP('',(#3340));
#6226=EDGE_LOOP('',(#3341));
#6227=EDGE_LOOP('',(#3342));
#6228=EDGE_LOOP('',(#3343));
#6229=EDGE_LOOP('',(#3344));
#6230=EDGE_LOOP('',(#3345));
#6231=EDGE_LOOP('',(#3346,#3347,#3348,#3349,#3350,#3351,#3352));
#6232=EDGE_LOOP('',(#3353,#3354,#3355,#3356,#3357,#3358,#3359));
#6233=EDGE_LOOP('',(#3360,#3361,#3362,#3363));
#6234=EDGE_LOOP('',(#3364,#3365,#3366,#3367));
#6235=EDGE_LOOP('',(#3368,#3369,#3370,#3371));
#6236=EDGE_LOOP('',(#3372,#3373,#3374,#3375));
#6237=EDGE_LOOP('',(#3376,#3377,#3378,#3379));
#6238=EDGE_LOOP('',(#3380,#3381,#3382,#3383,#3384,#3385,#3386,#3387,#3388,
#3389,#3390,#3391,#3392,#3393,#3394,#3395,#3396,#3397,#3398,#3399,#3400,
#3401,#3402,#3403,#3404,#3405));
#6239=EDGE_LOOP('',(#3406,#3407,#3408,#3409));
#6240=EDGE_LOOP('',(#3410,#3411,#3412,#3413));
#6241=EDGE_LOOP('',(#3414,#3415,#3416,#3417));
#6242=EDGE_LOOP('',(#3418,#3419,#3420,#3421,#3422,#3423,#3424,#3425,#3426,
#3427,#3428,#3429,#3430,#3431,#3432,#3433,#3434,#3435,#3436,#3437,#3438,
#3439,#3440,#3441,#3442,#3443));
#6243=EDGE_LOOP('',(#3444,#3445,#3446,#3447));
#6244=EDGE_LOOP('',(#3448,#3449,#3450,#3451));
#6245=EDGE_LOOP('',(#3452,#3453,#3454,#3455,#3456,#3457,#3458,#3459));
#6246=EDGE_LOOP('',(#3460,#3461,#3462,#3463));
#6247=EDGE_LOOP('',(#3464,#3465,#3466,#3467,#3468,#3469));
#6248=EDGE_LOOP('',(#3470,#3471,#3472,#3473,#3474,#3475));
#6249=EDGE_LOOP('',(#3476,#3477,#3478,#3479));
#6250=EDGE_LOOP('',(#3480,#3481,#3482,#3483,#3484,#3485));
#6251=EDGE_LOOP('',(#3486,#3487,#3488,#3489));
#6252=EDGE_LOOP('',(#3490,#3491,#3492,#3493));
#6253=EDGE_LOOP('',(#3494,#3495,#3496,#3497));
#6254=EDGE_LOOP('',(#3498,#3499,#3500,#3501));
#6255=EDGE_LOOP('',(#3502,#3503,#3504,#3505));
#6256=EDGE_LOOP('',(#3506,#3507,#3508,#3509,#3510,#3511));
#6257=EDGE_LOOP('',(#3512,#3513,#3514,#3515));
#6258=EDGE_LOOP('',(#3516,#3517,#3518,#3519));
#6259=EDGE_LOOP('',(#3520,#3521,#3522,#3523,#3524,#3525));
#6260=EDGE_LOOP('',(#3526,#3527,#3528,#3529,#3530,#3531));
#6261=EDGE_LOOP('',(#3532,#3533,#3534,#3535));
#6262=EDGE_LOOP('',(#3536,#3537,#3538,#3539));
#6263=EDGE_LOOP('',(#3540,#3541,#3542,#3543,#3544,#3545));
#6264=EDGE_LOOP('',(#3546,#3547,#3548,#3549,#3550,#3551));
#6265=EDGE_LOOP('',(#3552,#3553,#3554,#3555));
#6266=EDGE_LOOP('',(#3556,#3557,#3558,#3559));
#6267=EDGE_LOOP('',(#3560,#3561,#3562,#3563,#3564,#3565,#3566,#3567));
#6268=EDGE_LOOP('',(#3568,#3569,#3570,#3571));
#6269=EDGE_LOOP('',(#3572,#3573,#3574,#3575,#3576,#3577,#3578,#3579));
#6270=EDGE_LOOP('',(#3580,#3581,#3582,#3583));
#6271=EDGE_LOOP('',(#3584,#3585,#3586,#3587,#3588,#3589,#3590,#3591));
#6272=EDGE_LOOP('',(#3592,#3593,#3594,#3595,#3596,#3597,#3598,#3599));
#6273=EDGE_LOOP('',(#3600,#3601,#3602,#3603));
#6274=EDGE_LOOP('',(#3604,#3605,#3606,#3607));
#6275=EDGE_LOOP('',(#3608,#3609,#3610,#3611));
#6276=EDGE_LOOP('',(#3612,#3613,#3614,#3615));
#6277=EDGE_LOOP('',(#3616,#3617,#3618,#3619));
#6278=EDGE_LOOP('',(#3620,#3621,#3622,#3623));
#6279=EDGE_LOOP('',(#3624,#3625,#3626,#3627));
#6280=EDGE_LOOP('',(#3628,#3629,#3630,#3631));
#6281=EDGE_LOOP('',(#3632,#3633,#3634,#3635));
#6282=EDGE_LOOP('',(#3636,#3637,#3638,#3639));
#6283=EDGE_LOOP('',(#3640,#3641,#3642,#3643));
#6284=EDGE_LOOP('',(#3644,#3645,#3646,#3647));
#6285=EDGE_LOOP('',(#3648,#3649,#3650,#3651));
#6286=EDGE_LOOP('',(#3652,#3653,#3654,#3655));
#6287=EDGE_LOOP('',(#3656,#3657,#3658,#3659));
#6288=EDGE_LOOP('',(#3660,#3661,#3662,#3663));
#6289=EDGE_LOOP('',(#3664,#3665,#3666,#3667));
#6290=EDGE_LOOP('',(#3668,#3669,#3670,#3671));
#6291=EDGE_LOOP('',(#3672,#3673,#3674,#3675));
#6292=EDGE_LOOP('',(#3676,#3677,#3678,#3679,#3680,#3681,#3682,#3683,#3684,
#3685,#3686,#3687,#3688,#3689));
#6293=EDGE_LOOP('',(#3690,#3691,#3692,#3693,#3694,#3695,#3696,#3697));
#6294=EDGE_LOOP('',(#3698,#3699,#3700,#3701,#3702,#3703,#3704,#3705));
#6295=EDGE_LOOP('',(#3706,#3707,#3708,#3709,#3710,#3711,#3712,#3713,#3714,
#3715));
#6296=EDGE_LOOP('',(#3716,#3717,#3718,#3719,#3720,#3721,#3722,#3723));
#6297=EDGE_LOOP('',(#3724));
#6298=EDGE_LOOP('',(#3725,#3726,#3727,#3728));
#6299=EDGE_LOOP('',(#3729));
#6300=EDGE_LOOP('',(#3730,#3731,#3732,#3733,#3734));
#6301=EDGE_LOOP('',(#3735,#3736,#3737,#3738));
#6302=EDGE_LOOP('',(#3739));
#6303=EDGE_LOOP('',(#3740,#3741,#3742,#3743,#3744,#3745));
#6304=EDGE_LOOP('',(#3746,#3747,#3748,#3749));
#6305=EDGE_LOOP('',(#3750,#3751,#3752,#3753));
#6306=EDGE_LOOP('',(#3754,#3755,#3756,#3757));
#6307=EDGE_LOOP('',(#3758,#3759,#3760,#3761));
#6308=EDGE_LOOP('',(#3762,#3763,#3764,#3765));
#6309=EDGE_LOOP('',(#3766,#3767,#3768,#3769));
#6310=EDGE_LOOP('',(#3770,#3771,#3772,#3773));
#6311=EDGE_LOOP('',(#3774,#3775,#3776,#3777));
#6312=EDGE_LOOP('',(#3778));
#6313=EDGE_LOOP('',(#3779,#3780,#3781,#3782,#3783,#3784));
#6314=EDGE_LOOP('',(#3785));
#6315=EDGE_LOOP('',(#3786,#3787,#3788,#3789,#3790,#3791));
#6316=EDGE_LOOP('',(#3792));
#6317=EDGE_LOOP('',(#3793,#3794,#3795,#3796,#3797));
#6318=EDGE_LOOP('',(#3798,#3799,#3800,#3801));
#6319=EDGE_LOOP('',(#3802,#3803,#3804,#3805,#3806));
#6320=EDGE_LOOP('',(#3807,#3808,#3809));
#6321=EDGE_LOOP('',(#3810,#3811,#3812,#3813));
#6322=EDGE_LOOP('',(#3814,#3815,#3816));
#6323=EDGE_LOOP('',(#3817,#3818,#3819,#3820));
#6324=EDGE_LOOP('',(#3821,#3822,#3823,#3824,#3825));
#6325=EDGE_LOOP('',(#3826,#3827,#3828,#3829,#3830,#3831));
#6326=EDGE_LOOP('',(#3832,#3833,#3834,#3835));
#6327=FACE_BOUND('',#5787,.T.);
#6328=FACE_BOUND('',#5788,.T.);
#6329=FACE_BOUND('',#5789,.T.);
#6330=FACE_BOUND('',#5790,.T.);
#6331=FACE_BOUND('',#5791,.T.);
#6332=FACE_BOUND('',#5792,.T.);
#6333=FACE_BOUND('',#5793,.T.);
#6334=FACE_BOUND('',#5794,.T.);
#6335=FACE_BOUND('',#5795,.T.);
#6336=FACE_BOUND('',#5796,.T.);
#6337=FACE_BOUND('',#5797,.T.);
#6338=FACE_BOUND('',#5798,.T.);
#6339=FACE_BOUND('',#5799,.T.);
#6340=FACE_BOUND('',#5800,.T.);
#6341=FACE_BOUND('',#5801,.T.);
#6342=FACE_BOUND('',#5802,.T.);
#6343=FACE_BOUND('',#5803,.T.);
#6344=FACE_BOUND('',#5804,.T.);
#6345=FACE_BOUND('',#5805,.T.);
#6346=FACE_BOUND('',#5806,.T.);
#6347=FACE_BOUND('',#5807,.T.);
#6348=FACE_BOUND('',#5808,.T.);
#6349=FACE_BOUND('',#5809,.T.);
#6350=FACE_BOUND('',#5810,.T.);
#6351=FACE_BOUND('',#5811,.T.);
#6352=FACE_BOUND('',#5812,.T.);
#6353=FACE_BOUND('',#5813,.T.);
#6354=FACE_BOUND('',#5814,.T.);
#6355=FACE_BOUND('',#5815,.T.);
#6356=FACE_BOUND('',#5816,.T.);
#6357=FACE_BOUND('',#5817,.T.);
#6358=FACE_BOUND('',#5818,.T.);
#6359=FACE_BOUND('',#5819,.T.);
#6360=FACE_BOUND('',#5820,.T.);
#6361=FACE_BOUND('',#5821,.T.);
#6362=FACE_BOUND('',#5822,.T.);
#6363=FACE_BOUND('',#5823,.T.);
#6364=FACE_BOUND('',#5824,.T.);
#6365=FACE_BOUND('',#5825,.T.);
#6366=FACE_BOUND('',#5826,.T.);
#6367=FACE_BOUND('',#5827,.T.);
#6368=FACE_BOUND('',#5828,.T.);
#6369=FACE_BOUND('',#5829,.T.);
#6370=FACE_BOUND('',#5830,.T.);
#6371=FACE_BOUND('',#5831,.T.);
#6372=FACE_BOUND('',#5832,.T.);
#6373=FACE_BOUND('',#5833,.T.);
#6374=FACE_BOUND('',#5834,.T.);
#6375=FACE_BOUND('',#5835,.T.);
#6376=FACE_BOUND('',#5836,.T.);
#6377=FACE_BOUND('',#5837,.T.);
#6378=FACE_BOUND('',#5838,.T.);
#6379=FACE_BOUND('',#5839,.T.);
#6380=FACE_BOUND('',#5840,.T.);
#6381=FACE_BOUND('',#5841,.T.);
#6382=FACE_BOUND('',#5842,.T.);
#6383=FACE_BOUND('',#5843,.T.);
#6384=FACE_BOUND('',#5844,.T.);
#6385=FACE_BOUND('',#5845,.T.);
#6386=FACE_BOUND('',#5846,.T.);
#6387=FACE_BOUND('',#5847,.T.);
#6388=FACE_BOUND('',#5848,.T.);
#6389=FACE_BOUND('',#5849,.T.);
#6390=FACE_BOUND('',#5850,.T.);
#6391=FACE_BOUND('',#5851,.T.);
#6392=FACE_BOUND('',#5852,.T.);
#6393=FACE_BOUND('',#5853,.T.);
#6394=FACE_BOUND('',#5854,.T.);
#6395=FACE_BOUND('',#5855,.T.);
#6396=FACE_BOUND('',#5856,.T.);
#6397=FACE_BOUND('',#5857,.T.);
#6398=FACE_BOUND('',#5858,.T.);
#6399=FACE_BOUND('',#5859,.T.);
#6400=FACE_BOUND('',#5860,.T.);
#6401=FACE_BOUND('',#5861,.T.);
#6402=FACE_BOUND('',#5862,.T.);
#6403=FACE_BOUND('',#5863,.T.);
#6404=FACE_BOUND('',#5864,.T.);
#6405=FACE_BOUND('',#5865,.T.);
#6406=FACE_BOUND('',#5866,.T.);
#6407=FACE_BOUND('',#5867,.T.);
#6408=FACE_BOUND('',#5868,.T.);
#6409=FACE_BOUND('',#5869,.T.);
#6410=FACE_BOUND('',#5870,.T.);
#6411=FACE_BOUND('',#5871,.T.);
#6412=FACE_BOUND('',#5872,.T.);
#6413=FACE_BOUND('',#5873,.T.);
#6414=FACE_BOUND('',#5874,.T.);
#6415=FACE_BOUND('',#5875,.T.);
#6416=FACE_BOUND('',#5876,.T.);
#6417=FACE_BOUND('',#5877,.T.);
#6418=FACE_BOUND('',#5878,.T.);
#6419=FACE_BOUND('',#5879,.T.);
#6420=FACE_BOUND('',#5880,.T.);
#6421=FACE_BOUND('',#5881,.T.);
#6422=FACE_BOUND('',#5882,.T.);
#6423=FACE_BOUND('',#5883,.T.);
#6424=FACE_BOUND('',#5884,.T.);
#6425=FACE_BOUND('',#5885,.T.);
#6426=FACE_BOUND('',#5886,.T.);
#6427=FACE_BOUND('',#5887,.T.);
#6428=FACE_BOUND('',#5888,.T.);
#6429=FACE_BOUND('',#5889,.T.);
#6430=FACE_BOUND('',#5890,.T.);
#6431=FACE_BOUND('',#5891,.T.);
#6432=FACE_BOUND('',#5892,.T.);
#6433=FACE_BOUND('',#5893,.T.);
#6434=FACE_BOUND('',#5894,.T.);
#6435=FACE_BOUND('',#5895,.T.);
#6436=FACE_BOUND('',#5896,.T.);
#6437=FACE_BOUND('',#5897,.T.);
#6438=FACE_BOUND('',#5898,.T.);
#6439=FACE_BOUND('',#5899,.T.);
#6440=FACE_BOUND('',#5900,.T.);
#6441=FACE_BOUND('',#5901,.T.);
#6442=FACE_BOUND('',#5902,.T.);
#6443=FACE_BOUND('',#5903,.T.);
#6444=FACE_BOUND('',#5904,.T.);
#6445=FACE_BOUND('',#5905,.T.);
#6446=FACE_BOUND('',#5906,.T.);
#6447=FACE_BOUND('',#5907,.T.);
#6448=FACE_BOUND('',#5908,.T.);
#6449=FACE_BOUND('',#5909,.T.);
#6450=FACE_BOUND('',#5910,.T.);
#6451=FACE_BOUND('',#5911,.T.);
#6452=FACE_BOUND('',#5912,.T.);
#6453=FACE_BOUND('',#5913,.T.);
#6454=FACE_BOUND('',#5914,.T.);
#6455=FACE_BOUND('',#5915,.T.);
#6456=FACE_BOUND('',#5916,.T.);
#6457=FACE_BOUND('',#5917,.T.);
#6458=FACE_BOUND('',#5918,.T.);
#6459=FACE_BOUND('',#5919,.T.);
#6460=FACE_BOUND('',#5920,.T.);
#6461=FACE_BOUND('',#5921,.T.);
#6462=FACE_BOUND('',#5922,.T.);
#6463=FACE_BOUND('',#5923,.T.);
#6464=FACE_BOUND('',#5924,.T.);
#6465=FACE_BOUND('',#5925,.T.);
#6466=FACE_BOUND('',#5926,.T.);
#6467=FACE_BOUND('',#5927,.T.);
#6468=FACE_BOUND('',#5928,.T.);
#6469=FACE_BOUND('',#5929,.T.);
#6470=FACE_BOUND('',#5930,.T.);
#6471=FACE_BOUND('',#5931,.T.);
#6472=FACE_BOUND('',#5932,.T.);
#6473=FACE_BOUND('',#5933,.T.);
#6474=FACE_BOUND('',#5934,.T.);
#6475=FACE_BOUND('',#5935,.T.);
#6476=FACE_BOUND('',#5936,.T.);
#6477=FACE_BOUND('',#5937,.T.);
#6478=FACE_BOUND('',#5938,.T.);
#6479=FACE_BOUND('',#5939,.T.);
#6480=FACE_BOUND('',#5940,.T.);
#6481=FACE_BOUND('',#5941,.T.);
#6482=FACE_BOUND('',#5942,.T.);
#6483=FACE_BOUND('',#5943,.T.);
#6484=FACE_BOUND('',#5944,.T.);
#6485=FACE_BOUND('',#5945,.T.);
#6486=FACE_BOUND('',#5946,.T.);
#6487=FACE_BOUND('',#5947,.T.);
#6488=FACE_BOUND('',#5948,.T.);
#6489=FACE_BOUND('',#5949,.T.);
#6490=FACE_BOUND('',#5950,.T.);
#6491=FACE_BOUND('',#5951,.T.);
#6492=FACE_BOUND('',#5952,.T.);
#6493=FACE_BOUND('',#5953,.T.);
#6494=FACE_BOUND('',#5954,.T.);
#6495=FACE_BOUND('',#5955,.T.);
#6496=FACE_BOUND('',#5956,.T.);
#6497=FACE_BOUND('',#5957,.T.);
#6498=FACE_BOUND('',#5958,.T.);
#6499=FACE_BOUND('',#5959,.T.);
#6500=FACE_BOUND('',#5960,.T.);
#6501=FACE_BOUND('',#5961,.T.);
#6502=FACE_BOUND('',#5962,.T.);
#6503=FACE_BOUND('',#5963,.T.);
#6504=FACE_BOUND('',#5964,.T.);
#6505=FACE_BOUND('',#5965,.T.);
#6506=FACE_BOUND('',#5966,.T.);
#6507=FACE_BOUND('',#5967,.T.);
#6508=FACE_BOUND('',#5968,.T.);
#6509=FACE_BOUND('',#5969,.T.);
#6510=FACE_BOUND('',#5970,.T.);
#6511=FACE_BOUND('',#5971,.T.);
#6512=FACE_BOUND('',#5972,.T.);
#6513=FACE_BOUND('',#5973,.T.);
#6514=FACE_BOUND('',#5974,.T.);
#6515=FACE_BOUND('',#5975,.T.);
#6516=FACE_BOUND('',#5976,.T.);
#6517=FACE_BOUND('',#5977,.T.);
#6518=FACE_BOUND('',#5978,.T.);
#6519=FACE_BOUND('',#5979,.T.);
#6520=FACE_BOUND('',#5980,.T.);
#6521=FACE_BOUND('',#5981,.T.);
#6522=FACE_BOUND('',#5982,.T.);
#6523=FACE_BOUND('',#5983,.T.);
#6524=FACE_BOUND('',#5984,.T.);
#6525=FACE_BOUND('',#5985,.T.);
#6526=FACE_BOUND('',#5986,.T.);
#6527=FACE_BOUND('',#5987,.T.);
#6528=FACE_BOUND('',#5988,.T.);
#6529=FACE_BOUND('',#5989,.T.);
#6530=FACE_BOUND('',#5990,.T.);
#6531=FACE_BOUND('',#5991,.T.);
#6532=FACE_BOUND('',#5992,.T.);
#6533=FACE_BOUND('',#5993,.T.);
#6534=FACE_BOUND('',#5994,.T.);
#6535=FACE_BOUND('',#5995,.T.);
#6536=FACE_BOUND('',#5996,.T.);
#6537=FACE_BOUND('',#5997,.T.);
#6538=FACE_BOUND('',#5998,.T.);
#6539=FACE_BOUND('',#5999,.T.);
#6540=FACE_BOUND('',#6000,.T.);
#6541=FACE_BOUND('',#6001,.T.);
#6542=FACE_BOUND('',#6002,.T.);
#6543=FACE_BOUND('',#6003,.T.);
#6544=FACE_BOUND('',#6004,.T.);
#6545=FACE_BOUND('',#6005,.T.);
#6546=FACE_BOUND('',#6006,.T.);
#6547=FACE_BOUND('',#6007,.T.);
#6548=FACE_BOUND('',#6008,.T.);
#6549=FACE_BOUND('',#6009,.T.);
#6550=FACE_BOUND('',#6010,.T.);
#6551=FACE_BOUND('',#6011,.T.);
#6552=FACE_BOUND('',#6012,.T.);
#6553=FACE_BOUND('',#6013,.T.);
#6554=FACE_BOUND('',#6014,.T.);
#6555=FACE_BOUND('',#6015,.T.);
#6556=FACE_BOUND('',#6016,.T.);
#6557=FACE_BOUND('',#6017,.T.);
#6558=FACE_BOUND('',#6018,.T.);
#6559=FACE_BOUND('',#6019,.T.);
#6560=FACE_BOUND('',#6020,.T.);
#6561=FACE_BOUND('',#6021,.T.);
#6562=FACE_BOUND('',#6022,.T.);
#6563=FACE_BOUND('',#6023,.T.);
#6564=FACE_BOUND('',#6024,.T.);
#6565=FACE_BOUND('',#6025,.T.);
#6566=FACE_BOUND('',#6026,.T.);
#6567=FACE_BOUND('',#6027,.T.);
#6568=FACE_BOUND('',#6028,.T.);
#6569=FACE_BOUND('',#6029,.T.);
#6570=FACE_BOUND('',#6030,.T.);
#6571=FACE_BOUND('',#6031,.T.);
#6572=FACE_BOUND('',#6032,.T.);
#6573=FACE_BOUND('',#6033,.T.);
#6574=FACE_BOUND('',#6034,.T.);
#6575=FACE_BOUND('',#6035,.T.);
#6576=FACE_BOUND('',#6036,.T.);
#6577=FACE_BOUND('',#6037,.T.);
#6578=FACE_BOUND('',#6038,.T.);
#6579=FACE_BOUND('',#6039,.T.);
#6580=FACE_BOUND('',#6040,.T.);
#6581=FACE_BOUND('',#6041,.T.);
#6582=FACE_BOUND('',#6042,.T.);
#6583=FACE_BOUND('',#6043,.T.);
#6584=FACE_BOUND('',#6044,.T.);
#6585=FACE_BOUND('',#6045,.T.);
#6586=FACE_BOUND('',#6046,.T.);
#6587=FACE_BOUND('',#6047,.T.);
#6588=FACE_BOUND('',#6048,.T.);
#6589=FACE_BOUND('',#6049,.T.);
#6590=FACE_BOUND('',#6050,.T.);
#6591=FACE_BOUND('',#6051,.T.);
#6592=FACE_BOUND('',#6052,.T.);
#6593=FACE_BOUND('',#6053,.T.);
#6594=FACE_BOUND('',#6054,.T.);
#6595=FACE_BOUND('',#6055,.T.);
#6596=FACE_BOUND('',#6056,.T.);
#6597=FACE_BOUND('',#6057,.T.);
#6598=FACE_BOUND('',#6058,.T.);
#6599=FACE_BOUND('',#6059,.T.);
#6600=FACE_BOUND('',#6060,.T.);
#6601=FACE_BOUND('',#6061,.T.);
#6602=FACE_BOUND('',#6062,.T.);
#6603=FACE_BOUND('',#6063,.T.);
#6604=FACE_BOUND('',#6064,.T.);
#6605=FACE_BOUND('',#6065,.T.);
#6606=FACE_BOUND('',#6066,.T.);
#6607=FACE_BOUND('',#6067,.T.);
#6608=FACE_BOUND('',#6068,.T.);
#6609=FACE_BOUND('',#6069,.T.);
#6610=FACE_BOUND('',#6070,.T.);
#6611=FACE_BOUND('',#6071,.T.);
#6612=FACE_BOUND('',#6072,.T.);
#6613=FACE_BOUND('',#6073,.T.);
#6614=FACE_BOUND('',#6074,.T.);
#6615=FACE_BOUND('',#6075,.T.);
#6616=FACE_BOUND('',#6076,.T.);
#6617=FACE_BOUND('',#6077,.T.);
#6618=FACE_BOUND('',#6078,.T.);
#6619=FACE_BOUND('',#6079,.T.);
#6620=FACE_BOUND('',#6080,.T.);
#6621=FACE_BOUND('',#6081,.T.);
#6622=FACE_BOUND('',#6082,.T.);
#6623=FACE_BOUND('',#6083,.T.);
#6624=FACE_BOUND('',#6084,.T.);
#6625=FACE_BOUND('',#6085,.T.);
#6626=FACE_BOUND('',#6086,.T.);
#6627=FACE_BOUND('',#6087,.T.);
#6628=FACE_BOUND('',#6088,.T.);
#6629=FACE_BOUND('',#6089,.T.);
#6630=FACE_BOUND('',#6090,.T.);
#6631=FACE_BOUND('',#6091,.T.);
#6632=FACE_BOUND('',#6092,.T.);
#6633=FACE_BOUND('',#6093,.T.);
#6634=FACE_BOUND('',#6094,.T.);
#6635=FACE_BOUND('',#6095,.T.);
#6636=FACE_BOUND('',#6096,.T.);
#6637=FACE_BOUND('',#6097,.T.);
#6638=FACE_BOUND('',#6098,.T.);
#6639=FACE_BOUND('',#6099,.T.);
#6640=FACE_BOUND('',#6100,.T.);
#6641=FACE_BOUND('',#6101,.T.);
#6642=FACE_BOUND('',#6102,.T.);
#6643=FACE_BOUND('',#6103,.T.);
#6644=FACE_BOUND('',#6104,.T.);
#6645=FACE_BOUND('',#6105,.T.);
#6646=FACE_BOUND('',#6106,.T.);
#6647=FACE_BOUND('',#6107,.T.);
#6648=FACE_BOUND('',#6108,.T.);
#6649=FACE_BOUND('',#6109,.T.);
#6650=FACE_BOUND('',#6110,.T.);
#6651=FACE_BOUND('',#6111,.T.);
#6652=FACE_BOUND('',#6112,.T.);
#6653=FACE_BOUND('',#6113,.T.);
#6654=FACE_BOUND('',#6114,.T.);
#6655=FACE_BOUND('',#6115,.T.);
#6656=FACE_BOUND('',#6116,.T.);
#6657=FACE_BOUND('',#6117,.T.);
#6658=FACE_BOUND('',#6118,.T.);
#6659=FACE_BOUND('',#6119,.T.);
#6660=FACE_BOUND('',#6120,.T.);
#6661=FACE_BOUND('',#6121,.T.);
#6662=FACE_BOUND('',#6122,.T.);
#6663=FACE_BOUND('',#6123,.T.);
#6664=FACE_BOUND('',#6124,.T.);
#6665=FACE_BOUND('',#6125,.T.);
#6666=FACE_BOUND('',#6126,.T.);
#6667=FACE_BOUND('',#6127,.T.);
#6668=FACE_BOUND('',#6128,.T.);
#6669=FACE_BOUND('',#6129,.T.);
#6670=FACE_BOUND('',#6130,.T.);
#6671=FACE_BOUND('',#6131,.T.);
#6672=FACE_BOUND('',#6132,.T.);
#6673=FACE_BOUND('',#6133,.T.);
#6674=FACE_BOUND('',#6134,.T.);
#6675=FACE_BOUND('',#6135,.T.);
#6676=FACE_BOUND('',#6136,.T.);
#6677=FACE_BOUND('',#6137,.T.);
#6678=FACE_BOUND('',#6138,.T.);
#6679=FACE_BOUND('',#6139,.T.);
#6680=FACE_BOUND('',#6140,.T.);
#6681=FACE_BOUND('',#6141,.T.);
#6682=FACE_BOUND('',#6142,.T.);
#6683=FACE_BOUND('',#6143,.T.);
#6684=FACE_BOUND('',#6144,.T.);
#6685=FACE_BOUND('',#6145,.T.);
#6686=FACE_BOUND('',#6146,.T.);
#6687=FACE_BOUND('',#6147,.T.);
#6688=FACE_BOUND('',#6148,.T.);
#6689=FACE_BOUND('',#6149,.T.);
#6690=FACE_BOUND('',#6150,.T.);
#6691=FACE_BOUND('',#6151,.T.);
#6692=FACE_BOUND('',#6152,.T.);
#6693=FACE_BOUND('',#6153,.T.);
#6694=FACE_BOUND('',#6154,.T.);
#6695=FACE_BOUND('',#6155,.T.);
#6696=FACE_BOUND('',#6156,.T.);
#6697=FACE_BOUND('',#6157,.T.);
#6698=FACE_BOUND('',#6158,.T.);
#6699=FACE_BOUND('',#6159,.T.);
#6700=FACE_BOUND('',#6160,.T.);
#6701=FACE_BOUND('',#6161,.T.);
#6702=FACE_BOUND('',#6162,.T.);
#6703=FACE_BOUND('',#6163,.T.);
#6704=FACE_BOUND('',#6164,.T.);
#6705=FACE_BOUND('',#6165,.T.);
#6706=FACE_BOUND('',#6166,.T.);
#6707=FACE_BOUND('',#6167,.T.);
#6708=FACE_BOUND('',#6168,.T.);
#6709=FACE_BOUND('',#6169,.T.);
#6710=FACE_BOUND('',#6170,.T.);
#6711=FACE_BOUND('',#6171,.T.);
#6712=FACE_BOUND('',#6172,.T.);
#6713=FACE_BOUND('',#6173,.T.);
#6714=FACE_BOUND('',#6174,.T.);
#6715=FACE_BOUND('',#6175,.T.);
#6716=FACE_BOUND('',#6176,.T.);
#6717=FACE_BOUND('',#6177,.T.);
#6718=FACE_BOUND('',#6178,.T.);
#6719=FACE_BOUND('',#6179,.T.);
#6720=FACE_BOUND('',#6180,.T.);
#6721=FACE_BOUND('',#6181,.T.);
#6722=FACE_BOUND('',#6182,.T.);
#6723=FACE_BOUND('',#6183,.T.);
#6724=FACE_BOUND('',#6184,.T.);
#6725=FACE_BOUND('',#6185,.T.);
#6726=FACE_BOUND('',#6186,.T.);
#6727=FACE_BOUND('',#6187,.T.);
#6728=FACE_BOUND('',#6188,.T.);
#6729=FACE_BOUND('',#6189,.T.);
#6730=FACE_BOUND('',#6190,.T.);
#6731=FACE_BOUND('',#6191,.T.);
#6732=FACE_BOUND('',#6192,.T.);
#6733=FACE_BOUND('',#6193,.T.);
#6734=FACE_BOUND('',#6194,.T.);
#6735=FACE_BOUND('',#6195,.T.);
#6736=FACE_BOUND('',#6196,.T.);
#6737=FACE_BOUND('',#6197,.T.);
#6738=FACE_BOUND('',#6198,.T.);
#6739=FACE_BOUND('',#6199,.T.);
#6740=FACE_BOUND('',#6200,.T.);
#6741=FACE_BOUND('',#6201,.T.);
#6742=FACE_BOUND('',#6202,.T.);
#6743=FACE_BOUND('',#6203,.T.);
#6744=FACE_BOUND('',#6204,.T.);
#6745=FACE_BOUND('',#6205,.T.);
#6746=FACE_BOUND('',#6206,.T.);
#6747=FACE_BOUND('',#6207,.T.);
#6748=FACE_BOUND('',#6208,.T.);
#6749=FACE_BOUND('',#6209,.T.);
#6750=FACE_BOUND('',#6210,.T.);
#6751=FACE_BOUND('',#6211,.T.);
#6752=FACE_BOUND('',#6212,.T.);
#6753=FACE_BOUND('',#6213,.T.);
#6754=FACE_BOUND('',#6214,.T.);
#6755=FACE_BOUND('',#6215,.T.);
#6756=FACE_BOUND('',#6216,.T.);
#6757=FACE_BOUND('',#6217,.T.);
#6758=FACE_BOUND('',#6218,.T.);
#6759=FACE_BOUND('',#6219,.T.);
#6760=FACE_BOUND('',#6220,.T.);
#6761=FACE_BOUND('',#6221,.T.);
#6762=FACE_BOUND('',#6222,.T.);
#6763=FACE_BOUND('',#6223,.T.);
#6764=FACE_BOUND('',#6224,.T.);
#6765=FACE_BOUND('',#6225,.T.);
#6766=FACE_BOUND('',#6226,.T.);
#6767=FACE_BOUND('',#6227,.T.);
#6768=FACE_BOUND('',#6228,.T.);
#6769=FACE_BOUND('',#6229,.T.);
#6770=FACE_BOUND('',#6230,.T.);
#6771=FACE_BOUND('',#6231,.T.);
#6772=FACE_BOUND('',#6232,.T.);
#6773=FACE_BOUND('',#6233,.T.);
#6774=FACE_BOUND('',#6234,.T.);
#6775=FACE_BOUND('',#6235,.T.);
#6776=FACE_BOUND('',#6236,.T.);
#6777=FACE_BOUND('',#6237,.T.);
#6778=FACE_BOUND('',#6238,.T.);
#6779=FACE_BOUND('',#6239,.T.);
#6780=FACE_BOUND('',#6240,.T.);
#6781=FACE_BOUND('',#6241,.T.);
#6782=FACE_BOUND('',#6242,.T.);
#6783=FACE_BOUND('',#6243,.T.);
#6784=FACE_BOUND('',#6244,.T.);
#6785=FACE_BOUND('',#6245,.T.);
#6786=FACE_BOUND('',#6246,.T.);
#6787=FACE_BOUND('',#6247,.T.);
#6788=FACE_BOUND('',#6248,.T.);
#6789=FACE_BOUND('',#6249,.T.);
#6790=FACE_BOUND('',#6250,.T.);
#6791=FACE_BOUND('',#6251,.T.);
#6792=FACE_BOUND('',#6252,.T.);
#6793=FACE_BOUND('',#6253,.T.);
#6794=FACE_BOUND('',#6254,.T.);
#6795=FACE_BOUND('',#6255,.T.);
#6796=FACE_BOUND('',#6256,.T.);
#6797=FACE_BOUND('',#6257,.T.);
#6798=FACE_BOUND('',#6258,.T.);
#6799=FACE_BOUND('',#6259,.T.);
#6800=FACE_BOUND('',#6260,.T.);
#6801=FACE_BOUND('',#6261,.T.);
#6802=FACE_BOUND('',#6262,.T.);
#6803=FACE_BOUND('',#6263,.T.);
#6804=FACE_BOUND('',#6264,.T.);
#6805=FACE_BOUND('',#6265,.T.);
#6806=FACE_BOUND('',#6266,.T.);
#6807=FACE_BOUND('',#6267,.T.);
#6808=FACE_BOUND('',#6268,.T.);
#6809=FACE_BOUND('',#6269,.T.);
#6810=FACE_BOUND('',#6270,.T.);
#6811=FACE_BOUND('',#6271,.T.);
#6812=FACE_BOUND('',#6272,.T.);
#6813=FACE_BOUND('',#6273,.T.);
#6814=FACE_BOUND('',#6274,.T.);
#6815=FACE_BOUND('',#6275,.T.);
#6816=FACE_BOUND('',#6276,.T.);
#6817=FACE_BOUND('',#6277,.T.);
#6818=FACE_BOUND('',#6278,.T.);
#6819=FACE_BOUND('',#6279,.T.);
#6820=FACE_BOUND('',#6280,.T.);
#6821=FACE_BOUND('',#6281,.T.);
#6822=FACE_BOUND('',#6282,.T.);
#6823=FACE_BOUND('',#6283,.T.);
#6824=FACE_BOUND('',#6284,.T.);
#6825=FACE_BOUND('',#6285,.T.);
#6826=FACE_BOUND('',#6286,.T.);
#6827=FACE_BOUND('',#6287,.T.);
#6828=FACE_BOUND('',#6288,.T.);
#6829=FACE_BOUND('',#6289,.T.);
#6830=FACE_BOUND('',#6290,.T.);
#6831=FACE_BOUND('',#6291,.T.);
#6832=FACE_BOUND('',#6292,.T.);
#6833=FACE_BOUND('',#6293,.T.);
#6834=FACE_BOUND('',#6294,.T.);
#6835=FACE_BOUND('',#6295,.T.);
#6836=FACE_BOUND('',#6296,.T.);
#6837=FACE_BOUND('',#6297,.T.);
#6838=FACE_BOUND('',#6298,.T.);
#6839=FACE_BOUND('',#6299,.T.);
#6840=FACE_BOUND('',#6300,.T.);
#6841=FACE_BOUND('',#6301,.T.);
#6842=FACE_BOUND('',#6302,.T.);
#6843=FACE_BOUND('',#6303,.T.);
#6844=FACE_BOUND('',#6304,.T.);
#6845=FACE_BOUND('',#6305,.T.);
#6846=FACE_BOUND('',#6306,.T.);
#6847=FACE_BOUND('',#6307,.T.);
#6848=FACE_BOUND('',#6308,.T.);
#6849=FACE_BOUND('',#6309,.T.);
#6850=FACE_BOUND('',#6310,.T.);
#6851=FACE_BOUND('',#6311,.T.);
#6852=FACE_BOUND('',#6312,.T.);
#6853=FACE_BOUND('',#6313,.T.);
#6854=FACE_BOUND('',#6314,.T.);
#6855=FACE_BOUND('',#6315,.T.);
#6856=FACE_BOUND('',#6316,.T.);
#6857=FACE_BOUND('',#22,.T.);
#6858=FACE_BOUND('',#6317,.T.);
#6859=FACE_BOUND('',#6318,.T.);
#6860=FACE_BOUND('',#6319,.T.);
#6861=FACE_BOUND('',#6320,.T.);
#6862=FACE_BOUND('',#6321,.T.);
#6863=FACE_BOUND('',#6322,.T.);
#6864=FACE_BOUND('',#6323,.T.);
#6865=FACE_BOUND('',#6324,.T.);
#6866=FACE_BOUND('',#6325,.T.);
#6867=FACE_BOUND('',#6326,.T.);
#6868=CONICAL_SURFACE('',#7396,0.6,0.785398163397448);
#6869=CONICAL_SURFACE('',#7399,0.6,0.785398163397448);
#6870=CONICAL_SURFACE('',#7402,0.6,0.785398163397448);
#6871=CONICAL_SURFACE('',#7405,0.6,0.785398163397448);
#6872=CONICAL_SURFACE('',#7408,0.6,0.785398163397448);
#6873=CONICAL_SURFACE('',#7411,0.6,0.785398163397448);
#6874=CONICAL_SURFACE('',#7414,0.6,0.785398163397449);
#6875=CONICAL_SURFACE('',#7417,0.6,0.785398163397449);
#6876=CONICAL_SURFACE('',#7420,0.6,0.785398163397449);
#6877=CONICAL_SURFACE('',#7423,0.6,0.785398163397449);
#6878=CONICAL_SURFACE('',#7426,0.6,0.785398163397449);
#6879=CONICAL_SURFACE('',#7429,0.6,0.785398163397448);
#6880=CONICAL_SURFACE('',#7432,0.6,0.785398163397448);
#6881=CONICAL_SURFACE('',#7435,0.6,0.785398163397448);
#6882=CONICAL_SURFACE('',#7438,0.6,0.785398163397448);
#6883=CONICAL_SURFACE('',#7900,1.55,0.785398163397447);
#6884=CONICAL_SURFACE('',#7917,0.5,0.124354994546761);
#6885=CONICAL_SURFACE('',#7919,0.5,0.124354994546761);
#6886=CONICAL_SURFACE('',#7944,0.5,0.124354994546761);
#6887=CONICAL_SURFACE('',#7946,0.5,0.124354994546761);
#6888=CONICAL_SURFACE('',#7971,0.5,0.124354994546761);
#6889=CONICAL_SURFACE('',#7973,0.5,0.124354994546761);
#6890=CONICAL_SURFACE('',#8084,1.1303,0.78539816339745);
#6891=CONICAL_SURFACE('',#8089,1.2,0.785398163397447);
#6892=CONICAL_SURFACE('',#8097,2.15,1.0471975511966);
#6893=CONICAL_SURFACE('',#8098,1.1303,1.02974425867665);
#6894=ADVANCED_FACE('',(#6327,#6328),#6868,.F.);
#6895=ADVANCED_FACE('',(#6329,#6330),#6869,.F.);
#6896=ADVANCED_FACE('',(#6331,#6332),#6870,.F.);
#6897=ADVANCED_FACE('',(#6333,#6334),#6871,.F.);
#6898=ADVANCED_FACE('',(#6335,#6336),#6872,.F.);
#6899=ADVANCED_FACE('',(#6337,#6338),#6873,.F.);
#6900=ADVANCED_FACE('',(#6339,#6340),#6874,.F.);
#6901=ADVANCED_FACE('',(#6341,#6342),#6875,.F.);
#6902=ADVANCED_FACE('',(#6343,#6344),#6876,.F.);
#6903=ADVANCED_FACE('',(#6345,#6346),#6877,.F.);
#6904=ADVANCED_FACE('',(#6347,#6348),#6878,.F.);
#6905=ADVANCED_FACE('',(#6349,#6350),#6879,.F.);
#6906=ADVANCED_FACE('',(#6351,#6352),#6880,.F.);
#6907=ADVANCED_FACE('',(#6353,#6354),#6881,.F.);
#6908=ADVANCED_FACE('',(#6355,#6356),#6882,.F.);
#6909=ADVANCED_FACE('',(#6357),#1625,.F.);
#6910=ADVANCED_FACE('',(#6358),#1626,.F.);
#6911=ADVANCED_FACE('',(#6359),#1627,.F.);
#6912=ADVANCED_FACE('',(#6360),#1628,.F.);
#6913=ADVANCED_FACE('',(#6361),#1629,.F.);
#6914=ADVANCED_FACE('',(#6362),#1630,.F.);
#6915=ADVANCED_FACE('',(#6363),#1631,.F.);
#6916=ADVANCED_FACE('',(#6364),#1632,.F.);
#6917=ADVANCED_FACE('',(#6365),#1633,.F.);
#6918=ADVANCED_FACE('',(#6366,#6367,#6368,#6369),#1634,.F.);
#6919=ADVANCED_FACE('',(#6370),#1635,.F.);
#6920=ADVANCED_FACE('',(#6371),#1636,.T.);
#6921=ADVANCED_FACE('',(#6372),#1637,.F.);
#6922=ADVANCED_FACE('',(#6373),#1638,.F.);
#6923=ADVANCED_FACE('',(#6374),#1639,.F.);
#6924=ADVANCED_FACE('',(#6375,#6376),#1640,.F.);
#6925=ADVANCED_FACE('',(#6377),#1641,.F.);
#6926=ADVANCED_FACE('',(#6378),#1642,.F.);
#6927=ADVANCED_FACE('',(#6379),#1643,.F.);
#6928=ADVANCED_FACE('',(#6380),#1644,.F.);
#6929=ADVANCED_FACE('',(#6381),#1645,.F.);
#6930=ADVANCED_FACE('',(#6382,#6383),#1646,.F.);
#6931=ADVANCED_FACE('',(#6384,#6385,#6386,#6387,#6388,#6389,#6390,#6391,
#6392,#6393,#6394),#1647,.F.);
#6932=ADVANCED_FACE('',(#6395),#1648,.F.);
#6933=ADVANCED_FACE('',(#6396),#1649,.F.);
#6934=ADVANCED_FACE('',(#6397),#1650,.F.);
#6935=ADVANCED_FACE('',(#6398),#1651,.F.);
#6936=ADVANCED_FACE('',(#6399),#1652,.F.);
#6937=ADVANCED_FACE('',(#6400),#1653,.T.);
#6938=ADVANCED_FACE('',(#6401),#199,.T.);
#6939=ADVANCED_FACE('',(#6402),#200,.T.);
#6940=ADVANCED_FACE('',(#6403),#1654,.F.);
#6941=ADVANCED_FACE('',(#6404),#1655,.F.);
#6942=ADVANCED_FACE('',(#6405),#1656,.F.);
#6943=ADVANCED_FACE('',(#6406),#201,.F.);
#6944=ADVANCED_FACE('',(#6407),#202,.F.);
#6945=ADVANCED_FACE('',(#6408),#1657,.F.);
#6946=ADVANCED_FACE('',(#6409),#1658,.F.);
#6947=ADVANCED_FACE('',(#6410,#6411),#203,.F.);
#6948=ADVANCED_FACE('',(#6412),#1659,.F.);
#6949=ADVANCED_FACE('',(#6413),#204,.F.);
#6950=ADVANCED_FACE('',(#6414),#1660,.F.);
#6951=ADVANCED_FACE('',(#6415),#1661,.T.);
#6952=ADVANCED_FACE('',(#6416),#1662,.F.);
#6953=ADVANCED_FACE('',(#6417),#205,.F.);
#6954=ADVANCED_FACE('',(#6418),#1663,.T.);
#6955=ADVANCED_FACE('',(#6419,#6420),#206,.F.);
#6956=ADVANCED_FACE('',(#6421),#1664,.T.);
#6957=ADVANCED_FACE('',(#6422),#207,.F.);
#6958=ADVANCED_FACE('',(#6423),#1665,.T.);
#6959=ADVANCED_FACE('',(#6424),#208,.F.);
#6960=ADVANCED_FACE('',(#6425),#1666,.F.);
#6961=ADVANCED_FACE('',(#6426),#1667,.F.);
#6962=ADVANCED_FACE('',(#6427),#1668,.F.);
#6963=ADVANCED_FACE('',(#6428),#1669,.F.);
#6964=ADVANCED_FACE('',(#6429),#1670,.F.);
#6965=ADVANCED_FACE('',(#6430),#209,.T.);
#6966=ADVANCED_FACE('',(#6431),#210,.T.);
#6967=ADVANCED_FACE('',(#6432),#211,.F.);
#6968=ADVANCED_FACE('',(#6433),#212,.F.);
#6969=ADVANCED_FACE('',(#6434),#1671,.T.);
#6970=ADVANCED_FACE('',(#6435),#1672,.F.);
#6971=ADVANCED_FACE('',(#6436),#213,.T.);
#6972=ADVANCED_FACE('',(#6437),#1673,.F.);
#6973=ADVANCED_FACE('',(#6438),#214,.T.);
#6974=ADVANCED_FACE('',(#6439),#1674,.F.);
#6975=ADVANCED_FACE('',(#6440),#215,.T.);
#6976=ADVANCED_FACE('',(#6441),#1675,.F.);
#6977=ADVANCED_FACE('',(#6442),#216,.T.);
#6978=ADVANCED_FACE('',(#6443),#1676,.F.);
#6979=ADVANCED_FACE('',(#6444,#6445,#6446,#6447,#6448,#6449,#6450,#6451,
#6452,#6453,#6454,#6455,#6456,#6457,#6458,#6459),#1677,.T.);
#6980=ADVANCED_FACE('',(#6460,#6461),#217,.F.);
#6981=ADVANCED_FACE('',(#6462,#6463),#218,.F.);
#6982=ADVANCED_FACE('',(#6464,#6465),#219,.F.);
#6983=ADVANCED_FACE('',(#6466,#6467),#220,.F.);
#6984=ADVANCED_FACE('',(#6468,#6469),#221,.F.);
#6985=ADVANCED_FACE('',(#6470,#6471),#222,.F.);
#6986=ADVANCED_FACE('',(#6472,#6473),#223,.F.);
#6987=ADVANCED_FACE('',(#6474,#6475),#224,.F.);
#6988=ADVANCED_FACE('',(#6476,#6477),#225,.F.);
#6989=ADVANCED_FACE('',(#6478,#6479),#226,.F.);
#6990=ADVANCED_FACE('',(#6480,#6481),#227,.F.);
#6991=ADVANCED_FACE('',(#6482,#6483),#228,.F.);
#6992=ADVANCED_FACE('',(#6484,#6485),#229,.F.);
#6993=ADVANCED_FACE('',(#6486,#6487),#230,.F.);
#6994=ADVANCED_FACE('',(#6488,#6489),#231,.F.);
#6995=ADVANCED_FACE('',(#6490,#6491),#232,.F.);
#6996=ADVANCED_FACE('',(#6492,#6493),#1678,.F.);
#6997=ADVANCED_FACE('',(#6494,#6495),#233,.F.);
#6998=ADVANCED_FACE('',(#6496,#6497),#1679,.F.);
#6999=ADVANCED_FACE('',(#6498,#6499),#234,.F.);
#7000=ADVANCED_FACE('',(#6500,#6501),#1680,.F.);
#7001=ADVANCED_FACE('',(#6502,#6503),#235,.F.);
#7002=ADVANCED_FACE('',(#6504,#6505),#1681,.F.);
#7003=ADVANCED_FACE('',(#6506,#6507),#236,.F.);
#7004=ADVANCED_FACE('',(#6508,#6509),#1682,.F.);
#7005=ADVANCED_FACE('',(#6510,#6511),#237,.F.);
#7006=ADVANCED_FACE('',(#6512,#6513),#1683,.F.);
#7007=ADVANCED_FACE('',(#6514,#6515),#238,.F.);
#7008=ADVANCED_FACE('',(#6516,#6517),#1684,.F.);
#7009=ADVANCED_FACE('',(#6518,#6519),#239,.F.);
#7010=ADVANCED_FACE('',(#6520,#6521),#1685,.F.);
#7011=ADVANCED_FACE('',(#6522,#6523),#240,.F.);
#7012=ADVANCED_FACE('',(#6524,#6525),#1686,.F.);
#7013=ADVANCED_FACE('',(#6526,#6527),#241,.F.);
#7014=ADVANCED_FACE('',(#6528,#6529),#1687,.F.);
#7015=ADVANCED_FACE('',(#6530,#6531),#242,.F.);
#7016=ADVANCED_FACE('',(#6532,#6533),#1688,.F.);
#7017=ADVANCED_FACE('',(#6534,#6535),#243,.F.);
#7018=ADVANCED_FACE('',(#6536,#6537),#1689,.F.);
#7019=ADVANCED_FACE('',(#6538,#6539),#244,.F.);
#7020=ADVANCED_FACE('',(#6540,#6541),#1690,.F.);
#7021=ADVANCED_FACE('',(#6542,#6543),#245,.F.);
#7022=ADVANCED_FACE('',(#6544,#6545),#1691,.F.);
#7023=ADVANCED_FACE('',(#6546,#6547),#246,.F.);
#7024=ADVANCED_FACE('',(#6548,#6549),#1692,.F.);
#7025=ADVANCED_FACE('',(#6550),#1693,.F.);
#7026=ADVANCED_FACE('',(#6551),#1694,.F.);
#7027=ADVANCED_FACE('',(#6552),#1695,.F.);
#7028=ADVANCED_FACE('',(#6553),#1696,.F.);
#7029=ADVANCED_FACE('',(#6554),#1697,.F.);
#7030=ADVANCED_FACE('',(#6555),#1698,.F.);
#7031=ADVANCED_FACE('',(#6556),#1699,.F.);
#7032=ADVANCED_FACE('',(#6557),#1700,.F.);
#7033=ADVANCED_FACE('',(#6558),#1701,.F.);
#7034=ADVANCED_FACE('',(#6559),#1702,.F.);
#7035=ADVANCED_FACE('',(#6560),#1703,.F.);
#7036=ADVANCED_FACE('',(#6561),#1704,.F.);
#7037=ADVANCED_FACE('',(#6562),#1705,.F.);
#7038=ADVANCED_FACE('',(#6563),#1706,.F.);
#7039=ADVANCED_FACE('',(#6564),#1707,.F.);
#7040=ADVANCED_FACE('',(#6565),#1708,.F.);
#7041=ADVANCED_FACE('',(#6566),#1709,.F.);
#7042=ADVANCED_FACE('',(#6567),#1710,.F.);
#7043=ADVANCED_FACE('',(#6568),#1711,.F.);
#7044=ADVANCED_FACE('',(#6569),#1712,.F.);
#7045=ADVANCED_FACE('',(#6570),#1713,.F.);
#7046=ADVANCED_FACE('',(#6571),#1714,.F.);
#7047=ADVANCED_FACE('',(#6572),#1715,.F.);
#7048=ADVANCED_FACE('',(#6573),#1716,.F.);
#7049=ADVANCED_FACE('',(#6574),#1717,.F.);
#7050=ADVANCED_FACE('',(#6575),#1718,.F.);
#7051=ADVANCED_FACE('',(#6576),#1719,.F.);
#7052=ADVANCED_FACE('',(#6577),#1720,.F.);
#7053=ADVANCED_FACE('',(#6578),#1721,.F.);
#7054=ADVANCED_FACE('',(#6579),#1722,.F.);
#7055=ADVANCED_FACE('',(#6580),#1723,.F.);
#7056=ADVANCED_FACE('',(#6581),#1724,.F.);
#7057=ADVANCED_FACE('',(#6582),#1725,.F.);
#7058=ADVANCED_FACE('',(#6583),#1726,.F.);
#7059=ADVANCED_FACE('',(#6584),#1727,.F.);
#7060=ADVANCED_FACE('',(#6585,#6586,#6587,#6588),#1728,.T.);
#7061=ADVANCED_FACE('',(#6589,#6590,#6591,#6592),#1729,.F.);
#7062=ADVANCED_FACE('',(#6593),#247,.T.);
#7063=ADVANCED_FACE('',(#6594),#1730,.F.);
#7064=ADVANCED_FACE('',(#6595),#248,.T.);
#7065=ADVANCED_FACE('',(#6596),#1731,.F.);
#7066=ADVANCED_FACE('',(#6597),#249,.T.);
#7067=ADVANCED_FACE('',(#6598),#1732,.F.);
#7068=ADVANCED_FACE('',(#6599),#250,.T.);
#7069=ADVANCED_FACE('',(#6600),#1733,.F.);
#7070=ADVANCED_FACE('',(#6601,#6602),#251,.F.);
#7071=ADVANCED_FACE('',(#6603,#6604),#252,.F.);
#7072=ADVANCED_FACE('',(#6605),#253,.F.);
#7073=ADVANCED_FACE('',(#6606),#1734,.T.);
#7074=ADVANCED_FACE('',(#6607),#254,.F.);
#7075=ADVANCED_FACE('',(#6608),#1735,.T.);
#7076=ADVANCED_FACE('',(#6609),#255,.F.);
#7077=ADVANCED_FACE('',(#6610),#1736,.T.);
#7078=ADVANCED_FACE('',(#6611),#256,.F.);
#7079=ADVANCED_FACE('',(#6612),#1737,.T.);
#7080=ADVANCED_FACE('',(#6613,#6614),#1738,.T.);
#7081=ADVANCED_FACE('',(#6615),#257,.T.);
#7082=ADVANCED_FACE('',(#6616),#1739,.F.);
#7083=ADVANCED_FACE('',(#6617),#258,.T.);
#7084=ADVANCED_FACE('',(#6618),#1740,.F.);
#7085=ADVANCED_FACE('',(#6619),#259,.T.);
#7086=ADVANCED_FACE('',(#6620),#1741,.F.);
#7087=ADVANCED_FACE('',(#6621),#260,.T.);
#7088=ADVANCED_FACE('',(#6622),#1742,.F.);
#7089=ADVANCED_FACE('',(#6623,#6624),#1743,.T.);
#7090=ADVANCED_FACE('',(#6625,#6626),#261,.T.);
#7091=ADVANCED_FACE('',(#6627,#6628),#1744,.T.);
#7092=ADVANCED_FACE('',(#6629,#6630),#262,.T.);
#7093=ADVANCED_FACE('',(#6631),#263,.F.);
#7094=ADVANCED_FACE('',(#6632),#79,.F.);
#7095=ADVANCED_FACE('',(#6633),#80,.F.);
#7096=ADVANCED_FACE('',(#6634),#264,.F.);
#7097=ADVANCED_FACE('',(#6635),#265,.F.);
#7098=ADVANCED_FACE('',(#6636),#81,.F.);
#7099=ADVANCED_FACE('',(#6637),#82,.F.);
#7100=ADVANCED_FACE('',(#6638),#266,.F.);
#7101=ADVANCED_FACE('',(#6639,#6640),#83,.T.);
#7102=ADVANCED_FACE('',(#6641,#6642),#84,.T.);
#7103=ADVANCED_FACE('',(#6643),#85,.T.);
#7104=ADVANCED_FACE('',(#6644),#267,.T.);
#7105=ADVANCED_FACE('',(#6645),#268,.T.);
#7106=ADVANCED_FACE('',(#6646),#86,.T.);
#7107=ADVANCED_FACE('',(#6647),#87,.T.);
#7108=ADVANCED_FACE('',(#6648),#269,.T.);
#7109=ADVANCED_FACE('',(#6649),#270,.T.);
#7110=ADVANCED_FACE('',(#6650),#88,.T.);
#7111=ADVANCED_FACE('',(#6651,#6652),#89,.F.);
#7112=ADVANCED_FACE('',(#6653,#6654),#90,.F.);
#7113=ADVANCED_FACE('',(#6655),#271,.T.);
#7114=ADVANCED_FACE('',(#6656),#272,.T.);
#7115=ADVANCED_FACE('',(#6657,#6658),#1745,.F.);
#7116=ADVANCED_FACE('',(#6659),#1746,.T.);
#7117=ADVANCED_FACE('',(#6660),#1747,.T.);
#7118=ADVANCED_FACE('',(#6661),#1748,.F.);
#7119=ADVANCED_FACE('',(#6662),#1749,.F.);
#7120=ADVANCED_FACE('',(#6663),#273,.F.);
#7121=ADVANCED_FACE('',(#6664),#274,.T.);
#7122=ADVANCED_FACE('',(#6665),#1750,.F.);
#7123=ADVANCED_FACE('',(#6666),#1751,.F.);
#7124=ADVANCED_FACE('',(#6667,#6668),#1752,.F.);
#7125=ADVANCED_FACE('',(#6669),#275,.T.);
#7126=ADVANCED_FACE('',(#6670),#1753,.F.);
#7127=ADVANCED_FACE('',(#6671),#276,.F.);
#7128=ADVANCED_FACE('',(#6672),#1754,.F.);
#7129=ADVANCED_FACE('',(#6673),#1755,.F.);
#7130=ADVANCED_FACE('',(#6674),#277,.T.);
#7131=ADVANCED_FACE('',(#6675),#1756,.F.);
#7132=ADVANCED_FACE('',(#6676),#278,.F.);
#7133=ADVANCED_FACE('',(#6677),#1757,.F.);
#7134=ADVANCED_FACE('',(#6678,#6679),#279,.F.);
#7135=ADVANCED_FACE('',(#6680),#1758,.F.);
#7136=ADVANCED_FACE('',(#6681),#1759,.F.);
#7137=ADVANCED_FACE('',(#6682),#1760,.F.);
#7138=ADVANCED_FACE('',(#6683),#1761,.F.);
#7139=ADVANCED_FACE('',(#6684),#280,.F.);
#7140=ADVANCED_FACE('',(#6685),#1762,.F.);
#7141=ADVANCED_FACE('',(#6686),#1763,.F.);
#7142=ADVANCED_FACE('',(#6687),#1764,.F.);
#7143=ADVANCED_FACE('',(#6688),#1765,.F.);
#7144=ADVANCED_FACE('',(#6689),#1766,.F.);
#7145=ADVANCED_FACE('',(#6690),#281,.F.);
#7146=ADVANCED_FACE('',(#6691),#282,.T.);
#7147=ADVANCED_FACE('',(#6692),#1767,.F.);
#7148=ADVANCED_FACE('',(#6693),#283,.T.);
#7149=ADVANCED_FACE('',(#6694),#1768,.F.);
#7150=ADVANCED_FACE('',(#6695),#284,.T.);
#7151=ADVANCED_FACE('',(#6696),#1769,.F.);
#7152=ADVANCED_FACE('',(#6697),#285,.F.);
#7153=ADVANCED_FACE('',(#6698),#286,.T.);
#7154=ADVANCED_FACE('',(#6699),#1770,.F.);
#7155=ADVANCED_FACE('',(#6700),#287,.T.);
#7156=ADVANCED_FACE('',(#6701),#1771,.F.);
#7157=ADVANCED_FACE('',(#6702),#288,.T.);
#7158=ADVANCED_FACE('',(#6703),#1772,.F.);
#7159=ADVANCED_FACE('',(#6704),#1773,.F.);
#7160=ADVANCED_FACE('',(#6705,#6706),#1774,.T.);
#7161=ADVANCED_FACE('',(#6707,#6708),#289,.T.);
#7162=ADVANCED_FACE('',(#6709,#6710),#6883,.F.);
#7163=ADVANCED_FACE('',(#6711,#6712),#91,.F.);
#7164=ADVANCED_FACE('',(#6713,#6714),#92,.T.);
#7165=ADVANCED_FACE('',(#6715),#290,.T.);
#7166=ADVANCED_FACE('',(#6716),#291,.T.);
#7167=ADVANCED_FACE('',(#6717),#292,.T.);
#7168=ADVANCED_FACE('',(#6718),#293,.T.);
#7169=ADVANCED_FACE('',(#6719),#294,.T.);
#7170=ADVANCED_FACE('',(#6720),#295,.T.);
#7171=ADVANCED_FACE('',(#6721),#296,.T.);
#7172=ADVANCED_FACE('',(#6722),#297,.T.);
#7173=ADVANCED_FACE('',(#6723),#298,.T.);
#7174=ADVANCED_FACE('',(#6724),#6884,.T.);
#7175=ADVANCED_FACE('',(#6725),#6885,.T.);
#7176=ADVANCED_FACE('',(#6726),#1775,.F.);
#7177=ADVANCED_FACE('',(#6727,#6728),#299,.T.);
#7178=ADVANCED_FACE('',(#6729),#1776,.F.);
#7179=ADVANCED_FACE('',(#6730,#6731),#1777,.T.);
#7180=ADVANCED_FACE('',(#6732,#6733),#300,.F.);
#7181=ADVANCED_FACE('',(#6734),#1778,.T.);
#7182=ADVANCED_FACE('',(#6735),#1779,.T.);
#7183=ADVANCED_FACE('',(#6736),#1780,.T.);
#7184=ADVANCED_FACE('',(#6737),#301,.T.);
#7185=ADVANCED_FACE('',(#6738),#302,.T.);
#7186=ADVANCED_FACE('',(#6739),#303,.T.);
#7187=ADVANCED_FACE('',(#6740),#304,.T.);
#7188=ADVANCED_FACE('',(#6741),#6886,.T.);
#7189=ADVANCED_FACE('',(#6742),#6887,.T.);
#7190=ADVANCED_FACE('',(#6743),#1781,.F.);
#7191=ADVANCED_FACE('',(#6744,#6745),#305,.T.);
#7192=ADVANCED_FACE('',(#6746,#6747),#1782,.F.);
#7193=ADVANCED_FACE('',(#6748,#6749),#1783,.T.);
#7194=ADVANCED_FACE('',(#6750,#6751),#306,.F.);
#7195=ADVANCED_FACE('',(#6752),#1784,.T.);
#7196=ADVANCED_FACE('',(#6753),#1785,.T.);
#7197=ADVANCED_FACE('',(#6754),#1786,.T.);
#7198=ADVANCED_FACE('',(#6755),#307,.T.);
#7199=ADVANCED_FACE('',(#6756),#308,.T.);
#7200=ADVANCED_FACE('',(#6757),#309,.T.);
#7201=ADVANCED_FACE('',(#6758),#310,.T.);
#7202=ADVANCED_FACE('',(#6759),#6888,.T.);
#7203=ADVANCED_FACE('',(#6760),#6889,.T.);
#7204=ADVANCED_FACE('',(#6761),#1787,.F.);
#7205=ADVANCED_FACE('',(#6762,#6763),#311,.T.);
#7206=ADVANCED_FACE('',(#6764,#6765),#1788,.F.);
#7207=ADVANCED_FACE('',(#6766,#6767),#1789,.T.);
#7208=ADVANCED_FACE('',(#6768,#6769),#312,.F.);
#7209=ADVANCED_FACE('',(#6770),#1790,.T.);
#7210=ADVANCED_FACE('',(#6771),#1791,.T.);
#7211=ADVANCED_FACE('',(#6772),#1792,.T.);
#7212=ADVANCED_FACE('',(#6773),#1793,.F.);
#7213=ADVANCED_FACE('',(#6774),#1794,.T.);
#7214=ADVANCED_FACE('',(#6775),#1795,.T.);
#7215=ADVANCED_FACE('',(#6776),#1796,.T.);
#7216=ADVANCED_FACE('',(#6777),#1797,.F.);
#7217=ADVANCED_FACE('',(#6778),#1798,.F.);
#7218=ADVANCED_FACE('',(#6779),#1799,.F.);
#7219=ADVANCED_FACE('',(#6780),#313,.T.);
#7220=ADVANCED_FACE('',(#6781),#1800,.F.);
#7221=ADVANCED_FACE('',(#6782),#1801,.F.);
#7222=ADVANCED_FACE('',(#6783),#1802,.F.);
#7223=ADVANCED_FACE('',(#6784),#314,.T.);
#7224=ADVANCED_FACE('',(#6785),#1803,.F.);
#7225=ADVANCED_FACE('',(#6786),#1804,.F.);
#7226=ADVANCED_FACE('',(#6787),#1805,.F.);
#7227=ADVANCED_FACE('',(#6788),#1806,.F.);
#7228=ADVANCED_FACE('',(#6789),#1807,.F.);
#7229=ADVANCED_FACE('',(#6790),#1808,.F.);
#7230=ADVANCED_FACE('',(#6791),#1809,.F.);
#7231=ADVANCED_FACE('',(#6792),#1810,.F.);
#7232=ADVANCED_FACE('',(#6793),#1811,.T.);
#7233=ADVANCED_FACE('',(#6794),#1812,.F.);
#7234=ADVANCED_FACE('',(#6795),#1813,.F.);
#7235=ADVANCED_FACE('',(#6796),#1814,.F.);
#7236=ADVANCED_FACE('',(#6797),#1815,.F.);
#7237=ADVANCED_FACE('',(#6798),#1816,.F.);
#7238=ADVANCED_FACE('',(#6799),#1817,.F.);
#7239=ADVANCED_FACE('',(#6800),#1818,.F.);
#7240=ADVANCED_FACE('',(#6801),#1819,.F.);
#7241=ADVANCED_FACE('',(#6802),#1820,.F.);
#7242=ADVANCED_FACE('',(#6803),#1821,.F.);
#7243=ADVANCED_FACE('',(#6804),#1822,.F.);
#7244=ADVANCED_FACE('',(#6805),#1823,.F.);
#7245=ADVANCED_FACE('',(#6806),#1824,.F.);
#7246=ADVANCED_FACE('',(#6807),#1825,.F.);
#7247=ADVANCED_FACE('',(#6808),#1826,.F.);
#7248=ADVANCED_FACE('',(#6809),#1827,.F.);
#7249=ADVANCED_FACE('',(#6810),#1828,.F.);
#7250=ADVANCED_FACE('',(#6811),#1829,.F.);
#7251=ADVANCED_FACE('',(#6812),#1830,.F.);
#7252=ADVANCED_FACE('',(#6813),#1831,.F.);
#7253=ADVANCED_FACE('',(#6814),#1832,.F.);
#7254=ADVANCED_FACE('',(#6815),#1833,.F.);
#7255=ADVANCED_FACE('',(#6816),#1834,.T.);
#7256=ADVANCED_FACE('',(#6817),#1835,.F.);
#7257=ADVANCED_FACE('',(#6818),#1836,.F.);
#7258=ADVANCED_FACE('',(#6819),#1837,.T.);
#7259=ADVANCED_FACE('',(#6820),#1838,.F.);
#7260=ADVANCED_FACE('',(#6821),#1839,.F.);
#7261=ADVANCED_FACE('',(#6822),#1840,.T.);
#7262=ADVANCED_FACE('',(#6823),#1841,.F.);
#7263=ADVANCED_FACE('',(#6824),#1842,.F.);
#7264=ADVANCED_FACE('',(#6825),#1843,.T.);
#7265=ADVANCED_FACE('',(#6826),#315,.T.);
#7266=ADVANCED_FACE('',(#6827),#93,.T.);
#7267=ADVANCED_FACE('',(#6828),#94,.T.);
#7268=ADVANCED_FACE('',(#6829),#316,.T.);
#7269=ADVANCED_FACE('',(#6830),#317,.T.);
#7270=ADVANCED_FACE('',(#6831),#318,.T.);
#7271=ADVANCED_FACE('',(#6832),#1844,.T.);
#7272=ADVANCED_FACE('',(#6833),#1845,.T.);
#7273=ADVANCED_FACE('',(#6834),#1846,.T.);
#7274=ADVANCED_FACE('',(#6835),#1847,.T.);
#7275=ADVANCED_FACE('',(#6836),#1848,.T.);
#7276=ADVANCED_FACE('',(#6837,#6838),#1849,.F.);
#7277=ADVANCED_FACE('',(#6839,#6840),#319,.F.);
#7278=ADVANCED_FACE('',(#6841),#6890,.F.);
#7279=ADVANCED_FACE('',(#6842,#6843),#320,.T.);
#7280=ADVANCED_FACE('',(#6844),#1850,.T.);
#7281=ADVANCED_FACE('',(#6845),#6891,.T.);
#7282=ADVANCED_FACE('',(#6846),#1851,.F.);
#7283=ADVANCED_FACE('',(#6847),#1852,.F.);
#7284=ADVANCED_FACE('',(#6848),#1853,.F.);
#7285=ADVANCED_FACE('',(#6849),#1854,.F.);
#7286=ADVANCED_FACE('',(#6850),#1855,.F.);
#7287=ADVANCED_FACE('',(#6851),#1856,.F.);
#7288=ADVANCED_FACE('',(#6852,#6853),#1857,.T.);
#7289=ADVANCED_FACE('',(#6854,#6855),#6892,.T.);
#7290=ADVANCED_FACE('',(#6856,#6857),#6893,.F.);
#7291=ADVANCED_FACE('',(#6858),#18,.T.);
#7292=ADVANCED_FACE('',(#6859),#321,.T.);
#7293=ADVANCED_FACE('',(#6860),#19,.T.);
#7294=ADVANCED_FACE('',(#6861),#1858,.F.);
#7295=ADVANCED_FACE('',(#6862),#1859,.F.);
#7296=ADVANCED_FACE('',(#6863),#1860,.F.);
#7297=ADVANCED_FACE('',(#6864),#322,.F.);
#7298=ADVANCED_FACE('',(#6865),#20,.T.);
#7299=ADVANCED_FACE('',(#6866),#21,.T.);
#7300=ADVANCED_FACE('',(#6867),#1861,.T.);
#7301=CLOSED_SHELL('',(#6894,#6895,#6896,#6897,#6898,#6899,#6900,#6901,
#6902,#6903,#6904,#6905,#6906,#6907,#6908,#6909,#6910,#6911,#6912,#6913,
#6914,#6915,#6916,#6917,#6918,#6919,#6920,#6921,#6922,#6923,#6924,#6925,
#6926,#6927,#6928,#6929,#6930,#6931,#6932,#6933,#6934,#6935,#6936,#6937,
#6938,#6939,#6940,#6941,#6942,#6943,#6944,#6945,#6946,#6947,#6948,#6949,
#6950,#6951,#6952,#6953,#6954,#6955,#6956,#6957,#6958,#6959,#6960,#6961,
#6962,#6963,#6964,#6965,#6966,#6967,#6968,#6969,#6970,#6971,#6972,#6973,
#6974,#6975,#6976,#6977,#6978,#6979,#6980,#6981,#6982,#6983,#6984,#6985,
#6986,#6987,#6988,#6989,#6990,#6991,#6992,#6993,#6994,#6995,#6996,#6997,
#6998,#6999,#7000,#7001,#7002,#7003,#7004,#7005,#7006,#7007,#7008,#7009,
#7010,#7011,#7012,#7013,#7014,#7015,#7016,#7017,#7018,#7019,#7020,#7021,
#7022,#7023,#7024,#7025,#7026,#7027,#7028,#7029,#7030,#7031,#7032,#7033,
#7034,#7035,#7036,#7037,#7038,#7039,#7040,#7041,#7042,#7043,#7044,#7045,
#7046,#7047,#7048,#7049,#7050,#7051,#7052,#7053,#7054,#7055,#7056,#7057,
#7058,#7059));
#7302=CLOSED_SHELL('',(#7060,#7061,#7062,#7063,#7064,#7065,#7066,#7067,
#7068,#7069,#7070,#7071,#7072,#7073,#7074,#7075,#7076,#7077,#7078,#7079,
#7080,#7081,#7082,#7083,#7084,#7085,#7086,#7087,#7088,#7089,#7090,#7091,
#7092,#7093,#7094,#7095,#7096,#7097,#7098,#7099,#7100,#7101,#7102,#7103,
#7104,#7105,#7106,#7107,#7108,#7109,#7110,#7111,#7112));
#7303=CLOSED_SHELL('',(#7113,#7114,#7115,#7116,#7117,#7118,#7119,#7120,
#7121,#7122,#7123,#7124,#7125,#7126,#7127,#7128,#7129,#7130,#7131,#7132,
#7133,#7134,#7135,#7136,#7137,#7138,#7139,#7140,#7141,#7142,#7143,#7144,
#7145,#7146,#7147,#7148,#7149,#7150,#7151,#7152,#7153,#7154,#7155,#7156,
#7157,#7158,#7159,#7160,#7161,#7162,#7163,#7164,#7165,#7166,#7167,#7168,
#7169,#7170));
#7304=CLOSED_SHELL('',(#7171,#7172,#7173,#7174,#7175,#7176,#7177,#7178,
#7179,#7180,#7181,#7182,#7183));
#7305=CLOSED_SHELL('',(#7184,#7185,#7186,#7187,#7188,#7189,#7190,#7191,
#7192,#7193,#7194,#7195,#7196,#7197));
#7306=CLOSED_SHELL('',(#7198,#7199,#7200,#7201,#7202,#7203,#7204,#7205,
#7206,#7207,#7208,#7209,#7210,#7211));
#7307=CLOSED_SHELL('',(#7212,#7213,#7214,#7215,#7216,#7217,#7218,#7219,
#7220,#7221,#7222,#7223,#7224,#7225,#7226,#7227,#7228,#7229,#7230,#7231,
#7232,#7233,#7234,#7235,#7236,#7237,#7238,#7239,#7240,#7241,#7242,#7243,
#7244,#7245,#7246,#7247,#7248,#7249,#7250,#7251,#7252,#7253,#7254,#7255,
#7256,#7257,#7258,#7259,#7260,#7261,#7262,#7263,#7264,#7265,#7266,#7267,
#7268,#7269,#7270,#7271,#7272,#7273,#7274,#7275));
#7308=CLOSED_SHELL('',(#7276,#7277,#7278,#7279,#7280,#7281,#7282,#7283,
#7284,#7285,#7286,#7287,#7288,#7289,#7290,#7291,#7292,#7293,#7294,#7295,
#7296,#7297,#7298,#7299,#7300));
#7309=STYLED_ITEM('',(#7317),#7369);
#7310=STYLED_ITEM('',(#7318),#7370);
#7311=STYLED_ITEM('',(#7319),#7371);
#7312=STYLED_ITEM('',(#7320),#7372);
#7313=STYLED_ITEM('',(#7321),#7373);
#7314=STYLED_ITEM('',(#7322),#7374);
#7315=STYLED_ITEM('',(#7323),#7375);
#7316=STYLED_ITEM('',(#7324),#7376);
#7317=PRESENTATION_STYLE_ASSIGNMENT((#7325));
#7318=PRESENTATION_STYLE_ASSIGNMENT((#7326));
#7319=PRESENTATION_STYLE_ASSIGNMENT((#7327));
#7320=PRESENTATION_STYLE_ASSIGNMENT((#7328));
#7321=PRESENTATION_STYLE_ASSIGNMENT((#7329));
#7322=PRESENTATION_STYLE_ASSIGNMENT((#7330));
#7323=PRESENTATION_STYLE_ASSIGNMENT((#7331));
#7324=PRESENTATION_STYLE_ASSIGNMENT((#7332));
#7325=SURFACE_STYLE_USAGE(.BOTH.,#7333);
#7326=SURFACE_STYLE_USAGE(.BOTH.,#7334);
#7327=SURFACE_STYLE_USAGE(.BOTH.,#7335);
#7328=SURFACE_STYLE_USAGE(.BOTH.,#7336);
#7329=SURFACE_STYLE_USAGE(.BOTH.,#7337);
#7330=SURFACE_STYLE_USAGE(.BOTH.,#7338);
#7331=SURFACE_STYLE_USAGE(.BOTH.,#7339);
#7332=SURFACE_STYLE_USAGE(.BOTH.,#7340);
#7333=SURFACE_SIDE_STYLE('',(#7341));
#7334=SURFACE_SIDE_STYLE('',(#7342));
#7335=SURFACE_SIDE_STYLE('',(#7343));
#7336=SURFACE_SIDE_STYLE('',(#7344));
#7337=SURFACE_SIDE_STYLE('',(#7345));
#7338=SURFACE_SIDE_STYLE('',(#7346));
#7339=SURFACE_SIDE_STYLE('',(#7347));
#7340=SURFACE_SIDE_STYLE('',(#7348));
#7341=SURFACE_STYLE_FILL_AREA(#7349);
#7342=SURFACE_STYLE_FILL_AREA(#7350);
#7343=SURFACE_STYLE_FILL_AREA(#7351);
#7344=SURFACE_STYLE_FILL_AREA(#7352);
#7345=SURFACE_STYLE_FILL_AREA(#7353);
#7346=SURFACE_STYLE_FILL_AREA(#7354);
#7347=SURFACE_STYLE_FILL_AREA(#7355);
#7348=SURFACE_STYLE_FILL_AREA(#7356);
#7349=FILL_AREA_STYLE('',(#7357));
#7350=FILL_AREA_STYLE('',(#7358));
#7351=FILL_AREA_STYLE('',(#7359));
#7352=FILL_AREA_STYLE('',(#7360));
#7353=FILL_AREA_STYLE('',(#7361));
#7354=FILL_AREA_STYLE('',(#7362));
#7355=FILL_AREA_STYLE('',(#7363));
#7356=FILL_AREA_STYLE('',(#7364));
#7357=FILL_AREA_STYLE_COLOUR('',#7365);
#7358=FILL_AREA_STYLE_COLOUR('',#7366);
#7359=FILL_AREA_STYLE_COLOUR('',#7366);
#7360=FILL_AREA_STYLE_COLOUR('',#7367);
#7361=FILL_AREA_STYLE_COLOUR('',#7367);
#7362=FILL_AREA_STYLE_COLOUR('',#7367);
#7363=FILL_AREA_STYLE_COLOUR('',#7368);
#7364=FILL_AREA_STYLE_COLOUR('',#7366);
#7365=COLOUR_RGB('',0.18823529779911,0.18823529779911,0.18823529779911);
#7366=COLOUR_RGB('',0.699999988079071,0.699999988079071,0.699999988079071);
#7367=COLOUR_RGB('',0.815686285495758,0.564705908298492,0.125490203499794);
#7368=COLOUR_RGB('',0.439215689897537,0.439215689897537,0.439215689897537);
#7369=MANIFOLD_SOLID_BREP('Cortar-Extruir6',#7301);
#7370=MANIFOLD_SOLID_BREP('Redondeo2',#7302);
#7371=MANIFOLD_SOLID_BREP('Redondeo4',#7303);
#7372=MANIFOLD_SOLID_BREP('Cortar-Extruir1',#7304);
#7373=MANIFOLD_SOLID_BREP('Cortar-Extruir1',#7305);
#7374=MANIFOLD_SOLID_BREP('Cortar-Extruir1',#7306);
#7375=MANIFOLD_SOLID_BREP('Redondeo1',#7307);
#7376=MANIFOLD_SOLID_BREP('Rosca2',#7308);
#7377=SHAPE_DEFINITION_REPRESENTATION(#14308,#7386);
#7378=SHAPE_DEFINITION_REPRESENTATION(#14307,#7387);
#7379=SHAPE_DEFINITION_REPRESENTATION(#14310,#7388);
#7380=SHAPE_DEFINITION_REPRESENTATION(#14312,#7389);
#7381=SHAPE_DEFINITION_REPRESENTATION(#14314,#7390);
#7382=SHAPE_DEFINITION_REPRESENTATION(#14316,#7391);
#7383=SHAPE_DEFINITION_REPRESENTATION(#14318,#7392);
#7384=SHAPE_DEFINITION_REPRESENTATION(#14332,#7393);
#7385=SHAPE_DEFINITION_REPRESENTATION(#14334,#7394);
#7386=SHAPE_REPRESENTATION('VGA-bodyF_slim_0',(#7395),#14287);
#7387=SHAPE_REPRESENTATION('CONECTOR VGA-DB15F_slim',(#7395,#7683,#7797,
#7909,#7933,#7960,#7987,#7988,#7989,#7990,#7991,#7992,#7993,#7994,#7995,
#7996,#7997,#7998,#7999,#8078,#8105,#8106,#8107),#14286);
#7388=SHAPE_REPRESENTATION('VGA-front_metal_0',(#7395),#14288);
#7389=SHAPE_REPRESENTATION('VGA-mount_pin_slim_0',(#7395),#14289);
#7390=SHAPE_REPRESENTATION('Low_row_pin_0',(#7395),#14290);
#7391=SHAPE_REPRESENTATION('Midle_row_pin_0',(#7395),#14291);
#7392=SHAPE_REPRESENTATION('High_row_pin_0',(#7395),#14292);
#7393=SHAPE_REPRESENTATION('VGA-bodyF_slim_2_0',(#7395),#14293);
#7394=SHAPE_REPRESENTATION('VGA-6_0',(#7395),#14294);
#7395=AXIS2_PLACEMENT_3D('',#10185,#8108,#8109);
#7396=AXIS2_PLACEMENT_3D('',#10186,#8110,#8111);
#7397=AXIS2_PLACEMENT_3D('',#10187,#8112,#8113);
#7398=AXIS2_PLACEMENT_3D('',#10189,#8114,#8115);
#7399=AXIS2_PLACEMENT_3D('',#10191,#8116,#8117);
#7400=AXIS2_PLACEMENT_3D('',#10192,#8118,#8119);
#7401=AXIS2_PLACEMENT_3D('',#10194,#8120,#8121);
#7402=AXIS2_PLACEMENT_3D('',#10196,#8122,#8123);
#7403=AXIS2_PLACEMENT_3D('',#10197,#8124,#8125);
#7404=AXIS2_PLACEMENT_3D('',#10199,#8126,#8127);
#7405=AXIS2_PLACEMENT_3D('',#10201,#8128,#8129);
#7406=AXIS2_PLACEMENT_3D('',#10202,#8130,#8131);
#7407=AXIS2_PLACEMENT_3D('',#10204,#8132,#8133);
#7408=AXIS2_PLACEMENT_3D('',#10206,#8134,#8135);
#7409=AXIS2_PLACEMENT_3D('',#10207,#8136,#8137);
#7410=AXIS2_PLACEMENT_3D('',#10209,#8138,#8139);
#7411=AXIS2_PLACEMENT_3D('',#10211,#8140,#8141);
#7412=AXIS2_PLACEMENT_3D('',#10212,#8142,#8143);
#7413=AXIS2_PLACEMENT_3D('',#10214,#8144,#8145);
#7414=AXIS2_PLACEMENT_3D('',#10216,#8146,#8147);
#7415=AXIS2_PLACEMENT_3D('',#10217,#8148,#8149);
#7416=AXIS2_PLACEMENT_3D('',#10219,#8150,#8151);
#7417=AXIS2_PLACEMENT_3D('',#10221,#8152,#8153);
#7418=AXIS2_PLACEMENT_3D('',#10222,#8154,#8155);
#7419=AXIS2_PLACEMENT_3D('',#10224,#8156,#8157);
#7420=AXIS2_PLACEMENT_3D('',#10226,#8158,#8159);
#7421=AXIS2_PLACEMENT_3D('',#10227,#8160,#8161);
#7422=AXIS2_PLACEMENT_3D('',#10229,#8162,#8163);
#7423=AXIS2_PLACEMENT_3D('',#10231,#8164,#8165);
#7424=AXIS2_PLACEMENT_3D('',#10232,#8166,#8167);
#7425=AXIS2_PLACEMENT_3D('',#10234,#8168,#8169);
#7426=AXIS2_PLACEMENT_3D('',#10236,#8170,#8171);
#7427=AXIS2_PLACEMENT_3D('',#10237,#8172,#8173);
#7428=AXIS2_PLACEMENT_3D('',#10239,#8174,#8175);
#7429=AXIS2_PLACEMENT_3D('',#10241,#8176,#8177);
#7430=AXIS2_PLACEMENT_3D('',#10242,#8178,#8179);
#7431=AXIS2_PLACEMENT_3D('',#10244,#8180,#8181);
#7432=AXIS2_PLACEMENT_3D('',#10246,#8182,#8183);
#7433=AXIS2_PLACEMENT_3D('',#10247,#8184,#8185);
#7434=AXIS2_PLACEMENT_3D('',#10249,#8186,#8187);
#7435=AXIS2_PLACEMENT_3D('',#10251,#8188,#8189);
#7436=AXIS2_PLACEMENT_3D('',#10252,#8190,#8191);
#7437=AXIS2_PLACEMENT_3D('',#10254,#8192,#8193);
#7438=AXIS2_PLACEMENT_3D('',#10256,#8194,#8195);
#7439=AXIS2_PLACEMENT_3D('',#10257,#8196,#8197);
#7440=AXIS2_PLACEMENT_3D('',#10259,#8198,#8199);
#7441=AXIS2_PLACEMENT_3D('',#10261,#8200,#8201);
#7442=AXIS2_PLACEMENT_3D('',#10270,#8206,#8207);
#7443=AXIS2_PLACEMENT_3D('',#10279,#8212,#8213);
#7444=AXIS2_PLACEMENT_3D('',#10288,#8218,#8219);
#7445=AXIS2_PLACEMENT_3D('',#10297,#8224,#8225);
#7446=AXIS2_PLACEMENT_3D('',#10306,#8230,#8231);
#7447=AXIS2_PLACEMENT_3D('',#10315,#8236,#8237);
#7448=AXIS2_PLACEMENT_3D('',#10324,#8242,#8243);
#7449=AXIS2_PLACEMENT_3D('',#10333,#8248,#8249);
#7450=AXIS2_PLACEMENT_3D('',#10343,#8254,#8255);
#7451=AXIS2_PLACEMENT_3D('',#10347,#8257,#8258);
#7452=AXIS2_PLACEMENT_3D('',#10375,#8272,#8273);
#7453=AXIS2_PLACEMENT_3D('',#10379,#8275,#8276);
#7454=AXIS2_PLACEMENT_3D('',#10398,#8286,#8287);
#7455=AXIS2_PLACEMENT_3D('',#10402,#8289,#8290);
#7456=AXIS2_PLACEMENT_3D('',#10426,#8302,#8303);
#7457=AXIS2_PLACEMENT_3D('',#10427,#8304,#8305);
#7458=AXIS2_PLACEMENT_3D('',#10429,#8306,#8307);
#7459=AXIS2_PLACEMENT_3D('',#10431,#8308,#8309);
#7460=AXIS2_PLACEMENT_3D('',#10436,#8311,#8312);
#7461=AXIS2_PLACEMENT_3D('',#10440,#8314,#8315);
#7462=AXIS2_PLACEMENT_3D('',#10444,#8317,#8318);
#7463=AXIS2_PLACEMENT_3D('',#10447,#8320,#8321);
#7464=AXIS2_PLACEMENT_3D('',#10450,#8323,#8324);
#7465=AXIS2_PLACEMENT_3D('',#10454,#8326,#8327);
#7466=AXIS2_PLACEMENT_3D('',#10460,#8331,#8332);
#7467=AXIS2_PLACEMENT_3D('',#10465,#8335,#8336);
#7468=AXIS2_PLACEMENT_3D('',#10469,#8339,#8340);
#7469=AXIS2_PLACEMENT_3D('',#10472,#8342,#8343);
#7470=AXIS2_PLACEMENT_3D('',#10475,#8345,#8346);
#7471=AXIS2_PLACEMENT_3D('',#10478,#8348,#8349);
#7472=AXIS2_PLACEMENT_3D('',#10490,#8356,#8357);
#7473=AXIS2_PLACEMENT_3D('',#10499,#8362,#8363);
#7474=AXIS2_PLACEMENT_3D('',#10510,#8369,#8370);
#7475=AXIS2_PLACEMENT_3D('',#10511,#8371,#8372);
#7476=AXIS2_PLACEMENT_3D('',#10518,#8376,#8377);
#7477=AXIS2_PLACEMENT_3D('',#10521,#8379,#8380);
#7478=AXIS2_PLACEMENT_3D('',#10530,#8386,#8387);
#7479=AXIS2_PLACEMENT_3D('',#10536,#8390,#8391);
#7480=AXIS2_PLACEMENT_3D('',#10541,#8394,#8395);
#7481=AXIS2_PLACEMENT_3D('',#10542,#8396,#8397);
#7482=AXIS2_PLACEMENT_3D('',#10549,#8401,#8402);
#7483=AXIS2_PLACEMENT_3D('',#10557,#8407,#8408);
#7484=AXIS2_PLACEMENT_3D('',#10563,#8412,#8413);
#7485=AXIS2_PLACEMENT_3D('',#10564,#8414,#8415);
#7486=AXIS2_PLACEMENT_3D('',#10568,#8418,#8419);
#7487=AXIS2_PLACEMENT_3D('',#10569,#8420,#8421);
#7488=AXIS2_PLACEMENT_3D('',#10571,#8422,#8423);
#7489=AXIS2_PLACEMENT_3D('',#10573,#8424,#8425);
#7490=AXIS2_PLACEMENT_3D('',#10575,#8426,#8427);
#7491=AXIS2_PLACEMENT_3D('',#10577,#8428,#8429);
#7492=AXIS2_PLACEMENT_3D('',#10579,#8430,#8431);
#7493=AXIS2_PLACEMENT_3D('',#10586,#8434,#8435);
#7494=AXIS2_PLACEMENT_3D('',#10588,#8436,#8437);
#7495=AXIS2_PLACEMENT_3D('',#10596,#8441,#8442);
#7496=AXIS2_PLACEMENT_3D('',#10597,#8443,#8444);
#7497=AXIS2_PLACEMENT_3D('',#10605,#8448,#8449);
#7498=AXIS2_PLACEMENT_3D('',#10607,#8450,#8451);
#7499=AXIS2_PLACEMENT_3D('',#10615,#8455,#8456);
#7500=AXIS2_PLACEMENT_3D('',#10617,#8457,#8458);
#7501=AXIS2_PLACEMENT_3D('',#10625,#8462,#8463);
#7502=AXIS2_PLACEMENT_3D('',#10627,#8464,#8465);
#7503=AXIS2_PLACEMENT_3D('',#10635,#8469,#8470);
#7504=AXIS2_PLACEMENT_3D('',#10637,#8471,#8472);
#7505=AXIS2_PLACEMENT_3D('',#10640,#8474,#8475);
#7506=AXIS2_PLACEMENT_3D('',#10642,#8476,#8477);
#7507=AXIS2_PLACEMENT_3D('',#10644,#8478,#8479);
#7508=AXIS2_PLACEMENT_3D('',#10646,#8480,#8481);
#7509=AXIS2_PLACEMENT_3D('',#10648,#8482,#8483);
#7510=AXIS2_PLACEMENT_3D('',#10651,#8486,#8487);
#7511=AXIS2_PLACEMENT_3D('',#10657,#8491,#8492);
#7512=AXIS2_PLACEMENT_3D('',#10661,#8494,#8495);
#7513=AXIS2_PLACEMENT_3D('',#10662,#8496,#8497);
#7514=AXIS2_PLACEMENT_3D('',#10667,#8500,#8501);
#7515=AXIS2_PLACEMENT_3D('',#10672,#8506,#8507);
#7516=AXIS2_PLACEMENT_3D('',#10674,#8509,#8510);
#7517=AXIS2_PLACEMENT_3D('',#10676,#8512,#8513);
#7518=AXIS2_PLACEMENT_3D('',#10678,#8515,#8516);
#7519=AXIS2_PLACEMENT_3D('',#10680,#8518,#8519);
#7520=AXIS2_PLACEMENT_3D('',#10682,#8521,#8522);
#7521=AXIS2_PLACEMENT_3D('',#10684,#8524,#8525);
#7522=AXIS2_PLACEMENT_3D('',#10686,#8527,#8528);
#7523=AXIS2_PLACEMENT_3D('',#10687,#8529,#8530);
#7524=AXIS2_PLACEMENT_3D('',#10689,#8532,#8533);
#7525=AXIS2_PLACEMENT_3D('',#10691,#8535,#8536);
#7526=AXIS2_PLACEMENT_3D('',#10693,#8538,#8539);
#7527=AXIS2_PLACEMENT_3D('',#10694,#8540,#8541);
#7528=AXIS2_PLACEMENT_3D('',#10701,#8546,#8547);
#7529=AXIS2_PLACEMENT_3D('',#10702,#8548,#8549);
#7530=AXIS2_PLACEMENT_3D('',#10705,#8551,#8552);
#7531=AXIS2_PLACEMENT_3D('',#10710,#8556,#8557);
#7532=AXIS2_PLACEMENT_3D('',#10711,#8558,#8559);
#7533=AXIS2_PLACEMENT_3D('',#10712,#8560,#8561);
#7534=AXIS2_PLACEMENT_3D('',#10713,#8562,#8563);
#7535=AXIS2_PLACEMENT_3D('',#10714,#8564,#8565);
#7536=AXIS2_PLACEMENT_3D('',#10716,#8567,#8568);
#7537=AXIS2_PLACEMENT_3D('',#10717,#8569,#8570);
#7538=AXIS2_PLACEMENT_3D('',#10722,#8574,#8575);
#7539=AXIS2_PLACEMENT_3D('',#10723,#8576,#8577);
#7540=AXIS2_PLACEMENT_3D('',#10726,#8579,#8580);
#7541=AXIS2_PLACEMENT_3D('',#10729,#8583,#8584);
#7542=AXIS2_PLACEMENT_3D('',#10730,#8585,#8586);
#7543=AXIS2_PLACEMENT_3D('',#10731,#8587,#8588);
#7544=AXIS2_PLACEMENT_3D('',#10735,#8591,#8592);
#7545=AXIS2_PLACEMENT_3D('',#10741,#8596,#8597);
#7546=AXIS2_PLACEMENT_3D('',#10745,#8600,#8601);
#7547=AXIS2_PLACEMENT_3D('',#10751,#8605,#8606);
#7548=AXIS2_PLACEMENT_3D('',#10752,#8607,#8608);
#7549=AXIS2_PLACEMENT_3D('',#10798,#8636,#8637);
#7550=AXIS2_PLACEMENT_3D('',#10799,#8638,#8639);
#7551=AXIS2_PLACEMENT_3D('',#10800,#8640,#8641);
#7552=AXIS2_PLACEMENT_3D('',#10801,#8642,#8643);
#7553=AXIS2_PLACEMENT_3D('',#10802,#8644,#8645);
#7554=AXIS2_PLACEMENT_3D('',#10803,#8646,#8647);
#7555=AXIS2_PLACEMENT_3D('',#10804,#8648,#8649);
#7556=AXIS2_PLACEMENT_3D('',#10807,#8651,#8652);
#7557=AXIS2_PLACEMENT_3D('',#10810,#8654,#8655);
#7558=AXIS2_PLACEMENT_3D('',#10814,#8658,#8659);
#7559=AXIS2_PLACEMENT_3D('',#10817,#8661,#8662);
#7560=AXIS2_PLACEMENT_3D('',#10818,#8663,#8664);
#7561=AXIS2_PLACEMENT_3D('',#10822,#8667,#8668);
#7562=AXIS2_PLACEMENT_3D('',#10825,#8670,#8671);
#7563=AXIS2_PLACEMENT_3D('',#10826,#8672,#8673);
#7564=AXIS2_PLACEMENT_3D('',#10830,#8676,#8677);
#7565=AXIS2_PLACEMENT_3D('',#10833,#8679,#8680);
#7566=AXIS2_PLACEMENT_3D('',#10834,#8681,#8682);
#7567=AXIS2_PLACEMENT_3D('',#10836,#8684,#8685);
#7568=AXIS2_PLACEMENT_3D('',#10837,#8686,#8687);
#7569=AXIS2_PLACEMENT_3D('',#10838,#8688,#8689);
#7570=AXIS2_PLACEMENT_3D('',#10840,#8690,#8691);
#7571=AXIS2_PLACEMENT_3D('',#10841,#8692,#8693);
#7572=AXIS2_PLACEMENT_3D('',#10843,#8694,#8695);
#7573=AXIS2_PLACEMENT_3D('',#10844,#8696,#8697);
#7574=AXIS2_PLACEMENT_3D('',#10846,#8698,#8699);
#7575=AXIS2_PLACEMENT_3D('',#10847,#8700,#8701);
#7576=AXIS2_PLACEMENT_3D('',#10849,#8702,#8703);
#7577=AXIS2_PLACEMENT_3D('',#10850,#8704,#8705);
#7578=AXIS2_PLACEMENT_3D('',#10852,#8706,#8707);
#7579=AXIS2_PLACEMENT_3D('',#10853,#8708,#8709);
#7580=AXIS2_PLACEMENT_3D('',#10855,#8710,#8711);
#7581=AXIS2_PLACEMENT_3D('',#10856,#8712,#8713);
#7582=AXIS2_PLACEMENT_3D('',#10858,#8714,#8715);
#7583=AXIS2_PLACEMENT_3D('',#10859,#8716,#8717);
#7584=AXIS2_PLACEMENT_3D('',#10861,#8718,#8719);
#7585=AXIS2_PLACEMENT_3D('',#10862,#8720,#8721);
#7586=AXIS2_PLACEMENT_3D('',#10864,#8722,#8723);
#7587=AXIS2_PLACEMENT_3D('',#10865,#8724,#8725);
#7588=AXIS2_PLACEMENT_3D('',#10867,#8726,#8727);
#7589=AXIS2_PLACEMENT_3D('',#10868,#8728,#8729);
#7590=AXIS2_PLACEMENT_3D('',#10870,#8730,#8731);
#7591=AXIS2_PLACEMENT_3D('',#10871,#8732,#8733);
#7592=AXIS2_PLACEMENT_3D('',#10873,#8734,#8735);
#7593=AXIS2_PLACEMENT_3D('',#10874,#8736,#8737);
#7594=AXIS2_PLACEMENT_3D('',#10876,#8738,#8739);
#7595=AXIS2_PLACEMENT_3D('',#10877,#8740,#8741);
#7596=AXIS2_PLACEMENT_3D('',#10879,#8742,#8743);
#7597=AXIS2_PLACEMENT_3D('',#10880,#8744,#8745);
#7598=AXIS2_PLACEMENT_3D('',#10882,#8746,#8747);
#7599=AXIS2_PLACEMENT_3D('',#10883,#8748,#8749);
#7600=AXIS2_PLACEMENT_3D('',#10887,#8751,#8752);
#7601=AXIS2_PLACEMENT_3D('',#10890,#8754,#8755);
#7602=AXIS2_PLACEMENT_3D('',#10891,#8756,#8757);
#7603=AXIS2_PLACEMENT_3D('',#10892,#8758,#8759);
#7604=AXIS2_PLACEMENT_3D('',#10894,#8760,#8761);
#7605=AXIS2_PLACEMENT_3D('',#10895,#8762,#8763);
#7606=AXIS2_PLACEMENT_3D('',#10896,#8764,#8765);
#7607=AXIS2_PLACEMENT_3D('',#10898,#8766,#8767);
#7608=AXIS2_PLACEMENT_3D('',#10899,#8768,#8769);
#7609=AXIS2_PLACEMENT_3D('',#10900,#8770,#8771);
#7610=AXIS2_PLACEMENT_3D('',#10904,#8773,#8774);
#7611=AXIS2_PLACEMENT_3D('',#10907,#8776,#8777);
#7612=AXIS2_PLACEMENT_3D('',#10908,#8778,#8779);
#7613=AXIS2_PLACEMENT_3D('',#10909,#8780,#8781);
#7614=AXIS2_PLACEMENT_3D('',#10911,#8782,#8783);
#7615=AXIS2_PLACEMENT_3D('',#10912,#8784,#8785);
#7616=AXIS2_PLACEMENT_3D('',#10913,#8786,#8787);
#7617=AXIS2_PLACEMENT_3D('',#10917,#8789,#8790);
#7618=AXIS2_PLACEMENT_3D('',#10920,#8792,#8793);
#7619=AXIS2_PLACEMENT_3D('',#10921,#8794,#8795);
#7620=AXIS2_PLACEMENT_3D('',#10922,#8796,#8797);
#7621=AXIS2_PLACEMENT_3D('',#10924,#8798,#8799);
#7622=AXIS2_PLACEMENT_3D('',#10925,#8800,#8801);
#7623=AXIS2_PLACEMENT_3D('',#10926,#8802,#8803);
#7624=AXIS2_PLACEMENT_3D('',#10928,#8804,#8805);
#7625=AXIS2_PLACEMENT_3D('',#10929,#8806,#8807);
#7626=AXIS2_PLACEMENT_3D('',#10930,#8808,#8809);
#7627=AXIS2_PLACEMENT_3D('',#10934,#8811,#8812);
#7628=AXIS2_PLACEMENT_3D('',#10937,#8814,#8815);
#7629=AXIS2_PLACEMENT_3D('',#10938,#8816,#8817);
#7630=AXIS2_PLACEMENT_3D('',#10939,#8818,#8819);
#7631=AXIS2_PLACEMENT_3D('',#10941,#8820,#8821);
#7632=AXIS2_PLACEMENT_3D('',#10942,#8822,#8823);
#7633=AXIS2_PLACEMENT_3D('',#10943,#8824,#8825);
#7634=AXIS2_PLACEMENT_3D('',#10945,#8826,#8827);
#7635=AXIS2_PLACEMENT_3D('',#10946,#8828,#8829);
#7636=AXIS2_PLACEMENT_3D('',#10947,#8830,#8831);
#7637=AXIS2_PLACEMENT_3D('',#10949,#8832,#8833);
#7638=AXIS2_PLACEMENT_3D('',#10950,#8834,#8835);
#7639=AXIS2_PLACEMENT_3D('',#10951,#8836,#8837);
#7640=AXIS2_PLACEMENT_3D('',#10955,#8839,#8840);
#7641=AXIS2_PLACEMENT_3D('',#10958,#8842,#8843);
#7642=AXIS2_PLACEMENT_3D('',#10959,#8844,#8845);
#7643=AXIS2_PLACEMENT_3D('',#10960,#8846,#8847);
#7644=AXIS2_PLACEMENT_3D('',#10962,#8848,#8849);
#7645=AXIS2_PLACEMENT_3D('',#10963,#8850,#8851);
#7646=AXIS2_PLACEMENT_3D('',#10964,#8852,#8853);
#7647=AXIS2_PLACEMENT_3D('',#10966,#8854,#8855);
#7648=AXIS2_PLACEMENT_3D('',#10967,#8856,#8857);
#7649=AXIS2_PLACEMENT_3D('',#10970,#8860,#8861);
#7650=AXIS2_PLACEMENT_3D('',#10972,#8863,#8864);
#7651=AXIS2_PLACEMENT_3D('',#10974,#8866,#8867);
#7652=AXIS2_PLACEMENT_3D('',#10978,#8870,#8871);
#7653=AXIS2_PLACEMENT_3D('',#10982,#8874,#8875);
#7654=AXIS2_PLACEMENT_3D('',#10984,#8877,#8878);
#7655=AXIS2_PLACEMENT_3D('',#10987,#8881,#8882);
#7656=AXIS2_PLACEMENT_3D('',#10990,#8885,#8886);
#7657=AXIS2_PLACEMENT_3D('',#10991,#8887,#8888);
#7658=AXIS2_PLACEMENT_3D('',#10995,#8891,#8892);
#7659=AXIS2_PLACEMENT_3D('',#10999,#8895,#8896);
#7660=AXIS2_PLACEMENT_3D('',#11001,#8898,#8899);
#7661=AXIS2_PLACEMENT_3D('',#11004,#8902,#8903);
#7662=AXIS2_PLACEMENT_3D('',#11007,#8906,#8907);
#7663=AXIS2_PLACEMENT_3D('',#11008,#8908,#8909);
#7664=AXIS2_PLACEMENT_3D('',#11012,#8912,#8913);
#7665=AXIS2_PLACEMENT_3D('',#11016,#8916,#8917);
#7666=AXIS2_PLACEMENT_3D('',#11018,#8919,#8920);
#7667=AXIS2_PLACEMENT_3D('',#11021,#8923,#8924);
#7668=AXIS2_PLACEMENT_3D('',#11024,#8927,#8928);
#7669=AXIS2_PLACEMENT_3D('',#11025,#8929,#8930);
#7670=AXIS2_PLACEMENT_3D('',#11029,#8933,#8934);
#7671=AXIS2_PLACEMENT_3D('',#11033,#8937,#8938);
#7672=AXIS2_PLACEMENT_3D('',#11035,#8940,#8941);
#7673=AXIS2_PLACEMENT_3D('',#11038,#8944,#8945);
#7674=AXIS2_PLACEMENT_3D('',#11040,#8947,#8948);
#7675=AXIS2_PLACEMENT_3D('',#11041,#8949,#8950);
#7676=AXIS2_PLACEMENT_3D('',#11045,#8953,#8954);
#7677=AXIS2_PLACEMENT_3D('',#11049,#8957,#8958);
#7678=AXIS2_PLACEMENT_3D('',#11051,#8960,#8961);
#7679=AXIS2_PLACEMENT_3D('',#11052,#8962,#8963);
#7680=AXIS2_PLACEMENT_3D('',#11053,#8964,#8965);
#7681=AXIS2_PLACEMENT_3D('',#11054,#8966,#8967);
#7682=AXIS2_PLACEMENT_3D('',#11055,#8968,#8969);
#7683=AXIS2_PLACEMENT_3D('',#11056,#8970,#8971);
#7684=AXIS2_PLACEMENT_3D('',#11057,#8972,#8973);
#7685=AXIS2_PLACEMENT_3D('',#11058,#8974,#8975);
#7686=AXIS2_PLACEMENT_3D('',#11060,#8976,#8977);
#7687=AXIS2_PLACEMENT_3D('',#11062,#8978,#8979);
#7688=AXIS2_PLACEMENT_3D('',#11067,#8981,#8982);
#7689=AXIS2_PLACEMENT_3D('',#11071,#8984,#8985);
#7690=AXIS2_PLACEMENT_3D('',#11075,#8987,#8988);
#7691=AXIS2_PLACEMENT_3D('',#11081,#8991,#8992);
#7692=AXIS2_PLACEMENT_3D('',#11085,#8994,#8995);
#7693=AXIS2_PLACEMENT_3D('',#11089,#8997,#8998);
#7694=AXIS2_PLACEMENT_3D('',#11093,#9000,#9001);
#7695=AXIS2_PLACEMENT_3D('',#11094,#9002,#9003);
#7696=AXIS2_PLACEMENT_3D('',#11095,#9004,#9005);
#7697=AXIS2_PLACEMENT_3D('',#11097,#9006,#9007);
#7698=AXIS2_PLACEMENT_3D('',#11099,#9008,#9009);
#7699=AXIS2_PLACEMENT_3D('',#11104,#9011,#9012);
#7700=AXIS2_PLACEMENT_3D('',#11108,#9014,#9015);
#7701=AXIS2_PLACEMENT_3D('',#11112,#9017,#9018);
#7702=AXIS2_PLACEMENT_3D('',#11115,#9020,#9021);
#7703=AXIS2_PLACEMENT_3D('',#11120,#9023,#9024);
#7704=AXIS2_PLACEMENT_3D('',#11124,#9026,#9027);
#7705=AXIS2_PLACEMENT_3D('',#11128,#9029,#9030);
#7706=AXIS2_PLACEMENT_3D('',#11131,#9032,#9033);
#7707=AXIS2_PLACEMENT_3D('',#11134,#9036,#9037);
#7708=AXIS2_PLACEMENT_3D('',#11136,#9039,#9040);
#7709=AXIS2_PLACEMENT_3D('',#11138,#9042,#9043);
#7710=AXIS2_PLACEMENT_3D('',#11140,#9045,#9046);
#7711=AXIS2_PLACEMENT_3D('',#11142,#9048,#9049);
#7712=AXIS2_PLACEMENT_3D('',#11144,#9051,#9052);
#7713=AXIS2_PLACEMENT_3D('',#11146,#9054,#9055);
#7714=AXIS2_PLACEMENT_3D('',#11147,#9056,#9057);
#7715=AXIS2_PLACEMENT_3D('',#11148,#9058,#9059);
#7716=AXIS2_PLACEMENT_3D('',#11150,#9060,#9061);
#7717=AXIS2_PLACEMENT_3D('',#11152,#9062,#9063);
#7718=AXIS2_PLACEMENT_3D('',#11153,#9064,#9065);
#7719=AXIS2_PLACEMENT_3D('',#11155,#9066,#9067);
#7720=AXIS2_PLACEMENT_3D('',#11157,#9068,#9069);
#7721=AXIS2_PLACEMENT_3D('',#11160,#9071,#9072);
#7722=AXIS2_PLACEMENT_3D('',#11163,#9074,#9075);
#7723=AXIS2_PLACEMENT_3D('',#11167,#9078,#9079);
#7724=AXIS2_PLACEMENT_3D('',#11168,#9080,#9081);
#7725=AXIS2_PLACEMENT_3D('',#11171,#9083,#9084);
#7726=AXIS2_PLACEMENT_3D('',#11175,#9087,#9088);
#7727=AXIS2_PLACEMENT_3D('',#11176,#9089,#9090);
#7728=AXIS2_PLACEMENT_3D('',#11179,#9092,#9093);
#7729=AXIS2_PLACEMENT_3D('',#11183,#9096,#9097);
#7730=AXIS2_PLACEMENT_3D('',#11184,#9098,#9099);
#7731=AXIS2_PLACEMENT_3D('',#11187,#9101,#9102);
#7732=AXIS2_PLACEMENT_3D('',#11189,#9104,#9105);
#7733=AXIS2_PLACEMENT_3D('',#11193,#9107,#9108);
#7734=AXIS2_PLACEMENT_3D('',#11197,#9110,#9111);
#7735=AXIS2_PLACEMENT_3D('',#11201,#9113,#9114);
#7736=AXIS2_PLACEMENT_3D('',#11205,#9116,#9117);
#7737=AXIS2_PLACEMENT_3D('',#11206,#9118,#9119);
#7738=AXIS2_PLACEMENT_3D('',#11210,#9121,#9122);
#7739=AXIS2_PLACEMENT_3D('',#11214,#9124,#9125);
#7740=AXIS2_PLACEMENT_3D('',#11215,#9126,#9127);
#7741=AXIS2_PLACEMENT_3D('',#11221,#9131,#9132);
#7742=AXIS2_PLACEMENT_3D('',#11225,#9134,#9135);
#7743=AXIS2_PLACEMENT_3D('',#11226,#9136,#9137);
#7744=AXIS2_PLACEMENT_3D('',#11227,#9138,#9139);
#7745=AXIS2_PLACEMENT_3D('',#11233,#9143,#9144);
#7746=AXIS2_PLACEMENT_3D('',#11237,#9146,#9147);
#7747=AXIS2_PLACEMENT_3D('',#11238,#9148,#9149);
#7748=AXIS2_PLACEMENT_3D('',#11239,#9150,#9151);
#7749=AXIS2_PLACEMENT_3D('',#11245,#9155,#9156);
#7750=AXIS2_PLACEMENT_3D('',#11249,#9158,#9159);
#7751=AXIS2_PLACEMENT_3D('',#11250,#9160,#9161);
#7752=AXIS2_PLACEMENT_3D('',#11251,#9162,#9163);
#7753=AXIS2_PLACEMENT_3D('',#11254,#9166,#9167);
#7754=AXIS2_PLACEMENT_3D('',#11255,#9168,#9169);
#7755=AXIS2_PLACEMENT_3D('',#11257,#9170,#9171);
#7756=AXIS2_PLACEMENT_3D('',#11258,#9172,#9173);
#7757=AXIS2_PLACEMENT_3D('',#11260,#9174,#9175);
#7758=AXIS2_PLACEMENT_3D('',#11261,#9176,#9177);
#7759=AXIS2_PLACEMENT_3D('',#11263,#9178,#9179);
#7760=AXIS2_PLACEMENT_3D('',#11264,#9180,#9181);
#7761=AXIS2_PLACEMENT_3D('',#11266,#9182,#9183);
#7762=AXIS2_PLACEMENT_3D('',#11267,#9184,#9185);
#7763=AXIS2_PLACEMENT_3D('',#11268,#9186,#9187);
#7764=AXIS2_PLACEMENT_3D('',#11269,#9188,#9189);
#7765=AXIS2_PLACEMENT_3D('',#11270,#9190,#9191);
#7766=AXIS2_PLACEMENT_3D('',#11271,#9192,#9193);
#7767=AXIS2_PLACEMENT_3D('',#11272,#9194,#9195);
#7768=AXIS2_PLACEMENT_3D('',#11273,#9196,#9197);
#7769=AXIS2_PLACEMENT_3D('',#11274,#9198,#9199);
#7770=AXIS2_PLACEMENT_3D('',#11275,#9200,#9201);
#7771=AXIS2_PLACEMENT_3D('',#11276,#9202,#9203);
#7772=AXIS2_PLACEMENT_3D('',#11277,#9204,#9205);
#7773=AXIS2_PLACEMENT_3D('',#11278,#9206,#9207);
#7774=AXIS2_PLACEMENT_3D('',#11279,#9208,#9209);
#7775=AXIS2_PLACEMENT_3D('',#11280,#9210,#9211);
#7776=AXIS2_PLACEMENT_3D('',#11281,#9212,#9213);
#7777=AXIS2_PLACEMENT_3D('',#11282,#9214,#9215);
#7778=AXIS2_PLACEMENT_3D('',#11283,#9216,#9217);
#7779=AXIS2_PLACEMENT_3D('',#11284,#9218,#9219);
#7780=AXIS2_PLACEMENT_3D('',#11285,#9220,#9221);
#7781=AXIS2_PLACEMENT_3D('',#11286,#9222,#9223);
#7782=AXIS2_PLACEMENT_3D('',#11287,#9224,#9225);
#7783=AXIS2_PLACEMENT_3D('',#11288,#9226,#9227);
#7784=AXIS2_PLACEMENT_3D('',#11289,#9228,#9229);
#7785=AXIS2_PLACEMENT_3D('',#11290,#9230,#9231);
#7786=AXIS2_PLACEMENT_3D('',#11291,#9232,#9233);
#7787=AXIS2_PLACEMENT_3D('',#11292,#9234,#9235);
#7788=AXIS2_PLACEMENT_3D('',#11293,#9236,#9237);
#7789=AXIS2_PLACEMENT_3D('',#11294,#9238,#9239);
#7790=AXIS2_PLACEMENT_3D('',#11295,#9240,#9241);
#7791=AXIS2_PLACEMENT_3D('',#11296,#9242,#9243);
#7792=AXIS2_PLACEMENT_3D('',#11297,#9244,#9245);
#7793=AXIS2_PLACEMENT_3D('',#11298,#9246,#9247);
#7794=AXIS2_PLACEMENT_3D('',#11299,#9248,#9249);
#7795=AXIS2_PLACEMENT_3D('',#11300,#9250,#9251);
#7796=AXIS2_PLACEMENT_3D('',#11301,#9252,#9253);
#7797=AXIS2_PLACEMENT_3D('',#11302,#9254,#9255);
#7798=AXIS2_PLACEMENT_3D('',#11303,#9256,#9257);
#7799=AXIS2_PLACEMENT_3D('',#11304,#9258,#9259);
#7800=AXIS2_PLACEMENT_3D('',#11309,#9261,#9262);
#7801=AXIS2_PLACEMENT_3D('',#11312,#9264,#9265);
#7802=AXIS2_PLACEMENT_3D('',#11313,#9266,#9267);
#7803=AXIS2_PLACEMENT_3D('',#11318,#9269,#9270);
#7804=AXIS2_PLACEMENT_3D('',#11321,#9272,#9273);
#7805=AXIS2_PLACEMENT_3D('',#11322,#9274,#9275);
#7806=AXIS2_PLACEMENT_3D('',#11327,#9277,#9278);
#7807=AXIS2_PLACEMENT_3D('',#11331,#9280,#9281);
#7808=AXIS2_PLACEMENT_3D('',#11335,#9283,#9284);
#7809=AXIS2_PLACEMENT_3D('',#11339,#9286,#9287);
#7810=AXIS2_PLACEMENT_3D('',#11340,#9288,#9289);
#7811=AXIS2_PLACEMENT_3D('',#11346,#9293,#9294);
#7812=AXIS2_PLACEMENT_3D('',#11352,#9298,#9299);
#7813=AXIS2_PLACEMENT_3D('',#11364,#9305,#9306);
#7814=AXIS2_PLACEMENT_3D('',#11368,#9308,#9309);
#7815=AXIS2_PLACEMENT_3D('',#11372,#9311,#9312);
#7816=AXIS2_PLACEMENT_3D('',#11374,#9313,#9314);
#7817=AXIS2_PLACEMENT_3D('',#11375,#9315,#9316);
#7818=AXIS2_PLACEMENT_3D('',#11383,#9320,#9321);
#7819=AXIS2_PLACEMENT_3D('',#11385,#9322,#9323);
#7820=AXIS2_PLACEMENT_3D('',#11389,#9325,#9326);
#7821=AXIS2_PLACEMENT_3D('',#11393,#9328,#9329);
#7822=AXIS2_PLACEMENT_3D('',#11398,#9332,#9333);
#7823=AXIS2_PLACEMENT_3D('',#11402,#9335,#9336);
#7824=AXIS2_PLACEMENT_3D('',#11403,#9337,#9338);
#7825=AXIS2_PLACEMENT_3D('',#11404,#9339,#9340);
#7826=AXIS2_PLACEMENT_3D('',#11405,#9341,#9342);
#7827=AXIS2_PLACEMENT_3D('',#11409,#9344,#9345);
#7828=AXIS2_PLACEMENT_3D('',#11410,#9346,#9347);
#7829=AXIS2_PLACEMENT_3D('',#11416,#9351,#9352);
#7830=AXIS2_PLACEMENT_3D('',#11422,#9356,#9357);
#7831=AXIS2_PLACEMENT_3D('',#11423,#9358,#9359);
#7832=AXIS2_PLACEMENT_3D('',#11425,#9360,#9361);
#7833=AXIS2_PLACEMENT_3D('',#11429,#9363,#9364);
#7834=AXIS2_PLACEMENT_3D('',#11433,#9366,#9367);
#7835=AXIS2_PLACEMENT_3D('',#11434,#9368,#9369);
#7836=AXIS2_PLACEMENT_3D('',#11435,#9370,#9371);
#7837=AXIS2_PLACEMENT_3D('',#11439,#9373,#9374);
#7838=AXIS2_PLACEMENT_3D('',#11440,#9375,#9376);
#7839=AXIS2_PLACEMENT_3D('',#11441,#9377,#9378);
#7840=AXIS2_PLACEMENT_3D('',#11450,#9383,#9384);
#7841=AXIS2_PLACEMENT_3D('',#11456,#9388,#9389);
#7842=AXIS2_PLACEMENT_3D('',#11457,#9390,#9391);
#7843=AXIS2_PLACEMENT_3D('',#11458,#9392,#9393);
#7844=AXIS2_PLACEMENT_3D('',#11459,#9394,#9395);
#7845=AXIS2_PLACEMENT_3D('',#11463,#9397,#9398);
#7846=AXIS2_PLACEMENT_3D('',#11464,#9399,#9400);
#7847=AXIS2_PLACEMENT_3D('',#11471,#9404,#9405);
#7848=AXIS2_PLACEMENT_3D('',#11473,#9406,#9407);
#7849=AXIS2_PLACEMENT_3D('',#11477,#9409,#9410);
#7850=AXIS2_PLACEMENT_3D('',#11481,#9412,#9413);
#7851=AXIS2_PLACEMENT_3D('',#11484,#9415,#9416);
#7852=AXIS2_PLACEMENT_3D('',#11496,#9422,#9423);
#7853=AXIS2_PLACEMENT_3D('',#11500,#9425,#9426);
#7854=AXIS2_PLACEMENT_3D('',#11504,#9428,#9429);
#7855=AXIS2_PLACEMENT_3D('',#11506,#9430,#9431);
#7856=AXIS2_PLACEMENT_3D('',#11507,#9432,#9433);
#7857=AXIS2_PLACEMENT_3D('',#11508,#9434,#9435);
#7858=AXIS2_PLACEMENT_3D('',#11512,#9437,#9438);
#7859=AXIS2_PLACEMENT_3D('',#11513,#9439,#9440);
#7860=AXIS2_PLACEMENT_3D('',#11516,#9442,#9443);
#7861=AXIS2_PLACEMENT_3D('',#11520,#9445,#9446);
#7862=AXIS2_PLACEMENT_3D('',#11526,#9450,#9451);
#7863=AXIS2_PLACEMENT_3D('',#11530,#9454,#9455);
#7864=AXIS2_PLACEMENT_3D('',#11531,#9456,#9457);
#7865=AXIS2_PLACEMENT_3D('',#11532,#9458,#9459);
#7866=AXIS2_PLACEMENT_3D('',#11533,#9460,#9461);
#7867=AXIS2_PLACEMENT_3D('',#11536,#9464,#9465);
#7868=AXIS2_PLACEMENT_3D('',#11537,#9466,#9467);
#7869=AXIS2_PLACEMENT_3D('',#11539,#9468,#9469);
#7870=AXIS2_PLACEMENT_3D('',#11541,#9470,#9471);
#7871=AXIS2_PLACEMENT_3D('',#11544,#9474,#9475);
#7872=AXIS2_PLACEMENT_3D('',#11547,#9478,#9479);
#7873=AXIS2_PLACEMENT_3D('',#11548,#9480,#9481);
#7874=AXIS2_PLACEMENT_3D('',#11551,#9484,#9485);
#7875=AXIS2_PLACEMENT_3D('',#11553,#9487,#9488);
#7876=AXIS2_PLACEMENT_3D('',#11555,#9490,#9491);
#7877=AXIS2_PLACEMENT_3D('',#11558,#9494,#9495);
#7878=AXIS2_PLACEMENT_3D('',#11559,#9496,#9497);
#7879=AXIS2_PLACEMENT_3D('',#11561,#9499,#9500);
#7880=AXIS2_PLACEMENT_3D('',#11563,#9502,#9503);
#7881=AXIS2_PLACEMENT_3D('',#11565,#9505,#9506);
#7882=AXIS2_PLACEMENT_3D('',#11567,#9508,#9509);
#7883=AXIS2_PLACEMENT_3D('',#11569,#9511,#9512);
#7884=AXIS2_PLACEMENT_3D('',#11571,#9514,#9515);
#7885=AXIS2_PLACEMENT_3D('',#11573,#9517,#9518);
#7886=AXIS2_PLACEMENT_3D('',#11574,#9519,#9520);
#7887=AXIS2_PLACEMENT_3D('',#11577,#9523,#9524);
#7888=AXIS2_PLACEMENT_3D('',#11579,#9526,#9527);
#7889=AXIS2_PLACEMENT_3D('',#11581,#9529,#9530);
#7890=AXIS2_PLACEMENT_3D('',#11583,#9532,#9533);
#7891=AXIS2_PLACEMENT_3D('',#11585,#9535,#9536);
#7892=AXIS2_PLACEMENT_3D('',#11587,#9538,#9539);
#7893=AXIS2_PLACEMENT_3D('',#11588,#9540,#9541);
#7894=AXIS2_PLACEMENT_3D('',#11589,#9542,#9543);
#7895=AXIS2_PLACEMENT_3D('',#11592,#9546,#9547);
#7896=AXIS2_PLACEMENT_3D('',#11593,#9548,#9549);
#7897=AXIS2_PLACEMENT_3D('',#11595,#9550,#9551);
#7898=AXIS2_PLACEMENT_3D('',#11596,#9552,#9553);
#7899=AXIS2_PLACEMENT_3D('',#11598,#9554,#9555);
#7900=AXIS2_PLACEMENT_3D('',#11600,#9556,#9557);
#7901=AXIS2_PLACEMENT_3D('',#11601,#9558,#9559);
#7902=AXIS2_PLACEMENT_3D('',#11602,#9560,#9561);
#7903=AXIS2_PLACEMENT_3D('',#11603,#9562,#9563);
#7904=AXIS2_PLACEMENT_3D('',#11604,#9564,#9565);
#7905=AXIS2_PLACEMENT_3D('',#11605,#9566,#9567);
#7906=AXIS2_PLACEMENT_3D('',#11606,#9568,#9569);
#7907=AXIS2_PLACEMENT_3D('',#11607,#9570,#9571);
#7908=AXIS2_PLACEMENT_3D('',#11608,#9572,#9573);
#7909=AXIS2_PLACEMENT_3D('',#11609,#9574,#9575);
#7910=AXIS2_PLACEMENT_3D('',#11610,#9576,#9577);
#7911=AXIS2_PLACEMENT_3D('',#11614,#9579,#9580);
#7912=AXIS2_PLACEMENT_3D('',#11618,#9582,#9583);
#7913=AXIS2_PLACEMENT_3D('',#11619,#9584,#9585);
#7914=AXIS2_PLACEMENT_3D('',#11624,#9588,#9589);
#7915=AXIS2_PLACEMENT_3D('',#11625,#9590,#9591);
#7916=AXIS2_PLACEMENT_3D('',#11636,#9594,#9595);
#7917=AXIS2_PLACEMENT_3D('',#11637,#9596,#9597);
#7918=AXIS2_PLACEMENT_3D('',#11670,#9598,#9599);
#7919=AXIS2_PLACEMENT_3D('',#11671,#9600,#9601);
#7920=AXIS2_PLACEMENT_3D('',#11687,#9602,#9603);
#7921=AXIS2_PLACEMENT_3D('',#11703,#9604,#9605);
#7922=AXIS2_PLACEMENT_3D('',#11704,#9606,#9607);
#7923=AXIS2_PLACEMENT_3D('',#11705,#9608,#9609);
#7924=AXIS2_PLACEMENT_3D('',#11709,#9611,#9612);
#7925=AXIS2_PLACEMENT_3D('',#11712,#9614,#9615);
#7926=AXIS2_PLACEMENT_3D('',#11715,#9618,#9619);
#7927=AXIS2_PLACEMENT_3D('',#11716,#9620,#9621);
#7928=AXIS2_PLACEMENT_3D('',#11718,#9622,#9623);
#7929=AXIS2_PLACEMENT_3D('',#11719,#9624,#9625);
#7930=AXIS2_PLACEMENT_3D('',#11721,#9626,#9627);
#7931=AXIS2_PLACEMENT_3D('',#11722,#9628,#9629);
#7932=AXIS2_PLACEMENT_3D('',#11723,#9630,#9631);
#7933=AXIS2_PLACEMENT_3D('',#11724,#9632,#9633);
#7934=AXIS2_PLACEMENT_3D('',#11725,#9634,#9635);
#7935=AXIS2_PLACEMENT_3D('',#11729,#9637,#9638);
#7936=AXIS2_PLACEMENT_3D('',#11733,#9640,#9641);
#7937=AXIS2_PLACEMENT_3D('',#11734,#9642,#9643);
#7938=AXIS2_PLACEMENT_3D('',#11738,#9645,#9646);
#7939=AXIS2_PLACEMENT_3D('',#11742,#9648,#9649);
#7940=AXIS2_PLACEMENT_3D('',#11743,#9650,#9651);
#7941=AXIS2_PLACEMENT_3D('',#11748,#9654,#9655);
#7942=AXIS2_PLACEMENT_3D('',#11749,#9656,#9657);
#7943=AXIS2_PLACEMENT_3D('',#11752,#9659,#9660);
#7944=AXIS2_PLACEMENT_3D('',#11755,#9662,#9663);
#7945=AXIS2_PLACEMENT_3D('',#11788,#9664,#9665);
#7946=AXIS2_PLACEMENT_3D('',#11789,#9666,#9667);
#7947=AXIS2_PLACEMENT_3D('',#11805,#9668,#9669);
#7948=AXIS2_PLACEMENT_3D('',#11821,#9670,#9671);
#7949=AXIS2_PLACEMENT_3D('',#11822,#9672,#9673);
#7950=AXIS2_PLACEMENT_3D('',#11823,#9674,#9675);
#7951=AXIS2_PLACEMENT_3D('',#11825,#9676,#9677);
#7952=AXIS2_PLACEMENT_3D('',#11827,#9678,#9679);
#7953=AXIS2_PLACEMENT_3D('',#11830,#9682,#9683);
#7954=AXIS2_PLACEMENT_3D('',#11831,#9684,#9685);
#7955=AXIS2_PLACEMENT_3D('',#11833,#9686,#9687);
#7956=AXIS2_PLACEMENT_3D('',#11834,#9688,#9689);
#7957=AXIS2_PLACEMENT_3D('',#11836,#9690,#9691);
#7958=AXIS2_PLACEMENT_3D('',#11837,#9692,#9693);
#7959=AXIS2_PLACEMENT_3D('',#11838,#9694,#9695);
#7960=AXIS2_PLACEMENT_3D('',#11839,#9696,#9697);
#7961=AXIS2_PLACEMENT_3D('',#11840,#9698,#9699);
#7962=AXIS2_PLACEMENT_3D('',#11844,#9701,#9702);
#7963=AXIS2_PLACEMENT_3D('',#11848,#9704,#9705);
#7964=AXIS2_PLACEMENT_3D('',#11849,#9706,#9707);
#7965=AXIS2_PLACEMENT_3D('',#11853,#9709,#9710);
#7966=AXIS2_PLACEMENT_3D('',#11857,#9712,#9713);
#7967=AXIS2_PLACEMENT_3D('',#11858,#9714,#9715);
#7968=AXIS2_PLACEMENT_3D('',#11863,#9718,#9719);
#7969=AXIS2_PLACEMENT_3D('',#11864,#9720,#9721);
#7970=AXIS2_PLACEMENT_3D('',#11867,#9723,#9724);
#7971=AXIS2_PLACEMENT_3D('',#11870,#9726,#9727);
#7972=AXIS2_PLACEMENT_3D('',#11903,#9728,#9729);
#7973=AXIS2_PLACEMENT_3D('',#11904,#9730,#9731);
#7974=AXIS2_PLACEMENT_3D('',#11920,#9732,#9733);
#7975=AXIS2_PLACEMENT_3D('',#11936,#9734,#9735);
#7976=AXIS2_PLACEMENT_3D('',#11937,#9736,#9737);
#7977=AXIS2_PLACEMENT_3D('',#11938,#9738,#9739);
#7978=AXIS2_PLACEMENT_3D('',#11940,#9740,#9741);
#7979=AXIS2_PLACEMENT_3D('',#11942,#9742,#9743);
#7980=AXIS2_PLACEMENT_3D('',#11945,#9746,#9747);
#7981=AXIS2_PLACEMENT_3D('',#11946,#9748,#9749);
#7982=AXIS2_PLACEMENT_3D('',#11948,#9750,#9751);
#7983=AXIS2_PLACEMENT_3D('',#11949,#9752,#9753);
#7984=AXIS2_PLACEMENT_3D('',#11951,#9754,#9755);
#7985=AXIS2_PLACEMENT_3D('',#11952,#9756,#9757);
#7986=AXIS2_PLACEMENT_3D('',#11953,#9758,#9759);
#7987=AXIS2_PLACEMENT_3D('',#11954,#9760,#9761);
#7988=AXIS2_PLACEMENT_3D('',#11955,#9762,#9763);
#7989=AXIS2_PLACEMENT_3D('',#11956,#9764,#9765);
#7990=AXIS2_PLACEMENT_3D('',#11957,#9766,#9767);
#7991=AXIS2_PLACEMENT_3D('',#11958,#9768,#9769);
#7992=AXIS2_PLACEMENT_3D('',#11959,#9770,#9771);
#7993=AXIS2_PLACEMENT_3D('',#11960,#9772,#9773);
#7994=AXIS2_PLACEMENT_3D('',#11961,#9774,#9775);
#7995=AXIS2_PLACEMENT_3D('',#11962,#9776,#9777);
#7996=AXIS2_PLACEMENT_3D('',#11963,#9778,#9779);
#7997=AXIS2_PLACEMENT_3D('',#11964,#9780,#9781);
#7998=AXIS2_PLACEMENT_3D('',#11965,#9782,#9783);
#7999=AXIS2_PLACEMENT_3D('',#11966,#9784,#9785);
#8000=AXIS2_PLACEMENT_3D('',#11967,#9786,#9787);
#8001=AXIS2_PLACEMENT_3D('',#11976,#9792,#9793);
#8002=AXIS2_PLACEMENT_3D('',#11982,#9797,#9798);
#8003=AXIS2_PLACEMENT_3D('',#11986,#9801,#9802);
#8004=AXIS2_PLACEMENT_3D('',#11990,#9805,#9806);
#8005=AXIS2_PLACEMENT_3D('',#11999,#9811,#9812);
#8006=AXIS2_PLACEMENT_3D('',#12003,#9814,#9815);
#8007=AXIS2_PLACEMENT_3D('',#12041,#9835,#9836);
#8008=AXIS2_PLACEMENT_3D('',#12042,#9837,#9838);
#8009=AXIS2_PLACEMENT_3D('',#12048,#9842,#9843);
#8010=AXIS2_PLACEMENT_3D('',#12052,#9845,#9846);
#8011=AXIS2_PLACEMENT_3D('',#12053,#9847,#9848);
#8012=AXIS2_PLACEMENT_3D('',#12054,#9849,#9850);
#8013=AXIS2_PLACEMENT_3D('',#12060,#9854,#9855);
#8014=AXIS2_PLACEMENT_3D('',#12064,#9857,#9858);
#8015=AXIS2_PLACEMENT_3D('',#12068,#9860,#9861);
#8016=AXIS2_PLACEMENT_3D('',#12110,#9883,#9884);
#8017=AXIS2_PLACEMENT_3D('',#12116,#9888,#9889);
#8018=AXIS2_PLACEMENT_3D('',#12117,#9890,#9891);
#8019=AXIS2_PLACEMENT_3D('',#12118,#9892,#9893);
#8020=AXIS2_PLACEMENT_3D('',#12119,#9894,#9895);
#8021=AXIS2_PLACEMENT_3D('',#12122,#9897,#9898);
#8022=AXIS2_PLACEMENT_3D('',#12127,#9901,#9902);
#8023=AXIS2_PLACEMENT_3D('',#12130,#9904,#9905);
#8024=AXIS2_PLACEMENT_3D('',#12139,#9910,#9911);
#8025=AXIS2_PLACEMENT_3D('',#12146,#9916,#9917);
#8026=AXIS2_PLACEMENT_3D('',#12153,#9922,#9923);
#8027=AXIS2_PLACEMENT_3D('',#12154,#9924,#9925);
#8028=AXIS2_PLACEMENT_3D('',#12164,#9931,#9932);
#8029=AXIS2_PLACEMENT_3D('',#12170,#9936,#9937);
#8030=AXIS2_PLACEMENT_3D('',#12173,#9940,#9941);
#8031=AXIS2_PLACEMENT_3D('',#12174,#9942,#9943);
#8032=AXIS2_PLACEMENT_3D('',#12183,#9948,#9949);
#8033=AXIS2_PLACEMENT_3D('',#12186,#9952,#9953);
#8034=AXIS2_PLACEMENT_3D('',#12193,#9958,#9959);
#8035=AXIS2_PLACEMENT_3D('',#12194,#9960,#9961);
#8036=AXIS2_PLACEMENT_3D('',#12203,#9966,#9967);
#8037=AXIS2_PLACEMENT_3D('',#12210,#9972,#9973);
#8038=AXIS2_PLACEMENT_3D('',#12217,#9978,#9979);
#8039=AXIS2_PLACEMENT_3D('',#12218,#9980,#9981);
#8040=AXIS2_PLACEMENT_3D('',#12227,#9986,#9987);
#8041=AXIS2_PLACEMENT_3D('',#12234,#9992,#9993);
#8042=AXIS2_PLACEMENT_3D('',#12241,#9998,#9999);
#8043=AXIS2_PLACEMENT_3D('',#12242,#10000,#10001);
#8044=AXIS2_PLACEMENT_3D('',#12244,#10003,#10004);
#8045=AXIS2_PLACEMENT_3D('',#12254,#10010,#10011);
#8046=AXIS2_PLACEMENT_3D('',#12256,#10013,#10014);
#8047=AXIS2_PLACEMENT_3D('',#12266,#10020,#10021);
#8048=AXIS2_PLACEMENT_3D('',#12268,#10023,#10024);
#8049=AXIS2_PLACEMENT_3D('',#12278,#10030,#10031);
#8050=AXIS2_PLACEMENT_3D('',#12289,#10038,#10039);
#8051=AXIS2_PLACEMENT_3D('',#12290,#10040,#10041);
#8052=AXIS2_PLACEMENT_3D('',#12293,#10044,#10045);
#8053=AXIS2_PLACEMENT_3D('',#12296,#10048,#10049);
#8054=AXIS2_PLACEMENT_3D('',#12297,#10050,#10051);
#8055=AXIS2_PLACEMENT_3D('',#12300,#10054,#10055);
#8056=AXIS2_PLACEMENT_3D('',#12303,#10058,#10059);
#8057=AXIS2_PLACEMENT_3D('',#12304,#10060,#10061);
#8058=AXIS2_PLACEMENT_3D('',#12307,#10064,#10065);
#8059=AXIS2_PLACEMENT_3D('',#12310,#10068,#10069);
#8060=AXIS2_PLACEMENT_3D('',#12311,#10070,#10071);
#8061=AXIS2_PLACEMENT_3D('',#12314,#10074,#10075);
#8062=AXIS2_PLACEMENT_3D('',#12317,#10078,#10079);
#8063=AXIS2_PLACEMENT_3D('',#12318,#10080,#10081);
#8064=AXIS2_PLACEMENT_3D('',#12319,#10082,#10083);
#8065=AXIS2_PLACEMENT_3D('',#12320,#10084,#10085);
#8066=AXIS2_PLACEMENT_3D('',#12321,#10086,#10087);
#8067=AXIS2_PLACEMENT_3D('',#12322,#10088,#10089);
#8068=AXIS2_PLACEMENT_3D('',#12323,#10090,#10091);
#8069=AXIS2_PLACEMENT_3D('',#12324,#10092,#10093);
#8070=AXIS2_PLACEMENT_3D('',#12325,#10094,#10095);
#8071=AXIS2_PLACEMENT_3D('',#12326,#10096,#10097);
#8072=AXIS2_PLACEMENT_3D('',#12327,#10098,#10099);
#8073=AXIS2_PLACEMENT_3D('',#12328,#10100,#10101);
#8074=AXIS2_PLACEMENT_3D('',#12329,#10102,#10103);
#8075=AXIS2_PLACEMENT_3D('',#12330,#10104,#10105);
#8076=AXIS2_PLACEMENT_3D('',#12331,#10106,#10107);
#8077=AXIS2_PLACEMENT_3D('',#12332,#10108,#10109);
#8078=AXIS2_PLACEMENT_3D('',#12333,#10110,#10111);
#8079=AXIS2_PLACEMENT_3D('',#12334,#10112,#10113);
#8080=AXIS2_PLACEMENT_3D('',#12335,#10114,#10115);
#8081=AXIS2_PLACEMENT_3D('',#12343,#10116,#10117);
#8082=AXIS2_PLACEMENT_3D('',#12354,#10118,#10119);
#8083=AXIS2_PLACEMENT_3D('',#12355,#10120,#10121);
#8084=AXIS2_PLACEMENT_3D('',#12514,#10123,#10124);
#8085=AXIS2_PLACEMENT_3D('',#12534,#10125,#10126);
#8086=AXIS2_PLACEMENT_3D('',#12535,#10127,#10128);
#8087=AXIS2_PLACEMENT_3D('',#12783,#10129,#10130);
#8088=AXIS2_PLACEMENT_3D('',#12784,#10131,#10132);
#8089=AXIS2_PLACEMENT_3D('',#12802,#10133,#10134);
#8090=AXIS2_PLACEMENT_3D('',#12826,#10135,#10136);
#8091=AXIS2_PLACEMENT_3D('',#12840,#10140,#10141);
#8092=AXIS2_PLACEMENT_3D('',#12852,#10144,#10145);
#8093=AXIS2_PLACEMENT_3D('',#12863,#10148,#10149);
#8094=AXIS2_PLACEMENT_3D('',#12874,#10152,#10153);
#8095=AXIS2_PLACEMENT_3D('',#12886,#10156,#10157);
#8096=AXIS2_PLACEMENT_3D('',#12894,#10159,#10160);
#8097=AXIS2_PLACEMENT_3D('',#12895,#10161,#10162);
#8098=AXIS2_PLACEMENT_3D('',#12896,#10163,#10164);
#8099=AXIS2_PLACEMENT_3D('',#13371,#10165,#10166);
#8100=AXIS2_PLACEMENT_3D('',#13863,#10167,#10168);
#8101=AXIS2_PLACEMENT_3D('',#13865,#10170,#10171);
#8102=AXIS2_PLACEMENT_3D('',#13867,#10173,#10174);
#8103=AXIS2_PLACEMENT_3D('',#13868,#10175,#10176);
#8104=AXIS2_PLACEMENT_3D('',#14281,#10177,#10178);
#8105=AXIS2_PLACEMENT_3D('',#14282,#10179,#10180);
#8106=AXIS2_PLACEMENT_3D('',#14283,#10181,#10182);
#8107=AXIS2_PLACEMENT_3D('',#14284,#10183,#10184);
#8108=DIRECTION('',(0.,0.,1.));
#8109=DIRECTION('',(1.,0.,0.));
#8110=DIRECTION('',(-1.,0.,0.));
#8111=DIRECTION('',(0.,0.,1.));
#8112=DIRECTION('',(-1.,0.,0.));
#8113=DIRECTION('',(0.,0.,1.));
#8114=DIRECTION('',(-1.,4.87907091293771E-19,0.));
#8115=DIRECTION('',(-4.87907091293771E-19,-1.,0.));
#8116=DIRECTION('',(-1.,0.,0.));
#8117=DIRECTION('',(0.,0.,1.));
#8118=DIRECTION('',(-1.,0.,0.));
#8119=DIRECTION('',(0.,0.,1.));
#8120=DIRECTION('',(-1.,4.87907091293771E-19,0.));
#8121=DIRECTION('',(-4.87907091293771E-19,-1.,0.));
#8122=DIRECTION('',(-1.,0.,0.));
#8123=DIRECTION('',(0.,0.,1.));
#8124=DIRECTION('',(-1.,0.,0.));
#8125=DIRECTION('',(0.,0.,1.));
#8126=DIRECTION('',(-1.,4.87907091293771E-19,0.));
#8127=DIRECTION('',(-4.87907091293771E-19,-1.,0.));
#8128=DIRECTION('',(-1.,0.,0.));
#8129=DIRECTION('',(0.,0.,1.));
#8130=DIRECTION('',(-1.,0.,0.));
#8131=DIRECTION('',(0.,0.,1.));
#8132=DIRECTION('',(-1.,4.87907091293771E-19,0.));
#8133=DIRECTION('',(-4.87907091293771E-19,-1.,0.));
#8134=DIRECTION('',(-1.,0.,0.));
#8135=DIRECTION('',(0.,0.,1.));
#8136=DIRECTION('',(-1.,0.,0.));
#8137=DIRECTION('',(0.,0.,1.));
#8138=DIRECTION('',(-1.,4.87907091293771E-19,0.));
#8139=DIRECTION('',(-4.87907091293771E-19,-1.,0.));
#8140=DIRECTION('',(-1.,0.,0.));
#8141=DIRECTION('',(0.,0.,1.));
#8142=DIRECTION('',(-1.,0.,0.));
#8143=DIRECTION('',(0.,0.,1.));
#8144=DIRECTION('',(-1.,4.87907091293771E-19,0.));
#8145=DIRECTION('',(-4.87907091293771E-19,-1.,0.));
#8146=DIRECTION('',(-1.,0.,0.));
#8147=DIRECTION('',(0.,0.,1.));
#8148=DIRECTION('',(-1.,0.,0.));
#8149=DIRECTION('',(0.,0.,1.));
#8150=DIRECTION('',(-1.,4.87907091293771E-19,0.));
#8151=DIRECTION('',(-4.87907091293771E-19,-1.,0.));
#8152=DIRECTION('',(-1.,0.,0.));
#8153=DIRECTION('',(0.,0.,1.));
#8154=DIRECTION('',(-1.,0.,0.));
#8155=DIRECTION('',(0.,0.,1.));
#8156=DIRECTION('',(-1.,4.87907091293771E-19,0.));
#8157=DIRECTION('',(-4.87907091293771E-19,-1.,0.));
#8158=DIRECTION('',(-1.,0.,0.));
#8159=DIRECTION('',(0.,0.,1.));
#8160=DIRECTION('',(-1.,0.,0.));
#8161=DIRECTION('',(0.,0.,1.));
#8162=DIRECTION('',(-1.,4.87907091293771E-19,0.));
#8163=DIRECTION('',(-4.87907091293771E-19,-1.,0.));
#8164=DIRECTION('',(-1.,0.,0.));
#8165=DIRECTION('',(0.,0.,1.));
#8166=DIRECTION('',(-1.,0.,0.));
#8167=DIRECTION('',(0.,0.,1.));
#8168=DIRECTION('',(-1.,4.87907091293771E-19,0.));
#8169=DIRECTION('',(-4.87907091293771E-19,-1.,0.));
#8170=DIRECTION('',(-1.,0.,0.));
#8171=DIRECTION('',(0.,0.,1.));
#8172=DIRECTION('',(-1.,0.,0.));
#8173=DIRECTION('',(0.,0.,1.));
#8174=DIRECTION('',(-1.,4.87907091293771E-19,0.));
#8175=DIRECTION('',(-4.87907091293771E-19,-1.,0.));
#8176=DIRECTION('',(-1.,0.,0.));
#8177=DIRECTION('',(0.,0.,1.));
#8178=DIRECTION('',(-1.,0.,0.));
#8179=DIRECTION('',(0.,0.,1.));
#8180=DIRECTION('',(-1.,4.87907091293771E-19,0.));
#8181=DIRECTION('',(-4.87907091293771E-19,-1.,0.));
#8182=DIRECTION('',(-1.,0.,0.));
#8183=DIRECTION('',(0.,0.,1.));
#8184=DIRECTION('',(-1.,0.,0.));
#8185=DIRECTION('',(0.,0.,1.));
#8186=DIRECTION('',(-1.,4.87907091293771E-19,0.));
#8187=DIRECTION('',(-4.87907091293771E-19,-1.,0.));
#8188=DIRECTION('',(-1.,0.,0.));
#8189=DIRECTION('',(0.,0.,1.));
#8190=DIRECTION('',(-1.,0.,0.));
#8191=DIRECTION('',(0.,0.,1.));
#8192=DIRECTION('',(-1.,4.87907091293771E-19,0.));
#8193=DIRECTION('',(-4.87907091293771E-19,-1.,0.));
#8194=DIRECTION('',(-1.,0.,0.));
#8195=DIRECTION('',(0.,0.,1.));
#8196=DIRECTION('',(-1.,0.,0.));
#8197=DIRECTION('',(0.,0.,1.));
#8198=DIRECTION('',(-1.,4.87907091293771E-19,0.));
#8199=DIRECTION('',(-4.87907091293771E-19,-1.,0.));
#8200=DIRECTION('',(-1.,0.,0.));
#8201=DIRECTION('',(0.,0.,1.));
#8202=DIRECTION('',(0.,0.,1.));
#8203=DIRECTION('',(-1.22464679914735E-16,-1.,0.));
#8204=DIRECTION('',(0.,0.,1.));
#8205=DIRECTION('',(-1.22464679914735E-16,-1.,0.));
#8206=DIRECTION('',(-1.,0.,0.));
#8207=DIRECTION('',(0.,0.,1.));
#8208=DIRECTION('',(0.,0.,1.));
#8209=DIRECTION('',(-1.22464679914735E-16,-1.,0.));
#8210=DIRECTION('',(0.,0.,1.));
#8211=DIRECTION('',(-1.22464679914735E-16,-1.,0.));
#8212=DIRECTION('',(-1.,0.,0.));
#8213=DIRECTION('',(0.,0.,1.));
#8214=DIRECTION('',(0.,0.,1.));
#8215=DIRECTION('',(-1.22464679914735E-16,-1.,0.));
#8216=DIRECTION('',(0.,0.,1.));
#8217=DIRECTION('',(-1.22464679914735E-16,-1.,0.));
#8218=DIRECTION('',(-1.,0.,0.));
#8219=DIRECTION('',(0.,0.,1.));
#8220=DIRECTION('',(0.,0.,1.));
#8221=DIRECTION('',(-1.22464679914735E-16,-1.,0.));
#8222=DIRECTION('',(0.,0.,1.));
#8223=DIRECTION('',(-1.22464679914735E-16,-1.,0.));
#8224=DIRECTION('',(-1.,0.,0.));
#8225=DIRECTION('',(0.,0.,1.));
#8226=DIRECTION('',(0.,0.,1.));
#8227=DIRECTION('',(-1.22464679914735E-16,-1.,0.));
#8228=DIRECTION('',(0.,0.,1.));
#8229=DIRECTION('',(-1.22464679914735E-16,-1.,0.));
#8230=DIRECTION('',(-1.,0.,0.));
#8231=DIRECTION('',(0.,0.,1.));
#8232=DIRECTION('',(0.,0.,1.));
#8233=DIRECTION('',(-1.22464679914735E-16,-1.,0.));
#8234=DIRECTION('',(0.,0.,1.));
#8235=DIRECTION('',(-1.22464679914735E-16,-1.,0.));
#8236=DIRECTION('',(-1.,0.,0.));
#8237=DIRECTION('',(0.,0.,1.));
#8238=DIRECTION('',(0.,0.,1.));
#8239=DIRECTION('',(-1.22464679914735E-16,-1.,0.));
#8240=DIRECTION('',(0.,0.,1.));
#8241=DIRECTION('',(-1.22464679914735E-16,-1.,0.));
#8242=DIRECTION('',(-1.,0.,0.));
#8243=DIRECTION('',(0.,0.,1.));
#8244=DIRECTION('',(0.,0.,1.));
#8245=DIRECTION('',(-1.22464679914735E-16,-1.,0.));
#8246=DIRECTION('',(0.,0.,1.));
#8247=DIRECTION('',(-1.22464679914735E-16,-1.,0.));
#8248=DIRECTION('',(-1.,0.,0.));
#8249=DIRECTION('',(0.,0.,1.));
#8250=DIRECTION('',(0.,0.,1.));
#8251=DIRECTION('',(-1.22464679914735E-16,-1.,0.));
#8252=DIRECTION('',(0.,0.,1.));
#8253=DIRECTION('',(0.,-1.,-2.79794109028517E-16));
#8254=DIRECTION('',(1.,0.,0.));
#8255=DIRECTION('',(0.,0.,1.));
#8256=DIRECTION('',(0.,0.,1.));
#8257=DIRECTION('',(1.,0.,0.));
#8258=DIRECTION('',(0.,0.,1.));
#8259=DIRECTION('',(0.,1.,0.));
#8260=DIRECTION('',(0.,0.,1.));
#8261=DIRECTION('',(-1.22464679914735E-16,-1.,0.));
#8262=DIRECTION('',(0.,0.,1.));
#8263=DIRECTION('',(-1.22464679914735E-16,-1.,0.));
#8264=DIRECTION('',(0.,0.,1.));
#8265=DIRECTION('',(0.,-1.,0.));
#8266=DIRECTION('',(0.,0.,1.));
#8267=DIRECTION('',(0.,1.,0.));
#8268=DIRECTION('',(0.,0.,-1.));
#8269=DIRECTION('',(0.,1.,0.));
#8270=DIRECTION('',(0.,0.,1.));
#8271=DIRECTION('',(0.,-1.,-2.79794109028517E-16));
#8272=DIRECTION('',(-1.,0.,0.));
#8273=DIRECTION('',(0.,0.,1.));
#8274=DIRECTION('',(0.,0.,-1.));
#8275=DIRECTION('',(-1.,0.,0.));
#8276=DIRECTION('',(0.,0.,1.));
#8277=DIRECTION('',(0.,1.,-2.79794109028517E-16));
#8278=DIRECTION('',(0.,0.,1.));
#8279=DIRECTION('',(0.,1.,0.));
#8280=DIRECTION('',(0.,0.,1.));
#8281=DIRECTION('',(0.,1.,0.));
#8282=DIRECTION('',(0.,0.,1.));
#8283=DIRECTION('',(0.,-1.,0.));
#8284=DIRECTION('',(0.,0.,1.));
#8285=DIRECTION('',(-1.22464679914735E-16,-1.,0.));
#8286=DIRECTION('',(1.,-2.93915231795366E-18,0.));
#8287=DIRECTION('',(2.93915231795366E-18,1.,0.));
#8288=DIRECTION('',(0.,0.,1.));
#8289=DIRECTION('',(-1.,2.93915231795366E-18,0.));
#8290=DIRECTION('',(2.93915231795366E-18,1.,0.));
#8291=DIRECTION('',(2.93915231795366E-18,1.,0.));
#8292=DIRECTION('',(0.,0.,1.));
#8293=DIRECTION('',(-1.22464679914735E-16,-1.,0.));
#8294=DIRECTION('',(0.,0.,-1.));
#8295=DIRECTION('',(-1.22464679914735E-16,-1.,0.));
#8296=DIRECTION('',(0.,0.,1.));
#8297=DIRECTION('',(-1.22464679914735E-16,-1.,0.));
#8298=DIRECTION('',(0.,0.,1.));
#8299=DIRECTION('',(-1.22464679914735E-16,-1.,0.));
#8300=DIRECTION('',(0.,0.,1.));
#8301=DIRECTION('',(2.93915231795366E-18,1.,0.));
#8302=DIRECTION('',(-1.,2.93915231795366E-18,0.));
#8303=DIRECTION('',(2.93915231795366E-18,1.,1.38777878078145E-14));
#8304=DIRECTION('',(-1.,0.,0.));
#8305=DIRECTION('',(0.,0.,1.));
#8306=DIRECTION('',(1.,0.,0.));
#8307=DIRECTION('',(0.,0.,-1.));
#8308=DIRECTION('',(-1.,4.87907091293771E-19,0.));
#8309=DIRECTION('',(-4.87907091293771E-19,-1.,0.));
#8310=DIRECTION('',(4.80494686255741E-19,0.984807753012208,0.173648177666932));
#8311=DIRECTION('',(-1.,4.87907091293771E-19,0.));
#8312=DIRECTION('',(-4.87907091293771E-19,-1.,0.));
#8313=DIRECTION('',(7.55821089687446E-35,1.30710358190406E-16,1.));
#8314=DIRECTION('',(-1.,4.87907091293771E-19,0.));
#8315=DIRECTION('',(-4.87907091293771E-19,-1.,0.));
#8316=DIRECTION('',(-4.80494686255741E-19,-0.984807753012208,0.173648177666932));
#8317=DIRECTION('',(-1.,4.87907091293771E-19,0.));
#8318=DIRECTION('',(-4.87907091293771E-19,-1.,0.));
#8319=DIRECTION('',(-1.39317848986345E-34,-1.60622544071927E-16,-1.));
#8320=DIRECTION('',(1.22464679914735E-16,1.,0.));
#8321=DIRECTION('',(-1.,1.22464679914735E-16,0.));
#8322=DIRECTION('',(1.,-1.22464679914735E-16,6.19544098563146E-17));
#8323=DIRECTION('',(1.22464679914735E-16,1.,0.));
#8324=DIRECTION('',(-1.,1.22464679914735E-16,0.));
#8325=DIRECTION('',(0.,0.,-1.));
#8326=DIRECTION('',(1.22464679914735E-16,1.,0.));
#8327=DIRECTION('',(-1.,1.22464679914735E-16,0.));
#8328=DIRECTION('',(-1.,1.22464679914735E-16,6.19544098563146E-17));
#8329=DIRECTION('',(-1.,1.22464679914735E-16,0.));
#8330=DIRECTION('',(1.,-1.22464679914735E-16,0.));
#8331=DIRECTION('',(1.22464679914735E-16,1.,0.));
#8332=DIRECTION('',(-1.,1.22464679914735E-16,0.));
#8333=DIRECTION('',(-1.,1.22464679914735E-16,0.));
#8334=DIRECTION('',(-1.,1.22464679914735E-16,0.));
#8335=DIRECTION('',(-1.22464679914735E-16,-1.,0.));
#8336=DIRECTION('',(-1.,1.22464679914735E-16,0.));
#8337=DIRECTION('',(1.,-1.22464679914735E-16,0.));
#8338=DIRECTION('',(-1.,1.22464679914735E-16,0.));
#8339=DIRECTION('',(0.,1.,0.));
#8340=DIRECTION('',(0.,0.,-1.));
#8341=DIRECTION('',(1.,0.,0.));
#8342=DIRECTION('',(0.,-1.,0.));
#8343=DIRECTION('',(0.,0.,1.));
#8344=DIRECTION('',(-1.,0.,2.58913951638329E-16));
#8345=DIRECTION('',(-6.42490176287706E-17,-1.,0.));
#8346=DIRECTION('',(1.,-6.42490176287706E-17,0.));
#8347=DIRECTION('',(-1.,0.,2.58913951638329E-16));
#8348=DIRECTION('',(0.,-1.,0.));
#8349=DIRECTION('',(0.,0.,-1.));
#8350=DIRECTION('',(1.,0.,0.));
#8351=DIRECTION('',(-1.,0.,0.));
#8352=DIRECTION('',(-0.707106781186552,4.5430916049878E-17,0.707106781186544));
#8353=DIRECTION('',(-1.,0.,0.));
#8354=DIRECTION('',(0.,0.,1.));
#8355=DIRECTION('',(1.,-6.42490176287706E-17,0.));
#8356=DIRECTION('',(-1.,0.,0.));
#8357=DIRECTION('',(0.,0.,1.));
#8358=DIRECTION('',(0.,0.,1.));
#8359=DIRECTION('',(-1.22464679914735E-16,-1.,0.));
#8360=DIRECTION('',(0.,0.,1.));
#8361=DIRECTION('',(-1.22464679914735E-16,-1.,0.));
#8362=DIRECTION('',(0.,1.,0.));
#8363=DIRECTION('',(0.,0.,1.));
#8364=DIRECTION('',(1.,0.,0.));
#8365=DIRECTION('',(0.,0.,1.));
#8366=DIRECTION('',(-1.,0.,0.));
#8367=DIRECTION('',(0.,0.,1.));
#8368=DIRECTION('',(-0.707106781186552,0.,-0.707106781186544));
#8369=DIRECTION('',(-1.,0.,0.));
#8370=DIRECTION('',(0.,0.,1.));
#8371=DIRECTION('',(1.,0.,0.));
#8372=DIRECTION('',(0.,0.,-1.));
#8373=DIRECTION('',(0.,1.,0.));
#8374=DIRECTION('',(0.,0.,1.));
#8375=DIRECTION('',(0.,-1.,0.));
#8376=DIRECTION('',(-6.42490176287706E-17,-1.,0.));
#8377=DIRECTION('',(1.,-6.42490176287706E-17,0.));
#8378=DIRECTION('',(1.,0.,0.));
#8379=DIRECTION('',(0.,1.,0.));
#8380=DIRECTION('',(0.,0.,1.));
#8381=DIRECTION('',(-1.,0.,-2.58913951638329E-16));
#8382=DIRECTION('',(1.,-6.42490176287706E-17,0.));
#8383=DIRECTION('',(-1.,0.,0.));
#8384=DIRECTION('',(0.707106781186552,-4.5430916049878E-17,0.707106781186544));
#8385=DIRECTION('',(-1.,0.,0.));
#8386=DIRECTION('',(-1.,0.,0.));
#8387=DIRECTION('',(0.,0.,1.));
#8388=DIRECTION('',(0.,0.,1.));
#8389=DIRECTION('',(0.,-1.,0.));
#8390=DIRECTION('',(1.,0.,0.));
#8391=DIRECTION('',(0.,0.,1.));
#8392=DIRECTION('',(0.,0.,1.));
#8393=DIRECTION('',(0.,-1.,0.));
#8394=DIRECTION('',(-1.,0.,0.));
#8395=DIRECTION('',(0.,0.,1.));
#8396=DIRECTION('',(1.,0.,0.));
#8397=DIRECTION('',(0.,0.,1.));
#8398=DIRECTION('',(0.,1.,0.));
#8399=DIRECTION('',(0.,-1.,0.));
#8400=DIRECTION('',(0.,0.,1.));
#8401=DIRECTION('',(0.,1.,0.));
#8402=DIRECTION('',(0.,0.,1.));
#8403=DIRECTION('',(0.,0.,1.));
#8404=DIRECTION('',(1.,0.,0.));
#8405=DIRECTION('',(0.707106781186552,0.,-0.707106781186544));
#8406=DIRECTION('',(-1.,0.,0.));
#8407=DIRECTION('',(0.,1.,0.));
#8408=DIRECTION('',(0.,0.,1.));
#8409=DIRECTION('',(0.,0.,1.));
#8410=DIRECTION('',(-1.,0.,0.));
#8411=DIRECTION('',(-1.,0.,0.));
#8412=DIRECTION('',(-1.,0.,0.));
#8413=DIRECTION('',(0.,0.,1.));
#8414=DIRECTION('',(-1.,0.,0.));
#8415=DIRECTION('',(0.,0.,1.));
#8416=DIRECTION('',(0.,1.,0.));
#8417=DIRECTION('',(0.,-1.,0.));
#8418=DIRECTION('',(-1.,0.,0.));
#8419=DIRECTION('',(0.,0.,1.));
#8420=DIRECTION('',(1.,0.,0.));
#8421=DIRECTION('',(0.,0.,1.));
#8422=DIRECTION('',(1.,0.,0.));
#8423=DIRECTION('',(0.,0.,1.));
#8424=DIRECTION('',(1.,0.,0.));
#8425=DIRECTION('',(0.,0.,1.));
#8426=DIRECTION('',(1.,0.,0.));
#8427=DIRECTION('',(0.,0.,1.));
#8428=DIRECTION('',(1.,0.,0.));
#8429=DIRECTION('',(0.,0.,1.));
#8430=DIRECTION('',(1.,0.,0.));
#8431=DIRECTION('',(0.,0.,1.));
#8432=DIRECTION('',(0.,0.,1.));
#8433=DIRECTION('',(0.,1.,1.30975558092526E-32));
#8434=DIRECTION('',(1.,0.,0.));
#8435=DIRECTION('',(0.,0.,1.));
#8436=DIRECTION('',(1.,0.,0.));
#8437=DIRECTION('',(0.,0.,1.));
#8438=DIRECTION('',(0.,-1.,0.));
#8439=DIRECTION('',(0.,0.,1.));
#8440=DIRECTION('',(0.,-1.,0.));
#8441=DIRECTION('',(-1.,0.,0.));
#8442=DIRECTION('',(0.,0.,1.));
#8443=DIRECTION('',(-1.,0.,0.));
#8444=DIRECTION('',(0.,0.,1.));
#8445=DIRECTION('',(0.,1.,2.79794109028517E-16));
#8446=DIRECTION('',(0.,0.,1.));
#8447=DIRECTION('',(0.,1.,1.30975558092526E-32));
#8448=DIRECTION('',(1.,0.,0.));
#8449=DIRECTION('',(0.,0.,1.));
#8450=DIRECTION('',(1.,0.,0.));
#8451=DIRECTION('',(0.,0.,1.));
#8452=DIRECTION('',(0.,-1.,0.));
#8453=DIRECTION('',(0.,0.,1.));
#8454=DIRECTION('',(0.,1.,1.30975558092526E-32));
#8455=DIRECTION('',(1.,0.,0.));
#8456=DIRECTION('',(0.,0.,1.));
#8457=DIRECTION('',(1.,0.,0.));
#8458=DIRECTION('',(0.,0.,1.));
#8459=DIRECTION('',(0.,-1.,0.));
#8460=DIRECTION('',(0.,0.,1.));
#8461=DIRECTION('',(0.,1.,1.30975558092526E-32));
#8462=DIRECTION('',(1.,0.,0.));
#8463=DIRECTION('',(0.,0.,1.));
#8464=DIRECTION('',(1.,0.,0.));
#8465=DIRECTION('',(0.,0.,1.));
#8466=DIRECTION('',(0.,-1.,0.));
#8467=DIRECTION('',(0.,0.,1.));
#8468=DIRECTION('',(0.,1.,1.30975558092526E-32));
#8469=DIRECTION('',(1.,0.,0.));
#8470=DIRECTION('',(0.,0.,1.));
#8471=DIRECTION('',(1.,0.,0.));
#8472=DIRECTION('',(0.,0.,1.));
#8473=DIRECTION('',(0.,-1.,0.));
#8474=DIRECTION('',(1.,0.,0.));
#8475=DIRECTION('',(0.,0.,1.));
#8476=DIRECTION('',(1.,0.,0.));
#8477=DIRECTION('',(0.,0.,1.));
#8478=DIRECTION('',(1.,0.,0.));
#8479=DIRECTION('',(0.,0.,1.));
#8480=DIRECTION('',(1.,0.,0.));
#8481=DIRECTION('',(0.,0.,1.));
#8482=DIRECTION('',(-6.42490176287706E-17,-1.,0.));
#8483=DIRECTION('',(1.,-6.42490176287706E-17,0.));
#8484=DIRECTION('',(-1.,6.42490176287706E-17,0.));
#8485=DIRECTION('',(-1.,0.,0.));
#8486=DIRECTION('',(0.,-1.,0.));
#8487=DIRECTION('',(0.,0.,-1.));
#8488=DIRECTION('',(0.,0.,1.));
#8489=DIRECTION('',(-1.,0.,0.));
#8490=DIRECTION('',(1.,0.,0.));
#8491=DIRECTION('',(-1.,0.,0.));
#8492=DIRECTION('',(0.,0.,1.));
#8493=DIRECTION('',(0.,-1.,0.));
#8494=DIRECTION('',(1.,0.,0.));
#8495=DIRECTION('',(0.,0.,1.));
#8496=DIRECTION('',(1.,0.,0.));
#8497=DIRECTION('',(0.,1.15648231731787E-15,1.));
#8498=DIRECTION('',(0.,-1.,0.));
#8499=DIRECTION('',(0.,0.,1.));
#8500=DIRECTION('',(0.,-1.,0.));
#8501=DIRECTION('',(0.,0.,-1.));
#8502=DIRECTION('',(1.,0.,0.));
#8503=DIRECTION('',(-1.,0.,0.));
#8504=DIRECTION('',(-1.,0.,0.));
#8505=DIRECTION('',(1.,0.,0.));
#8506=DIRECTION('',(0.,0.,1.));
#8507=DIRECTION('',(1.,0.,0.));
#8508=DIRECTION('',(1.,0.,0.));
#8509=DIRECTION('',(0.,0.,1.));
#8510=DIRECTION('',(1.,0.,0.));
#8511=DIRECTION('',(-1.,0.,0.));
#8512=DIRECTION('',(-1.,0.,0.));
#8513=DIRECTION('',(0.,0.,1.));
#8514=DIRECTION('',(-1.,0.,0.));
#8515=DIRECTION('',(-1.,0.,0.));
#8516=DIRECTION('',(0.,0.,1.));
#8517=DIRECTION('',(-1.,0.,0.));
#8518=DIRECTION('',(0.,-2.79794109028517E-16,-1.));
#8519=DIRECTION('',(0.,1.,-2.79794109028517E-16));
#8520=DIRECTION('',(0.,-1.,2.79794109028517E-16));
#8521=DIRECTION('',(0.,-2.79794109028517E-16,1.));
#8522=DIRECTION('',(0.,-1.,-2.79794109028517E-16));
#8523=DIRECTION('',(0.,1.,2.79794109028517E-16));
#8524=DIRECTION('',(0.,0.,-1.));
#8525=DIRECTION('',(-1.,0.,0.));
#8526=DIRECTION('',(-1.,0.,0.));
#8527=DIRECTION('',(-1.,0.,0.));
#8528=DIRECTION('',(0.,0.,1.));
#8529=DIRECTION('',(-1.,0.,0.));
#8530=DIRECTION('',(0.,0.,1.));
#8531=DIRECTION('',(-1.,0.,0.));
#8532=DIRECTION('',(0.,-2.79794109028517E-16,1.));
#8533=DIRECTION('',(0.,-1.,-2.79794109028517E-16));
#8534=DIRECTION('',(-1.,0.,0.));
#8535=DIRECTION('',(0.,0.,1.));
#8536=DIRECTION('',(1.,0.,0.));
#8537=DIRECTION('',(0.,-1.,0.));
#8538=DIRECTION('',(1.,0.,0.));
#8539=DIRECTION('',(0.,0.,-1.));
#8540=DIRECTION('',(0.,0.,1.));
#8541=DIRECTION('',(1.,0.,0.));
#8542=DIRECTION('',(1.,0.,0.));
#8543=DIRECTION('',(-1.22464679914735E-16,-1.,0.));
#8544=DIRECTION('',(-1.,1.22464679914735E-16,0.));
#8545=DIRECTION('',(0.,1.,0.));
#8546=DIRECTION('',(0.,1.,0.));
#8547=DIRECTION('',(0.,0.,1.));
#8548=DIRECTION('',(-1.22464679914735E-16,-1.,0.));
#8549=DIRECTION('',(-1.,1.14126544472158E-16,0.));
#8550=DIRECTION('',(0.,1.,0.));
#8551=DIRECTION('',(2.58913951638329E-16,0.,-1.));
#8552=DIRECTION('',(-1.,0.,-2.58913951638329E-16));
#8553=DIRECTION('',(1.,-1.22464679914735E-16,0.));
#8554=DIRECTION('',(-1.22464679914735E-16,-1.,0.));
#8555=DIRECTION('',(-1.,0.,-2.58913951638329E-16));
#8556=DIRECTION('',(0.,1.,0.));
#8557=DIRECTION('',(0.,0.,1.));
#8558=DIRECTION('',(0.,1.,0.));
#8559=DIRECTION('',(0.,0.,1.));
#8560=DIRECTION('',(1.22464679914735E-16,1.,0.));
#8561=DIRECTION('',(-1.,1.22464679914735E-16,0.));
#8562=DIRECTION('',(-1.22464679914735E-16,-1.,0.));
#8563=DIRECTION('',(1.,-1.14126544472158E-16,0.));
#8564=DIRECTION('',(0.,0.,1.));
#8565=DIRECTION('',(1.,0.,0.));
#8566=DIRECTION('',(0.,1.,0.));
#8567=DIRECTION('',(1.,0.,0.));
#8568=DIRECTION('',(0.,0.,-1.));
#8569=DIRECTION('',(-2.58913951638329E-16,0.,-1.));
#8570=DIRECTION('',(-1.,0.,2.58913951638329E-16));
#8571=DIRECTION('',(1.,-1.22464679914735E-16,0.));
#8572=DIRECTION('',(0.,1.,0.));
#8573=DIRECTION('',(-1.22464679914735E-16,-1.,0.));
#8574=DIRECTION('',(0.,1.,0.));
#8575=DIRECTION('',(0.,0.,1.));
#8576=DIRECTION('',(1.22464679914735E-16,1.,0.));
#8577=DIRECTION('',(-1.,1.14126544472158E-16,0.));
#8578=DIRECTION('',(0.,1.,0.));
#8579=DIRECTION('',(0.,0.,1.));
#8580=DIRECTION('',(1.,0.,0.));
#8581=DIRECTION('',(-1.,1.22464679914735E-16,0.));
#8582=DIRECTION('',(-1.22464679914735E-16,-1.,0.));
#8583=DIRECTION('',(-1.22464679914735E-16,-1.,0.));
#8584=DIRECTION('',(1.,-1.14126544472158E-16,0.));
#8585=DIRECTION('',(1.22464679914735E-16,1.,0.));
#8586=DIRECTION('',(-1.,1.22464679914735E-16,0.));
#8587=DIRECTION('',(6.19544098563146E-17,-7.58722697235988E-33,-1.));
#8588=DIRECTION('',(-1.,0.,-6.19544098563146E-17));
#8589=DIRECTION('',(1.,-1.22464679914735E-16,6.19544098563146E-17));
#8590=DIRECTION('',(-1.22464679914735E-16,-1.,0.));
#8591=DIRECTION('',(-1.,1.22464679914735E-16,0.));
#8592=DIRECTION('',(-1.22464679914735E-16,-1.,0.));
#8593=DIRECTION('',(1.22464679914735E-16,1.,0.));
#8594=DIRECTION('',(0.,0.,-1.));
#8595=DIRECTION('',(-1.22464679914735E-16,-1.,0.));
#8596=DIRECTION('',(6.19544098563146E-17,-7.58722697235988E-33,1.));
#8597=DIRECTION('',(1.,0.,-6.19544098563146E-17));
#8598=DIRECTION('',(1.22464679914735E-16,1.,0.));
#8599=DIRECTION('',(-1.,1.22464679914735E-16,6.19544098563146E-17));
#8600=DIRECTION('',(1.22464679914735E-16,1.,0.));
#8601=DIRECTION('',(-1.,1.22464679914735E-16,0.));
#8602=DIRECTION('',(1.,-1.16790180160018E-16,0.));
#8603=DIRECTION('',(0.,0.,-1.));
#8604=DIRECTION('',(-1.,1.16790180160018E-16,1.55720240213358E-16));
#8605=DIRECTION('',(-1.22464679914735E-16,-1.,0.));
#8606=DIRECTION('',(-1.,0.,0.));
#8607=DIRECTION('',(-1.22464679914735E-16,-1.,0.));
#8608=DIRECTION('',(-1.,0.,0.));
#8609=DIRECTION('',(1.,-1.33687074289211E-16,0.));
#8610=DIRECTION('',(0.,0.,-1.));
#8611=DIRECTION('',(-1.,1.33687074289211E-16,1.06949659431369E-16));
#8612=DIRECTION('',(1.,-1.16790180160018E-16,1.55720240213358E-16));
#8613=DIRECTION('',(0.,0.,-1.));
#8614=DIRECTION('',(-1.,1.16790180160018E-16,0.));
#8615=DIRECTION('',(1.,-1.33687074289211E-16,0.));
#8616=DIRECTION('',(0.,0.,-1.));
#8617=DIRECTION('',(-1.,1.33687074289211E-16,1.06949659431369E-16));
#8618=DIRECTION('',(1.,-1.16790180160018E-16,1.55720240213358E-16));
#8619=DIRECTION('',(0.,0.,-1.));
#8620=DIRECTION('',(-1.,1.16790180160018E-16,0.));
#8621=DIRECTION('',(1.,-1.33687074289211E-16,0.));
#8622=DIRECTION('',(0.,0.,-1.));
#8623=DIRECTION('',(-1.,1.33687074289211E-16,1.06949659431369E-16));
#8624=DIRECTION('',(1.,-1.16790180160018E-16,1.55720240213358E-16));
#8625=DIRECTION('',(0.,0.,-1.));
#8626=DIRECTION('',(-1.,1.16790180160018E-16,0.));
#8627=DIRECTION('',(1.,-1.33687074289211E-16,0.));
#8628=DIRECTION('',(0.,0.,-1.));
#8629=DIRECTION('',(-1.,1.33687074289211E-16,1.06949659431369E-16));
#8630=DIRECTION('',(1.,-1.16790180160018E-16,1.55720240213358E-16));
#8631=DIRECTION('',(0.,0.,-1.));
#8632=DIRECTION('',(-1.,1.16790180160018E-16,0.));
#8633=DIRECTION('',(1.,-1.33687074289211E-16,0.));
#8634=DIRECTION('',(0.,0.,-1.));
#8635=DIRECTION('',(-1.,1.33687074289211E-16,1.06949659431369E-16));
#8636=DIRECTION('',(1.,0.,0.));
#8637=DIRECTION('',(0.,0.,-1.));
#8638=DIRECTION('',(-1.,0.,0.));
#8639=DIRECTION('',(0.,0.,1.));
#8640=DIRECTION('',(1.22464679914735E-16,1.,0.));
#8641=DIRECTION('',(-1.,0.,0.));
#8642=DIRECTION('',(1.22464679914735E-16,1.,0.));
#8643=DIRECTION('',(-1.,0.,0.));
#8644=DIRECTION('',(0.707106781186543,0.,0.707106781186552));
#8645=DIRECTION('',(0.,-1.,0.));
#8646=DIRECTION('',(-0.707106781186543,0.,0.707106781186552));
#8647=DIRECTION('',(0.,1.,0.));
#8648=DIRECTION('',(1.,-4.87907091293771E-19,0.));
#8649=DIRECTION('',(0.,1.,0.));
#8650=DIRECTION('',(1.,-4.87907091293771E-19,0.));
#8651=DIRECTION('',(-1.,4.87907091293771E-19,0.));
#8652=DIRECTION('',(0.,-1.,0.));
#8653=DIRECTION('',(1.,-4.87907091293771E-19,0.));
#8654=DIRECTION('',(-4.87907091293771E-19,-1.,1.60622544071927E-16));
#8655=DIRECTION('',(0.,-1.60622544071927E-16,-1.));
#8656=DIRECTION('',(1.,-4.87907091293771E-19,0.));
#8657=DIRECTION('',(-1.39317848986345E-34,-1.60622544071927E-16,-1.));
#8658=DIRECTION('',(1.,-4.87907091293771E-19,0.));
#8659=DIRECTION('',(0.,1.,0.));
#8660=DIRECTION('',(1.,-4.87907091293771E-19,0.));
#8661=DIRECTION('',(-1.,4.87907091293771E-19,0.));
#8662=DIRECTION('',(0.,-1.,0.));
#8663=DIRECTION('',(8.4724177273937E-20,0.173648177666932,0.984807753012208));
#8664=DIRECTION('',(0.,-0.984807753012208,0.173648177666932));
#8665=DIRECTION('',(1.,-4.87907091293771E-19,0.));
#8666=DIRECTION('',(-4.80494686255741E-19,-0.984807753012208,0.173648177666932));
#8667=DIRECTION('',(1.,-4.87907091293771E-19,0.));
#8668=DIRECTION('',(0.,1.,0.));
#8669=DIRECTION('',(1.,-4.87907091293771E-19,0.));
#8670=DIRECTION('',(-1.,4.87907091293771E-19,0.));
#8671=DIRECTION('',(0.,-1.,0.));
#8672=DIRECTION('',(4.87907091293771E-19,1.,-1.30710358190406E-16));
#8673=DIRECTION('',(0.,1.30710358190406E-16,1.));
#8674=DIRECTION('',(1.,-4.87907091293771E-19,0.));
#8675=DIRECTION('',(7.55821089687446E-35,1.30710358190406E-16,1.));
#8676=DIRECTION('',(1.,-4.87907091293771E-19,0.));
#8677=DIRECTION('',(0.,1.,0.));
#8678=DIRECTION('',(1.,-4.87907091293771E-19,0.));
#8679=DIRECTION('',(-1.,4.87907091293771E-19,0.));
#8680=DIRECTION('',(0.,-1.,0.));
#8681=DIRECTION('',(8.47241772739367E-20,0.173648177666932,-0.984807753012208));
#8682=DIRECTION('',(0.,0.984807753012208,0.173648177666932));
#8683=DIRECTION('',(4.80494686255741E-19,0.984807753012208,0.173648177666932));
#8684=DIRECTION('',(-1.,4.87907091293771E-19,0.));
#8685=DIRECTION('',(-4.87907091293771E-19,-1.,0.));
#8686=DIRECTION('',(-1.,4.87907091293771E-19,0.));
#8687=DIRECTION('',(0.,-1.,0.));
#8688=DIRECTION('',(-1.,4.87907091293771E-19,0.));
#8689=DIRECTION('',(0.,-1.,0.));
#8690=DIRECTION('',(-1.,4.87907091293771E-19,0.));
#8691=DIRECTION('',(0.,-1.,0.));
#8692=DIRECTION('',(-1.,4.87907091293771E-19,0.));
#8693=DIRECTION('',(0.,-1.,0.));
#8694=DIRECTION('',(-1.,4.87907091293771E-19,0.));
#8695=DIRECTION('',(0.,-1.,0.));
#8696=DIRECTION('',(-1.,4.87907091293771E-19,0.));
#8697=DIRECTION('',(0.,-1.,0.));
#8698=DIRECTION('',(-1.,4.87907091293771E-19,0.));
#8699=DIRECTION('',(0.,-1.,0.));
#8700=DIRECTION('',(-1.,4.87907091293771E-19,0.));
#8701=DIRECTION('',(0.,-1.,0.));
#8702=DIRECTION('',(-1.,4.87907091293771E-19,0.));
#8703=DIRECTION('',(0.,-1.,0.));
#8704=DIRECTION('',(-1.,4.87907091293771E-19,0.));
#8705=DIRECTION('',(0.,-1.,0.));
#8706=DIRECTION('',(-1.,4.87907091293771E-19,0.));
#8707=DIRECTION('',(0.,-1.,0.));
#8708=DIRECTION('',(-1.,4.87907091293771E-19,0.));
#8709=DIRECTION('',(0.,-1.,0.));
#8710=DIRECTION('',(-1.,4.87907091293771E-19,0.));
#8711=DIRECTION('',(0.,-1.,0.));
#8712=DIRECTION('',(-1.,4.87907091293771E-19,0.));
#8713=DIRECTION('',(0.,-1.,0.));
#8714=DIRECTION('',(-1.,4.87907091293771E-19,0.));
#8715=DIRECTION('',(0.,-1.,0.));
#8716=DIRECTION('',(-1.,4.87907091293771E-19,0.));
#8717=DIRECTION('',(0.,-1.,0.));
#8718=DIRECTION('',(-1.,4.87907091293771E-19,0.));
#8719=DIRECTION('',(0.,-1.,0.));
#8720=DIRECTION('',(-1.,4.87907091293771E-19,0.));
#8721=DIRECTION('',(0.,-1.,0.));
#8722=DIRECTION('',(-1.,4.87907091293771E-19,0.));
#8723=DIRECTION('',(0.,-1.,0.));
#8724=DIRECTION('',(-1.,4.87907091293771E-19,0.));
#8725=DIRECTION('',(0.,-1.,0.));
#8726=DIRECTION('',(-1.,4.87907091293771E-19,0.));
#8727=DIRECTION('',(0.,-1.,0.));
#8728=DIRECTION('',(-1.,4.87907091293771E-19,0.));
#8729=DIRECTION('',(0.,-1.,0.));
#8730=DIRECTION('',(-1.,4.87907091293771E-19,0.));
#8731=DIRECTION('',(0.,-1.,0.));
#8732=DIRECTION('',(-1.,4.87907091293771E-19,0.));
#8733=DIRECTION('',(0.,-1.,0.));
#8734=DIRECTION('',(-1.,4.87907091293771E-19,0.));
#8735=DIRECTION('',(0.,-1.,0.));
#8736=DIRECTION('',(-1.,4.87907091293771E-19,0.));
#8737=DIRECTION('',(0.,-1.,0.));
#8738=DIRECTION('',(-1.,4.87907091293771E-19,0.));
#8739=DIRECTION('',(0.,-1.,0.));
#8740=DIRECTION('',(-1.,4.87907091293771E-19,0.));
#8741=DIRECTION('',(0.,-1.,0.));
#8742=DIRECTION('',(-1.,4.87907091293771E-19,0.));
#8743=DIRECTION('',(0.,-1.,0.));
#8744=DIRECTION('',(-1.,4.87907091293771E-19,0.));
#8745=DIRECTION('',(0.,-1.,0.));
#8746=DIRECTION('',(-1.,4.87907091293771E-19,0.));
#8747=DIRECTION('',(0.,-1.,0.));
#8748=DIRECTION('',(-1.,4.87907091293771E-19,0.));
#8749=DIRECTION('',(0.,-1.,0.));
#8750=DIRECTION('',(-1.,4.87907091293771E-19,0.));
#8751=DIRECTION('',(-1.,1.22464679914735E-16,0.));
#8752=DIRECTION('',(-1.22464679914735E-16,-1.,0.));
#8753=DIRECTION('',(-1.,4.87907091293771E-19,0.));
#8754=DIRECTION('',(-1.,4.87907091293771E-19,0.));
#8755=DIRECTION('',(-4.87907091293771E-19,-1.,0.));
#8756=DIRECTION('',(-1.,4.87907091293771E-19,0.));
#8757=DIRECTION('',(0.,-1.,0.));
#8758=DIRECTION('',(-1.,4.87907091293771E-19,0.));
#8759=DIRECTION('',(0.,-1.,0.));
#8760=DIRECTION('',(-1.,4.87907091293771E-19,0.));
#8761=DIRECTION('',(-4.87907091293771E-19,-1.,0.));
#8762=DIRECTION('',(-1.,4.87907091293771E-19,0.));
#8763=DIRECTION('',(0.,-1.,0.));
#8764=DIRECTION('',(-1.,4.87907091293771E-19,0.));
#8765=DIRECTION('',(0.,-1.,0.));
#8766=DIRECTION('',(-1.,4.87907091293771E-19,0.));
#8767=DIRECTION('',(-4.87907091293771E-19,-1.,0.));
#8768=DIRECTION('',(-1.,4.87907091293771E-19,0.));
#8769=DIRECTION('',(0.,-1.,0.));
#8770=DIRECTION('',(-1.,4.87907091293771E-19,0.));
#8771=DIRECTION('',(0.,-1.,0.));
#8772=DIRECTION('',(-1.,4.87907091293771E-19,0.));
#8773=DIRECTION('',(-1.,1.22464679914735E-16,0.));
#8774=DIRECTION('',(-1.22464679914735E-16,-1.,0.));
#8775=DIRECTION('',(-1.,4.87907091293771E-19,0.));
#8776=DIRECTION('',(-1.,4.87907091293771E-19,0.));
#8777=DIRECTION('',(-4.87907091293771E-19,-1.,0.));
#8778=DIRECTION('',(-1.,4.87907091293771E-19,0.));
#8779=DIRECTION('',(0.,-1.,0.));
#8780=DIRECTION('',(-1.,4.87907091293771E-19,0.));
#8781=DIRECTION('',(0.,-1.,0.));
#8782=DIRECTION('',(-1.,4.87907091293771E-19,0.));
#8783=DIRECTION('',(-4.87907091293771E-19,-1.,0.));
#8784=DIRECTION('',(-1.,4.87907091293771E-19,0.));
#8785=DIRECTION('',(0.,-1.,0.));
#8786=DIRECTION('',(-1.,4.87907091293771E-19,0.));
#8787=DIRECTION('',(0.,-1.,0.));
#8788=DIRECTION('',(-1.,4.87907091293771E-19,0.));
#8789=DIRECTION('',(-1.,1.22464679914735E-16,0.));
#8790=DIRECTION('',(-1.22464679914735E-16,-1.,0.));
#8791=DIRECTION('',(-1.,4.87907091293771E-19,0.));
#8792=DIRECTION('',(-1.,4.87907091293771E-19,0.));
#8793=DIRECTION('',(-4.87907091293771E-19,-1.,0.));
#8794=DIRECTION('',(-1.,4.87907091293771E-19,0.));
#8795=DIRECTION('',(0.,-1.,0.));
#8796=DIRECTION('',(-1.,4.87907091293771E-19,0.));
#8797=DIRECTION('',(0.,-1.,0.));
#8798=DIRECTION('',(-1.,4.87907091293771E-19,0.));
#8799=DIRECTION('',(-4.87907091293771E-19,-1.,0.));
#8800=DIRECTION('',(-1.,4.87907091293771E-19,0.));
#8801=DIRECTION('',(0.,-1.,0.));
#8802=DIRECTION('',(-1.,4.87907091293771E-19,0.));
#8803=DIRECTION('',(0.,-1.,0.));
#8804=DIRECTION('',(-1.,4.87907091293771E-19,0.));
#8805=DIRECTION('',(-4.87907091293771E-19,-1.,0.));
#8806=DIRECTION('',(-1.,4.87907091293771E-19,0.));
#8807=DIRECTION('',(0.,-1.,0.));
#8808=DIRECTION('',(-1.,4.87907091293771E-19,0.));
#8809=DIRECTION('',(0.,-1.,0.));
#8810=DIRECTION('',(-1.,4.87907091293771E-19,0.));
#8811=DIRECTION('',(-1.,1.22464679914735E-16,0.));
#8812=DIRECTION('',(-1.22464679914735E-16,-1.,0.));
#8813=DIRECTION('',(-1.,4.87907091293771E-19,0.));
#8814=DIRECTION('',(-1.,4.87907091293771E-19,0.));
#8815=DIRECTION('',(-4.87907091293771E-19,-1.,0.));
#8816=DIRECTION('',(-1.,4.87907091293771E-19,0.));
#8817=DIRECTION('',(0.,-1.,0.));
#8818=DIRECTION('',(-1.,4.87907091293771E-19,0.));
#8819=DIRECTION('',(0.,-1.,0.));
#8820=DIRECTION('',(-1.,4.87907091293771E-19,0.));
#8821=DIRECTION('',(-4.87907091293771E-19,-1.,0.));
#8822=DIRECTION('',(-1.,4.87907091293771E-19,0.));
#8823=DIRECTION('',(0.,-1.,0.));
#8824=DIRECTION('',(-1.,4.87907091293771E-19,0.));
#8825=DIRECTION('',(0.,-1.,0.));
#8826=DIRECTION('',(-1.,4.87907091293771E-19,0.));
#8827=DIRECTION('',(-4.87907091293771E-19,-1.,0.));
#8828=DIRECTION('',(-1.,4.87907091293771E-19,0.));
#8829=DIRECTION('',(0.,-1.,0.));
#8830=DIRECTION('',(-1.,4.87907091293771E-19,0.));
#8831=DIRECTION('',(0.,-1.,0.));
#8832=DIRECTION('',(-1.,4.87907091293771E-19,0.));
#8833=DIRECTION('',(-4.87907091293771E-19,-1.,0.));
#8834=DIRECTION('',(-1.,4.87907091293771E-19,0.));
#8835=DIRECTION('',(0.,-1.,0.));
#8836=DIRECTION('',(-1.,4.87907091293771E-19,0.));
#8837=DIRECTION('',(0.,-1.,0.));
#8838=DIRECTION('',(-1.,4.87907091293771E-19,0.));
#8839=DIRECTION('',(-1.,1.22464679914735E-16,0.));
#8840=DIRECTION('',(-1.22464679914735E-16,-1.,0.));
#8841=DIRECTION('',(-1.,4.87907091293771E-19,0.));
#8842=DIRECTION('',(-1.,4.87907091293771E-19,0.));
#8843=DIRECTION('',(-4.87907091293771E-19,-1.,0.));
#8844=DIRECTION('',(-1.,4.87907091293771E-19,0.));
#8845=DIRECTION('',(0.,-1.,0.));
#8846=DIRECTION('',(-1.,4.87907091293771E-19,0.));
#8847=DIRECTION('',(0.,-1.,0.));
#8848=DIRECTION('',(-1.,4.87907091293771E-19,0.));
#8849=DIRECTION('',(-4.87907091293771E-19,-1.,0.));
#8850=DIRECTION('',(-1.,4.87907091293771E-19,0.));
#8851=DIRECTION('',(0.,-1.,0.));
#8852=DIRECTION('',(-1.,4.87907091293771E-19,0.));
#8853=DIRECTION('',(0.,-1.,0.));
#8854=DIRECTION('',(-1.,4.87907091293771E-19,0.));
#8855=DIRECTION('',(-4.87907091293771E-19,-1.,0.));
#8856=DIRECTION('',(0.,0.,-1.));
#8857=DIRECTION('',(-1.,0.,0.));
#8858=DIRECTION('',(-1.22464679914735E-16,-1.,0.));
#8859=DIRECTION('',(-1.,6.42490176287706E-17,0.));
#8860=DIRECTION('',(-1.,1.22464679914735E-16,0.));
#8861=DIRECTION('',(-1.22464679914735E-16,-1.,0.));
#8862=DIRECTION('',(-1.22464679914735E-16,-1.,0.));
#8863=DIRECTION('',(1.06949659431369E-16,-1.30975558092526E-32,1.));
#8864=DIRECTION('',(1.,0.,-1.06949659431369E-16));
#8865=DIRECTION('',(1.,-6.42490176287706E-17,-1.06949659431369E-16));
#8866=DIRECTION('',(1.55720240213358E-16,-1.90702293739746E-32,-1.));
#8867=DIRECTION('',(-1.,0.,-1.55720240213358E-16));
#8868=DIRECTION('',(-1.,6.42490176287706E-17,-1.55720240213358E-16));
#8869=DIRECTION('',(-1.22464679914735E-16,-1.,0.));
#8870=DIRECTION('',(-1.,1.22464679914735E-16,0.));
#8871=DIRECTION('',(-1.22464679914735E-16,-1.,0.));
#8872=DIRECTION('',(0.,0.,1.));
#8873=DIRECTION('',(-1.22464679914735E-16,-1.,0.));
#8874=DIRECTION('',(0.,0.,1.));
#8875=DIRECTION('',(1.,0.,0.));
#8876=DIRECTION('',(1.,-6.42490176287706E-17,0.));
#8877=DIRECTION('',(1.06949659431369E-16,-1.30975558092526E-32,1.));
#8878=DIRECTION('',(1.,0.,-1.06949659431369E-16));
#8879=DIRECTION('',(1.,-6.42490176287706E-17,-1.06949659431369E-16));
#8880=DIRECTION('',(-1.22464679914735E-16,-1.,0.));
#8881=DIRECTION('',(0.,0.,-1.));
#8882=DIRECTION('',(-1.,0.,0.));
#8883=DIRECTION('',(-1.22464679914735E-16,-1.,0.));
#8884=DIRECTION('',(-1.,6.42490176287706E-17,0.));
#8885=DIRECTION('',(-1.,1.22464679914735E-16,0.));
#8886=DIRECTION('',(-1.22464679914735E-16,-1.,0.));
#8887=DIRECTION('',(0.,0.,1.));
#8888=DIRECTION('',(1.,0.,0.));
#8889=DIRECTION('',(1.,-6.42490176287706E-17,0.));
#8890=DIRECTION('',(-1.22464679914735E-16,-1.,0.));
#8891=DIRECTION('',(1.55720240213358E-16,-1.90702293739746E-32,-1.));
#8892=DIRECTION('',(-1.,0.,-1.55720240213358E-16));
#8893=DIRECTION('',(-1.,6.42490176287706E-17,-1.55720240213358E-16));
#8894=DIRECTION('',(-1.22464679914735E-16,-1.,0.));
#8895=DIRECTION('',(-1.,1.22464679914735E-16,0.));
#8896=DIRECTION('',(-1.22464679914735E-16,-1.,0.));
#8897=DIRECTION('',(0.,0.,1.));
#8898=DIRECTION('',(1.06949659431369E-16,-1.30975558092526E-32,1.));
#8899=DIRECTION('',(1.,0.,-1.06949659431369E-16));
#8900=DIRECTION('',(1.,-6.42490176287706E-17,-1.06949659431369E-16));
#8901=DIRECTION('',(-1.22464679914735E-16,-1.,0.));
#8902=DIRECTION('',(0.,0.,-1.));
#8903=DIRECTION('',(-1.,0.,0.));
#8904=DIRECTION('',(-1.22464679914735E-16,-1.,0.));
#8905=DIRECTION('',(-1.,6.42490176287706E-17,0.));
#8906=DIRECTION('',(-1.,1.22464679914735E-16,0.));
#8907=DIRECTION('',(-1.22464679914735E-16,-1.,0.));
#8908=DIRECTION('',(0.,0.,1.));
#8909=DIRECTION('',(1.,0.,0.));
#8910=DIRECTION('',(1.,-6.42490176287706E-17,0.));
#8911=DIRECTION('',(-1.22464679914735E-16,-1.,0.));
#8912=DIRECTION('',(1.55720240213358E-16,-1.90702293739746E-32,-1.));
#8913=DIRECTION('',(-1.,0.,-1.55720240213358E-16));
#8914=DIRECTION('',(-1.,6.42490176287706E-17,-1.55720240213358E-16));
#8915=DIRECTION('',(-1.22464679914735E-16,-1.,0.));
#8916=DIRECTION('',(-1.,1.22464679914735E-16,0.));
#8917=DIRECTION('',(-1.22464679914735E-16,-1.,0.));
#8918=DIRECTION('',(0.,0.,1.));
#8919=DIRECTION('',(1.06949659431369E-16,-1.30975558092526E-32,1.));
#8920=DIRECTION('',(1.,0.,-1.06949659431369E-16));
#8921=DIRECTION('',(1.,-6.42490176287706E-17,-1.06949659431369E-16));
#8922=DIRECTION('',(-1.22464679914735E-16,-1.,0.));
#8923=DIRECTION('',(0.,0.,-1.));
#8924=DIRECTION('',(-1.,0.,0.));
#8925=DIRECTION('',(-1.22464679914735E-16,-1.,0.));
#8926=DIRECTION('',(-1.,6.42490176287706E-17,0.));
#8927=DIRECTION('',(-1.,1.22464679914735E-16,0.));
#8928=DIRECTION('',(-1.22464679914735E-16,-1.,0.));
#8929=DIRECTION('',(0.,0.,1.));
#8930=DIRECTION('',(1.,0.,0.));
#8931=DIRECTION('',(1.,-6.42490176287706E-17,0.));
#8932=DIRECTION('',(-1.22464679914735E-16,-1.,0.));
#8933=DIRECTION('',(1.55720240213358E-16,-1.90702293739746E-32,-1.));
#8934=DIRECTION('',(-1.,0.,-1.55720240213358E-16));
#8935=DIRECTION('',(-1.,6.42490176287706E-17,-1.55720240213358E-16));
#8936=DIRECTION('',(-1.22464679914735E-16,-1.,0.));
#8937=DIRECTION('',(-1.,1.22464679914735E-16,0.));
#8938=DIRECTION('',(-1.22464679914735E-16,-1.,0.));
#8939=DIRECTION('',(0.,0.,1.));
#8940=DIRECTION('',(1.06949659431369E-16,-1.30975558092526E-32,1.));
#8941=DIRECTION('',(1.,0.,-1.06949659431369E-16));
#8942=DIRECTION('',(1.,-6.42490176287706E-17,-1.06949659431369E-16));
#8943=DIRECTION('',(-1.22464679914735E-16,-1.,0.));
#8944=DIRECTION('',(0.,0.,-1.));
#8945=DIRECTION('',(-1.,0.,0.));
#8946=DIRECTION('',(-1.22464679914735E-16,-1.,0.));
#8947=DIRECTION('',(-1.,1.22464679914735E-16,0.));
#8948=DIRECTION('',(-1.22464679914735E-16,-1.,0.));
#8949=DIRECTION('',(0.,0.,-1.));
#8950=DIRECTION('',(-1.,0.,0.));
#8951=DIRECTION('',(-1.,6.42490176287706E-17,0.));
#8952=DIRECTION('',(-1.22464679914735E-16,-1.,0.));
#8953=DIRECTION('',(-1.,1.22464679914735E-16,0.));
#8954=DIRECTION('',(-1.22464679914735E-16,-1.,0.));
#8955=DIRECTION('',(0.,0.,1.));
#8956=DIRECTION('',(-1.22464679914735E-16,-1.,0.));
#8957=DIRECTION('',(1.55720240213358E-16,-1.90702293739746E-32,1.));
#8958=DIRECTION('',(1.,0.,-1.55720240213358E-16));
#8959=DIRECTION('',(1.,-6.42490176287706E-17,-1.55720240213358E-16));
#8960=DIRECTION('',(-6.42490176287706E-17,-1.,0.));
#8961=DIRECTION('',(1.,-6.42490176287706E-17,0.));
#8962=DIRECTION('',(-6.42490176287706E-17,-1.,0.));
#8963=DIRECTION('',(1.,-6.42490176287706E-17,0.));
#8964=DIRECTION('',(-6.42490176287706E-17,-1.,0.));
#8965=DIRECTION('',(1.,-6.42490176287706E-17,0.));
#8966=DIRECTION('',(-6.42490176287706E-17,-1.,0.));
#8967=DIRECTION('',(1.,-6.42490176287706E-17,0.));
#8968=DIRECTION('',(-6.42490176287706E-17,-1.,0.));
#8969=DIRECTION('',(1.,-6.42490176287706E-17,0.));
#8970=DIRECTION('',(1.,6.8221504127186E-15,-1.60812264967664E-16));
#8971=DIRECTION('',(-6.8221504127186E-15,1.,0.));
#8972=DIRECTION('',(-1.,0.,0.));
#8973=DIRECTION('',(0.,0.,1.));
#8974=DIRECTION('',(1.,0.,0.));
#8975=DIRECTION('',(0.,0.,1.));
#8976=DIRECTION('',(1.,0.,0.));
#8977=DIRECTION('',(0.,0.,1.));
#8978=DIRECTION('',(1.,0.,0.));
#8979=DIRECTION('',(0.,0.,1.));
#8980=DIRECTION('',(0.,1.,0.));
#8981=DIRECTION('',(1.,0.,0.));
#8982=DIRECTION('',(0.,0.,-1.));
#8983=DIRECTION('',(0.,0.,-1.));
#8984=DIRECTION('',(1.,0.,0.));
#8985=DIRECTION('',(0.,0.,1.));
#8986=DIRECTION('',(0.,-1.,0.));
#8987=DIRECTION('',(1.,0.,0.));
#8988=DIRECTION('',(0.,0.,1.));
#8989=DIRECTION('',(0.,0.,1.));
#8990=DIRECTION('',(0.,0.984807753012208,-0.173648177666931));
#8991=DIRECTION('',(1.,0.,0.));
#8992=DIRECTION('',(0.,0.,-1.));
#8993=DIRECTION('',(0.,-1.20466908053945E-16,1.));
#8994=DIRECTION('',(1.,0.,0.));
#8995=DIRECTION('',(0.,0.,-1.));
#8996=DIRECTION('',(0.,-0.984807753012208,-0.173648177666932));
#8997=DIRECTION('',(1.,0.,0.));
#8998=DIRECTION('',(0.,0.,-1.));
#8999=DIRECTION('',(0.,1.30710358190406E-16,-1.));
#9000=DIRECTION('',(1.,0.,0.));
#9001=DIRECTION('',(0.,0.,-1.));
#9002=DIRECTION('',(-1.,0.,0.));
#9003=DIRECTION('',(0.,0.,1.));
#9004=DIRECTION('',(-1.,0.,0.));
#9005=DIRECTION('',(0.,0.,1.));
#9006=DIRECTION('',(-1.,0.,0.));
#9007=DIRECTION('',(0.,0.,1.));
#9008=DIRECTION('',(-1.,0.,0.));
#9009=DIRECTION('',(0.,0.,1.));
#9010=DIRECTION('',(0.,1.60622544071927E-16,-1.));
#9011=DIRECTION('',(-1.,0.,0.));
#9012=DIRECTION('',(0.,0.,1.));
#9013=DIRECTION('',(0.,-0.984807753012208,0.173648177666931));
#9014=DIRECTION('',(-1.,0.,0.));
#9015=DIRECTION('',(0.,0.,1.));
#9016=DIRECTION('',(0.,0.,1.));
#9017=DIRECTION('',(-1.,0.,0.));
#9018=DIRECTION('',(0.,0.,1.));
#9019=DIRECTION('',(0.,0.984807753012208,0.173648177666932));
#9020=DIRECTION('',(1.,0.,0.));
#9021=DIRECTION('',(0.,0.,1.));
#9022=DIRECTION('',(0.,0.,1.));
#9023=DIRECTION('',(1.,0.,0.));
#9024=DIRECTION('',(0.,0.,1.));
#9025=DIRECTION('',(0.,-1.,0.));
#9026=DIRECTION('',(1.,0.,0.));
#9027=DIRECTION('',(0.,0.,1.));
#9028=DIRECTION('',(0.,0.,-1.));
#9029=DIRECTION('',(1.,0.,0.));
#9030=DIRECTION('',(0.,0.,-1.));
#9031=DIRECTION('',(0.,1.,0.));
#9032=DIRECTION('',(-1.,0.,0.));
#9033=DIRECTION('',(0.,0.,1.));
#9034=DIRECTION('',(-1.,0.,0.));
#9035=DIRECTION('',(-1.,0.,0.));
#9036=DIRECTION('',(0.,-1.,0.));
#9037=DIRECTION('',(0.,0.,-1.));
#9038=DIRECTION('',(-1.,0.,0.));
#9039=DIRECTION('',(-1.,0.,0.));
#9040=DIRECTION('',(0.,0.,1.));
#9041=DIRECTION('',(-1.,0.,0.));
#9042=DIRECTION('',(0.,0.,-1.));
#9043=DIRECTION('',(-1.,0.,0.));
#9044=DIRECTION('',(-1.,0.,0.));
#9045=DIRECTION('',(-1.,0.,0.));
#9046=DIRECTION('',(0.,0.,1.));
#9047=DIRECTION('',(-1.,0.,0.));
#9048=DIRECTION('',(0.,1.,0.));
#9049=DIRECTION('',(0.,0.,1.));
#9050=DIRECTION('',(-1.,0.,0.));
#9051=DIRECTION('',(-1.,0.,0.));
#9052=DIRECTION('',(0.,0.,1.));
#9053=DIRECTION('',(-1.,0.,0.));
#9054=DIRECTION('',(0.,0.,1.));
#9055=DIRECTION('',(1.,0.,0.));
#9056=DIRECTION('',(-1.,0.,0.));
#9057=DIRECTION('',(0.,0.,1.));
#9058=DIRECTION('',(1.,0.,0.));
#9059=DIRECTION('',(0.,0.,1.));
#9060=DIRECTION('',(-1.,0.,0.));
#9061=DIRECTION('',(0.,0.,1.));
#9062=DIRECTION('',(-1.,0.,0.));
#9063=DIRECTION('',(0.,0.,1.));
#9064=DIRECTION('',(1.,0.,0.));
#9065=DIRECTION('',(0.,0.,1.));
#9066=DIRECTION('',(-1.,0.,0.));
#9067=DIRECTION('',(0.,0.,1.));
#9068=DIRECTION('',(-1.,0.,0.));
#9069=DIRECTION('',(0.,0.,1.));
#9070=DIRECTION('',(-1.,0.,0.));
#9071=DIRECTION('',(1.,0.,0.));
#9072=DIRECTION('',(0.,0.,-1.));
#9073=DIRECTION('',(-1.,0.,0.));
#9074=DIRECTION('',(0.,-1.,-1.20466908053945E-16));
#9075=DIRECTION('',(0.,1.20466908053945E-16,-1.));
#9076=DIRECTION('',(0.,-8.03112720359633E-17,1.));
#9077=DIRECTION('',(-1.,0.,0.));
#9078=DIRECTION('',(-1.,0.,0.));
#9079=DIRECTION('',(0.,0.,1.));
#9080=DIRECTION('',(1.,0.,0.));
#9081=DIRECTION('',(0.,0.,-1.));
#9082=DIRECTION('',(-1.,0.,0.));
#9083=DIRECTION('',(0.,0.173648177666932,-0.984807753012208));
#9084=DIRECTION('',(0.,0.984807753012208,0.173648177666932));
#9085=DIRECTION('',(0.,-0.984807753012208,-0.173648177666932));
#9086=DIRECTION('',(-1.,0.,0.));
#9087=DIRECTION('',(-1.,0.,0.));
#9088=DIRECTION('',(0.,0.,1.));
#9089=DIRECTION('',(1.,0.,0.));
#9090=DIRECTION('',(0.,0.,-1.));
#9091=DIRECTION('',(-1.,0.,0.));
#9092=DIRECTION('',(0.,1.,1.30710358190406E-16));
#9093=DIRECTION('',(0.,-1.30710358190406E-16,1.));
#9094=DIRECTION('',(0.,4.35701193968018E-17,-1.));
#9095=DIRECTION('',(-1.,0.,0.));
#9096=DIRECTION('',(-1.,0.,0.));
#9097=DIRECTION('',(0.,0.,1.));
#9098=DIRECTION('',(1.,0.,0.));
#9099=DIRECTION('',(0.,0.,-1.));
#9100=DIRECTION('',(-1.,0.,0.));
#9101=DIRECTION('',(0.,0.173648177666931,0.984807753012208));
#9102=DIRECTION('',(0.,-0.984807753012208,0.173648177666931));
#9103=DIRECTION('',(0.,0.984807753012208,-0.173648177666931));
#9104=DIRECTION('',(1.,0.,0.));
#9105=DIRECTION('',(0.,0.,-1.));
#9106=DIRECTION('',(0.,0.984807753012208,-0.173648177666931));
#9107=DIRECTION('',(1.,0.,0.));
#9108=DIRECTION('',(0.,0.,-1.));
#9109=DIRECTION('',(0.,-1.60622544071927E-16,1.));
#9110=DIRECTION('',(1.,0.,0.));
#9111=DIRECTION('',(0.,0.,-1.));
#9112=DIRECTION('',(0.,-0.984807753012208,-0.173648177666932));
#9113=DIRECTION('',(1.,0.,0.));
#9114=DIRECTION('',(0.,0.,-1.));
#9115=DIRECTION('',(0.,0.,-1.));
#9116=DIRECTION('',(1.,0.,0.));
#9117=DIRECTION('',(0.,0.,-1.));
#9118=DIRECTION('',(-1.,0.,0.));
#9119=DIRECTION('',(0.,0.,1.));
#9120=DIRECTION('',(-1.,0.,0.));
#9121=DIRECTION('',(-1.,0.,0.));
#9122=DIRECTION('',(0.,0.,-1.));
#9123=DIRECTION('',(-1.,0.,0.));
#9124=DIRECTION('',(1.,0.,0.));
#9125=DIRECTION('',(0.,0.,1.));
#9126=DIRECTION('',(0.,-1.,-1.60622544071927E-16));
#9127=DIRECTION('',(0.,1.60622544071927E-16,-1.));
#9128=DIRECTION('',(-1.,0.,0.));
#9129=DIRECTION('',(0.,1.60622544071927E-16,-1.));
#9130=DIRECTION('',(0.,-1.60622544071927E-16,1.));
#9131=DIRECTION('',(-1.,0.,0.));
#9132=DIRECTION('',(0.,0.,1.));
#9133=DIRECTION('',(-1.,0.,0.));
#9134=DIRECTION('',(-1.,0.,0.));
#9135=DIRECTION('',(0.,0.,-1.));
#9136=DIRECTION('',(1.,0.,0.));
#9137=DIRECTION('',(0.,0.,1.));
#9138=DIRECTION('',(0.,0.173648177666932,-0.984807753012208));
#9139=DIRECTION('',(0.,0.984807753012208,0.173648177666932));
#9140=DIRECTION('',(-1.,0.,0.));
#9141=DIRECTION('',(0.,0.984807753012208,0.173648177666932));
#9142=DIRECTION('',(0.,-0.984807753012208,-0.173648177666932));
#9143=DIRECTION('',(-1.,0.,0.));
#9144=DIRECTION('',(0.,0.,1.));
#9145=DIRECTION('',(-1.,0.,0.));
#9146=DIRECTION('',(-1.,0.,0.));
#9147=DIRECTION('',(0.,0.,-1.));
#9148=DIRECTION('',(1.,0.,0.));
#9149=DIRECTION('',(0.,0.,1.));
#9150=DIRECTION('',(0.,1.,0.));
#9151=DIRECTION('',(0.,0.,1.));
#9152=DIRECTION('',(-1.,0.,0.));
#9153=DIRECTION('',(0.,0.,1.));
#9154=DIRECTION('',(0.,0.,-1.));
#9155=DIRECTION('',(-1.,0.,0.));
#9156=DIRECTION('',(0.,0.,1.));
#9157=DIRECTION('',(-1.,0.,0.));
#9158=DIRECTION('',(-1.,0.,0.));
#9159=DIRECTION('',(0.,0.,-1.));
#9160=DIRECTION('',(1.,0.,0.));
#9161=DIRECTION('',(0.,8.67361737988403E-16,1.));
#9162=DIRECTION('',(0.,0.173648177666931,0.984807753012208));
#9163=DIRECTION('',(0.,-0.984807753012208,0.173648177666931));
#9164=DIRECTION('',(0.,-0.984807753012208,0.173648177666931));
#9165=DIRECTION('',(0.,0.984807753012208,-0.173648177666931));
#9166=DIRECTION('',(-1.,0.,0.));
#9167=DIRECTION('',(0.,0.,1.));
#9168=DIRECTION('',(-1.,0.,0.));
#9169=DIRECTION('',(0.,0.,1.));
#9170=DIRECTION('',(1.,0.,0.));
#9171=DIRECTION('',(0.,0.,-1.));
#9172=DIRECTION('',(-1.,0.,0.));
#9173=DIRECTION('',(0.,0.,1.));
#9174=DIRECTION('',(-1.,0.,0.));
#9175=DIRECTION('',(0.,0.,1.));
#9176=DIRECTION('',(-1.,0.,0.));
#9177=DIRECTION('',(0.,0.,1.));
#9178=DIRECTION('',(1.,0.,0.));
#9179=DIRECTION('',(0.,0.,-1.));
#9180=DIRECTION('',(-1.,0.,0.));
#9181=DIRECTION('',(0.,0.,1.));
#9182=DIRECTION('',(0.,0.,1.));
#9183=DIRECTION('',(1.,0.,0.));
#9184=DIRECTION('',(0.,0.,-1.));
#9185=DIRECTION('',(-1.,0.,0.));
#9186=DIRECTION('',(0.,0.,1.));
#9187=DIRECTION('',(1.,0.,0.));
#9188=DIRECTION('',(-1.,0.,0.));
#9189=DIRECTION('',(0.,0.,1.));
#9190=DIRECTION('',(-4.27092282118562E-16,-0.984807753012208,0.173648177666931));
#9191=DIRECTION('',(0.,-0.173648177666931,-0.984807753012208));
#9192=DIRECTION('',(-1.,0.,0.));
#9193=DIRECTION('',(0.,0.,1.));
#9194=DIRECTION('',(0.,-0.984807753012208,-0.173648177666931));
#9195=DIRECTION('',(0.,0.173648177666931,-0.984807753012208));
#9196=DIRECTION('',(0.,-0.984807753012208,0.173648177666931));
#9197=DIRECTION('',(0.,-0.173648177666931,-0.984807753012208));
#9198=DIRECTION('',(2.13546141059281E-16,-0.984807753012208,0.173648177666931));
#9199=DIRECTION('',(0.,-0.17364817766693,-0.984807753012208));
#9200=DIRECTION('',(0.,0.984807753012208,0.173648177666932));
#9201=DIRECTION('',(0.,-0.173648177666932,0.984807753012208));
#9202=DIRECTION('',(0.,-0.984807753012208,-0.173648177666932));
#9203=DIRECTION('',(0.,0.173648177666932,-0.984807753012208));
#9204=DIRECTION('',(-1.,0.,0.));
#9205=DIRECTION('',(0.,0.,1.));
#9206=DIRECTION('',(0.,0.,-1.));
#9207=DIRECTION('',(-1.,0.,0.));
#9208=DIRECTION('',(-1.,0.,0.));
#9209=DIRECTION('',(0.,0.,1.));
#9210=DIRECTION('',(0.,0.,1.));
#9211=DIRECTION('',(1.,0.,0.));
#9212=DIRECTION('',(0.,1.60622544071927E-16,-1.));
#9213=DIRECTION('',(0.,1.,0.));
#9214=DIRECTION('',(-1.,0.,0.));
#9215=DIRECTION('',(0.,0.,1.));
#9216=DIRECTION('',(-1.,0.,0.));
#9217=DIRECTION('',(0.,0.,1.));
#9218=DIRECTION('',(1.,0.,0.));
#9219=DIRECTION('',(0.,0.,-1.));
#9220=DIRECTION('',(0.,0.984807753012208,0.173648177666931));
#9221=DIRECTION('',(0.,-0.173648177666931,0.984807753012208));
#9222=DIRECTION('',(0.,0.,-1.));
#9223=DIRECTION('',(-1.,0.,0.));
#9224=DIRECTION('',(0.,0.,1.));
#9225=DIRECTION('',(1.,0.,0.));
#9226=DIRECTION('',(0.,0.,-1.));
#9227=DIRECTION('',(-1.,0.,0.));
#9228=DIRECTION('',(0.,0.984807753012208,0.173648177666932));
#9229=DIRECTION('',(0.,-0.173648177666933,0.984807753012208));
#9230=DIRECTION('',(-2.1354614105928E-15,0.984807753012208,0.173648177666932));
#9231=DIRECTION('',(0.,-0.173648177666932,0.984807753012208));
#9232=DIRECTION('',(1.,0.,0.));
#9233=DIRECTION('',(0.,0.,-1.));
#9234=DIRECTION('',(0.,0.984807753012208,-0.173648177666931));
#9235=DIRECTION('',(0.,0.173648177666931,0.984807753012208));
#9236=DIRECTION('',(1.,0.,0.));
#9237=DIRECTION('',(0.,0.,-1.));
#9238=DIRECTION('',(0.,0.,-1.));
#9239=DIRECTION('',(-1.,0.,0.));
#9240=DIRECTION('',(0.,-0.984807753012208,0.173648177666931));
#9241=DIRECTION('',(0.,-0.173648177666931,-0.984807753012208));
#9242=DIRECTION('',(0.,0.984807753012208,-0.173648177666931));
#9243=DIRECTION('',(0.,0.173648177666931,0.984807753012208));
#9244=DIRECTION('',(0.,1.60622544071927E-16,-1.));
#9245=DIRECTION('',(0.,1.,0.));
#9246=DIRECTION('',(0.,0.,-1.));
#9247=DIRECTION('',(-1.,0.,0.));
#9248=DIRECTION('',(1.,0.,0.));
#9249=DIRECTION('',(0.,0.,-1.));
#9250=DIRECTION('',(-1.,0.,0.));
#9251=DIRECTION('',(0.,0.,1.));
#9252=DIRECTION('',(-1.,0.,0.));
#9253=DIRECTION('',(0.,0.,1.));
#9254=DIRECTION('',(-1.,-6.12323399573677E-17,-6.04901474817726E-16));
#9255=DIRECTION('',(6.12323399573677E-17,-1.,0.));
#9256=DIRECTION('',(1.63037920674512E-16,1.,0.));
#9257=DIRECTION('',(-1.,1.63037920674512E-16,0.));
#9258=DIRECTION('',(-1.35525271560688E-16,1.,0.));
#9259=DIRECTION('',(-1.,-1.35525271560688E-16,0.));
#9260=DIRECTION('',(1.63037920674512E-16,1.,0.));
#9261=DIRECTION('',(-1.35525271560688E-16,-1.,0.));
#9262=DIRECTION('',(1.,-1.35525271560688E-16,0.));
#9263=DIRECTION('',(1.63037920674512E-16,1.,0.));
#9264=DIRECTION('',(1.63037920674512E-16,1.,0.));
#9265=DIRECTION('',(-1.,1.63037920674512E-16,0.));
#9266=DIRECTION('',(-1.35525271560688E-16,-1.,0.));
#9267=DIRECTION('',(1.,-1.35525271560688E-16,0.));
#9268=DIRECTION('',(-1.63037920674512E-16,-1.,0.));
#9269=DIRECTION('',(-1.35525271560688E-16,1.,0.));
#9270=DIRECTION('',(-1.,-1.35525271560688E-16,0.));
#9271=DIRECTION('',(-1.63037920674512E-16,-1.,0.));
#9272=DIRECTION('',(-1.,0.,0.));
#9273=DIRECTION('',(0.,0.,1.));
#9274=DIRECTION('',(-1.,0.,0.));
#9275=DIRECTION('',(0.,0.,1.));
#9276=DIRECTION('',(0.,1.,0.));
#9277=DIRECTION('',(1.,0.,0.));
#9278=DIRECTION('',(0.,0.,1.));
#9279=DIRECTION('',(0.,0.,-1.));
#9280=DIRECTION('',(1.,0.,0.));
#9281=DIRECTION('',(0.,0.,1.));
#9282=DIRECTION('',(0.,1.,0.));
#9283=DIRECTION('',(1.,0.,0.));
#9284=DIRECTION('',(0.,0.,1.));
#9285=DIRECTION('',(0.,0.,-1.));
#9286=DIRECTION('',(1.,0.,0.));
#9287=DIRECTION('',(0.,0.,1.));
#9288=DIRECTION('',(0.,0.,1.));
#9289=DIRECTION('',(1.,0.,0.));
#9290=DIRECTION('',(1.,1.35525271560688E-16,0.));
#9291=DIRECTION('',(-1.,1.35525271560688E-16,0.));
#9292=DIRECTION('',(0.,-1.,0.));
#9293=DIRECTION('',(0.,0.,1.));
#9294=DIRECTION('',(1.,0.,0.));
#9295=DIRECTION('',(-1.,0.,0.));
#9296=DIRECTION('',(1.20414998774051E-16,-1.,0.));
#9297=DIRECTION('',(1.,0.,0.));
#9298=DIRECTION('',(1.,1.23908819712629E-16,0.));
#9299=DIRECTION('',(-1.23908819712629E-16,1.,0.));
#9300=DIRECTION('',(-1.23908819712629E-16,1.,2.79794109028517E-16));
#9301=DIRECTION('',(-8.76167666676214E-17,0.707106781186547,0.707106781186548));
#9302=DIRECTION('',(-1.23908819712629E-16,1.,0.));
#9303=DIRECTION('',(0.,0.,1.));
#9304=DIRECTION('',(1.23908819712629E-16,-1.,1.03702759771791E-32));
#9305=DIRECTION('',(-1.,-1.23908819712629E-16,0.));
#9306=DIRECTION('',(-1.73472348906802E-16,1.,0.));
#9307=DIRECTION('',(1.23439183684997E-16,-0.996209825670836,0.0869826605530253));
#9308=DIRECTION('',(-1.,-1.23908819712629E-16,0.));
#9309=DIRECTION('',(0.,1.,0.));
#9310=DIRECTION('',(-1.13020197904263E-16,0.912123916331224,0.4099145779996));
#9311=DIRECTION('',(-1.,-1.23908819712629E-16,0.));
#9312=DIRECTION('',(0.,1.,0.));
#9313=DIRECTION('',(1.,1.23908819712629E-16,0.));
#9314=DIRECTION('',(0.,1.,0.));
#9315=DIRECTION('',(-1.,-2.47817639425258E-16,0.));
#9316=DIRECTION('',(2.47817639425258E-16,-1.,0.));
#9317=DIRECTION('',(1.63037920674512E-16,1.,0.));
#9318=DIRECTION('',(0.,0.707106781186547,0.707106781186548));
#9319=DIRECTION('',(0.,1.,2.79794109028517E-16));
#9320=DIRECTION('',(1.,1.23908819712629E-16,0.));
#9321=DIRECTION('',(0.,-1.,0.));
#9322=DIRECTION('',(-1.,-1.23908819712629E-16,0.));
#9323=DIRECTION('',(0.,-1.,0.));
#9324=DIRECTION('',(0.,0.912123916331224,0.4099145779996));
#9325=DIRECTION('',(-1.,-1.23908819712629E-16,0.));
#9326=DIRECTION('',(0.,-1.,0.));
#9327=DIRECTION('',(0.,-0.996209825670836,0.0869826605530253));
#9328=DIRECTION('',(-1.,-1.23908819712629E-16,0.));
#9329=DIRECTION('',(0.,-1.,0.));
#9330=DIRECTION('',(1.63037920674512E-16,1.,0.));
#9331=DIRECTION('',(0.,0.,-1.));
#9332=DIRECTION('',(0.,0.,-1.));
#9333=DIRECTION('',(-1.,0.,0.));
#9334=DIRECTION('',(0.,0.,-1.));
#9335=DIRECTION('',(-3.61400724161834E-17,5.89220225976083E-33,1.));
#9336=DIRECTION('',(1.,0.,3.61400724161834E-17));
#9337=DIRECTION('',(0.,0.,-1.));
#9338=DIRECTION('',(-1.,0.,0.));
#9339=DIRECTION('',(0.,0.,-1.));
#9340=DIRECTION('',(-1.,0.,0.));
#9341=DIRECTION('',(-3.61400724161834E-17,5.89220225976083E-33,1.));
#9342=DIRECTION('',(1.,0.,0.));
#9343=DIRECTION('',(0.,0.,-1.));
#9344=DIRECTION('',(0.,0.,-1.));
#9345=DIRECTION('',(-1.,0.,0.));
#9346=DIRECTION('',(0.,0.,1.));
#9347=DIRECTION('',(1.,0.,0.));
#9348=DIRECTION('',(-1.,1.35525271560688E-16,0.));
#9349=DIRECTION('',(1.,1.35525271560688E-16,0.));
#9350=DIRECTION('',(0.,1.,0.));
#9351=DIRECTION('',(0.,-1.,0.));
#9352=DIRECTION('',(0.,0.,-1.));
#9353=DIRECTION('',(-1.,0.,0.));
#9354=DIRECTION('',(0.,0.,-1.));
#9355=DIRECTION('',(1.,0.,0.));
#9356=DIRECTION('',(1.,1.20414998774051E-16,0.));
#9357=DIRECTION('',(-1.20414998774051E-16,1.,0.));
#9358=DIRECTION('',(1.,1.20414998774051E-16,0.));
#9359=DIRECTION('',(-1.20414998774051E-16,1.,0.));
#9360=DIRECTION('',(-1.,-1.20414998774051E-16,0.));
#9361=DIRECTION('',(-1.20414998774051E-16,1.,0.));
#9362=DIRECTION('',(1.20414998774051E-16,-1.,0.));
#9363=DIRECTION('',(-1.,-1.20414998774051E-16,0.));
#9364=DIRECTION('',(-1.20414998774051E-16,1.,0.));
#9365=DIRECTION('',(0.,0.,-1.));
#9366=DIRECTION('',(-1.,-1.20414998774051E-16,0.));
#9367=DIRECTION('',(-1.20414998774051E-16,1.,0.));
#9368=DIRECTION('',(-1.,-1.20414998774051E-16,0.));
#9369=DIRECTION('',(-1.20414998774051E-16,1.,0.));
#9370=DIRECTION('',(0.,0.,-1.));
#9371=DIRECTION('',(-1.,0.,0.));
#9372=DIRECTION('',(0.,0.,-1.));
#9373=DIRECTION('',(0.,0.,-1.));
#9374=DIRECTION('',(-1.,0.,0.));
#9375=DIRECTION('',(0.,0.,1.));
#9376=DIRECTION('',(1.,0.,0.));
#9377=DIRECTION('',(-1.35525271560688E-16,1.,0.));
#9378=DIRECTION('',(-1.,-1.35525271560688E-16,0.));
#9379=DIRECTION('',(0.,0.,1.));
#9380=DIRECTION('',(1.,1.35525271560688E-16,0.));
#9381=DIRECTION('',(0.,0.,-1.));
#9382=DIRECTION('',(-1.,-1.35525271560688E-16,4.69820941410385E-16));
#9383=DIRECTION('',(-1.35525271560688E-16,1.,0.));
#9384=DIRECTION('',(-1.,0.,0.));
#9385=DIRECTION('',(1.,1.35525271560688E-16,3.61400724161834E-17));
#9386=DIRECTION('',(-1.,-1.35525271560688E-16,0.));
#9387=DIRECTION('',(0.,0.,1.));
#9388=DIRECTION('',(1.35525271560688E-16,-1.,0.));
#9389=DIRECTION('',(-1.,0.,-1.44560289664734E-15));
#9390=DIRECTION('',(1.35525271560688E-16,-1.,0.));
#9391=DIRECTION('',(-1.,0.,0.));
#9392=DIRECTION('',(0.,0.,-1.));
#9393=DIRECTION('',(-1.,0.,0.));
#9394=DIRECTION('',(0.,0.,-1.));
#9395=DIRECTION('',(1.,0.,0.));
#9396=DIRECTION('',(0.,0.,-1.));
#9397=DIRECTION('',(4.69820941410385E-16,-7.65986293768908E-32,1.));
#9398=DIRECTION('',(-1.,0.,5.42101086242753E-16));
#9399=DIRECTION('',(1.,1.23908819712629E-16,0.));
#9400=DIRECTION('',(-1.23908819712629E-16,1.,0.));
#9401=DIRECTION('',(1.23908819712629E-16,-1.,0.));
#9402=DIRECTION('',(8.76167666676214E-17,-0.707106781186547,0.707106781186548));
#9403=DIRECTION('',(1.23908819712629E-16,-1.,1.39897054514258E-16));
#9404=DIRECTION('',(1.,1.23908819712629E-16,0.));
#9405=DIRECTION('',(0.,1.,0.));
#9406=DIRECTION('',(-1.,-1.23908819712629E-16,0.));
#9407=DIRECTION('',(0.,1.,0.));
#9408=DIRECTION('',(1.13020197904263E-16,-0.912123916331224,0.4099145779996));
#9409=DIRECTION('',(-1.,-1.23908819712629E-16,0.));
#9410=DIRECTION('',(0.,1.,0.));
#9411=DIRECTION('',(-1.23439183684997E-16,0.996209825670836,0.0869826605530255));
#9412=DIRECTION('',(-1.,-1.23908819712629E-16,0.));
#9413=DIRECTION('',(-1.73472348906802E-16,1.,0.));
#9414=DIRECTION('',(-1.23908819712629E-16,1.,1.34813587703328E-31));
#9415=DIRECTION('',(-1.,-2.47817639425258E-16,0.));
#9416=DIRECTION('',(2.47817639425258E-16,-1.,0.));
#9417=DIRECTION('',(0.,-1.,1.39897054514258E-16));
#9418=DIRECTION('',(0.,-0.707106781186547,0.707106781186548));
#9419=DIRECTION('',(1.63037920674512E-16,1.,0.));
#9420=DIRECTION('',(0.,0.,-1.));
#9421=DIRECTION('',(1.63037920674512E-16,1.,0.));
#9422=DIRECTION('',(-1.,-1.23908819712629E-16,0.));
#9423=DIRECTION('',(0.,1.,0.));
#9424=DIRECTION('',(0.,0.996209825670836,0.0869826605530255));
#9425=DIRECTION('',(-1.,-1.23908819712629E-16,0.));
#9426=DIRECTION('',(0.,1.,0.));
#9427=DIRECTION('',(0.,-0.912123916331224,0.4099145779996));
#9428=DIRECTION('',(-1.,-1.23908819712629E-16,0.));
#9429=DIRECTION('',(0.,1.,0.));
#9430=DIRECTION('',(1.,1.23908819712629E-16,0.));
#9431=DIRECTION('',(0.,1.,0.));
#9432=DIRECTION('',(0.,0.,-1.));
#9433=DIRECTION('',(-1.,0.,0.));
#9434=DIRECTION('',(0.,0.,1.));
#9435=DIRECTION('',(1.,0.,0.));
#9436=DIRECTION('',(0.,0.,-1.));
#9437=DIRECTION('',(-4.69820941410385E-16,7.65986293768908E-32,-1.));
#9438=DIRECTION('',(-1.,0.,4.06575814682064E-16));
#9439=DIRECTION('',(-1.35525271560688E-16,-1.,0.));
#9440=DIRECTION('',(1.,-1.35525271560688E-16,0.));
#9441=DIRECTION('',(0.,0.,1.));
#9442=DIRECTION('',(1.35525271560688E-16,1.,0.));
#9443=DIRECTION('',(1.,0.,0.));
#9444=DIRECTION('',(0.,0.,-1.));
#9445=DIRECTION('',(1.35525271560688E-16,1.,0.));
#9446=DIRECTION('',(1.,0.,0.));
#9447=DIRECTION('',(0.,0.,1.));
#9448=DIRECTION('',(-1.,2.34422091348217E-16,0.));
#9449=DIRECTION('',(1.,-2.89120579329468E-16,3.61400724161834E-17));
#9450=DIRECTION('',(1.63037920674512E-16,1.,0.));
#9451=DIRECTION('',(-1.,0.,0.));
#9452=DIRECTION('',(1.,-1.35525271560688E-16,-4.69820941410385E-16));
#9453=DIRECTION('',(1.,-2.34422091348217E-16,0.));
#9454=DIRECTION('',(0.,0.,-1.));
#9455=DIRECTION('',(-1.,0.,0.));
#9456=DIRECTION('',(0.,0.,1.));
#9457=DIRECTION('',(-1.,0.,0.));
#9458=DIRECTION('',(0.,0.,-1.));
#9459=DIRECTION('',(1.,0.,0.));
#9460=DIRECTION('',(0.,0.,1.));
#9461=DIRECTION('',(1.,0.,0.));
#9462=DIRECTION('',(1.,0.,0.));
#9463=DIRECTION('',(-1.,0.,0.));
#9464=DIRECTION('',(1.,0.,0.));
#9465=DIRECTION('',(0.,0.,-1.));
#9466=DIRECTION('',(-1.,0.,0.));
#9467=DIRECTION('',(0.,0.,-1.));
#9468=DIRECTION('',(1.,0.,0.));
#9469=DIRECTION('',(0.,0.,-1.));
#9470=DIRECTION('',(0.,0.,1.));
#9471=DIRECTION('',(1.,0.,0.));
#9472=DIRECTION('',(1.,0.,0.));
#9473=DIRECTION('',(0.,-1.,0.));
#9474=DIRECTION('',(0.,0.,-1.));
#9475=DIRECTION('',(-1.,0.,0.));
#9476=DIRECTION('',(1.,1.23908819712629E-16,0.));
#9477=DIRECTION('',(1.63037920674512E-16,1.,0.));
#9478=DIRECTION('',(-1.,1.63037920674512E-16,0.));
#9479=DIRECTION('',(-1.63037920674512E-16,-1.,0.));
#9480=DIRECTION('',(-3.61400724161834E-17,5.89220225976083E-33,1.));
#9481=DIRECTION('',(1.,0.,3.61400724161834E-17));
#9482=DIRECTION('',(1.,1.23908819712629E-16,0.));
#9483=DIRECTION('',(1.63037920674512E-16,1.,0.));
#9484=DIRECTION('',(1.63037920674512E-16,1.,0.));
#9485=DIRECTION('',(-1.,0.,0.));
#9486=DIRECTION('',(1.63037920674512E-16,1.,0.));
#9487=DIRECTION('',(-4.69820941410385E-16,7.65986293768908E-32,-1.));
#9488=DIRECTION('',(-1.,0.,4.69820941410385E-16));
#9489=DIRECTION('',(1.,1.23908819712629E-16,0.));
#9490=DIRECTION('',(0.,0.,1.));
#9491=DIRECTION('',(1.,0.,0.));
#9492=DIRECTION('',(-1.,-1.23908819712629E-16,0.));
#9493=DIRECTION('',(1.63037920674512E-16,1.,0.));
#9494=DIRECTION('',(-1.,1.63037920674512E-16,0.));
#9495=DIRECTION('',(-1.63037920674512E-16,-1.,0.));
#9496=DIRECTION('',(-8.76167666676214E-17,0.707106781186548,0.707106781186547));
#9497=DIRECTION('',(0.,-0.707106781186547,0.707106781186548));
#9498=DIRECTION('',(1.,1.23908819712629E-16,0.));
#9499=DIRECTION('',(-1.73344789061351E-32,1.39897054514258E-16,1.));
#9500=DIRECTION('',(0.,-1.,1.39897054514258E-16));
#9501=DIRECTION('',(1.,1.23908819712629E-16,0.));
#9502=DIRECTION('',(1.,1.23908819712629E-16,0.));
#9503=DIRECTION('',(-1.23908819712629E-16,1.,0.));
#9504=DIRECTION('',(1.,1.23908819712629E-16,0.));
#9505=DIRECTION('',(1.,1.23908819712629E-16,0.));
#9506=DIRECTION('',(-1.23908819712629E-16,1.,0.));
#9507=DIRECTION('',(1.,1.23908819712629E-16,0.));
#9508=DIRECTION('',(-5.07920315429309E-17,0.4099145779996,0.912123916331224));
#9509=DIRECTION('',(0.,-0.912123916331224,0.4099145779996));
#9510=DIRECTION('',(1.,1.23908819712629E-16,0.));
#9511=DIRECTION('',(1.,1.23908819712629E-16,0.));
#9512=DIRECTION('',(-1.23908819712629E-16,1.,0.));
#9513=DIRECTION('',(1.,1.23908819712629E-16,0.));
#9514=DIRECTION('',(-1.07779188045897E-17,0.0869826605530255,-0.996209825670836));
#9515=DIRECTION('',(0.,0.996209825670836,0.0869826605530255));
#9516=DIRECTION('',(1.,1.23908819712629E-16,0.));
#9517=DIRECTION('',(1.,1.23908819712629E-16,0.));
#9518=DIRECTION('',(-1.23908819712629E-16,1.,0.));
#9519=DIRECTION('',(-3.46689578122702E-32,2.79794109028517E-16,-1.));
#9520=DIRECTION('',(0.,1.,2.79794109028517E-16));
#9521=DIRECTION('',(1.,1.23908819712629E-16,0.));
#9522=DIRECTION('',(1.,1.23908819712629E-16,0.));
#9523=DIRECTION('',(1.,1.23908819712629E-16,0.));
#9524=DIRECTION('',(-1.23908819712629E-16,1.,0.));
#9525=DIRECTION('',(1.,1.23908819712629E-16,0.));
#9526=DIRECTION('',(1.,1.23908819712629E-16,0.));
#9527=DIRECTION('',(-1.23908819712629E-16,1.,0.));
#9528=DIRECTION('',(1.,1.23908819712629E-16,0.));
#9529=DIRECTION('',(-5.07920315429309E-17,0.4099145779996,-0.912123916331224));
#9530=DIRECTION('',(0.,0.912123916331224,0.4099145779996));
#9531=DIRECTION('',(1.,1.23908819712629E-16,0.));
#9532=DIRECTION('',(1.,1.23908819712629E-16,0.));
#9533=DIRECTION('',(-1.23908819712629E-16,1.,0.));
#9534=DIRECTION('',(1.,1.23908819712629E-16,0.));
#9535=DIRECTION('',(-1.07779188045896E-17,0.0869826605530253,0.996209825670836));
#9536=DIRECTION('',(0.,-0.996209825670836,0.0869826605530253));
#9537=DIRECTION('',(1.,1.23908819712629E-16,0.));
#9538=DIRECTION('',(1.,1.23908819712629E-16,0.));
#9539=DIRECTION('',(-1.23908819712629E-16,1.,0.));
#9540=DIRECTION('',(-8.76167666676214E-17,0.707106781186548,-0.707106781186547));
#9541=DIRECTION('',(0.,0.707106781186547,0.707106781186548));
#9542=DIRECTION('',(0.,0.,-1.));
#9543=DIRECTION('',(1.,0.,0.));
#9544=DIRECTION('',(0.,-1.,0.));
#9545=DIRECTION('',(1.,0.,0.));
#9546=DIRECTION('',(1.,0.,0.));
#9547=DIRECTION('',(0.,0.,-1.));
#9548=DIRECTION('',(1.,0.,0.));
#9549=DIRECTION('',(0.,0.,-1.));
#9550=DIRECTION('',(-1.,0.,0.));
#9551=DIRECTION('',(0.,0.,1.));
#9552=DIRECTION('',(-1.,0.,0.));
#9553=DIRECTION('',(0.,0.,-1.));
#9554=DIRECTION('',(1.,0.,0.));
#9555=DIRECTION('',(0.,0.,1.));
#9556=DIRECTION('',(-1.,0.,0.));
#9557=DIRECTION('',(0.,0.,1.));
#9558=DIRECTION('',(-1.,0.,0.));
#9559=DIRECTION('',(0.,0.,1.));
#9560=DIRECTION('',(1.,0.,0.));
#9561=DIRECTION('',(0.,0.,-1.));
#9562=DIRECTION('',(-1.,0.,0.));
#9563=DIRECTION('',(0.,0.,1.));
#9564=DIRECTION('',(1.,0.,0.));
#9565=DIRECTION('',(0.,0.,-1.));
#9566=DIRECTION('',(0.,-1.,0.));
#9567=DIRECTION('',(0.,0.,-1.));
#9568=DIRECTION('',(1.,0.,0.));
#9569=DIRECTION('',(0.,0.,-1.));
#9570=DIRECTION('',(0.,-1.,0.));
#9571=DIRECTION('',(0.,0.,-1.));
#9572=DIRECTION('',(1.,0.,0.));
#9573=DIRECTION('',(0.,0.,-1.));
#9574=DIRECTION('',(1.,-6.12323399573677E-17,-1.60812264967664E-16));
#9575=DIRECTION('',(6.12323399573677E-17,1.,0.));
#9576=DIRECTION('',(0.,-1.50976803827398E-16,1.));
#9577=DIRECTION('',(0.,-1.,0.));
#9578=DIRECTION('',(0.,-1.50976803827398E-16,1.));
#9579=DIRECTION('',(0.,1.59148942750165E-16,-1.));
#9580=DIRECTION('',(0.,1.,0.));
#9581=DIRECTION('',(0.,1.50976803827398E-16,-1.));
#9582=DIRECTION('',(0.,-0.707106781186548,0.707106781186547));
#9583=DIRECTION('',(0.,0.707106781186547,0.707106781186548));
#9584=DIRECTION('',(0.,-1.,0.));
#9585=DIRECTION('',(0.,0.,-1.));
#9586=DIRECTION('',(0.,-1.,0.));
#9587=DIRECTION('',(0.,1.,0.));
#9588=DIRECTION('',(0.,-1.,0.));
#9589=DIRECTION('',(0.,0.,-1.));
#9590=DIRECTION('',(0.,-1.,0.));
#9591=DIRECTION('',(0.,0.,-1.));
#9592=DIRECTION('',(0.,-1.,0.));
#9593=DIRECTION('',(0.,1.,0.));
#9594=DIRECTION('',(0.,-1.,0.));
#9595=DIRECTION('',(0.,0.,-1.));
#9596=DIRECTION('',(0.,1.,0.));
#9597=DIRECTION('',(0.,0.,1.));
#9598=DIRECTION('',(0.,-1.,0.));
#9599=DIRECTION('',(0.,0.,-1.));
#9600=DIRECTION('',(0.,1.,0.));
#9601=DIRECTION('',(0.,0.,1.));
#9602=DIRECTION('',(0.,-1.,0.));
#9603=DIRECTION('',(0.,0.,-1.));
#9604=DIRECTION('',(0.,1.,0.));
#9605=DIRECTION('',(0.,0.,1.));
#9606=DIRECTION('',(0.,1.59148942750165E-16,-1.));
#9607=DIRECTION('',(0.,1.,0.));
#9608=DIRECTION('',(0.,1.59148942750165E-16,-1.));
#9609=DIRECTION('',(0.,1.,0.));
#9610=DIRECTION('',(0.,1.59148942750165E-16,-1.));
#9611=DIRECTION('',(0.,1.59148942750165E-16,-1.));
#9612=DIRECTION('',(0.,1.,0.));
#9613=DIRECTION('',(0.,1.59148942750165E-16,-1.));
#9614=DIRECTION('',(0.,1.59148942750165E-16,-1.));
#9615=DIRECTION('',(0.,1.,1.59148942750165E-16));
#9616=DIRECTION('',(8.67361737988404E-17,1.,0.));
#9617=DIRECTION('',(8.67361737988404E-17,-1.,0.));
#9618=DIRECTION('',(0.,1.50976803827398E-16,-1.));
#9619=DIRECTION('',(0.,1.,1.50976803827398E-16));
#9620=DIRECTION('',(0.,1.59148942750165E-16,-1.));
#9621=DIRECTION('',(0.,1.,0.));
#9622=DIRECTION('',(0.,1.59148942750165E-16,-1.));
#9623=DIRECTION('',(0.,1.,0.));
#9624=DIRECTION('',(0.,1.59148942750165E-16,-1.));
#9625=DIRECTION('',(0.,1.,0.));
#9626=DIRECTION('',(0.,1.59148942750165E-16,-1.));
#9627=DIRECTION('',(0.,1.,1.59148942750165E-16));
#9628=DIRECTION('',(-1.,8.67361737988404E-17,0.));
#9629=DIRECTION('',(-8.67361737988404E-17,-1.,0.));
#9630=DIRECTION('',(1.,8.67361737988404E-17,0.));
#9631=DIRECTION('',(-8.67361737988404E-17,1.,0.));
#9632=DIRECTION('',(-1.12246949261663E-14,1.,6.12323399573677E-17));
#9633=DIRECTION('',(-1.,-1.12246949261663E-14,0.));
#9634=DIRECTION('',(0.,-1.23643868565703E-16,1.));
#9635=DIRECTION('',(0.,-1.,0.));
#9636=DIRECTION('',(0.,-1.23643868565703E-16,1.));
#9637=DIRECTION('',(0.,-5.5258476016517E-15,-1.));
#9638=DIRECTION('',(0.,1.,-6.93889390390722E-15));
#9639=DIRECTION('',(0.,1.23643868565703E-16,-1.));
#9640=DIRECTION('',(0.,-0.70710678118655,0.707106781186545));
#9641=DIRECTION('',(0.,0.707106781186545,0.70710678118655));
#9642=DIRECTION('',(0.,-1.23643868565703E-16,1.));
#9643=DIRECTION('',(0.,-1.,0.));
#9644=DIRECTION('',(0.,1.23643868565703E-16,-1.));
#9645=DIRECTION('',(0.,-0.70710678118655,0.707106781186545));
#9646=DIRECTION('',(0.,-0.707106781186545,-0.70710678118655));
#9647=DIRECTION('',(0.,-1.23643868565703E-16,1.));
#9648=DIRECTION('',(0.,-5.5258476016517E-15,-1.));
#9649=DIRECTION('',(0.,1.,-6.93889390390722E-15));
#9650=DIRECTION('',(0.,-1.,-6.09781585494878E-15));
#9651=DIRECTION('',(0.,6.93889390390723E-15,-1.));
#9652=DIRECTION('',(0.,-1.,-6.09781585494878E-15));
#9653=DIRECTION('',(0.,1.,6.09781585494878E-15));
#9654=DIRECTION('',(0.,-1.,0.));
#9655=DIRECTION('',(0.,0.,-1.));
#9656=DIRECTION('',(0.,-1.,-6.09781585494878E-15));
#9657=DIRECTION('',(0.,6.93889390390723E-15,-1.));
#9658=DIRECTION('',(0.,1.,6.09781585494878E-15));
#9659=DIRECTION('',(0.,-1.,0.));
#9660=DIRECTION('',(0.,0.,-1.));
#9661=DIRECTION('',(0.,-1.,-6.09781585494878E-15));
#9662=DIRECTION('',(0.,1.,0.));
#9663=DIRECTION('',(0.,0.,1.));
#9664=DIRECTION('',(0.,-1.,0.));
#9665=DIRECTION('',(0.,0.,-1.));
#9666=DIRECTION('',(0.,1.,0.));
#9667=DIRECTION('',(0.,0.,1.));
#9668=DIRECTION('',(0.,-1.,0.));
#9669=DIRECTION('',(0.,0.,-1.));
#9670=DIRECTION('',(0.,1.,0.));
#9671=DIRECTION('',(0.,0.,1.));
#9672=DIRECTION('',(0.,-5.5258476016517E-15,-1.));
#9673=DIRECTION('',(0.,1.,-4.95635278850518E-15));
#9674=DIRECTION('',(0.,-5.5258476016517E-15,-1.));
#9675=DIRECTION('',(0.,1.,-4.95635278850518E-15));
#9676=DIRECTION('',(0.,-5.5258476016517E-15,-1.));
#9677=DIRECTION('',(0.,1.,-4.95635278850518E-15));
#9678=DIRECTION('',(0.,-5.5258476016517E-15,-1.));
#9679=DIRECTION('',(0.,1.,-5.5258476016517E-15));
#9680=DIRECTION('',(1.0842021724855E-16,-1.,0.));
#9681=DIRECTION('',(1.0842021724855E-16,1.,0.));
#9682=DIRECTION('',(0.,-5.97417198638308E-15,-1.));
#9683=DIRECTION('',(0.,1.,-5.97417198638308E-15));
#9684=DIRECTION('',(0.,-5.5258476016517E-15,-1.));
#9685=DIRECTION('',(0.,1.,-6.93889390390722E-15));
#9686=DIRECTION('',(0.,-5.5258476016517E-15,-1.));
#9687=DIRECTION('',(0.,1.,-6.93889390390722E-15));
#9688=DIRECTION('',(0.,-5.5258476016517E-15,-1.));
#9689=DIRECTION('',(0.,1.,-6.93889390390722E-15));
#9690=DIRECTION('',(0.,-5.5258476016517E-15,-1.));
#9691=DIRECTION('',(0.,1.,-5.5258476016517E-15));
#9692=DIRECTION('',(-1.,1.0842021724855E-16,0.));
#9693=DIRECTION('',(-1.0842021724855E-16,-1.,0.));
#9694=DIRECTION('',(1.,1.0842021724855E-16,0.));
#9695=DIRECTION('',(-1.0842021724855E-16,1.,0.));
#9696=DIRECTION('',(-1.12246949261663E-14,1.,6.12323399573677E-17));
#9697=DIRECTION('',(-1.,-1.12246949261663E-14,0.));
#9698=DIRECTION('',(0.,-1.04690614120507E-16,1.));
#9699=DIRECTION('',(0.,-1.,0.));
#9700=DIRECTION('',(0.,-1.04690614120507E-16,1.));
#9701=DIRECTION('',(0.,-4.85722573273506E-15,-1.));
#9702=DIRECTION('',(0.,1.,-3.46944695195361E-15));
#9703=DIRECTION('',(0.,1.04690614120507E-16,-1.));
#9704=DIRECTION('',(0.,-0.707106781186549,0.707106781186546));
#9705=DIRECTION('',(0.,0.707106781186546,0.70710678118655));
#9706=DIRECTION('',(0.,-1.04690614120507E-16,1.));
#9707=DIRECTION('',(0.,-1.,0.));
#9708=DIRECTION('',(0.,1.04690614120507E-16,-1.));
#9709=DIRECTION('',(0.,-0.707106781186549,0.707106781186546));
#9710=DIRECTION('',(0.,-0.707106781186546,-0.70710678118655));
#9711=DIRECTION('',(0.,-1.04690614120507E-16,1.));
#9712=DIRECTION('',(0.,-4.85722573273506E-15,-1.));
#9713=DIRECTION('',(0.,1.,-3.46944695195361E-15));
#9714=DIRECTION('',(0.,-1.,-5.34611910768623E-15));
#9715=DIRECTION('',(0.,6.93889390390723E-15,-1.));
#9716=DIRECTION('',(0.,-1.,-5.34611910768623E-15));
#9717=DIRECTION('',(0.,1.,5.34611910768623E-15));
#9718=DIRECTION('',(0.,-1.,0.));
#9719=DIRECTION('',(0.,0.,-1.));
#9720=DIRECTION('',(0.,-1.,-5.34611910768623E-15));
#9721=DIRECTION('',(0.,6.93889390390723E-15,-1.));
#9722=DIRECTION('',(0.,1.,5.34611910768623E-15));
#9723=DIRECTION('',(0.,-1.,0.));
#9724=DIRECTION('',(0.,0.,-1.));
#9725=DIRECTION('',(0.,-1.,-5.34611910768623E-15));
#9726=DIRECTION('',(0.,1.,0.));
#9727=DIRECTION('',(0.,0.,1.));
#9728=DIRECTION('',(0.,-1.,0.));
#9729=DIRECTION('',(0.,0.,-1.));
#9730=DIRECTION('',(0.,1.,0.));
#9731=DIRECTION('',(0.,0.,1.));
#9732=DIRECTION('',(0.,-1.,0.));
#9733=DIRECTION('',(0.,0.,-1.));
#9734=DIRECTION('',(0.,1.,0.));
#9735=DIRECTION('',(0.,0.,1.));
#9736=DIRECTION('',(0.,-4.85722573273506E-15,-1.));
#9737=DIRECTION('',(0.,1.,-4.95635278850518E-15));
#9738=DIRECTION('',(0.,-4.85722573273506E-15,-1.));
#9739=DIRECTION('',(0.,1.,-4.95635278850518E-15));
#9740=DIRECTION('',(0.,-4.85722573273506E-15,-1.));
#9741=DIRECTION('',(0.,1.,-4.95635278850518E-15));
#9742=DIRECTION('',(0.,-4.85722573273506E-15,-1.));
#9743=DIRECTION('',(0.,1.,-4.85722573273506E-15));
#9744=DIRECTION('',(1.0842021724855E-16,-1.,0.));
#9745=DIRECTION('',(1.0842021724855E-16,1.,0.));
#9746=DIRECTION('',(0.,-5.24142849356572E-15,-1.));
#9747=DIRECTION('',(0.,1.,-5.24142849356572E-15));
#9748=DIRECTION('',(0.,-4.85722573273506E-15,-1.));
#9749=DIRECTION('',(0.,1.,-6.93889390390722E-15));
#9750=DIRECTION('',(0.,-4.85722573273506E-15,-1.));
#9751=DIRECTION('',(0.,1.,-3.46944695195361E-15));
#9752=DIRECTION('',(0.,-4.85722573273506E-15,-1.));
#9753=DIRECTION('',(0.,1.,-3.46944695195361E-15));
#9754=DIRECTION('',(0.,-4.85722573273506E-15,-1.));
#9755=DIRECTION('',(0.,1.,-4.85722573273506E-15));
#9756=DIRECTION('',(-1.,1.0842021724855E-16,0.));
#9757=DIRECTION('',(-1.0842021724855E-16,-1.,0.));
#9758=DIRECTION('',(1.,1.0842021724855E-16,0.));
#9759=DIRECTION('',(-1.0842021724855E-16,1.,0.));
#9760=DIRECTION('',(-6.78380282766567E-15,1.,-4.82374896839332E-15));
#9761=DIRECTION('',(-1.,-6.78380282766567E-15,0.));
#9762=DIRECTION('',(-1.12246949261663E-14,1.,6.12323399573677E-17));
#9763=DIRECTION('',(-1.,-1.12246949261663E-14,0.));
#9764=DIRECTION('',(-1.12246949261663E-14,1.,6.12323399573677E-17));
#9765=DIRECTION('',(-1.,-1.12246949261663E-14,0.));
#9766=DIRECTION('',(-1.12246949261663E-14,1.,6.12323399573677E-17));
#9767=DIRECTION('',(-1.,-1.12246949261663E-14,0.));
#9768=DIRECTION('',(-1.12246949261663E-14,1.,6.12323399573677E-17));
#9769=DIRECTION('',(-1.,-1.12246949261663E-14,0.));
#9770=DIRECTION('',(-6.78380282766567E-15,1.,-4.82374896839332E-15));
#9771=DIRECTION('',(-1.,-6.78380282766567E-15,0.));
#9772=DIRECTION('',(-6.78380282766567E-15,1.,-4.82374896839332E-15));
#9773=DIRECTION('',(-1.,-6.78380282766567E-15,0.));
#9774=DIRECTION('',(-6.78380282766567E-15,1.,-4.82374896839332E-15));
#9775=DIRECTION('',(-1.,-6.78380282766567E-15,0.));
#9776=DIRECTION('',(-6.78380282766567E-15,1.,-4.82374896839332E-15));
#9777=DIRECTION('',(-1.,-6.78380282766567E-15,0.));
#9778=DIRECTION('',(-1.12246949261663E-14,1.,6.12323399573677E-17));
#9779=DIRECTION('',(-1.,-1.12246949261663E-14,0.));
#9780=DIRECTION('',(-1.12246949261663E-14,1.,6.12323399573677E-17));
#9781=DIRECTION('',(-1.,-1.12246949261663E-14,0.));
#9782=DIRECTION('',(-1.12246949261663E-14,1.,6.12323399573677E-17));
#9783=DIRECTION('',(-1.,-1.12246949261663E-14,0.));
#9784=DIRECTION('',(-1.12246949261663E-14,1.,6.12323399573677E-17));
#9785=DIRECTION('',(-1.,-1.12246949261663E-14,0.));
#9786=DIRECTION('',(-1.,0.,0.));
#9787=DIRECTION('',(0.,0.,1.));
#9788=DIRECTION('',(0.,-1.,6.12323399573677E-17));
#9789=DIRECTION('',(0.,-6.12323399573677E-17,-1.));
#9790=DIRECTION('',(0.,1.,2.02307270281928E-16));
#9791=DIRECTION('',(0.,7.84033788281038E-16,1.));
#9792=DIRECTION('',(0.,1.,-6.12323399573677E-17));
#9793=DIRECTION('',(0.,6.12323399573677E-17,1.));
#9794=DIRECTION('',(0.,-6.12323399573677E-17,-1.));
#9795=DIRECTION('',(-1.,0.,0.));
#9796=DIRECTION('',(-1.,0.,0.));
#9797=DIRECTION('',(0.,-2.02307270281928E-16,1.));
#9798=DIRECTION('',(0.,-1.,-2.02307270281928E-16));
#9799=DIRECTION('',(0.,1.,2.02307270281928E-16));
#9800=DIRECTION('',(-1.,0.,0.));
#9801=DIRECTION('',(0.,-6.12323399573677E-17,-1.));
#9802=DIRECTION('',(0.,1.,-6.12323399573677E-17));
#9803=DIRECTION('',(0.,-1.,6.12323399573677E-17));
#9804=DIRECTION('',(-1.,0.,0.));
#9805=DIRECTION('',(0.,0.,1.));
#9806=DIRECTION('',(1.,0.,0.));
#9807=DIRECTION('',(1.,0.,0.));
#9808=DIRECTION('',(0.,1.,0.));
#9809=DIRECTION('',(1.,0.,0.));
#9810=DIRECTION('',(0.,-1.,0.));
#9811=DIRECTION('',(0.,1.,-6.12323399573676E-17));
#9812=DIRECTION('',(0.,6.12323399573676E-17,1.));
#9813=DIRECTION('',(0.,6.12323399573677E-17,1.));
#9814=DIRECTION('',(0.,-1.,6.12323399573676E-17));
#9815=DIRECTION('',(0.,6.12323399573677E-17,1.));
#9816=DIRECTION('',(0.,6.12323399573677E-17,1.));
#9817=DIRECTION('',(0.,6.12323399573677E-17,1.));
#9818=DIRECTION('',(-1.,0.,0.));
#9819=DIRECTION('',(0.,-6.12323399573676E-17,-1.));
#9820=DIRECTION('',(-1.,0.,0.));
#9821=DIRECTION('',(0.,6.12323399573677E-17,1.));
#9822=DIRECTION('',(-1.,0.,0.));
#9823=DIRECTION('',(0.,-6.12323399573676E-17,-1.));
#9824=DIRECTION('',(-1.,0.,0.));
#9825=DIRECTION('',(0.,6.12323399573677E-17,1.));
#9826=DIRECTION('',(-1.,0.,0.));
#9827=DIRECTION('',(0.,6.12323399573676E-17,1.));
#9828=DIRECTION('',(-1.,0.,0.));
#9829=DIRECTION('',(0.,6.12323399573677E-17,1.));
#9830=DIRECTION('',(-1.,0.,0.));
#9831=DIRECTION('',(0.,-6.61569108366302E-16,1.));
#9832=DIRECTION('',(-1.,0.,0.));
#9833=DIRECTION('',(0.,6.12323399573677E-17,1.));
#9834=DIRECTION('',(1.,0.,0.));
#9835=DIRECTION('',(0.,-1.,6.12323399573676E-17));
#9836=DIRECTION('',(0.,6.12323399573677E-17,1.));
#9837=DIRECTION('',(0.,0.,-1.));
#9838=DIRECTION('',(-1.,0.,0.));
#9839=DIRECTION('',(1.,0.,0.));
#9840=DIRECTION('',(0.,-1.,0.));
#9841=DIRECTION('',(0.,1.,0.));
#9842=DIRECTION('',(1.,0.,0.));
#9843=DIRECTION('',(0.,0.,-1.));
#9844=DIRECTION('',(1.,0.,0.));
#9845=DIRECTION('',(1.,0.,0.));
#9846=DIRECTION('',(0.,0.,-1.));
#9847=DIRECTION('',(-1.,0.,0.));
#9848=DIRECTION('',(0.,0.,-1.));
#9849=DIRECTION('',(0.,-0.20791169081776,-0.978147600733805));
#9850=DIRECTION('',(0.,0.978147600733805,-0.20791169081776));
#9851=DIRECTION('',(1.,0.,0.));
#9852=DIRECTION('',(0.,-0.978147600733805,0.20791169081776));
#9853=DIRECTION('',(0.,0.978147600733805,-0.20791169081776));
#9854=DIRECTION('',(0.,-1.,6.75870933376517E-17));
#9855=DIRECTION('',(0.,-6.75870933376517E-17,-1.));
#9856=DIRECTION('',(1.,0.,0.));
#9857=DIRECTION('',(0.,-1.,6.75870933376517E-17));
#9858=DIRECTION('',(0.,-6.75870933376517E-17,-1.));
#9859=DIRECTION('',(0.,-6.75870933376517E-17,-1.));
#9860=DIRECTION('',(0.,-1.,6.75870933376517E-17));
#9861=DIRECTION('',(0.,-6.75870933376517E-17,-1.));
#9862=DIRECTION('',(0.,-6.75870933376517E-17,-1.));
#9863=DIRECTION('',(1.,0.,0.));
#9864=DIRECTION('',(0.,0.,1.));
#9865=DIRECTION('',(1.,0.,0.));
#9866=DIRECTION('',(0.,0.,1.));
#9867=DIRECTION('',(1.,0.,0.));
#9868=DIRECTION('',(0.,0.,1.));
#9869=DIRECTION('',(1.,0.,0.));
#9870=DIRECTION('',(0.,0.,1.));
#9871=DIRECTION('',(1.,0.,0.));
#9872=DIRECTION('',(0.,0.,1.));
#9873=DIRECTION('',(1.,0.,0.));
#9874=DIRECTION('',(0.,0.,1.));
#9875=DIRECTION('',(1.,0.,0.));
#9876=DIRECTION('',(0.,0.,1.));
#9877=DIRECTION('',(1.,0.,0.));
#9878=DIRECTION('',(0.,0.,1.));
#9879=DIRECTION('',(1.,0.,0.));
#9880=DIRECTION('',(0.,0.,1.));
#9881=DIRECTION('',(1.,0.,0.));
#9882=DIRECTION('',(0.,-6.75870933376517E-17,-1.));
#9883=DIRECTION('',(0.,-0.20791169081776,0.978147600733805));
#9884=DIRECTION('',(0.,-0.978147600733805,-0.20791169081776));
#9885=DIRECTION('',(0.,0.978147600733805,0.20791169081776));
#9886=DIRECTION('',(0.,-0.978147600733805,-0.20791169081776));
#9887=DIRECTION('',(1.,0.,0.));
#9888=DIRECTION('',(1.,0.,0.));
#9889=DIRECTION('',(0.,0.,-1.));
#9890=DIRECTION('',(1.,0.,0.));
#9891=DIRECTION('',(0.,0.,-1.));
#9892=DIRECTION('',(-1.,0.,0.));
#9893=DIRECTION('',(0.,0.,-1.));
#9894=DIRECTION('',(1.,0.,0.));
#9895=DIRECTION('',(0.,0.,-1.));
#9896=DIRECTION('',(0.,-0.978147600733805,-0.20791169081776));
#9897=DIRECTION('',(-1.,0.,0.));
#9898=DIRECTION('',(0.,-1.05322496755734E-14,-1.));
#9899=DIRECTION('',(0.,-1.,0.));
#9900=DIRECTION('',(0.,1.,0.));
#9901=DIRECTION('',(-1.,0.,0.));
#9902=DIRECTION('',(0.,0.,-1.));
#9903=DIRECTION('',(0.,0.978147600733805,-0.20791169081776));
#9904=DIRECTION('',(0.,-1.,-2.168404344971E-16));
#9905=DIRECTION('',(0.,2.168404344971E-16,-1.));
#9906=DIRECTION('',(0.,2.168404344971E-16,-1.));
#9907=DIRECTION('',(1.,0.,0.));
#9908=DIRECTION('',(0.,2.168404344971E-16,-1.));
#9909=DIRECTION('',(1.,0.,0.));
#9910=DIRECTION('',(0.,-3.55476122126395E-16,1.));
#9911=DIRECTION('',(0.,-1.,-3.55476122126395E-16));
#9912=DIRECTION('',(0.,-1.,-3.55476122126395E-16));
#9913=DIRECTION('',(1.,0.,0.));
#9914=DIRECTION('',(0.,-1.,-3.55476122126395E-16));
#9915=DIRECTION('',(0.,-1.,-3.55476122126395E-16));
#9916=DIRECTION('',(0.,7.10952244252789E-16,-1.));
#9917=DIRECTION('',(0.,1.,7.10952244252789E-16));
#9918=DIRECTION('',(0.,1.,7.10952244252789E-16));
#9919=DIRECTION('',(-1.,0.,0.));
#9920=DIRECTION('',(0.,1.,7.10952244252789E-16));
#9921=DIRECTION('',(0.,1.,7.10952244252789E-16));
#9922=DIRECTION('',(-1.,0.,0.));
#9923=DIRECTION('',(0.,0.,1.));
#9924=DIRECTION('',(0.,-3.55476122126395E-16,1.));
#9925=DIRECTION('',(0.,-1.,-3.55476122126395E-16));
#9926=DIRECTION('',(0.,-1.,-3.55476122126395E-16));
#9927=DIRECTION('',(1.,0.,0.));
#9928=DIRECTION('',(0.,-1.,-3.55476122126395E-16));
#9929=DIRECTION('',(1.,0.,0.));
#9930=DIRECTION('',(0.,-1.,-3.55476122126395E-16));
#9931=DIRECTION('',(0.,7.10952244252789E-16,-1.));
#9932=DIRECTION('',(0.,1.,7.10952244252789E-16));
#9933=DIRECTION('',(0.,1.,7.10952244252789E-16));
#9934=DIRECTION('',(0.,1.,7.10952244252789E-16));
#9935=DIRECTION('',(1.,0.,0.));
#9936=DIRECTION('',(0.,-1.,-2.168404344971E-16));
#9937=DIRECTION('',(0.,2.168404344971E-16,-1.));
#9938=DIRECTION('',(0.,2.168404344971E-16,-1.));
#9939=DIRECTION('',(0.,2.168404344971E-16,-1.));
#9940=DIRECTION('',(1.,0.,0.));
#9941=DIRECTION('',(0.,0.,-1.));
#9942=DIRECTION('',(0.,-1.,-2.168404344971E-16));
#9943=DIRECTION('',(0.,2.168404344971E-16,-1.));
#9944=DIRECTION('',(0.,2.168404344971E-16,-1.));
#9945=DIRECTION('',(1.,0.,0.));
#9946=DIRECTION('',(0.,2.168404344971E-16,-1.));
#9947=DIRECTION('',(1.,0.,0.));
#9948=DIRECTION('',(0.,-2.84380897701116E-16,1.));
#9949=DIRECTION('',(0.,-1.,-2.84380897701116E-16));
#9950=DIRECTION('',(0.,-1.,-2.84380897701116E-16));
#9951=DIRECTION('',(0.,-1.,-2.84380897701116E-16));
#9952=DIRECTION('',(0.,7.10952244252789E-16,-1.));
#9953=DIRECTION('',(0.,1.,7.10952244252789E-16));
#9954=DIRECTION('',(0.,1.,7.10952244252789E-16));
#9955=DIRECTION('',(-1.,0.,0.));
#9956=DIRECTION('',(0.,1.,7.10952244252789E-16));
#9957=DIRECTION('',(0.,1.,7.10952244252789E-16));
#9958=DIRECTION('',(-1.,0.,0.));
#9959=DIRECTION('',(0.,0.,1.));
#9960=DIRECTION('',(0.,-1.,-2.168404344971E-16));
#9961=DIRECTION('',(0.,2.168404344971E-16,-1.));
#9962=DIRECTION('',(0.,2.168404344971E-16,-1.));
#9963=DIRECTION('',(1.,0.,0.));
#9964=DIRECTION('',(0.,2.168404344971E-16,-1.));
#9965=DIRECTION('',(1.,0.,0.));
#9966=DIRECTION('',(0.,-3.55476122126395E-16,1.));
#9967=DIRECTION('',(0.,-1.,-3.55476122126395E-16));
#9968=DIRECTION('',(0.,-1.,-3.55476122126395E-16));
#9969=DIRECTION('',(1.,0.,0.));
#9970=DIRECTION('',(0.,-1.,-3.55476122126395E-16));
#9971=DIRECTION('',(0.,-1.,-3.55476122126395E-16));
#9972=DIRECTION('',(0.,7.10952244252789E-16,-1.));
#9973=DIRECTION('',(0.,1.,7.10952244252789E-16));
#9974=DIRECTION('',(0.,1.,7.10952244252789E-16));
#9975=DIRECTION('',(-1.,0.,0.));
#9976=DIRECTION('',(0.,1.,7.10952244252789E-16));
#9977=DIRECTION('',(0.,1.,7.10952244252789E-16));
#9978=DIRECTION('',(-1.,0.,0.));
#9979=DIRECTION('',(0.,0.,1.));
#9980=DIRECTION('',(0.,-1.,-2.168404344971E-16));
#9981=DIRECTION('',(0.,2.168404344971E-16,-1.));
#9982=DIRECTION('',(0.,2.168404344971E-16,-1.));
#9983=DIRECTION('',(1.,0.,0.));
#9984=DIRECTION('',(0.,2.168404344971E-16,-1.));
#9985=DIRECTION('',(1.,0.,0.));
#9986=DIRECTION('',(0.,-3.55476122126395E-16,1.));
#9987=DIRECTION('',(0.,-1.,-3.55476122126395E-16));
#9988=DIRECTION('',(0.,-1.,-3.55476122126395E-16));
#9989=DIRECTION('',(1.,0.,0.));
#9990=DIRECTION('',(0.,-1.,-3.55476122126395E-16));
#9991=DIRECTION('',(0.,-1.,-3.55476122126395E-16));
#9992=DIRECTION('',(0.,7.10952244252789E-16,-1.));
#9993=DIRECTION('',(0.,1.,7.10952244252789E-16));
#9994=DIRECTION('',(0.,1.,7.10952244252789E-16));
#9995=DIRECTION('',(-1.,0.,0.));
#9996=DIRECTION('',(0.,1.,7.10952244252789E-16));
#9997=DIRECTION('',(0.,1.,7.10952244252789E-16));
#9998=DIRECTION('',(-1.,0.,0.));
#9999=DIRECTION('',(0.,0.,1.));
#10000=DIRECTION('',(-1.,0.,0.));
#10001=DIRECTION('',(0.,0.,1.));
#10002=DIRECTION('',(0.,0.,-1.));
#10003=DIRECTION('',(0.,-1.,0.));
#10004=DIRECTION('',(0.,0.,-1.));
#10005=DIRECTION('',(0.,0.,-1.));
#10006=DIRECTION('',(-1.,0.,0.));
#10007=DIRECTION('',(0.,0.,1.));
#10008=DIRECTION('',(-1.,0.,0.));
#10009=DIRECTION('',(0.,0.,-1.));
#10010=DIRECTION('',(-1.,0.,0.));
#10011=DIRECTION('',(0.,0.,1.));
#10012=DIRECTION('',(0.,0.,-1.));
#10013=DIRECTION('',(0.,-1.,0.));
#10014=DIRECTION('',(0.,0.,-1.));
#10015=DIRECTION('',(0.,0.,-1.));
#10016=DIRECTION('',(-1.,0.,0.));
#10017=DIRECTION('',(0.,0.,1.));
#10018=DIRECTION('',(-1.,0.,0.));
#10019=DIRECTION('',(0.,0.,-1.));
#10020=DIRECTION('',(-1.,0.,0.));
#10021=DIRECTION('',(0.,0.,1.));
#10022=DIRECTION('',(0.,0.,-1.));
#10023=DIRECTION('',(0.,-1.,0.));
#10024=DIRECTION('',(0.,0.,-1.));
#10025=DIRECTION('',(0.,0.,-1.));
#10026=DIRECTION('',(-1.,0.,0.));
#10027=DIRECTION('',(0.,0.,1.));
#10028=DIRECTION('',(-1.,0.,0.));
#10029=DIRECTION('',(0.,0.,-1.));
#10030=DIRECTION('',(0.,-1.,0.));
#10031=DIRECTION('',(0.,0.,-1.));
#10032=DIRECTION('',(0.,0.,-1.));
#10033=DIRECTION('',(-1.,0.,0.));
#10034=DIRECTION('',(0.,0.,1.));
#10035=DIRECTION('',(-1.,0.,0.));
#10036=DIRECTION('',(0.,0.,-1.));
#10037=DIRECTION('',(0.,0.,-1.));
#10038=DIRECTION('',(-1.,0.,0.));
#10039=DIRECTION('',(0.,0.,1.));
#10040=DIRECTION('',(0.,7.74430123203931E-17,-1.));
#10041=DIRECTION('',(0.,1.,7.74430123203931E-17));
#10042=DIRECTION('',(0.,-1.,-7.74430123203931E-17));
#10043=DIRECTION('',(0.,-1.,-7.74430123203931E-17));
#10044=DIRECTION('',(0.,3.87215061601966E-16,1.));
#10045=DIRECTION('',(0.,-1.,3.87215061601966E-16));
#10046=DIRECTION('',(0.,1.,-3.87215061601966E-16));
#10047=DIRECTION('',(0.,1.,-3.87215061601966E-16));
#10048=DIRECTION('',(1.,0.,0.));
#10049=DIRECTION('',(0.,0.,-1.));
#10050=DIRECTION('',(0.,1.54886024640786E-16,-1.));
#10051=DIRECTION('',(0.,1.,1.54886024640786E-16));
#10052=DIRECTION('',(0.,-1.,-1.54886024640786E-16));
#10053=DIRECTION('',(0.,-1.,-1.54886024640786E-16));
#10054=DIRECTION('',(0.,1.0842021724855E-15,1.));
#10055=DIRECTION('',(0.,-1.,1.0842021724855E-15));
#10056=DIRECTION('',(0.,1.,-1.0842021724855E-15));
#10057=DIRECTION('',(0.,1.,-1.0842021724855E-15));
#10058=DIRECTION('',(1.,0.,0.));
#10059=DIRECTION('',(0.,0.,-1.));
#10060=DIRECTION('',(0.,9.29316147844718E-16,-1.));
#10061=DIRECTION('',(0.,1.,9.29316147844718E-16));
#10062=DIRECTION('',(0.,-1.,-9.29316147844718E-16));
#10063=DIRECTION('',(0.,-1.,-9.29316147844718E-16));
#10064=DIRECTION('',(0.,4.64658073922359E-16,1.));
#10065=DIRECTION('',(0.,-1.,4.64658073922359E-16));
#10066=DIRECTION('',(0.,1.,-4.64658073922359E-16));
#10067=DIRECTION('',(0.,1.,-4.64658073922359E-16));
#10068=DIRECTION('',(1.,0.,0.));
#10069=DIRECTION('',(0.,0.,-1.));
#10070=DIRECTION('',(0.,3.87215061601966E-16,-1.));
#10071=DIRECTION('',(0.,1.,3.87215061601966E-16));
#10072=DIRECTION('',(0.,-1.,-3.87215061601966E-16));
#10073=DIRECTION('',(0.,-1.,-3.87215061601966E-16));
#10074=DIRECTION('',(0.,7.74430123203931E-17,1.));
#10075=DIRECTION('',(0.,-1.,7.74430123203931E-17));
#10076=DIRECTION('',(0.,1.,-7.74430123203931E-17));
#10077=DIRECTION('',(0.,1.,-7.74430123203931E-17));
#10078=DIRECTION('',(1.,0.,0.));
#10079=DIRECTION('',(0.,0.,-1.));
#10080=DIRECTION('',(0.,1.,0.));
#10081=DIRECTION('',(0.,0.,1.));
#10082=DIRECTION('',(0.,1.,0.));
#10083=DIRECTION('',(0.,0.,1.));
#10084=DIRECTION('',(1.,0.,0.));
#10085=DIRECTION('',(0.,0.,-1.));
#10086=DIRECTION('',(0.,0.978147600733806,-0.207911690817759));
#10087=DIRECTION('',(0.,0.207911690817758,0.978147600733806));
#10088=DIRECTION('',(1.,0.,0.));
#10089=DIRECTION('',(0.,0.,-1.));
#10090=DIRECTION('',(0.,-0.978147600733806,-0.20791169081776));
#10091=DIRECTION('',(0.,0.20791169081776,-0.978147600733806));
#10092=DIRECTION('',(0.,-1.,0.));
#10093=DIRECTION('',(0.,0.,-1.));
#10094=DIRECTION('',(0.,-1.,0.));
#10095=DIRECTION('',(0.,0.,-1.));
#10096=DIRECTION('',(0.,0.978147600733805,-0.20791169081776));
#10097=DIRECTION('',(0.,0.207911690817761,0.978147600733805));
#10098=DIRECTION('',(0.,-0.978147600733805,-0.20791169081776));
#10099=DIRECTION('',(0.,0.20791169081776,-0.978147600733806));
#10100=DIRECTION('',(1.,0.,0.));
#10101=DIRECTION('',(0.,0.,-1.));
#10102=DIRECTION('',(1.,0.,0.));
#10103=DIRECTION('',(0.,0.,-1.));
#10104=DIRECTION('',(1.,0.,0.));
#10105=DIRECTION('',(0.,0.,-1.));
#10106=DIRECTION('',(1.,0.,0.));
#10107=DIRECTION('',(0.,0.,-1.));
#10108=DIRECTION('',(1.,0.,0.));
#10109=DIRECTION('',(0.,0.,-1.));
#10110=DIRECTION('',(-1.,-2.05505683330176E-14,-6.12323399573677E-17));
#10111=DIRECTION('',(6.12323399573677E-17,0.,-1.));
#10112=DIRECTION('',(1.,0.,0.));
#10113=DIRECTION('',(0.,0.,-1.));
#10114=DIRECTION('',(-1.,0.,0.));
#10115=DIRECTION('',(0.,0.,1.));
#10116=DIRECTION('',(1.,0.,0.));
#10117=DIRECTION('',(0.,0.,-1.));
#10118=DIRECTION('',(-1.,0.,0.));
#10119=DIRECTION('',(0.,0.,1.));
#10120=DIRECTION('',(-1.,0.,0.));
#10121=DIRECTION('',(0.,0.,1.));
#10122=DIRECTION('',(1.,0.,0.));
#10123=DIRECTION('',(-1.,0.,0.));
#10124=DIRECTION('',(0.,0.,1.));
#10125=DIRECTION('',(-1.,0.,0.));
#10126=DIRECTION('',(0.,0.,1.));
#10127=DIRECTION('',(1.,0.,0.));
#10128=DIRECTION('',(0.,0.,-1.));
#10129=DIRECTION('',(1.,0.,0.));
#10130=DIRECTION('',(0.,0.,-1.));
#10131=DIRECTION('',(1.,0.,0.));
#10132=DIRECTION('',(0.,0.,-1.));
#10133=DIRECTION('',(-1.,0.,0.));
#10134=DIRECTION('',(0.,0.,1.));
#10135=DIRECTION('',(0.,-0.5,0.866025403784439));
#10136=DIRECTION('',(0.,-0.866025403784439,-0.5));
#10137=DIRECTION('',(-1.,0.,0.));
#10138=DIRECTION('',(0.,0.866025403784439,0.5));
#10139=DIRECTION('',(-1.,0.,0.));
#10140=DIRECTION('',(0.,-1.,0.));
#10141=DIRECTION('',(0.,0.,-1.));
#10142=DIRECTION('',(-1.,0.,0.));
#10143=DIRECTION('',(0.,0.,1.));
#10144=DIRECTION('',(0.,-0.5,-0.866025403784439));
#10145=DIRECTION('',(0.,0.866025403784439,-0.5));
#10146=DIRECTION('',(-1.,0.,0.));
#10147=DIRECTION('',(0.,-0.866025403784439,0.5));
#10148=DIRECTION('',(0.,0.5,-0.866025403784439));
#10149=DIRECTION('',(0.,0.866025403784439,0.5));
#10150=DIRECTION('',(-1.,0.,0.));
#10151=DIRECTION('',(0.,-0.866025403784439,-0.5));
#10152=DIRECTION('',(0.,1.,1.61539204165286E-16));
#10153=DIRECTION('',(0.,-1.61539204165286E-16,1.));
#10154=DIRECTION('',(-1.,0.,0.));
#10155=DIRECTION('',(0.,1.61539204165286E-16,-1.));
#10156=DIRECTION('',(0.,0.5,0.866025403784439));
#10157=DIRECTION('',(0.,-0.866025403784439,0.5));
#10158=DIRECTION('',(0.,0.866025403784439,-0.5));
#10159=DIRECTION('',(1.,0.,0.));
#10160=DIRECTION('',(0.,0.,-1.));
#10161=DIRECTION('',(1.,0.,0.));
#10162=DIRECTION('',(0.,0.,1.));
#10163=DIRECTION('',(-1.,0.,0.));
#10164=DIRECTION('',(0.,0.,1.));
#10165=DIRECTION('',(1.,-1.26635753898557E-16,6.12323399573677E-17));
#10166=DIRECTION('',(1.26635753898557E-16,1.,0.));
#10167=DIRECTION('',(0.866021789578998,-0.498123469647558,-0.0433505358752083));
#10168=DIRECTION('',(0.498592184369429,0.866836682245117,0.));
#10169=DIRECTION('',(0.000113040737474096,-0.0865049322800133,0.996251416015567));
#10170=DIRECTION('',(-2.72108280301162E-9,-0.996251422380748,-0.0865049328323959));
#10171=DIRECTION('',(0.,0.0865049328323959,-0.996251422380748));
#10172=DIRECTION('',(0.000113040737474096,-0.0865049322800133,0.996251416015567));
#10173=DIRECTION('',(-0.866027205895828,-0.498131060499302,-0.0431546661915755));
#10174=DIRECTION('',(0.498595550390457,-0.86683474614879,0.));
#10175=DIRECTION('',(1.,-8.00381107406228E-17,-2.12672280147595E-17));
#10176=DIRECTION('',(8.00381107406228E-17,1.,0.));
#10177=DIRECTION('',(0.,-0.99510565947433,0.0988166305950555));
#10178=DIRECTION('',(0.,-0.0988166305950555,-0.99510565947433));
#10179=DIRECTION('',(1.,6.8221504127186E-15,-1.60812264967664E-16));
#10180=DIRECTION('',(-6.8221504127186E-15,1.,0.));
#10181=DIRECTION('',(1.,-7.16665969755837E-15,-1.60812264967664E-16));
#10182=DIRECTION('',(7.16665969755837E-15,1.,0.));
#10183=DIRECTION('',(1.,-6.12323399573677E-17,-1.60812264967664E-16));
#10184=DIRECTION('',(6.12323399573677E-17,1.,0.));
#10185=CARTESIAN_POINT('',(0.,0.,0.));
#10186=CARTESIAN_POINT('',(-5.95,8.23,4.33));
#10187=CARTESIAN_POINT('',(-5.95,8.23,4.33));
#10188=CARTESIAN_POINT('',(-5.95,8.23,4.93));
#10189=CARTESIAN_POINT('',(-6.3,8.23,4.33));
#10190=CARTESIAN_POINT('',(-6.3,7.28,4.33));
#10191=CARTESIAN_POINT('',(-5.95,6.25,5.475));
#10192=CARTESIAN_POINT('',(-5.95,6.25,5.475));
#10193=CARTESIAN_POINT('',(-5.95,6.25,6.075));
#10194=CARTESIAN_POINT('',(-6.3,6.25,5.475));
#10195=CARTESIAN_POINT('',(-6.3,5.3,5.475));
#10196=CARTESIAN_POINT('',(-5.95,6.25,3.185));
#10197=CARTESIAN_POINT('',(-5.95,6.25,3.185));
#10198=CARTESIAN_POINT('',(-5.95,6.25,3.785));
#10199=CARTESIAN_POINT('',(-6.3,6.25,3.185));
#10200=CARTESIAN_POINT('',(-6.3,5.3,3.185));
#10201=CARTESIAN_POINT('',(-5.95,6.25,0.894999999999998));
#10202=CARTESIAN_POINT('',(-5.95,6.25,0.894999999999998));
#10203=CARTESIAN_POINT('',(-5.95,6.25,1.495));
#10204=CARTESIAN_POINT('',(-6.3,6.25,0.894999999999998));
#10205=CARTESIAN_POINT('',(-6.3,5.3,0.894999999999998));
#10206=CARTESIAN_POINT('',(-5.95,6.25,-1.395));
#10207=CARTESIAN_POINT('',(-5.95,6.25,-1.395));
#10208=CARTESIAN_POINT('',(-5.95,6.25,-0.795000000000001));
#10209=CARTESIAN_POINT('',(-6.3,6.25,-1.395));
#10210=CARTESIAN_POINT('',(-6.3,5.3,-1.395));
#10211=CARTESIAN_POINT('',(-5.95,6.25,-3.685));
#10212=CARTESIAN_POINT('',(-5.95,6.25,-3.685));
#10213=CARTESIAN_POINT('',(-5.95,6.25,-3.085));
#10214=CARTESIAN_POINT('',(-6.3,6.25,-3.685));
#10215=CARTESIAN_POINT('',(-6.3,5.3,-3.685));
#10216=CARTESIAN_POINT('',(-5.95,4.27,-4.83));
#10217=CARTESIAN_POINT('',(-5.95,4.27,-4.83));
#10218=CARTESIAN_POINT('',(-5.95,4.27,-4.23));
#10219=CARTESIAN_POINT('',(-6.3,4.27,-4.83));
#10220=CARTESIAN_POINT('',(-6.3,3.32,-4.83));
#10221=CARTESIAN_POINT('',(-5.95,4.27,-2.54));
#10222=CARTESIAN_POINT('',(-5.95,4.27,-2.54));
#10223=CARTESIAN_POINT('',(-5.95,4.27,-1.94));
#10224=CARTESIAN_POINT('',(-6.3,4.27,-2.54));
#10225=CARTESIAN_POINT('',(-6.3,3.32,-2.54));
#10226=CARTESIAN_POINT('',(-5.95,4.27,-0.250000000000002));
#10227=CARTESIAN_POINT('',(-5.95,4.27,-0.250000000000002));
#10228=CARTESIAN_POINT('',(-5.95,4.27,0.349999999999998));
#10229=CARTESIAN_POINT('',(-6.3,4.27,-0.250000000000002));
#10230=CARTESIAN_POINT('',(-6.3,3.32,-0.250000000000002));
#10231=CARTESIAN_POINT('',(-5.95,4.27,2.04));
#10232=CARTESIAN_POINT('',(-5.95,4.27,2.04));
#10233=CARTESIAN_POINT('',(-5.95,4.27,2.64));
#10234=CARTESIAN_POINT('',(-6.3,4.27,2.04));
#10235=CARTESIAN_POINT('',(-6.3,3.32,2.04));
#10236=CARTESIAN_POINT('',(-5.95,4.27,4.33));
#10237=CARTESIAN_POINT('',(-5.95,4.27,4.33));
#10238=CARTESIAN_POINT('',(-5.95,4.27,4.93));
#10239=CARTESIAN_POINT('',(-6.3,4.27,4.33));
#10240=CARTESIAN_POINT('',(-6.3,3.32,4.33));
#10241=CARTESIAN_POINT('',(-5.95,8.23,-2.54));
#10242=CARTESIAN_POINT('',(-5.95,8.23,-2.54));
#10243=CARTESIAN_POINT('',(-5.95,8.23,-1.94));
#10244=CARTESIAN_POINT('',(-6.3,8.23,-2.54));
#10245=CARTESIAN_POINT('',(-6.3,7.28,-2.54));
#10246=CARTESIAN_POINT('',(-5.95,8.23,-0.250000000000002));
#10247=CARTESIAN_POINT('',(-5.95,8.23,-0.250000000000002));
#10248=CARTESIAN_POINT('',(-5.95,8.23,0.349999999999998));
#10249=CARTESIAN_POINT('',(-6.3,8.23,-0.250000000000002));
#10250=CARTESIAN_POINT('',(-6.3,7.28,-0.250000000000002));
#10251=CARTESIAN_POINT('',(-5.95,8.23,2.04));
#10252=CARTESIAN_POINT('',(-5.95,8.23,2.04));
#10253=CARTESIAN_POINT('',(-5.95,8.23,2.64));
#10254=CARTESIAN_POINT('',(-6.3,8.23,2.04));
#10255=CARTESIAN_POINT('',(-6.3,7.28,2.04));
#10256=CARTESIAN_POINT('',(-5.95,8.23,-4.83));
#10257=CARTESIAN_POINT('',(-5.95,8.23,-4.83));
#10258=CARTESIAN_POINT('',(-5.95,8.23,-4.23));
#10259=CARTESIAN_POINT('',(-6.3,8.23,-4.83));
#10260=CARTESIAN_POINT('',(-6.3,7.28,-4.83));
#10261=CARTESIAN_POINT('',(8.58,-1.95943487863577E-15,-15.4));
#10262=CARTESIAN_POINT('',(8.58,2.8,-15.4));
#10263=CARTESIAN_POINT('',(8.58,2.8,4.63));
#10264=CARTESIAN_POINT('',(8.58,2.8,5.175));
#10265=CARTESIAN_POINT('',(8.58,12.501,5.175));
#10266=CARTESIAN_POINT('',(8.58,1.1,5.175));
#10267=CARTESIAN_POINT('',(8.58,1.1,7.7));
#10268=CARTESIAN_POINT('',(8.58,1.1,4.63));
#10269=CARTESIAN_POINT('',(8.58,12.501,4.63));
#10270=CARTESIAN_POINT('',(8.58,-1.95943487863577E-15,-15.4));
#10271=CARTESIAN_POINT('',(8.58,1.1,7.7));
#10272=CARTESIAN_POINT('',(8.58,1.1,-4.53));
#10273=CARTESIAN_POINT('',(8.58,1.1,-3.985));
#10274=CARTESIAN_POINT('',(8.58,12.501,-4.53));
#10275=CARTESIAN_POINT('',(8.58,2.8,-4.53));
#10276=CARTESIAN_POINT('',(8.58,2.8,-15.4));
#10277=CARTESIAN_POINT('',(8.58,2.8,-3.985));
#10278=CARTESIAN_POINT('',(8.58,12.501,-3.985));
#10279=CARTESIAN_POINT('',(8.58,-1.95943487863577E-15,-15.4));
#10280=CARTESIAN_POINT('',(8.58,1.1,7.7));
#10281=CARTESIAN_POINT('',(8.58,1.1,-3.385));
#10282=CARTESIAN_POINT('',(8.58,1.1,-2.84));
#10283=CARTESIAN_POINT('',(8.58,12.501,-3.385));
#10284=CARTESIAN_POINT('',(8.58,2.8,-3.385));
#10285=CARTESIAN_POINT('',(8.58,2.8,-15.4));
#10286=CARTESIAN_POINT('',(8.58,2.8,-2.84));
#10287=CARTESIAN_POINT('',(8.58,12.501,-2.84));
#10288=CARTESIAN_POINT('',(8.58,-1.95943487863577E-15,-15.4));
#10289=CARTESIAN_POINT('',(8.58,1.1,7.7));
#10290=CARTESIAN_POINT('',(8.58,1.1,-2.24));
#10291=CARTESIAN_POINT('',(8.58,1.1,-1.695));
#10292=CARTESIAN_POINT('',(8.58,12.501,-2.24));
#10293=CARTESIAN_POINT('',(8.58,2.8,-2.24));
#10294=CARTESIAN_POINT('',(8.58,2.8,-15.4));
#10295=CARTESIAN_POINT('',(8.58,2.8,-1.695));
#10296=CARTESIAN_POINT('',(8.58,12.501,-1.695));
#10297=CARTESIAN_POINT('',(8.58,-1.95943487863577E-15,-15.4));
#10298=CARTESIAN_POINT('',(8.58,1.1,7.7));
#10299=CARTESIAN_POINT('',(8.58,1.1,-1.095));
#10300=CARTESIAN_POINT('',(8.58,1.1,-0.549999999999999));
#10301=CARTESIAN_POINT('',(8.58,12.501,-1.095));
#10302=CARTESIAN_POINT('',(8.58,2.8,-1.095));
#10303=CARTESIAN_POINT('',(8.58,2.8,-15.4));
#10304=CARTESIAN_POINT('',(8.58,2.8,-0.549999999999999));
#10305=CARTESIAN_POINT('',(8.58,12.501,-0.549999999999999));
#10306=CARTESIAN_POINT('',(8.58,-1.95943487863577E-15,-15.4));
#10307=CARTESIAN_POINT('',(8.58,1.1,7.7));
#10308=CARTESIAN_POINT('',(8.58,1.1,0.0500000000000014));
#10309=CARTESIAN_POINT('',(8.58,1.1,0.595000000000001));
#10310=CARTESIAN_POINT('',(8.58,12.501,0.0500000000000006));
#10311=CARTESIAN_POINT('',(8.58,2.8,0.0500000000000014));
#10312=CARTESIAN_POINT('',(8.58,2.8,-15.4));
#10313=CARTESIAN_POINT('',(8.58,2.8,0.595000000000001));
#10314=CARTESIAN_POINT('',(8.58,12.501,0.595000000000002));
#10315=CARTESIAN_POINT('',(8.58,-1.95943487863577E-15,-15.4));
#10316=CARTESIAN_POINT('',(8.58,1.1,7.7));
#10317=CARTESIAN_POINT('',(8.58,1.1,1.195));
#10318=CARTESIAN_POINT('',(8.58,1.1,1.74));
#10319=CARTESIAN_POINT('',(8.58,12.501,1.195));
#10320=CARTESIAN_POINT('',(8.58,2.8,1.195));
#10321=CARTESIAN_POINT('',(8.58,2.8,-15.4));
#10322=CARTESIAN_POINT('',(8.58,2.8,1.74));
#10323=CARTESIAN_POINT('',(8.58,12.501,1.74));
#10324=CARTESIAN_POINT('',(8.58,-1.95943487863577E-15,-15.4));
#10325=CARTESIAN_POINT('',(8.58,1.1,7.7));
#10326=CARTESIAN_POINT('',(8.58,1.1,2.34));
#10327=CARTESIAN_POINT('',(8.58,1.1,2.885));
#10328=CARTESIAN_POINT('',(8.58,12.501,2.34));
#10329=CARTESIAN_POINT('',(8.58,2.8,2.34));
#10330=CARTESIAN_POINT('',(8.58,2.8,-15.4));
#10331=CARTESIAN_POINT('',(8.58,2.8,2.885));
#10332=CARTESIAN_POINT('',(8.58,12.501,2.885));
#10333=CARTESIAN_POINT('',(8.58,-1.95943487863577E-15,-15.4));
#10334=CARTESIAN_POINT('',(8.58,1.1,7.7));
#10335=CARTESIAN_POINT('',(8.58,1.1,5.775));
#10336=CARTESIAN_POINT('',(8.58,1.1,7.7));
#10337=CARTESIAN_POINT('',(8.58,12.501,5.775));
#10338=CARTESIAN_POINT('',(8.58,2.8,5.775));
#10339=CARTESIAN_POINT('',(8.58,2.8,-15.4));
#10340=CARTESIAN_POINT('',(8.58,2.8,7.7));
#10341=CARTESIAN_POINT('',(8.58,2.8,7.7));
#10342=CARTESIAN_POINT('',(8.58,9.,7.7));
#10343=CARTESIAN_POINT('',(8.58,9.,7.4));
#10344=CARTESIAN_POINT('',(8.58,9.3,7.4));
#10345=CARTESIAN_POINT('',(8.58,9.3,7.4));
#10346=CARTESIAN_POINT('',(8.58,9.3,-7.4));
#10347=CARTESIAN_POINT('',(8.58,9.,-7.4));
#10348=CARTESIAN_POINT('',(8.58,9.,-7.7));
#10349=CARTESIAN_POINT('',(8.58,2.8,-7.7));
#10350=CARTESIAN_POINT('',(8.58,2.8,-7.7));
#10351=CARTESIAN_POINT('',(8.58,2.8,-15.4));
#10352=CARTESIAN_POINT('',(8.58,2.8,-5.13));
#10353=CARTESIAN_POINT('',(8.58,12.501,-5.13));
#10354=CARTESIAN_POINT('',(8.58,1.1,-5.13));
#10355=CARTESIAN_POINT('',(8.58,1.1,7.7));
#10356=CARTESIAN_POINT('',(8.58,1.1,-7.7));
#10357=CARTESIAN_POINT('',(8.58,1.1,-7.7));
#10358=CARTESIAN_POINT('',(8.58,-1.05074695366843E-15,-7.7));
#10359=CARTESIAN_POINT('',(8.58,-1.95943487863577E-15,-15.4));
#10360=CARTESIAN_POINT('',(8.58,-1.05074695366843E-15,-15.4));
#10361=CARTESIAN_POINT('',(8.58,-1.95943487863577E-15,-15.4));
#10362=CARTESIAN_POINT('',(8.58,2.8,-15.4));
#10363=CARTESIAN_POINT('',(8.58,2.8,-15.4));
#10364=CARTESIAN_POINT('',(8.58,2.8,-14.4));
#10365=CARTESIAN_POINT('',(8.58,1.7,-14.4));
#10366=CARTESIAN_POINT('',(8.58,1.7,-14.4));
#10367=CARTESIAN_POINT('',(8.58,1.7,-10.6));
#10368=CARTESIAN_POINT('',(8.58,1.7,-10.6));
#10369=CARTESIAN_POINT('',(8.58,1.7,-10.6));
#10370=CARTESIAN_POINT('',(8.58,2.8,-10.6));
#10371=CARTESIAN_POINT('',(8.58,2.8,-15.4));
#10372=CARTESIAN_POINT('',(8.58,2.8,-8.9));
#10373=CARTESIAN_POINT('',(8.58,2.8,-8.9));
#10374=CARTESIAN_POINT('',(8.58,9.,-8.9));
#10375=CARTESIAN_POINT('',(8.58,9.,-7.4));
#10376=CARTESIAN_POINT('',(8.58,10.5,-7.4));
#10377=CARTESIAN_POINT('',(8.58,10.5,7.4));
#10378=CARTESIAN_POINT('',(8.58,10.5,7.4));
#10379=CARTESIAN_POINT('',(8.58,9.,7.4));
#10380=CARTESIAN_POINT('',(8.58,9.,8.9));
#10381=CARTESIAN_POINT('',(8.58,2.8,8.9));
#10382=CARTESIAN_POINT('',(8.58,2.8,8.9));
#10383=CARTESIAN_POINT('',(8.58,2.8,-15.4));
#10384=CARTESIAN_POINT('',(8.58,2.8,10.6));
#10385=CARTESIAN_POINT('',(8.58,1.7,10.6));
#10386=CARTESIAN_POINT('',(8.58,1.7,10.6));
#10387=CARTESIAN_POINT('',(8.58,1.7,10.6));
#10388=CARTESIAN_POINT('',(8.58,1.7,14.4));
#10389=CARTESIAN_POINT('',(8.58,1.7,14.4));
#10390=CARTESIAN_POINT('',(8.58,2.8,14.4));
#10391=CARTESIAN_POINT('',(8.58,2.8,-15.4));
#10392=CARTESIAN_POINT('',(8.58,2.8,15.4));
#10393=CARTESIAN_POINT('',(8.58,-1.95943487863577E-15,15.4));
#10394=CARTESIAN_POINT('',(8.58,-1.05074695366843E-15,15.4));
#10395=CARTESIAN_POINT('',(8.58,-1.95943487863577E-15,-15.4));
#10396=CARTESIAN_POINT('',(8.58,-1.05074695366843E-15,7.7));
#10397=CARTESIAN_POINT('',(8.58,1.1,7.7));
#10398=CARTESIAN_POINT('',(3.67394039744208E-17,12.5,-15.4));
#10399=CARTESIAN_POINT('',(3.67394039744208E-17,12.5,-15.4));
#10400=CARTESIAN_POINT('',(3.67394039744208E-17,12.5,-13.9));
#10401=CARTESIAN_POINT('',(3.67394039744208E-17,12.5,13.9));
#10402=CARTESIAN_POINT('',(3.23306754974903E-17,11.,-13.9));
#10403=CARTESIAN_POINT('',(3.23306754974903E-17,11.,-15.4));
#10404=CARTESIAN_POINT('',(3.67394039744208E-17,12.5,-15.4));
#10405=CARTESIAN_POINT('',(0.,0.,-15.4));
#10406=CARTESIAN_POINT('',(0.,0.,-15.4));
#10407=CARTESIAN_POINT('',(0.,0.,-14.4));
#10408=CARTESIAN_POINT('',(2.14313189850787E-16,1.75,-14.4));
#10409=CARTESIAN_POINT('',(2.14313189850787E-16,1.75,-14.4));
#10410=CARTESIAN_POINT('',(2.14313189850787E-16,1.75,-14.4));
#10411=CARTESIAN_POINT('',(5.1435165564189E-18,1.75,-10.6));
#10412=CARTESIAN_POINT('',(2.14313189850787E-16,1.75,-10.6));
#10413=CARTESIAN_POINT('',(0.,0.,-10.6));
#10414=CARTESIAN_POINT('',(0.,0.,-15.4));
#10415=CARTESIAN_POINT('',(0.,0.,10.6));
#10416=CARTESIAN_POINT('',(2.14313189850787E-16,1.75,10.6));
#10417=CARTESIAN_POINT('',(2.14313189850787E-16,1.75,10.6));
#10418=CARTESIAN_POINT('',(2.14313189850787E-16,1.75,14.4));
#10419=CARTESIAN_POINT('',(5.1435165564189E-18,1.75,14.4));
#10420=CARTESIAN_POINT('',(2.14313189850787E-16,1.75,14.4));
#10421=CARTESIAN_POINT('',(0.,0.,14.4));
#10422=CARTESIAN_POINT('',(0.,0.,-15.4));
#10423=CARTESIAN_POINT('',(0.,0.,15.4));
#10424=CARTESIAN_POINT('',(3.67394039744208E-17,12.5,15.4));
#10425=CARTESIAN_POINT('',(3.23306754974903E-17,11.,15.4));
#10426=CARTESIAN_POINT('',(0.,11.,13.9));
#10427=CARTESIAN_POINT('',(0.,6.25,12.5));
#10428=CARTESIAN_POINT('',(0.,6.25,14.5));
#10429=CARTESIAN_POINT('',(0.,6.25,-12.5));
#10430=CARTESIAN_POINT('',(0.,6.25,-14.5));
#10431=CARTESIAN_POINT('',(3.6349078301386E-18,7.45,5.4));
#10432=CARTESIAN_POINT('',(3.43580601354485E-18,7.04192678248271,7.71429821957869));
#10433=CARTESIAN_POINT('',(2.88036927159459E-17,9.8,5.4));
#10434=CARTESIAN_POINT('',(3.43580601354485E-18,7.04192678248271,7.71429821957869));
#10435=CARTESIAN_POINT('',(1.36433298625052E-17,4.64192678248271,7.29111346587838));
#10436=CARTESIAN_POINT('',(2.46393081103355E-18,5.05,4.97681524629968));
#10437=CARTESIAN_POINT('',(-6.90700794719111E-18,2.7,4.97681524629968));
#10438=CARTESIAN_POINT('',(1.31734914649318E-18,2.7,4.97681524629968));
#10439=CARTESIAN_POINT('',(7.93571125847487E-18,2.7,-4.97681524629968));
#10440=CARTESIAN_POINT('',(2.46393081103354E-18,5.05,-4.97681524629968));
#10441=CARTESIAN_POINT('',(-1.19938934316075E-18,4.64192678248271,-7.29111346587837));
#10442=CARTESIAN_POINT('',(3.43580601354484E-18,7.04192678248271,-7.71429821957869));
#10443=CARTESIAN_POINT('',(2.0697295425594E-17,7.04192678248271,-7.71429821957869));
#10444=CARTESIAN_POINT('',(3.6349078301386E-18,7.45,-5.4));
#10445=CARTESIAN_POINT('',(6.90700794719112E-18,9.8,-5.4));
#10446=CARTESIAN_POINT('',(4.78148949467896E-18,9.8,5.4));
#10447=CARTESIAN_POINT('',(0.,0.,-15.4));
#10448=CARTESIAN_POINT('',(16.,-1.95943487863576E-15,-7.7));
#10449=CARTESIAN_POINT('',(2.30000000000001,-2.81668763803892E-16,-7.7));
#10450=CARTESIAN_POINT('',(2.3,-2.16840434497101E-16,-7.4));
#10451=CARTESIAN_POINT('',(2.,-2.44929359829471E-16,-7.4));
#10452=CARTESIAN_POINT('',(2.,-2.44929359829471E-16,7.7));
#10453=CARTESIAN_POINT('',(2.,-2.44929359829471E-16,7.4));
#10454=CARTESIAN_POINT('',(2.3,-2.16840434497101E-16,7.4));
#10455=CARTESIAN_POINT('',(2.30000000000001,-2.81668763803892E-16,7.7));
#10456=CARTESIAN_POINT('',(16.,-1.95943487863576E-15,7.7));
#10457=CARTESIAN_POINT('',(0.,0.,15.4));
#10458=CARTESIAN_POINT('',(11.3,-1.38385088303651E-15,14.4));
#10459=CARTESIAN_POINT('',(5.9,-1.38385088303651E-15,14.4));
#10460=CARTESIAN_POINT('',(5.9,-1.38385088303651E-15,12.5));
#10461=CARTESIAN_POINT('',(5.9,-1.38385088303651E-15,10.6));
#10462=CARTESIAN_POINT('',(0.,0.,10.6));
#10463=CARTESIAN_POINT('',(0.,0.,-10.6));
#10464=CARTESIAN_POINT('',(5.9,-1.38385088303651E-15,-10.6));
#10465=CARTESIAN_POINT('',(5.9,-1.38385088303651E-15,-12.5));
#10466=CARTESIAN_POINT('',(5.9,-1.38385088303651E-15,-14.4));
#10467=CARTESIAN_POINT('',(11.3,-1.38385088303651E-15,-14.4));
#10468=CARTESIAN_POINT('',(0.,0.,-15.4));
#10469=CARTESIAN_POINT('',(9.3,1.7,12.5));
#10470=CARTESIAN_POINT('',(9.3,1.7,10.6));
#10471=CARTESIAN_POINT('',(5.9,1.7,10.6));
#10472=CARTESIAN_POINT('',(5.9,1.7,12.5));
#10473=CARTESIAN_POINT('',(5.9,1.7,14.4));
#10474=CARTESIAN_POINT('',(16.,1.7,14.4));
#10475=CARTESIAN_POINT('',(16.,2.8,-15.4));
#10476=CARTESIAN_POINT('',(16.,2.8,14.4));
#10477=CARTESIAN_POINT('',(4.58,2.8,14.4));
#10478=CARTESIAN_POINT('',(4.58,2.8,12.5));
#10479=CARTESIAN_POINT('',(4.58,2.8,10.6));
#10480=CARTESIAN_POINT('',(9.3,2.8,10.6));
#10481=CARTESIAN_POINT('',(35.3940712590214,2.8,8.9));
#10482=CARTESIAN_POINT('',(3.6,2.8,8.9));
#10483=CARTESIAN_POINT('',(21.9500000000001,2.8,-9.44999999999986));
#10484=CARTESIAN_POINT('',(3.3,2.8,9.2));
#10485=CARTESIAN_POINT('',(3.6,2.8,9.2));
#10486=CARTESIAN_POINT('',(2.5,2.8,9.2));
#10487=CARTESIAN_POINT('',(2.5,2.8,-15.4));
#10488=CARTESIAN_POINT('',(2.5,2.8,15.4));
#10489=CARTESIAN_POINT('',(16.,2.8,15.4));
#10490=CARTESIAN_POINT('',(8.58,-1.95943487863577E-15,-15.4));
#10491=CARTESIAN_POINT('',(8.58,1.1,7.7));
#10492=CARTESIAN_POINT('',(8.58,1.1,3.485));
#10493=CARTESIAN_POINT('',(8.58,1.1,4.03));
#10494=CARTESIAN_POINT('',(8.58,12.501,3.485));
#10495=CARTESIAN_POINT('',(8.58,2.8,3.485));
#10496=CARTESIAN_POINT('',(8.58,2.8,-15.4));
#10497=CARTESIAN_POINT('',(8.58,2.8,4.03));
#10498=CARTESIAN_POINT('',(8.58,12.501,4.03));
#10499=CARTESIAN_POINT('',(3.6,9.3,-15.4));
#10500=CARTESIAN_POINT('',(3.6,9.3,-9.2));
#10501=CARTESIAN_POINT('',(2.5,9.3,-9.2));
#10502=CARTESIAN_POINT('',(3.3,9.3,-9.2));
#10503=CARTESIAN_POINT('',(2.5,9.3,-15.4));
#10504=CARTESIAN_POINT('',(2.5,9.3,-15.4));
#10505=CARTESIAN_POINT('',(3.6,9.3,-15.4));
#10506=CARTESIAN_POINT('',(3.6,9.3,-15.4));
#10507=CARTESIAN_POINT('',(3.6,9.3,-15.4));
#10508=CARTESIAN_POINT('',(3.6,9.3,-8.9));
#10509=CARTESIAN_POINT('',(0.349999999999999,9.3,-12.15));
#10510=CARTESIAN_POINT('',(2.5,2.8,-15.4));
#10511=CARTESIAN_POINT('',(2.5,6.25,-12.5));
#10512=CARTESIAN_POINT('',(2.5,6.25,-14.5));
#10513=CARTESIAN_POINT('',(2.5,2.8,-9.2));
#10514=CARTESIAN_POINT('',(2.5,2.8,-9.2));
#10515=CARTESIAN_POINT('',(2.5,2.8,-15.4));
#10516=CARTESIAN_POINT('',(2.5,2.8,-15.4));
#10517=CARTESIAN_POINT('',(2.5,2.8,-15.4));
#10518=CARTESIAN_POINT('',(16.,2.8,-15.4));
#10519=CARTESIAN_POINT('',(9.3,2.8,-10.6));
#10520=CARTESIAN_POINT('',(4.58,2.8,-10.6));
#10521=CARTESIAN_POINT('',(4.58,2.8,-12.5));
#10522=CARTESIAN_POINT('',(4.58,2.8,-14.4));
#10523=CARTESIAN_POINT('',(16.,2.8,-14.4));
#10524=CARTESIAN_POINT('',(16.,2.8,-15.4));
#10525=CARTESIAN_POINT('',(3.6,2.8,-9.2));
#10526=CARTESIAN_POINT('',(3.3,2.8,-9.2));
#10527=CARTESIAN_POINT('',(6.55000000000007,2.8,-5.94999999999996));
#10528=CARTESIAN_POINT('',(3.6,2.8,-8.9));
#10529=CARTESIAN_POINT('',(35.3940712590214,2.8,-8.9));
#10530=CARTESIAN_POINT('',(3.6,10.5,-15.4));
#10531=CARTESIAN_POINT('',(3.6,9.3,-15.4));
#10532=CARTESIAN_POINT('',(3.6,9.3,8.9));
#10533=CARTESIAN_POINT('',(3.6,9.3,15.4));
#10534=CARTESIAN_POINT('',(3.6,2.8,8.9));
#10535=CARTESIAN_POINT('',(3.6,9.,8.9));
#10536=CARTESIAN_POINT('',(3.6,9.,7.4));
#10537=CARTESIAN_POINT('',(3.6,10.5,7.4));
#10538=CARTESIAN_POINT('',(3.6,10.5,-15.4));
#10539=CARTESIAN_POINT('',(3.6,10.5,15.4));
#10540=CARTESIAN_POINT('',(3.6,10.5,15.4));
#10541=CARTESIAN_POINT('',(3.6,10.5,-15.4));
#10542=CARTESIAN_POINT('',(3.6,9.,-7.4));
#10543=CARTESIAN_POINT('',(3.6,9.,-8.9));
#10544=CARTESIAN_POINT('',(3.6,10.5,-7.4));
#10545=CARTESIAN_POINT('',(3.6,10.5,-8.9));
#10546=CARTESIAN_POINT('',(3.6,10.5,-15.4));
#10547=CARTESIAN_POINT('',(3.6,10.5,-15.4));
#10548=CARTESIAN_POINT('',(3.6,10.5,-15.4));
#10549=CARTESIAN_POINT('',(3.6,9.3,-15.4));
#10550=CARTESIAN_POINT('',(2.5,9.3,-15.4));
#10551=CARTESIAN_POINT('',(2.5,9.3,9.2));
#10552=CARTESIAN_POINT('',(2.5,9.3,15.4));
#10553=CARTESIAN_POINT('',(3.6,9.3,9.2));
#10554=CARTESIAN_POINT('',(3.3,9.3,9.2));
#10555=CARTESIAN_POINT('',(15.75,9.3,-3.24999999999986));
#10556=CARTESIAN_POINT('',(3.6,9.3,15.4));
#10557=CARTESIAN_POINT('',(3.6,9.3,-15.4));
#10558=CARTESIAN_POINT('',(2.5,9.3,-15.4));
#10559=CARTESIAN_POINT('',(2.5,9.3,-7.4));
#10560=CARTESIAN_POINT('',(2.5,9.3,7.4));
#10561=CARTESIAN_POINT('',(35.3940712590214,9.3,-7.4));
#10562=CARTESIAN_POINT('',(35.3940712590214,9.3,7.4));
#10563=CARTESIAN_POINT('',(2.5,2.8,-15.4));
#10564=CARTESIAN_POINT('',(2.5,6.25,12.5));
#10565=CARTESIAN_POINT('',(2.5,6.25,14.5));
#10566=CARTESIAN_POINT('',(2.5,2.8,9.2));
#10567=CARTESIAN_POINT('',(2.5,2.8,15.4));
#10568=CARTESIAN_POINT('',(2.5,2.8,-15.4));
#10569=CARTESIAN_POINT('',(2.5,8.23,-2.54));
#10570=CARTESIAN_POINT('',(2.5,8.23,-1.79));
#10571=CARTESIAN_POINT('',(2.5,8.23,-0.250000000000002));
#10572=CARTESIAN_POINT('',(2.5,8.23,0.499999999999999));
#10573=CARTESIAN_POINT('',(2.5,8.23,2.04));
#10574=CARTESIAN_POINT('',(2.5,8.23,2.79));
#10575=CARTESIAN_POINT('',(2.5,8.23,4.33));
#10576=CARTESIAN_POINT('',(2.5,8.23,5.08));
#10577=CARTESIAN_POINT('',(2.5,6.25,5.475));
#10578=CARTESIAN_POINT('',(2.5,6.25,6.225));
#10579=CARTESIAN_POINT('',(2.5,6.25,3.185));
#10580=CARTESIAN_POINT('',(2.5,6.25,3.935));
#10581=CARTESIAN_POINT('',(2.5,2.8,-15.4));
#10582=CARTESIAN_POINT('',(2.5,2.8,-4.53));
#10583=CARTESIAN_POINT('',(2.5,2.8,-2.84));
#10584=CARTESIAN_POINT('',(2.5,2.8,-4.53));
#10585=CARTESIAN_POINT('',(2.5,3.58261364575662,-4.53));
#10586=CARTESIAN_POINT('',(2.5,4.27,-4.83));
#10587=CARTESIAN_POINT('',(2.5,4.27,-4.08));
#10588=CARTESIAN_POINT('',(2.5,4.27,-4.83));
#10589=CARTESIAN_POINT('',(2.5,3.58261364575662,-5.13));
#10590=CARTESIAN_POINT('',(2.5,2.8,-5.13));
#10591=CARTESIAN_POINT('',(2.5,2.8,-5.13));
#10592=CARTESIAN_POINT('',(2.5,2.8,-15.4));
#10593=CARTESIAN_POINT('',(2.5,2.8,-7.7));
#10594=CARTESIAN_POINT('',(2.5,2.8,-7.7));
#10595=CARTESIAN_POINT('',(2.5,9.,-7.7));
#10596=CARTESIAN_POINT('',(2.5,9.,-7.4));
#10597=CARTESIAN_POINT('',(2.5,9.,7.4));
#10598=CARTESIAN_POINT('',(2.5,9.,7.7));
#10599=CARTESIAN_POINT('',(2.5,2.8,7.7));
#10600=CARTESIAN_POINT('',(2.5,2.8,7.7));
#10601=CARTESIAN_POINT('',(2.5,2.8,-15.4));
#10602=CARTESIAN_POINT('',(2.5,2.8,4.63));
#10603=CARTESIAN_POINT('',(2.5,2.8,4.63));
#10604=CARTESIAN_POINT('',(2.5,3.58261364575662,4.63));
#10605=CARTESIAN_POINT('',(2.5,4.27,4.33));
#10606=CARTESIAN_POINT('',(2.5,4.27,5.08));
#10607=CARTESIAN_POINT('',(2.5,4.27,4.33));
#10608=CARTESIAN_POINT('',(2.5,3.58261364575662,4.03));
#10609=CARTESIAN_POINT('',(2.5,2.8,4.03));
#10610=CARTESIAN_POINT('',(2.5,2.8,4.03));
#10611=CARTESIAN_POINT('',(2.5,2.8,-15.4));
#10612=CARTESIAN_POINT('',(2.5,2.8,2.34));
#10613=CARTESIAN_POINT('',(2.5,2.8,2.34));
#10614=CARTESIAN_POINT('',(2.5,3.58261364575663,2.34));
#10615=CARTESIAN_POINT('',(2.5,4.27,2.04));
#10616=CARTESIAN_POINT('',(2.5,4.27,2.79));
#10617=CARTESIAN_POINT('',(2.5,4.27,2.04));
#10618=CARTESIAN_POINT('',(2.5,3.58261364575662,1.74));
#10619=CARTESIAN_POINT('',(2.5,2.8,1.74));
#10620=CARTESIAN_POINT('',(2.5,2.8,1.74));
#10621=CARTESIAN_POINT('',(2.5,2.8,-15.4));
#10622=CARTESIAN_POINT('',(2.5,2.8,0.0500000000000017));
#10623=CARTESIAN_POINT('',(2.5,2.8,0.0500000000000032));
#10624=CARTESIAN_POINT('',(2.5,3.58261364575663,0.0500000000000032));
#10625=CARTESIAN_POINT('',(2.5,4.27,-0.250000000000002));
#10626=CARTESIAN_POINT('',(2.5,4.27,0.499999999999998));
#10627=CARTESIAN_POINT('',(2.5,4.27,-0.250000000000002));
#10628=CARTESIAN_POINT('',(2.5,3.58261364575662,-0.549999999999998));
#10629=CARTESIAN_POINT('',(2.5,2.8,-0.549999999999998));
#10630=CARTESIAN_POINT('',(2.5,2.8,-0.549999999999999));
#10631=CARTESIAN_POINT('',(2.5,2.8,-15.4));
#10632=CARTESIAN_POINT('',(2.5,2.8,-2.24));
#10633=CARTESIAN_POINT('',(2.5,2.8,-2.24));
#10634=CARTESIAN_POINT('',(2.5,3.58261364575663,-2.24));
#10635=CARTESIAN_POINT('',(2.5,4.27,-2.54));
#10636=CARTESIAN_POINT('',(2.5,4.27,-1.79));
#10637=CARTESIAN_POINT('',(2.5,4.27,-2.54));
#10638=CARTESIAN_POINT('',(2.5,3.58261364575662,-2.84));
#10639=CARTESIAN_POINT('',(2.5,2.8,-2.84));
#10640=CARTESIAN_POINT('',(2.5,6.25,-3.685));
#10641=CARTESIAN_POINT('',(2.5,6.25,-2.935));
#10642=CARTESIAN_POINT('',(2.5,6.25,0.894999999999998));
#10643=CARTESIAN_POINT('',(2.5,6.25,1.645));
#10644=CARTESIAN_POINT('',(2.5,6.25,-1.395));
#10645=CARTESIAN_POINT('',(2.5,6.25,-0.645000000000001));
#10646=CARTESIAN_POINT('',(2.5,8.23,-4.83));
#10647=CARTESIAN_POINT('',(2.5,8.23,-4.08));
#10648=CARTESIAN_POINT('',(16.,2.8,-15.4));
#10649=CARTESIAN_POINT('',(16.,2.8,-5.13));
#10650=CARTESIAN_POINT('',(35.3940712590214,2.8,-7.7));
#10651=CARTESIAN_POINT('',(2.5,12.5,-15.4));
#10652=CARTESIAN_POINT('',(2.5,12.5,-15.4));
#10653=CARTESIAN_POINT('',(2.5,12.5,-13.9));
#10654=CARTESIAN_POINT('',(2.5,12.5,13.9));
#10655=CARTESIAN_POINT('',(2.5,12.5,-13.9));
#10656=CARTESIAN_POINT('',(2.5,12.5,13.9));
#10657=CARTESIAN_POINT('',(2.5,10.5,-15.4));
#10658=CARTESIAN_POINT('',(2.5,10.5,-15.4));
#10659=CARTESIAN_POINT('',(2.5,11.,-15.4));
#10660=CARTESIAN_POINT('',(2.5,10.5,-15.4));
#10661=CARTESIAN_POINT('',(2.5,11.,-13.9));
#10662=CARTESIAN_POINT('',(2.5,11.,13.9));
#10663=CARTESIAN_POINT('',(2.5,11.,15.4));
#10664=CARTESIAN_POINT('',(2.5,10.5,15.4));
#10665=CARTESIAN_POINT('',(2.5,10.5,15.4));
#10666=CARTESIAN_POINT('',(2.5,10.5,-15.4));
#10667=CARTESIAN_POINT('',(2.5,10.5,-15.4));
#10668=CARTESIAN_POINT('',(2.5,10.5,15.4));
#10669=CARTESIAN_POINT('',(35.3940712590214,10.5,7.4));
#10670=CARTESIAN_POINT('',(35.3940712590214,10.5,-7.4));
#10671=CARTESIAN_POINT('',(2.5,10.5,-15.4));
#10672=CARTESIAN_POINT('',(0.,0.,-15.4));
#10673=CARTESIAN_POINT('',(0.,11.,-15.4));
#10674=CARTESIAN_POINT('',(0.,0.,15.4));
#10675=CARTESIAN_POINT('',(0.,11.,15.4));
#10676=CARTESIAN_POINT('',(35.3940712590214,9.,7.4));
#10677=CARTESIAN_POINT('',(35.3940712590214,9.,8.9));
#10678=CARTESIAN_POINT('',(35.3940712590214,9.,-7.4));
#10679=CARTESIAN_POINT('',(35.3940712590214,9.,-8.9));
#10680=CARTESIAN_POINT('',(35.3940712590214,2.8,8.9));
#10681=CARTESIAN_POINT('',(3.6,2.8,8.9));
#10682=CARTESIAN_POINT('',(35.3940712590214,2.8,-8.9));
#10683=CARTESIAN_POINT('',(3.6,2.8,-8.9));
#10684=CARTESIAN_POINT('',(35.3940712590214,2.8,-7.7));
#10685=CARTESIAN_POINT('',(35.3940712590214,9.,-7.7));
#10686=CARTESIAN_POINT('',(35.3940712590214,9.,-7.4));
#10687=CARTESIAN_POINT('',(35.3940712590214,9.,7.4));
#10688=CARTESIAN_POINT('',(35.3940712590214,9.,7.7));
#10689=CARTESIAN_POINT('',(35.3940712590214,2.8,7.7));
#10690=CARTESIAN_POINT('',(35.3940712590214,2.8,7.7));
#10691=CARTESIAN_POINT('',(3.6,2.8,-9.2));
#10692=CARTESIAN_POINT('',(3.3,2.8,-9.2));
#10693=CARTESIAN_POINT('',(0.,6.25,-12.5));
#10694=CARTESIAN_POINT('',(9.3,1.7,-10.6));
#10695=CARTESIAN_POINT('',(9.3,1.7,-10.6));
#10696=CARTESIAN_POINT('',(5.9,1.7,-10.6));
#10697=CARTESIAN_POINT('',(5.9,1.75,-10.6));
#10698=CARTESIAN_POINT('',(2.14313189850787E-16,1.75,-10.6));
#10699=CARTESIAN_POINT('',(4.58,1.75,-10.6));
#10700=CARTESIAN_POINT('',(4.58,1.7,-10.6));
#10701=CARTESIAN_POINT('',(4.58,1.7,-12.5));
#10702=CARTESIAN_POINT('',(4.58,1.75,-12.5));
#10703=CARTESIAN_POINT('',(4.58,1.75,-14.4));
#10704=CARTESIAN_POINT('',(4.58,1.7,-14.4));
#10705=CARTESIAN_POINT('',(16.,1.7,-14.4));
#10706=CARTESIAN_POINT('',(11.3,1.75,-14.4));
#10707=CARTESIAN_POINT('',(5.9,1.75,-14.4));
#10708=CARTESIAN_POINT('',(5.9,1.7,-14.4));
#10709=CARTESIAN_POINT('',(16.,1.7,-14.4));
#10710=CARTESIAN_POINT('',(9.3,1.7,-12.5));
#10711=CARTESIAN_POINT('',(5.9,1.7,-12.5));
#10712=CARTESIAN_POINT('',(11.3,1.75,-12.5));
#10713=CARTESIAN_POINT('',(5.9,1.75,-12.5));
#10714=CARTESIAN_POINT('',(3.6,2.8,9.2));
#10715=CARTESIAN_POINT('',(3.3,9.3,9.2));
#10716=CARTESIAN_POINT('',(0.,6.25,12.5));
#10717=CARTESIAN_POINT('',(16.,1.7,14.4));
#10718=CARTESIAN_POINT('',(11.3,1.75,14.4));
#10719=CARTESIAN_POINT('',(4.58,1.75,14.4));
#10720=CARTESIAN_POINT('',(4.58,1.7,14.4));
#10721=CARTESIAN_POINT('',(5.9,1.75,14.4));
#10722=CARTESIAN_POINT('',(4.58,1.7,12.5));
#10723=CARTESIAN_POINT('',(4.58,1.75,12.5));
#10724=CARTESIAN_POINT('',(4.58,1.75,10.6));
#10725=CARTESIAN_POINT('',(4.58,1.7,10.6));
#10726=CARTESIAN_POINT('',(9.3,1.7,10.6));
#10727=CARTESIAN_POINT('',(2.14313189850787E-16,1.75,10.6));
#10728=CARTESIAN_POINT('',(5.9,1.75,10.6));
#10729=CARTESIAN_POINT('',(5.9,1.75,12.5));
#10730=CARTESIAN_POINT('',(11.3,1.75,12.5));
#10731=CARTESIAN_POINT('',(16.,1.1,-7.7));
#10732=CARTESIAN_POINT('',(16.,1.1,-7.7));
#10733=CARTESIAN_POINT('',(2.30000000000001,1.1,-7.7));
#10734=CARTESIAN_POINT('',(2.3,-2.16840434497101E-16,-7.7));
#10735=CARTESIAN_POINT('',(2.,1.1,7.7));
#10736=CARTESIAN_POINT('',(2.,1.1,-7.4));
#10737=CARTESIAN_POINT('',(2.,1.1,-7.4));
#10738=CARTESIAN_POINT('',(2.,1.1,7.7));
#10739=CARTESIAN_POINT('',(2.,1.1,7.4));
#10740=CARTESIAN_POINT('',(2.,-1.8010103052268E-16,7.4));
#10741=CARTESIAN_POINT('',(16.,1.1,7.7));
#10742=CARTESIAN_POINT('',(2.3,1.1,7.7));
#10743=CARTESIAN_POINT('',(2.30000000000001,1.1,7.7));
#10744=CARTESIAN_POINT('',(16.,1.1,7.7));
#10745=CARTESIAN_POINT('',(1.34711147906209E-16,1.1,0.));
#10746=CARTESIAN_POINT('',(16.,1.1,5.175));
#10747=CARTESIAN_POINT('',(4.06,1.1,5.175));
#10748=CARTESIAN_POINT('',(4.06,1.1,5.775));
#10749=CARTESIAN_POINT('',(4.06,1.1,5.775));
#10750=CARTESIAN_POINT('',(16.,1.1,5.775));
#10751=CARTESIAN_POINT('',(2.3,1.1,7.4));
#10752=CARTESIAN_POINT('',(2.3,1.1,-7.4));
#10753=CARTESIAN_POINT('',(16.,1.1,-5.13));
#10754=CARTESIAN_POINT('',(2.08,1.1,-5.13));
#10755=CARTESIAN_POINT('',(2.08,1.1,-4.53));
#10756=CARTESIAN_POINT('',(2.08,1.1,-4.53));
#10757=CARTESIAN_POINT('',(16.,1.1,-4.53));
#10758=CARTESIAN_POINT('',(16.,1.1,-3.985));
#10759=CARTESIAN_POINT('',(4.06,1.1,-3.985));
#10760=CARTESIAN_POINT('',(4.06,1.1,-3.385));
#10761=CARTESIAN_POINT('',(4.06,1.1,-3.385));
#10762=CARTESIAN_POINT('',(16.,1.1,-3.385));
#10763=CARTESIAN_POINT('',(16.,1.1,-2.84));
#10764=CARTESIAN_POINT('',(2.08,1.1,-2.84));
#10765=CARTESIAN_POINT('',(2.08,1.1,-2.24));
#10766=CARTESIAN_POINT('',(2.08,1.1,-2.24));
#10767=CARTESIAN_POINT('',(16.,1.1,-2.24));
#10768=CARTESIAN_POINT('',(16.,1.1,-1.695));
#10769=CARTESIAN_POINT('',(4.06,1.1,-1.695));
#10770=CARTESIAN_POINT('',(4.06,1.1,-1.095));
#10771=CARTESIAN_POINT('',(4.06,1.1,-1.095));
#10772=CARTESIAN_POINT('',(16.,1.1,-1.095));
#10773=CARTESIAN_POINT('',(16.,1.1,-0.549999999999999));
#10774=CARTESIAN_POINT('',(2.08,1.1,-0.549999999999999));
#10775=CARTESIAN_POINT('',(2.08,1.1,0.0500000000000014));
#10776=CARTESIAN_POINT('',(2.08,1.1,0.0500000000000014));
#10777=CARTESIAN_POINT('',(16.,1.1,0.0500000000000006));
#10778=CARTESIAN_POINT('',(16.,1.1,0.595000000000002));
#10779=CARTESIAN_POINT('',(4.06,1.1,0.595000000000001));
#10780=CARTESIAN_POINT('',(4.06,1.1,1.195));
#10781=CARTESIAN_POINT('',(4.06,1.1,1.195));
#10782=CARTESIAN_POINT('',(16.,1.1,1.195));
#10783=CARTESIAN_POINT('',(16.,1.1,1.74));
#10784=CARTESIAN_POINT('',(2.08,1.1,1.74));
#10785=CARTESIAN_POINT('',(2.08,1.1,2.34));
#10786=CARTESIAN_POINT('',(2.08,1.1,2.34));
#10787=CARTESIAN_POINT('',(16.,1.1,2.34));
#10788=CARTESIAN_POINT('',(16.,1.1,2.885));
#10789=CARTESIAN_POINT('',(4.06,1.1,2.885));
#10790=CARTESIAN_POINT('',(4.06,1.1,3.485));
#10791=CARTESIAN_POINT('',(4.06,1.1,3.485));
#10792=CARTESIAN_POINT('',(16.,1.1,3.485));
#10793=CARTESIAN_POINT('',(16.,1.1,4.03));
#10794=CARTESIAN_POINT('',(2.08,1.1,4.03));
#10795=CARTESIAN_POINT('',(2.08,1.1,4.63));
#10796=CARTESIAN_POINT('',(2.08,1.1,4.63));
#10797=CARTESIAN_POINT('',(16.,1.1,4.63));
#10798=CARTESIAN_POINT('',(0.,11.,-13.9));
#10799=CARTESIAN_POINT('',(2.5,11.,13.9));
#10800=CARTESIAN_POINT('',(2.3,1.1,-7.4));
#10801=CARTESIAN_POINT('',(2.3,1.1,7.4));
#10802=CARTESIAN_POINT('',(3.3,2.8,9.2));
#10803=CARTESIAN_POINT('',(3.6,10.5,-8.9));
#10804=CARTESIAN_POINT('',(-6.3,7.45,5.4));
#10805=CARTESIAN_POINT('',(-6.3,9.8,5.4));
#10806=CARTESIAN_POINT('',(-6.3,9.8,5.4));
#10807=CARTESIAN_POINT('',(-6.3,7.45,5.4));
#10808=CARTESIAN_POINT('',(-6.3,7.04192678248271,7.71429821957869));
#10809=CARTESIAN_POINT('',(-6.3,7.04192678248271,7.71429821957869));
#10810=CARTESIAN_POINT('',(-6.3,9.8,5.4));
#10811=CARTESIAN_POINT('',(-6.3,9.8,-5.4));
#10812=CARTESIAN_POINT('',(-6.3,9.8,-5.4));
#10813=CARTESIAN_POINT('',(-6.3,9.8,5.4));
#10814=CARTESIAN_POINT('',(-6.3,7.45,-5.4));
#10815=CARTESIAN_POINT('',(-6.3,7.04192678248271,-7.71429821957869));
#10816=CARTESIAN_POINT('',(-6.3,7.04192678248271,-7.71429821957869));
#10817=CARTESIAN_POINT('',(-6.3,7.45,-5.4));
#10818=CARTESIAN_POINT('',(-6.3,7.04192678248271,-7.71429821957869));
#10819=CARTESIAN_POINT('',(-6.3,4.64192678248271,-7.29111346587837));
#10820=CARTESIAN_POINT('',(-6.3,4.64192678248271,-7.29111346587837));
#10821=CARTESIAN_POINT('',(-6.3,7.04192678248271,-7.71429821957869));
#10822=CARTESIAN_POINT('',(-6.3,5.05,-4.97681524629968));
#10823=CARTESIAN_POINT('',(-6.3,2.7,-4.97681524629968));
#10824=CARTESIAN_POINT('',(-6.3,2.7,-4.97681524629968));
#10825=CARTESIAN_POINT('',(-6.3,5.05,-4.97681524629968));
#10826=CARTESIAN_POINT('',(-6.3,2.7,4.97681524629968));
#10827=CARTESIAN_POINT('',(-6.3,2.7,4.97681524629968));
#10828=CARTESIAN_POINT('',(-6.3,2.7,4.97681524629968));
#10829=CARTESIAN_POINT('',(-6.3,2.7,4.97681524629968));
#10830=CARTESIAN_POINT('',(-6.3,5.05,4.97681524629968));
#10831=CARTESIAN_POINT('',(-6.3,4.64192678248271,7.29111346587837));
#10832=CARTESIAN_POINT('',(-6.3,4.64192678248271,7.29111346587837));
#10833=CARTESIAN_POINT('',(-6.3,5.05,4.97681524629968));
#10834=CARTESIAN_POINT('',(-6.3,7.04192678248271,7.71429821957869));
#10835=CARTESIAN_POINT('',(-6.3,7.04192678248271,7.71429821957869));
#10836=CARTESIAN_POINT('',(-6.3,7.45,5.4));
#10837=CARTESIAN_POINT('',(16.,8.23,4.33));
#10838=CARTESIAN_POINT('',(-5.,8.23,4.33));
#10839=CARTESIAN_POINT('',(-5.,7.63,4.33));
#10840=CARTESIAN_POINT('',(16.,8.23,-4.83));
#10841=CARTESIAN_POINT('',(-5.,8.23,-4.83));
#10842=CARTESIAN_POINT('',(-5.,7.63,-4.83));
#10843=CARTESIAN_POINT('',(16.,4.27,-2.54));
#10844=CARTESIAN_POINT('',(-5.,4.27,-2.54));
#10845=CARTESIAN_POINT('',(-5.,3.67,-2.54));
#10846=CARTESIAN_POINT('',(16.,6.25,-1.395));
#10847=CARTESIAN_POINT('',(-5.,6.25,-1.395));
#10848=CARTESIAN_POINT('',(-5.,5.65,-1.395));
#10849=CARTESIAN_POINT('',(16.,8.23,-2.54));
#10850=CARTESIAN_POINT('',(-5.,8.23,-2.54));
#10851=CARTESIAN_POINT('',(-5.,7.63,-2.54));
#10852=CARTESIAN_POINT('',(16.,6.25,-3.685));
#10853=CARTESIAN_POINT('',(-5.,6.25,-3.685));
#10854=CARTESIAN_POINT('',(-5.,5.65,-3.685));
#10855=CARTESIAN_POINT('',(16.,4.27,-4.83));
#10856=CARTESIAN_POINT('',(-5.,4.27,-4.83));
#10857=CARTESIAN_POINT('',(-5.,3.67,-4.83));
#10858=CARTESIAN_POINT('',(16.,6.25,3.185));
#10859=CARTESIAN_POINT('',(-5.,6.25,3.185));
#10860=CARTESIAN_POINT('',(-5.,5.65,3.185));
#10861=CARTESIAN_POINT('',(16.,8.23,2.04));
#10862=CARTESIAN_POINT('',(-5.,8.23,2.04));
#10863=CARTESIAN_POINT('',(-5.,7.63,2.04));
#10864=CARTESIAN_POINT('',(16.,4.27,4.33));
#10865=CARTESIAN_POINT('',(-5.,4.27,4.33));
#10866=CARTESIAN_POINT('',(-5.,3.67,4.33));
#10867=CARTESIAN_POINT('',(16.,6.25,5.475));
#10868=CARTESIAN_POINT('',(-5.,6.25,5.475));
#10869=CARTESIAN_POINT('',(-5.,5.65,5.475));
#10870=CARTESIAN_POINT('',(16.,4.27,-0.250000000000002));
#10871=CARTESIAN_POINT('',(-5.,4.27,-0.250000000000002));
#10872=CARTESIAN_POINT('',(-5.,3.67,-0.250000000000002));
#10873=CARTESIAN_POINT('',(16.,6.25,0.894999999999998));
#10874=CARTESIAN_POINT('',(-5.,6.25,0.894999999999998));
#10875=CARTESIAN_POINT('',(-5.,5.65,0.894999999999998));
#10876=CARTESIAN_POINT('',(16.,8.23,-0.250000000000002));
#10877=CARTESIAN_POINT('',(-5.,8.23,-0.250000000000002));
#10878=CARTESIAN_POINT('',(-5.,7.63,-0.250000000000002));
#10879=CARTESIAN_POINT('',(16.,4.27,2.04));
#10880=CARTESIAN_POINT('',(-5.,4.27,2.04));
#10881=CARTESIAN_POINT('',(-5.,3.67,2.04));
#10882=CARTESIAN_POINT('',(16.001,4.27,2.04));
#10883=CARTESIAN_POINT('',(-5.,4.27,2.04));
#10884=CARTESIAN_POINT('',(-5.,3.52,2.04));
#10885=CARTESIAN_POINT('',(16.001,3.58261364575663,2.34));
#10886=CARTESIAN_POINT('',(2.08,3.58261364575663,2.34));
#10887=CARTESIAN_POINT('',(2.08,4.27,2.04));
#10888=CARTESIAN_POINT('',(2.08,3.58261364575662,1.74));
#10889=CARTESIAN_POINT('',(16.001,3.58261364575662,1.74));
#10890=CARTESIAN_POINT('',(-5.,4.27,2.04));
#10891=CARTESIAN_POINT('',(16.001,8.23,-0.250000000000002));
#10892=CARTESIAN_POINT('',(-5.,8.23,-0.250000000000002));
#10893=CARTESIAN_POINT('',(-5.,7.48,-0.250000000000002));
#10894=CARTESIAN_POINT('',(-5.,8.23,-0.250000000000002));
#10895=CARTESIAN_POINT('',(16.001,6.25,0.894999999999998));
#10896=CARTESIAN_POINT('',(-5.,6.25,0.894999999999998));
#10897=CARTESIAN_POINT('',(-5.,5.5,0.894999999999998));
#10898=CARTESIAN_POINT('',(-5.,6.25,0.894999999999998));
#10899=CARTESIAN_POINT('',(16.001,4.27,-0.250000000000002));
#10900=CARTESIAN_POINT('',(-5.,4.27,-0.250000000000002));
#10901=CARTESIAN_POINT('',(-5.,3.52,-0.250000000000002));
#10902=CARTESIAN_POINT('',(16.001,3.58261364575662,0.0500000000000006));
#10903=CARTESIAN_POINT('',(2.08,3.58261364575663,0.0500000000000021));
#10904=CARTESIAN_POINT('',(2.08,4.27,-0.250000000000002));
#10905=CARTESIAN_POINT('',(2.08,3.58261364575662,-0.549999999999999));
#10906=CARTESIAN_POINT('',(16.001,3.58261364575662,-0.549999999999999));
#10907=CARTESIAN_POINT('',(-5.,4.27,-0.250000000000002));
#10908=CARTESIAN_POINT('',(16.001,6.25,5.475));
#10909=CARTESIAN_POINT('',(-5.,6.25,5.475));
#10910=CARTESIAN_POINT('',(-5.,5.5,5.475));
#10911=CARTESIAN_POINT('',(-5.,6.25,5.475));
#10912=CARTESIAN_POINT('',(16.001,4.27,4.33));
#10913=CARTESIAN_POINT('',(-5.,4.27,4.33));
#10914=CARTESIAN_POINT('',(-5.,3.52,4.33));
#10915=CARTESIAN_POINT('',(16.001,3.58261364575662,4.63));
#10916=CARTESIAN_POINT('',(2.08,3.58261364575663,4.63));
#10917=CARTESIAN_POINT('',(2.08,4.27,4.33));
#10918=CARTESIAN_POINT('',(2.08,3.58261364575662,4.03));
#10919=CARTESIAN_POINT('',(16.001,3.58261364575662,4.03));
#10920=CARTESIAN_POINT('',(-5.,4.27,4.33));
#10921=CARTESIAN_POINT('',(16.001,8.23,2.04));
#10922=CARTESIAN_POINT('',(-5.,8.23,2.04));
#10923=CARTESIAN_POINT('',(-5.,7.48,2.04));
#10924=CARTESIAN_POINT('',(-5.,8.23,2.04));
#10925=CARTESIAN_POINT('',(16.001,6.25,3.185));
#10926=CARTESIAN_POINT('',(-5.,6.25,3.185));
#10927=CARTESIAN_POINT('',(-5.,5.5,3.185));
#10928=CARTESIAN_POINT('',(-5.,6.25,3.185));
#10929=CARTESIAN_POINT('',(16.001,4.27,-4.83));
#10930=CARTESIAN_POINT('',(-5.,4.27,-4.83));
#10931=CARTESIAN_POINT('',(-5.,3.52,-4.83));
#10932=CARTESIAN_POINT('',(16.001,3.58261364575662,-4.53));
#10933=CARTESIAN_POINT('',(2.08,3.58261364575662,-4.53));
#10934=CARTESIAN_POINT('',(2.08,4.27,-4.83));
#10935=CARTESIAN_POINT('',(2.08,3.58261364575662,-5.13));
#10936=CARTESIAN_POINT('',(16.001,3.58261364575662,-5.13));
#10937=CARTESIAN_POINT('',(-5.,4.27,-4.83));
#10938=CARTESIAN_POINT('',(16.001,6.25,-3.685));
#10939=CARTESIAN_POINT('',(-5.,6.25,-3.685));
#10940=CARTESIAN_POINT('',(-5.,5.5,-3.685));
#10941=CARTESIAN_POINT('',(-5.,6.25,-3.685));
#10942=CARTESIAN_POINT('',(16.001,8.23,-2.54));
#10943=CARTESIAN_POINT('',(-5.,8.23,-2.54));
#10944=CARTESIAN_POINT('',(-5.,7.48,-2.54));
#10945=CARTESIAN_POINT('',(-5.,8.23,-2.54));
#10946=CARTESIAN_POINT('',(16.001,6.25,-1.395));
#10947=CARTESIAN_POINT('',(-5.,6.25,-1.395));
#10948=CARTESIAN_POINT('',(-5.,5.5,-1.395));
#10949=CARTESIAN_POINT('',(-5.,6.25,-1.395));
#10950=CARTESIAN_POINT('',(16.001,4.27,-2.54));
#10951=CARTESIAN_POINT('',(-5.,4.27,-2.54));
#10952=CARTESIAN_POINT('',(-5.,3.52,-2.54));
#10953=CARTESIAN_POINT('',(16.001,3.58261364575662,-2.24));
#10954=CARTESIAN_POINT('',(2.08,3.58261364575662,-2.24));
#10955=CARTESIAN_POINT('',(2.08,4.27,-2.54));
#10956=CARTESIAN_POINT('',(2.08,3.58261364575662,-2.84));
#10957=CARTESIAN_POINT('',(16.001,3.58261364575662,-2.84));
#10958=CARTESIAN_POINT('',(-5.,4.27,-2.54));
#10959=CARTESIAN_POINT('',(16.001,8.23,-4.83));
#10960=CARTESIAN_POINT('',(-5.,8.23,-4.83));
#10961=CARTESIAN_POINT('',(-5.,7.48,-4.83));
#10962=CARTESIAN_POINT('',(-5.,8.23,-4.83));
#10963=CARTESIAN_POINT('',(16.001,8.23,4.33));
#10964=CARTESIAN_POINT('',(-5.,8.23,4.33));
#10965=CARTESIAN_POINT('',(-5.,7.48,4.33));
#10966=CARTESIAN_POINT('',(-5.,8.23,4.33));
#10967=CARTESIAN_POINT('',(16.,12.501,4.03));
#10968=CARTESIAN_POINT('',(2.08,12.501,4.03));
#10969=CARTESIAN_POINT('',(16.,2.8,4.03));
#10970=CARTESIAN_POINT('',(2.08,12.501,4.63));
#10971=CARTESIAN_POINT('',(2.08,12.501,4.63));
#10972=CARTESIAN_POINT('',(16.,12.501,4.63));
#10973=CARTESIAN_POINT('',(16.,2.8,4.63));
#10974=CARTESIAN_POINT('',(16.,12.501,2.885));
#10975=CARTESIAN_POINT('',(16.,2.8,2.885));
#10976=CARTESIAN_POINT('',(4.06,2.8,2.885));
#10977=CARTESIAN_POINT('',(4.06,12.501,2.885));
#10978=CARTESIAN_POINT('',(4.06,12.501,3.485));
#10979=CARTESIAN_POINT('',(4.06,2.8,3.485));
#10980=CARTESIAN_POINT('',(4.06,2.8,3.485));
#10981=CARTESIAN_POINT('',(4.06,12.501,3.485));
#10982=CARTESIAN_POINT('',(16.,12.501,3.485));
#10983=CARTESIAN_POINT('',(16.,2.8,3.485));
#10984=CARTESIAN_POINT('',(16.,12.501,2.34));
#10985=CARTESIAN_POINT('',(16.,2.8,2.34));
#10986=CARTESIAN_POINT('',(2.08,12.501,2.34));
#10987=CARTESIAN_POINT('',(16.,12.501,1.74));
#10988=CARTESIAN_POINT('',(2.08,12.501,1.74));
#10989=CARTESIAN_POINT('',(16.,2.8,1.74));
#10990=CARTESIAN_POINT('',(2.08,12.501,2.34));
#10991=CARTESIAN_POINT('',(16.,12.501,1.195));
#10992=CARTESIAN_POINT('',(16.,2.8,1.195));
#10993=CARTESIAN_POINT('',(4.06,2.8,1.195));
#10994=CARTESIAN_POINT('',(4.06,12.501,1.195));
#10995=CARTESIAN_POINT('',(16.,12.501,0.595000000000002));
#10996=CARTESIAN_POINT('',(16.,2.8,0.595000000000002));
#10997=CARTESIAN_POINT('',(4.06,2.8,0.595000000000001));
#10998=CARTESIAN_POINT('',(4.06,12.501,0.595000000000001));
#10999=CARTESIAN_POINT('',(4.06,12.501,1.195));
#11000=CARTESIAN_POINT('',(4.06,2.8,1.195));
#11001=CARTESIAN_POINT('',(16.,12.501,0.0500000000000006));
#11002=CARTESIAN_POINT('',(16.,2.8,0.0500000000000006));
#11003=CARTESIAN_POINT('',(2.08,12.501,0.0500000000000014));
#11004=CARTESIAN_POINT('',(16.,12.501,-0.549999999999999));
#11005=CARTESIAN_POINT('',(2.08,12.501,-0.549999999999999));
#11006=CARTESIAN_POINT('',(16.,2.8,-0.549999999999999));
#11007=CARTESIAN_POINT('',(2.08,12.501,0.0500000000000014));
#11008=CARTESIAN_POINT('',(16.,12.501,-1.095));
#11009=CARTESIAN_POINT('',(16.,2.8,-1.095));
#11010=CARTESIAN_POINT('',(4.06,2.8,-1.095));
#11011=CARTESIAN_POINT('',(4.06,12.501,-1.095));
#11012=CARTESIAN_POINT('',(16.,12.501,-1.695));
#11013=CARTESIAN_POINT('',(16.,2.8,-1.695));
#11014=CARTESIAN_POINT('',(4.06,2.8,-1.695));
#11015=CARTESIAN_POINT('',(4.06,12.501,-1.695));
#11016=CARTESIAN_POINT('',(4.06,12.501,-1.095));
#11017=CARTESIAN_POINT('',(4.06,2.8,-1.095));
#11018=CARTESIAN_POINT('',(16.,12.501,-2.24));
#11019=CARTESIAN_POINT('',(16.,2.8,-2.24));
#11020=CARTESIAN_POINT('',(2.08,12.501,-2.24));
#11021=CARTESIAN_POINT('',(16.,12.501,-2.84));
#11022=CARTESIAN_POINT('',(2.08,12.501,-2.84));
#11023=CARTESIAN_POINT('',(16.,2.8,-2.84));
#11024=CARTESIAN_POINT('',(2.08,12.501,-2.24));
#11025=CARTESIAN_POINT('',(16.,12.501,-3.385));
#11026=CARTESIAN_POINT('',(16.,2.8,-3.385));
#11027=CARTESIAN_POINT('',(4.06,2.8,-3.385));
#11028=CARTESIAN_POINT('',(4.06,12.501,-3.385));
#11029=CARTESIAN_POINT('',(16.,12.501,-3.985));
#11030=CARTESIAN_POINT('',(16.,2.8,-3.985));
#11031=CARTESIAN_POINT('',(4.06,2.8,-3.985));
#11032=CARTESIAN_POINT('',(4.06,12.501,-3.985));
#11033=CARTESIAN_POINT('',(4.06,12.501,-3.385));
#11034=CARTESIAN_POINT('',(4.06,2.8,-3.385));
#11035=CARTESIAN_POINT('',(16.,12.501,-4.53));
#11036=CARTESIAN_POINT('',(16.,2.8,-4.53));
#11037=CARTESIAN_POINT('',(2.08,12.501,-4.53));
#11038=CARTESIAN_POINT('',(16.,12.501,-5.13));
#11039=CARTESIAN_POINT('',(2.08,12.501,-5.13));
#11040=CARTESIAN_POINT('',(2.08,12.501,-4.53));
#11041=CARTESIAN_POINT('',(16.,12.501,5.175));
#11042=CARTESIAN_POINT('',(16.,2.8,5.175));
#11043=CARTESIAN_POINT('',(4.06,2.8,5.175));
#11044=CARTESIAN_POINT('',(4.06,12.501,5.175));
#11045=CARTESIAN_POINT('',(4.06,12.501,5.775));
#11046=CARTESIAN_POINT('',(4.06,2.8,5.775));
#11047=CARTESIAN_POINT('',(4.06,2.8,5.775));
#11048=CARTESIAN_POINT('',(4.06,12.501,5.775));
#11049=CARTESIAN_POINT('',(16.,12.501,5.775));
#11050=CARTESIAN_POINT('',(16.,2.8,5.775));
#11051=CARTESIAN_POINT('',(16.,2.8,-15.4));
#11052=CARTESIAN_POINT('',(16.,2.8,-15.4));
#11053=CARTESIAN_POINT('',(16.,2.8,-15.4));
#11054=CARTESIAN_POINT('',(16.,2.8,-15.4));
#11055=CARTESIAN_POINT('',(16.,2.8,-15.4));
#11056=CARTESIAN_POINT('',(3.55618312575245E-14,-4.66,0.0599999999999515));
#11057=CARTESIAN_POINT('',(0.,4.775,-13.9));
#11058=CARTESIAN_POINT('',(0.,-9.34479501141694E-16,12.5));
#11059=CARTESIAN_POINT('',(0.,-9.34479501141694E-16,14.55));
#11060=CARTESIAN_POINT('',(0.,2.12713749672669E-15,-12.5));
#11061=CARTESIAN_POINT('',(0.,2.12713749672669E-15,-10.45));
#11062=CARTESIAN_POINT('',(0.,4.775,-13.9));
#11063=CARTESIAN_POINT('',(0.,4.775,-15.4));
#11064=CARTESIAN_POINT('',(0.,6.275,-13.9));
#11065=CARTESIAN_POINT('',(0.,-4.775,-15.4));
#11066=CARTESIAN_POINT('',(0.,-4.775,-15.4));
#11067=CARTESIAN_POINT('',(0.,-4.775,-13.9));
#11068=CARTESIAN_POINT('',(0.,-6.275,-13.9));
#11069=CARTESIAN_POINT('',(0.,-6.275,13.9));
#11070=CARTESIAN_POINT('',(0.,-6.275,13.9));
#11071=CARTESIAN_POINT('',(0.,-4.775,13.9));
#11072=CARTESIAN_POINT('',(0.,-4.775,15.4));
#11073=CARTESIAN_POINT('',(0.,-4.775,15.4));
#11074=CARTESIAN_POINT('',(0.,4.775,15.4));
#11075=CARTESIAN_POINT('',(0.,4.775,13.9));
#11076=CARTESIAN_POINT('',(0.,6.275,13.9));
#11077=CARTESIAN_POINT('',(0.,6.275,13.9));
#11078=CARTESIAN_POINT('',(0.,0.791926782482712,-7.71429821957869));
#11079=CARTESIAN_POINT('',(0.,-1.60807321751729,-7.29111346587837));
#11080=CARTESIAN_POINT('',(0.,0.791926782482712,-7.71429821957869));
#11081=CARTESIAN_POINT('',(0.,1.2,-5.4));
#11082=CARTESIAN_POINT('',(0.,3.55,-5.4));
#11083=CARTESIAN_POINT('',(0.,3.55,-5.4));
#11084=CARTESIAN_POINT('',(0.,3.55,5.4));
#11085=CARTESIAN_POINT('',(0.,1.2,5.4));
#11086=CARTESIAN_POINT('',(0.,0.79192678248271,7.71429821957869));
#11087=CARTESIAN_POINT('',(0.,0.79192678248271,7.71429821957869));
#11088=CARTESIAN_POINT('',(0.,-1.60807321751729,7.29111346587837));
#11089=CARTESIAN_POINT('',(0.,-1.2,4.97681524629968));
#11090=CARTESIAN_POINT('',(0.,-3.55,4.97681524629968));
#11091=CARTESIAN_POINT('',(0.,-3.55,-4.97681524629968));
#11092=CARTESIAN_POINT('',(0.,-3.55,-4.97681524629968));
#11093=CARTESIAN_POINT('',(0.,-1.2,-4.97681524629968));
#11094=CARTESIAN_POINT('',(0.4,4.775,-13.9));
#11095=CARTESIAN_POINT('',(0.4,2.12713749672669E-15,-12.5));
#11096=CARTESIAN_POINT('',(0.4,2.12713749672669E-15,-10.45));
#11097=CARTESIAN_POINT('',(0.4,-9.34479501141694E-16,12.5));
#11098=CARTESIAN_POINT('',(0.4,-9.34479501141694E-16,14.55));
#11099=CARTESIAN_POINT('',(0.4,1.2,5.4));
#11100=CARTESIAN_POINT('',(0.4,0.635643422582473,8.60062519728968));
#11101=CARTESIAN_POINT('',(0.4,4.45,5.4));
#11102=CARTESIAN_POINT('',(0.4,4.45,-5.4));
#11103=CARTESIAN_POINT('',(0.4,4.45,-5.4));
#11104=CARTESIAN_POINT('',(0.4,1.2,-5.4));
#11105=CARTESIAN_POINT('',(0.4,0.635643422582475,-8.60062519728968));
#11106=CARTESIAN_POINT('',(0.4,-1.76435657741752,-8.17744044358936));
#11107=CARTESIAN_POINT('',(0.4,-1.76435657741753,-8.17744044358936));
#11108=CARTESIAN_POINT('',(0.4,-1.2,-4.97681524629968));
#11109=CARTESIAN_POINT('',(0.4,-4.45,-4.97681524629968));
#11110=CARTESIAN_POINT('',(0.4,-4.45,4.97681524629968));
#11111=CARTESIAN_POINT('',(0.4,-4.45,4.97681524629968));
#11112=CARTESIAN_POINT('',(0.4,-1.2,4.97681524629968));
#11113=CARTESIAN_POINT('',(0.4,-1.76435657741753,8.17744044358936));
#11114=CARTESIAN_POINT('',(0.4,0.635643422582474,8.60062519728968));
#11115=CARTESIAN_POINT('',(0.4,4.775,-13.9));
#11116=CARTESIAN_POINT('',(0.4,4.775,-15.4));
#11117=CARTESIAN_POINT('',(0.4,6.275,-13.9));
#11118=CARTESIAN_POINT('',(0.4,6.275,13.9));
#11119=CARTESIAN_POINT('',(0.4,6.275,13.9));
#11120=CARTESIAN_POINT('',(0.4,4.775,13.9));
#11121=CARTESIAN_POINT('',(0.4,4.775,15.4));
#11122=CARTESIAN_POINT('',(0.4,-4.775,15.4));
#11123=CARTESIAN_POINT('',(0.4,-4.775,15.4));
#11124=CARTESIAN_POINT('',(0.4,-4.775,13.9));
#11125=CARTESIAN_POINT('',(0.4,-6.275,13.9));
#11126=CARTESIAN_POINT('',(0.4,-6.275,13.9));
#11127=CARTESIAN_POINT('',(0.4,-6.275,-13.9));
#11128=CARTESIAN_POINT('',(0.4,-4.775,-13.9));
#11129=CARTESIAN_POINT('',(0.4,-4.775,-15.4));
#11130=CARTESIAN_POINT('',(0.4,-4.775,-15.4));
#11131=CARTESIAN_POINT('',(0.4,4.775,-13.9));
#11132=CARTESIAN_POINT('',(0.4,6.275,-13.9));
#11133=CARTESIAN_POINT('',(0.4,4.775,-15.4));
#11134=CARTESIAN_POINT('',(0.4,6.275,13.9));
#11135=CARTESIAN_POINT('',(0.4,6.275,13.9));
#11136=CARTESIAN_POINT('',(0.4,4.775,13.9));
#11137=CARTESIAN_POINT('',(0.4,4.775,15.4));
#11138=CARTESIAN_POINT('',(0.4,-4.775,15.4));
#11139=CARTESIAN_POINT('',(0.4,-4.775,15.4));
#11140=CARTESIAN_POINT('',(0.4,-4.775,13.9));
#11141=CARTESIAN_POINT('',(0.4,-6.275,13.9));
#11142=CARTESIAN_POINT('',(0.4,-6.275,13.9));
#11143=CARTESIAN_POINT('',(0.4,-6.275,-13.9));
#11144=CARTESIAN_POINT('',(0.4,-4.775,-13.9));
#11145=CARTESIAN_POINT('',(0.4,-4.775,-15.4));
#11146=CARTESIAN_POINT('',(0.4,-4.775,-15.4));
#11147=CARTESIAN_POINT('',(0.4,-9.34479501141694E-16,12.5));
#11148=CARTESIAN_POINT('',(-0.1,-9.34479501141694E-16,12.5));
#11149=CARTESIAN_POINT('',(-0.1,-9.34479501141694E-16,14.05));
#11150=CARTESIAN_POINT('',(-2.6,-9.34479501141694E-16,12.5));
#11151=CARTESIAN_POINT('',(-2.6,-9.34479501141694E-16,14.05));
#11152=CARTESIAN_POINT('',(0.4,2.12713749672669E-15,-12.5));
#11153=CARTESIAN_POINT('',(-0.1,2.12713749672669E-15,-12.5));
#11154=CARTESIAN_POINT('',(-0.1,2.12713749672669E-15,-10.95));
#11155=CARTESIAN_POINT('',(-2.6,2.12713749672669E-15,-12.5));
#11156=CARTESIAN_POINT('',(-2.6,2.12713749672669E-15,-10.95));
#11157=CARTESIAN_POINT('',(0.4,1.2,-5.4));
#11158=CARTESIAN_POINT('',(0.4,0.791926782482712,-7.71429821957869));
#11159=CARTESIAN_POINT('',(6.3,0.791926782482712,-7.71429821957869));
#11160=CARTESIAN_POINT('',(6.3,1.2,-5.4));
#11161=CARTESIAN_POINT('',(6.3,3.55,-5.4));
#11162=CARTESIAN_POINT('',(0.4,3.55,-5.4));
#11163=CARTESIAN_POINT('',(0.4,3.55,-5.4));
#11164=CARTESIAN_POINT('',(6.3,3.55,-5.4));
#11165=CARTESIAN_POINT('',(6.3,3.55,5.4));
#11166=CARTESIAN_POINT('',(0.4,3.55,5.4));
#11167=CARTESIAN_POINT('',(0.4,1.2,5.4));
#11168=CARTESIAN_POINT('',(6.3,1.2,5.4));
#11169=CARTESIAN_POINT('',(6.3,0.79192678248271,7.71429821957869));
#11170=CARTESIAN_POINT('',(0.4,0.79192678248271,7.71429821957869));
#11171=CARTESIAN_POINT('',(0.4,0.79192678248271,7.71429821957869));
#11172=CARTESIAN_POINT('',(6.3,0.79192678248271,7.71429821957869));
#11173=CARTESIAN_POINT('',(6.3,-1.60807321751729,7.29111346587837));
#11174=CARTESIAN_POINT('',(0.4,-1.60807321751729,7.29111346587837));
#11175=CARTESIAN_POINT('',(0.4,-1.2,4.97681524629968));
#11176=CARTESIAN_POINT('',(6.3,-1.2,4.97681524629968));
#11177=CARTESIAN_POINT('',(6.3,-3.55,4.97681524629968));
#11178=CARTESIAN_POINT('',(0.4,-3.55,4.97681524629968));
#11179=CARTESIAN_POINT('',(0.4,-3.55,-4.97681524629968));
#11180=CARTESIAN_POINT('',(6.3,-3.55,4.97681524629968));
#11181=CARTESIAN_POINT('',(6.3,-3.55,-4.97681524629968));
#11182=CARTESIAN_POINT('',(0.4,-3.55,-4.97681524629968));
#11183=CARTESIAN_POINT('',(0.4,-1.2,-4.97681524629968));
#11184=CARTESIAN_POINT('',(6.3,-1.2,-4.97681524629968));
#11185=CARTESIAN_POINT('',(6.3,-1.60807321751729,-7.29111346587837));
#11186=CARTESIAN_POINT('',(0.4,-1.60807321751729,-7.29111346587837));
#11187=CARTESIAN_POINT('',(0.4,0.791926782482712,-7.71429821957869));
#11188=CARTESIAN_POINT('',(6.3,-1.60807321751729,-7.29111346587837));
#11189=CARTESIAN_POINT('',(6.3,1.2,-5.4));
#11190=CARTESIAN_POINT('',(6.3,0.739832329182633,-8.00974054548235));
#11191=CARTESIAN_POINT('',(6.3,-1.66016767081737,-7.58655579178204));
#11192=CARTESIAN_POINT('',(6.3,0.739832329182633,-8.00974054548235));
#11193=CARTESIAN_POINT('',(6.3,1.2,-5.4));
#11194=CARTESIAN_POINT('',(6.3,3.85,-5.4));
#11195=CARTESIAN_POINT('',(6.3,3.85,5.4));
#11196=CARTESIAN_POINT('',(6.3,3.85,5.4));
#11197=CARTESIAN_POINT('',(6.3,1.2,5.4));
#11198=CARTESIAN_POINT('',(6.3,0.739832329182632,8.00974054548235));
#11199=CARTESIAN_POINT('',(6.3,-1.66016767081737,7.58655579178203));
#11200=CARTESIAN_POINT('',(6.3,-1.66016767081737,7.58655579178203));
#11201=CARTESIAN_POINT('',(6.3,-1.2,4.97681524629968));
#11202=CARTESIAN_POINT('',(6.3,-3.85,4.97681524629968));
#11203=CARTESIAN_POINT('',(6.3,-3.85,-4.97681524629968));
#11204=CARTESIAN_POINT('',(6.3,-3.85,-4.97681524629968));
#11205=CARTESIAN_POINT('',(6.3,-1.2,-4.97681524629968));
#11206=CARTESIAN_POINT('',(6.3,1.2,-5.4));
#11207=CARTESIAN_POINT('',(6.3,3.95,-5.4));
#11208=CARTESIAN_POINT('',(6.2,3.95,-5.4));
#11209=CARTESIAN_POINT('',(0.9,3.95,-5.4));
#11210=CARTESIAN_POINT('',(6.2,1.2,-5.4));
#11211=CARTESIAN_POINT('',(6.2,0.72246751141594,-8.10822132078357));
#11212=CARTESIAN_POINT('',(6.3,0.72246751141594,-8.10822132078357));
#11213=CARTESIAN_POINT('',(0.9,0.72246751141594,-8.10822132078357));
#11214=CARTESIAN_POINT('',(0.9,1.2,-5.4));
#11215=CARTESIAN_POINT('',(6.3,3.95,-5.4));
#11216=CARTESIAN_POINT('',(6.3,3.95,5.4));
#11217=CARTESIAN_POINT('',(6.2,3.95,5.4));
#11218=CARTESIAN_POINT('',(0.9,3.95,5.4));
#11219=CARTESIAN_POINT('',(6.2,3.95,-5.4));
#11220=CARTESIAN_POINT('',(0.9,3.95,5.4));
#11221=CARTESIAN_POINT('',(6.3,1.2,5.4));
#11222=CARTESIAN_POINT('',(6.3,0.722467511415939,8.10822132078357));
#11223=CARTESIAN_POINT('',(6.2,0.722467511415939,8.10822132078357));
#11224=CARTESIAN_POINT('',(0.9,0.722467511415939,8.10822132078357));
#11225=CARTESIAN_POINT('',(6.2,1.2,5.4));
#11226=CARTESIAN_POINT('',(0.9,1.2,5.4));
#11227=CARTESIAN_POINT('',(6.3,0.722467511415939,8.10822132078357));
#11228=CARTESIAN_POINT('',(6.3,-1.67753248858406,7.68503656708325));
#11229=CARTESIAN_POINT('',(6.2,-1.67753248858406,7.68503656708325));
#11230=CARTESIAN_POINT('',(0.9,-1.67753248858406,7.68503656708325));
#11231=CARTESIAN_POINT('',(6.2,0.722467511415939,8.10822132078357));
#11232=CARTESIAN_POINT('',(0.9,-1.67753248858406,7.68503656708325));
#11233=CARTESIAN_POINT('',(6.3,-1.2,4.97681524629968));
#11234=CARTESIAN_POINT('',(6.3,-3.95,4.97681524629968));
#11235=CARTESIAN_POINT('',(6.2,-3.95,4.97681524629968));
#11236=CARTESIAN_POINT('',(0.9,-3.95,4.97681524629968));
#11237=CARTESIAN_POINT('',(6.2,-1.2,4.97681524629968));
#11238=CARTESIAN_POINT('',(0.9,-1.2,4.97681524629968));
#11239=CARTESIAN_POINT('',(6.3,-3.95,4.97681524629968));
#11240=CARTESIAN_POINT('',(6.3,-3.95,-4.97681524629968));
#11241=CARTESIAN_POINT('',(6.2,-3.95,-4.97681524629968));
#11242=CARTESIAN_POINT('',(0.9,-3.95,-4.97681524629968));
#11243=CARTESIAN_POINT('',(6.2,-3.95,4.97681524629968));
#11244=CARTESIAN_POINT('',(0.9,-3.95,-4.97681524629968));
#11245=CARTESIAN_POINT('',(6.3,-1.2,-4.97681524629968));
#11246=CARTESIAN_POINT('',(6.3,-1.67753248858406,-7.68503656708326));
#11247=CARTESIAN_POINT('',(6.2,-1.67753248858406,-7.68503656708326));
#11248=CARTESIAN_POINT('',(0.9,-1.67753248858406,-7.68503656708326));
#11249=CARTESIAN_POINT('',(6.2,-1.2,-4.97681524629968));
#11250=CARTESIAN_POINT('',(0.9,-1.2,-4.97681524629968));
#11251=CARTESIAN_POINT('',(6.3,-1.67753248858406,-7.68503656708326));
#11252=CARTESIAN_POINT('',(6.2,-1.67753248858406,-7.68503656708326));
#11253=CARTESIAN_POINT('',(0.9,0.722467511415941,-8.10822132078357));
#11254=CARTESIAN_POINT('',(-2.6,2.12713749672669E-15,-12.5));
#11255=CARTESIAN_POINT('',(-2.6,2.12713749672669E-15,-12.5));
#11256=CARTESIAN_POINT('',(-2.6,2.12713749672669E-15,-10.55));
#11257=CARTESIAN_POINT('',(-2.6,2.12713749672669E-15,-12.5));
#11258=CARTESIAN_POINT('',(-0.0999999999999998,2.12713749672669E-15,-12.5));
#11259=CARTESIAN_POINT('',(-0.0999999999999998,2.12713749672669E-15,-10.55));
#11260=CARTESIAN_POINT('',(-2.6,-9.34479501141694E-16,12.5));
#11261=CARTESIAN_POINT('',(-2.6,-9.34479501141694E-16,12.5));
#11262=CARTESIAN_POINT('',(-2.6,-9.34479501141694E-16,14.45));
#11263=CARTESIAN_POINT('',(-2.6,-9.34479501141694E-16,12.5));
#11264=CARTESIAN_POINT('',(-0.0999999999999998,-9.34479501141694E-16,12.5));
#11265=CARTESIAN_POINT('',(-0.0999999999999998,-9.34479501141694E-16,14.45));
#11266=CARTESIAN_POINT('',(0.9,-4.45,4.97681524629968));
#11267=CARTESIAN_POINT('',(0.9,-4.45,4.97681524629968));
#11268=CARTESIAN_POINT('',(0.9,-4.45,-4.97681524629968));
#11269=CARTESIAN_POINT('',(0.9,-1.2,-4.97681524629968));
#11270=CARTESIAN_POINT('',(0.9,-1.76435657741753,-8.17744044358936));
#11271=CARTESIAN_POINT('',(0.9,-1.2,4.97681524629968));
#11272=CARTESIAN_POINT('',(0.9,-1.76435657741753,8.17744044358936));
#11273=CARTESIAN_POINT('',(0.9,-1.76435657741753,-8.17744044358936));
#11274=CARTESIAN_POINT('',(0.9,0.635643422582475,-8.60062519728968));
#11275=CARTESIAN_POINT('',(0.9,0.635643422582473,8.60062519728968));
#11276=CARTESIAN_POINT('',(0.9,0.635643422582473,8.60062519728968));
#11277=CARTESIAN_POINT('',(0.9,1.2,-5.4));
#11278=CARTESIAN_POINT('',(0.9,4.45,-5.4));
#11279=CARTESIAN_POINT('',(0.9,1.2,5.4));
#11280=CARTESIAN_POINT('',(0.9,4.45,5.4));
#11281=CARTESIAN_POINT('',(0.9,4.45,-5.4));
#11282=CARTESIAN_POINT('',(-0.1,2.12713749672669E-15,-12.5));
#11283=CARTESIAN_POINT('',(-0.1,-9.34479501141694E-16,12.5));
#11284=CARTESIAN_POINT('',(6.2,-1.2,4.97681524629968));
#11285=CARTESIAN_POINT('',(6.2,-1.66016767081737,7.58655579178203));
#11286=CARTESIAN_POINT('',(6.2,-3.85,4.97681524629968));
#11287=CARTESIAN_POINT('',(6.2,-3.85,-5.4));
#11288=CARTESIAN_POINT('',(6.2,-3.85,-4.97681524629968));
#11289=CARTESIAN_POINT('',(6.2,-1.107076444776,7.68408069772625));
#11290=CARTESIAN_POINT('',(6.2,0.739832329182632,8.00974054548235));
#11291=CARTESIAN_POINT('',(6.2,-1.2,-4.97681524629968));
#11292=CARTESIAN_POINT('',(6.2,-1.66016767081737,-7.58655579178204));
#11293=CARTESIAN_POINT('',(6.2,1.2,5.4));
#11294=CARTESIAN_POINT('',(6.2,3.85,5.4));
#11295=CARTESIAN_POINT('',(6.2,0.739832329182633,-8.00974054548235));
#11296=CARTESIAN_POINT('',(6.2,0.739832329182633,-8.00974054548235));
#11297=CARTESIAN_POINT('',(6.2,3.85,-5.4));
#11298=CARTESIAN_POINT('',(6.2,3.85,-5.4));
#11299=CARTESIAN_POINT('',(6.2,1.2,-5.4));
#11300=CARTESIAN_POINT('',(-0.0999999999999998,-9.34479501141694E-16,12.5));
#11301=CARTESIAN_POINT('',(-0.0999999999999998,2.12713749672669E-15,-12.5));
#11302=CARTESIAN_POINT('',(3.55618312575245E-14,-4.66,6.30999999999997));
#11303=CARTESIAN_POINT('',(1.1,-8.6,-2.3));
#11304=CARTESIAN_POINT('',(1.1,-6.2,-2.3));
#11305=CARTESIAN_POINT('',(1.7,-6.2,-2.3));
#11306=CARTESIAN_POINT('',(1.1,-6.2,-2.9));
#11307=CARTESIAN_POINT('',(1.1,-5.4,-2.9));
#11308=CARTESIAN_POINT('',(1.1,-5.6,-2.9));
#11309=CARTESIAN_POINT('',(1.1,-5.6,-2.3));
#11310=CARTESIAN_POINT('',(1.7,-5.6,-2.3));
#11311=CARTESIAN_POINT('',(1.7,-8.6,-2.3));
#11312=CARTESIAN_POINT('',(1.1,-8.6,2.3));
#11313=CARTESIAN_POINT('',(1.1,-5.6,2.3));
#11314=CARTESIAN_POINT('',(1.7,-5.6,2.3));
#11315=CARTESIAN_POINT('',(1.1,-5.6,2.9));
#11316=CARTESIAN_POINT('',(1.1,-5.6,2.9));
#11317=CARTESIAN_POINT('',(1.1,-6.2,2.9));
#11318=CARTESIAN_POINT('',(1.1,-6.2,2.3));
#11319=CARTESIAN_POINT('',(1.7,-6.2,2.3));
#11320=CARTESIAN_POINT('',(1.7,-6.2,2.3));
#11321=CARTESIAN_POINT('',(0.6,0.,2.9));
#11322=CARTESIAN_POINT('',(0.6,-2.75,-3.36777869765522E-16));
#11323=CARTESIAN_POINT('',(0.6,-2.75,2.05));
#11324=CARTESIAN_POINT('',(0.6,0.,-2.9));
#11325=CARTESIAN_POINT('',(0.6,-5.10419601084502,-2.9));
#11326=CARTESIAN_POINT('',(0.6,-0.3,-2.9));
#11327=CARTESIAN_POINT('',(0.6,-0.3,-2.6));
#11328=CARTESIAN_POINT('',(0.6,0.,-2.6));
#11329=CARTESIAN_POINT('',(0.6,0.,2.9));
#11330=CARTESIAN_POINT('',(0.6,0.,2.6));
#11331=CARTESIAN_POINT('',(0.6,-0.3,2.6));
#11332=CARTESIAN_POINT('',(0.6,-0.3,2.9));
#11333=CARTESIAN_POINT('',(0.6,0.,2.9));
#11334=CARTESIAN_POINT('',(0.6,-5.10419601084502,2.9));
#11335=CARTESIAN_POINT('',(0.6,-5.10419601084502,2.6));
#11336=CARTESIAN_POINT('',(0.600000000000001,-5.4,2.65));
#11337=CARTESIAN_POINT('',(0.600000000000001,-5.4,2.9));
#11338=CARTESIAN_POINT('',(0.6,-5.4,-2.65));
#11339=CARTESIAN_POINT('',(0.6,-5.10419601084502,-2.6));
#11340=CARTESIAN_POINT('',(0.800000000000001,-5.4,2.9));
#11341=CARTESIAN_POINT('',(0.800000000000001,-6.2,2.9));
#11342=CARTESIAN_POINT('',(1.09580398915498,-6.2,2.9));
#11343=CARTESIAN_POINT('',(0.800000000000001,-5.6,2.9));
#11344=CARTESIAN_POINT('',(1.09580398915498,-5.6,2.9));
#11345=CARTESIAN_POINT('',(1.09580398915498,-6.2,2.9));
#11346=CARTESIAN_POINT('',(0.800000000000001,-5.4,2.9));
#11347=CARTESIAN_POINT('',(0.,-0.3,2.9));
#11348=CARTESIAN_POINT('',(3.61244996322152E-17,-0.3,2.9));
#11349=CARTESIAN_POINT('',(0.,0.,2.9));
#11350=CARTESIAN_POINT('',(6.50521303491303E-16,-5.10419601084502,2.9));
#11351=CARTESIAN_POINT('',(0.6,-5.10419601084502,2.9));
#11352=CARTESIAN_POINT('',(1.98,-6.4,2.9));
#11353=CARTESIAN_POINT('',(1.98,-6.4,1.60011254618732));
#11354=CARTESIAN_POINT('',(1.98,-11.1991960513077,1.60011254618732));
#11355=CARTESIAN_POINT('',(1.98,-8.0991960513077,1.60011254618732));
#11356=CARTESIAN_POINT('',(1.98,-6.59965429874751,3.09965429874751));
#11357=CARTESIAN_POINT('',(1.98,-7.89930859749502,1.8));
#11358=CARTESIAN_POINT('',(1.98,-6.4,1.8));
#11359=CARTESIAN_POINT('',(1.98,-6.4,1.8));
#11360=CARTESIAN_POINT('',(1.98,-6.4,2.9));
#11361=CARTESIAN_POINT('',(1.98,-6.4,0.7));
#11362=CARTESIAN_POINT('',(1.98,-6.4,0.7));
#11363=CARTESIAN_POINT('',(1.98,-11.8473306308631,0.7));
#11364=CARTESIAN_POINT('',(1.98,-11.8473306308631,5.69999996226714));
#11365=CARTESIAN_POINT('',(1.98,-12.2822439303462,0.718950871502807));
#11366=CARTESIAN_POINT('',(1.98,-6.63349936789499,0.225738680491167));
#11367=CARTESIAN_POINT('',(1.98,-13.21648830802,0.80052310606901));
#11368=CARTESIAN_POINT('',(1.98,-13.1990917759094,0.999765071203178));
#11369=CARTESIAN_POINT('',(1.98,-13.2810746915093,1.18218985446942));
#11370=CARTESIAN_POINT('',(1.98,-6.91394971361125,4.04361833107789));
#11371=CARTESIAN_POINT('',(1.98,-12.0041012086456,1.75607026366886));
#11372=CARTESIAN_POINT('',(1.98,-11.7991439196458,1.30000830550325));
#11373=CARTESIAN_POINT('',(1.98,-11.4992134209818,1.700060422072));
#11374=CARTESIAN_POINT('',(1.98,-11.1992829223177,2.10011253864074));
#11375=CARTESIAN_POINT('',(2.58,-6.4,2.9));
#11376=CARTESIAN_POINT('',(2.58,-8.6,1.8));
#11377=CARTESIAN_POINT('',(2.58,-7.89930859749502,1.8));
#11378=CARTESIAN_POINT('',(2.58,-6.4,1.8));
#11379=CARTESIAN_POINT('',(2.58,-8.0991960513077,1.60011254618732));
#11380=CARTESIAN_POINT('',(2.58,-8.0991960513077,1.60011254618732));
#11381=CARTESIAN_POINT('',(2.58,-11.1991960513077,1.60011254618732));
#11382=CARTESIAN_POINT('',(2.58,-11.1991960513077,1.60011254618732));
#11383=CARTESIAN_POINT('',(2.58,-11.1992829223177,2.10011253864074));
#11384=CARTESIAN_POINT('',(2.58,-11.4992134209818,1.700060422072));
#11385=CARTESIAN_POINT('',(2.58,-11.7991439196458,1.30000830550325));
#11386=CARTESIAN_POINT('',(2.58,-12.0041012086456,1.75607026366886));
#11387=CARTESIAN_POINT('',(2.58,-13.2810746915093,1.18218985446942));
#11388=CARTESIAN_POINT('',(2.58,-13.2810746915093,1.18218985446942));
#11389=CARTESIAN_POINT('',(2.58,-13.1990917759094,0.999765071203178));
#11390=CARTESIAN_POINT('',(2.58,-13.21648830802,0.80052310606901));
#11391=CARTESIAN_POINT('',(2.58,-12.2822439303462,0.718950871502807));
#11392=CARTESIAN_POINT('',(2.58,-12.2822439303462,0.718950871502807));
#11393=CARTESIAN_POINT('',(2.58,-11.8473306308631,5.69999996226714));
#11394=CARTESIAN_POINT('',(2.58,-11.8473306308631,0.7));
#11395=CARTESIAN_POINT('',(2.58,-8.6,0.7));
#11396=CARTESIAN_POINT('',(2.58,-6.4,0.7));
#11397=CARTESIAN_POINT('',(2.58,-6.4,2.9));
#11398=CARTESIAN_POINT('',(1.78,-6.4,2.9));
#11399=CARTESIAN_POINT('',(1.78,-6.2,2.9));
#11400=CARTESIAN_POINT('',(1.78,-6.2,1.8));
#11401=CARTESIAN_POINT('',(1.78,-6.2,0.7));
#11402=CARTESIAN_POINT('',(1.78,-6.4,0.7));
#11403=CARTESIAN_POINT('',(1.78,-6.4,1.8));
#11404=CARTESIAN_POINT('',(1.78,-6.4,2.9));
#11405=CARTESIAN_POINT('',(1.78,-6.4,0.7));
#11406=CARTESIAN_POINT('',(1.78,-5.6,0.7));
#11407=CARTESIAN_POINT('',(1.78,-5.6,2.9));
#11408=CARTESIAN_POINT('',(1.78,-5.6,1.8));
#11409=CARTESIAN_POINT('',(1.78,-6.4,1.8));
#11410=CARTESIAN_POINT('',(0.800000000000001,-5.4,-2.9));
#11411=CARTESIAN_POINT('',(0.800000000000001,-5.6,-2.9));
#11412=CARTESIAN_POINT('',(1.09580398915498,-5.6,-2.9));
#11413=CARTESIAN_POINT('',(0.800000000000001,-6.2,-2.9));
#11414=CARTESIAN_POINT('',(1.09580398915498,-6.2,-2.9));
#11415=CARTESIAN_POINT('',(1.09580398915498,-5.4,-2.9));
#11416=CARTESIAN_POINT('',(0.,0.,2.9));
#11417=CARTESIAN_POINT('',(0.,0.,-2.6));
#11418=CARTESIAN_POINT('',(0.,0.,-2.6));
#11419=CARTESIAN_POINT('',(0.,0.,2.9));
#11420=CARTESIAN_POINT('',(0.,0.,2.6));
#11421=CARTESIAN_POINT('',(0.6,0.,2.6));
#11422=CARTESIAN_POINT('',(0.,0.,2.9));
#11423=CARTESIAN_POINT('',(3.31141246628639E-16,-2.75,-3.36777869765522E-16));
#11424=CARTESIAN_POINT('',(1.44497998528861E-16,-1.2,-3.36777869765522E-16));
#11425=CARTESIAN_POINT('',(3.61244996322152E-17,-0.3,-2.6));
#11426=CARTESIAN_POINT('',(3.61244996322152E-17,-0.3,-2.9));
#11427=CARTESIAN_POINT('',(0.,0.,-2.9));
#11428=CARTESIAN_POINT('',(6.50521303491303E-16,-5.10419601084502,-2.9));
#11429=CARTESIAN_POINT('',(6.50521303491303E-16,-5.10419601084502,-2.6));
#11430=CARTESIAN_POINT('',(0.,-5.4,-2.65));
#11431=CARTESIAN_POINT('',(6.50240993379874E-16,-5.4,2.9));
#11432=CARTESIAN_POINT('',(0.,-5.4,2.65));
#11433=CARTESIAN_POINT('',(6.50521303491303E-16,-5.10419601084502,2.6));
#11434=CARTESIAN_POINT('',(0.,-0.3,2.6));
#11435=CARTESIAN_POINT('',(0.800000000000001,-5.4,2.9));
#11436=CARTESIAN_POINT('',(0.800000000000001,-6.2,2.9));
#11437=CARTESIAN_POINT('',(0.8,-6.2,2.65));
#11438=CARTESIAN_POINT('',(0.8,-6.2,-2.65));
#11439=CARTESIAN_POINT('',(0.800000000000001,-5.4,2.65));
#11440=CARTESIAN_POINT('',(0.800000000000001,-5.4,-2.65));
#11441=CARTESIAN_POINT('',(0.800000000000001,-6.2,2.9));
#11442=CARTESIAN_POINT('',(1.7,-6.2,2.9));
#11443=CARTESIAN_POINT('',(1.7,-6.2,-1.8));
#11444=CARTESIAN_POINT('',(0.800000000000001,-6.2,-1.8));
#11445=CARTESIAN_POINT('',(1.78,-6.2,-1.8));
#11446=CARTESIAN_POINT('',(1.78,-6.2,2.9));
#11447=CARTESIAN_POINT('',(1.78,-6.2,-0.700000000000002));
#11448=CARTESIAN_POINT('',(0.799999999999999,-6.2,-0.699999999999999));
#11449=CARTESIAN_POINT('',(1.6,-6.2,-0.700000000000001));
#11450=CARTESIAN_POINT('',(1.6,-6.2,0.));
#11451=CARTESIAN_POINT('',(1.6,-6.2,0.7));
#11452=CARTESIAN_POINT('',(0.800000000000001,-6.2,0.7));
#11453=CARTESIAN_POINT('',(0.800000000000001,-6.2,1.8));
#11454=CARTESIAN_POINT('',(1.7,-6.2,1.8));
#11455=CARTESIAN_POINT('',(1.7,-6.2,2.9));
#11456=CARTESIAN_POINT('',(1.09580398915498,-6.2,2.6));
#11457=CARTESIAN_POINT('',(1.09580398915498,-6.2,-2.6));
#11458=CARTESIAN_POINT('',(1.78,-6.4,2.9));
#11459=CARTESIAN_POINT('',(1.78,-6.4,-1.8));
#11460=CARTESIAN_POINT('',(1.98,-6.4,-1.8));
#11461=CARTESIAN_POINT('',(1.98,-6.4,2.9));
#11462=CARTESIAN_POINT('',(1.98,-6.4,-0.700000000000002));
#11463=CARTESIAN_POINT('',(1.78,-6.4,-0.700000000000002));
#11464=CARTESIAN_POINT('',(1.98,-6.4,2.9));
#11465=CARTESIAN_POINT('',(1.98,-6.4,-1.8));
#11466=CARTESIAN_POINT('',(1.98,-7.89930859749502,-1.8));
#11467=CARTESIAN_POINT('',(1.98,-9.49965429874751,-0.199654298747509));
#11468=CARTESIAN_POINT('',(1.98,-8.0991960513077,-1.60011254618732));
#11469=CARTESIAN_POINT('',(1.98,-6.4,-1.60011254618732));
#11470=CARTESIAN_POINT('',(1.98,-11.1991960513077,-1.60011254618732));
#11471=CARTESIAN_POINT('',(1.98,-11.1992829223177,-2.10011253864075));
#11472=CARTESIAN_POINT('',(1.98,-11.4992134209818,-1.700060422072));
#11473=CARTESIAN_POINT('',(1.98,-11.7991439196458,-1.30000830550325));
#11474=CARTESIAN_POINT('',(1.98,-12.0041012086456,-1.75607026366886));
#11475=CARTESIAN_POINT('',(1.98,-9.08252847703953,-3.06904455578967));
#11476=CARTESIAN_POINT('',(1.98,-13.2810746915093,-1.18218985446943));
#11477=CARTESIAN_POINT('',(1.98,-13.1990917759094,-0.999765071203179));
#11478=CARTESIAN_POINT('',(1.98,-13.21648830802,-0.800523106069011));
#11479=CARTESIAN_POINT('',(1.98,-6.13091207748069,-0.181855977717245));
#11480=CARTESIAN_POINT('',(1.98,-12.2822439303462,-0.718950871502808));
#11481=CARTESIAN_POINT('',(1.98,-11.8473306308631,-5.69999996226714));
#11482=CARTESIAN_POINT('',(1.98,-11.8473306308631,-0.700000000000001));
#11483=CARTESIAN_POINT('',(1.98,-6.4,-0.700000000000002));
#11484=CARTESIAN_POINT('',(2.58,-6.4,2.9));
#11485=CARTESIAN_POINT('',(2.58,-11.1991960513077,-1.60011254618732));
#11486=CARTESIAN_POINT('',(2.58,-8.0991960513077,-1.60011254618732));
#11487=CARTESIAN_POINT('',(2.58,-11.1991960513077,-1.60011254618732));
#11488=CARTESIAN_POINT('',(2.58,-8.0991960513077,-1.60011254618732));
#11489=CARTESIAN_POINT('',(2.58,-7.89930859749502,-1.8));
#11490=CARTESIAN_POINT('',(2.58,-8.6,-1.8));
#11491=CARTESIAN_POINT('',(2.58,-6.4,-1.8));
#11492=CARTESIAN_POINT('',(2.58,-6.4,2.9));
#11493=CARTESIAN_POINT('',(2.58,-6.4,-0.700000000000002));
#11494=CARTESIAN_POINT('',(2.58,-8.6,-0.700000000000002));
#11495=CARTESIAN_POINT('',(2.58,-11.8473306308631,-0.700000000000001));
#11496=CARTESIAN_POINT('',(2.58,-11.8473306308631,-5.69999996226714));
#11497=CARTESIAN_POINT('',(2.58,-12.2822439303462,-0.718950871502808));
#11498=CARTESIAN_POINT('',(2.58,-12.2822439303462,-0.718950871502808));
#11499=CARTESIAN_POINT('',(2.58,-13.21648830802,-0.800523106069011));
#11500=CARTESIAN_POINT('',(2.58,-13.1990917759094,-0.999765071203179));
#11501=CARTESIAN_POINT('',(2.58,-13.2810746915093,-1.18218985446943));
#11502=CARTESIAN_POINT('',(2.58,-13.2810746915093,-1.18218985446943));
#11503=CARTESIAN_POINT('',(2.58,-12.0041012086456,-1.75607026366886));
#11504=CARTESIAN_POINT('',(2.58,-11.7991439196458,-1.30000830550325));
#11505=CARTESIAN_POINT('',(2.58,-11.4992134209818,-1.700060422072));
#11506=CARTESIAN_POINT('',(2.58,-11.1992829223177,-2.10011253864075));
#11507=CARTESIAN_POINT('',(1.78,-6.4,2.9));
#11508=CARTESIAN_POINT('',(1.78,-6.4,-1.8));
#11509=CARTESIAN_POINT('',(1.78,-5.6,-1.8));
#11510=CARTESIAN_POINT('',(1.78,-5.6,2.9));
#11511=CARTESIAN_POINT('',(1.78,-5.6,-0.699999999999999));
#11512=CARTESIAN_POINT('',(1.78,-6.4,-0.700000000000002));
#11513=CARTESIAN_POINT('',(0.800000000000001,-5.6,2.9));
#11514=CARTESIAN_POINT('',(1.7,-5.6,-2.9));
#11515=CARTESIAN_POINT('',(1.7,-5.6,-1.8));
#11516=CARTESIAN_POINT('',(1.09580398915498,-5.6,-2.6));
#11517=CARTESIAN_POINT('',(0.8,-5.6,-2.65));
#11518=CARTESIAN_POINT('',(0.800000000000001,-5.6,2.9));
#11519=CARTESIAN_POINT('',(0.8,-5.6,2.65));
#11520=CARTESIAN_POINT('',(1.09580398915498,-5.6,2.6));
#11521=CARTESIAN_POINT('',(1.7,-5.6,2.9));
#11522=CARTESIAN_POINT('',(1.7,-5.6,1.8));
#11523=CARTESIAN_POINT('',(4.3,-5.6,1.8));
#11524=CARTESIAN_POINT('',(5.,-5.6,0.7));
#11525=CARTESIAN_POINT('',(1.6,-5.6,0.7));
#11526=CARTESIAN_POINT('',(1.6,-5.6,0.));
#11527=CARTESIAN_POINT('',(1.6,-5.6,-0.700000000000001));
#11528=CARTESIAN_POINT('',(0.799999999999999,-5.6,-0.699999999999999));
#11529=CARTESIAN_POINT('',(4.3,-5.6,-1.8));
#11530=CARTESIAN_POINT('',(0.800000000000001,-5.4,2.9));
#11531=CARTESIAN_POINT('',(0.800000000000001,-5.4,2.65));
#11532=CARTESIAN_POINT('',(0.800000000000001,-5.4,-2.65));
#11533=CARTESIAN_POINT('',(0.800000000000001,-5.4,-2.9));
#11534=CARTESIAN_POINT('',(0.800000000000001,-0.3,-2.9));
#11535=CARTESIAN_POINT('',(0.800000000000001,-5.10419601084502,-2.9));
#11536=CARTESIAN_POINT('',(0.,-2.75,-3.36777869765522E-16));
#11537=CARTESIAN_POINT('',(0.299999999999999,-2.75,-3.36777869765522E-16));
#11538=CARTESIAN_POINT('',(0.299999999999999,-2.75,-1.25));
#11539=CARTESIAN_POINT('',(1.75,-2.75,-3.36777869765522E-16));
#11540=CARTESIAN_POINT('',(1.75,-2.75,-1.25));
#11541=CARTESIAN_POINT('',(0.,0.,-2.65));
#11542=CARTESIAN_POINT('',(0.8,-5.4,-2.65));
#11543=CARTESIAN_POINT('',(0.8,-6.2,-2.65));
#11544=CARTESIAN_POINT('',(4.3,-8.6,1.8));
#11545=CARTESIAN_POINT('',(4.3,-7.89930859749502,1.8));
#11546=CARTESIAN_POINT('',(1.7,-8.6,1.8));
#11547=CARTESIAN_POINT('',(1.7,-8.6,2.9));
#11548=CARTESIAN_POINT('',(5.,-8.6,0.7));
#11549=CARTESIAN_POINT('',(0.,-11.8473306308631,0.7));
#11550=CARTESIAN_POINT('',(1.6,-8.6,0.7));
#11551=CARTESIAN_POINT('',(1.6,-8.6,0.));
#11552=CARTESIAN_POINT('',(1.6,-8.6,-0.700000000000001));
#11553=CARTESIAN_POINT('',(8.,-8.6,-0.700000000000002));
#11554=CARTESIAN_POINT('',(0.,-11.8473306308631,-0.700000000000001));
#11555=CARTESIAN_POINT('',(4.3,-8.6,-1.8));
#11556=CARTESIAN_POINT('',(4.3,-7.89930859749502,-1.8));
#11557=CARTESIAN_POINT('',(1.7,-8.6,-1.8));
#11558=CARTESIAN_POINT('',(1.7,-8.6,-2.9));
#11559=CARTESIAN_POINT('',(0.,-8.0991960513077,-1.60011254618732));
#11560=CARTESIAN_POINT('',(0.,-8.0991960513077,-1.60011254618732));
#11561=CARTESIAN_POINT('',(0.,-11.1991960513077,-1.60011254618732));
#11562=CARTESIAN_POINT('',(0.,-11.1991960513077,-1.60011254618732));
#11563=CARTESIAN_POINT('',(0.,-11.1992829223177,-2.10011253864075));
#11564=CARTESIAN_POINT('',(0.,-11.4992134209818,-1.700060422072));
#11565=CARTESIAN_POINT('',(0.,-11.7991439196458,-1.30000830550325));
#11566=CARTESIAN_POINT('',(0.,-12.0041012086456,-1.75607026366886));
#11567=CARTESIAN_POINT('',(0.,-13.2810746915093,-1.18218985446943));
#11568=CARTESIAN_POINT('',(0.,-13.2810746915093,-1.18218985446943));
#11569=CARTESIAN_POINT('',(0.,-13.1990917759094,-0.999765071203179));
#11570=CARTESIAN_POINT('',(0.,-13.21648830802,-0.800523106069011));
#11571=CARTESIAN_POINT('',(0.,-12.2822439303462,-0.718950871502808));
#11572=CARTESIAN_POINT('',(0.,-12.2822439303462,-0.718950871502808));
#11573=CARTESIAN_POINT('',(0.,-11.8473306308631,-5.69999996226714));
#11574=CARTESIAN_POINT('',(0.,-11.1991960513077,1.60011254618732));
#11575=CARTESIAN_POINT('',(0.,-11.1991960513077,1.60011254618732));
#11576=CARTESIAN_POINT('',(0.,-8.0991960513077,1.60011254618732));
#11577=CARTESIAN_POINT('',(0.,-11.1992829223177,2.10011253864074));
#11578=CARTESIAN_POINT('',(0.,-11.4992134209818,1.700060422072));
#11579=CARTESIAN_POINT('',(0.,-11.7991439196458,1.30000830550325));
#11580=CARTESIAN_POINT('',(0.,-12.0041012086456,1.75607026366886));
#11581=CARTESIAN_POINT('',(0.,-13.2810746915093,1.18218985446942));
#11582=CARTESIAN_POINT('',(0.,-13.2810746915093,1.18218985446942));
#11583=CARTESIAN_POINT('',(0.,-13.1990917759094,0.999765071203178));
#11584=CARTESIAN_POINT('',(0.,-13.21648830802,0.80052310606901));
#11585=CARTESIAN_POINT('',(0.,-12.2822439303462,0.718950871502807));
#11586=CARTESIAN_POINT('',(0.,-12.2822439303462,0.718950871502807));
#11587=CARTESIAN_POINT('',(0.,-11.8473306308631,5.69999996226714));
#11588=CARTESIAN_POINT('',(0.,-8.0991960513077,1.60011254618732));
#11589=CARTESIAN_POINT('',(0.,0.,2.65));
#11590=CARTESIAN_POINT('',(0.8,-6.2,2.65));
#11591=CARTESIAN_POINT('',(0.8,-5.4,2.65));
#11592=CARTESIAN_POINT('',(1.75,-2.75,-3.36777869765522E-16));
#11593=CARTESIAN_POINT('',(1.75,-2.75,-3.36777869765522E-16));
#11594=CARTESIAN_POINT('',(1.75,-2.75,-1.55));
#11595=CARTESIAN_POINT('',(1.75,-2.75,-3.36777869765522E-16));
#11596=CARTESIAN_POINT('',(1.55,-2.75,-3.36777869765522E-16));
#11597=CARTESIAN_POINT('',(1.55,-2.75,-1.75));
#11598=CARTESIAN_POINT('',(0.9,-2.75,-3.36777869765522E-16));
#11599=CARTESIAN_POINT('',(0.9,-2.75,1.75));
#11600=CARTESIAN_POINT('',(3.31141246628639E-16,-2.75,-3.36777869765522E-16));
#11601=CARTESIAN_POINT('',(0.9,-2.75,-3.36777869765522E-16));
#11602=CARTESIAN_POINT('',(1.55,-2.75,-3.36777869765522E-16));
#11603=CARTESIAN_POINT('',(0.,-0.3,-2.6));
#11604=CARTESIAN_POINT('',(0.800000000000001,-0.3,2.6));
#11605=CARTESIAN_POINT('',(1.09580398915498,-6.2,-2.6));
#11606=CARTESIAN_POINT('',(0.8,-5.10419601084502,-2.6));
#11607=CARTESIAN_POINT('',(1.09580398915498,-6.2,2.6));
#11608=CARTESIAN_POINT('',(0.8,-5.10419601084502,2.6));
#11609=CARTESIAN_POINT('',(-12.5,-2.16,9.05999999999997));
#11610=CARTESIAN_POINT('',(0.,7.45,-13.49));
#11611=CARTESIAN_POINT('',(0.25,7.88301270189222,-13.49));
#11612=CARTESIAN_POINT('',(0.25,7.88301270189222,-0.18));
#11613=CARTESIAN_POINT('',(0.25,7.88301270189222,0.43301270189222));
#11614=CARTESIAN_POINT('',(0.,7.45,-0.179999999999999));
#11615=CARTESIAN_POINT('',(-0.25,7.88301270189222,-0.18));
#11616=CARTESIAN_POINT('',(-0.25,7.88301270189222,-13.49));
#11617=CARTESIAN_POINT('',(-0.250000000000001,7.88301270189222,0.433012701892219));
#11618=CARTESIAN_POINT('',(0.,7.45,0.));
#11619=CARTESIAN_POINT('',(0.,5.45000000000003,0.));
#11620=CARTESIAN_POINT('',(0.250000000000001,5.45000000000003,0.433012701892219));
#11621=CARTESIAN_POINT('',(0.250000000000001,1.99999999999895,0.433012701893126));
#11622=CARTESIAN_POINT('',(-0.250000000000001,5.45000000000003,0.433012701892219));
#11623=CARTESIAN_POINT('',(-0.250000000000001,2.,0.433012701892219));
#11624=CARTESIAN_POINT('',(0.,2.,0.));
#11625=CARTESIAN_POINT('',(0.,5.45000000000003,0.));
#11626=CARTESIAN_POINT('',(-0.250000000000001,5.45000000000003,-0.433012701892219));
#11627=CARTESIAN_POINT('',(-0.250000000000001,6.7961651584689,-0.433012701892219));
#11628=CARTESIAN_POINT('',(-0.250000000000001,1.99999999999895,-0.433012701893126));
#11629=CARTESIAN_POINT('',(-0.250000000000001,6.7961651584689,-0.433012701892219));
#11630=CARTESIAN_POINT('',(-0.10258909726763,6.73980119108412,-0.518120426266239));
#11631=CARTESIAN_POINT('',(0.102506687760413,6.73976968102144,-0.518168005417397));
#11632=CARTESIAN_POINT('',(0.249999999999962,6.79616515846885,-0.433012701892241));
#11633=CARTESIAN_POINT('',(0.250000000000001,6.7961651584689,-0.433012701892219));
#11634=CARTESIAN_POINT('',(0.250000000000001,5.45000000000003,-0.433012701892219));
#11635=CARTESIAN_POINT('',(0.250000000000001,2.,-0.433012701892219));
#11636=CARTESIAN_POINT('',(0.,2.,0.));
#11637=CARTESIAN_POINT('',(0.,2.,0.));
#11638=CARTESIAN_POINT('',(0.250000000000001,1.99999999999895,0.433012701893126));
#11639=CARTESIAN_POINT('',(0.250000000000001,1.7795357034278,0.401191421650205));
#11640=CARTESIAN_POINT('',(0.250000000000001,1.48394617758812,0.357243964718361));
#11641=CARTESIAN_POINT('',(0.250000000000001,1.21361570235257,0.314858295175413));
#11642=CARTESIAN_POINT('',(0.250000000000001,1.06547729318569,0.290589956406628));
#11643=CARTESIAN_POINT('',(0.250000000000001,0.998671702158276,0.279478746503604));
#11644=CARTESIAN_POINT('',(0.250000000000001,0.807904656009457,0.246354762437897));
#11645=CARTESIAN_POINT('',(0.250000000000001,0.679970541977328,0.22309823324196));
#11646=CARTESIAN_POINT('',(0.250000000000001,0.554877630360732,0.198930932424085));
#11647=CARTESIAN_POINT('',(0.250000000000001,0.485798452726196,0.185085536918651));
#11648=CARTESIAN_POINT('',(0.250000000000001,0.320034612508767,0.147409565479855));
#11649=CARTESIAN_POINT('',(0.250000000000001,0.228901295146581,0.123404408672579));
#11650=CARTESIAN_POINT('',(0.250000000000001,0.0750061827501788,0.0789261001196886));
#11651=CARTESIAN_POINT('',(0.250000000000001,0.000911960712665716,0.0227709620305195));
#11652=CARTESIAN_POINT('',(0.250000000000001,0.,0.));
#11653=CARTESIAN_POINT('',(0.250000000000001,0.,0.));
#11654=CARTESIAN_POINT('',(-0.250000000000001,0.,0.));
#11655=CARTESIAN_POINT('',(-0.250000000000001,0.000929367134988417,0.0227786302268967));
#11656=CARTESIAN_POINT('',(-0.250000000000001,0.0816285684784955,0.0817552959249438));
#11657=CARTESIAN_POINT('',(-0.250000000000001,0.226847084898789,0.122652829143191));
#11658=CARTESIAN_POINT('',(-0.250000000000001,0.325833555231945,0.148800441443944));
#11659=CARTESIAN_POINT('',(-0.250000000000001,0.484880192838688,0.184853912091963));
#11660=CARTESIAN_POINT('',(-0.250000000000001,0.555881940455801,0.199133357263338));
#11661=CARTESIAN_POINT('',(-0.250000000000001,0.680477841130322,0.223174395042998));
#11662=CARTESIAN_POINT('',(-0.250000000000001,0.808461017549821,0.246445076596572));
#11663=CARTESIAN_POINT('',(-0.250000000000001,0.999019935916944,0.279537579176622));
#11664=CARTESIAN_POINT('',(-0.250000000000001,1.06560760873356,0.290615142607266));
#11665=CARTESIAN_POINT('',(-0.250000000000001,1.21353710336506,0.314851109817316));
#11666=CARTESIAN_POINT('',(-0.250000000000001,1.48365552734772,0.357203049501529));
#11667=CARTESIAN_POINT('',(-0.250000000000001,1.77934546154019,0.401163962597797));
#11668=CARTESIAN_POINT('',(-0.250000000000001,2.,0.433012701892219));
#11669=CARTESIAN_POINT('',(-0.250000000000001,0.,0.));
#11670=CARTESIAN_POINT('',(0.,0.,0.));
#11671=CARTESIAN_POINT('',(0.,2.,0.));
#11672=CARTESIAN_POINT('',(0.250000000000001,0.,0.));
#11673=CARTESIAN_POINT('',(0.250000000000001,0.000929367134986393,-0.0227786302268477));
#11674=CARTESIAN_POINT('',(0.250000000000001,0.0816285684784392,-0.0817552959249557));
#11675=CARTESIAN_POINT('',(0.250000000000001,0.226847084898884,-0.122652829143214));
#11676=CARTESIAN_POINT('',(0.250000000000001,0.325833555231618,-0.148800441443845));
#11677=CARTESIAN_POINT('',(0.250000000000001,0.484880192839212,-0.18485391209208));
#11678=CARTESIAN_POINT('',(0.250000000000001,0.555881940454031,-0.199133357262973));
#11679=CARTESIAN_POINT('',(0.250000000000001,0.680477841128396,-0.223174395042603));
#11680=CARTESIAN_POINT('',(0.250000000000001,0.808461017547979,-0.2464450765962));
#11681=CARTESIAN_POINT('',(0.250000000000001,0.999019935917744,-0.279537579176767));
#11682=CARTESIAN_POINT('',(0.250000000000001,1.06560760873218,-0.290615142607061));
#11683=CARTESIAN_POINT('',(0.250000000000001,1.21353710336298,-0.314851109817022));
#11684=CARTESIAN_POINT('',(0.250000000000001,1.4836555273447,-0.35720304950109));
#11685=CARTESIAN_POINT('',(0.250000000000001,1.77934546153852,-0.401163962597556));
#11686=CARTESIAN_POINT('',(0.250000000000001,2.,-0.433012701892219));
#11687=CARTESIAN_POINT('',(0.,0.,0.));
#11688=CARTESIAN_POINT('',(-0.250000000000001,1.99999999999895,-0.433012701893126));
#11689=CARTESIAN_POINT('',(-0.250000000000001,1.77953570342756,-0.40119142165017));
#11690=CARTESIAN_POINT('',(-0.250000000000001,1.4839461775877,-0.3572439647183));
#11691=CARTESIAN_POINT('',(-0.250000000000001,1.21361570235226,-0.314858295175369));
#11692=CARTESIAN_POINT('',(-0.250000000000001,1.06547729318553,-0.290589956406604));
#11693=CARTESIAN_POINT('',(-0.250000000000001,0.998671702158284,-0.279478746503607));
#11694=CARTESIAN_POINT('',(-0.250000000000001,0.807904656009611,-0.246354762437915));
#11695=CARTESIAN_POINT('',(-0.250000000000001,0.679970541977504,-0.223098233241979));
#11696=CARTESIAN_POINT('',(-0.250000000000001,0.554877630360927,-0.198930932424114));
#11697=CARTESIAN_POINT('',(-0.250000000000001,0.485798452726022,-0.18508553691861));
#11698=CARTESIAN_POINT('',(-0.250000000000001,0.320034612509268,-0.14740956547999));
#11699=CARTESIAN_POINT('',(-0.250000000000001,0.228901295146448,-0.123404408672542));
#11700=CARTESIAN_POINT('',(-0.250000000000001,0.0750061827502077,-0.0789261001196964));
#11701=CARTESIAN_POINT('',(-0.250000000000001,0.000911960712665716,-0.0227709620305236));
#11702=CARTESIAN_POINT('',(-0.250000000000001,0.,0.));
#11703=CARTESIAN_POINT('',(0.,0.,0.));
#11704=CARTESIAN_POINT('',(0.,7.45,-5.99));
#11705=CARTESIAN_POINT('',(0.,7.45,-7.68));
#11706=CARTESIAN_POINT('',(0.,8.15,-7.68));
#11707=CARTESIAN_POINT('',(-0.25,6.7961651584689,-5.99));
#11708=CARTESIAN_POINT('',(-0.25,6.7961651584689,-0.179999999999999));
#11709=CARTESIAN_POINT('',(0.,7.45,-0.179999999999999));
#11710=CARTESIAN_POINT('',(0.25,6.7961651584689,-0.179999999999999));
#11711=CARTESIAN_POINT('',(0.25,6.7961651584689,-5.99));
#11712=CARTESIAN_POINT('',(0.,7.45,-0.179999999999999));
#11713=CARTESIAN_POINT('',(-0.25,10.,-0.18));
#11714=CARTESIAN_POINT('',(0.25,10.,-0.18));
#11715=CARTESIAN_POINT('',(0.,7.45,-7.68));
#11716=CARTESIAN_POINT('',(0.,7.45,-7.68));
#11717=CARTESIAN_POINT('',(0.,7.95,-7.68));
#11718=CARTESIAN_POINT('',(0.,7.45,-7.49));
#11719=CARTESIAN_POINT('',(0.,7.45,-1.68));
#11720=CARTESIAN_POINT('',(0.,7.95,-1.68));
#11721=CARTESIAN_POINT('',(0.,7.45,-1.68));
#11722=CARTESIAN_POINT('',(-0.25,10.,0.5));
#11723=CARTESIAN_POINT('',(0.25,10.,0.5));
#11724=CARTESIAN_POINT('',(-4.83000000000008,-1.98,-3.12000000000006));
#11725=CARTESIAN_POINT('',(3.83364489876525E-16,9.43000000000005,-16.03));
#11726=CARTESIAN_POINT('',(0.25,9.86301270189226,-16.03));
#11727=CARTESIAN_POINT('',(0.25,9.86301270189226,-2.15999999999995));
#11728=CARTESIAN_POINT('',(0.25,9.86301270189226,0.433012701892339));
#11729=CARTESIAN_POINT('',(3.83364489876525E-16,9.43,-2.16));
#11730=CARTESIAN_POINT('',(-0.25,9.86301270189226,-2.15999999999995));
#11731=CARTESIAN_POINT('',(-0.25,9.86301270189226,-16.03));
#11732=CARTESIAN_POINT('',(-0.25,9.86301270189226,0.43301270189234));
#11733=CARTESIAN_POINT('',(3.83364489876525E-16,9.43000000000005,1.17987480055453E-13));
#11734=CARTESIAN_POINT('',(3.83364489876525E-16,9.43000000000005,-16.03));
#11735=CARTESIAN_POINT('',(0.25,8.99698729810783,-16.03));
#11736=CARTESIAN_POINT('',(0.25,8.99698729810783,-0.433012701892104));
#11737=CARTESIAN_POINT('',(0.25,8.99698729810783,-2.15999999999995));
#11738=CARTESIAN_POINT('',(3.83364489876525E-16,9.43000000000005,1.17987480055453E-13));
#11739=CARTESIAN_POINT('',(-0.25,8.99698729810783,-0.433012701892103));
#11740=CARTESIAN_POINT('',(-0.25,8.99698729810783,-16.03));
#11741=CARTESIAN_POINT('',(-0.25,8.99698729810783,-2.15999999999995));
#11742=CARTESIAN_POINT('',(3.83364489876525E-16,9.43,-2.16));
#11743=CARTESIAN_POINT('',(0.,8.25,5.03069808033274E-14));
#11744=CARTESIAN_POINT('',(0.25,8.24999999999999,0.433012701892269));
#11745=CARTESIAN_POINT('',(0.250000000000001,1.99999999999895,0.433012701893126));
#11746=CARTESIAN_POINT('',(-0.25,8.24999999999999,0.433012701892269));
#11747=CARTESIAN_POINT('',(-0.250000000000001,2.,0.433012701892219));
#11748=CARTESIAN_POINT('',(0.,2.,0.));
#11749=CARTESIAN_POINT('',(0.,8.25,5.03069808033274E-14));
#11750=CARTESIAN_POINT('',(0.25,8.25,-0.433012701892169));
#11751=CARTESIAN_POINT('',(0.250000000000001,2.,-0.433012701892219));
#11752=CARTESIAN_POINT('',(0.,2.,0.));
#11753=CARTESIAN_POINT('',(-0.250000000000001,1.99999999999895,-0.433012701893126));
#11754=CARTESIAN_POINT('',(-0.25,8.25,-0.433012701892169));
#11755=CARTESIAN_POINT('',(0.,2.,0.));
#11756=CARTESIAN_POINT('',(0.250000000000001,1.99999999999895,0.433012701893126));
#11757=CARTESIAN_POINT('',(0.250000000000001,1.77953570342605,0.401191421649952));
#11758=CARTESIAN_POINT('',(0.250000000000001,1.48394617758499,0.357243964717906));
#11759=CARTESIAN_POINT('',(0.250000000000001,1.21361570235037,0.314858295175098));
#11760=CARTESIAN_POINT('',(0.250000000000001,1.06547729318434,0.290589956406426));
#11761=CARTESIAN_POINT('',(0.250000000000001,0.99867170215884,0.279478746503708));
#11762=CARTESIAN_POINT('',(0.250000000000001,0.807904656008586,0.246354762437688));
#11763=CARTESIAN_POINT('',(0.250000000000001,0.679970541976448,0.223098233241738));
#11764=CARTESIAN_POINT('',(0.250000000000001,0.554877630360024,0.198930932423909));
#11765=CARTESIAN_POINT('',(0.250000000000001,0.485798452726089,0.185085536918622));
#11766=CARTESIAN_POINT('',(0.250000000000001,0.320034612509903,0.147409565480149));
#11767=CARTESIAN_POINT('',(0.250000000000001,0.228901295146297,0.123404408672486));
#11768=CARTESIAN_POINT('',(0.250000000000001,0.0750061827501869,0.0789261001197647));
#11769=CARTESIAN_POINT('',(0.250000000000001,0.000911960712683063,0.0227709620304146));
#11770=CARTESIAN_POINT('',(0.250000000000001,0.,0.));
#11771=CARTESIAN_POINT('',(0.250000000000001,0.,0.));
#11772=CARTESIAN_POINT('',(-0.250000000000001,0.,0.));
#11773=CARTESIAN_POINT('',(-0.250000000000001,0.00092936713502687,0.0227786302269876));
#11774=CARTESIAN_POINT('',(-0.250000000000001,0.0816285684788036,0.0817552959250595));
#11775=CARTESIAN_POINT('',(-0.250000000000001,0.226847084898433,0.122652829143095));
#11776=CARTESIAN_POINT('',(-0.250000000000001,0.325833555233059,0.148800441444211));
#11777=CARTESIAN_POINT('',(-0.250000000000001,0.484880192838116,0.184853912091836));
#11778=CARTESIAN_POINT('',(-0.250000000000001,0.555881940456974,0.199133357263578));
#11779=CARTESIAN_POINT('',(-0.250000000000001,0.680477841131502,0.223174395043239));
#11780=CARTESIAN_POINT('',(-0.250000000000001,0.808461017550973,0.246445076596803));
#11781=CARTESIAN_POINT('',(-0.250000000000001,0.999019935916451,0.279537579176533));
#11782=CARTESIAN_POINT('',(-0.250000000000001,1.06560760873439,0.29061514260739));
#11783=CARTESIAN_POINT('',(-0.250000000000001,1.21353710336629,0.314851109817493));
#11784=CARTESIAN_POINT('',(-0.250000000000001,1.48365552734954,0.357203049501794));
#11785=CARTESIAN_POINT('',(-0.250000000000001,1.77934546154119,0.401163962597943));
#11786=CARTESIAN_POINT('',(-0.250000000000001,2.,0.433012701892219));
#11787=CARTESIAN_POINT('',(-0.250000000000001,0.,0.));
#11788=CARTESIAN_POINT('',(0.,0.,0.));
#11789=CARTESIAN_POINT('',(0.,2.,0.));
#11790=CARTESIAN_POINT('',(0.250000000000001,0.,0.));
#11791=CARTESIAN_POINT('',(0.250000000000001,0.000929367135022822,-0.0227786302269498));
#11792=CARTESIAN_POINT('',(0.250000000000001,0.081628568478588,-0.0817552959249869));
#11793=CARTESIAN_POINT('',(0.250000000000001,0.226847084898819,-0.122652829143192));
#11794=CARTESIAN_POINT('',(0.250000000000001,0.325833555231731,-0.148800441443897));
#11795=CARTESIAN_POINT('',(0.250000000000001,0.48488019283869,-0.184853912091964));
#11796=CARTESIAN_POINT('',(0.250000000000001,0.555881940456005,-0.199133357263382));
#11797=CARTESIAN_POINT('',(0.250000000000001,0.680477841130556,-0.223174395043052));
#11798=CARTESIAN_POINT('',(0.250000000000001,0.808461017550045,-0.246445076596622));
#11799=CARTESIAN_POINT('',(0.250000000000001,0.999019935916822,-0.2795375791766));
#11800=CARTESIAN_POINT('',(0.250000000000001,1.06560760873381,-0.290615142607305));
#11801=CARTESIAN_POINT('',(0.250000000000001,1.21353710336545,-0.314851109817374));
#11802=CARTESIAN_POINT('',(0.250000000000001,1.48365552734831,-0.357203049501614));
#11803=CARTESIAN_POINT('',(0.250000000000001,1.77934546154051,-0.401163962597844));
#11804=CARTESIAN_POINT('',(0.250000000000001,2.,-0.433012701892219));
#11805=CARTESIAN_POINT('',(0.,0.,0.));
#11806=CARTESIAN_POINT('',(-0.250000000000001,1.99999999999895,-0.433012701893126));
#11807=CARTESIAN_POINT('',(-0.250000000000001,1.77953570342727,-0.401191421650128));
#11808=CARTESIAN_POINT('',(-0.250000000000001,1.48394617758719,-0.357243964718225));
#11809=CARTESIAN_POINT('',(-0.250000000000001,1.21361570235188,-0.314858295175314));
#11810=CARTESIAN_POINT('',(-0.250000000000001,1.06547729318532,-0.290589956406574));
#11811=CARTESIAN_POINT('',(-0.250000000000001,0.998671702158306,-0.279478746503611));
#11812=CARTESIAN_POINT('',(-0.250000000000001,0.80790465600976,-0.24635476243793));
#11813=CARTESIAN_POINT('',(-0.250000000000001,0.679970541977659,-0.223098233241991));
#11814=CARTESIAN_POINT('',(-0.250000000000001,0.554877630361167,-0.19893093242415));
#11815=CARTESIAN_POINT('',(-0.250000000000001,0.485798452725657,-0.185085536918528));
#11816=CARTESIAN_POINT('',(-0.250000000000001,0.320034612510489,-0.147409565480282));
#11817=CARTESIAN_POINT('',(-0.250000000000001,0.22890129514609,-0.123404408672461));
#11818=CARTESIAN_POINT('',(-0.250000000000001,0.0750061827504288,-0.0789261001197308));
#11819=CARTESIAN_POINT('',(-0.250000000000001,0.000911960712686918,-0.0227709620305751));
#11820=CARTESIAN_POINT('',(-0.250000000000001,0.,0.));
#11821=CARTESIAN_POINT('',(0.,0.,0.));
#11822=CARTESIAN_POINT('',(3.83364489876525E-16,9.43000000000008,-8.52999999999992));
#11823=CARTESIAN_POINT('',(3.83364489876525E-16,9.43000000000004,-2.16));
#11824=CARTESIAN_POINT('',(3.83364489876525E-16,10.13,-2.16));
#11825=CARTESIAN_POINT('',(6.27780278182086E-16,9.42999999999989,-9.65999999999999));
#11826=CARTESIAN_POINT('',(6.27780278182086E-16,10.1299999999999,-9.65999999999999));
#11827=CARTESIAN_POINT('',(0.,10.25,-2.16000000000006));
#11828=CARTESIAN_POINT('',(0.249999999999999,19.9999999999999,-2.16));
#11829=CARTESIAN_POINT('',(-0.249999999999999,19.9999999999999,-2.16));
#11830=CARTESIAN_POINT('',(2.44415788305561E-16,10.2499999999999,-9.66000000000006));
#11831=CARTESIAN_POINT('',(6.27780278182086E-16,9.42999999999984,-9.66));
#11832=CARTESIAN_POINT('',(6.27780278182086E-16,9.92999999999984,-9.66));
#11833=CARTESIAN_POINT('',(3.83364489876525E-16,9.43000000000002,-10.0299999999999));
#11834=CARTESIAN_POINT('',(4.79743709726955E-16,9.43000000000001,-2.66000000000012));
#11835=CARTESIAN_POINT('',(4.79743709726955E-16,9.93000000000001,-2.66000000000012));
#11836=CARTESIAN_POINT('',(9.63792198504294E-17,10.25,-2.66000000000018));
#11837=CARTESIAN_POINT('',(-0.249999999999999,20.,0.500000000000051));
#11838=CARTESIAN_POINT('',(0.249999999999999,20.,0.500000000000051));
#11839=CARTESIAN_POINT('',(-3.6850000000001,-1.50920942409982E-13,-3.12));
#11840=CARTESIAN_POINT('',(0.,11.4100000000001,-18.57));
#11841=CARTESIAN_POINT('',(0.25,11.8430127018923,-18.57));
#11842=CARTESIAN_POINT('',(0.25,11.8430127018923,-4.13999999999992));
#11843=CARTESIAN_POINT('',(0.25,11.8430127018923,0.433012701892284));
#11844=CARTESIAN_POINT('',(0.,11.4100000000001,-4.13999999999997));
#11845=CARTESIAN_POINT('',(-0.25,11.8430127018923,-4.13999999999992));
#11846=CARTESIAN_POINT('',(-0.25,11.8430127018923,-18.57));
#11847=CARTESIAN_POINT('',(-0.25,11.8430127018923,0.433012701892283));
#11848=CARTESIAN_POINT('',(0.,11.41,6.17246320769326E-14));
#11849=CARTESIAN_POINT('',(0.,11.4100000000001,-18.57));
#11850=CARTESIAN_POINT('',(0.25,10.9769872981078,-18.57));
#11851=CARTESIAN_POINT('',(0.25,10.9769872981078,-0.433012701892161));
#11852=CARTESIAN_POINT('',(0.25,10.9769872981078,-4.13999999999992));
#11853=CARTESIAN_POINT('',(0.,11.41,6.17246320769326E-14));
#11854=CARTESIAN_POINT('',(-0.25,10.9769872981078,-0.433012701892159));
#11855=CARTESIAN_POINT('',(-0.25,10.9769872981078,-18.57));
#11856=CARTESIAN_POINT('',(-0.25,10.9769872981078,-4.13999999999992));
#11857=CARTESIAN_POINT('',(0.,11.4100000000001,-4.13999999999997));
#11858=CARTESIAN_POINT('',(0.,9.41,5.03069808033274E-14));
#11859=CARTESIAN_POINT('',(0.25,9.41,0.43301270189227));
#11860=CARTESIAN_POINT('',(0.250000000000001,1.99999999999895,0.433012701893126));
#11861=CARTESIAN_POINT('',(-0.25,9.41,0.43301270189227));
#11862=CARTESIAN_POINT('',(-0.250000000000001,2.,0.433012701892219));
#11863=CARTESIAN_POINT('',(0.,2.,0.));
#11864=CARTESIAN_POINT('',(0.,9.41,5.03069808033274E-14));
#11865=CARTESIAN_POINT('',(0.25,9.41,-0.433012701892169));
#11866=CARTESIAN_POINT('',(0.250000000000001,2.,-0.433012701892219));
#11867=CARTESIAN_POINT('',(0.,2.,0.));
#11868=CARTESIAN_POINT('',(-0.250000000000001,1.99999999999895,-0.433012701893126));
#11869=CARTESIAN_POINT('',(-0.25,9.41,-0.433012701892169));
#11870=CARTESIAN_POINT('',(0.,2.,0.));
#11871=CARTESIAN_POINT('',(0.250000000000001,1.99999999999895,0.433012701893126));
#11872=CARTESIAN_POINT('',(0.250000000000001,1.77953570343116,0.40119142165069));
#11873=CARTESIAN_POINT('',(0.250000000000001,1.48394617759416,0.357243964719238));
#11874=CARTESIAN_POINT('',(0.250000000000001,1.21361570235677,0.314858295176012));
#11875=CARTESIAN_POINT('',(0.250000000000001,1.06547729318837,0.290589956407029));
#11876=CARTESIAN_POINT('',(0.250000000000001,0.998671702156962,0.279478746503365));
#11877=CARTESIAN_POINT('',(0.250000000000001,0.807904656012047,0.246354762438454));
#11878=CARTESIAN_POINT('',(0.250000000000001,0.679970541979971,0.223098233242547));
#11879=CARTESIAN_POINT('',(0.250000000000001,0.554877630363144,0.198930932424615));
#11880=CARTESIAN_POINT('',(0.250000000000001,0.485798452725596,0.185085536918524));
#11881=CARTESIAN_POINT('',(0.250000000000001,0.320034612508756,0.147409565479838));
#11882=CARTESIAN_POINT('',(0.250000000000001,0.228901295146568,0.123404408672592));
#11883=CARTESIAN_POINT('',(0.250000000000001,0.0750061827502507,0.0789261001196555));
#11884=CARTESIAN_POINT('',(0.250000000000001,0.000911960712686918,0.0227709620305885));
#11885=CARTESIAN_POINT('',(0.250000000000001,0.,0.));
#11886=CARTESIAN_POINT('',(0.250000000000001,0.,0.));
#11887=CARTESIAN_POINT('',(-0.250000000000001,0.,0.));
#11888=CARTESIAN_POINT('',(-0.250000000000001,0.00092936713502687,0.0227786302269876));
#11889=CARTESIAN_POINT('',(-0.250000000000001,0.0816285684787998,0.0817552959250586));
#11890=CARTESIAN_POINT('',(-0.250000000000001,0.226847084898446,0.122652829143099));
#11891=CARTESIAN_POINT('',(-0.250000000000001,0.32583355523301,0.148800441444195));
#11892=CARTESIAN_POINT('',(-0.250000000000001,0.484880192838195,0.184853912091854));
#11893=CARTESIAN_POINT('',(-0.250000000000001,0.555881940456708,0.199133357263524));
#11894=CARTESIAN_POINT('',(-0.250000000000001,0.680477841131216,0.223174395043181));
#11895=CARTESIAN_POINT('',(-0.250000000000001,0.808461017550699,0.246445076596748));
#11896=CARTESIAN_POINT('',(-0.250000000000001,0.999019935916565,0.279537579176553));
#11897=CARTESIAN_POINT('',(-0.250000000000001,1.0656076087342,0.290615142607364));
#11898=CARTESIAN_POINT('',(-0.250000000000001,1.21353710336603,0.314851109817456));
#11899=CARTESIAN_POINT('',(-0.250000000000001,1.48365552734914,0.357203049501738));
#11900=CARTESIAN_POINT('',(-0.250000000000001,1.77934546154098,0.401163962597912));
#11901=CARTESIAN_POINT('',(-0.250000000000001,2.,0.433012701892219));
#11902=CARTESIAN_POINT('',(-0.250000000000001,0.,0.));
#11903=CARTESIAN_POINT('',(0.,0.,0.));
#11904=CARTESIAN_POINT('',(0.,2.,0.));
#11905=CARTESIAN_POINT('',(0.250000000000001,0.,0.));
#11906=CARTESIAN_POINT('',(0.250000000000001,0.000929367135022822,-0.0227786302268976));
#11907=CARTESIAN_POINT('',(0.250000000000001,0.0816285684783702,-0.0817552959249112));
#11908=CARTESIAN_POINT('',(0.250000000000001,0.226847084899061,-0.122652829143261));
#11909=CARTESIAN_POINT('',(0.250000000000001,0.325833555230981,-0.148800441443696));
#11910=CARTESIAN_POINT('',(0.250000000000001,0.484880192838766,-0.184853912091984));
#11911=CARTESIAN_POINT('',(0.250000000000001,0.555881940456454,-0.199133357263502));
#11912=CARTESIAN_POINT('',(0.250000000000001,0.680477841131121,-0.223174395043204));
#11913=CARTESIAN_POINT('',(0.250000000000001,0.808461017550625,-0.246445076596766));
#11914=CARTESIAN_POINT('',(0.250000000000001,0.999019935916413,-0.279537579176524));
#11915=CARTESIAN_POINT('',(0.250000000000001,1.06560760873487,-0.290615142607461));
#11916=CARTESIAN_POINT('',(0.250000000000001,1.21353710336718,-0.31485110981762));
#11917=CARTESIAN_POINT('',(0.250000000000001,1.48365552735073,-0.357203049501967));
#11918=CARTESIAN_POINT('',(0.250000000000001,1.77934546154187,-0.401163962598041));
#11919=CARTESIAN_POINT('',(0.250000000000001,2.,-0.433012701892219));
#11920=CARTESIAN_POINT('',(0.,0.,0.));
#11921=CARTESIAN_POINT('',(-0.250000000000001,1.99999999999895,-0.433012701893126));
#11922=CARTESIAN_POINT('',(-0.250000000000001,1.77953570342823,-0.401191421650267));
#11923=CARTESIAN_POINT('',(-0.250000000000001,1.48394617758889,-0.357243964718474));
#11924=CARTESIAN_POINT('',(-0.250000000000001,1.21361570235311,-0.31485829517549));
#11925=CARTESIAN_POINT('',(-0.250000000000001,1.06547729318603,-0.29058995640668));
#11926=CARTESIAN_POINT('',(-0.250000000000001,0.998671702158106,-0.279478746503573));
#11927=CARTESIAN_POINT('',(-0.250000000000001,0.807904656009806,-0.246354762437971));
#11928=CARTESIAN_POINT('',(-0.250000000000001,0.679970541977675,-0.223098233242036));
#11929=CARTESIAN_POINT('',(-0.250000000000001,0.55487763036108,-0.198930932424162));
#11930=CARTESIAN_POINT('',(-0.250000000000001,0.485798452726009,-0.185085536918609));
#11931=CARTESIAN_POINT('',(-0.250000000000001,0.320034612509168,-0.147409565479946));
#11932=CARTESIAN_POINT('',(-0.250000000000001,0.228901295146446,-0.123404408672534));
#11933=CARTESIAN_POINT('',(-0.250000000000001,0.0750061827503289,-0.0789261001197787));
#11934=CARTESIAN_POINT('',(-0.250000000000001,0.000911960712683063,-0.0227709620305078));
#11935=CARTESIAN_POINT('',(-0.250000000000001,0.,0.));
#11936=CARTESIAN_POINT('',(0.,0.,0.));
#11937=CARTESIAN_POINT('',(0.,11.4100000000001,-11.07));
#11938=CARTESIAN_POINT('',(0.,11.4100000000001,-4.13999999999997));
#11939=CARTESIAN_POINT('',(0.,12.1100000000001,-4.13999999999998));
#11940=CARTESIAN_POINT('',(0.,11.41,-11.64));
#11941=CARTESIAN_POINT('',(0.,12.11,-11.64));
#11942=CARTESIAN_POINT('',(0.,11.4100000000001,-4.13999999999997));
#11943=CARTESIAN_POINT('',(0.249999999999999,19.9999999999999,-4.13999999999992));
#11944=CARTESIAN_POINT('',(-0.249999999999999,19.9999999999999,-4.13999999999992));
#11945=CARTESIAN_POINT('',(0.,11.41,-11.6400000000001));
#11946=CARTESIAN_POINT('',(0.,11.41,-11.6400000000001));
#11947=CARTESIAN_POINT('',(0.,11.91,-11.6400000000001));
#11948=CARTESIAN_POINT('',(0.,11.4100000000001,-12.57));
#11949=CARTESIAN_POINT('',(0.,11.4100000000001,-5.64));
#11950=CARTESIAN_POINT('',(0.,11.9100000000001,-5.64));
#11951=CARTESIAN_POINT('',(0.,11.4100000000001,-5.64));
#11952=CARTESIAN_POINT('',(-0.249999999999999,19.9999999999999,0.500000000000049));
#11953=CARTESIAN_POINT('',(0.249999999999999,19.9999999999999,0.500000000000049));
#11954=CARTESIAN_POINT('',(-4.83000000000009,1.98,-3.1200000000002));
#11955=CARTESIAN_POINT('',(-1.39500000000009,-1.30104260698261E-13,-3.12));
#11956=CARTESIAN_POINT('',(0.894999999999921,-1.196959198424E-13,-3.12));
#11957=CARTESIAN_POINT('',(3.18499999999993,-9.71445146547012E-14,-3.12));
#11958=CARTESIAN_POINT('',(5.47499999999994,-9.0205620750794E-14,-3.12));
#11959=CARTESIAN_POINT('',(-2.54000000000008,1.98,-3.1200000000002));
#11960=CARTESIAN_POINT('',(-0.250000000000066,1.98,-3.1200000000002));
#11961=CARTESIAN_POINT('',(2.03999999999994,1.98,-3.1200000000002));
#11962=CARTESIAN_POINT('',(4.33000000000821,1.98,-3.12000000000029));
#11963=CARTESIAN_POINT('',(-2.54000000000007,-1.98,-3.12000000000006));
#11964=CARTESIAN_POINT('',(-0.250000000000065,-1.98,-3.12000000000006));
#11965=CARTESIAN_POINT('',(2.03999999999996,-1.98,-3.12000000000006));
#11966=CARTESIAN_POINT('',(4.32999999999997,-1.98,-3.12000000000006));
#11967=CARTESIAN_POINT('',(4.85,0.,0.));
#11968=CARTESIAN_POINT('',(4.85,-1.30104260698261E-15,-5.77499999999999));
#11969=CARTESIAN_POINT('',(4.85,3.29120065557065,-5.77499999999999));
#11970=CARTESIAN_POINT('',(4.85,-1.30104260698261E-15,-5.77499999999999));
#11971=CARTESIAN_POINT('',(4.85,3.29120065557065,-5.77499999999999));
#11972=CARTESIAN_POINT('',(4.85,3.29120065557065,-5.17499999999999));
#11973=CARTESIAN_POINT('',(4.85,3.29120065557065,-5.17499999999999));
#11974=CARTESIAN_POINT('',(4.85,-8.30622334013983E-16,-5.17499999999999));
#11975=CARTESIAN_POINT('',(4.85,-1.30104260698261E-15,-5.77499999999999));
#11976=CARTESIAN_POINT('',(4.85,3.29120065557065,-5.77499999999999));
#11977=CARTESIAN_POINT('',(3.25,3.29120065557065,-5.77499999999999));
#11978=CARTESIAN_POINT('',(3.25,3.29120065557065,-5.17499999999999));
#11979=CARTESIAN_POINT('',(3.25,3.29120065557065,-5.77499999999999));
#11980=CARTESIAN_POINT('',(4.85,3.29120065557065,-5.17499999999999));
#11981=CARTESIAN_POINT('',(4.85,3.29120065557065,-5.77499999999999));
#11982=CARTESIAN_POINT('',(4.85,3.29120065557065,-5.17499999999999));
#11983=CARTESIAN_POINT('',(3.25,3.29120065557065,-5.17499999999999));
#11984=CARTESIAN_POINT('',(3.25,-7.88366376951108E-16,-5.17499999999999));
#11985=CARTESIAN_POINT('',(4.85,-8.30622334013983E-16,-5.17499999999999));
#11986=CARTESIAN_POINT('',(4.85,-1.30104260698261E-15,-5.77499999999999));
#11987=CARTESIAN_POINT('',(3.25,-1.30104260698261E-15,-5.77499999999999));
#11988=CARTESIAN_POINT('',(3.25,-8.25105780925528E-16,-5.77499999999999));
#11989=CARTESIAN_POINT('',(4.85,-1.30104260698261E-15,-5.77499999999999));
#11990=CARTESIAN_POINT('',(-3.25,-9.42978035343462E-16,-7.7));
#11991=CARTESIAN_POINT('',(-3.25,-9.42978035343462E-16,-7.7));
#11992=CARTESIAN_POINT('',(-2.95,-9.42978035343462E-16,-7.7));
#11993=CARTESIAN_POINT('',(3.25,-9.42978035343462E-16,-7.7));
#11994=CARTESIAN_POINT('',(-2.95,-9.42978035343462E-16,-7.7));
#11995=CARTESIAN_POINT('',(-2.95,2.,-7.7));
#11996=CARTESIAN_POINT('',(-3.25,2.,-7.7));
#11997=CARTESIAN_POINT('',(3.25,2.,-7.7));
#11998=CARTESIAN_POINT('',(3.25,-9.42978035343462E-16,-7.7));
#11999=CARTESIAN_POINT('',(-3.25,1.92592994438724E-31,7.7));
#12000=CARTESIAN_POINT('',(-3.25,1.92592994438724E-31,7.7));
#12001=CARTESIAN_POINT('',(-3.25,-9.24608333356251E-16,-7.4));
#12002=CARTESIAN_POINT('',(-3.25,-1.836970198721E-17,7.4));
#12003=CARTESIAN_POINT('',(-2.95,-8.67361737988404E-16,-7.4));
#12004=CARTESIAN_POINT('',(3.25,1.92592994438724E-31,7.7));
#12005=CARTESIAN_POINT('',(3.25,1.92592994438724E-31,7.7));
#12006=CARTESIAN_POINT('',(3.25,-6.84883722423156E-16,-3.48499999999999));
#12007=CARTESIAN_POINT('',(4.85,-4.33680868994202E-16,-3.48499999999999));
#12008=CARTESIAN_POINT('',(4.85,-4.33680868994202E-16,-3.48499999999999));
#12009=CARTESIAN_POINT('',(4.85,-4.33680868994202E-16,-3.48499999999999));
#12010=CARTESIAN_POINT('',(4.85,0.,-2.88499999999999));
#12011=CARTESIAN_POINT('',(4.85,0.,-2.88499999999999));
#12012=CARTESIAN_POINT('',(3.25,-6.48144318448736E-16,-2.88499999999999));
#12013=CARTESIAN_POINT('',(3.25,1.92592994438724E-31,7.7));
#12014=CARTESIAN_POINT('',(3.25,-5.44661663920785E-16,-1.19499999999999));
#12015=CARTESIAN_POINT('',(4.85,-8.67361737988404E-16,-1.19499999999999));
#12016=CARTESIAN_POINT('',(4.85,-8.67361737988404E-16,-1.19499999999999));
#12017=CARTESIAN_POINT('',(4.85,-8.67361737988404E-16,-1.19499999999999));
#12018=CARTESIAN_POINT('',(4.85,-4.33680868994202E-16,-0.594999999999991));
#12019=CARTESIAN_POINT('',(4.85,-4.33680868994202E-16,-0.594999999999991));
#12020=CARTESIAN_POINT('',(3.25,-5.07922259946364E-16,-0.594999999999991));
#12021=CARTESIAN_POINT('',(3.25,1.92592994438724E-31,7.7));
#12022=CARTESIAN_POINT('',(3.25,-4.04439605418413E-16,1.095));
#12023=CARTESIAN_POINT('',(4.85,-4.33680868994202E-16,1.095));
#12024=CARTESIAN_POINT('',(4.85,-4.33680868994202E-16,1.095));
#12025=CARTESIAN_POINT('',(4.85,-4.33680868994202E-16,1.095));
#12026=CARTESIAN_POINT('',(4.85,-3.96941465019781E-16,1.695));
#12027=CARTESIAN_POINT('',(4.85,-3.96941465019781E-16,1.695));
#12028=CARTESIAN_POINT('',(3.25,-3.96941465019781E-16,1.695));
#12029=CARTESIAN_POINT('',(3.25,1.92592994438724E-31,7.7));
#12030=CARTESIAN_POINT('',(3.25,-4.33680868994202E-16,3.385));
#12031=CARTESIAN_POINT('',(4.85,-4.33680868994202E-16,3.385));
#12032=CARTESIAN_POINT('',(4.85,-4.33680868994202E-16,3.385));
#12033=CARTESIAN_POINT('',(4.85,-4.33680868994202E-16,3.385));
#12034=CARTESIAN_POINT('',(4.85,-8.30622334013983E-16,3.985));
#12035=CARTESIAN_POINT('',(4.85,-8.30622334013983E-16,3.985));
#12036=CARTESIAN_POINT('',(3.25,-8.30622334013983E-16,3.985));
#12037=CARTESIAN_POINT('',(3.25,1.92592994438724E-31,7.7));
#12038=CARTESIAN_POINT('',(3.25,1.92592994438724E-31,7.7));
#12039=CARTESIAN_POINT('',(-3.25,1.92592994438724E-31,7.7));
#12040=CARTESIAN_POINT('',(-2.95,1.92592994438724E-31,7.7));
#12041=CARTESIAN_POINT('',(-2.95,0.,7.4));
#12042=CARTESIAN_POINT('',(-3.25,1.92592994438724E-31,7.7));
#12043=CARTESIAN_POINT('',(-3.25,2.,7.7));
#12044=CARTESIAN_POINT('',(-2.95,2.,7.7));
#12045=CARTESIAN_POINT('',(3.25,2.,7.7));
#12046=CARTESIAN_POINT('',(-2.95,1.92592994438724E-31,7.7));
#12047=CARTESIAN_POINT('',(3.25,1.92592994438724E-31,7.7));
#12048=CARTESIAN_POINT('',(-3.25,2.,6.7));
#12049=CARTESIAN_POINT('',(-3.25,2.20791169081776,7.67814760073381));
#12050=CARTESIAN_POINT('',(-2.95,2.20791169081776,7.67814760073381));
#12051=CARTESIAN_POINT('',(3.25,2.20791169081776,7.67814760073381));
#12052=CARTESIAN_POINT('',(-2.95,2.,6.7));
#12053=CARTESIAN_POINT('',(3.25,2.,6.7));
#12054=CARTESIAN_POINT('',(-3.25,2.20791169081776,7.67814760073381));
#12055=CARTESIAN_POINT('',(-3.25,5.5,6.97839262901995));
#12056=CARTESIAN_POINT('',(-2.95,5.5,6.97839262901996));
#12057=CARTESIAN_POINT('',(3.25,5.5,6.97839262901996));
#12058=CARTESIAN_POINT('',(-2.95,2.20791169081776,7.67814760073381));
#12059=CARTESIAN_POINT('',(3.25,2.20791169081776,7.67814760073381));
#12060=CARTESIAN_POINT('',(-3.25,5.5,-6.41662257655642));
#12061=CARTESIAN_POINT('',(-3.25,5.5,-6.97839262901996));
#12062=CARTESIAN_POINT('',(-2.95,5.5,-6.97839262901996));
#12063=CARTESIAN_POINT('',(3.25,5.5,-6.97839262901996));
#12064=CARTESIAN_POINT('',(-2.95,5.5,-6.67169045056045));
#12065=CARTESIAN_POINT('',(-3.25,5.5,-6.67169045056045));
#12066=CARTESIAN_POINT('',(-3.25,5.5,-6.7));
#12067=CARTESIAN_POINT('',(-3.25,5.5,6.67169045056045));
#12068=CARTESIAN_POINT('',(-2.95,5.5,6.67169045056045));
#12069=CARTESIAN_POINT('',(3.25,5.5,-6.41662257655642));
#12070=CARTESIAN_POINT('',(3.25,5.50000000000001,5.33));
#12071=CARTESIAN_POINT('',(-2.75,5.50000000000001,5.33));
#12072=CARTESIAN_POINT('',(-2.75,5.5,5.33));
#12073=CARTESIAN_POINT('',(-2.75,5.50000000000001,5.33));
#12074=CARTESIAN_POINT('',(-2.75,5.5,4.33));
#12075=CARTESIAN_POINT('',(-2.75,5.50000000000001,4.33));
#12076=CARTESIAN_POINT('',(-0.85,5.5,4.33));
#12077=CARTESIAN_POINT('',(-0.85,5.5,5.33));
#12078=CARTESIAN_POINT('',(-0.85,5.5,3.04));
#12079=CARTESIAN_POINT('',(-2.75,5.50000000000001,3.04));
#12080=CARTESIAN_POINT('',(-2.75,5.5,3.04));
#12081=CARTESIAN_POINT('',(-2.75,5.50000000000001,3.04));
#12082=CARTESIAN_POINT('',(-2.75,5.5,2.04));
#12083=CARTESIAN_POINT('',(-2.75,5.50000000000001,2.04));
#12084=CARTESIAN_POINT('',(-0.85,5.5,2.04));
#12085=CARTESIAN_POINT('',(-0.85,5.5,5.33));
#12086=CARTESIAN_POINT('',(-0.85,5.5,0.750000000000008));
#12087=CARTESIAN_POINT('',(-2.75,5.5,0.750000000000008));
#12088=CARTESIAN_POINT('',(-2.75,5.5,0.750000000000008));
#12089=CARTESIAN_POINT('',(-2.75,5.5,0.750000000000008));
#12090=CARTESIAN_POINT('',(-2.75,5.5,-0.249999999999994));
#12091=CARTESIAN_POINT('',(-2.75,5.5,-0.249999999999992));
#12092=CARTESIAN_POINT('',(-0.85,5.5,-0.249999999999994));
#12093=CARTESIAN_POINT('',(-0.85,5.5,5.33));
#12094=CARTESIAN_POINT('',(-0.85,5.5,-1.53999999999999));
#12095=CARTESIAN_POINT('',(-2.75,5.5,-1.53999999999999));
#12096=CARTESIAN_POINT('',(-2.75,5.5,-1.53999999999999));
#12097=CARTESIAN_POINT('',(-2.75,5.5,-1.53999999999999));
#12098=CARTESIAN_POINT('',(-2.75,5.5,-2.53999999999999));
#12099=CARTESIAN_POINT('',(-2.75,5.5,-2.53999999999999));
#12100=CARTESIAN_POINT('',(-0.85,5.5,-2.53999999999999));
#12101=CARTESIAN_POINT('',(-0.85,5.5,5.33));
#12102=CARTESIAN_POINT('',(-0.85,5.5,-3.82999999999999));
#12103=CARTESIAN_POINT('',(-2.75,5.5,-3.82999999999999));
#12104=CARTESIAN_POINT('',(-2.75,5.5,-3.82999999999999));
#12105=CARTESIAN_POINT('',(-2.75,5.5,-3.82999999999999));
#12106=CARTESIAN_POINT('',(-2.75,5.5,-4.82999999999999));
#12107=CARTESIAN_POINT('',(-2.75,5.5,-4.82999999999999));
#12108=CARTESIAN_POINT('',(3.25,5.5,-4.82999999999999));
#12109=CARTESIAN_POINT('',(3.25,5.5,-6.41662257655642));
#12110=CARTESIAN_POINT('',(-3.25,2.20791169081776,-7.67814760073381));
#12111=CARTESIAN_POINT('',(-2.95,2.20791169081776,-7.67814760073381));
#12112=CARTESIAN_POINT('',(-2.95,2.20791169081776,-7.67814760073381));
#12113=CARTESIAN_POINT('',(3.25,2.20791169081776,-7.67814760073381));
#12114=CARTESIAN_POINT('',(3.25,2.20791169081776,-7.67814760073381));
#12115=CARTESIAN_POINT('',(-3.25,2.20791169081776,-7.67814760073381));
#12116=CARTESIAN_POINT('',(-3.25,2.,-6.7));
#12117=CARTESIAN_POINT('',(-2.95,2.,-6.7));
#12118=CARTESIAN_POINT('',(3.25,2.,-6.7));
#12119=CARTESIAN_POINT('',(-3.25,2.,-6.7));
#12120=CARTESIAN_POINT('',(-3.25,2.14553818357243,-7.38470332051367));
#12121=CARTESIAN_POINT('',(-3.25,2.14553818357243,-7.38470332051367));
#12122=CARTESIAN_POINT('',(-3.25,2.,-6.7));
#12123=CARTESIAN_POINT('',(-3.25,2.,-7.4));
#12124=CARTESIAN_POINT('',(-3.25,2.,-7.4));
#12125=CARTESIAN_POINT('',(-3.25,2.,7.4));
#12126=CARTESIAN_POINT('',(-3.25,2.,7.4));
#12127=CARTESIAN_POINT('',(-3.25,2.,6.7));
#12128=CARTESIAN_POINT('',(-3.25,2.14553818357243,7.38470332051367));
#12129=CARTESIAN_POINT('',(-3.25,4.87067369218031,6.80545788671909));
#12130=CARTESIAN_POINT('',(-2.75,0.899999999999998,-1.53999999999999));
#12131=CARTESIAN_POINT('',(3.25,0.899999999999998,-1.53999999999999));
#12132=CARTESIAN_POINT('',(3.25,0.899999999999998,-1.53999999999999));
#12133=CARTESIAN_POINT('',(3.25,0.899999999999998,-2.53999999999999));
#12134=CARTESIAN_POINT('',(-2.75,0.899999999999998,-2.53999999999999));
#12135=CARTESIAN_POINT('',(-2.75,0.899999999999998,-2.53999999999999));
#12136=CARTESIAN_POINT('',(-2.75,0.899999999999998,-1.53999999999999));
#12137=CARTESIAN_POINT('',(-2.75,0.899999999999998,-1.53999999999999));
#12138=CARTESIAN_POINT('',(-2.75,0.899999999999998,-1.53999999999999));
#12139=CARTESIAN_POINT('',(-2.75,7.,-1.53999999999999));
#12140=CARTESIAN_POINT('',(-0.85,7.,-1.53999999999999));
#12141=CARTESIAN_POINT('',(-0.85,3.3,-1.53999999999999));
#12142=CARTESIAN_POINT('',(-2.75,3.3,-1.53999999999999));
#12143=CARTESIAN_POINT('',(3.25,3.3,-1.53999999999999));
#12144=CARTESIAN_POINT('',(3.25,7.,-1.53999999999999));
#12145=CARTESIAN_POINT('',(-2.75,7.,-1.53999999999999));
#12146=CARTESIAN_POINT('',(-2.75,7.,-2.53999999999999));
#12147=CARTESIAN_POINT('',(3.25,7.,-2.53999999999999));
#12148=CARTESIAN_POINT('',(3.25,3.3,-2.53999999999999));
#12149=CARTESIAN_POINT('',(-2.75,3.3,-2.53999999999999));
#12150=CARTESIAN_POINT('',(-0.85,3.3,-2.53999999999999));
#12151=CARTESIAN_POINT('',(-0.85,7.,-2.53999999999999));
#12152=CARTESIAN_POINT('',(-2.75,7.,-2.53999999999999));
#12153=CARTESIAN_POINT('',(-2.75,0.,0.));
#12154=CARTESIAN_POINT('',(-2.75,7.,-3.82999999999999));
#12155=CARTESIAN_POINT('',(-0.85,7.,-3.82999999999999));
#12156=CARTESIAN_POINT('',(-0.85,3.3,-3.82999999999999));
#12157=CARTESIAN_POINT('',(-2.75,3.3,-3.82999999999999));
#12158=CARTESIAN_POINT('',(3.25,3.3,-3.82999999999999));
#12159=CARTESIAN_POINT('',(3.25,7.,-3.82999999999999));
#12160=CARTESIAN_POINT('',(3.25,0.899999999999998,-3.82999999999999));
#12161=CARTESIAN_POINT('',(-2.75,0.899999999999998,-3.82999999999999));
#12162=CARTESIAN_POINT('',(-2.75,0.899999999999998,-3.82999999999999));
#12163=CARTESIAN_POINT('',(-2.75,7.,-3.82999999999999));
#12164=CARTESIAN_POINT('',(-2.75,7.,-4.82999999999999));
#12165=CARTESIAN_POINT('',(3.25,7.,-4.82999999999999));
#12166=CARTESIAN_POINT('',(3.25,0.899999999999998,-4.82999999999999));
#12167=CARTESIAN_POINT('',(-2.75,7.,-4.82999999999999));
#12168=CARTESIAN_POINT('',(-2.75,0.899999999999998,-4.82999999999999));
#12169=CARTESIAN_POINT('',(-2.75,0.899999999999998,-4.82999999999999));
#12170=CARTESIAN_POINT('',(-2.75,0.899999999999998,-3.82999999999999));
#12171=CARTESIAN_POINT('',(3.25,0.899999999999998,-3.82999999999999));
#12172=CARTESIAN_POINT('',(-2.75,0.899999999999998,-3.82999999999999));
#12173=CARTESIAN_POINT('',(-2.75,0.,0.));
#12174=CARTESIAN_POINT('',(-2.75,0.899999999999999,5.33));
#12175=CARTESIAN_POINT('',(3.25,0.899999999999999,5.33));
#12176=CARTESIAN_POINT('',(3.25,0.899999999999999,5.33));
#12177=CARTESIAN_POINT('',(3.25,0.899999999999999,4.33));
#12178=CARTESIAN_POINT('',(-2.75,0.899999999999999,4.33));
#12179=CARTESIAN_POINT('',(-2.75,0.899999999999999,4.33));
#12180=CARTESIAN_POINT('',(-2.75,0.899999999999999,5.33));
#12181=CARTESIAN_POINT('',(-2.75,0.899999999999999,5.33));
#12182=CARTESIAN_POINT('',(-2.75,0.899999999999999,5.33));
#12183=CARTESIAN_POINT('',(-2.75,7.00000000000001,5.33));
#12184=CARTESIAN_POINT('',(3.25,7.00000000000001,5.33));
#12185=CARTESIAN_POINT('',(-2.75,7.00000000000001,5.33));
#12186=CARTESIAN_POINT('',(-2.75,7.00000000000001,4.33));
#12187=CARTESIAN_POINT('',(3.25,7.00000000000001,4.33));
#12188=CARTESIAN_POINT('',(3.25,3.3,4.33));
#12189=CARTESIAN_POINT('',(-2.75,3.3,4.33));
#12190=CARTESIAN_POINT('',(-0.85,3.3,4.33));
#12191=CARTESIAN_POINT('',(-0.85,7.00000000000001,4.33));
#12192=CARTESIAN_POINT('',(-2.75,7.00000000000001,4.33));
#12193=CARTESIAN_POINT('',(-2.75,0.,0.));
#12194=CARTESIAN_POINT('',(-2.75,0.899999999999998,3.04));
#12195=CARTESIAN_POINT('',(3.25,0.899999999999998,3.04));
#12196=CARTESIAN_POINT('',(3.25,0.899999999999998,3.04));
#12197=CARTESIAN_POINT('',(3.25,0.899999999999999,2.04));
#12198=CARTESIAN_POINT('',(-2.75,0.899999999999999,2.04));
#12199=CARTESIAN_POINT('',(-2.75,0.899999999999999,2.04));
#12200=CARTESIAN_POINT('',(-2.75,0.899999999999998,3.04));
#12201=CARTESIAN_POINT('',(-2.75,0.899999999999999,3.04));
#12202=CARTESIAN_POINT('',(-2.75,0.899999999999998,3.04));
#12203=CARTESIAN_POINT('',(-2.75,7.00000000000001,3.04));
#12204=CARTESIAN_POINT('',(-0.85,7.00000000000001,3.04));
#12205=CARTESIAN_POINT('',(-0.85,3.3,3.04));
#12206=CARTESIAN_POINT('',(-2.75,3.3,3.04));
#12207=CARTESIAN_POINT('',(3.25,3.3,3.04));
#12208=CARTESIAN_POINT('',(3.25,7.00000000000001,3.04));
#12209=CARTESIAN_POINT('',(-2.75,7.00000000000001,3.04));
#12210=CARTESIAN_POINT('',(-2.75,7.00000000000001,2.04));
#12211=CARTESIAN_POINT('',(3.25,7.00000000000001,2.04));
#12212=CARTESIAN_POINT('',(3.25,3.3,2.04));
#12213=CARTESIAN_POINT('',(-2.75,3.3,2.04));
#12214=CARTESIAN_POINT('',(-0.85,3.3,2.04));
#12215=CARTESIAN_POINT('',(-0.85,7.00000000000001,2.04));
#12216=CARTESIAN_POINT('',(-2.75,7.00000000000001,2.04));
#12217=CARTESIAN_POINT('',(-2.75,0.,0.));
#12218=CARTESIAN_POINT('',(-2.75,0.899999999999998,0.750000000000006));
#12219=CARTESIAN_POINT('',(3.25,0.899999999999998,0.750000000000006));
#12220=CARTESIAN_POINT('',(3.25,0.899999999999998,0.750000000000006));
#12221=CARTESIAN_POINT('',(3.25,0.899999999999998,-0.249999999999997));
#12222=CARTESIAN_POINT('',(-2.75,0.899999999999999,-0.249999999999997));
#12223=CARTESIAN_POINT('',(-2.75,0.899999999999998,-0.249999999999997));
#12224=CARTESIAN_POINT('',(-2.75,0.899999999999998,0.750000000000006));
#12225=CARTESIAN_POINT('',(-2.75,0.899999999999998,0.750000000000006));
#12226=CARTESIAN_POINT('',(-2.75,0.899999999999998,0.750000000000006));
#12227=CARTESIAN_POINT('',(-2.75,7.,0.750000000000008));
#12228=CARTESIAN_POINT('',(-0.85,7.,0.750000000000008));
#12229=CARTESIAN_POINT('',(-0.85,3.3,0.750000000000007));
#12230=CARTESIAN_POINT('',(-2.75,3.3,0.750000000000007));
#12231=CARTESIAN_POINT('',(3.25,3.3,0.750000000000008));
#12232=CARTESIAN_POINT('',(3.25,7.,0.750000000000008));
#12233=CARTESIAN_POINT('',(-2.75,7.,0.750000000000008));
#12234=CARTESIAN_POINT('',(-2.75,7.,-0.249999999999992));
#12235=CARTESIAN_POINT('',(3.25,7.,-0.249999999999992));
#12236=CARTESIAN_POINT('',(3.25,3.3,-0.249999999999993));
#12237=CARTESIAN_POINT('',(-2.75,3.3,-0.249999999999995));
#12238=CARTESIAN_POINT('',(-0.85,3.3,-0.249999999999993));
#12239=CARTESIAN_POINT('',(-0.85,7.,-0.249999999999992));
#12240=CARTESIAN_POINT('',(-2.75,7.,-0.249999999999992));
#12241=CARTESIAN_POINT('',(-2.75,0.,0.));
#12242=CARTESIAN_POINT('',(-0.85,0.,0.));
#12243=CARTESIAN_POINT('',(-0.85,3.3,5.33));
#12244=CARTESIAN_POINT('',(-0.85,3.3,5.33));
#12245=CARTESIAN_POINT('',(3.25,3.3,5.33));
#12246=CARTESIAN_POINT('',(3.25,3.3,-0.594999999999991));
#12247=CARTESIAN_POINT('',(4.85,3.3,-0.594999999999991));
#12248=CARTESIAN_POINT('',(4.85,3.3,-0.594999999999991));
#12249=CARTESIAN_POINT('',(4.85,3.3,-0.594999999999991));
#12250=CARTESIAN_POINT('',(4.85,3.3,-1.19499999999999));
#12251=CARTESIAN_POINT('',(4.85,3.3,-1.19499999999999));
#12252=CARTESIAN_POINT('',(3.25,3.3,-1.19499999999999));
#12253=CARTESIAN_POINT('',(3.25,3.3,5.33));
#12254=CARTESIAN_POINT('',(-0.85,0.,0.));
#12255=CARTESIAN_POINT('',(-0.85,3.3,5.33));
#12256=CARTESIAN_POINT('',(-0.85,3.3,5.33));
#12257=CARTESIAN_POINT('',(3.25,3.3,5.33));
#12258=CARTESIAN_POINT('',(3.25,3.3,1.695));
#12259=CARTESIAN_POINT('',(4.85,3.3,1.695));
#12260=CARTESIAN_POINT('',(4.85,3.3,1.695));
#12261=CARTESIAN_POINT('',(4.85,3.3,1.095));
#12262=CARTESIAN_POINT('',(4.85,3.3,1.095));
#12263=CARTESIAN_POINT('',(4.85,3.3,1.095));
#12264=CARTESIAN_POINT('',(3.25,3.3,1.095));
#12265=CARTESIAN_POINT('',(3.25,3.3,5.33));
#12266=CARTESIAN_POINT('',(-0.85,0.,0.));
#12267=CARTESIAN_POINT('',(-0.85,3.3,5.33));
#12268=CARTESIAN_POINT('',(-0.85,3.3,5.33));
#12269=CARTESIAN_POINT('',(3.25,3.3,5.33));
#12270=CARTESIAN_POINT('',(3.25,3.3,3.985));
#12271=CARTESIAN_POINT('',(4.85,3.3,3.985));
#12272=CARTESIAN_POINT('',(4.85,3.3,3.985));
#12273=CARTESIAN_POINT('',(4.85,3.3,3.385));
#12274=CARTESIAN_POINT('',(4.85,3.3,3.385));
#12275=CARTESIAN_POINT('',(4.85,3.3,3.385));
#12276=CARTESIAN_POINT('',(3.25,3.3,3.385));
#12277=CARTESIAN_POINT('',(3.25,3.3,5.33));
#12278=CARTESIAN_POINT('',(-0.85,3.3,5.33));
#12279=CARTESIAN_POINT('',(3.25,3.3,5.33));
#12280=CARTESIAN_POINT('',(3.25,3.3,-2.88499999999999));
#12281=CARTESIAN_POINT('',(4.85,3.3,-2.88499999999999));
#12282=CARTESIAN_POINT('',(4.85,3.3,-2.88499999999999));
#12283=CARTESIAN_POINT('',(4.85,3.3,-2.88499999999999));
#12284=CARTESIAN_POINT('',(4.85,3.3,-3.48499999999999));
#12285=CARTESIAN_POINT('',(4.85,3.3,-3.48499999999999));
#12286=CARTESIAN_POINT('',(3.25,3.3,-3.48499999999999));
#12287=CARTESIAN_POINT('',(3.25,3.3,5.33));
#12288=CARTESIAN_POINT('',(-0.85,3.3,5.33));
#12289=CARTESIAN_POINT('',(-0.85,0.,0.));
#12290=CARTESIAN_POINT('',(4.85,3.7,-0.594999999999991));
#12291=CARTESIAN_POINT('',(3.25,3.7,-0.594999999999991));
#12292=CARTESIAN_POINT('',(4.85,3.7,-0.594999999999991));
#12293=CARTESIAN_POINT('',(4.85,3.7,-1.19499999999999));
#12294=CARTESIAN_POINT('',(3.25,3.7,-1.19499999999999));
#12295=CARTESIAN_POINT('',(4.85,3.7,-1.19499999999999));
#12296=CARTESIAN_POINT('',(4.85,0.,0.));
#12297=CARTESIAN_POINT('',(4.85,3.7,-2.88499999999999));
#12298=CARTESIAN_POINT('',(3.25,3.7,-2.88499999999999));
#12299=CARTESIAN_POINT('',(4.85,3.7,-2.88499999999999));
#12300=CARTESIAN_POINT('',(4.85,3.7,-3.48499999999999));
#12301=CARTESIAN_POINT('',(3.25,3.7,-3.48499999999999));
#12302=CARTESIAN_POINT('',(4.85,3.7,-3.48499999999999));
#12303=CARTESIAN_POINT('',(4.85,0.,0.));
#12304=CARTESIAN_POINT('',(4.85,3.7,3.985));
#12305=CARTESIAN_POINT('',(3.25,3.7,3.985));
#12306=CARTESIAN_POINT('',(4.85,3.7,3.985));
#12307=CARTESIAN_POINT('',(4.85,3.7,3.385));
#12308=CARTESIAN_POINT('',(3.25,3.7,3.385));
#12309=CARTESIAN_POINT('',(4.85,3.7,3.385));
#12310=CARTESIAN_POINT('',(4.85,0.,0.));
#12311=CARTESIAN_POINT('',(4.85,3.7,1.695));
#12312=CARTESIAN_POINT('',(3.25,3.7,1.695));
#12313=CARTESIAN_POINT('',(4.85,3.7,1.695));
#12314=CARTESIAN_POINT('',(4.85,3.7,1.095));
#12315=CARTESIAN_POINT('',(3.25,3.7,1.095));
#12316=CARTESIAN_POINT('',(4.85,3.7,1.095));
#12317=CARTESIAN_POINT('',(4.85,0.,0.));
#12318=CARTESIAN_POINT('',(-2.95,2.,7.4));
#12319=CARTESIAN_POINT('',(-2.95,2.,7.4));
#12320=CARTESIAN_POINT('',(-2.95,2.,6.7));
#12321=CARTESIAN_POINT('',(-2.95,2.14553818357243,7.38470332051367));
#12322=CARTESIAN_POINT('',(-2.95,2.,-6.7));
#12323=CARTESIAN_POINT('',(-2.95,2.14553818357243,-7.38470332051367));
#12324=CARTESIAN_POINT('',(-2.95,2.,-7.4));
#12325=CARTESIAN_POINT('',(-2.95,2.,-7.4));
#12326=CARTESIAN_POINT('',(-2.95,4.87067369218031,6.80545788671909));
#12327=CARTESIAN_POINT('',(-2.95,2.14553818357243,-7.38470332051367));
#12328=CARTESIAN_POINT('',(3.25,2.,-6.7));
#12329=CARTESIAN_POINT('',(3.25,2.,-6.7));
#12330=CARTESIAN_POINT('',(3.25,2.,-6.7));
#12331=CARTESIAN_POINT('',(3.25,2.,-6.7));
#12332=CARTESIAN_POINT('',(3.25,2.,-6.7));
#12333=CARTESIAN_POINT('',(-2.64545330086463E-13,3.92,6.10999999999991));
#12334=CARTESIAN_POINT('',(0.,0.,0.));
#12335=CARTESIAN_POINT('',(0.,0.,0.));
#12336=CARTESIAN_POINT('',(0.,0.,2.15));
#12337=CARTESIAN_POINT('',(-2.55819933662344E-18,-1.25663718870381,-0.683096673953675));
#12338=CARTESIAN_POINT('',(-1.36288069658612E-15,-1.32789492605038,-0.581150509076048));
#12339=CARTESIAN_POINT('',(3.22082248428089E-17,-1.38674263855392,-0.470115318490205));
#12340=CARTESIAN_POINT('',(1.77552312810173E-12,-1.43122368718832,-0.352542266867737));
#12341=CARTESIAN_POINT('',(-2.55819933662344E-18,-1.25663718870381,-0.683096673953675));
#12342=CARTESIAN_POINT('',(1.3316423460763E-12,-1.43122368718832,-0.352542266867737));
#12343=CARTESIAN_POINT('',(0.,0.,0.));
#12344=CARTESIAN_POINT('',(0.,-1.00290738318547,1.01977196997763));
#12345=CARTESIAN_POINT('',(0.,-1.00290738318547,1.01977196997763));
#12346=CARTESIAN_POINT('',(0.,-1.10317295789429,0.942974530373481));
#12347=CARTESIAN_POINT('',(0.,-1.19128538606752,0.853999424207716));
#12348=CARTESIAN_POINT('',(0.,-1.26724466770518,0.752846651480334));
#12349=CARTESIAN_POINT('',(-3.83814952200078E-15,-1.26724463207864,0.752846624727105));
#12350=CARTESIAN_POINT('',(0.,-1.26724497791369,0.752846238384501));
#12351=CARTESIAN_POINT('',(0.,-1.46521865984379,0.41960268692139));
#12352=CARTESIAN_POINT('',(0.,-1.52360478819365,0.0224993449989414));
#12353=CARTESIAN_POINT('',(0.,-1.43122368718832,-0.352542266867737));
#12354=CARTESIAN_POINT('',(0.,0.,0.));
#12355=CARTESIAN_POINT('',(4.5,0.,0.));
#12356=CARTESIAN_POINT('',(4.5,0.,1.1303));
#12357=CARTESIAN_POINT('',(3.57693695933785,-0.11169074174048,-1.12476809530208));
#12358=CARTESIAN_POINT('',(3.54435477091928,-0.491691945692686,-1.0870335467236));
#12359=CARTESIAN_POINT('',(3.4946607264053,-1.01940244433125,-0.717290560236203));
#12360=CARTESIAN_POINT('',(3.42677162895658,-1.17811648957875,0.0576910984681933));
#12361=CARTESIAN_POINT('',(3.38364303438503,-1.03158515333013,0.527581186446096));
#12362=CARTESIAN_POINT('',(3.34876602289668,-0.788966009086225,0.826409404732811));
#12363=CARTESIAN_POINT('',(3.32230688485792,-0.555835481044356,0.997763551673366));
#12364=CARTESIAN_POINT('',(3.30039446221056,-0.335160236136014,1.08749493444761));
#12365=CARTESIAN_POINT('',(3.28436281064604,-0.166218659096368,1.11934293269393));
#12366=CARTESIAN_POINT('',(3.27611841674159,-0.0785416541388037,1.12873153361773));
#12367=CARTESIAN_POINT('',(3.26726830086204,0.0157520219189288,1.13071823214903));
#12368=CARTESIAN_POINT('',(3.26855041969252,0.00210845279738284,1.13018224973182));
#12369=CARTESIAN_POINT('',(3.26693061968294,0.0194998930370748,1.13025748771054));
#12370=CARTESIAN_POINT('',(3.26516385801182,0.0387840352576471,1.12969095300781));
#12371=CARTESIAN_POINT('',(3.26069433938667,0.0877146010476682,1.12759792965559));
#12372=CARTESIAN_POINT('',(3.25378543938933,0.163681078764451,1.11948232791813));
#12373=CARTESIAN_POINT('',(3.24195629054139,0.292631924267551,1.09579638123936));
#12374=CARTESIAN_POINT('',(3.22251869089454,0.499819922001602,1.02791488016833));
#12375=CARTESIAN_POINT('',(3.18138938424007,0.886717870876774,0.778709867949564));
#12376=CARTESIAN_POINT('',(3.12525636728986,1.22754202667846,0.182820562643006));
#12377=CARTESIAN_POINT('',(3.05410960382328,1.01942070263242,-0.618810460582862));
#12378=CARTESIAN_POINT('',(2.99324774324996,0.496856815280898,-1.10296309425543));
#12379=CARTESIAN_POINT('',(2.92486874928288,-0.308480159934381,-1.19120363760192));
#12380=CARTESIAN_POINT('',(2.84902891831876,-1.0597415432243,-0.671664358342404));
#12381=CARTESIAN_POINT('',(2.77943682821236,-1.20313566111264,0.162393941286053));
#12382=CARTESIAN_POINT('',(2.72031934968013,-0.885045821059185,0.765817046857572));
#12383=CARTESIAN_POINT('',(2.68110432015461,-0.520256580042709,1.02847427938927));
#12384=CARTESIAN_POINT('',(2.65424172061117,-0.22881856035634,1.1147855440408));
#12385=CARTESIAN_POINT('',(2.63645294502053,-0.0299066007994331,1.13211332080046));
#12386=CARTESIAN_POINT('',(2.62678785060787,0.0785693742400739,1.12892225309193));
#12387=CARTESIAN_POINT('',(2.61673463687489,0.190763337331537,1.11710925142633));
#12388=CARTESIAN_POINT('',(2.59951409221031,0.378990317954046,1.07252487859492));
#12389=CARTESIAN_POINT('',(2.578373704155,0.596579734396434,0.974085631387341));
#12390=CARTESIAN_POINT('',(2.54432583843646,0.8967990832264,0.733766388571313));
#12391=CARTESIAN_POINT('',(2.50182873028448,1.13906058863421,0.306257468406298));
#12392=CARTESIAN_POINT('',(2.45078146321253,1.14479697879359,-0.284084209668798));
#12393=CARTESIAN_POINT('',(2.39972408110105,0.864176635784691,-0.802247349983678));
#12394=CARTESIAN_POINT('',(2.3316188938108,0.200748347898018,-1.23028859198979));
#12395=CARTESIAN_POINT('',(2.26348059184143,-0.641053994216576,-1.06911552377784));
#12396=CARTESIAN_POINT('',(2.1952940835598,-1.0993622215959,-0.426255253806698));
#12397=CARTESIAN_POINT('',(2.14416287725864,-1.16894500561511,0.158872254379362));
#12398=CARTESIAN_POINT('',(2.09290836866946,-0.944682408142665,0.705516411855502));
#12399=CARTESIAN_POINT('',(2.05050613521021,-0.564287165017434,1.01273696472922));
#12400=CARTESIAN_POINT('',(2.02017850798392,-0.237756755395969,1.11209191548328));
#12401=CARTESIAN_POINT('',(2.00588396181121,-0.0789329174686347,1.1288244048667));
#12402=CARTESIAN_POINT('',(1.99631248870218,0.0279990119397155,1.1322080762583));
#12403=CARTESIAN_POINT('',(1.97805447665785,0.231269930922954,1.11465141997272));
#12404=CARTESIAN_POINT('',(1.95856865552613,0.441394620858285,1.05118430019699));
#12405=CARTESIAN_POINT('',(1.92635149488583,0.756393030576162,0.873541625427955));
#12406=CARTESIAN_POINT('',(1.88788691064105,1.03900720753683,0.53437785006888));
#12407=CARTESIAN_POINT('',(1.84344196955927,1.16471542131299,0.0428145451460677));
#12408=CARTESIAN_POINT('',(1.78688396692927,1.04979019954853,-0.594023897565403));
#12409=CARTESIAN_POINT('',(1.7210598366341,0.478808791757393,-1.14295865345329));
#12410=CARTESIAN_POINT('',(1.64992880863617,-0.366799036686641,-1.1596805919441));
#12411=CARTESIAN_POINT('',(1.58663933300952,-0.960307469815511,-0.71411759940036));
#12412=CARTESIAN_POINT('',(1.53119638212558,-1.17562005731274,-0.108062265452456));
#12413=CARTESIAN_POINT('',(1.46772979593626,-1.05002493717401,0.613791907809737));
#12414=CARTESIAN_POINT('',(1.41996739549408,-0.613757279439459,0.986813854834166));
#12415=CARTESIAN_POINT('',(1.38785542044464,-0.27325906801424,1.10402323370887));
#12416=CARTESIAN_POINT('',(1.37441087933105,-0.122011797074702,1.12531340380546));
#12417=CARTESIAN_POINT('',(1.36737690748248,-0.0420832144531003,1.12974164003431));
#12418=CARTESIAN_POINT('',(1.36530373534272,-0.018344868708912,1.1303835006358));
#12419=CARTESIAN_POINT('',(1.36387844485096,-0.00143803987169913,1.1301731181812));
#12420=CARTESIAN_POINT('',(1.36446303648443,-0.00852561823479801,1.13078615012428));
#12421=CARTESIAN_POINT('',(1.35682087142791,0.0839235332745689,1.12830969097274));
#12422=CARTESIAN_POINT('',(1.34573921409902,0.217014209462337,1.11355899771717));
#12423=CARTESIAN_POINT('',(1.31915460434079,0.528800063204884,1.03330381899022));
#12424=CARTESIAN_POINT('',(1.27952900114246,0.918306288183472,0.738878107936333));
#12425=CARTESIAN_POINT('',(1.2306342004098,1.16319773185119,0.199302309802356));
#12426=CARTESIAN_POINT('',(1.18129884041771,1.11306950110405,-0.38947209194321));
#12427=CARTESIAN_POINT('',(1.11462172227063,0.675633295459674,-1.04813721512749));
#12428=CARTESIAN_POINT('',(1.02965452754103,-0.377162772756849,-1.28697401630015));
#12429=CARTESIAN_POINT('',(0.925482299269842,-1.29485036700093,-0.356865718418519));
#12430=CARTESIAN_POINT('',(0.835609178588487,-1.0313039206159,0.692285081768418));
#12431=CARTESIAN_POINT('',(0.773484833739892,-0.46279584100725,1.06613023525162));
#12432=CARTESIAN_POINT('',(0.734721124901477,-0.0625492696095864,1.13901479612287));
#12433=CARTESIAN_POINT('',(0.706824604200507,0.2288849512218,1.12163585224442));
#12434=CARTESIAN_POINT('',(0.671764782334975,0.587820905160652,1.00313824952126));
#12435=CARTESIAN_POINT('',(0.611412335354413,1.08326022411388,0.559299138198894));
#12436=CARTESIAN_POINT('',(0.529764889040006,1.27422259529205,-0.431746526456089));
#12437=CARTESIAN_POINT('',(0.421299238065483,0.215804202214212,-1.39096054699911));
#12438=CARTESIAN_POINT('',(0.342097726288306,-0.778523645999022,-0.951145385354856));
#12439=CARTESIAN_POINT('',(0.300765751023066,-1.00199294653618,-0.523056617482023));
#12440=CARTESIAN_POINT('',(3.57693695933785,-0.111690741740481,-1.12476809530208));
#12441=CARTESIAN_POINT('',(0.300765751023066,-1.00199294506766,-0.523056616715425));
#12442=CARTESIAN_POINT('',(0.300765751023066,-1.00199294653619,-0.523056617482018));
#12443=CARTESIAN_POINT('',(0.300428274246907,-1.00547405998115,-0.516388025590889));
#12444=CARTESIAN_POINT('',(0.300090797470749,-1.00888859870415,-0.509684680634407));
#12445=CARTESIAN_POINT('',(0.29975332069459,-1.01223588215912,-0.502947918645203));
#12446=CARTESIAN_POINT('',(0.29975332069459,-1.01222687165727,-0.502943441612492));
#12447=CARTESIAN_POINT('',(0.29975332069459,-1.01223588215912,-0.502947918645203));
#12448=CARTESIAN_POINT('',(0.299853705717877,-1.14268177177884,-0.240411768761271));
#12449=CARTESIAN_POINT('',(0.300054475764452,-1.18751342905945,0.389512098947552));
#12450=CARTESIAN_POINT('',(0.300255245811027,-0.778294102621747,0.870504302079415));
#12451=CARTESIAN_POINT('',(0.300355630834314,-0.517693142950403,1.0047745516991));
#12452=CARTESIAN_POINT('',(0.300355630834314,-0.517693142950401,1.0047745516991));
#12453=CARTESIAN_POINT('',(0.300355630834314,-0.517693142950403,1.0047745516991));
#12454=CARTESIAN_POINT('',(0.307650134170178,-0.587025988815418,0.96905197211659));
#12455=CARTESIAN_POINT('',(0.328446345737496,-0.799049193376882,0.858276505543907));
#12456=CARTESIAN_POINT('',(0.375862338256041,-1.08834712430645,0.404285562923077));
#12457=CARTESIAN_POINT('',(0.421310593255854,-1.17245492800261,-0.110604829138795));
#12458=CARTESIAN_POINT('',(0.476475487280529,-0.961055342575779,-0.720612359057073));
#12459=CARTESIAN_POINT('',(0.531073498944859,-0.438163259916216,-1.09875291964094));
#12460=CARTESIAN_POINT('',(0.572782489883359,0.040013388766957,-1.14781934769403));
#12461=CARTESIAN_POINT('',(0.599126793800035,0.331232351585535,-1.08488370468551));
#12462=CARTESIAN_POINT('',(0.610530935323068,0.451713806445514,-1.03879443784296));
#12463=CARTESIAN_POINT('',(0.629927525423728,0.646858734202686,-0.939419212249539));
#12464=CARTESIAN_POINT('',(0.658147611722434,0.888083935927354,-0.729352010614514));
#12465=CARTESIAN_POINT('',(0.694491155301798,1.10461672933033,-0.374245641371367));
#12466=CARTESIAN_POINT('',(0.737827388432849,1.15921297562834,0.119087305323923));
#12467=CARTESIAN_POINT('',(0.781399248332406,1.00481902711944,0.591015502573091));
#12468=CARTESIAN_POINT('',(0.817854597691612,0.723202211515868,0.894773892667208));
#12469=CARTESIAN_POINT('',(0.84697246875241,0.438899682831081,1.05118331377526));
#12470=CARTESIAN_POINT('',(0.865477253439953,0.241391148948972,1.1093646145842));
#12471=CARTESIAN_POINT('',(0.879663137542889,0.0857955545724933,1.1288389936728));
#12472=CARTESIAN_POINT('',(0.892051560575533,-0.0513165972924322,1.13416876069232));
#12473=CARTESIAN_POINT('',(0.911638449361818,-0.266225461554936,1.10530937043646));
#12474=CARTESIAN_POINT('',(0.946477546493084,-0.632661829301413,0.981076857028419));
#12475=CARTESIAN_POINT('',(0.998461318277884,-1.0742404263645,0.567271184360848));
#12476=CARTESIAN_POINT('',(1.06283291923229,-1.18985670934484,-0.174906082120119));
#12477=CARTESIAN_POINT('',(1.12343057715788,-0.883182089347606,-0.803994017928155));
#12478=CARTESIAN_POINT('',(1.19878098390041,-0.134048780992258,-1.25535841837383));
#12479=CARTESIAN_POINT('',(1.28295057923097,0.880005304303003,-0.959557122918888));
#12480=CARTESIAN_POINT('',(1.36785002300571,1.24469134345195,0.0159262279859619));
#12481=CARTESIAN_POINT('',(1.42523527987922,0.975685430424131,0.645348311554749));
#12482=CARTESIAN_POINT('',(1.46302835225681,0.65533763347075,0.937541491008839));
#12483=CARTESIAN_POINT('',(1.48755604405299,0.40254541012116,1.06590892110769));
#12484=CARTESIAN_POINT('',(1.50400020118819,0.216659943950789,1.11477329566606));
#12485=CARTESIAN_POINT('',(1.51659312973643,0.0694889430367608,1.12785499831116));
#12486=CARTESIAN_POINT('',(1.52032977107346,0.0247931911679942,1.13445416630457));
#12487=CARTESIAN_POINT('',(1.53594501353228,-0.160518283972388,1.12177726595057));
#12488=CARTESIAN_POINT('',(1.54943725269401,-0.317103269912517,1.08970880970792));
#12489=CARTESIAN_POINT('',(1.57423049024545,-0.591772855962981,0.988575871875145));
#12490=CARTESIAN_POINT('',(1.60959291644665,-0.916270565784231,0.721867324241051));
#12491=CARTESIAN_POINT('',(1.65297706185003,-1.13603639482446,0.266481659461075));
#12492=CARTESIAN_POINT('',(1.71188834581545,-1.14450102136476,-0.408756619141386));
#12493=CARTESIAN_POINT('',(1.77151837745134,-0.719639532166711,-0.986331284290558));
#12494=CARTESIAN_POINT('',(1.83495166562502,-0.0521835811874573,-1.1626553296742));
#12495=CARTESIAN_POINT('',(1.8912253535801,0.546526425281722,-1.06705526834927));
#12496=CARTESIAN_POINT('',(1.96237917281893,1.16480471593342,-0.50654570908353));
#12497=CARTESIAN_POINT('',(2.04848118034861,1.16203139087626,0.558877489766426));
#12498=CARTESIAN_POINT('',(2.13749830154372,0.272684071868753,1.26404580799684));
#12499=CARTESIAN_POINT('',(2.22122108994378,-0.791677506886679,1.007478576042));
#12500=CARTESIAN_POINT('',(2.30755477781172,-1.27912678173823,0.0518426778935252));
#12501=CARTESIAN_POINT('',(2.3963407656727,-0.868055826215892,-0.940301536747587));
#12502=CARTESIAN_POINT('',(2.48833583639769,0.159402228673806,-1.28131044432114));
#12503=CARTESIAN_POINT('',(2.58459801425642,1.1114788264346,-0.658785202994904));
#12504=CARTESIAN_POINT('',(2.67224016126417,1.20623325577293,0.420927167827223));
#12505=CARTESIAN_POINT('',(2.7419073270009,0.60242023763421,1.04202081425986));
#12506=CARTESIAN_POINT('',(2.79290688906622,-0.00574284952654802,1.1636642201461));
#12507=CARTESIAN_POINT('',(2.84892743499656,-0.669086477691457,1.01782840386449));
#12508=CARTESIAN_POINT('',(2.91964024893645,-1.2361850929408,0.330024629184098));
#12509=CARTESIAN_POINT('',(3.00833787454803,-1.05272132058358,-0.729257794544262));
#12510=CARTESIAN_POINT('',(3.06953242631327,-0.436405914683356,-1.09252824293063));
#12511=CARTESIAN_POINT('',(3.10068696069346,-0.111674514912833,-1.12476970652618));
#12512=CARTESIAN_POINT('',(3.10068696069346,-0.111674514901527,-1.12476970641232));
#12513=CARTESIAN_POINT('',(0.,-0.11169074174048,-1.12476809530208));
#12514=CARTESIAN_POINT('',(0.299999999999997,0.,0.));
#12515=CARTESIAN_POINT('',(9.21571846612679E-16,-1.25663718870381,-0.683096673953677));
#12516=CARTESIAN_POINT('',(0.0250148179514306,-0.967669022143534,-1.16231061660196));
#12517=CARTESIAN_POINT('',(0.0625370448785752,-0.0978681213702463,-1.55059404245787));
#12518=CARTESIAN_POINT('',(0.112566680781435,0.890245850095674,-1.0738270283697));
#12519=CARTESIAN_POINT('',(0.150088907708579,1.29785360320827,-0.391387497419567));
#12520=CARTESIAN_POINT('',(0.187611134635724,1.259786924469,0.379950306604321));
#12521=CARTESIAN_POINT('',(0.237640770538583,0.66359517241592,1.18983257489826));
#12522=CARTESIAN_POINT('',(0.275162997465728,-0.136411190473736,1.22916351130316));
#12523=CARTESIAN_POINT('',(0.300177815417157,-0.51761170101271,1.00461648357023));
#12524=CARTESIAN_POINT('',(0.299881691076999,-1.01234183326683,-0.503000562391621));
#12525=CARTESIAN_POINT('',(0.286979969810105,-1.05268279586254,-0.450804791539315));
#12526=CARTESIAN_POINT('',(0.259264619250924,-1.12675824027639,-0.332105765251553));
#12527=CARTESIAN_POINT('',(0.221471728456094,-1.20763160141199,-0.165789241214327));
#12528=CARTESIAN_POINT('',(0.15891139534485,-1.27005132274404,0.140235432860449));
#12529=CARTESIAN_POINT('',(0.14122692523353,-1.26923299896307,0.236904465985759));
#12530=CARTESIAN_POINT('',(0.102156300617679,-1.25296038475325,0.459296010800774));
#12531=CARTESIAN_POINT('',(0.0577163348590944,-1.18479808556228,0.712749677398722));
#12532=CARTESIAN_POINT('',(0.0228247841849824,-1.08767446762544,0.904393407789545));
#12533=CARTESIAN_POINT('',(2.00577401909818E-15,-1.00290738318547,1.01977196997763));
#12534=CARTESIAN_POINT('',(11.8,0.,0.));
#12535=CARTESIAN_POINT('',(4.8,0.,0.));
#12536=CARTESIAN_POINT('',(4.8,0.,-1.5));
#12537=CARTESIAN_POINT('',(11.4998421824035,-1.43105500380417,-0.449534844130064));
#12538=CARTESIAN_POINT('',(11.4554789735808,-1.62856940626612,0.179235044694799));
#12539=CARTESIAN_POINT('',(11.4152083350676,-1.29903810567666,0.749999999999999));
#12540=CARTESIAN_POINT('',(11.362291668401,-0.86602540378444,1.5));
#12541=CARTESIAN_POINT('',(11.3093750017343,0.,1.5));
#12542=CARTESIAN_POINT('',(11.2564583350676,0.866025403784439,1.5));
#12543=CARTESIAN_POINT('',(11.203541668401,1.29903810567666,0.75));
#12544=CARTESIAN_POINT('',(11.1506250017343,1.73205080756888,1.06057523872491E-16));
#12545=CARTESIAN_POINT('',(11.0977083350676,1.29903810567666,-0.75));
#12546=CARTESIAN_POINT('',(11.044791668401,0.866025403784439,-1.5));
#12547=CARTESIAN_POINT('',(10.9918750017343,1.83697019872103E-16,-1.5));
#12548=CARTESIAN_POINT('',(10.9389583350676,-0.866025403784438,-1.5));
#12549=CARTESIAN_POINT('',(10.886041668401,-1.29903810567666,-0.750000000000001));
#12550=CARTESIAN_POINT('',(10.8331250017343,-1.73205080756888,-3.18172571617472E-16));
#12551=CARTESIAN_POINT('',(10.7802083350676,-1.29903810567666,0.749999999999999));
#12552=CARTESIAN_POINT('',(10.727291668401,-0.86602540378444,1.5));
#12553=CARTESIAN_POINT('',(10.6743750017343,0.,1.5));
#12554=CARTESIAN_POINT('',(10.6214583350676,0.866025403784439,1.5));
#12555=CARTESIAN_POINT('',(10.568541668401,1.29903810567666,0.75));
#12556=CARTESIAN_POINT('',(10.5156250017343,1.73205080756888,1.06057523872491E-16));
#12557=CARTESIAN_POINT('',(10.4627083350676,1.29903810567666,-0.75));
#12558=CARTESIAN_POINT('',(10.409791668401,0.866025403784439,-1.5));
#12559=CARTESIAN_POINT('',(10.3568750017343,1.83697019872103E-16,-1.5));
#12560=CARTESIAN_POINT('',(10.3039583350676,-0.866025403784438,-1.5));
#12561=CARTESIAN_POINT('',(10.251041668401,-1.29903810567666,-0.750000000000001));
#12562=CARTESIAN_POINT('',(10.1981250017343,-1.73205080756888,-3.18172571617472E-16));
#12563=CARTESIAN_POINT('',(10.1452083350676,-1.29903810567666,0.749999999999999));
#12564=CARTESIAN_POINT('',(10.092291668401,-0.86602540378444,1.5));
#12565=CARTESIAN_POINT('',(10.0393750017343,0.,1.5));
#12566=CARTESIAN_POINT('',(9.98645833506764,0.866025403784439,1.5));
#12567=CARTESIAN_POINT('',(9.93354166840097,1.29903810567666,0.75));
#12568=CARTESIAN_POINT('',(9.8806250017343,1.73205080756888,1.06057523872491E-16));
#12569=CARTESIAN_POINT('',(9.82770833506764,1.29903810567666,-0.75));
#12570=CARTESIAN_POINT('',(9.77479166840097,0.866025403784439,-1.5));
#12571=CARTESIAN_POINT('',(9.7218750017343,1.83697019872103E-16,-1.5));
#12572=CARTESIAN_POINT('',(9.66895833506764,-0.866025403784438,-1.5));
#12573=CARTESIAN_POINT('',(9.61604166840097,-1.29903810567666,-0.750000000000001));
#12574=CARTESIAN_POINT('',(9.56312500173431,-1.73205080756888,-3.18172571617472E-16));
#12575=CARTESIAN_POINT('',(9.51020833506764,-1.29903810567666,0.749999999999999));
#12576=CARTESIAN_POINT('',(9.45729166840097,-0.86602540378444,1.5));
#12577=CARTESIAN_POINT('',(9.4043750017343,0.,1.5));
#12578=CARTESIAN_POINT('',(9.35145833506764,0.866025403784439,1.5));
#12579=CARTESIAN_POINT('',(9.29854166840097,1.29903810567666,0.75));
#12580=CARTESIAN_POINT('',(9.2456250017343,1.73205080756888,1.06057523872491E-16));
#12581=CARTESIAN_POINT('',(9.19270833506764,1.29903810567666,-0.75));
#12582=CARTESIAN_POINT('',(9.13979166840097,0.866025403784439,-1.5));
#12583=CARTESIAN_POINT('',(9.0868750017343,1.83697019872103E-16,-1.5));
#12584=CARTESIAN_POINT('',(9.03395833506764,-0.866025403784438,-1.5));
#12585=CARTESIAN_POINT('',(8.98104166840097,-1.29903810567666,-0.750000000000001));
#12586=CARTESIAN_POINT('',(8.92812500173431,-1.73205080756888,-3.18172571617472E-16));
#12587=CARTESIAN_POINT('',(8.87520833506764,-1.29903810567666,0.749999999999999));
#12588=CARTESIAN_POINT('',(8.82229166840097,-0.86602540378444,1.5));
#12589=CARTESIAN_POINT('',(8.7693750017343,0.,1.5));
#12590=CARTESIAN_POINT('',(8.71645833506764,0.866025403784439,1.5));
#12591=CARTESIAN_POINT('',(8.66354166840097,1.29903810567666,0.75));
#12592=CARTESIAN_POINT('',(8.6106250017343,1.73205080756888,1.06057523872491E-16));
#12593=CARTESIAN_POINT('',(8.55770833506764,1.29903810567666,-0.75));
#12594=CARTESIAN_POINT('',(8.50479166840097,0.866025403784439,-1.5));
#12595=CARTESIAN_POINT('',(8.4518750017343,1.83697019872103E-16,-1.5));
#12596=CARTESIAN_POINT('',(8.39895833506764,-0.866025403784438,-1.5));
#12597=CARTESIAN_POINT('',(8.34604166840097,-1.29903810567666,-0.750000000000001));
#12598=CARTESIAN_POINT('',(8.2931250017343,-1.73205080756888,-3.18172571617472E-16));
#12599=CARTESIAN_POINT('',(8.24020833506764,-1.29903810567666,0.749999999999999));
#12600=CARTESIAN_POINT('',(8.18729166840097,-0.86602540378444,1.5));
#12601=CARTESIAN_POINT('',(8.1343750017343,0.,1.5));
#12602=CARTESIAN_POINT('',(8.08145833506764,0.866025403784439,1.5));
#12603=CARTESIAN_POINT('',(8.02854166840097,1.29903810567666,0.75));
#12604=CARTESIAN_POINT('',(7.9756250017343,1.73205080756888,1.06057523872491E-16));
#12605=CARTESIAN_POINT('',(7.92270833506764,1.29903810567666,-0.75));
#12606=CARTESIAN_POINT('',(7.86979166840097,0.866025403784439,-1.5));
#12607=CARTESIAN_POINT('',(7.8168750017343,1.83697019872103E-16,-1.5));
#12608=CARTESIAN_POINT('',(7.76395833506764,-0.866025403784438,-1.5));
#12609=CARTESIAN_POINT('',(7.71104166840097,-1.29903810567666,-0.750000000000001));
#12610=CARTESIAN_POINT('',(7.6581250017343,-1.73205080756888,-3.18172571617472E-16));
#12611=CARTESIAN_POINT('',(7.60520833506764,-1.29903810567666,0.749999999999999));
#12612=CARTESIAN_POINT('',(7.55229166840097,-0.86602540378444,1.5));
#12613=CARTESIAN_POINT('',(7.4993750017343,0.,1.5));
#12614=CARTESIAN_POINT('',(7.44645833506764,0.866025403784439,1.5));
#12615=CARTESIAN_POINT('',(7.39354166840097,1.29903810567666,0.75));
#12616=CARTESIAN_POINT('',(7.3406250017343,1.73205080756888,1.06057523872491E-16));
#12617=CARTESIAN_POINT('',(7.28770833506764,1.29903810567666,-0.75));
#12618=CARTESIAN_POINT('',(7.23479166840097,0.866025403784439,-1.5));
#12619=CARTESIAN_POINT('',(7.1818750017343,1.83697019872103E-16,-1.5));
#12620=CARTESIAN_POINT('',(7.12895833506764,-0.866025403784438,-1.5));
#12621=CARTESIAN_POINT('',(7.07604166840097,-1.29903810567666,-0.750000000000001));
#12622=CARTESIAN_POINT('',(7.0231250017343,-1.73205080756888,-3.18172571617472E-16));
#12623=CARTESIAN_POINT('',(6.97020833506764,-1.29903810567666,0.749999999999999));
#12624=CARTESIAN_POINT('',(6.91729166840097,-0.86602540378444,1.5));
#12625=CARTESIAN_POINT('',(6.8643750017343,0.,1.5));
#12626=CARTESIAN_POINT('',(6.81145833506764,0.866025403784439,1.5));
#12627=CARTESIAN_POINT('',(6.75854166840097,1.29903810567666,0.75));
#12628=CARTESIAN_POINT('',(6.7056250017343,1.73205080756888,1.06057523872491E-16));
#12629=CARTESIAN_POINT('',(6.65270833506764,1.29903810567666,-0.75));
#12630=CARTESIAN_POINT('',(6.59979166840097,0.866025403784439,-1.5));
#12631=CARTESIAN_POINT('',(6.5468750017343,1.83697019872103E-16,-1.5));
#12632=CARTESIAN_POINT('',(6.49395833506764,-0.866025403784438,-1.5));
#12633=CARTESIAN_POINT('',(6.44104166840097,-1.29903810567666,-0.750000000000001));
#12634=CARTESIAN_POINT('',(6.3881250017343,-1.73205080756888,-3.18172571617472E-16));
#12635=CARTESIAN_POINT('',(6.33520833506764,-1.29903810567666,0.749999999999999));
#12636=CARTESIAN_POINT('',(6.28229166840097,-0.86602540378444,1.5));
#12637=CARTESIAN_POINT('',(6.2293750017343,0.,1.5));
#12638=CARTESIAN_POINT('',(6.17645833506764,0.866025403784439,1.5));
#12639=CARTESIAN_POINT('',(6.12354166840097,1.29903810567666,0.75));
#12640=CARTESIAN_POINT('',(6.0706250017343,1.73205080756888,1.06057523872491E-16));
#12641=CARTESIAN_POINT('',(6.01770833506764,1.29903810567666,-0.75));
#12642=CARTESIAN_POINT('',(5.96479166840097,0.866025403784439,-1.5));
#12643=CARTESIAN_POINT('',(5.9118750017343,1.83697019872103E-16,-1.5));
#12644=CARTESIAN_POINT('',(5.85895833506764,-0.866025403784438,-1.5));
#12645=CARTESIAN_POINT('',(5.80604166840097,-1.29903810567666,-0.750000000000001));
#12646=CARTESIAN_POINT('',(5.7531250017343,-1.73205080756888,-3.18172571617472E-16));
#12647=CARTESIAN_POINT('',(5.70020833506764,-1.29903810567666,0.749999999999999));
#12648=CARTESIAN_POINT('',(5.64729166840097,-0.86602540378444,1.5));
#12649=CARTESIAN_POINT('',(5.5943750017343,0.,1.5));
#12650=CARTESIAN_POINT('',(5.54145833506764,0.866025403784439,1.5));
#12651=CARTESIAN_POINT('',(5.48854166840097,1.29903810567666,0.75));
#12652=CARTESIAN_POINT('',(5.46818889709614,1.46558314807728,0.461535524813415));
#12653=CARTESIAN_POINT('',(5.44477554992281,1.49438274049991,0.129692808970983));
#12654=CARTESIAN_POINT('',(11.4998421824035,-1.43105500380417,-0.449534844130064));
#12655=CARTESIAN_POINT('',(5.44477554992281,1.49438274049991,0.129692808970983));
#12656=CARTESIAN_POINT('',(5.44477554992281,1.49438274049991,0.129692808970983));
#12657=CARTESIAN_POINT('',(5.44474048322248,1.52485036254102,-0.221288938738068));
#12658=CARTESIAN_POINT('',(5.513557579933,1.43471607141179,-0.561896090911834));
#12659=CARTESIAN_POINT('',(5.64310339082944,1.2346171159969,-0.85189235052764));
#12660=CARTESIAN_POINT('',(5.64310339082944,1.2346171159969,-0.85189235052764));
#12661=CARTESIAN_POINT('',(5.64310339082944,1.2346171159969,-0.85189235052764));
#12662=CARTESIAN_POINT('',(5.69601983494714,1.23461711586852,-0.851892350713692));
#12663=CARTESIAN_POINT('',(5.74893627906484,1.23461711574014,-0.851892350899744));
#12664=CARTESIAN_POINT('',(5.80185272318255,1.23461711561177,-0.851892351085796));
#12665=CARTESIAN_POINT('',(5.80185272318255,1.23461711561177,-0.851892351085796));
#12666=CARTESIAN_POINT('',(5.80185272318255,1.23461711561177,-0.851892351085796));
#12667=CARTESIAN_POINT('',(5.93145499822318,1.43470344062146,-0.561914396544979));
#12668=CARTESIAN_POINT('',(6.00034842929763,1.52483917294403,-0.221330631027251));
#12669=CARTESIAN_POINT('',(6.0004015299545,1.49438559892077,0.129659869420796));
#12670=CARTESIAN_POINT('',(6.0004015299545,1.49438559892077,0.129659869420796));
#12671=CARTESIAN_POINT('',(11.499999799274,-0.682516322959198,-1.33572881544508));
#12672=CARTESIAN_POINT('',(11.468758099538,-1.07735115363129,-1.13397306431767));
#12673=CARTESIAN_POINT('',(11.4416666666667,-1.29903810567666,-0.750000000000001));
#12674=CARTESIAN_POINT('',(11.38875,-1.73205080756888,-3.18172571617472E-16));
#12675=CARTESIAN_POINT('',(11.3358333333333,-1.29903810567666,0.749999999999999));
#12676=CARTESIAN_POINT('',(11.2829166666667,-0.866025403784439,1.5));
#12677=CARTESIAN_POINT('',(11.23,0.,1.5));
#12678=CARTESIAN_POINT('',(11.1770833333333,0.866025403784438,1.5));
#12679=CARTESIAN_POINT('',(11.1241666666667,1.29903810567666,0.75));
#12680=CARTESIAN_POINT('',(11.07125,1.73205080756888,1.06057523872491E-16));
#12681=CARTESIAN_POINT('',(11.0183333333333,1.29903810567666,-0.75));
#12682=CARTESIAN_POINT('',(10.9654166666667,0.866025403784439,-1.5));
#12683=CARTESIAN_POINT('',(10.9125,1.83697019872103E-16,-1.5));
#12684=CARTESIAN_POINT('',(10.8595833333333,-0.866025403784438,-1.5));
#12685=CARTESIAN_POINT('',(10.8066666666667,-1.29903810567666,-0.750000000000001));
#12686=CARTESIAN_POINT('',(10.75375,-1.73205080756888,-3.18172571617472E-16));
#12687=CARTESIAN_POINT('',(10.7008333333333,-1.29903810567666,0.749999999999999));
#12688=CARTESIAN_POINT('',(10.6479166666667,-0.866025403784439,1.5));
#12689=CARTESIAN_POINT('',(10.595,0.,1.5));
#12690=CARTESIAN_POINT('',(10.5420833333333,0.866025403784438,1.5));
#12691=CARTESIAN_POINT('',(10.4891666666667,1.29903810567666,0.75));
#12692=CARTESIAN_POINT('',(10.43625,1.73205080756888,1.06057523872491E-16));
#12693=CARTESIAN_POINT('',(10.3833333333333,1.29903810567666,-0.75));
#12694=CARTESIAN_POINT('',(10.3304166666667,0.866025403784439,-1.5));
#12695=CARTESIAN_POINT('',(10.2775,1.83697019872103E-16,-1.5));
#12696=CARTESIAN_POINT('',(10.2245833333333,-0.866025403784438,-1.5));
#12697=CARTESIAN_POINT('',(10.1716666666667,-1.29903810567666,-0.750000000000001));
#12698=CARTESIAN_POINT('',(10.11875,-1.73205080756888,-3.18172571617472E-16));
#12699=CARTESIAN_POINT('',(10.0658333333333,-1.29903810567666,0.749999999999999));
#12700=CARTESIAN_POINT('',(10.0129166666667,-0.866025403784439,1.5));
#12701=CARTESIAN_POINT('',(9.96,0.,1.5));
#12702=CARTESIAN_POINT('',(9.90708333333333,0.866025403784438,1.5));
#12703=CARTESIAN_POINT('',(9.85416666666667,1.29903810567666,0.75));
#12704=CARTESIAN_POINT('',(9.80125,1.73205080756888,1.06057523872491E-16));
#12705=CARTESIAN_POINT('',(9.74833333333333,1.29903810567666,-0.75));
#12706=CARTESIAN_POINT('',(9.69541666666667,0.866025403784439,-1.5));
#12707=CARTESIAN_POINT('',(9.6425,1.83697019872103E-16,-1.5));
#12708=CARTESIAN_POINT('',(9.58958333333333,-0.866025403784438,-1.5));
#12709=CARTESIAN_POINT('',(9.53666666666667,-1.29903810567666,-0.750000000000001));
#12710=CARTESIAN_POINT('',(9.48375,-1.73205080756888,-3.18172571617472E-16));
#12711=CARTESIAN_POINT('',(9.43083333333333,-1.29903810567666,0.749999999999999));
#12712=CARTESIAN_POINT('',(9.37791666666667,-0.866025403784439,1.5));
#12713=CARTESIAN_POINT('',(9.325,0.,1.5));
#12714=CARTESIAN_POINT('',(9.27208333333333,0.866025403784438,1.5));
#12715=CARTESIAN_POINT('',(9.21916666666667,1.29903810567666,0.75));
#12716=CARTESIAN_POINT('',(9.16625,1.73205080756888,1.06057523872491E-16));
#12717=CARTESIAN_POINT('',(9.11333333333334,1.29903810567666,-0.75));
#12718=CARTESIAN_POINT('',(9.06041666666667,0.866025403784439,-1.5));
#12719=CARTESIAN_POINT('',(9.0075,1.83697019872103E-16,-1.5));
#12720=CARTESIAN_POINT('',(8.95458333333333,-0.866025403784438,-1.5));
#12721=CARTESIAN_POINT('',(8.90166666666667,-1.29903810567666,-0.750000000000001));
#12722=CARTESIAN_POINT('',(8.84875,-1.73205080756888,-3.18172571617472E-16));
#12723=CARTESIAN_POINT('',(8.79583333333333,-1.29903810567666,0.749999999999999));
#12724=CARTESIAN_POINT('',(8.74291666666667,-0.866025403784439,1.5));
#12725=CARTESIAN_POINT('',(8.69,0.,1.5));
#12726=CARTESIAN_POINT('',(8.63708333333333,0.866025403784438,1.5));
#12727=CARTESIAN_POINT('',(8.58416666666667,1.29903810567666,0.75));
#12728=CARTESIAN_POINT('',(8.53125,1.73205080756888,1.06057523872491E-16));
#12729=CARTESIAN_POINT('',(8.47833333333333,1.29903810567666,-0.75));
#12730=CARTESIAN_POINT('',(8.42541666666667,0.866025403784439,-1.5));
#12731=CARTESIAN_POINT('',(8.3725,1.83697019872103E-16,-1.5));
#12732=CARTESIAN_POINT('',(8.31958333333334,-0.866025403784438,-1.5));
#12733=CARTESIAN_POINT('',(8.26666666666667,-1.29903810567666,-0.750000000000001));
#12734=CARTESIAN_POINT('',(8.21375,-1.73205080756888,-3.18172571617472E-16));
#12735=CARTESIAN_POINT('',(8.16083333333333,-1.29903810567666,0.749999999999999));
#12736=CARTESIAN_POINT('',(8.10791666666667,-0.866025403784439,1.5));
#12737=CARTESIAN_POINT('',(8.055,0.,1.5));
#12738=CARTESIAN_POINT('',(8.00208333333333,0.866025403784438,1.5));
#12739=CARTESIAN_POINT('',(7.94916666666667,1.29903810567666,0.75));
#12740=CARTESIAN_POINT('',(7.89625,1.73205080756888,1.06057523872491E-16));
#12741=CARTESIAN_POINT('',(7.84333333333333,1.29903810567666,-0.75));
#12742=CARTESIAN_POINT('',(7.79041666666667,0.866025403784439,-1.5));
#12743=CARTESIAN_POINT('',(7.7375,1.83697019872103E-16,-1.5));
#12744=CARTESIAN_POINT('',(7.68458333333334,-0.866025403784438,-1.5));
#12745=CARTESIAN_POINT('',(7.63166666666667,-1.29903810567666,-0.750000000000001));
#12746=CARTESIAN_POINT('',(7.57875,-1.73205080756888,-3.18172571617472E-16));
#12747=CARTESIAN_POINT('',(7.52583333333333,-1.29903810567666,0.749999999999999));
#12748=CARTESIAN_POINT('',(7.47291666666667,-0.866025403784439,1.5));
#12749=CARTESIAN_POINT('',(7.42,0.,1.5));
#12750=CARTESIAN_POINT('',(7.36708333333334,0.866025403784438,1.5));
#12751=CARTESIAN_POINT('',(7.31416666666667,1.29903810567666,0.75));
#12752=CARTESIAN_POINT('',(7.26125,1.73205080756888,1.06057523872491E-16));
#12753=CARTESIAN_POINT('',(7.20833333333333,1.29903810567666,-0.75));
#12754=CARTESIAN_POINT('',(7.15541666666667,0.866025403784439,-1.5));
#12755=CARTESIAN_POINT('',(7.1025,1.83697019872103E-16,-1.5));
#12756=CARTESIAN_POINT('',(7.04958333333333,-0.866025403784438,-1.5));
#12757=CARTESIAN_POINT('',(6.99666666666667,-1.29903810567666,-0.750000000000001));
#12758=CARTESIAN_POINT('',(6.94375,-1.73205080756888,-3.18172571617472E-16));
#12759=CARTESIAN_POINT('',(6.89083333333333,-1.29903810567666,0.749999999999999));
#12760=CARTESIAN_POINT('',(6.83791666666667,-0.866025403784439,1.5));
#12761=CARTESIAN_POINT('',(6.785,0.,1.5));
#12762=CARTESIAN_POINT('',(6.73208333333333,0.866025403784438,1.5));
#12763=CARTESIAN_POINT('',(6.67916666666667,1.29903810567666,0.75));
#12764=CARTESIAN_POINT('',(6.62625,1.73205080756888,1.06057523872491E-16));
#12765=CARTESIAN_POINT('',(6.57333333333333,1.29903810567666,-0.75));
#12766=CARTESIAN_POINT('',(6.52041666666667,0.866025403784439,-1.5));
#12767=CARTESIAN_POINT('',(6.4675,1.83697019872103E-16,-1.5));
#12768=CARTESIAN_POINT('',(6.41458333333333,-0.866025403784438,-1.5));
#12769=CARTESIAN_POINT('',(6.36166666666667,-1.29903810567666,-0.750000000000001));
#12770=CARTESIAN_POINT('',(6.30875,-1.73205080756888,-3.18172571617472E-16));
#12771=CARTESIAN_POINT('',(6.25583333333333,-1.29903810567666,0.749999999999999));
#12772=CARTESIAN_POINT('',(6.20291666666667,-0.866025403784439,1.5));
#12773=CARTESIAN_POINT('',(6.15,0.,1.5));
#12774=CARTESIAN_POINT('',(6.09708333333333,0.866025403784438,1.5));
#12775=CARTESIAN_POINT('',(6.04416666666667,1.29903810567666,0.75));
#12776=CARTESIAN_POINT('',(6.02381283542836,1.46559182142513,0.461520502134262));
#12777=CARTESIAN_POINT('',(6.0004015299545,1.49438559892077,0.129659869420796));
#12778=CARTESIAN_POINT('',(11.499999799274,-0.682516322959198,-1.33572881544508));
#12779=CARTESIAN_POINT('',(11.499999799274,-0.682516323032596,-1.33572881558873));
#12780=CARTESIAN_POINT('',(11.4999472603172,-1.03605894003774,-1.15507941716475));
#12781=CARTESIAN_POINT('',(11.4998947213603,-1.31207147707783,-0.828308533234191));
#12782=CARTESIAN_POINT('',(11.4998421824035,-1.43105500380417,-0.449534844130065));
#12783=CARTESIAN_POINT('',(11.8,0.,0.));
#12784=CARTESIAN_POINT('',(11.8,0.,0.));
#12785=CARTESIAN_POINT('',(11.8,-0.00104822910500303,-1.19999954217314));
#12786=CARTESIAN_POINT('',(11.8,-1.05429953607258,0.573107745748698));
#12787=CARTESIAN_POINT('',(11.8,-1.05429953607258,0.573107745748698));
#12788=CARTESIAN_POINT('',(11.8,-1.09085398711182,0.477301432795599));
#12789=CARTESIAN_POINT('',(11.8,-1.11366643601655,0.37845055252125));
#12790=CARTESIAN_POINT('',(11.8,-1.12273688278678,0.276555104925652));
#12791=CARTESIAN_POINT('',(11.8,-1.12273698239575,0.276555113792564));
#12792=CARTESIAN_POINT('',(11.8,-1.12273688528404,0.276555089871792));
#12793=CARTESIAN_POINT('',(11.8,-1.19478485095996,-0.0159396485019934));
#12794=CARTESIAN_POINT('',(11.8,-1.09716673126587,-0.651683882845476));
#12795=CARTESIAN_POINT('',(11.8,-0.589148288583028,-1.03987213378059));
#12796=CARTESIAN_POINT('',(11.8,-0.296949135159357,-1.11751601439953));
#12797=CARTESIAN_POINT('',(11.8,-0.296949141804487,-1.11751603940716));
#12798=CARTESIAN_POINT('',(11.8,-0.296948659690626,-1.11751614074216));
#12799=CARTESIAN_POINT('',(11.8,-0.202301508782916,-1.1588312669486));
#12800=CARTESIAN_POINT('',(11.8,-0.103668031921041,-1.18632573409226));
#12801=CARTESIAN_POINT('',(11.8,-0.00104822910500303,-1.19999954217314));
#12802=CARTESIAN_POINT('',(11.8,0.,0.));
#12803=CARTESIAN_POINT('',(11.4999998997176,-0.682516368662171,-1.33572890488877));
#12804=CARTESIAN_POINT('',(11.5249999080745,-0.149442777518475,-1.58003853644676));
#12805=CARTESIAN_POINT('',(11.5624999206098,0.834065373795682,-1.40370003147124));
#12806=CARTESIAN_POINT('',(11.6124999373235,1.41154990576086,-0.405361083258123));
#12807=CARTESIAN_POINT('',(11.6499999498588,1.36312585489052,0.430076790841348));
#12808=CARTESIAN_POINT('',(11.6874999623941,0.873570827374146,1.08071193916889));
#12809=CARTESIAN_POINT('',(11.7374999791078,-0.12721400385658,1.43600868479525));
#12810=CARTESIAN_POINT('',(11.7749999916431,-0.85242427627181,0.996827377147979));
#12811=CARTESIAN_POINT('',(11.8,-1.05429953607257,0.573107745748698));
#12812=CARTESIAN_POINT('',(11.8,-0.00104822910500208,-1.19999954217314));
#12813=CARTESIAN_POINT('',(11.7856878861721,-0.0802185000739247,-1.21424250428316));
#12814=CARTESIAN_POINT('',(11.7552624989447,-0.242898606073126,-1.23632077404862));
#12815=CARTESIAN_POINT('',(11.7022488218531,-0.522908317900639,-1.19262346417583));
#12816=CARTESIAN_POINT('',(11.669055766538,-0.694295530790795,-1.13940149962922));
#12817=CARTESIAN_POINT('',(11.6369212423986,-0.853534432531014,-1.06573418078434));
#12818=CARTESIAN_POINT('',(11.6212332260193,-0.928935620347089,-1.01977854638437));
#12819=CARTESIAN_POINT('',(11.6021796284056,-1.02069156805259,-0.957927176811174));
#12820=CARTESIAN_POINT('',(11.5831299654713,-1.10888049411399,-0.882522663791526));
#12821=CARTESIAN_POINT('',(11.5704182625552,-1.16850287360934,-0.82951512725584));
#12822=CARTESIAN_POINT('',(11.5353389023884,-1.31513583277001,-0.654883856926001));
#12823=CARTESIAN_POINT('',(11.5098823636434,-1.40220928796314,-0.509556606363998));
#12824=CARTESIAN_POINT('',(11.5003874137371,-1.42980083488529,-0.4522346662177));
#12825=CARTESIAN_POINT('',(11.4999210912017,-1.43113028569125,-0.449558492299622));
#12826=CARTESIAN_POINT('',(4.8,7.22651487915895E-16,-2.68467875173176));
#12827=CARTESIAN_POINT('',(0.308696921242299,7.22651487915895E-16,-2.68467875173176));
#12828=CARTESIAN_POINT('',(0.172126153099866,0.409712304422119,-2.44813124248335));
#12829=CARTESIAN_POINT('',(0.0672282311972079,0.990281055463441,-2.11293971778656));
#12830=CARTESIAN_POINT('',(0.133688900489893,1.70711789526926,-1.69907377535963));
#12831=CARTESIAN_POINT('',(0.238578003653257,2.11464324723548,-1.46378890370033));
#12832=CARTESIAN_POINT('',(0.308696921242299,2.325,-1.34233937586588));
#12833=CARTESIAN_POINT('',(0.308696921242303,7.22651487915895E-16,-2.68467875173176));
#12834=CARTESIAN_POINT('',(0.308696921242303,2.325,-1.34233937586588));
#12835=CARTESIAN_POINT('',(4.8,2.325,-1.34233937586588));
#12836=CARTESIAN_POINT('',(4.8,2.325,-1.34233937586588));
#12837=CARTESIAN_POINT('',(4.8,7.22651487915895E-16,-2.68467875173176));
#12838=CARTESIAN_POINT('',(4.8,7.22651487915895E-16,-2.68467875173176));
#12839=CARTESIAN_POINT('',(4.8,7.22651487915895E-16,-2.68467875173176));
#12840=CARTESIAN_POINT('',(4.8,2.325,-1.34233937586588));
#12841=CARTESIAN_POINT('',(0.308696921242303,2.325,-1.34233937586588));
#12842=CARTESIAN_POINT('',(0.240671721804562,2.325,-1.10669317262357));
#12843=CARTESIAN_POINT('',(0.141365364181329,2.325,-0.68474524046711));
#12844=CARTESIAN_POINT('',(0.0822760548295271,2.325,0.0149510074855684));
#12845=CARTESIAN_POINT('',(0.135749198362353,2.325,0.631890035914246));
#12846=CARTESIAN_POINT('',(0.239330626563023,2.325,1.10204748243127));
#12847=CARTESIAN_POINT('',(0.308696921242303,2.325,1.34233937586588));
#12848=CARTESIAN_POINT('',(0.308696921242303,2.325,1.34233937586588));
#12849=CARTESIAN_POINT('',(4.8,2.325,1.34233937586588));
#12850=CARTESIAN_POINT('',(4.8,2.325,1.34233937586588));
#12851=CARTESIAN_POINT('',(4.8,2.325,-1.34233937586588));
#12852=CARTESIAN_POINT('',(4.8,2.325,1.34233937586588));
#12853=CARTESIAN_POINT('',(0.308696921242301,2.325,1.34233937586588));
#12854=CARTESIAN_POINT('',(0.172126153099514,1.91528769557682,1.57888688511491));
#12855=CARTESIAN_POINT('',(0.0672282311970644,1.33471894453748,1.91407840981055));
#12856=CARTESIAN_POINT('',(0.133688900490255,0.617882104729567,2.32794435223869));
#12857=CARTESIAN_POINT('',(0.238578003653423,0.210356752764021,2.5632292238976));
#12858=CARTESIAN_POINT('',(0.308696921242301,-1.30104260698261E-15,2.68467875173176));
#12859=CARTESIAN_POINT('',(0.308696921242302,-1.45551400033086E-15,2.68467875173176));
#12860=CARTESIAN_POINT('',(4.8,-1.45433611943074E-15,2.68467875173176));
#12861=CARTESIAN_POINT('',(4.8,-1.45433611943074E-15,2.68467875173176));
#12862=CARTESIAN_POINT('',(4.8,2.325,1.34233937586588));
#12863=CARTESIAN_POINT('',(4.8,-1.45433611943074E-15,2.68467875173176));
#12864=CARTESIAN_POINT('',(0.308696921242299,-1.45470880830929E-15,2.68467875173176));
#12865=CARTESIAN_POINT('',(0.172126153099512,-0.409712304423183,2.44813124248273));
#12866=CARTESIAN_POINT('',(0.0672282311970627,-0.990281055462517,2.11293971778709));
#12867=CARTESIAN_POINT('',(0.133688900490253,-1.70711789527045,1.69907377535894));
#12868=CARTESIAN_POINT('',(0.238578003653422,-2.11464324723599,1.46378890370004));
#12869=CARTESIAN_POINT('',(0.308696921242299,-2.325,1.34233937586588));
#12870=CARTESIAN_POINT('',(0.308696921242303,-2.325,1.34233937586588));
#12871=CARTESIAN_POINT('',(4.8,-2.325,1.34233937586588));
#12872=CARTESIAN_POINT('',(4.8,-2.325,1.34233937586588));
#12873=CARTESIAN_POINT('',(4.8,-1.45433611943074E-15,2.68467875173176));
#12874=CARTESIAN_POINT('',(4.8,-2.325,1.34233937586588));
#12875=CARTESIAN_POINT('',(0.308696921242303,-2.325,1.34233937586588));
#12876=CARTESIAN_POINT('',(0.240671721804568,-2.325,1.10669317262359));
#12877=CARTESIAN_POINT('',(0.14136536418133,-2.325,0.684745240467111));
#12878=CARTESIAN_POINT('',(0.082276054829527,-2.325,-0.0149510074855729));
#12879=CARTESIAN_POINT('',(0.135749198362353,-2.325,-0.631890035914238));
#12880=CARTESIAN_POINT('',(0.239330626563023,-2.325,-1.10204748243127));
#12881=CARTESIAN_POINT('',(0.308696921242303,-2.325,-1.34233937586588));
#12882=CARTESIAN_POINT('',(0.308696921242303,-2.325,-1.34233937586588));
#12883=CARTESIAN_POINT('',(4.8,-2.325,-1.34233937586588));
#12884=CARTESIAN_POINT('',(4.8,-2.325,-1.34233937586588));
#12885=CARTESIAN_POINT('',(4.8,-2.325,1.34233937586588));
#12886=CARTESIAN_POINT('',(4.8,-2.325,-1.34233937586588));
#12887=CARTESIAN_POINT('',(0.308696921242299,-2.325,-1.34233937586588));
#12888=CARTESIAN_POINT('',(0.172126153099865,-1.91528769557788,-1.57888688511429));
#12889=CARTESIAN_POINT('',(0.0672282311972071,-1.33471894453656,-1.91407840981108));
#12890=CARTESIAN_POINT('',(0.133688900489895,-0.617882104730734,-2.32794435223802));
#12891=CARTESIAN_POINT('',(0.238578003653257,-0.210356752764514,-2.56322922389731));
#12892=CARTESIAN_POINT('',(0.308696921242299,1.30104260698261E-15,-2.68467875173176));
#12893=CARTESIAN_POINT('',(4.8,-2.325,-1.34233937586588));
#12894=CARTESIAN_POINT('',(4.8,0.,0.));
#12895=CARTESIAN_POINT('',(0.,0.,0.));
#12896=CARTESIAN_POINT('',(4.5,0.,0.));
#12897=CARTESIAN_POINT('',(5.17915275768685,0.,0.));
#12898=CARTESIAN_POINT('',(11.8381641183653,-1.14773920618987,-0.140412057480604));
#12899=CARTESIAN_POINT('',(11.8030405324708,-1.19468607657078,0.243335355034294));
#12900=CARTESIAN_POINT('',(11.7723958342005,-1.00138185697738,0.578148084687499));
#12901=CARTESIAN_POINT('',(11.7194791675338,-0.66758790465159,1.156296169375));
#12902=CARTESIAN_POINT('',(11.6665625008672,0.,1.156296169375));
#12903=CARTESIAN_POINT('',(11.6136458342005,0.667587904651589,1.156296169375));
#12904=CARTESIAN_POINT('',(11.5607291675338,1.00138185697738,0.5781480846875));
#12905=CARTESIAN_POINT('',(11.5078125008672,1.33517580930318,8.17559390581057E-17));
#12906=CARTESIAN_POINT('',(11.4548958342005,1.00138185697738,-0.5781480846875));
#12907=CARTESIAN_POINT('',(11.4019791675338,0.66758790465159,-1.156296169375));
#12908=CARTESIAN_POINT('',(11.3490625008672,1.41605440269144E-16,-1.156296169375));
#12909=CARTESIAN_POINT('',(11.2961458342005,-0.667587904651589,-1.156296169375));
#12910=CARTESIAN_POINT('',(11.2432291675338,-1.00138185697738,-0.578148084687501));
#12911=CARTESIAN_POINT('',(11.1903125008672,-1.33517580930318,-2.45267817174317E-16));
#12912=CARTESIAN_POINT('',(11.1373958342005,-1.00138185697738,0.578148084687499));
#12913=CARTESIAN_POINT('',(11.0844791675338,-0.66758790465159,1.156296169375));
#12914=CARTESIAN_POINT('',(11.0315625008672,0.,1.156296169375));
#12915=CARTESIAN_POINT('',(10.9786458342005,0.667587904651589,1.156296169375));
#12916=CARTESIAN_POINT('',(10.9257291675338,1.00138185697738,0.5781480846875));
#12917=CARTESIAN_POINT('',(10.8728125008672,1.33517580930318,8.17559390581057E-17));
#12918=CARTESIAN_POINT('',(10.8198958342005,1.00138185697738,-0.5781480846875));
#12919=CARTESIAN_POINT('',(10.7669791675338,0.66758790465159,-1.156296169375));
#12920=CARTESIAN_POINT('',(10.7140625008672,1.41605440269144E-16,-1.156296169375));
#12921=CARTESIAN_POINT('',(10.6611458342005,-0.667587904651589,-1.156296169375));
#12922=CARTESIAN_POINT('',(10.6082291675338,-1.00138185697738,-0.578148084687501));
#12923=CARTESIAN_POINT('',(10.5553125008672,-1.33517580930318,-2.45267817174317E-16));
#12924=CARTESIAN_POINT('',(10.5023958342005,-1.00138185697738,0.578148084687499));
#12925=CARTESIAN_POINT('',(10.4494791675338,-0.66758790465159,1.156296169375));
#12926=CARTESIAN_POINT('',(10.3965625008672,0.,1.156296169375));
#12927=CARTESIAN_POINT('',(10.3436458342005,0.667587904651589,1.156296169375));
#12928=CARTESIAN_POINT('',(10.2907291675338,1.00138185697738,0.5781480846875));
#12929=CARTESIAN_POINT('',(10.2378125008672,1.33517580930318,8.17559390581057E-17));
#12930=CARTESIAN_POINT('',(10.1848958342005,1.00138185697738,-0.5781480846875));
#12931=CARTESIAN_POINT('',(10.1319791675338,0.66758790465159,-1.156296169375));
#12932=CARTESIAN_POINT('',(10.0790625008672,1.41605440269144E-16,-1.156296169375));
#12933=CARTESIAN_POINT('',(10.0261458342005,-0.667587904651589,-1.156296169375));
#12934=CARTESIAN_POINT('',(9.97322916753382,-1.00138185697738,-0.578148084687501));
#12935=CARTESIAN_POINT('',(9.92031250086715,-1.33517580930318,-2.45267817174317E-16));
#12936=CARTESIAN_POINT('',(9.86739583420049,-1.00138185697738,0.578148084687499));
#12937=CARTESIAN_POINT('',(9.81447916753382,-0.66758790465159,1.156296169375));
#12938=CARTESIAN_POINT('',(9.76156250086715,0.,1.156296169375));
#12939=CARTESIAN_POINT('',(9.70864583420049,0.667587904651589,1.156296169375));
#12940=CARTESIAN_POINT('',(9.65572916753382,1.00138185697738,0.5781480846875));
#12941=CARTESIAN_POINT('',(9.60281250086715,1.33517580930318,8.17559390581057E-17));
#12942=CARTESIAN_POINT('',(9.54989583420049,1.00138185697738,-0.5781480846875));
#12943=CARTESIAN_POINT('',(9.49697916753382,0.66758790465159,-1.156296169375));
#12944=CARTESIAN_POINT('',(9.44406250086715,1.41605440269144E-16,-1.156296169375));
#12945=CARTESIAN_POINT('',(9.39114583420048,-0.667587904651589,-1.156296169375));
#12946=CARTESIAN_POINT('',(9.33822916753382,-1.00138185697738,-0.578148084687501));
#12947=CARTESIAN_POINT('',(9.28531250086715,-1.33517580930318,-2.45267817174317E-16));
#12948=CARTESIAN_POINT('',(9.23239583420049,-1.00138185697738,0.578148084687499));
#12949=CARTESIAN_POINT('',(9.17947916753382,-0.66758790465159,1.156296169375));
#12950=CARTESIAN_POINT('',(9.12656250086715,0.,1.156296169375));
#12951=CARTESIAN_POINT('',(9.07364583420049,0.667587904651589,1.156296169375));
#12952=CARTESIAN_POINT('',(9.02072916753382,1.00138185697738,0.5781480846875));
#12953=CARTESIAN_POINT('',(8.96781250086715,1.33517580930318,8.17559390581057E-17));
#12954=CARTESIAN_POINT('',(8.91489583420049,1.00138185697738,-0.5781480846875));
#12955=CARTESIAN_POINT('',(8.86197916753382,0.66758790465159,-1.156296169375));
#12956=CARTESIAN_POINT('',(8.80906250086715,1.41605440269144E-16,-1.156296169375));
#12957=CARTESIAN_POINT('',(8.75614583420048,-0.667587904651589,-1.156296169375));
#12958=CARTESIAN_POINT('',(8.70322916753382,-1.00138185697738,-0.578148084687501));
#12959=CARTESIAN_POINT('',(8.65031250086715,-1.33517580930318,-2.45267817174317E-16));
#12960=CARTESIAN_POINT('',(8.59739583420049,-1.00138185697738,0.578148084687499));
#12961=CARTESIAN_POINT('',(8.54447916753382,-0.66758790465159,1.156296169375));
#12962=CARTESIAN_POINT('',(8.49156250086715,0.,1.156296169375));
#12963=CARTESIAN_POINT('',(8.43864583420049,0.667587904651589,1.156296169375));
#12964=CARTESIAN_POINT('',(8.38572916753382,1.00138185697738,0.5781480846875));
#12965=CARTESIAN_POINT('',(8.33281250086715,1.33517580930318,8.17559390581057E-17));
#12966=CARTESIAN_POINT('',(8.27989583420049,1.00138185697738,-0.5781480846875));
#12967=CARTESIAN_POINT('',(8.22697916753382,0.66758790465159,-1.156296169375));
#12968=CARTESIAN_POINT('',(8.17406250086715,1.41605440269144E-16,-1.156296169375));
#12969=CARTESIAN_POINT('',(8.12114583420049,-0.667587904651589,-1.156296169375));
#12970=CARTESIAN_POINT('',(8.06822916753382,-1.00138185697738,-0.578148084687501));
#12971=CARTESIAN_POINT('',(8.01531250086715,-1.33517580930318,-2.45267817174317E-16));
#12972=CARTESIAN_POINT('',(7.96239583420049,-1.00138185697738,0.578148084687499));
#12973=CARTESIAN_POINT('',(7.90947916753382,-0.66758790465159,1.156296169375));
#12974=CARTESIAN_POINT('',(7.85656250086715,0.,1.156296169375));
#12975=CARTESIAN_POINT('',(7.80364583420049,0.667587904651589,1.156296169375));
#12976=CARTESIAN_POINT('',(7.75072916753382,1.00138185697738,0.5781480846875));
#12977=CARTESIAN_POINT('',(7.69781250086715,1.33517580930318,8.17559390581057E-17));
#12978=CARTESIAN_POINT('',(7.64489583420049,1.00138185697738,-0.5781480846875));
#12979=CARTESIAN_POINT('',(7.59197916753382,0.66758790465159,-1.156296169375));
#12980=CARTESIAN_POINT('',(7.53906250086715,1.41605440269144E-16,-1.156296169375));
#12981=CARTESIAN_POINT('',(7.48614583420049,-0.667587904651589,-1.156296169375));
#12982=CARTESIAN_POINT('',(7.43322916753382,-1.00138185697738,-0.578148084687501));
#12983=CARTESIAN_POINT('',(7.38031250086715,-1.33517580930318,-2.45267817174317E-16));
#12984=CARTESIAN_POINT('',(7.32739583420048,-1.00138185697738,0.578148084687499));
#12985=CARTESIAN_POINT('',(7.27447916753382,-0.66758790465159,1.156296169375));
#12986=CARTESIAN_POINT('',(7.22156250086715,0.,1.156296169375));
#12987=CARTESIAN_POINT('',(7.16864583420049,0.667587904651589,1.156296169375));
#12988=CARTESIAN_POINT('',(7.11572916753382,1.00138185697738,0.5781480846875));
#12989=CARTESIAN_POINT('',(7.06281250086715,1.33517580930318,8.17559390581057E-17));
#12990=CARTESIAN_POINT('',(7.00989583420048,1.00138185697738,-0.5781480846875));
#12991=CARTESIAN_POINT('',(6.95697916753382,0.66758790465159,-1.156296169375));
#12992=CARTESIAN_POINT('',(6.90406250086715,1.41605440269144E-16,-1.156296169375));
#12993=CARTESIAN_POINT('',(6.85114583420049,-0.667587904651589,-1.156296169375));
#12994=CARTESIAN_POINT('',(6.79822916753382,-1.00138185697738,-0.578148084687501));
#12995=CARTESIAN_POINT('',(6.74531250086715,-1.33517580930318,-2.45267817174317E-16));
#12996=CARTESIAN_POINT('',(6.69239583420049,-1.00138185697738,0.578148084687499));
#12997=CARTESIAN_POINT('',(6.63947916753382,-0.66758790465159,1.156296169375));
#12998=CARTESIAN_POINT('',(6.58656250086715,0.,1.156296169375));
#12999=CARTESIAN_POINT('',(6.53364583420048,0.667587904651589,1.156296169375));
#13000=CARTESIAN_POINT('',(6.48072916753382,1.00138185697738,0.5781480846875));
#13001=CARTESIAN_POINT('',(6.42781250086715,1.33517580930318,8.17559390581057E-17));
#13002=CARTESIAN_POINT('',(6.37489583420049,1.00138185697738,-0.5781480846875));
#13003=CARTESIAN_POINT('',(6.32197916753382,0.66758790465159,-1.156296169375));
#13004=CARTESIAN_POINT('',(6.26906250086715,1.41605440269144E-16,-1.156296169375));
#13005=CARTESIAN_POINT('',(6.21614583420048,-0.667587904651589,-1.156296169375));
#13006=CARTESIAN_POINT('',(6.16322916753382,-1.00138185697738,-0.578148084687501));
#13007=CARTESIAN_POINT('',(6.11031250086715,-1.33517580930318,-2.45267817174317E-16));
#13008=CARTESIAN_POINT('',(6.05739583420049,-1.00138185697738,0.578148084687499));
#13009=CARTESIAN_POINT('',(6.00447916753382,-0.66758790465159,1.156296169375));
#13010=CARTESIAN_POINT('',(5.95156250086715,0.,1.156296169375));
#13011=CARTESIAN_POINT('',(5.89864583420048,0.667587904651589,1.156296169375));
#13012=CARTESIAN_POINT('',(5.84572916753382,1.00138185697738,0.5781480846875));
#13013=CARTESIAN_POINT('',(5.82537533629551,1.1297721393208,0.355769592470582));
#13014=CARTESIAN_POINT('',(5.80196072501367,1.1519682290426,0.0999501405089399));
#13015=CARTESIAN_POINT('',(12.0366016174981,-1.48889951803211,-0.182148909422358));
#13016=CARTESIAN_POINT('',(12.0014780316037,-1.54980113427582,0.315665693806399));
#13017=CARTESIAN_POINT('',(11.9708333333333,-1.29903810567666,0.749999999999999));
#13018=CARTESIAN_POINT('',(11.9179166666667,-0.866025403784439,1.5));
#13019=CARTESIAN_POINT('',(11.865,0.,1.5));
#13020=CARTESIAN_POINT('',(11.8120833333333,0.866025403784438,1.5));
#13021=CARTESIAN_POINT('',(11.7591666666667,1.29903810567666,0.75));
#13022=CARTESIAN_POINT('',(11.70625,1.73205080756888,1.06057523872491E-16));
#13023=CARTESIAN_POINT('',(11.6533333333333,1.29903810567666,-0.75));
#13024=CARTESIAN_POINT('',(11.6004166666667,0.866025403784439,-1.5));
#13025=CARTESIAN_POINT('',(11.5475,1.83697019872103E-16,-1.5));
#13026=CARTESIAN_POINT('',(11.4945833333333,-0.866025403784438,-1.5));
#13027=CARTESIAN_POINT('',(11.4416666666667,-1.29903810567666,-0.750000000000001));
#13028=CARTESIAN_POINT('',(11.38875,-1.73205080756888,-3.18172571617472E-16));
#13029=CARTESIAN_POINT('',(11.3358333333333,-1.29903810567666,0.749999999999999));
#13030=CARTESIAN_POINT('',(11.2829166666667,-0.866025403784439,1.5));
#13031=CARTESIAN_POINT('',(11.23,0.,1.5));
#13032=CARTESIAN_POINT('',(11.1770833333333,0.866025403784438,1.5));
#13033=CARTESIAN_POINT('',(11.1241666666667,1.29903810567666,0.75));
#13034=CARTESIAN_POINT('',(11.07125,1.73205080756888,1.06057523872491E-16));
#13035=CARTESIAN_POINT('',(11.0183333333333,1.29903810567666,-0.75));
#13036=CARTESIAN_POINT('',(10.9654166666667,0.866025403784439,-1.5));
#13037=CARTESIAN_POINT('',(10.9125,1.83697019872103E-16,-1.5));
#13038=CARTESIAN_POINT('',(10.8595833333333,-0.866025403784438,-1.5));
#13039=CARTESIAN_POINT('',(10.8066666666667,-1.29903810567666,-0.750000000000001));
#13040=CARTESIAN_POINT('',(10.75375,-1.73205080756888,-3.18172571617472E-16));
#13041=CARTESIAN_POINT('',(10.7008333333333,-1.29903810567666,0.749999999999999));
#13042=CARTESIAN_POINT('',(10.6479166666667,-0.866025403784439,1.5));
#13043=CARTESIAN_POINT('',(10.595,0.,1.5));
#13044=CARTESIAN_POINT('',(10.5420833333333,0.866025403784438,1.5));
#13045=CARTESIAN_POINT('',(10.4891666666667,1.29903810567666,0.75));
#13046=CARTESIAN_POINT('',(10.43625,1.73205080756888,1.06057523872491E-16));
#13047=CARTESIAN_POINT('',(10.3833333333333,1.29903810567666,-0.75));
#13048=CARTESIAN_POINT('',(10.3304166666667,0.866025403784439,-1.5));
#13049=CARTESIAN_POINT('',(10.2775,1.83697019872103E-16,-1.5));
#13050=CARTESIAN_POINT('',(10.2245833333333,-0.866025403784438,-1.5));
#13051=CARTESIAN_POINT('',(10.1716666666667,-1.29903810567666,-0.750000000000001));
#13052=CARTESIAN_POINT('',(10.11875,-1.73205080756888,-3.18172571617472E-16));
#13053=CARTESIAN_POINT('',(10.0658333333333,-1.29903810567666,0.749999999999999));
#13054=CARTESIAN_POINT('',(10.0129166666667,-0.866025403784439,1.5));
#13055=CARTESIAN_POINT('',(9.96,0.,1.5));
#13056=CARTESIAN_POINT('',(9.90708333333333,0.866025403784438,1.5));
#13057=CARTESIAN_POINT('',(9.85416666666667,1.29903810567666,0.75));
#13058=CARTESIAN_POINT('',(9.80125,1.73205080756888,1.06057523872491E-16));
#13059=CARTESIAN_POINT('',(9.74833333333333,1.29903810567666,-0.75));
#13060=CARTESIAN_POINT('',(9.69541666666667,0.866025403784439,-1.5));
#13061=CARTESIAN_POINT('',(9.6425,1.83697019872103E-16,-1.5));
#13062=CARTESIAN_POINT('',(9.58958333333333,-0.866025403784438,-1.5));
#13063=CARTESIAN_POINT('',(9.53666666666667,-1.29903810567666,-0.750000000000001));
#13064=CARTESIAN_POINT('',(9.48375,-1.73205080756888,-3.18172571617472E-16));
#13065=CARTESIAN_POINT('',(9.43083333333333,-1.29903810567666,0.749999999999999));
#13066=CARTESIAN_POINT('',(9.37791666666667,-0.866025403784439,1.5));
#13067=CARTESIAN_POINT('',(9.325,0.,1.5));
#13068=CARTESIAN_POINT('',(9.27208333333333,0.866025403784438,1.5));
#13069=CARTESIAN_POINT('',(9.21916666666667,1.29903810567666,0.75));
#13070=CARTESIAN_POINT('',(9.16625,1.73205080756888,1.06057523872491E-16));
#13071=CARTESIAN_POINT('',(9.11333333333334,1.29903810567666,-0.75));
#13072=CARTESIAN_POINT('',(9.06041666666667,0.866025403784439,-1.5));
#13073=CARTESIAN_POINT('',(9.0075,1.83697019872103E-16,-1.5));
#13074=CARTESIAN_POINT('',(8.95458333333333,-0.866025403784438,-1.5));
#13075=CARTESIAN_POINT('',(8.90166666666667,-1.29903810567666,-0.750000000000001));
#13076=CARTESIAN_POINT('',(8.84875,-1.73205080756888,-3.18172571617472E-16));
#13077=CARTESIAN_POINT('',(8.79583333333333,-1.29903810567666,0.749999999999999));
#13078=CARTESIAN_POINT('',(8.74291666666667,-0.866025403784439,1.5));
#13079=CARTESIAN_POINT('',(8.69,0.,1.5));
#13080=CARTESIAN_POINT('',(8.63708333333333,0.866025403784438,1.5));
#13081=CARTESIAN_POINT('',(8.58416666666667,1.29903810567666,0.75));
#13082=CARTESIAN_POINT('',(8.53125,1.73205080756888,1.06057523872491E-16));
#13083=CARTESIAN_POINT('',(8.47833333333333,1.29903810567666,-0.75));
#13084=CARTESIAN_POINT('',(8.42541666666667,0.866025403784439,-1.5));
#13085=CARTESIAN_POINT('',(8.3725,1.83697019872103E-16,-1.5));
#13086=CARTESIAN_POINT('',(8.31958333333334,-0.866025403784438,-1.5));
#13087=CARTESIAN_POINT('',(8.26666666666667,-1.29903810567666,-0.750000000000001));
#13088=CARTESIAN_POINT('',(8.21375,-1.73205080756888,-3.18172571617472E-16));
#13089=CARTESIAN_POINT('',(8.16083333333333,-1.29903810567666,0.749999999999999));
#13090=CARTESIAN_POINT('',(8.10791666666667,-0.866025403784439,1.5));
#13091=CARTESIAN_POINT('',(8.055,0.,1.5));
#13092=CARTESIAN_POINT('',(8.00208333333333,0.866025403784438,1.5));
#13093=CARTESIAN_POINT('',(7.94916666666667,1.29903810567666,0.75));
#13094=CARTESIAN_POINT('',(7.89625,1.73205080756888,1.06057523872491E-16));
#13095=CARTESIAN_POINT('',(7.84333333333333,1.29903810567666,-0.75));
#13096=CARTESIAN_POINT('',(7.79041666666667,0.866025403784439,-1.5));
#13097=CARTESIAN_POINT('',(7.7375,1.83697019872103E-16,-1.5));
#13098=CARTESIAN_POINT('',(7.68458333333334,-0.866025403784438,-1.5));
#13099=CARTESIAN_POINT('',(7.63166666666667,-1.29903810567666,-0.750000000000001));
#13100=CARTESIAN_POINT('',(7.57875,-1.73205080756888,-3.18172571617472E-16));
#13101=CARTESIAN_POINT('',(7.52583333333333,-1.29903810567666,0.749999999999999));
#13102=CARTESIAN_POINT('',(7.47291666666667,-0.866025403784439,1.5));
#13103=CARTESIAN_POINT('',(7.42,0.,1.5));
#13104=CARTESIAN_POINT('',(7.36708333333333,0.866025403784438,1.5));
#13105=CARTESIAN_POINT('',(7.31416666666667,1.29903810567666,0.75));
#13106=CARTESIAN_POINT('',(7.26125,1.73205080756888,1.06057523872491E-16));
#13107=CARTESIAN_POINT('',(7.20833333333333,1.29903810567666,-0.75));
#13108=CARTESIAN_POINT('',(7.15541666666667,0.866025403784439,-1.5));
#13109=CARTESIAN_POINT('',(7.1025,1.83697019872103E-16,-1.5));
#13110=CARTESIAN_POINT('',(7.04958333333333,-0.866025403784438,-1.5));
#13111=CARTESIAN_POINT('',(6.99666666666667,-1.29903810567666,-0.750000000000001));
#13112=CARTESIAN_POINT('',(6.94375,-1.73205080756888,-3.18172571617472E-16));
#13113=CARTESIAN_POINT('',(6.89083333333333,-1.29903810567666,0.749999999999999));
#13114=CARTESIAN_POINT('',(6.83791666666667,-0.866025403784439,1.5));
#13115=CARTESIAN_POINT('',(6.785,0.,1.5));
#13116=CARTESIAN_POINT('',(6.73208333333333,0.866025403784438,1.5));
#13117=CARTESIAN_POINT('',(6.67916666666667,1.29903810567666,0.75));
#13118=CARTESIAN_POINT('',(6.62625,1.73205080756888,1.06057523872491E-16));
#13119=CARTESIAN_POINT('',(6.57333333333333,1.29903810567666,-0.75));
#13120=CARTESIAN_POINT('',(6.52041666666667,0.866025403784439,-1.5));
#13121=CARTESIAN_POINT('',(6.4675,1.83697019872103E-16,-1.5));
#13122=CARTESIAN_POINT('',(6.41458333333333,-0.866025403784438,-1.5));
#13123=CARTESIAN_POINT('',(6.36166666666667,-1.29903810567666,-0.750000000000001));
#13124=CARTESIAN_POINT('',(6.30875,-1.73205080756888,-3.18172571617472E-16));
#13125=CARTESIAN_POINT('',(6.25583333333333,-1.29903810567666,0.749999999999999));
#13126=CARTESIAN_POINT('',(6.20291666666667,-0.866025403784439,1.5));
#13127=CARTESIAN_POINT('',(6.15,0.,1.5));
#13128=CARTESIAN_POINT('',(6.09708333333333,0.866025403784438,1.5));
#13129=CARTESIAN_POINT('',(6.04416666666667,1.29903810567666,0.75));
#13130=CARTESIAN_POINT('',(6.02381283542836,1.46559182142513,0.461520502134262));
#13131=CARTESIAN_POINT('',(6.00039822414651,1.49438559888847,0.129659869793089));
#13132=CARTESIAN_POINT('',(12.0377930708407,-1.49094790402598,-0.18239950475827));
#13133=CARTESIAN_POINT('',(12.0026694849462,-1.55193330699688,0.316099977771239));
#13134=CARTESIAN_POINT('',(11.9720247866759,-1.30082528569045,0.751031828862054));
#13135=CARTESIAN_POINT('',(11.9191081200092,-0.867216857126969,1.50206365772411));
#13136=CARTESIAN_POINT('',(11.8661914533425,0.,1.50206365772411));
#13137=CARTESIAN_POINT('',(11.8132747866759,0.867216857126968,1.50206365772411));
#13138=CARTESIAN_POINT('',(11.7603581200092,1.30082528569045,0.751031828862055));
#13139=CARTESIAN_POINT('',(11.7074414533425,1.73443371425394,1.06203434824717E-16));
#13140=CARTESIAN_POINT('',(11.6545247866759,1.30082528569045,-0.751031828862054));
#13141=CARTESIAN_POINT('',(11.6016081200092,0.867216857126969,-1.50206365772411));
#13142=CARTESIAN_POINT('',(11.5486914533425,1.8394974505474E-16,-1.50206365772411));
#13143=CARTESIAN_POINT('',(11.4957747866759,-0.867216857126968,-1.50206365772411));
#13144=CARTESIAN_POINT('',(11.4428581200092,-1.30082528569045,-0.751031828862055));
#13145=CARTESIAN_POINT('',(11.3899414533425,-1.73443371425394,-3.18610304474151E-16));
#13146=CARTESIAN_POINT('',(11.3370247866759,-1.30082528569045,0.751031828862054));
#13147=CARTESIAN_POINT('',(11.2841081200092,-0.867216857126969,1.50206365772411));
#13148=CARTESIAN_POINT('',(11.2311914533425,0.,1.50206365772411));
#13149=CARTESIAN_POINT('',(11.1782747866759,0.867216857126968,1.50206365772411));
#13150=CARTESIAN_POINT('',(11.1253581200092,1.30082528569045,0.751031828862055));
#13151=CARTESIAN_POINT('',(11.0724414533425,1.73443371425394,1.06203434824717E-16));
#13152=CARTESIAN_POINT('',(11.0195247866759,1.30082528569045,-0.751031828862054));
#13153=CARTESIAN_POINT('',(10.9666081200092,0.867216857126969,-1.50206365772411));
#13154=CARTESIAN_POINT('',(10.9136914533425,1.8394974505474E-16,-1.50206365772411));
#13155=CARTESIAN_POINT('',(10.8607747866759,-0.867216857126968,-1.50206365772411));
#13156=CARTESIAN_POINT('',(10.8078581200092,-1.30082528569045,-0.751031828862055));
#13157=CARTESIAN_POINT('',(10.7549414533425,-1.73443371425394,-3.18610304474151E-16));
#13158=CARTESIAN_POINT('',(10.7020247866759,-1.30082528569045,0.751031828862054));
#13159=CARTESIAN_POINT('',(10.6491081200092,-0.867216857126969,1.50206365772411));
#13160=CARTESIAN_POINT('',(10.5961914533425,0.,1.50206365772411));
#13161=CARTESIAN_POINT('',(10.5432747866759,0.867216857126968,1.50206365772411));
#13162=CARTESIAN_POINT('',(10.4903581200092,1.30082528569045,0.751031828862055));
#13163=CARTESIAN_POINT('',(10.4374414533425,1.73443371425394,1.06203434824717E-16));
#13164=CARTESIAN_POINT('',(10.3845247866759,1.30082528569045,-0.751031828862054));
#13165=CARTESIAN_POINT('',(10.3316081200092,0.867216857126969,-1.50206365772411));
#13166=CARTESIAN_POINT('',(10.2786914533425,1.8394974505474E-16,-1.50206365772411));
#13167=CARTESIAN_POINT('',(10.2257747866759,-0.867216857126968,-1.50206365772411));
#13168=CARTESIAN_POINT('',(10.1728581200092,-1.30082528569045,-0.751031828862055));
#13169=CARTESIAN_POINT('',(10.1199414533425,-1.73443371425394,-3.18610304474151E-16));
#13170=CARTESIAN_POINT('',(10.0670247866759,-1.30082528569045,0.751031828862054));
#13171=CARTESIAN_POINT('',(10.0141081200092,-0.867216857126969,1.50206365772411));
#13172=CARTESIAN_POINT('',(9.96119145334253,0.,1.50206365772411));
#13173=CARTESIAN_POINT('',(9.90827478667586,0.867216857126968,1.50206365772411));
#13174=CARTESIAN_POINT('',(9.85535812000919,1.30082528569045,0.751031828862055));
#13175=CARTESIAN_POINT('',(9.80244145334253,1.73443371425394,1.06203434824717E-16));
#13176=CARTESIAN_POINT('',(9.74952478667586,1.30082528569045,-0.751031828862054));
#13177=CARTESIAN_POINT('',(9.6966081200092,0.867216857126969,-1.50206365772411));
#13178=CARTESIAN_POINT('',(9.64369145334253,1.8394974505474E-16,-1.50206365772411));
#13179=CARTESIAN_POINT('',(9.59077478667586,-0.867216857126968,-1.50206365772411));
#13180=CARTESIAN_POINT('',(9.5378581200092,-1.30082528569045,-0.751031828862055));
#13181=CARTESIAN_POINT('',(9.48494145334253,-1.73443371425394,-3.18610304474151E-16));
#13182=CARTESIAN_POINT('',(9.43202478667586,-1.30082528569045,0.751031828862054));
#13183=CARTESIAN_POINT('',(9.3791081200092,-0.867216857126969,1.50206365772411));
#13184=CARTESIAN_POINT('',(9.32619145334253,0.,1.50206365772411));
#13185=CARTESIAN_POINT('',(9.27327478667586,0.867216857126968,1.50206365772411));
#13186=CARTESIAN_POINT('',(9.22035812000919,1.30082528569045,0.751031828862055));
#13187=CARTESIAN_POINT('',(9.16744145334253,1.73443371425394,1.06203434824717E-16));
#13188=CARTESIAN_POINT('',(9.11452478667586,1.30082528569045,-0.751031828862054));
#13189=CARTESIAN_POINT('',(9.0616081200092,0.867216857126969,-1.50206365772411));
#13190=CARTESIAN_POINT('',(9.00869145334253,1.8394974505474E-16,-1.50206365772411));
#13191=CARTESIAN_POINT('',(8.95577478667586,-0.867216857126968,-1.50206365772411));
#13192=CARTESIAN_POINT('',(8.9028581200092,-1.30082528569045,-0.751031828862055));
#13193=CARTESIAN_POINT('',(8.84994145334253,-1.73443371425394,-3.18610304474151E-16));
#13194=CARTESIAN_POINT('',(8.79702478667586,-1.30082528569045,0.751031828862054));
#13195=CARTESIAN_POINT('',(8.7441081200092,-0.867216857126969,1.50206365772411));
#13196=CARTESIAN_POINT('',(8.69119145334253,0.,1.50206365772411));
#13197=CARTESIAN_POINT('',(8.63827478667586,0.867216857126968,1.50206365772411));
#13198=CARTESIAN_POINT('',(8.5853581200092,1.30082528569045,0.751031828862055));
#13199=CARTESIAN_POINT('',(8.53244145334253,1.73443371425394,1.06203434824717E-16));
#13200=CARTESIAN_POINT('',(8.47952478667586,1.30082528569045,-0.751031828862054));
#13201=CARTESIAN_POINT('',(8.4266081200092,0.867216857126969,-1.50206365772411));
#13202=CARTESIAN_POINT('',(8.37369145334253,1.8394974505474E-16,-1.50206365772411));
#13203=CARTESIAN_POINT('',(8.32077478667587,-0.867216857126968,-1.50206365772411));
#13204=CARTESIAN_POINT('',(8.2678581200092,-1.30082528569045,-0.751031828862055));
#13205=CARTESIAN_POINT('',(8.21494145334253,-1.73443371425394,-3.18610304474151E-16));
#13206=CARTESIAN_POINT('',(8.16202478667586,-1.30082528569045,0.751031828862054));
#13207=CARTESIAN_POINT('',(8.1091081200092,-0.867216857126969,1.50206365772411));
#13208=CARTESIAN_POINT('',(8.05619145334253,0.,1.50206365772411));
#13209=CARTESIAN_POINT('',(8.00327478667586,0.867216857126968,1.50206365772411));
#13210=CARTESIAN_POINT('',(7.9503581200092,1.30082528569045,0.751031828862055));
#13211=CARTESIAN_POINT('',(7.89744145334253,1.73443371425394,1.06203434824717E-16));
#13212=CARTESIAN_POINT('',(7.84452478667586,1.30082528569045,-0.751031828862054));
#13213=CARTESIAN_POINT('',(7.7916081200092,0.867216857126969,-1.50206365772411));
#13214=CARTESIAN_POINT('',(7.73869145334253,1.8394974505474E-16,-1.50206365772411));
#13215=CARTESIAN_POINT('',(7.68577478667586,-0.867216857126968,-1.50206365772411));
#13216=CARTESIAN_POINT('',(7.6328581200092,-1.30082528569045,-0.751031828862055));
#13217=CARTESIAN_POINT('',(7.57994145334253,-1.73443371425394,-3.18610304474151E-16));
#13218=CARTESIAN_POINT('',(7.52702478667586,-1.30082528569045,0.751031828862054));
#13219=CARTESIAN_POINT('',(7.4741081200092,-0.867216857126969,1.50206365772411));
#13220=CARTESIAN_POINT('',(7.42119145334253,0.,1.50206365772411));
#13221=CARTESIAN_POINT('',(7.36827478667586,0.867216857126968,1.50206365772411));
#13222=CARTESIAN_POINT('',(7.3153581200092,1.30082528569045,0.751031828862055));
#13223=CARTESIAN_POINT('',(7.26244145334253,1.73443371425394,1.06203434824717E-16));
#13224=CARTESIAN_POINT('',(7.20952478667586,1.30082528569045,-0.751031828862054));
#13225=CARTESIAN_POINT('',(7.1566081200092,0.867216857126969,-1.50206365772411));
#13226=CARTESIAN_POINT('',(7.10369145334253,1.8394974505474E-16,-1.50206365772411));
#13227=CARTESIAN_POINT('',(7.05077478667586,-0.867216857126968,-1.50206365772411));
#13228=CARTESIAN_POINT('',(6.9978581200092,-1.30082528569045,-0.751031828862055));
#13229=CARTESIAN_POINT('',(6.94494145334253,-1.73443371425394,-3.18610304474151E-16));
#13230=CARTESIAN_POINT('',(6.89202478667586,-1.30082528569045,0.751031828862054));
#13231=CARTESIAN_POINT('',(6.8391081200092,-0.867216857126969,1.50206365772411));
#13232=CARTESIAN_POINT('',(6.78619145334253,0.,1.50206365772411));
#13233=CARTESIAN_POINT('',(6.73327478667586,0.867216857126968,1.50206365772411));
#13234=CARTESIAN_POINT('',(6.6803581200092,1.30082528569045,0.751031828862055));
#13235=CARTESIAN_POINT('',(6.62744145334253,1.73443371425394,1.06203434824717E-16));
#13236=CARTESIAN_POINT('',(6.57452478667586,1.30082528569045,-0.751031828862054));
#13237=CARTESIAN_POINT('',(6.5216081200092,0.867216857126969,-1.50206365772411));
#13238=CARTESIAN_POINT('',(6.46869145334253,1.8394974505474E-16,-1.50206365772411));
#13239=CARTESIAN_POINT('',(6.41577478667586,-0.867216857126968,-1.50206365772411));
#13240=CARTESIAN_POINT('',(6.3628581200092,-1.30082528569045,-0.751031828862055));
#13241=CARTESIAN_POINT('',(6.30994145334253,-1.73443371425394,-3.18610304474151E-16));
#13242=CARTESIAN_POINT('',(6.25702478667586,-1.30082528569045,0.751031828862054));
#13243=CARTESIAN_POINT('',(6.2041081200092,-0.867216857126969,1.50206365772411));
#13244=CARTESIAN_POINT('',(6.15119145334253,0.,1.50206365772411));
#13245=CARTESIAN_POINT('',(6.09827478667586,0.867216857126968,1.50206365772411));
#13246=CARTESIAN_POINT('',(6.0453581200092,1.30082528569045,0.751031828862055));
#13247=CARTESIAN_POINT('',(6.02500428877089,1.46760814134691,0.462155449033638));
#13248=CARTESIAN_POINT('',(6.00158967748904,1.49644153247776,0.129838252187626));
#13249=CARTESIAN_POINT('',(5.80196072501369,1.1519682290426,0.0999501405089397));
#13250=CARTESIAN_POINT('',(5.86810765999396,1.26610735233532,0.109853383479559));
#13251=CARTESIAN_POINT('',(5.93425459497423,1.38024647562805,0.119756626450177));
#13252=CARTESIAN_POINT('',(6.0004015299545,1.49438559892077,0.129659869420796));
#13253=CARTESIAN_POINT('',(5.80196072506008,1.1519681935416,0.0999505493633509));
#13254=CARTESIAN_POINT('',(11.8,-1.12273688347198,0.276555097228255));
#13255=CARTESIAN_POINT('',(11.7854093773147,-1.08347020954183,0.435966887336261));
#13256=CARTESIAN_POINT('',(11.7723958342005,-1.00138185697738,0.578148084687499));
#13257=CARTESIAN_POINT('',(11.7194791675338,-0.66758790465159,1.156296169375));
#13258=CARTESIAN_POINT('',(11.6665625008672,0.,1.156296169375));
#13259=CARTESIAN_POINT('',(11.6136458342005,0.667587904651589,1.156296169375));
#13260=CARTESIAN_POINT('',(11.5607291675338,1.00138185697738,0.5781480846875));
#13261=CARTESIAN_POINT('',(11.5078125008672,1.33517580930318,8.17559390581057E-17));
#13262=CARTESIAN_POINT('',(11.4548958342005,1.00138185697738,-0.5781480846875));
#13263=CARTESIAN_POINT('',(11.4019791675338,0.66758790465159,-1.156296169375));
#13264=CARTESIAN_POINT('',(11.3490625008672,1.41605440269144E-16,-1.156296169375));
#13265=CARTESIAN_POINT('',(11.2961458342005,-0.667587904651589,-1.156296169375));
#13266=CARTESIAN_POINT('',(11.2432291675338,-1.00138185697738,-0.578148084687501));
#13267=CARTESIAN_POINT('',(11.1903125008672,-1.33517580930318,-2.45267817174317E-16));
#13268=CARTESIAN_POINT('',(11.1373958342005,-1.00138185697738,0.578148084687499));
#13269=CARTESIAN_POINT('',(11.0844791675338,-0.66758790465159,1.156296169375));
#13270=CARTESIAN_POINT('',(11.0315625008672,0.,1.156296169375));
#13271=CARTESIAN_POINT('',(10.9786458342005,0.667587904651589,1.156296169375));
#13272=CARTESIAN_POINT('',(10.9257291675338,1.00138185697738,0.5781480846875));
#13273=CARTESIAN_POINT('',(10.8728125008672,1.33517580930318,8.17559390581057E-17));
#13274=CARTESIAN_POINT('',(10.8198958342005,1.00138185697738,-0.5781480846875));
#13275=CARTESIAN_POINT('',(10.7669791675338,0.66758790465159,-1.156296169375));
#13276=CARTESIAN_POINT('',(10.7140625008672,1.41605440269144E-16,-1.156296169375));
#13277=CARTESIAN_POINT('',(10.6611458342005,-0.667587904651589,-1.156296169375));
#13278=CARTESIAN_POINT('',(10.6082291675338,-1.00138185697738,-0.578148084687501));
#13279=CARTESIAN_POINT('',(10.5553125008672,-1.33517580930318,-2.45267817174317E-16));
#13280=CARTESIAN_POINT('',(10.5023958342005,-1.00138185697738,0.578148084687499));
#13281=CARTESIAN_POINT('',(10.4494791675338,-0.66758790465159,1.156296169375));
#13282=CARTESIAN_POINT('',(10.3965625008672,0.,1.156296169375));
#13283=CARTESIAN_POINT('',(10.3436458342005,0.667587904651589,1.156296169375));
#13284=CARTESIAN_POINT('',(10.2907291675338,1.00138185697738,0.5781480846875));
#13285=CARTESIAN_POINT('',(10.2378125008672,1.33517580930318,8.17559390581057E-17));
#13286=CARTESIAN_POINT('',(10.1848958342005,1.00138185697738,-0.5781480846875));
#13287=CARTESIAN_POINT('',(10.1319791675338,0.66758790465159,-1.156296169375));
#13288=CARTESIAN_POINT('',(10.0790625008672,1.41605440269144E-16,-1.156296169375));
#13289=CARTESIAN_POINT('',(10.0261458342005,-0.667587904651589,-1.156296169375));
#13290=CARTESIAN_POINT('',(9.97322916753382,-1.00138185697738,-0.578148084687501));
#13291=CARTESIAN_POINT('',(9.92031250086715,-1.33517580930318,-2.45267817174317E-16));
#13292=CARTESIAN_POINT('',(9.86739583420049,-1.00138185697738,0.578148084687499));
#13293=CARTESIAN_POINT('',(9.81447916753382,-0.66758790465159,1.156296169375));
#13294=CARTESIAN_POINT('',(9.76156250086715,0.,1.156296169375));
#13295=CARTESIAN_POINT('',(9.70864583420049,0.667587904651589,1.156296169375));
#13296=CARTESIAN_POINT('',(9.65572916753382,1.00138185697738,0.5781480846875));
#13297=CARTESIAN_POINT('',(9.60281250086715,1.33517580930318,8.17559390581057E-17));
#13298=CARTESIAN_POINT('',(9.54989583420049,1.00138185697738,-0.5781480846875));
#13299=CARTESIAN_POINT('',(9.49697916753382,0.66758790465159,-1.156296169375));
#13300=CARTESIAN_POINT('',(9.44406250086715,1.41605440269144E-16,-1.156296169375));
#13301=CARTESIAN_POINT('',(9.39114583420048,-0.667587904651589,-1.156296169375));
#13302=CARTESIAN_POINT('',(9.33822916753382,-1.00138185697738,-0.578148084687501));
#13303=CARTESIAN_POINT('',(9.28531250086715,-1.33517580930318,-2.45267817174317E-16));
#13304=CARTESIAN_POINT('',(9.23239583420049,-1.00138185697738,0.578148084687499));
#13305=CARTESIAN_POINT('',(9.17947916753382,-0.66758790465159,1.156296169375));
#13306=CARTESIAN_POINT('',(9.12656250086715,0.,1.156296169375));
#13307=CARTESIAN_POINT('',(9.07364583420049,0.667587904651589,1.156296169375));
#13308=CARTESIAN_POINT('',(9.02072916753382,1.00138185697738,0.5781480846875));
#13309=CARTESIAN_POINT('',(8.96781250086715,1.33517580930318,8.17559390581057E-17));
#13310=CARTESIAN_POINT('',(8.91489583420049,1.00138185697738,-0.5781480846875));
#13311=CARTESIAN_POINT('',(8.86197916753382,0.66758790465159,-1.156296169375));
#13312=CARTESIAN_POINT('',(8.80906250086715,1.41605440269144E-16,-1.156296169375));
#13313=CARTESIAN_POINT('',(8.75614583420048,-0.667587904651589,-1.156296169375));
#13314=CARTESIAN_POINT('',(8.70322916753382,-1.00138185697738,-0.578148084687501));
#13315=CARTESIAN_POINT('',(8.65031250086715,-1.33517580930318,-2.45267817174317E-16));
#13316=CARTESIAN_POINT('',(8.59739583420049,-1.00138185697738,0.578148084687499));
#13317=CARTESIAN_POINT('',(8.54447916753382,-0.66758790465159,1.156296169375));
#13318=CARTESIAN_POINT('',(8.49156250086715,0.,1.156296169375));
#13319=CARTESIAN_POINT('',(8.43864583420048,0.667587904651589,1.156296169375));
#13320=CARTESIAN_POINT('',(8.38572916753382,1.00138185697738,0.5781480846875));
#13321=CARTESIAN_POINT('',(8.33281250086715,1.33517580930318,8.17559390581057E-17));
#13322=CARTESIAN_POINT('',(8.27989583420049,1.00138185697738,-0.5781480846875));
#13323=CARTESIAN_POINT('',(8.22697916753382,0.66758790465159,-1.156296169375));
#13324=CARTESIAN_POINT('',(8.17406250086715,1.41605440269144E-16,-1.156296169375));
#13325=CARTESIAN_POINT('',(8.12114583420049,-0.667587904651589,-1.156296169375));
#13326=CARTESIAN_POINT('',(8.06822916753382,-1.00138185697738,-0.578148084687501));
#13327=CARTESIAN_POINT('',(8.01531250086715,-1.33517580930318,-2.45267817174317E-16));
#13328=CARTESIAN_POINT('',(7.96239583420049,-1.00138185697738,0.578148084687499));
#13329=CARTESIAN_POINT('',(7.90947916753382,-0.66758790465159,1.156296169375));
#13330=CARTESIAN_POINT('',(7.85656250086715,0.,1.156296169375));
#13331=CARTESIAN_POINT('',(7.80364583420049,0.667587904651589,1.156296169375));
#13332=CARTESIAN_POINT('',(7.75072916753382,1.00138185697738,0.5781480846875));
#13333=CARTESIAN_POINT('',(7.69781250086715,1.33517580930318,8.17559390581057E-17));
#13334=CARTESIAN_POINT('',(7.64489583420049,1.00138185697738,-0.5781480846875));
#13335=CARTESIAN_POINT('',(7.59197916753382,0.66758790465159,-1.156296169375));
#13336=CARTESIAN_POINT('',(7.53906250086715,1.41605440269144E-16,-1.156296169375));
#13337=CARTESIAN_POINT('',(7.48614583420049,-0.667587904651589,-1.156296169375));
#13338=CARTESIAN_POINT('',(7.43322916753382,-1.00138185697738,-0.578148084687501));
#13339=CARTESIAN_POINT('',(7.38031250086715,-1.33517580930318,-2.45267817174317E-16));
#13340=CARTESIAN_POINT('',(7.32739583420048,-1.00138185697738,0.578148084687499));
#13341=CARTESIAN_POINT('',(7.27447916753382,-0.66758790465159,1.156296169375));
#13342=CARTESIAN_POINT('',(7.22156250086715,0.,1.156296169375));
#13343=CARTESIAN_POINT('',(7.16864583420049,0.667587904651589,1.156296169375));
#13344=CARTESIAN_POINT('',(7.11572916753382,1.00138185697738,0.5781480846875));
#13345=CARTESIAN_POINT('',(7.06281250086715,1.33517580930318,8.17559390581057E-17));
#13346=CARTESIAN_POINT('',(7.00989583420048,1.00138185697738,-0.5781480846875));
#13347=CARTESIAN_POINT('',(6.95697916753382,0.66758790465159,-1.156296169375));
#13348=CARTESIAN_POINT('',(6.90406250086715,1.41605440269144E-16,-1.156296169375));
#13349=CARTESIAN_POINT('',(6.85114583420049,-0.667587904651589,-1.156296169375));
#13350=CARTESIAN_POINT('',(6.79822916753382,-1.00138185697738,-0.578148084687501));
#13351=CARTESIAN_POINT('',(6.74531250086715,-1.33517580930318,-2.45267817174317E-16));
#13352=CARTESIAN_POINT('',(6.69239583420049,-1.00138185697738,0.578148084687499));
#13353=CARTESIAN_POINT('',(6.63947916753382,-0.66758790465159,1.156296169375));
#13354=CARTESIAN_POINT('',(6.58656250086715,0.,1.156296169375));
#13355=CARTESIAN_POINT('',(6.53364583420048,0.667587904651589,1.156296169375));
#13356=CARTESIAN_POINT('',(6.48072916753382,1.00138185697738,0.5781480846875));
#13357=CARTESIAN_POINT('',(6.42781250086715,1.33517580930318,8.17559390581057E-17));
#13358=CARTESIAN_POINT('',(6.37489583420049,1.00138185697738,-0.5781480846875));
#13359=CARTESIAN_POINT('',(6.32197916753382,0.66758790465159,-1.156296169375));
#13360=CARTESIAN_POINT('',(6.26906250086715,1.41605440269144E-16,-1.156296169375));
#13361=CARTESIAN_POINT('',(6.21614583420048,-0.667587904651589,-1.156296169375));
#13362=CARTESIAN_POINT('',(6.16322916753382,-1.00138185697738,-0.578148084687501));
#13363=CARTESIAN_POINT('',(6.11031250086715,-1.33517580930318,-2.45267817174317E-16));
#13364=CARTESIAN_POINT('',(6.05739583420049,-1.00138185697738,0.578148084687499));
#13365=CARTESIAN_POINT('',(6.00447916753382,-0.66758790465159,1.156296169375));
#13366=CARTESIAN_POINT('',(5.95156250086715,0.,1.156296169375));
#13367=CARTESIAN_POINT('',(5.89864583420049,0.667587904651589,1.156296169375));
#13368=CARTESIAN_POINT('',(5.84572916753382,1.00138185697738,0.5781480846875));
#13369=CARTESIAN_POINT('',(5.82537533629552,1.12977213932073,0.355769592470706));
#13370=CARTESIAN_POINT('',(5.80196072501369,1.1519682290426,0.0999501405089397));
#13371=CARTESIAN_POINT('',(10.8758406078431,-2.99610154923212E-16,-2.26433612338902E-17));
#13372=CARTESIAN_POINT('',(5.64321139459627,1.15196674813169,0.0999672007102176));
#13373=CARTESIAN_POINT('',(5.6961278381306,1.15196719443399,0.099962059115673));
#13374=CARTESIAN_POINT('',(5.74904428157214,1.1519677117383,0.0999560998123063));
#13375=CARTESIAN_POINT('',(5.80196072501369,1.1519682290426,0.0999501405089397));
#13376=CARTESIAN_POINT('',(5.64321139459627,1.15196674813169,0.0999672007102179));
#13377=CARTESIAN_POINT('',(11.8,-0.296948659690626,-1.11751614074216));
#13378=CARTESIAN_POINT('',(11.7575553205448,-0.761200636135483,-0.994154162209594));
#13379=CARTESIAN_POINT('',(11.7194791675338,-1.00138185697738,-0.578148084687501));
#13380=CARTESIAN_POINT('',(11.6665625008672,-1.33517580930318,-2.45267817174317E-16));
#13381=CARTESIAN_POINT('',(11.6136458342005,-1.00138185697738,0.578148084687499));
#13382=CARTESIAN_POINT('',(11.5607291675338,-0.66758790465159,1.156296169375));
#13383=CARTESIAN_POINT('',(11.5078125008672,0.,1.156296169375));
#13384=CARTESIAN_POINT('',(11.4548958342005,0.667587904651589,1.156296169375));
#13385=CARTESIAN_POINT('',(11.4019791675338,1.00138185697738,0.5781480846875));
#13386=CARTESIAN_POINT('',(11.3490625008672,1.33517580930318,8.17559390581057E-17));
#13387=CARTESIAN_POINT('',(11.2961458342005,1.00138185697738,-0.5781480846875));
#13388=CARTESIAN_POINT('',(11.2432291675338,0.66758790465159,-1.156296169375));
#13389=CARTESIAN_POINT('',(11.1903125008672,1.41605440269144E-16,-1.156296169375));
#13390=CARTESIAN_POINT('',(11.1373958342005,-0.667587904651589,-1.156296169375));
#13391=CARTESIAN_POINT('',(11.0844791675338,-1.00138185697738,-0.578148084687501));
#13392=CARTESIAN_POINT('',(11.0315625008672,-1.33517580930318,-2.45267817174317E-16));
#13393=CARTESIAN_POINT('',(10.9786458342005,-1.00138185697738,0.578148084687499));
#13394=CARTESIAN_POINT('',(10.9257291675338,-0.66758790465159,1.156296169375));
#13395=CARTESIAN_POINT('',(10.8728125008672,0.,1.156296169375));
#13396=CARTESIAN_POINT('',(10.8198958342005,0.667587904651589,1.156296169375));
#13397=CARTESIAN_POINT('',(10.7669791675338,1.00138185697738,0.5781480846875));
#13398=CARTESIAN_POINT('',(10.7140625008672,1.33517580930318,8.17559390581057E-17));
#13399=CARTESIAN_POINT('',(10.6611458342005,1.00138185697738,-0.5781480846875));
#13400=CARTESIAN_POINT('',(10.6082291675338,0.66758790465159,-1.156296169375));
#13401=CARTESIAN_POINT('',(10.5553125008672,1.41605440269144E-16,-1.156296169375));
#13402=CARTESIAN_POINT('',(10.5023958342005,-0.667587904651589,-1.156296169375));
#13403=CARTESIAN_POINT('',(10.4494791675338,-1.00138185697738,-0.578148084687501));
#13404=CARTESIAN_POINT('',(10.3965625008672,-1.33517580930318,-2.45267817174317E-16));
#13405=CARTESIAN_POINT('',(10.3436458342005,-1.00138185697738,0.578148084687499));
#13406=CARTESIAN_POINT('',(10.2907291675338,-0.66758790465159,1.156296169375));
#13407=CARTESIAN_POINT('',(10.2378125008672,0.,1.156296169375));
#13408=CARTESIAN_POINT('',(10.1848958342005,0.667587904651589,1.156296169375));
#13409=CARTESIAN_POINT('',(10.1319791675338,1.00138185697738,0.5781480846875));
#13410=CARTESIAN_POINT('',(10.0790625008672,1.33517580930318,8.17559390581057E-17));
#13411=CARTESIAN_POINT('',(10.0261458342005,1.00138185697738,-0.5781480846875));
#13412=CARTESIAN_POINT('',(9.97322916753382,0.66758790465159,-1.156296169375));
#13413=CARTESIAN_POINT('',(9.92031250086715,1.41605440269144E-16,-1.156296169375));
#13414=CARTESIAN_POINT('',(9.86739583420049,-0.667587904651589,-1.156296169375));
#13415=CARTESIAN_POINT('',(9.81447916753382,-1.00138185697738,-0.578148084687501));
#13416=CARTESIAN_POINT('',(9.76156250086715,-1.33517580930318,-2.45267817174317E-16));
#13417=CARTESIAN_POINT('',(9.70864583420049,-1.00138185697738,0.578148084687499));
#13418=CARTESIAN_POINT('',(9.65572916753382,-0.66758790465159,1.156296169375));
#13419=CARTESIAN_POINT('',(9.60281250086715,0.,1.156296169375));
#13420=CARTESIAN_POINT('',(9.54989583420049,0.667587904651589,1.156296169375));
#13421=CARTESIAN_POINT('',(9.49697916753382,1.00138185697738,0.5781480846875));
#13422=CARTESIAN_POINT('',(9.44406250086715,1.33517580930318,8.17559390581057E-17));
#13423=CARTESIAN_POINT('',(9.39114583420049,1.00138185697738,-0.5781480846875));
#13424=CARTESIAN_POINT('',(9.33822916753382,0.66758790465159,-1.156296169375));
#13425=CARTESIAN_POINT('',(9.28531250086715,1.41605440269144E-16,-1.156296169375));
#13426=CARTESIAN_POINT('',(9.23239583420049,-0.667587904651589,-1.156296169375));
#13427=CARTESIAN_POINT('',(9.17947916753382,-1.00138185697738,-0.578148084687501));
#13428=CARTESIAN_POINT('',(9.12656250086715,-1.33517580930318,-2.45267817174317E-16));
#13429=CARTESIAN_POINT('',(9.07364583420049,-1.00138185697738,0.578148084687499));
#13430=CARTESIAN_POINT('',(9.02072916753382,-0.66758790465159,1.156296169375));
#13431=CARTESIAN_POINT('',(8.96781250086715,0.,1.156296169375));
#13432=CARTESIAN_POINT('',(8.91489583420049,0.667587904651589,1.156296169375));
#13433=CARTESIAN_POINT('',(8.86197916753382,1.00138185697738,0.5781480846875));
#13434=CARTESIAN_POINT('',(8.80906250086715,1.33517580930318,8.17559390581057E-17));
#13435=CARTESIAN_POINT('',(8.75614583420049,1.00138185697738,-0.5781480846875));
#13436=CARTESIAN_POINT('',(8.70322916753382,0.66758790465159,-1.156296169375));
#13437=CARTESIAN_POINT('',(8.65031250086715,1.41605440269144E-16,-1.156296169375));
#13438=CARTESIAN_POINT('',(8.59739583420049,-0.667587904651589,-1.156296169375));
#13439=CARTESIAN_POINT('',(8.54447916753382,-1.00138185697738,-0.578148084687501));
#13440=CARTESIAN_POINT('',(8.49156250086715,-1.33517580930318,-2.45267817174317E-16));
#13441=CARTESIAN_POINT('',(8.43864583420049,-1.00138185697738,0.578148084687499));
#13442=CARTESIAN_POINT('',(8.38572916753382,-0.66758790465159,1.156296169375));
#13443=CARTESIAN_POINT('',(8.33281250086715,0.,1.156296169375));
#13444=CARTESIAN_POINT('',(8.27989583420049,0.667587904651589,1.156296169375));
#13445=CARTESIAN_POINT('',(8.22697916753382,1.00138185697738,0.5781480846875));
#13446=CARTESIAN_POINT('',(8.17406250086716,1.33517580930318,8.17559390581057E-17));
#13447=CARTESIAN_POINT('',(8.12114583420049,1.00138185697738,-0.5781480846875));
#13448=CARTESIAN_POINT('',(8.06822916753382,0.66758790465159,-1.156296169375));
#13449=CARTESIAN_POINT('',(8.01531250086715,1.41605440269144E-16,-1.156296169375));
#13450=CARTESIAN_POINT('',(7.96239583420049,-0.667587904651589,-1.156296169375));
#13451=CARTESIAN_POINT('',(7.90947916753382,-1.00138185697738,-0.578148084687501));
#13452=CARTESIAN_POINT('',(7.85656250086715,-1.33517580930318,-2.45267817174317E-16));
#13453=CARTESIAN_POINT('',(7.80364583420049,-1.00138185697738,0.578148084687499));
#13454=CARTESIAN_POINT('',(7.75072916753382,-0.66758790465159,1.156296169375));
#13455=CARTESIAN_POINT('',(7.69781250086715,0.,1.156296169375));
#13456=CARTESIAN_POINT('',(7.64489583420049,0.667587904651589,1.156296169375));
#13457=CARTESIAN_POINT('',(7.59197916753382,1.00138185697738,0.5781480846875));
#13458=CARTESIAN_POINT('',(7.53906250086715,1.33517580930318,8.17559390581057E-17));
#13459=CARTESIAN_POINT('',(7.48614583420049,1.00138185697738,-0.5781480846875));
#13460=CARTESIAN_POINT('',(7.43322916753382,0.66758790465159,-1.156296169375));
#13461=CARTESIAN_POINT('',(7.38031250086715,1.41605440269144E-16,-1.156296169375));
#13462=CARTESIAN_POINT('',(7.32739583420049,-0.667587904651589,-1.156296169375));
#13463=CARTESIAN_POINT('',(7.27447916753382,-1.00138185697738,-0.578148084687501));
#13464=CARTESIAN_POINT('',(7.22156250086715,-1.33517580930318,-2.45267817174317E-16));
#13465=CARTESIAN_POINT('',(7.16864583420049,-1.00138185697738,0.578148084687499));
#13466=CARTESIAN_POINT('',(7.11572916753382,-0.66758790465159,1.156296169375));
#13467=CARTESIAN_POINT('',(7.06281250086715,0.,1.156296169375));
#13468=CARTESIAN_POINT('',(7.00989583420049,0.667587904651589,1.156296169375));
#13469=CARTESIAN_POINT('',(6.95697916753382,1.00138185697738,0.5781480846875));
#13470=CARTESIAN_POINT('',(6.90406250086715,1.33517580930318,8.17559390581057E-17));
#13471=CARTESIAN_POINT('',(6.85114583420049,1.00138185697738,-0.5781480846875));
#13472=CARTESIAN_POINT('',(6.79822916753382,0.66758790465159,-1.156296169375));
#13473=CARTESIAN_POINT('',(6.74531250086715,1.41605440269144E-16,-1.156296169375));
#13474=CARTESIAN_POINT('',(6.69239583420049,-0.667587904651589,-1.156296169375));
#13475=CARTESIAN_POINT('',(6.63947916753382,-1.00138185697738,-0.578148084687501));
#13476=CARTESIAN_POINT('',(6.58656250086715,-1.33517580930318,-2.45267817174317E-16));
#13477=CARTESIAN_POINT('',(6.53364583420049,-1.00138185697738,0.578148084687499));
#13478=CARTESIAN_POINT('',(6.48072916753382,-0.66758790465159,1.156296169375));
#13479=CARTESIAN_POINT('',(6.42781250086715,0.,1.156296169375));
#13480=CARTESIAN_POINT('',(6.37489583420049,0.667587904651589,1.156296169375));
#13481=CARTESIAN_POINT('',(6.32197916753382,1.00138185697738,0.5781480846875));
#13482=CARTESIAN_POINT('',(6.26906250086715,1.33517580930318,8.17559390581057E-17));
#13483=CARTESIAN_POINT('',(6.21614583420049,1.00138185697738,-0.5781480846875));
#13484=CARTESIAN_POINT('',(6.16322916753382,0.66758790465159,-1.156296169375));
#13485=CARTESIAN_POINT('',(6.11031250086715,1.41605440269144E-16,-1.156296169375));
#13486=CARTESIAN_POINT('',(6.05739583420049,-0.667587904651589,-1.156296169375));
#13487=CARTESIAN_POINT('',(6.00447916753382,-1.00138185697738,-0.578148084687501));
#13488=CARTESIAN_POINT('',(5.95156250086715,-1.33517580930318,-2.45267817174317E-16));
#13489=CARTESIAN_POINT('',(5.89864583420049,-1.00138185697738,0.578148084687499));
#13490=CARTESIAN_POINT('',(5.84572916753382,-0.66758790465159,1.156296169375));
#13491=CARTESIAN_POINT('',(5.79281250086715,0.,1.156296169375));
#13492=CARTESIAN_POINT('',(5.73989583420048,0.667587904651589,1.156296169375));
#13493=CARTESIAN_POINT('',(5.68697916753382,1.00138185697738,0.5781480846875));
#13494=CARTESIAN_POINT('',(5.66662594604379,1.12976829307917,0.355776254356514));
#13495=CARTESIAN_POINT('',(5.64321139459627,1.15196674813169,0.0999672007102176));
#13496=CARTESIAN_POINT('',(11.6628456879644,0.532321895805823,-1.40236707008033));
#13497=CARTESIAN_POINT('',(11.6436852876006,0.275114354741709,-1.5));
#13498=CARTESIAN_POINT('',(11.6268750017343,1.83697019872103E-16,-1.5));
#13499=CARTESIAN_POINT('',(11.5739583350676,-0.866025403784438,-1.5));
#13500=CARTESIAN_POINT('',(11.521041668401,-1.29903810567666,-0.750000000000001));
#13501=CARTESIAN_POINT('',(11.4681250017343,-1.73205080756888,-3.18172571617472E-16));
#13502=CARTESIAN_POINT('',(11.4152083350676,-1.29903810567666,0.749999999999999));
#13503=CARTESIAN_POINT('',(11.362291668401,-0.86602540378444,1.5));
#13504=CARTESIAN_POINT('',(11.3093750017343,0.,1.5));
#13505=CARTESIAN_POINT('',(11.2564583350676,0.866025403784439,1.5));
#13506=CARTESIAN_POINT('',(11.203541668401,1.29903810567666,0.75));
#13507=CARTESIAN_POINT('',(11.1506250017343,1.73205080756888,1.06057523872491E-16));
#13508=CARTESIAN_POINT('',(11.0977083350676,1.29903810567666,-0.75));
#13509=CARTESIAN_POINT('',(11.044791668401,0.866025403784439,-1.5));
#13510=CARTESIAN_POINT('',(10.9918750017343,1.83697019872103E-16,-1.5));
#13511=CARTESIAN_POINT('',(10.9389583350676,-0.866025403784438,-1.5));
#13512=CARTESIAN_POINT('',(10.886041668401,-1.29903810567666,-0.750000000000001));
#13513=CARTESIAN_POINT('',(10.8331250017343,-1.73205080756888,-3.18172571617472E-16));
#13514=CARTESIAN_POINT('',(10.7802083350676,-1.29903810567666,0.749999999999999));
#13515=CARTESIAN_POINT('',(10.727291668401,-0.86602540378444,1.5));
#13516=CARTESIAN_POINT('',(10.6743750017343,0.,1.5));
#13517=CARTESIAN_POINT('',(10.6214583350676,0.866025403784439,1.5));
#13518=CARTESIAN_POINT('',(10.568541668401,1.29903810567666,0.75));
#13519=CARTESIAN_POINT('',(10.5156250017343,1.73205080756888,1.06057523872491E-16));
#13520=CARTESIAN_POINT('',(10.4627083350676,1.29903810567666,-0.75));
#13521=CARTESIAN_POINT('',(10.409791668401,0.866025403784439,-1.5));
#13522=CARTESIAN_POINT('',(10.3568750017343,1.83697019872103E-16,-1.5));
#13523=CARTESIAN_POINT('',(10.3039583350676,-0.866025403784438,-1.5));
#13524=CARTESIAN_POINT('',(10.251041668401,-1.29903810567666,-0.750000000000001));
#13525=CARTESIAN_POINT('',(10.1981250017343,-1.73205080756888,-3.18172571617472E-16));
#13526=CARTESIAN_POINT('',(10.1452083350676,-1.29903810567666,0.749999999999999));
#13527=CARTESIAN_POINT('',(10.092291668401,-0.86602540378444,1.5));
#13528=CARTESIAN_POINT('',(10.0393750017343,0.,1.5));
#13529=CARTESIAN_POINT('',(9.98645833506764,0.866025403784439,1.5));
#13530=CARTESIAN_POINT('',(9.93354166840097,1.29903810567666,0.75));
#13531=CARTESIAN_POINT('',(9.8806250017343,1.73205080756888,1.06057523872491E-16));
#13532=CARTESIAN_POINT('',(9.82770833506764,1.29903810567666,-0.75));
#13533=CARTESIAN_POINT('',(9.77479166840097,0.866025403784439,-1.5));
#13534=CARTESIAN_POINT('',(9.7218750017343,1.83697019872103E-16,-1.5));
#13535=CARTESIAN_POINT('',(9.66895833506764,-0.866025403784438,-1.5));
#13536=CARTESIAN_POINT('',(9.61604166840097,-1.29903810567666,-0.750000000000001));
#13537=CARTESIAN_POINT('',(9.56312500173431,-1.73205080756888,-3.18172571617472E-16));
#13538=CARTESIAN_POINT('',(9.51020833506764,-1.29903810567666,0.749999999999999));
#13539=CARTESIAN_POINT('',(9.45729166840097,-0.86602540378444,1.5));
#13540=CARTESIAN_POINT('',(9.4043750017343,0.,1.5));
#13541=CARTESIAN_POINT('',(9.35145833506764,0.866025403784439,1.5));
#13542=CARTESIAN_POINT('',(9.29854166840097,1.29903810567666,0.75));
#13543=CARTESIAN_POINT('',(9.2456250017343,1.73205080756888,1.06057523872491E-16));
#13544=CARTESIAN_POINT('',(9.19270833506764,1.29903810567666,-0.75));
#13545=CARTESIAN_POINT('',(9.13979166840097,0.866025403784439,-1.5));
#13546=CARTESIAN_POINT('',(9.0868750017343,1.83697019872103E-16,-1.5));
#13547=CARTESIAN_POINT('',(9.03395833506764,-0.866025403784438,-1.5));
#13548=CARTESIAN_POINT('',(8.98104166840097,-1.29903810567666,-0.750000000000001));
#13549=CARTESIAN_POINT('',(8.92812500173431,-1.73205080756888,-3.18172571617472E-16));
#13550=CARTESIAN_POINT('',(8.87520833506764,-1.29903810567666,0.749999999999999));
#13551=CARTESIAN_POINT('',(8.82229166840097,-0.86602540378444,1.5));
#13552=CARTESIAN_POINT('',(8.7693750017343,0.,1.5));
#13553=CARTESIAN_POINT('',(8.71645833506764,0.866025403784439,1.5));
#13554=CARTESIAN_POINT('',(8.66354166840097,1.29903810567666,0.75));
#13555=CARTESIAN_POINT('',(8.6106250017343,1.73205080756888,1.06057523872491E-16));
#13556=CARTESIAN_POINT('',(8.55770833506764,1.29903810567666,-0.75));
#13557=CARTESIAN_POINT('',(8.50479166840097,0.866025403784439,-1.5));
#13558=CARTESIAN_POINT('',(8.4518750017343,1.83697019872103E-16,-1.5));
#13559=CARTESIAN_POINT('',(8.39895833506764,-0.866025403784438,-1.5));
#13560=CARTESIAN_POINT('',(8.34604166840097,-1.29903810567666,-0.750000000000001));
#13561=CARTESIAN_POINT('',(8.2931250017343,-1.73205080756888,-3.18172571617472E-16));
#13562=CARTESIAN_POINT('',(8.24020833506764,-1.29903810567666,0.749999999999999));
#13563=CARTESIAN_POINT('',(8.18729166840097,-0.86602540378444,1.5));
#13564=CARTESIAN_POINT('',(8.1343750017343,0.,1.5));
#13565=CARTESIAN_POINT('',(8.08145833506764,0.866025403784439,1.5));
#13566=CARTESIAN_POINT('',(8.02854166840097,1.29903810567666,0.75));
#13567=CARTESIAN_POINT('',(7.9756250017343,1.73205080756888,1.06057523872491E-16));
#13568=CARTESIAN_POINT('',(7.92270833506764,1.29903810567666,-0.75));
#13569=CARTESIAN_POINT('',(7.86979166840097,0.866025403784439,-1.5));
#13570=CARTESIAN_POINT('',(7.8168750017343,1.83697019872103E-16,-1.5));
#13571=CARTESIAN_POINT('',(7.76395833506764,-0.866025403784438,-1.5));
#13572=CARTESIAN_POINT('',(7.71104166840097,-1.29903810567666,-0.750000000000001));
#13573=CARTESIAN_POINT('',(7.6581250017343,-1.73205080756888,-3.18172571617472E-16));
#13574=CARTESIAN_POINT('',(7.60520833506764,-1.29903810567666,0.749999999999999));
#13575=CARTESIAN_POINT('',(7.55229166840097,-0.86602540378444,1.5));
#13576=CARTESIAN_POINT('',(7.4993750017343,0.,1.5));
#13577=CARTESIAN_POINT('',(7.44645833506764,0.866025403784439,1.5));
#13578=CARTESIAN_POINT('',(7.39354166840097,1.29903810567666,0.75));
#13579=CARTESIAN_POINT('',(7.3406250017343,1.73205080756888,1.06057523872491E-16));
#13580=CARTESIAN_POINT('',(7.28770833506764,1.29903810567666,-0.75));
#13581=CARTESIAN_POINT('',(7.23479166840097,0.866025403784439,-1.5));
#13582=CARTESIAN_POINT('',(7.1818750017343,1.83697019872103E-16,-1.5));
#13583=CARTESIAN_POINT('',(7.12895833506764,-0.866025403784438,-1.5));
#13584=CARTESIAN_POINT('',(7.07604166840097,-1.29903810567666,-0.750000000000001));
#13585=CARTESIAN_POINT('',(7.0231250017343,-1.73205080756888,-3.18172571617472E-16));
#13586=CARTESIAN_POINT('',(6.97020833506764,-1.29903810567666,0.749999999999999));
#13587=CARTESIAN_POINT('',(6.91729166840097,-0.86602540378444,1.5));
#13588=CARTESIAN_POINT('',(6.8643750017343,0.,1.5));
#13589=CARTESIAN_POINT('',(6.81145833506764,0.866025403784439,1.5));
#13590=CARTESIAN_POINT('',(6.75854166840097,1.29903810567666,0.75));
#13591=CARTESIAN_POINT('',(6.7056250017343,1.73205080756888,1.06057523872491E-16));
#13592=CARTESIAN_POINT('',(6.65270833506764,1.29903810567666,-0.75));
#13593=CARTESIAN_POINT('',(6.59979166840097,0.866025403784439,-1.5));
#13594=CARTESIAN_POINT('',(6.5468750017343,1.83697019872103E-16,-1.5));
#13595=CARTESIAN_POINT('',(6.49395833506764,-0.866025403784438,-1.5));
#13596=CARTESIAN_POINT('',(6.44104166840097,-1.29903810567666,-0.750000000000001));
#13597=CARTESIAN_POINT('',(6.3881250017343,-1.73205080756888,-3.18172571617472E-16));
#13598=CARTESIAN_POINT('',(6.33520833506764,-1.29903810567666,0.749999999999999));
#13599=CARTESIAN_POINT('',(6.28229166840097,-0.86602540378444,1.5));
#13600=CARTESIAN_POINT('',(6.2293750017343,0.,1.5));
#13601=CARTESIAN_POINT('',(6.17645833506764,0.866025403784439,1.5));
#13602=CARTESIAN_POINT('',(6.12354166840097,1.29903810567666,0.75));
#13603=CARTESIAN_POINT('',(6.0706250017343,1.73205080756888,1.06057523872491E-16));
#13604=CARTESIAN_POINT('',(6.01770833506764,1.29903810567666,-0.75));
#13605=CARTESIAN_POINT('',(5.96479166840097,0.866025403784439,-1.5));
#13606=CARTESIAN_POINT('',(5.9118750017343,1.83697019872103E-16,-1.5));
#13607=CARTESIAN_POINT('',(5.85895833506764,-0.866025403784438,-1.5));
#13608=CARTESIAN_POINT('',(5.80604166840097,-1.29903810567666,-0.750000000000001));
#13609=CARTESIAN_POINT('',(5.7531250017343,-1.73205080756888,-3.18172571617472E-16));
#13610=CARTESIAN_POINT('',(5.70020833506764,-1.29903810567666,0.749999999999999));
#13611=CARTESIAN_POINT('',(5.64729166840097,-0.86602540378444,1.5));
#13612=CARTESIAN_POINT('',(5.5943750017343,0.,1.5));
#13613=CARTESIAN_POINT('',(5.54145833506764,0.866025403784439,1.5));
#13614=CARTESIAN_POINT('',(5.48854166840097,1.29903810567666,0.75));
#13615=CARTESIAN_POINT('',(5.46818844691094,1.46558683190548,0.461529144235794));
#13616=CARTESIAN_POINT('',(5.4447745628319,1.49438395467129,0.129678818706063));
#13617=CARTESIAN_POINT('',(11.8612831870973,0.410347845996474,-1.08103444746102));
#13618=CARTESIAN_POINT('',(11.8421227867334,0.212075783018609,-1.156296169375));
#13619=CARTESIAN_POINT('',(11.8253125008672,1.41605440269144E-16,-1.156296169375));
#13620=CARTESIAN_POINT('',(11.7723958342005,-0.667587904651589,-1.156296169375));
#13621=CARTESIAN_POINT('',(11.7194791675338,-1.00138185697738,-0.578148084687501));
#13622=CARTESIAN_POINT('',(11.6665625008672,-1.33517580930318,-2.45267817174317E-16));
#13623=CARTESIAN_POINT('',(11.6136458342005,-1.00138185697738,0.578148084687499));
#13624=CARTESIAN_POINT('',(11.5607291675338,-0.66758790465159,1.156296169375));
#13625=CARTESIAN_POINT('',(11.5078125008672,0.,1.156296169375));
#13626=CARTESIAN_POINT('',(11.4548958342005,0.667587904651589,1.156296169375));
#13627=CARTESIAN_POINT('',(11.4019791675338,1.00138185697738,0.5781480846875));
#13628=CARTESIAN_POINT('',(11.3490625008672,1.33517580930318,8.17559390581057E-17));
#13629=CARTESIAN_POINT('',(11.2961458342005,1.00138185697738,-0.5781480846875));
#13630=CARTESIAN_POINT('',(11.2432291675338,0.66758790465159,-1.156296169375));
#13631=CARTESIAN_POINT('',(11.1903125008672,1.41605440269144E-16,-1.156296169375));
#13632=CARTESIAN_POINT('',(11.1373958342005,-0.667587904651589,-1.156296169375));
#13633=CARTESIAN_POINT('',(11.0844791675338,-1.00138185697738,-0.578148084687501));
#13634=CARTESIAN_POINT('',(11.0315625008672,-1.33517580930318,-2.45267817174317E-16));
#13635=CARTESIAN_POINT('',(10.9786458342005,-1.00138185697738,0.578148084687499));
#13636=CARTESIAN_POINT('',(10.9257291675338,-0.66758790465159,1.156296169375));
#13637=CARTESIAN_POINT('',(10.8728125008672,0.,1.156296169375));
#13638=CARTESIAN_POINT('',(10.8198958342005,0.667587904651589,1.156296169375));
#13639=CARTESIAN_POINT('',(10.7669791675338,1.00138185697738,0.5781480846875));
#13640=CARTESIAN_POINT('',(10.7140625008672,1.33517580930318,8.17559390581057E-17));
#13641=CARTESIAN_POINT('',(10.6611458342005,1.00138185697738,-0.5781480846875));
#13642=CARTESIAN_POINT('',(10.6082291675338,0.66758790465159,-1.156296169375));
#13643=CARTESIAN_POINT('',(10.5553125008672,1.41605440269144E-16,-1.156296169375));
#13644=CARTESIAN_POINT('',(10.5023958342005,-0.667587904651589,-1.156296169375));
#13645=CARTESIAN_POINT('',(10.4494791675338,-1.00138185697738,-0.578148084687501));
#13646=CARTESIAN_POINT('',(10.3965625008672,-1.33517580930318,-2.45267817174317E-16));
#13647=CARTESIAN_POINT('',(10.3436458342005,-1.00138185697738,0.578148084687499));
#13648=CARTESIAN_POINT('',(10.2907291675338,-0.66758790465159,1.156296169375));
#13649=CARTESIAN_POINT('',(10.2378125008672,0.,1.156296169375));
#13650=CARTESIAN_POINT('',(10.1848958342005,0.667587904651589,1.156296169375));
#13651=CARTESIAN_POINT('',(10.1319791675338,1.00138185697738,0.5781480846875));
#13652=CARTESIAN_POINT('',(10.0790625008672,1.33517580930318,8.17559390581057E-17));
#13653=CARTESIAN_POINT('',(10.0261458342005,1.00138185697738,-0.5781480846875));
#13654=CARTESIAN_POINT('',(9.97322916753382,0.66758790465159,-1.156296169375));
#13655=CARTESIAN_POINT('',(9.92031250086715,1.41605440269144E-16,-1.156296169375));
#13656=CARTESIAN_POINT('',(9.86739583420049,-0.667587904651589,-1.156296169375));
#13657=CARTESIAN_POINT('',(9.81447916753382,-1.00138185697738,-0.578148084687501));
#13658=CARTESIAN_POINT('',(9.76156250086715,-1.33517580930318,-2.45267817174317E-16));
#13659=CARTESIAN_POINT('',(9.70864583420049,-1.00138185697738,0.578148084687499));
#13660=CARTESIAN_POINT('',(9.65572916753382,-0.66758790465159,1.156296169375));
#13661=CARTESIAN_POINT('',(9.60281250086715,0.,1.156296169375));
#13662=CARTESIAN_POINT('',(9.54989583420049,0.667587904651589,1.156296169375));
#13663=CARTESIAN_POINT('',(9.49697916753382,1.00138185697738,0.5781480846875));
#13664=CARTESIAN_POINT('',(9.44406250086715,1.33517580930318,8.17559390581057E-17));
#13665=CARTESIAN_POINT('',(9.39114583420049,1.00138185697738,-0.5781480846875));
#13666=CARTESIAN_POINT('',(9.33822916753382,0.66758790465159,-1.156296169375));
#13667=CARTESIAN_POINT('',(9.28531250086715,1.41605440269144E-16,-1.156296169375));
#13668=CARTESIAN_POINT('',(9.23239583420049,-0.667587904651589,-1.156296169375));
#13669=CARTESIAN_POINT('',(9.17947916753382,-1.00138185697738,-0.578148084687501));
#13670=CARTESIAN_POINT('',(9.12656250086715,-1.33517580930318,-2.45267817174317E-16));
#13671=CARTESIAN_POINT('',(9.07364583420049,-1.00138185697738,0.578148084687499));
#13672=CARTESIAN_POINT('',(9.02072916753382,-0.66758790465159,1.156296169375));
#13673=CARTESIAN_POINT('',(8.96781250086715,0.,1.156296169375));
#13674=CARTESIAN_POINT('',(8.91489583420049,0.667587904651589,1.156296169375));
#13675=CARTESIAN_POINT('',(8.86197916753382,1.00138185697738,0.5781480846875));
#13676=CARTESIAN_POINT('',(8.80906250086715,1.33517580930318,8.17559390581057E-17));
#13677=CARTESIAN_POINT('',(8.75614583420049,1.00138185697738,-0.5781480846875));
#13678=CARTESIAN_POINT('',(8.70322916753382,0.66758790465159,-1.156296169375));
#13679=CARTESIAN_POINT('',(8.65031250086715,1.41605440269144E-16,-1.156296169375));
#13680=CARTESIAN_POINT('',(8.59739583420049,-0.667587904651589,-1.156296169375));
#13681=CARTESIAN_POINT('',(8.54447916753382,-1.00138185697738,-0.578148084687501));
#13682=CARTESIAN_POINT('',(8.49156250086715,-1.33517580930318,-2.45267817174317E-16));
#13683=CARTESIAN_POINT('',(8.43864583420049,-1.00138185697738,0.578148084687499));
#13684=CARTESIAN_POINT('',(8.38572916753382,-0.66758790465159,1.156296169375));
#13685=CARTESIAN_POINT('',(8.33281250086715,0.,1.156296169375));
#13686=CARTESIAN_POINT('',(8.27989583420049,0.667587904651589,1.156296169375));
#13687=CARTESIAN_POINT('',(8.22697916753382,1.00138185697738,0.5781480846875));
#13688=CARTESIAN_POINT('',(8.17406250086716,1.33517580930318,8.17559390581057E-17));
#13689=CARTESIAN_POINT('',(8.12114583420049,1.00138185697738,-0.5781480846875));
#13690=CARTESIAN_POINT('',(8.06822916753382,0.66758790465159,-1.156296169375));
#13691=CARTESIAN_POINT('',(8.01531250086715,1.41605440269144E-16,-1.156296169375));
#13692=CARTESIAN_POINT('',(7.96239583420049,-0.667587904651589,-1.156296169375));
#13693=CARTESIAN_POINT('',(7.90947916753382,-1.00138185697738,-0.578148084687501));
#13694=CARTESIAN_POINT('',(7.85656250086715,-1.33517580930318,-2.45267817174317E-16));
#13695=CARTESIAN_POINT('',(7.80364583420049,-1.00138185697738,0.578148084687499));
#13696=CARTESIAN_POINT('',(7.75072916753382,-0.66758790465159,1.156296169375));
#13697=CARTESIAN_POINT('',(7.69781250086715,0.,1.156296169375));
#13698=CARTESIAN_POINT('',(7.64489583420049,0.667587904651589,1.156296169375));
#13699=CARTESIAN_POINT('',(7.59197916753382,1.00138185697738,0.5781480846875));
#13700=CARTESIAN_POINT('',(7.53906250086715,1.33517580930318,8.17559390581057E-17));
#13701=CARTESIAN_POINT('',(7.48614583420049,1.00138185697738,-0.5781480846875));
#13702=CARTESIAN_POINT('',(7.43322916753382,0.66758790465159,-1.156296169375));
#13703=CARTESIAN_POINT('',(7.38031250086715,1.41605440269144E-16,-1.156296169375));
#13704=CARTESIAN_POINT('',(7.32739583420049,-0.667587904651589,-1.156296169375));
#13705=CARTESIAN_POINT('',(7.27447916753382,-1.00138185697738,-0.578148084687501));
#13706=CARTESIAN_POINT('',(7.22156250086715,-1.33517580930318,-2.45267817174317E-16));
#13707=CARTESIAN_POINT('',(7.16864583420049,-1.00138185697738,0.578148084687499));
#13708=CARTESIAN_POINT('',(7.11572916753382,-0.66758790465159,1.156296169375));
#13709=CARTESIAN_POINT('',(7.06281250086715,0.,1.156296169375));
#13710=CARTESIAN_POINT('',(7.00989583420049,0.667587904651589,1.156296169375));
#13711=CARTESIAN_POINT('',(6.95697916753382,1.00138185697738,0.5781480846875));
#13712=CARTESIAN_POINT('',(6.90406250086715,1.33517580930318,8.17559390581057E-17));
#13713=CARTESIAN_POINT('',(6.85114583420049,1.00138185697738,-0.5781480846875));
#13714=CARTESIAN_POINT('',(6.79822916753382,0.66758790465159,-1.156296169375));
#13715=CARTESIAN_POINT('',(6.74531250086715,1.41605440269144E-16,-1.156296169375));
#13716=CARTESIAN_POINT('',(6.69239583420049,-0.667587904651589,-1.156296169375));
#13717=CARTESIAN_POINT('',(6.63947916753382,-1.00138185697738,-0.578148084687501));
#13718=CARTESIAN_POINT('',(6.58656250086715,-1.33517580930318,-2.45267817174317E-16));
#13719=CARTESIAN_POINT('',(6.53364583420049,-1.00138185697738,0.578148084687499));
#13720=CARTESIAN_POINT('',(6.48072916753382,-0.66758790465159,1.156296169375));
#13721=CARTESIAN_POINT('',(6.42781250086715,0.,1.156296169375));
#13722=CARTESIAN_POINT('',(6.37489583420049,0.667587904651589,1.156296169375));
#13723=CARTESIAN_POINT('',(6.32197916753382,1.00138185697738,0.5781480846875));
#13724=CARTESIAN_POINT('',(6.26906250086715,1.33517580930318,8.17559390581057E-17));
#13725=CARTESIAN_POINT('',(6.21614583420049,1.00138185697738,-0.5781480846875));
#13726=CARTESIAN_POINT('',(6.16322916753382,0.66758790465159,-1.156296169375));
#13727=CARTESIAN_POINT('',(6.11031250086715,1.41605440269144E-16,-1.156296169375));
#13728=CARTESIAN_POINT('',(6.05739583420049,-0.667587904651589,-1.156296169375));
#13729=CARTESIAN_POINT('',(6.00447916753382,-1.00138185697738,-0.578148084687501));
#13730=CARTESIAN_POINT('',(5.95156250086715,-1.33517580930318,-2.45267817174317E-16));
#13731=CARTESIAN_POINT('',(5.89864583420049,-1.00138185697738,0.578148084687499));
#13732=CARTESIAN_POINT('',(5.84572916753382,-0.66758790465159,1.156296169375));
#13733=CARTESIAN_POINT('',(5.79281250086715,0.,1.156296169375));
#13734=CARTESIAN_POINT('',(5.73989583420049,0.667587904651589,1.156296169375));
#13735=CARTESIAN_POINT('',(5.68697916753382,1.00138185697738,0.5781480846875));
#13736=CARTESIAN_POINT('',(5.66662594604379,1.12976829307917,0.355776254356514));
#13737=CARTESIAN_POINT('',(5.64321206196475,1.15196696157458,0.0999647475459304));
#13738=CARTESIAN_POINT('',(11.8624738490974,0.409615978951478,-1.07910639180209));
#13739=CARTESIAN_POINT('',(11.8433134487335,0.211697539832621,-1.15423388229618));
#13740=CARTESIAN_POINT('',(11.8265031628673,1.41352882942144E-16,-1.15423388229618));
#13741=CARTESIAN_POINT('',(11.7735864962006,-0.666397242651486,-1.15423388229618));
#13742=CARTESIAN_POINT('',(11.7206698295339,-0.999595863977229,-0.577116941148091));
#13743=CARTESIAN_POINT('',(11.6677531628673,-1.33279448530297,-2.4483037505213E-16));
#13744=CARTESIAN_POINT('',(11.6148364962006,-0.99959586397723,0.577116941148089));
#13745=CARTESIAN_POINT('',(11.5619198295339,-0.666397242651487,1.15423388229618));
#13746=CARTESIAN_POINT('',(11.5090031628673,0.,1.15423388229618));
#13747=CARTESIAN_POINT('',(11.4560864962006,0.666397242651486,1.15423388229618));
#13748=CARTESIAN_POINT('',(11.4031698295339,0.99959586397723,0.57711694114809));
#13749=CARTESIAN_POINT('',(11.3502531628673,1.33279448530297,8.16101250173765E-17));
#13750=CARTESIAN_POINT('',(11.2973364962006,0.99959586397723,-0.57711694114809));
#13751=CARTESIAN_POINT('',(11.2444198295339,0.666397242651487,-1.15423388229618));
#13752=CARTESIAN_POINT('',(11.1915031628673,1.41352882942144E-16,-1.15423388229618));
#13753=CARTESIAN_POINT('',(11.1385864962006,-0.666397242651486,-1.15423388229618));
#13754=CARTESIAN_POINT('',(11.0856698295339,-0.999595863977229,-0.577116941148091));
#13755=CARTESIAN_POINT('',(11.0327531628673,-1.33279448530297,-2.4483037505213E-16));
#13756=CARTESIAN_POINT('',(10.9798364962006,-0.99959586397723,0.577116941148089));
#13757=CARTESIAN_POINT('',(10.9269198295339,-0.666397242651487,1.15423388229618));
#13758=CARTESIAN_POINT('',(10.8740031628673,0.,1.15423388229618));
#13759=CARTESIAN_POINT('',(10.8210864962006,0.666397242651486,1.15423388229618));
#13760=CARTESIAN_POINT('',(10.7681698295339,0.99959586397723,0.57711694114809));
#13761=CARTESIAN_POINT('',(10.7152531628673,1.33279448530297,8.16101250173765E-17));
#13762=CARTESIAN_POINT('',(10.6623364962006,0.99959586397723,-0.57711694114809));
#13763=CARTESIAN_POINT('',(10.6094198295339,0.666397242651487,-1.15423388229618));
#13764=CARTESIAN_POINT('',(10.5565031628673,1.41352882942144E-16,-1.15423388229618));
#13765=CARTESIAN_POINT('',(10.5035864962006,-0.666397242651486,-1.15423388229618));
#13766=CARTESIAN_POINT('',(10.4506698295339,-0.999595863977229,-0.577116941148091));
#13767=CARTESIAN_POINT('',(10.3977531628673,-1.33279448530297,-2.4483037505213E-16));
#13768=CARTESIAN_POINT('',(10.3448364962006,-0.99959586397723,0.577116941148089));
#13769=CARTESIAN_POINT('',(10.2919198295339,-0.666397242651487,1.15423388229618));
#13770=CARTESIAN_POINT('',(10.2390031628673,0.,1.15423388229618));
#13771=CARTESIAN_POINT('',(10.1860864962006,0.666397242651486,1.15423388229618));
#13772=CARTESIAN_POINT('',(10.1331698295339,0.99959586397723,0.57711694114809));
#13773=CARTESIAN_POINT('',(10.0802531628673,1.33279448530297,8.16101250173765E-17));
#13774=CARTESIAN_POINT('',(10.0273364962006,0.99959586397723,-0.57711694114809));
#13775=CARTESIAN_POINT('',(9.97441982953392,0.666397242651487,-1.15423388229618));
#13776=CARTESIAN_POINT('',(9.92150316286726,1.41352882942144E-16,-1.15423388229618));
#13777=CARTESIAN_POINT('',(9.86858649620059,-0.666397242651486,-1.15423388229618));
#13778=CARTESIAN_POINT('',(9.81566982953392,-0.999595863977229,-0.577116941148091));
#13779=CARTESIAN_POINT('',(9.76275316286726,-1.33279448530297,-2.4483037505213E-16));
#13780=CARTESIAN_POINT('',(9.70983649620059,-0.99959586397723,0.577116941148089));
#13781=CARTESIAN_POINT('',(9.65691982953392,-0.666397242651487,1.15423388229618));
#13782=CARTESIAN_POINT('',(9.60400316286725,0.,1.15423388229618));
#13783=CARTESIAN_POINT('',(9.55108649620059,0.666397242651486,1.15423388229618));
#13784=CARTESIAN_POINT('',(9.49816982953392,0.99959586397723,0.57711694114809));
#13785=CARTESIAN_POINT('',(9.44525316286726,1.33279448530297,8.16101250173765E-17));
#13786=CARTESIAN_POINT('',(9.39233649620059,0.99959586397723,-0.57711694114809));
#13787=CARTESIAN_POINT('',(9.33941982953392,0.666397242651487,-1.15423388229618));
#13788=CARTESIAN_POINT('',(9.28650316286725,1.41352882942144E-16,-1.15423388229618));
#13789=CARTESIAN_POINT('',(9.23358649620059,-0.666397242651486,-1.15423388229618));
#13790=CARTESIAN_POINT('',(9.18066982953392,-0.999595863977229,-0.577116941148091));
#13791=CARTESIAN_POINT('',(9.12775316286725,-1.33279448530297,-2.4483037505213E-16));
#13792=CARTESIAN_POINT('',(9.07483649620059,-0.99959586397723,0.577116941148089));
#13793=CARTESIAN_POINT('',(9.02191982953392,-0.666397242651487,1.15423388229618));
#13794=CARTESIAN_POINT('',(8.96900316286725,0.,1.15423388229618));
#13795=CARTESIAN_POINT('',(8.91608649620059,0.666397242651486,1.15423388229618));
#13796=CARTESIAN_POINT('',(8.86316982953392,0.99959586397723,0.57711694114809));
#13797=CARTESIAN_POINT('',(8.81025316286726,1.33279448530297,8.16101250173765E-17));
#13798=CARTESIAN_POINT('',(8.75733649620059,0.99959586397723,-0.57711694114809));
#13799=CARTESIAN_POINT('',(8.70441982953392,0.666397242651487,-1.15423388229618));
#13800=CARTESIAN_POINT('',(8.65150316286726,1.41352882942144E-16,-1.15423388229618));
#13801=CARTESIAN_POINT('',(8.59858649620059,-0.666397242651486,-1.15423388229618));
#13802=CARTESIAN_POINT('',(8.54566982953392,-0.999595863977229,-0.577116941148091));
#13803=CARTESIAN_POINT('',(8.49275316286725,-1.33279448530297,-2.4483037505213E-16));
#13804=CARTESIAN_POINT('',(8.43983649620059,-0.99959586397723,0.577116941148089));
#13805=CARTESIAN_POINT('',(8.38691982953392,-0.666397242651487,1.15423388229618));
#13806=CARTESIAN_POINT('',(8.33400316286725,0.,1.15423388229618));
#13807=CARTESIAN_POINT('',(8.28108649620059,0.666397242651486,1.15423388229618));
#13808=CARTESIAN_POINT('',(8.22816982953392,0.99959586397723,0.57711694114809));
#13809=CARTESIAN_POINT('',(8.17525316286726,1.33279448530297,8.16101250173765E-17));
#13810=CARTESIAN_POINT('',(8.12233649620059,0.99959586397723,-0.57711694114809));
#13811=CARTESIAN_POINT('',(8.06941982953392,0.666397242651487,-1.15423388229618));
#13812=CARTESIAN_POINT('',(8.01650316286726,1.41352882942144E-16,-1.15423388229618));
#13813=CARTESIAN_POINT('',(7.96358649620059,-0.666397242651486,-1.15423388229618));
#13814=CARTESIAN_POINT('',(7.91066982953392,-0.999595863977229,-0.577116941148091));
#13815=CARTESIAN_POINT('',(7.85775316286725,-1.33279448530297,-2.4483037505213E-16));
#13816=CARTESIAN_POINT('',(7.80483649620059,-0.99959586397723,0.577116941148089));
#13817=CARTESIAN_POINT('',(7.75191982953392,-0.666397242651487,1.15423388229618));
#13818=CARTESIAN_POINT('',(7.69900316286726,0.,1.15423388229618));
#13819=CARTESIAN_POINT('',(7.64608649620059,0.666397242651486,1.15423388229618));
#13820=CARTESIAN_POINT('',(7.59316982953392,0.99959586397723,0.57711694114809));
#13821=CARTESIAN_POINT('',(7.54025316286726,1.33279448530297,8.16101250173765E-17));
#13822=CARTESIAN_POINT('',(7.48733649620059,0.99959586397723,-0.57711694114809));
#13823=CARTESIAN_POINT('',(7.43441982953392,0.666397242651487,-1.15423388229618));
#13824=CARTESIAN_POINT('',(7.38150316286726,1.41352882942144E-16,-1.15423388229618));
#13825=CARTESIAN_POINT('',(7.32858649620059,-0.666397242651486,-1.15423388229618));
#13826=CARTESIAN_POINT('',(7.27566982953392,-0.999595863977229,-0.577116941148091));
#13827=CARTESIAN_POINT('',(7.22275316286726,-1.33279448530297,-2.4483037505213E-16));
#13828=CARTESIAN_POINT('',(7.16983649620059,-0.99959586397723,0.577116941148089));
#13829=CARTESIAN_POINT('',(7.11691982953392,-0.666397242651487,1.15423388229618));
#13830=CARTESIAN_POINT('',(7.06400316286726,0.,1.15423388229618));
#13831=CARTESIAN_POINT('',(7.01108649620059,0.666397242651486,1.15423388229618));
#13832=CARTESIAN_POINT('',(6.95816982953392,0.99959586397723,0.57711694114809));
#13833=CARTESIAN_POINT('',(6.90525316286725,1.33279448530297,8.16101250173765E-17));
#13834=CARTESIAN_POINT('',(6.85233649620059,0.99959586397723,-0.57711694114809));
#13835=CARTESIAN_POINT('',(6.79941982953392,0.666397242651487,-1.15423388229618));
#13836=CARTESIAN_POINT('',(6.74650316286726,1.41352882942144E-16,-1.15423388229618));
#13837=CARTESIAN_POINT('',(6.69358649620059,-0.666397242651486,-1.15423388229618));
#13838=CARTESIAN_POINT('',(6.64066982953392,-0.999595863977229,-0.577116941148091));
#13839=CARTESIAN_POINT('',(6.58775316286725,-1.33279448530297,-2.4483037505213E-16));
#13840=CARTESIAN_POINT('',(6.53483649620059,-0.99959586397723,0.577116941148089));
#13841=CARTESIAN_POINT('',(6.48191982953392,-0.666397242651487,1.15423388229618));
#13842=CARTESIAN_POINT('',(6.42900316286726,0.,1.15423388229618));
#13843=CARTESIAN_POINT('',(6.37608649620059,0.666397242651486,1.15423388229618));
#13844=CARTESIAN_POINT('',(6.32316982953392,0.99959586397723,0.57711694114809));
#13845=CARTESIAN_POINT('',(6.27025316286725,1.33279448530297,8.16101250173765E-17));
#13846=CARTESIAN_POINT('',(6.21733649620059,0.99959586397723,-0.57711694114809));
#13847=CARTESIAN_POINT('',(6.16441982953392,0.666397242651487,-1.15423388229618));
#13848=CARTESIAN_POINT('',(6.11150316286726,1.41352882942144E-16,-1.15423388229618));
#13849=CARTESIAN_POINT('',(6.05858649620059,-0.666397242651486,-1.15423388229618));
#13850=CARTESIAN_POINT('',(6.00566982953392,-0.999595863977229,-0.577116941148091));
#13851=CARTESIAN_POINT('',(5.95275316286726,-1.33279448530297,-2.4483037505213E-16));
#13852=CARTESIAN_POINT('',(5.89983649620059,-0.99959586397723,0.577116941148089));
#13853=CARTESIAN_POINT('',(5.84691982953392,-0.666397242651487,1.15423388229618));
#13854=CARTESIAN_POINT('',(5.79400316286726,0.,1.15423388229618));
#13855=CARTESIAN_POINT('',(5.74108649620059,0.666397242651486,1.15423388229618));
#13856=CARTESIAN_POINT('',(5.68816982953392,0.99959586397723,0.57711694114809));
#13857=CARTESIAN_POINT('',(5.66781660804389,1.12775331922162,0.355141717296076));
#13858=CARTESIAN_POINT('',(5.64440272396485,1.14991239576091,0.0997864575777877));
#13859=CARTESIAN_POINT('',(5.44477554992281,1.49438274049991,0.129692808970983));
#13860=CARTESIAN_POINT('',(5.51092083375316,1.38024233731533,0.119804301138856));
#13861=CARTESIAN_POINT('',(5.57706611422111,1.26610450722251,0.109886159778948));
#13862=CARTESIAN_POINT('',(5.64321139459627,1.15196674813169,0.0999672007102176));
#13863=CARTESIAN_POINT('',(5.80163558375103,1.4007840412564,-2.76558710357184));
#13864=CARTESIAN_POINT('',(5.80163558375103,1.4007840412564,-2.76558710357184));
#13865=CARTESIAN_POINT('',(5.64288625342639,1.40078248934349,-2.76556922566174));
#13866=CARTESIAN_POINT('',(5.64288625342639,1.40078248934349,-2.76556922566174));
#13867=CARTESIAN_POINT('',(5.44445041202255,1.74319597962195,-2.73581480158202));
#13868=CARTESIAN_POINT('',(0.272847793087678,-9.90531220484235E-17,-4.41593691405751E-17));
#13869=CARTESIAN_POINT('',(7.75469583200138E-18,-1.26724497791369,0.752846238384501));
#13870=CARTESIAN_POINT('',(0.000574946983835232,-1.27193421484994,0.744952977244676));
#13871=CARTESIAN_POINT('',(0.00114583246617832,-1.27652476259682,0.7370019153125));
#13872=CARTESIAN_POINT('',(0.054062499132845,-1.70203301679577,3.12658392909307E-16));
#13873=CARTESIAN_POINT('',(0.106979165799512,-1.27652476259682,-0.737001915312498));
#13874=CARTESIAN_POINT('',(0.159895832466178,-0.851016508397883,-1.474003830625));
#13875=CARTESIAN_POINT('',(0.212812499132845,0.,-1.474003830625));
#13876=CARTESIAN_POINT('',(0.265729165799512,0.851016508397883,-1.474003830625));
#13877=CARTESIAN_POINT('',(0.318645832466178,1.27652476259682,-0.7370019153125));
#13878=CARTESIAN_POINT('',(0.371562499132845,1.70203301679577,-1.04219464303102E-16));
#13879=CARTESIAN_POINT('',(0.424479165799512,1.27652476259682,0.737001915312499));
#13880=CARTESIAN_POINT('',(0.477395832466178,0.851016508397883,1.474003830625));
#13881=CARTESIAN_POINT('',(0.530312499132845,1.80513407310584E-16,1.474003830625));
#13882=CARTESIAN_POINT('',(0.583229165799512,-0.851016508397882,1.474003830625));
#13883=CARTESIAN_POINT('',(0.636145832466178,-1.27652476259682,0.7370019153125));
#13884=CARTESIAN_POINT('',(0.689062499132845,-1.70203301679577,3.12658392909307E-16));
#13885=CARTESIAN_POINT('',(0.741979165799512,-1.27652476259682,-0.737001915312498));
#13886=CARTESIAN_POINT('',(0.794895832466178,-0.851016508397883,-1.474003830625));
#13887=CARTESIAN_POINT('',(0.847812499132845,0.,-1.474003830625));
#13888=CARTESIAN_POINT('',(0.900729165799512,0.851016508397883,-1.474003830625));
#13889=CARTESIAN_POINT('',(0.953645832466178,1.27652476259682,-0.7370019153125));
#13890=CARTESIAN_POINT('',(1.00656249913285,1.70203301679577,-1.04219464303102E-16));
#13891=CARTESIAN_POINT('',(1.05947916579951,1.27652476259682,0.737001915312499));
#13892=CARTESIAN_POINT('',(1.11239583246618,0.851016508397883,1.474003830625));
#13893=CARTESIAN_POINT('',(1.16531249913284,1.80513407310584E-16,1.474003830625));
#13894=CARTESIAN_POINT('',(1.21822916579951,-0.851016508397882,1.474003830625));
#13895=CARTESIAN_POINT('',(1.27114583246618,-1.27652476259682,0.7370019153125));
#13896=CARTESIAN_POINT('',(1.32406249913284,-1.70203301679577,3.12658392909307E-16));
#13897=CARTESIAN_POINT('',(1.37697916579951,-1.27652476259682,-0.737001915312498));
#13898=CARTESIAN_POINT('',(1.42989583246618,-0.851016508397883,-1.474003830625));
#13899=CARTESIAN_POINT('',(1.48281249913284,0.,-1.474003830625));
#13900=CARTESIAN_POINT('',(1.53572916579951,0.851016508397883,-1.474003830625));
#13901=CARTESIAN_POINT('',(1.58864583246618,1.27652476259682,-0.7370019153125));
#13902=CARTESIAN_POINT('',(1.64156249913285,1.70203301679577,-1.04219464303102E-16));
#13903=CARTESIAN_POINT('',(1.69447916579951,1.27652476259682,0.737001915312499));
#13904=CARTESIAN_POINT('',(1.74739583246618,0.851016508397883,1.474003830625));
#13905=CARTESIAN_POINT('',(1.80031249913284,1.80513407310584E-16,1.474003830625));
#13906=CARTESIAN_POINT('',(1.85322916579951,-0.851016508397882,1.474003830625));
#13907=CARTESIAN_POINT('',(1.90614583246618,-1.27652476259682,0.7370019153125));
#13908=CARTESIAN_POINT('',(1.95906249913284,-1.70203301679577,3.12658392909307E-16));
#13909=CARTESIAN_POINT('',(2.01197916579951,-1.27652476259682,-0.737001915312498));
#13910=CARTESIAN_POINT('',(2.06489583246618,-0.851016508397883,-1.474003830625));
#13911=CARTESIAN_POINT('',(2.11781249913285,0.,-1.474003830625));
#13912=CARTESIAN_POINT('',(2.17072916579951,0.851016508397883,-1.474003830625));
#13913=CARTESIAN_POINT('',(2.22364583246618,1.27652476259682,-0.7370019153125));
#13914=CARTESIAN_POINT('',(2.27656249913285,1.70203301679577,-1.04219464303102E-16));
#13915=CARTESIAN_POINT('',(2.32947916579951,1.27652476259682,0.737001915312499));
#13916=CARTESIAN_POINT('',(2.38239583246618,0.851016508397883,1.474003830625));
#13917=CARTESIAN_POINT('',(2.43531249913284,1.80513407310584E-16,1.474003830625));
#13918=CARTESIAN_POINT('',(2.48822916579951,-0.851016508397882,1.474003830625));
#13919=CARTESIAN_POINT('',(2.54114583246618,-1.27652476259682,0.7370019153125));
#13920=CARTESIAN_POINT('',(2.59406249913284,-1.70203301679577,3.12658392909307E-16));
#13921=CARTESIAN_POINT('',(2.64697916579951,-1.27652476259682,-0.737001915312498));
#13922=CARTESIAN_POINT('',(2.69989583246618,-0.851016508397883,-1.474003830625));
#13923=CARTESIAN_POINT('',(2.75281249913284,0.,-1.474003830625));
#13924=CARTESIAN_POINT('',(2.80572916579951,0.851016508397883,-1.474003830625));
#13925=CARTESIAN_POINT('',(2.85864583246618,1.27652476259682,-0.7370019153125));
#13926=CARTESIAN_POINT('',(2.91156249913284,1.70203301679577,-1.04219464303102E-16));
#13927=CARTESIAN_POINT('',(2.96447916579951,1.27652476259682,0.737001915312499));
#13928=CARTESIAN_POINT('',(3.01739583246618,0.851016508397883,1.474003830625));
#13929=CARTESIAN_POINT('',(3.07031249913284,1.80513407310584E-16,1.474003830625));
#13930=CARTESIAN_POINT('',(3.12322916579951,-0.851016508397882,1.474003830625));
#13931=CARTESIAN_POINT('',(3.17614583246618,-1.27652476259682,0.7370019153125));
#13932=CARTESIAN_POINT('',(3.22906249913284,-1.70203301679577,3.12658392909307E-16));
#13933=CARTESIAN_POINT('',(3.28197916579951,-1.27652476259682,-0.737001915312498));
#13934=CARTESIAN_POINT('',(3.32901131028189,-0.898334544834402,-1.39204658740255));
#13935=CARTESIAN_POINT('',(3.37849653233453,-0.145656092765628,-1.46678955386839));
#13936=CARTESIAN_POINT('',(3.37849621412996,-0.145659116435562,-1.46678925359962));
#13937=CARTESIAN_POINT('',(3.29912067362412,-0.145654396189344,-1.46678972217775));
#13938=CARTESIAN_POINT('',(3.32557918712606,-0.145654396194757,-1.46678972223227));
#13939=CARTESIAN_POINT('',(3.35203770062801,-0.145654396200171,-1.46678972228678));
#13940=CARTESIAN_POINT('',(3.37849621412996,-0.145654396205584,-1.4667897223413));
#13941=CARTESIAN_POINT('',(3.29912067362411,-0.145663148151908,-1.46678875262954));
#13942=CARTESIAN_POINT('',(1.77552312810173E-12,-1.43122368718832,-0.352542266867737));
#13943=CARTESIAN_POINT('',(0.0145906226859537,-1.38116797540676,-0.555754554058452));
#13944=CARTESIAN_POINT('',(0.0276041657995107,-1.27652476259682,-0.737001915312498));
#13945=CARTESIAN_POINT('',(0.0805208324661773,-0.851016508397883,-1.474003830625));
#13946=CARTESIAN_POINT('',(0.133437499132844,0.,-1.474003830625));
#13947=CARTESIAN_POINT('',(0.186354165799511,0.851016508397882,-1.474003830625));
#13948=CARTESIAN_POINT('',(0.239270832466177,1.27652476259682,-0.737001915312499));
#13949=CARTESIAN_POINT('',(0.292187499132844,1.70203301679576,-1.04219464303102E-16));
#13950=CARTESIAN_POINT('',(0.345104165799511,1.27652476259682,0.737001915312498));
#13951=CARTESIAN_POINT('',(0.398020832466177,0.851016508397882,1.474003830625));
#13952=CARTESIAN_POINT('',(0.450937499132844,1.80513407310584E-16,1.474003830625));
#13953=CARTESIAN_POINT('',(0.503854165799511,-0.851016508397881,1.474003830625));
#13954=CARTESIAN_POINT('',(0.556770832466177,-1.27652476259682,0.737001915312499));
#13955=CARTESIAN_POINT('',(0.609687499132844,-1.70203301679576,3.12658392909307E-16));
#13956=CARTESIAN_POINT('',(0.662604165799511,-1.27652476259682,-0.737001915312498));
#13957=CARTESIAN_POINT('',(0.715520832466177,-0.851016508397883,-1.474003830625));
#13958=CARTESIAN_POINT('',(0.768437499132844,0.,-1.474003830625));
#13959=CARTESIAN_POINT('',(0.821354165799511,0.851016508397882,-1.474003830625));
#13960=CARTESIAN_POINT('',(0.874270832466177,1.27652476259682,-0.737001915312499));
#13961=CARTESIAN_POINT('',(0.927187499132844,1.70203301679576,-1.04219464303102E-16));
#13962=CARTESIAN_POINT('',(0.980104165799511,1.27652476259682,0.737001915312498));
#13963=CARTESIAN_POINT('',(1.03302083246618,0.851016508397882,1.474003830625));
#13964=CARTESIAN_POINT('',(1.08593749913284,1.80513407310584E-16,1.474003830625));
#13965=CARTESIAN_POINT('',(1.13885416579951,-0.851016508397881,1.474003830625));
#13966=CARTESIAN_POINT('',(1.19177083246618,-1.27652476259682,0.737001915312499));
#13967=CARTESIAN_POINT('',(1.24468749913284,-1.70203301679576,3.12658392909307E-16));
#13968=CARTESIAN_POINT('',(1.29760416579951,-1.27652476259682,-0.737001915312498));
#13969=CARTESIAN_POINT('',(1.35052083246618,-0.851016508397883,-1.474003830625));
#13970=CARTESIAN_POINT('',(1.40343749913284,0.,-1.474003830625));
#13971=CARTESIAN_POINT('',(1.45635416579951,0.851016508397882,-1.474003830625));
#13972=CARTESIAN_POINT('',(1.50927083246618,1.27652476259682,-0.737001915312499));
#13973=CARTESIAN_POINT('',(1.56218749913284,1.70203301679576,-1.04219464303102E-16));
#13974=CARTESIAN_POINT('',(1.61510416579951,1.27652476259682,0.737001915312498));
#13975=CARTESIAN_POINT('',(1.66802083246618,0.851016508397882,1.474003830625));
#13976=CARTESIAN_POINT('',(1.72093749913284,1.80513407310584E-16,1.474003830625));
#13977=CARTESIAN_POINT('',(1.77385416579951,-0.851016508397881,1.474003830625));
#13978=CARTESIAN_POINT('',(1.82677083246618,-1.27652476259682,0.737001915312499));
#13979=CARTESIAN_POINT('',(1.87968749913284,-1.70203301679576,3.12658392909307E-16));
#13980=CARTESIAN_POINT('',(1.93260416579951,-1.27652476259682,-0.737001915312498));
#13981=CARTESIAN_POINT('',(1.98552083246618,-0.851016508397883,-1.474003830625));
#13982=CARTESIAN_POINT('',(2.03843749913284,0.,-1.474003830625));
#13983=CARTESIAN_POINT('',(2.09135416579951,0.851016508397882,-1.474003830625));
#13984=CARTESIAN_POINT('',(2.14427083246618,1.27652476259682,-0.737001915312499));
#13985=CARTESIAN_POINT('',(2.19718749913284,1.70203301679576,-1.04219464303102E-16));
#13986=CARTESIAN_POINT('',(2.25010416579951,1.27652476259682,0.737001915312498));
#13987=CARTESIAN_POINT('',(2.30302083246618,0.851016508397882,1.474003830625));
#13988=CARTESIAN_POINT('',(2.35593749913284,1.80513407310584E-16,1.474003830625));
#13989=CARTESIAN_POINT('',(2.40885416579951,-0.851016508397881,1.474003830625));
#13990=CARTESIAN_POINT('',(2.46177083246618,-1.27652476259682,0.737001915312499));
#13991=CARTESIAN_POINT('',(2.51468749913284,-1.70203301679576,3.12658392909307E-16));
#13992=CARTESIAN_POINT('',(2.56760416579951,-1.27652476259682,-0.737001915312498));
#13993=CARTESIAN_POINT('',(2.62052083246618,-0.851016508397883,-1.474003830625));
#13994=CARTESIAN_POINT('',(2.67343749913284,0.,-1.474003830625));
#13995=CARTESIAN_POINT('',(2.72635416579951,0.851016508397882,-1.474003830625));
#13996=CARTESIAN_POINT('',(2.77927083246618,1.27652476259682,-0.737001915312499));
#13997=CARTESIAN_POINT('',(2.83218749913284,1.70203301679576,-1.04219464303102E-16));
#13998=CARTESIAN_POINT('',(2.88510416579951,1.27652476259682,0.737001915312498));
#13999=CARTESIAN_POINT('',(2.93802083246618,0.851016508397882,1.474003830625));
#14000=CARTESIAN_POINT('',(2.99093749913284,1.80513407310584E-16,1.474003830625));
#14001=CARTESIAN_POINT('',(3.04385416579951,-0.851016508397881,1.474003830625));
#14002=CARTESIAN_POINT('',(3.09677083246618,-1.27652476259682,0.737001915312499));
#14003=CARTESIAN_POINT('',(3.14968749913284,-1.70203301679576,3.12658392909307E-16));
#14004=CARTESIAN_POINT('',(3.20260416579951,-1.27652476259682,-0.737001915312498));
#14005=CARTESIAN_POINT('',(3.24963508767651,-0.898344375927546,-1.39202955944973));
#14006=CARTESIAN_POINT('',(3.29912051407566,-0.145671580562084,-1.46678801572398));
#14007=CARTESIAN_POINT('',(-0.219284734142581,-1.12929351610871,-0.0476890393572644));
#14008=CARTESIAN_POINT('',(-0.193330442204166,-1.11758795658971,-0.324880877259539));
#14009=CARTESIAN_POINT('',(-0.170833333333336,-0.97886851389755,-0.565149999999999));
#14010=CARTESIAN_POINT('',(-0.11791666666667,-0.652579009265034,-1.1303));
#14011=CARTESIAN_POINT('',(-0.0650000000000031,0.,-1.1303));
#14012=CARTESIAN_POINT('',(-0.0120833333333365,0.652579009265033,-1.1303));
#14013=CARTESIAN_POINT('',(0.0408333333333302,0.97886851389755,-0.56515));
#14014=CARTESIAN_POINT('',(0.0937499999999968,1.30515801853007,-7.99178794887174E-17));
#14015=CARTESIAN_POINT('',(0.146666666666664,0.97886851389755,0.565149999999999));
#14016=CARTESIAN_POINT('',(0.19958333333333,0.652579009265034,1.1303));
#14017=CARTESIAN_POINT('',(0.252499999999997,1.38421827707625E-16,1.1303));
#14018=CARTESIAN_POINT('',(0.305416666666663,-0.652579009265033,1.1303));
#14019=CARTESIAN_POINT('',(0.35833333333333,-0.97886851389755,0.56515));
#14020=CARTESIAN_POINT('',(0.411249999999997,-1.30515801853007,2.39753638466152E-16));
#14021=CARTESIAN_POINT('',(0.464166666666664,-0.97886851389755,-0.565149999999999));
#14022=CARTESIAN_POINT('',(0.51708333333333,-0.652579009265034,-1.1303));
#14023=CARTESIAN_POINT('',(0.569999999999997,0.,-1.1303));
#14024=CARTESIAN_POINT('',(0.622916666666664,0.652579009265033,-1.1303));
#14025=CARTESIAN_POINT('',(0.67583333333333,0.97886851389755,-0.56515));
#14026=CARTESIAN_POINT('',(0.728749999999997,1.30515801853007,-7.99178794887174E-17));
#14027=CARTESIAN_POINT('',(0.781666666666664,0.97886851389755,0.565149999999999));
#14028=CARTESIAN_POINT('',(0.83458333333333,0.652579009265034,1.1303));
#14029=CARTESIAN_POINT('',(0.887499999999997,1.38421827707625E-16,1.1303));
#14030=CARTESIAN_POINT('',(0.940416666666664,-0.652579009265033,1.1303));
#14031=CARTESIAN_POINT('',(0.99333333333333,-0.97886851389755,0.56515));
#14032=CARTESIAN_POINT('',(1.04625,-1.30515801853007,2.39753638466152E-16));
#14033=CARTESIAN_POINT('',(1.09916666666666,-0.97886851389755,-0.565149999999999));
#14034=CARTESIAN_POINT('',(1.15208333333333,-0.652579009265034,-1.1303));
#14035=CARTESIAN_POINT('',(1.205,0.,-1.1303));
#14036=CARTESIAN_POINT('',(1.25791666666666,0.652579009265033,-1.1303));
#14037=CARTESIAN_POINT('',(1.31083333333333,0.97886851389755,-0.56515));
#14038=CARTESIAN_POINT('',(1.36375,1.30515801853007,-7.99178794887174E-17));
#14039=CARTESIAN_POINT('',(1.41666666666666,0.97886851389755,0.565149999999999));
#14040=CARTESIAN_POINT('',(1.46958333333333,0.652579009265034,1.1303));
#14041=CARTESIAN_POINT('',(1.5225,1.38421827707625E-16,1.1303));
#14042=CARTESIAN_POINT('',(1.57541666666666,-0.652579009265033,1.1303));
#14043=CARTESIAN_POINT('',(1.62833333333333,-0.97886851389755,0.56515));
#14044=CARTESIAN_POINT('',(1.68125,-1.30515801853007,2.39753638466152E-16));
#14045=CARTESIAN_POINT('',(1.73416666666666,-0.97886851389755,-0.565149999999999));
#14046=CARTESIAN_POINT('',(1.78708333333333,-0.652579009265034,-1.1303));
#14047=CARTESIAN_POINT('',(1.84,0.,-1.1303));
#14048=CARTESIAN_POINT('',(1.89291666666666,0.652579009265033,-1.1303));
#14049=CARTESIAN_POINT('',(1.94583333333333,0.97886851389755,-0.56515));
#14050=CARTESIAN_POINT('',(1.99875,1.30515801853007,-7.99178794887174E-17));
#14051=CARTESIAN_POINT('',(2.05166666666666,0.97886851389755,0.565149999999999));
#14052=CARTESIAN_POINT('',(2.10458333333333,0.652579009265034,1.1303));
#14053=CARTESIAN_POINT('',(2.1575,1.38421827707625E-16,1.1303));
#14054=CARTESIAN_POINT('',(2.21041666666666,-0.652579009265033,1.1303));
#14055=CARTESIAN_POINT('',(2.26333333333333,-0.97886851389755,0.56515));
#14056=CARTESIAN_POINT('',(2.31625,-1.30515801853007,2.39753638466152E-16));
#14057=CARTESIAN_POINT('',(2.36916666666666,-0.97886851389755,-0.565149999999999));
#14058=CARTESIAN_POINT('',(2.42208333333333,-0.652579009265034,-1.1303));
#14059=CARTESIAN_POINT('',(2.475,0.,-1.1303));
#14060=CARTESIAN_POINT('',(2.52791666666666,0.652579009265033,-1.1303));
#14061=CARTESIAN_POINT('',(2.58083333333333,0.97886851389755,-0.56515));
#14062=CARTESIAN_POINT('',(2.63375,1.30515801853007,-7.99178794887174E-17));
#14063=CARTESIAN_POINT('',(2.68666666666666,0.97886851389755,0.565149999999999));
#14064=CARTESIAN_POINT('',(2.73958333333333,0.652579009265034,1.1303));
#14065=CARTESIAN_POINT('',(2.7925,1.38421827707625E-16,1.1303));
#14066=CARTESIAN_POINT('',(2.84541666666666,-0.652579009265033,1.1303));
#14067=CARTESIAN_POINT('',(2.89833333333333,-0.97886851389755,0.56515));
#14068=CARTESIAN_POINT('',(2.95125,-1.30515801853007,2.39753638466152E-16));
#14069=CARTESIAN_POINT('',(3.00416666666666,-0.97886851389755,-0.565149999999999));
#14070=CARTESIAN_POINT('',(3.05119758854366,-0.688871105362299,-1.06744024564636));
#14071=CARTESIAN_POINT('',(3.10068199668395,-0.111716190924575,-1.12476556787861));
#14072=CARTESIAN_POINT('',(3.10992154404552,-0.00395194017725931,-1.13546914198787));
#14073=CARTESIAN_POINT('',(3.11916109140709,0.103812310570057,-1.14617271609713));
#14074=CARTESIAN_POINT('',(-0.0208472350097332,-1.47269129314715,-0.0621904155458146));
#14075=CARTESIAN_POINT('',(0.00510705692868204,-1.45742628423746,-0.4236712886644));
#14076=CARTESIAN_POINT('',(0.0276041657995117,-1.27652476259682,-0.737001915312498));
#14077=CARTESIAN_POINT('',(0.0805208324661783,-0.851016508397884,-1.474003830625));
#14078=CARTESIAN_POINT('',(0.133437499132845,0.,-1.474003830625));
#14079=CARTESIAN_POINT('',(0.186354165799512,0.851016508397883,-1.474003830625));
#14080=CARTESIAN_POINT('',(0.239270832466178,1.27652476259682,-0.7370019153125));
#14081=CARTESIAN_POINT('',(0.292187499132845,1.70203301679577,-1.04219464303102E-16));
#14082=CARTESIAN_POINT('',(0.345104165799512,1.27652476259682,0.737001915312499));
#14083=CARTESIAN_POINT('',(0.398020832466178,0.851016508397883,1.474003830625));
#14084=CARTESIAN_POINT('',(0.450937499132845,1.80513407310584E-16,1.474003830625));
#14085=CARTESIAN_POINT('',(0.503854165799512,-0.851016508397882,1.474003830625));
#14086=CARTESIAN_POINT('',(0.556770832466178,-1.27652476259682,0.7370019153125));
#14087=CARTESIAN_POINT('',(0.609687499132845,-1.70203301679577,3.12658392909307E-16));
#14088=CARTESIAN_POINT('',(0.662604165799512,-1.27652476259682,-0.737001915312498));
#14089=CARTESIAN_POINT('',(0.715520832466178,-0.851016508397884,-1.474003830625));
#14090=CARTESIAN_POINT('',(0.768437499132845,0.,-1.474003830625));
#14091=CARTESIAN_POINT('',(0.821354165799512,0.851016508397883,-1.474003830625));
#14092=CARTESIAN_POINT('',(0.874270832466178,1.27652476259682,-0.7370019153125));
#14093=CARTESIAN_POINT('',(0.927187499132845,1.70203301679577,-1.04219464303102E-16));
#14094=CARTESIAN_POINT('',(0.980104165799512,1.27652476259682,0.737001915312499));
#14095=CARTESIAN_POINT('',(1.03302083246618,0.851016508397883,1.474003830625));
#14096=CARTESIAN_POINT('',(1.08593749913284,1.80513407310584E-16,1.474003830625));
#14097=CARTESIAN_POINT('',(1.13885416579951,-0.851016508397882,1.474003830625));
#14098=CARTESIAN_POINT('',(1.19177083246618,-1.27652476259682,0.7370019153125));
#14099=CARTESIAN_POINT('',(1.24468749913284,-1.70203301679577,3.12658392909307E-16));
#14100=CARTESIAN_POINT('',(1.29760416579951,-1.27652476259682,-0.737001915312498));
#14101=CARTESIAN_POINT('',(1.35052083246618,-0.851016508397884,-1.474003830625));
#14102=CARTESIAN_POINT('',(1.40343749913284,0.,-1.474003830625));
#14103=CARTESIAN_POINT('',(1.45635416579951,0.851016508397883,-1.474003830625));
#14104=CARTESIAN_POINT('',(1.50927083246618,1.27652476259682,-0.7370019153125));
#14105=CARTESIAN_POINT('',(1.56218749913284,1.70203301679577,-1.04219464303102E-16));
#14106=CARTESIAN_POINT('',(1.61510416579951,1.27652476259682,0.737001915312499));
#14107=CARTESIAN_POINT('',(1.66802083246618,0.851016508397883,1.474003830625));
#14108=CARTESIAN_POINT('',(1.72093749913284,1.80513407310584E-16,1.474003830625));
#14109=CARTESIAN_POINT('',(1.77385416579951,-0.851016508397882,1.474003830625));
#14110=CARTESIAN_POINT('',(1.82677083246618,-1.27652476259682,0.7370019153125));
#14111=CARTESIAN_POINT('',(1.87968749913284,-1.70203301679577,3.12658392909307E-16));
#14112=CARTESIAN_POINT('',(1.93260416579951,-1.27652476259682,-0.737001915312498));
#14113=CARTESIAN_POINT('',(1.98552083246618,-0.851016508397884,-1.474003830625));
#14114=CARTESIAN_POINT('',(2.03843749913284,0.,-1.474003830625));
#14115=CARTESIAN_POINT('',(2.09135416579951,0.851016508397883,-1.474003830625));
#14116=CARTESIAN_POINT('',(2.14427083246618,1.27652476259682,-0.7370019153125));
#14117=CARTESIAN_POINT('',(2.19718749913284,1.70203301679577,-1.04219464303102E-16));
#14118=CARTESIAN_POINT('',(2.25010416579951,1.27652476259682,0.737001915312499));
#14119=CARTESIAN_POINT('',(2.30302083246618,0.851016508397883,1.474003830625));
#14120=CARTESIAN_POINT('',(2.35593749913285,1.80513407310584E-16,1.474003830625));
#14121=CARTESIAN_POINT('',(2.40885416579951,-0.851016508397882,1.474003830625));
#14122=CARTESIAN_POINT('',(2.46177083246618,-1.27652476259682,0.7370019153125));
#14123=CARTESIAN_POINT('',(2.51468749913284,-1.70203301679577,3.12658392909307E-16));
#14124=CARTESIAN_POINT('',(2.56760416579951,-1.27652476259682,-0.737001915312498));
#14125=CARTESIAN_POINT('',(2.62052083246618,-0.851016508397884,-1.474003830625));
#14126=CARTESIAN_POINT('',(2.67343749913284,0.,-1.474003830625));
#14127=CARTESIAN_POINT('',(2.72635416579951,0.851016508397883,-1.474003830625));
#14128=CARTESIAN_POINT('',(2.77927083246618,1.27652476259682,-0.7370019153125));
#14129=CARTESIAN_POINT('',(2.83218749913284,1.70203301679577,-1.04219464303102E-16));
#14130=CARTESIAN_POINT('',(2.88510416579951,1.27652476259682,0.737001915312499));
#14131=CARTESIAN_POINT('',(2.93802083246618,0.851016508397883,1.474003830625));
#14132=CARTESIAN_POINT('',(2.99093749913285,1.80513407310584E-16,1.474003830625));
#14133=CARTESIAN_POINT('',(3.04385416579951,-0.851016508397882,1.474003830625));
#14134=CARTESIAN_POINT('',(3.09677083246618,-1.27652476259682,0.7370019153125));
#14135=CARTESIAN_POINT('',(3.14968749913284,-1.70203301679577,3.12658392909307E-16));
#14136=CARTESIAN_POINT('',(3.20260416579951,-1.27652476259682,-0.737001915312498));
#14137=CARTESIAN_POINT('',(3.24963508767651,-0.898344375927547,-1.39202955944973));
#14138=CARTESIAN_POINT('',(3.2991194958168,-0.14568706835854,-1.46678647757956));
#14139=CARTESIAN_POINT('',(3.30835904317837,-0.00515365386152441,-1.48074481539999));
#14140=CARTESIAN_POINT('',(3.31759859053994,0.135379760635491,-1.49470315322041));
#14141=CARTESIAN_POINT('',(3.10068696069346,-0.111690741715122,-1.12476809504671));
#14142=CARTESIAN_POINT('',(3.16683147848753,-0.123011959873196,-1.23877530409039));
#14143=CARTESIAN_POINT('',(3.23297599628159,-0.13433317803127,-1.35278251313407));
#14144=CARTESIAN_POINT('',(3.29912051407566,-0.145654396189344,-1.46678972217775));
#14145=CARTESIAN_POINT('',(-0.046695363074376,-0.797372477311366,1.23971142816524));
#14146=CARTESIAN_POINT('',(-0.0210710427886835,-1.09787662772844,1.04642956158196));
#14147=CARTESIAN_POINT('',(0.00114583246617838,-1.27652476259682,0.7370019153125));
#14148=CARTESIAN_POINT('',(0.054062499132845,-1.70203301679577,3.12658392909307E-16));
#14149=CARTESIAN_POINT('',(0.106979165799512,-1.27652476259682,-0.737001915312498));
#14150=CARTESIAN_POINT('',(0.159895832466178,-0.851016508397884,-1.474003830625));
#14151=CARTESIAN_POINT('',(0.212812499132845,0.,-1.474003830625));
#14152=CARTESIAN_POINT('',(0.265729165799512,0.851016508397883,-1.474003830625));
#14153=CARTESIAN_POINT('',(0.318645832466178,1.27652476259682,-0.7370019153125));
#14154=CARTESIAN_POINT('',(0.371562499132845,1.70203301679577,-1.04219464303102E-16));
#14155=CARTESIAN_POINT('',(0.424479165799512,1.27652476259682,0.737001915312499));
#14156=CARTESIAN_POINT('',(0.477395832466178,0.851016508397883,1.474003830625));
#14157=CARTESIAN_POINT('',(0.530312499132845,1.80513407310584E-16,1.474003830625));
#14158=CARTESIAN_POINT('',(0.583229165799512,-0.851016508397882,1.474003830625));
#14159=CARTESIAN_POINT('',(0.636145832466179,-1.27652476259682,0.7370019153125));
#14160=CARTESIAN_POINT('',(0.689062499132845,-1.70203301679577,3.12658392909307E-16));
#14161=CARTESIAN_POINT('',(0.741979165799512,-1.27652476259682,-0.737001915312498));
#14162=CARTESIAN_POINT('',(0.794895832466178,-0.851016508397884,-1.474003830625));
#14163=CARTESIAN_POINT('',(0.847812499132845,0.,-1.474003830625));
#14164=CARTESIAN_POINT('',(0.900729165799512,0.851016508397883,-1.474003830625));
#14165=CARTESIAN_POINT('',(0.953645832466178,1.27652476259682,-0.7370019153125));
#14166=CARTESIAN_POINT('',(1.00656249913285,1.70203301679577,-1.04219464303102E-16));
#14167=CARTESIAN_POINT('',(1.05947916579951,1.27652476259682,0.737001915312499));
#14168=CARTESIAN_POINT('',(1.11239583246618,0.851016508397883,1.474003830625));
#14169=CARTESIAN_POINT('',(1.16531249913284,1.80513407310584E-16,1.474003830625));
#14170=CARTESIAN_POINT('',(1.21822916579951,-0.851016508397882,1.474003830625));
#14171=CARTESIAN_POINT('',(1.27114583246618,-1.27652476259682,0.7370019153125));
#14172=CARTESIAN_POINT('',(1.32406249913284,-1.70203301679577,3.12658392909307E-16));
#14173=CARTESIAN_POINT('',(1.37697916579951,-1.27652476259682,-0.737001915312498));
#14174=CARTESIAN_POINT('',(1.42989583246618,-0.851016508397884,-1.474003830625));
#14175=CARTESIAN_POINT('',(1.48281249913285,0.,-1.474003830625));
#14176=CARTESIAN_POINT('',(1.53572916579951,0.851016508397883,-1.474003830625));
#14177=CARTESIAN_POINT('',(1.58864583246618,1.27652476259682,-0.7370019153125));
#14178=CARTESIAN_POINT('',(1.64156249913285,1.70203301679577,-1.04219464303102E-16));
#14179=CARTESIAN_POINT('',(1.69447916579951,1.27652476259682,0.737001915312499));
#14180=CARTESIAN_POINT('',(1.74739583246618,0.851016508397883,1.474003830625));
#14181=CARTESIAN_POINT('',(1.80031249913285,1.80513407310584E-16,1.474003830625));
#14182=CARTESIAN_POINT('',(1.85322916579951,-0.851016508397882,1.474003830625));
#14183=CARTESIAN_POINT('',(1.90614583246618,-1.27652476259682,0.7370019153125));
#14184=CARTESIAN_POINT('',(1.95906249913284,-1.70203301679577,3.12658392909307E-16));
#14185=CARTESIAN_POINT('',(2.01197916579951,-1.27652476259682,-0.737001915312498));
#14186=CARTESIAN_POINT('',(2.06489583246618,-0.851016508397884,-1.474003830625));
#14187=CARTESIAN_POINT('',(2.11781249913285,0.,-1.474003830625));
#14188=CARTESIAN_POINT('',(2.17072916579951,0.851016508397883,-1.474003830625));
#14189=CARTESIAN_POINT('',(2.22364583246618,1.27652476259682,-0.7370019153125));
#14190=CARTESIAN_POINT('',(2.27656249913285,1.70203301679577,-1.04219464303102E-16));
#14191=CARTESIAN_POINT('',(2.32947916579951,1.27652476259682,0.737001915312499));
#14192=CARTESIAN_POINT('',(2.38239583246618,0.851016508397883,1.474003830625));
#14193=CARTESIAN_POINT('',(2.43531249913284,1.80513407310584E-16,1.474003830625));
#14194=CARTESIAN_POINT('',(2.48822916579951,-0.851016508397882,1.474003830625));
#14195=CARTESIAN_POINT('',(2.54114583246618,-1.27652476259682,0.7370019153125));
#14196=CARTESIAN_POINT('',(2.59406249913284,-1.70203301679577,3.12658392909307E-16));
#14197=CARTESIAN_POINT('',(2.64697916579951,-1.27652476259682,-0.737001915312498));
#14198=CARTESIAN_POINT('',(2.69989583246618,-0.851016508397884,-1.474003830625));
#14199=CARTESIAN_POINT('',(2.75281249913284,0.,-1.474003830625));
#14200=CARTESIAN_POINT('',(2.80572916579951,0.851016508397883,-1.474003830625));
#14201=CARTESIAN_POINT('',(2.85864583246618,1.27652476259682,-0.7370019153125));
#14202=CARTESIAN_POINT('',(2.91156249913284,1.70203301679577,-1.04219464303102E-16));
#14203=CARTESIAN_POINT('',(2.96447916579951,1.27652476259682,0.737001915312499));
#14204=CARTESIAN_POINT('',(3.01739583246618,0.851016508397883,1.474003830625));
#14205=CARTESIAN_POINT('',(3.07031249913284,1.80513407310584E-16,1.474003830625));
#14206=CARTESIAN_POINT('',(3.12322916579951,-0.851016508397882,1.474003830625));
#14207=CARTESIAN_POINT('',(3.17614583246618,-1.27652476259682,0.7370019153125));
#14208=CARTESIAN_POINT('',(3.22906249913284,-1.70203301679577,3.12658392909307E-16));
#14209=CARTESIAN_POINT('',(3.28197916579951,-1.27652476259682,-0.737001915312498));
#14210=CARTESIAN_POINT('',(3.32901131031106,-0.898334544599836,-1.39204658780883));
#14211=CARTESIAN_POINT('',(3.37849653238312,-0.145656092026567,-1.46678955394178));
#14212=CARTESIAN_POINT('',(0.151742136058472,-0.611443533849491,0.950639203333023));
#14213=CARTESIAN_POINT('',(0.177366456344165,-0.841877019949998,0.802426227721924));
#14214=CARTESIAN_POINT('',(0.199583331599026,-0.97886851389755,0.56515));
#14215=CARTESIAN_POINT('',(0.252499998265693,-1.30515801853007,2.39753638466152E-16));
#14216=CARTESIAN_POINT('',(0.30541666493236,-0.97886851389755,-0.565149999999999));
#14217=CARTESIAN_POINT('',(0.358333331599026,-0.652579009265034,-1.1303));
#14218=CARTESIAN_POINT('',(0.411249998265693,0.,-1.1303));
#14219=CARTESIAN_POINT('',(0.46416666493236,0.652579009265033,-1.1303));
#14220=CARTESIAN_POINT('',(0.517083331599026,0.97886851389755,-0.56515));
#14221=CARTESIAN_POINT('',(0.569999998265693,1.30515801853007,-7.99178794887174E-17));
#14222=CARTESIAN_POINT('',(0.62291666493236,0.97886851389755,0.565149999999999));
#14223=CARTESIAN_POINT('',(0.675833331599026,0.652579009265034,1.1303));
#14224=CARTESIAN_POINT('',(0.728749998265693,1.38421827707625E-16,1.1303));
#14225=CARTESIAN_POINT('',(0.78166666493236,-0.652579009265033,1.1303));
#14226=CARTESIAN_POINT('',(0.834583331599027,-0.97886851389755,0.56515));
#14227=CARTESIAN_POINT('',(0.887499998265693,-1.30515801853007,2.39753638466152E-16));
#14228=CARTESIAN_POINT('',(0.94041666493236,-0.97886851389755,-0.565149999999999));
#14229=CARTESIAN_POINT('',(0.993333331599026,-0.652579009265034,-1.1303));
#14230=CARTESIAN_POINT('',(1.04624999826569,0.,-1.1303));
#14231=CARTESIAN_POINT('',(1.09916666493236,0.652579009265033,-1.1303));
#14232=CARTESIAN_POINT('',(1.15208333159903,0.97886851389755,-0.56515));
#14233=CARTESIAN_POINT('',(1.20499999826569,1.30515801853007,-7.99178794887174E-17));
#14234=CARTESIAN_POINT('',(1.25791666493236,0.97886851389755,0.565149999999999));
#14235=CARTESIAN_POINT('',(1.31083333159903,0.652579009265034,1.1303));
#14236=CARTESIAN_POINT('',(1.36374999826569,1.38421827707625E-16,1.1303));
#14237=CARTESIAN_POINT('',(1.41666666493236,-0.652579009265033,1.1303));
#14238=CARTESIAN_POINT('',(1.46958333159903,-0.97886851389755,0.56515));
#14239=CARTESIAN_POINT('',(1.52249999826569,-1.30515801853007,2.39753638466152E-16));
#14240=CARTESIAN_POINT('',(1.57541666493236,-0.97886851389755,-0.565149999999999));
#14241=CARTESIAN_POINT('',(1.62833333159903,-0.652579009265034,-1.1303));
#14242=CARTESIAN_POINT('',(1.68124999826569,0.,-1.1303));
#14243=CARTESIAN_POINT('',(1.73416666493236,0.652579009265033,-1.1303));
#14244=CARTESIAN_POINT('',(1.78708333159903,0.97886851389755,-0.56515));
#14245=CARTESIAN_POINT('',(1.83999999826569,1.30515801853007,-7.99178794887174E-17));
#14246=CARTESIAN_POINT('',(1.89291666493236,0.97886851389755,0.565149999999999));
#14247=CARTESIAN_POINT('',(1.94583333159903,0.652579009265034,1.1303));
#14248=CARTESIAN_POINT('',(1.99874999826569,1.38421827707625E-16,1.1303));
#14249=CARTESIAN_POINT('',(2.05166666493236,-0.652579009265033,1.1303));
#14250=CARTESIAN_POINT('',(2.10458333159903,-0.97886851389755,0.56515));
#14251=CARTESIAN_POINT('',(2.15749999826569,-1.30515801853007,2.39753638466152E-16));
#14252=CARTESIAN_POINT('',(2.21041666493236,-0.97886851389755,-0.565149999999999));
#14253=CARTESIAN_POINT('',(2.26333333159903,-0.652579009265034,-1.1303));
#14254=CARTESIAN_POINT('',(2.31624999826569,0.,-1.1303));
#14255=CARTESIAN_POINT('',(2.36916666493236,0.652579009265033,-1.1303));
#14256=CARTESIAN_POINT('',(2.42208333159903,0.97886851389755,-0.56515));
#14257=CARTESIAN_POINT('',(2.47499999826569,1.30515801853007,-7.99178794887174E-17));
#14258=CARTESIAN_POINT('',(2.52791666493236,0.97886851389755,0.565149999999999));
#14259=CARTESIAN_POINT('',(2.58083333159903,0.652579009265034,1.1303));
#14260=CARTESIAN_POINT('',(2.63374999826569,1.38421827707625E-16,1.1303));
#14261=CARTESIAN_POINT('',(2.68666666493236,-0.652579009265033,1.1303));
#14262=CARTESIAN_POINT('',(2.73958333159903,-0.97886851389755,0.56515));
#14263=CARTESIAN_POINT('',(2.79249999826569,-1.30515801853007,2.39753638466152E-16));
#14264=CARTESIAN_POINT('',(2.84541666493236,-0.97886851389755,-0.565149999999999));
#14265=CARTESIAN_POINT('',(2.89833333159903,-0.652579009265034,-1.1303));
#14266=CARTESIAN_POINT('',(2.95124999826569,0.,-1.1303));
#14267=CARTESIAN_POINT('',(3.00416666493236,0.652579009265033,-1.1303));
#14268=CARTESIAN_POINT('',(3.05708333159903,0.97886851389755,-0.56515));
#14269=CARTESIAN_POINT('',(3.10999999826569,1.30515801853007,-7.99178794887174E-17));
#14270=CARTESIAN_POINT('',(3.16291666493236,0.97886851389755,0.565149999999999));
#14271=CARTESIAN_POINT('',(3.21583333159903,0.652579009265034,1.1303));
#14272=CARTESIAN_POINT('',(3.26874999826569,1.38421827707625E-16,1.1303));
#14273=CARTESIAN_POINT('',(3.32166666493236,-0.652579009265033,1.1303));
#14274=CARTESIAN_POINT('',(3.37458333159903,-0.97886851389755,0.56515));
#14275=CARTESIAN_POINT('',(3.42749999826569,-1.30515801853007,2.39753638466152E-16));
#14276=CARTESIAN_POINT('',(3.48041666493236,-0.97886851389755,-0.565149999999999));
#14277=CARTESIAN_POINT('',(3.52744880944391,-0.688863566474352,-1.06745330338332));
#14278=CARTESIAN_POINT('',(3.57693403151597,-0.111692437561591,-1.12476792690383));
#14279=CARTESIAN_POINT('',(3.57693695933785,-0.111690741740481,-1.12476809530208));
#14280=CARTESIAN_POINT('',(3.37849653233453,-0.145656092765628,-1.46678955386839));
#14281=CARTESIAN_POINT('',(3.33880925518486,-0.128672568953053,-1.29577890862049));
#14282=CARTESIAN_POINT('',(-12.5,-9.86,6.30999999999984));
#14283=CARTESIAN_POINT('',(12.5000000000001,-9.86,6.30999999999983));
#14284=CARTESIAN_POINT('',(12.5000000000001,-2.16,9.05999999999996));
#14285=MECHANICAL_DESIGN_GEOMETRIC_PRESENTATION_REPRESENTATION('',(#7309,
#7310,#7311,#7312,#7313,#7314,#7315,#7316),#14286);
#14286=(
GEOMETRIC_REPRESENTATION_CONTEXT(3)
GLOBAL_UNCERTAINTY_ASSIGNED_CONTEXT((#14295))
GLOBAL_UNIT_ASSIGNED_CONTEXT((#14306,#14305,#14304))
REPRESENTATION_CONTEXT('CONECTOR VGA-DB15F_slim',
'TOP_LEVEL_ASSEMBLY_PART')
);
#14287=(
GEOMETRIC_REPRESENTATION_CONTEXT(3)
GLOBAL_UNCERTAINTY_ASSIGNED_CONTEXT((#14296))
GLOBAL_UNIT_ASSIGNED_CONTEXT((#14306,#14305,#14304))
REPRESENTATION_CONTEXT('VGA-bodyF_slim_0','COMPONENT_PART')
);
#14288=(
GEOMETRIC_REPRESENTATION_CONTEXT(3)
GLOBAL_UNCERTAINTY_ASSIGNED_CONTEXT((#14297))
GLOBAL_UNIT_ASSIGNED_CONTEXT((#14306,#14305,#14304))
REPRESENTATION_CONTEXT('VGA-front_metal_0','COMPONENT_PART')
);
#14289=(
GEOMETRIC_REPRESENTATION_CONTEXT(3)
GLOBAL_UNCERTAINTY_ASSIGNED_CONTEXT((#14298))
GLOBAL_UNIT_ASSIGNED_CONTEXT((#14306,#14305,#14304))
REPRESENTATION_CONTEXT('VGA-mount_pin_slim_0','COMPONENT_PART')
);
#14290=(
GEOMETRIC_REPRESENTATION_CONTEXT(3)
GLOBAL_UNCERTAINTY_ASSIGNED_CONTEXT((#14299))
GLOBAL_UNIT_ASSIGNED_CONTEXT((#14306,#14305,#14304))
REPRESENTATION_CONTEXT('Low_row_pin_0','COMPONENT_PART')
);
#14291=(
GEOMETRIC_REPRESENTATION_CONTEXT(3)
GLOBAL_UNCERTAINTY_ASSIGNED_CONTEXT((#14300))
GLOBAL_UNIT_ASSIGNED_CONTEXT((#14306,#14305,#14304))
REPRESENTATION_CONTEXT('Midle_row_pin_0','COMPONENT_PART')
);
#14292=(
GEOMETRIC_REPRESENTATION_CONTEXT(3)
GLOBAL_UNCERTAINTY_ASSIGNED_CONTEXT((#14301))
GLOBAL_UNIT_ASSIGNED_CONTEXT((#14306,#14305,#14304))
REPRESENTATION_CONTEXT('High_row_pin_0','COMPONENT_PART')
);
#14293=(
GEOMETRIC_REPRESENTATION_CONTEXT(3)
GLOBAL_UNCERTAINTY_ASSIGNED_CONTEXT((#14302))
GLOBAL_UNIT_ASSIGNED_CONTEXT((#14306,#14305,#14304))
REPRESENTATION_CONTEXT('VGA-bodyF_slim_2_0','COMPONENT_PART')
);
#14294=(
GEOMETRIC_REPRESENTATION_CONTEXT(3)
GLOBAL_UNCERTAINTY_ASSIGNED_CONTEXT((#14303))
GLOBAL_UNIT_ASSIGNED_CONTEXT((#14306,#14305,#14304))
REPRESENTATION_CONTEXT('VGA-6_0','COMPONENT_PART')
);
#14295=UNCERTAINTY_MEASURE_WITH_UNIT(LENGTH_MEASURE(0.005),#14306,
'DISTANCE_ACCURACY_VALUE','Maximum Tolerance applied to model');
#14296=UNCERTAINTY_MEASURE_WITH_UNIT(LENGTH_MEASURE(0.005),#14306,
'DISTANCE_ACCURACY_VALUE','Maximum Tolerance applied to model');
#14297=UNCERTAINTY_MEASURE_WITH_UNIT(LENGTH_MEASURE(0.005),#14306,
'DISTANCE_ACCURACY_VALUE','Maximum Tolerance applied to model');
#14298=UNCERTAINTY_MEASURE_WITH_UNIT(LENGTH_MEASURE(0.005),#14306,
'DISTANCE_ACCURACY_VALUE','Maximum Tolerance applied to model');
#14299=UNCERTAINTY_MEASURE_WITH_UNIT(LENGTH_MEASURE(0.005),#14306,
'DISTANCE_ACCURACY_VALUE','Maximum Tolerance applied to model');
#14300=UNCERTAINTY_MEASURE_WITH_UNIT(LENGTH_MEASURE(0.005),#14306,
'DISTANCE_ACCURACY_VALUE','Maximum Tolerance applied to model');
#14301=UNCERTAINTY_MEASURE_WITH_UNIT(LENGTH_MEASURE(0.005),#14306,
'DISTANCE_ACCURACY_VALUE','Maximum Tolerance applied to model');
#14302=UNCERTAINTY_MEASURE_WITH_UNIT(LENGTH_MEASURE(0.005),#14306,
'DISTANCE_ACCURACY_VALUE','Maximum Tolerance applied to model');
#14303=UNCERTAINTY_MEASURE_WITH_UNIT(LENGTH_MEASURE(0.005),#14306,
'DISTANCE_ACCURACY_VALUE','Maximum Tolerance applied to model');
#14304=(
NAMED_UNIT(*)
SI_UNIT($,.STERADIAN.)
SOLID_ANGLE_UNIT()
);
#14305=(
NAMED_UNIT(*)
PLANE_ANGLE_UNIT()
SI_UNIT($,.RADIAN.)
);
#14306=(
LENGTH_UNIT()
NAMED_UNIT(*)
SI_UNIT(.MILLI.,.METRE.)
);
#14307=PRODUCT_DEFINITION_SHAPE('','',#14338);
#14308=PRODUCT_DEFINITION_SHAPE('','',#14339);
#14309=PRODUCT_DEFINITION_SHAPE(' ','NAUO PRDDFN',#117);
#14310=PRODUCT_DEFINITION_SHAPE('','',#14340);
#14311=PRODUCT_DEFINITION_SHAPE(' ','NAUO PRDDFN',#118);
#14312=PRODUCT_DEFINITION_SHAPE('','',#14341);
#14313=PRODUCT_DEFINITION_SHAPE(' ','NAUO PRDDFN',#119);
#14314=PRODUCT_DEFINITION_SHAPE('','',#14342);
#14315=PRODUCT_DEFINITION_SHAPE(' ','NAUO PRDDFN',#120);
#14316=PRODUCT_DEFINITION_SHAPE('','',#14343);
#14317=PRODUCT_DEFINITION_SHAPE(' ','NAUO PRDDFN',#121);
#14318=PRODUCT_DEFINITION_SHAPE('','',#14344);
#14319=PRODUCT_DEFINITION_SHAPE(' ','NAUO PRDDFN',#122);
#14320=PRODUCT_DEFINITION_SHAPE(' ','NAUO PRDDFN',#123);
#14321=PRODUCT_DEFINITION_SHAPE(' ','NAUO PRDDFN',#124);
#14322=PRODUCT_DEFINITION_SHAPE(' ','NAUO PRDDFN',#125);
#14323=PRODUCT_DEFINITION_SHAPE(' ','NAUO PRDDFN',#126);
#14324=PRODUCT_DEFINITION_SHAPE(' ','NAUO PRDDFN',#127);
#14325=PRODUCT_DEFINITION_SHAPE(' ','NAUO PRDDFN',#128);
#14326=PRODUCT_DEFINITION_SHAPE(' ','NAUO PRDDFN',#129);
#14327=PRODUCT_DEFINITION_SHAPE(' ','NAUO PRDDFN',#130);
#14328=PRODUCT_DEFINITION_SHAPE(' ','NAUO PRDDFN',#131);
#14329=PRODUCT_DEFINITION_SHAPE(' ','NAUO PRDDFN',#132);
#14330=PRODUCT_DEFINITION_SHAPE(' ','NAUO PRDDFN',#133);
#14331=PRODUCT_DEFINITION_SHAPE(' ','NAUO PRDDFN',#134);
#14332=PRODUCT_DEFINITION_SHAPE('','',#14345);
#14333=PRODUCT_DEFINITION_SHAPE(' ','NAUO PRDDFN',#135);
#14334=PRODUCT_DEFINITION_SHAPE('','',#14346);
#14335=PRODUCT_DEFINITION_SHAPE(' ','NAUO PRDDFN',#136);
#14336=PRODUCT_DEFINITION_SHAPE(' ','NAUO PRDDFN',#137);
#14337=PRODUCT_DEFINITION_SHAPE(' ','NAUO PRDDFN',#138);
#14338=PRODUCT_DEFINITION('','',#14356,#14347);
#14339=PRODUCT_DEFINITION('','',#14357,#14348);
#14340=PRODUCT_DEFINITION('','',#14358,#14349);
#14341=PRODUCT_DEFINITION('','',#14359,#14350);
#14342=PRODUCT_DEFINITION('','',#14360,#14351);
#14343=PRODUCT_DEFINITION('','',#14361,#14352);
#14344=PRODUCT_DEFINITION('','',#14362,#14353);
#14345=PRODUCT_DEFINITION('','',#14363,#14354);
#14346=PRODUCT_DEFINITION('','',#14364,#14355);
#14347=PRODUCT_DEFINITION_CONTEXT('',#14402,'design');
#14348=PRODUCT_DEFINITION_CONTEXT('',#14402,'design');
#14349=PRODUCT_DEFINITION_CONTEXT('',#14402,'design');
#14350=PRODUCT_DEFINITION_CONTEXT('',#14402,'design');
#14351=PRODUCT_DEFINITION_CONTEXT('',#14402,'design');
#14352=PRODUCT_DEFINITION_CONTEXT('',#14402,'design');
#14353=PRODUCT_DEFINITION_CONTEXT('',#14402,'design');
#14354=PRODUCT_DEFINITION_CONTEXT('',#14402,'design');
#14355=PRODUCT_DEFINITION_CONTEXT('',#14402,'design');
#14356=PRODUCT_DEFINITION_FORMATION_WITH_SPECIFIED_SOURCE('','',#14374,
 .NOT_KNOWN.);
#14357=PRODUCT_DEFINITION_FORMATION_WITH_SPECIFIED_SOURCE('','',#14375,
 .NOT_KNOWN.);
#14358=PRODUCT_DEFINITION_FORMATION_WITH_SPECIFIED_SOURCE('','',#14376,
 .NOT_KNOWN.);
#14359=PRODUCT_DEFINITION_FORMATION_WITH_SPECIFIED_SOURCE('','',#14377,
 .NOT_KNOWN.);
#14360=PRODUCT_DEFINITION_FORMATION_WITH_SPECIFIED_SOURCE('','',#14378,
 .NOT_KNOWN.);
#14361=PRODUCT_DEFINITION_FORMATION_WITH_SPECIFIED_SOURCE('','',#14379,
 .NOT_KNOWN.);
#14362=PRODUCT_DEFINITION_FORMATION_WITH_SPECIFIED_SOURCE('','',#14380,
 .NOT_KNOWN.);
#14363=PRODUCT_DEFINITION_FORMATION_WITH_SPECIFIED_SOURCE('','',#14381,
 .NOT_KNOWN.);
#14364=PRODUCT_DEFINITION_FORMATION_WITH_SPECIFIED_SOURCE('','',#14382,
 .NOT_KNOWN.);
#14365=PRODUCT_RELATED_PRODUCT_CATEGORY('','',(#14374));
#14366=PRODUCT_RELATED_PRODUCT_CATEGORY('','',(#14375));
#14367=PRODUCT_RELATED_PRODUCT_CATEGORY('','',(#14376));
#14368=PRODUCT_RELATED_PRODUCT_CATEGORY('','',(#14377));
#14369=PRODUCT_RELATED_PRODUCT_CATEGORY('','',(#14378));
#14370=PRODUCT_RELATED_PRODUCT_CATEGORY('','',(#14379));
#14371=PRODUCT_RELATED_PRODUCT_CATEGORY('','',(#14380));
#14372=PRODUCT_RELATED_PRODUCT_CATEGORY('','',(#14381));
#14373=PRODUCT_RELATED_PRODUCT_CATEGORY('','',(#14382));
#14374=PRODUCT('CONECTOR VGA-DB15F_slim','CONECTOR VGA-DB15F_slim',
'CONECTOR VGA-DB15F_slim',(#14392));
#14375=PRODUCT('VGA-bodyF_slim_0','VGA-bodyF_slim_0','VGA-bodyF_slim_0',
(#14393));
#14376=PRODUCT('VGA-front_metal_0','VGA-front_metal_0',
'VGA-front_metal_0',(#14394));
#14377=PRODUCT('VGA-mount_pin_slim_0','VGA-mount_pin_slim_0',
'VGA-mount_pin_slim_0',(#14395));
#14378=PRODUCT('Low_row_pin_0','Low_row_pin_0','Low_row_pin_0',(#14396));
#14379=PRODUCT('Midle_row_pin_0','Midle_row_pin_0','Midle_row_pin_0',(#14397));
#14380=PRODUCT('High_row_pin_0','High_row_pin_0','High_row_pin_0',(#14398));
#14381=PRODUCT('VGA-bodyF_slim_2_0','VGA-bodyF_slim_2_0',
'VGA-bodyF_slim_2_0',(#14399));
#14382=PRODUCT('VGA-6_0','VGA-6_0','VGA-6_0',(#14400));
#14383=PRODUCT_CATEGORY('','');
#14384=PRODUCT_CATEGORY('','');
#14385=PRODUCT_CATEGORY('','');
#14386=PRODUCT_CATEGORY('','');
#14387=PRODUCT_CATEGORY('','');
#14388=PRODUCT_CATEGORY('','');
#14389=PRODUCT_CATEGORY('','');
#14390=PRODUCT_CATEGORY('','');
#14391=PRODUCT_CATEGORY('','');
#14392=PRODUCT_CONTEXT('',#14402,'mechanical');
#14393=PRODUCT_CONTEXT('',#14402,'mechanical');
#14394=PRODUCT_CONTEXT('',#14402,'mechanical');
#14395=PRODUCT_CONTEXT('',#14402,'mechanical');
#14396=PRODUCT_CONTEXT('',#14402,'mechanical');
#14397=PRODUCT_CONTEXT('',#14402,'mechanical');
#14398=PRODUCT_CONTEXT('',#14402,'mechanical');
#14399=PRODUCT_CONTEXT('',#14402,'mechanical');
#14400=PRODUCT_CONTEXT('',#14402,'mechanical');
#14401=APPLICATION_PROTOCOL_DEFINITION('international standard',
'automotive_design',2010,#14402);
#14402=APPLICATION_CONTEXT(
'core data for automotive mechanical design processes');
ENDSEC;
END-ISO-10303-21;
